237.496,1.0484965976883109e-06
237.566,0.0
237.636,0.0
237.705,0.0
237.775,3.520686018395677e-07
237.845,4.897296111820283e-07
237.914,1.5444699319683098e-07
237.984,0.0
238.054,0.0
238.123,0.0
238.193,9.496411869020494e-08
238.263,1.9087127947801547e-07
238.332,2.065831673871232e-07
238.402,1.5630997173781795e-07
238.471,1.1482907412040009e-07
238.541,9.54207606467908e-08
238.611,8.391973944292313e-08
238.68,6.885477890161895e-08
238.75,4.754029913525204e-08
238.819,2.8009270193186927e-08
238.889,9.358495103634977e-09
238.958,0.0
239.028,0.0
239.097,0.0
239.167,0.0
239.237,0.0
239.306,0.0
239.376,0.0
239.445,0.0
239.515,0.0
239.584,0.0
239.654,0.0
239.723,0.0
239.793,0.0
239.862,0.0
239.932,0.0
240.001,0.0
240.07,1.1701075546869811e-08
240.14,4.574042094770292e-08
240.209,7.850036702735541e-08
240.279,1.0851813737699445e-07
240.348,1.3638681683052278e-07
240.418,1.6145322510711624e-07
240.487,1.831472165220106e-07
240.556,2.0009902669958697e-07
240.626,2.1161876362663677e-07
240.695,2.17863283662098e-07
240.765,2.1991235264670682e-07
240.834,2.183028718836127e-07
240.903,2.1383171710462375e-07
240.973,2.0705656951665293e-07
241.042,1.983646157086515e-07
241.112,1.891471099175485e-07
241.181,1.803234990457001e-07
241.25,1.723774888769967e-07
241.32,1.6566854676832696e-07
241.389,1.6034147170426838e-07
241.458,1.560237573591348e-07
241.528,1.5236310812206896e-07
241.597,1.4927377816180882e-07
241.666,1.467415738641617e-07
241.736,1.4475731313269465e-07
241.805,1.4319940103706474e-07
241.874,1.4184069181480453e-07
241.943,1.40364363670612e-07
242.013,1.383872358406387e-07
242.082,1.3557175042907445e-07
242.151,1.3168327120502534e-07
242.221,1.2656153924692356e-07
242.29,1.2011409962978882e-07
242.359,1.1232678494682543e-07
242.428,1.0321230659397436e-07
242.498,9.285352715479244e-08
242.567,8.136098516732936e-08
242.636,6.901134426037451e-08
242.705,5.6016091023129594e-08
242.774,4.254328736408907e-08
242.844,2.872846464283117e-08
242.913,1.4587624217142915e-08
242.982,3.401789920252873e-11
243.051,0.0
243.12,0.0
243.19,0.0
243.259,0.0
243.328,0.0
243.397,0.0
243.466,0.0
243.535,0.0
243.605,0.0
243.674,0.0
243.743,0.0
243.812,0.0
243.881,0.0
243.95,0.0
244.019,0.0
244.088,0.0
244.158,0.0
244.227,0.0
244.296,0.0
244.365,0.0
244.434,0.0
244.503,0.0
244.572,0.0
244.641,0.0
244.71,0.0
244.779,0.0
244.848,0.0
244.917,0.0
244.986,0.0
245.055,0.0
245.124,0.0
245.193,0.0
245.262,0.0
245.331,0.0
245.4,0.0
245.469,0.0
245.538,0.0
245.607,0.0
245.676,0.0
245.745,0.0
245.814,0.0
245.883,0.0
245.952,1.4817509773036882e-08
246.021,3.8136284306115864e-08
246.09,6.144321471597996e-08
246.159,8.460780665372684e-08
246.227,1.0750159876187922e-07
246.296,1.2999621031255986e-07
246.365,1.5196803053280133e-07
246.434,1.732934676827315e-07
246.503,1.9386869307204002e-07
246.572,2.136212718287518e-07
246.641,2.3249213371851517e-07
246.71,2.504271194967591e-07
246.779,2.674020810335104e-07
246.847,2.8340744119007774e-07
246.916,2.984337529202126e-07
246.985,3.1245591179415673e-07
247.054,3.2540927574589993e-07
247.123,3.372202820272797e-07
247.192,3.478366628592429e-07
247.26,3.572435236345219e-07
247.329,3.6542801968580104e-07
247.398,3.723744211164317e-07
247.467,3.78102566033984e-07
247.536,3.826574956318882e-07
247.604,3.861225140504774e-07
247.673,3.885999699092986e-07
247.742,3.901660427342449e-07
247.811,3.908863526966108e-07
247.879,3.908333926634269e-07
247.948,3.900621755051697e-07
248.017,3.886163724863509e-07
248.086,3.8656065571010714e-07
248.154,3.8396466239012916e-07
248.223,3.809223642083651e-07
248.292,3.77555706300543e-07
248.36,3.739537697303561e-07
248.429,3.7018323614394e-07
248.498,3.6630463941290933e-07
248.567,3.6235836690817615e-07
248.635,3.583614798603429e-07
248.704,3.543108943769438e-07
248.773,3.501831721354858e-07
248.841,3.4594951976409937e-07
248.91,3.4159819019999765e-07
248.979,3.371032655709712e-07
249.047,3.324311583581356e-07
249.116,3.275672372094323e-07
249.185,3.225310133290107e-07
249.253,3.1736585485360427e-07
249.322,3.12104374356531e-07
249.39,3.0676211113419126e-07
249.459,3.013242832928998e-07
249.528,2.957907723127065e-07
249.596,2.901890296052672e-07
249.665,2.845094758624821e-07
249.733,2.787167434795485e-07
249.802,2.727698012246276e-07
249.871,2.666275437669418e-07
249.939,2.602712857461324e-07
250.008,2.536907460350421e-07
250.076,2.4685750442634077e-07
250.145,2.397448079015225e-07
250.213,2.32348878464689e-07
250.282,2.2464417623766134e-07
250.35,2.16583401269346e-07
250.419,2.0809582125055915e-07
250.487,1.990783996875959e-07
250.556,1.8946253583094053e-07
250.624,1.7921322820377356e-07
250.693,1.6830351705091617e-07
250.761,1.5672962401361985e-07
250.83,1.4452626381004903e-07
250.898,1.3174397367599354e-07
250.967,1.184469407949502e-07
251.035,1.047200119654944e-07
251.104,9.062717734062972e-08
251.172,7.623450302939712e-08
251.241,6.161351454801005e-08
251.309,4.680395699233683e-08
251.378,3.1809157551225005e-08
251.446,1.663858110358089e-08
251.514,1.3323752273274303e-09
251.583,0.0
251.651,0.0
251.72,0.0
251.788,0.0
251.856,0.0
251.925,0.0
251.993,0.0
252.062,0.0
252.13,0.0
252.198,0.0
252.267,0.0
252.335,0.0
252.403,0.0
252.472,0.0
252.54,0.0
252.608,0.0
252.677,0.0
252.745,0.0
252.813,0.0
252.881,0.0
252.95,0.0
253.018,0.0
253.086,0.0
253.155,0.0
253.223,0.0
253.291,0.0
253.359,0.0
253.427,0.0
253.496,0.0
253.564,0.0
253.632,0.0
253.7,0.0
253.769,0.0
253.837,0.0
253.905,0.0
253.973,0.0
254.041,0.0
254.11,0.0
254.178,0.0
254.246,0.0
254.314,0.0
254.382,0.0
254.45,0.0
254.518,0.0
254.587,0.0
254.655,0.0
254.723,0.0
254.791,0.0
254.859,0.0
254.927,0.0
254.995,0.0
255.063,0.0
255.131,0.0
255.199,0.0
255.267,0.0
255.336,0.0
255.404,0.0
255.472,0.0
255.54,0.0
255.608,0.0
255.676,0.0
255.744,0.0
255.812,0.0
255.88,0.0
255.948,0.0
256.016,0.0
256.084,0.0
256.152,0.0
256.22,0.0
256.288,0.0
256.356,0.0
256.424,0.0
256.491,0.0
256.559,0.0
256.627,0.0
256.695,0.0
256.763,0.0
256.831,0.0
256.899,0.0
256.967,0.0
257.035,0.0
257.103,0.0
257.171,0.0
257.238,0.0
257.306,0.0
257.374,0.0
257.442,0.0
257.51,0.0
257.578,0.0
257.646,0.0
257.713,0.0
257.781,0.0
257.849,0.0
257.917,0.0
257.985,0.0
258.052,0.0
258.12,0.0
258.188,0.0
258.256,0.0
258.324,0.0
258.391,0.0
258.459,0.0
258.527,0.0
258.595,0.0
258.662,0.0
258.73,0.0
258.798,0.0
258.865,0.0
258.933,0.0
259.001,0.0
259.069,0.0
259.136,0.0
259.204,0.0
259.272,0.0
259.339,0.0
259.407,0.0
259.475,0.0
259.542,0.0
259.61,0.0
259.677,0.0
259.745,0.0
259.813,0.0
259.88,0.0
259.948,0.0
260.016,0.0
260.083,0.0
260.151,0.0
260.218,0.0
260.286,0.0
260.353,0.0
260.421,0.0
260.489,0.0
260.556,0.0
260.624,0.0
260.691,0.0
260.759,0.0
260.826,0.0
260.894,0.0
260.961,0.0
261.029,0.0
261.096,0.0
261.164,0.0
261.231,0.0
261.299,0.0
261.366,0.0
261.434,0.0
261.501,0.0
261.568,0.0
261.636,0.0
261.703,0.0
261.771,0.0
261.838,0.0
261.906,0.0
261.973,0.0
262.04,0.0
262.108,0.0
262.175,0.0
262.243,0.0
262.31,0.0
262.377,0.0
262.445,0.0
262.512,0.0
262.579,0.0
262.647,0.0
262.714,0.0
262.781,0.0
262.849,0.0
262.916,0.0
262.983,0.0
263.051,0.0
263.118,0.0
263.185,0.0
263.252,0.0
263.32,0.0
263.387,0.0
263.454,0.0
263.522,0.0
263.589,0.0
263.656,0.0
263.723,0.0
263.79,0.0
263.858,0.0
263.925,0.0
263.992,0.0
264.059,0.0
264.126,6.635889955045116e-09
264.194,1.4610381049679418e-08
264.261,2.3331056846926142e-08
264.328,3.2737626451076085e-08
264.395,4.279534084953189e-08
264.462,5.352235195010193e-08
264.529,6.49584879850061e-08
264.597,7.713111153634748e-08
264.664,9.002944091884257e-08
264.731,1.0357488340380829e-07
264.798,1.176656572092573e-07
264.865,1.3224459264454684e-07
264.932,1.4725087980332773e-07
264.999,1.6259002185440534e-07
265.066,1.7816962354646476e-07
265.133,1.9390312828200435e-07
265.201,2.0973781386389603e-07
265.268,2.2569685628439946e-07
265.335,2.4183221576177874e-07
265.402,2.581368664155628e-07
265.469,2.745610944164825e-07
265.536,2.9102141571717345e-07
265.603,3.074071921456778e-07
265.67,3.2365104687768913e-07
265.737,3.396820105570155e-07
265.804,3.5540291603709105e-07
265.871,3.7072213776763006e-07
265.938,3.855578006659361e-07
266.005,3.9988208766771655e-07
266.072,4.1372853261120723e-07
266.139,4.271400851922009e-07
266.206,4.4012351658918934e-07
266.273,4.526687194750083e-07
266.34,4.6473983242242464e-07
266.407,4.7630280926354966e-07
266.474,4.873733998601812e-07
266.541,4.979502945262377e-07
266.608,5.079963581287394e-07
266.675,5.174576624967209e-07
266.742,5.262716177743458e-07
266.808,5.344099394197835e-07
266.875,5.419034637917654e-07
266.942,5.488102430145945e-07
267.009,5.551462176957869e-07
267.076,5.609059075391589e-07
267.143,5.660915908995475e-07
267.21,5.706971905503202e-07
267.277,5.747239961024813e-07
267.344,5.781571701384781e-07
267.41,5.809332419152167e-07
267.477,5.829498334920663e-07
267.544,5.841284260226899e-07
267.611,5.844376685476863e-07
267.678,5.838861911528471e-07
267.745,5.825232652927734e-07
267.811,5.803762599442204e-07
267.878,5.774606918341692e-07
267.945,5.737836189433065e-07
268.012,5.693377102460825e-07
268.079,5.641261853977157e-07
268.145,5.58114997342148e-07
268.212,5.512401656320878e-07
268.279,5.434379430471608e-07
268.346,5.346652670375939e-07
268.412,5.249040865341111e-07
268.479,5.141710522433397e-07
268.546,5.025075096470164e-07
268.613,4.899220986511109e-07
268.679,4.7642879550055937e-07
268.746,4.620474183335097e-07
268.813,4.467914583280804e-07
268.879,4.306998692286562e-07
268.946,4.1380221963756066e-07
269.013,3.961082339838126e-07
269.079,3.7760980152253846e-07
269.146,3.5831046449602935e-07
269.213,3.382512085642582e-07
269.279,3.174855794063627e-07
269.346,2.960852492092133e-07
269.413,2.7412910168315044e-07
269.479,2.5168726901438584e-07
269.546,2.288353965170943e-07
269.613,2.056797565361955e-07
269.679,1.8233570737494935e-07
269.746,1.588885597472731e-07
269.813,1.3540788183494572e-07
269.879,1.1192888345845139e-07
269.946,8.846454007640709e-08
270.012,6.503979657064945e-08
270.079,4.1702084130913196e-08
270.145,1.8509973799989286e-08
270.212,0.0
270.279,0.0
270.345,0.0
270.412,0.0
270.478,0.0
270.545,0.0
270.611,0.0
270.678,0.0
270.744,0.0
270.811,0.0
270.877,0.0
270.944,0.0
271.01,0.0
271.077,0.0
271.143,0.0
271.21,0.0
271.276,0.0
271.343,0.0
271.409,0.0
271.475,0.0
271.542,0.0
271.608,0.0
271.675,0.0
271.741,0.0
271.807,0.0
271.874,0.0
271.94,0.0
272.007,0.0
272.073,0.0
272.139,0.0
272.206,0.0
272.272,0.0
272.338,0.0
272.405,0.0
272.471,0.0
272.537,0.0
272.604,0.0
272.67,0.0
272.736,0.0
272.803,0.0
272.869,0.0
272.935,0.0
273.001,0.0
273.068,0.0
273.134,0.0
273.2,0.0
273.266,0.0
273.333,0.0
273.399,0.0
273.465,0.0
273.531,0.0
273.597,0.0
273.664,0.0
273.73,0.0
273.796,0.0
273.862,0.0
273.928,0.0
273.994,0.0
274.061,0.0
274.127,0.0
274.193,0.0
274.259,0.0
274.325,0.0
274.391,0.0
274.457,0.0
274.524,0.0
274.59,0.0
274.656,0.0
274.722,0.0
274.788,0.0
274.854,0.0
274.92,0.0
274.986,0.0
275.052,0.0
275.118,0.0
275.184,0.0
275.25,0.0
275.316,0.0
275.382,0.0
275.448,0.0
275.514,0.0
275.58,0.0
275.646,0.0
275.712,0.0
275.778,0.0
275.844,0.0
275.91,0.0
275.976,6.012710613395563e-08
276.042,1.5216686831215537e-07
276.108,2.471947035991398e-07
276.174,3.4391651891847276e-07
276.24,4.4275038006251693e-07
276.306,5.45158682203795e-07
276.372,6.546349612841659e-07
276.437,7.780279486704121e-07
276.503,9.174121767741067e-07
276.569,1.0714345940668723e-06
276.635,1.233613747706086e-06
276.701,1.4042821095951942e-06
276.767,1.5824766152177303e-06
276.833,1.7644218944279649e-06
276.899,1.937245725275796e-06
276.964,2.1105833361745145e-06
277.03,2.34046552659709e-06
277.096,2.6758839723611566e-06
277.162,3.279171628004816e-06
277.228,4.178346859274973e-06
277.293,5.251710813981089e-06
277.359,6.6383734379031065e-06
277.425,7.904697656938865e-06
277.491,9.129488013348921e-06
277.557,1.2657207422958025e-05
277.622,1.8762780214083272e-05
277.688,2.3261498197962288e-05
277.754,2.215418190845192e-05
277.82,2.563954573597423e-05
277.885,2.8919474960117113e-05
277.951,4.336877921891778e-05
278.017,4.327915732266459e-05
278.083,3.2149162391658057e-05
278.148,3.133190458629837e-05
278.214,3.082714381088069e-05
278.28,3.186095636024933e-05
278.345,3.167264522171143e-05
278.411,2.575265763728927e-05
278.477,2.6037463998943937e-05
278.542,2.8527399487596787e-05
278.608,3.1104585297915026e-05
278.674,3.449735430623561e-05
278.739,3.953289213822583e-05
278.805,4.7032225770403206e-05
278.871,5.7684332164863044e-05
278.936,7.133408492061452e-05
279.002,0.00010125387741638837
279.067,0.0001458010213933143
279.133,0.00016146519484759028
279.199,0.00014565994709994122
279.264,0.00014723351277350796
279.33,0.00016770945348718537
279.395,0.00020912767076968852
279.461,0.0002715544055818541
279.527,0.0003102805576077325
279.592,0.0003129118538130247
279.658,0.0002792813448755269
279.723,0.0002483463665079715
279.789,0.0002565725748091479
279.854,0.0002459759125666191
279.92,0.00020372035153581815
279.985,0.000181708697215923
280.051,0.0001786246533891273
280.116,0.00019501415525063516
280.182,0.000248118601350605
280.247,0.00029479864869380996
280.313,0.00028891388623701256
280.378,0.00021706134325847823
280.444,0.00016279460511201316
280.509,0.00012369879031734094
280.574,9.726930006407764e-05
280.64,8.041198555628365e-05
280.705,6.88913777075804e-05
280.771,5.974116288320148e-05
280.836,5.2441388260515326e-05
280.902,4.679678980538698e-05
280.967,4.226032464545606e-05
281.032,3.847011157930096e-05
281.098,3.508502864566341e-05
281.163,3.1885871775752367e-05
281.229,2.884395868692127e-05
281.294,2.598109087082261e-05
281.359,2.33442317907259e-05
281.425,2.0959480834566466e-05
281.49,1.8793123824127185e-05
281.555,1.681520527701698e-05
281.621,1.501363171433995e-05
281.686,1.3373644261425747e-05
281.751,1.1892572511644523e-05
281.817,1.0567740656473358e-05
281.882,9.392714656114612e-06
281.947,8.352537832651235e-06
282.012,7.443369881963234e-06
282.078,6.645836236130776e-06
282.143,5.932813905022414e-06
282.208,5.296440578201969e-06
282.273,4.7262642347693715e-06
282.339,4.213075138348476e-06
282.404,3.7500296295946623e-06
282.469,3.3343076061622545e-06
282.534,2.955609051197109e-06
282.6,2.613210100664887e-06
282.665,2.3086078553934667e-06
282.73,2.0331465294111745e-06
282.795,1.7813126932113563e-06
282.86,1.5490916906575195e-06
282.926,1.3334317433821254e-06
282.991,1.1333113700607458e-06
283.056,9.501805108776163e-07
283.121,7.778820361509632e-07
283.186,6.197404998742211e-07
283.251,4.7400458194766674e-07
283.316,3.3569701648676405e-07
283.382,1.985384771277428e-07
283.447,5.5092965487853114e-08
283.512,0.0
283.577,0.0
283.642,0.0
283.707,0.0
283.772,0.0
283.837,0.0
283.902,0.0
283.967,0.0
284.032,0.0
284.097,0.0
284.163,0.0
284.228,0.0
284.293,1.186857133145594e-07
284.358,5.390898989466216e-07
284.423,8.932719644212815e-07
284.488,1.1891696162838135e-06
284.553,1.4771171667429053e-06
284.618,1.9156938960993896e-06
284.683,2.6835285218800743e-06
284.748,3.876583382657772e-06
284.812,5.699925546310081e-06
284.877,8.218789403516184e-06
284.942,1.2040275142540565e-05
285.007,1.9267727672185254e-05
285.072,3.3202196767508244e-05
285.137,5.7253871857025556e-05
285.202,9.242968691031143e-05
285.267,9.82092222174391e-05
285.332,7.042981953336947e-05
285.397,4.199491313845686e-05
285.462,2.711324687033324e-05
285.527,1.9616274597001214e-05
285.591,1.4307265972904615e-05
285.656,1.0585097774750432e-05
285.721,8.481460260978458e-06
285.786,7.068098016959685e-06
285.851,6.1516929306350954e-06
285.916,5.573287157310476e-06
285.981,5.036411196681518e-06
286.045,4.507603127909389e-06
286.11,3.928867993309182e-06
286.175,3.2895674713448454e-06
286.24,2.658716271202426e-06
286.305,2.0828834772263417e-06
286.369,1.5866615106505267e-06
286.434,1.172143038337279e-06
286.499,8.330018389295748e-07
286.564,5.615139135663567e-07
286.628,3.5087174908561233e-07
286.693,1.9972337429090958e-07
286.758,8.834880296780655e-08
286.823,0.0
286.887,0.0
286.952,0.0
287.017,0.0
287.082,0.0
287.146,0.0
287.211,0.0
287.276,0.0
287.34,0.0
287.405,0.0
287.47,0.0
287.534,0.0
287.599,0.0
287.663,0.0
287.728,0.0
287.793,0.0
287.857,0.0
287.922,0.0
287.987,0.0
288.051,0.0
288.116,0.0
288.18,0.0
288.245,0.0
288.309,0.0
288.374,0.0
288.439,0.0
288.503,0.0
288.568,0.0
288.632,0.0
288.697,0.0
288.761,0.0
288.826,0.0
288.89,0.0
288.955,0.0
289.019,0.0
289.084,0.0
289.148,0.0
289.212,0.0
289.277,0.0
289.341,0.0
289.406,0.0
289.47,0.0
289.535,0.0
289.599,0.0
289.663,0.0
289.728,0.0
289.792,0.0
289.857,0.0
289.921,0.0
289.985,0.0
290.05,0.0
290.114,0.0
290.178,0.0
290.243,0.0
290.307,0.0
290.371,0.0
290.436,0.0
290.5,0.0
290.564,0.0
290.629,0.0
290.693,0.0
290.757,0.0
290.821,0.0
290.886,0.0
290.95,9.196817833426706e-08
291.014,2.6222596115004643e-07
291.078,4.529060433083535e-07
291.143,5.502450063308257e-07
291.207,5.490951489242396e-07
291.271,4.421285447071242e-07
291.335,2.201369847748001e-07
291.399,5.312170078731526e-07
291.464,1.377937216121828e-06
291.528,1.6419230251279036e-06
291.592,1.3268892582425436e-06
291.656,1.0912920762762408e-06
291.72,9.350599117928165e-07
291.784,8.800633117346367e-07
291.849,9.520942698627992e-07
291.913,1.0605199735169935e-06
291.977,1.2060607542107421e-06
292.041,1.3862693452592247e-06
292.105,1.5927789601957486e-06
292.169,1.8314866073135915e-06
292.233,2.168741723940017e-06
292.297,2.577238964246621e-06
292.361,3.0037622421242296e-06
292.425,3.4967098789895005e-06
292.49,3.984565001231808e-06
292.554,4.6389095303324e-06
292.618,5.991728905576293e-06
292.682,8.14734592171477e-06
292.746,1.1949714738140995e-05
292.81,1.9409183555103012e-05
292.874,2.865740125160398e-05
292.938,3.351840366174963e-05
293.002,3.164090414524317e-05
293.066,2.6915187068857962e-05
293.13,2.3080169945696966e-05
293.194,2.0464633160420126e-05
293.258,1.8694119338383472e-05
293.322,1.785309880148097e-05
293.386,1.8476132380836267e-05
293.45,2.1240272422042705e-05
293.514,2.578912896883245e-05
293.577,3.190952855328373e-05
293.641,5.346229299453235e-05
293.705,6.991044419015086e-05
293.769,6.326620985529342e-05
293.833,5.396214855429136e-05
293.897,4.456085232517581e-05
293.961,3.6836453603968275e-05
294.025,3.1183114598500255e-05
294.089,2.7199024948384018e-05
294.153,2.4231698649044585e-05
294.216,2.1823787418062344e-05
294.28,1.9769785687307647e-05
294.344,1.7921934979451165e-05
294.408,1.625324923037822e-05
294.472,1.4745153688944296e-05
294.536,1.3359174550015065e-05
294.599,1.209208864146479e-05
294.663,1.0915837251255615e-05
294.727,9.84102804059038e-06
294.791,8.88193217375103e-06
294.855,8.036202444821019e-06
294.918,7.305553499801406e-06
294.982,6.674325679056832e-06
295.046,6.124028793528439e-06
295.11,5.637118182868441e-06
295.173,5.20445281580551e-06
295.237,4.810348379923786e-06
295.301,4.440317546126041e-06
295.364,4.086627015318197e-06
295.428,3.7396467555796785e-06
295.492,3.4013802812834398e-06
295.556,3.076255285346543e-06
295.619,2.766632878935873e-06
295.683,2.4732245408606396e-06
295.747,2.197721217893618e-06
295.81,1.9414759897782416e-06
295.874,1.7051483933367895e-06
295.938,1.4908613869666792e-06
296.001,1.2978868854552275e-06
296.065,1.1251613528489352e-06
296.128,9.718707368233307e-07
296.192,8.369816404949152e-07
296.256,7.195021846811261e-07
296.319,6.184351067105611e-07
296.383,5.325526907679728e-07
296.446,4.616283985608079e-07
296.51,4.0405443694698026e-07
296.574,3.575471875001215e-07
296.637,3.1995618464377277e-07
296.701,2.891604310483144e-07
296.764,2.629314604480598e-07
296.828,2.3940942667713416e-07
296.891,2.1717518178600592e-07
296.955,1.9411383426293662e-07
297.018,1.69368979074751e-07
297.082,1.428142503851569e-07
297.145,1.1464369118159477e-07
297.209,8.537909387796469e-08
297.272,5.5783398179696364e-08
297.336,2.6530741470637603e-08
297.399,0.0
297.463,0.0
297.526,0.0
297.59,0.0
297.653,0.0
297.717,0.0
297.78,0.0
297.843,0.0
297.907,0.0
297.97,0.0
298.034,0.0
298.097,0.0
298.16,0.0
298.224,0.0
298.287,0.0
298.35,0.0
298.414,0.0
298.477,0.0
298.54,0.0
298.604,0.0
298.667,0.0
298.73,0.0
298.794,0.0
298.857,0.0
298.92,0.0
298.984,0.0
299.047,0.0
299.11,0.0
299.173,0.0
299.237,0.0
299.3,0.0
299.363,0.0
299.426,0.0
299.489,0.0
299.553,0.0
299.616,0.0
299.679,0.0
299.742,0.0
299.805,0.0
299.868,0.0
299.932,0.0
299.995,0.0
300.058,0.0
300.121,0.0
300.184,0.0
300.247,0.0
300.31,0.0
300.374,0.0
300.437,0.0
300.5,0.0
300.563,0.0
300.626,0.0
300.689,0.0
300.752,0.0
300.815,0.0
300.878,0.0
300.941,0.0
301.004,0.0
301.067,0.0
301.13,0.0
301.193,0.0
301.256,0.0
301.319,0.0
301.382,0.0
301.445,0.0
301.508,0.0
301.571,0.0
301.634,0.0
301.697,0.0
301.76,0.0
301.823,0.0
301.885,0.0
301.948,0.0
302.011,0.0
302.074,3.151546877638398e-07
302.137,0.0
302.2,0.0
302.263,0.0
302.326,0.0
302.388,0.0
302.451,0.0
302.514,0.0
302.577,0.0
302.64,0.0
302.703,0.0
302.765,0.0
302.828,0.0
302.891,0.0
302.954,0.0
303.016,0.0
303.079,0.0
303.142,0.0
303.205,0.0
303.267,0.0
303.33,0.0
303.393,0.0
303.456,0.0
303.518,0.0
303.581,0.0
303.644,0.0
303.706,0.0
303.769,0.0
303.832,0.0
303.894,0.0
303.957,0.0
304.02,0.0
304.082,0.0
304.145,0.0
304.207,0.0
304.27,0.0
304.333,0.0
304.395,0.0
304.458,0.0
304.52,0.0
304.583,0.0
304.646,0.0
304.708,0.0
304.771,0.0
304.833,0.0
304.896,0.0
304.958,0.0
305.021,0.0
305.083,0.0
305.146,0.0
305.208,0.0
305.271,0.0
305.333,0.0
305.396,0.0
305.458,0.0
305.52,0.0
305.583,0.0
305.645,0.0
305.708,0.0
305.77,0.0
305.833,0.0
305.895,0.0
305.957,0.0
306.02,0.0
306.082,0.0
306.144,0.0
306.207,0.0
306.269,0.0
306.331,0.0
306.394,0.0
306.456,0.0
306.518,0.0
306.581,0.0
306.643,0.0
306.705,0.0
306.768,0.0
306.83,0.0
306.892,0.0
306.954,0.0
307.017,1.1563336380976975e-08
307.079,2.8377648194094733e-08
307.141,3.6168405990209775e-08
307.203,3.5094664143233e-08
307.266,3.9448017737455814e-08
307.328,4.967359465351219e-08
307.39,6.614244645529522e-08
307.452,8.883249735761018e-08
307.514,2.0120503338544514e-07
307.577,4.0306107790903253e-07
307.639,6.941388873719458e-07
307.701,1.0739700693516347e-06
307.763,1.3158272448745955e-06
307.825,1.4190688593745106e-06
307.887,1.3831437331866484e-06
307.949,1.2089569969800678e-06
308.011,1.1236314235932046e-06
308.074,1.1265649040449915e-06
308.136,1.2171559174945563e-06
308.198,1.3947385482025667e-06
308.26,1.5734088923763902e-06
308.322,1.7540200387969018e-06
308.384,1.935955302224526e-06
308.446,2.120253732586016e-06
308.508,2.2946801171597106e-06
308.57,2.458654557750987e-06
308.632,2.6115719369623852e-06
308.694,2.7544835976021165e-06
308.756,2.9147621814518374e-06
308.818,3.0934036137519876e-06
308.88,3.289909911087109e-06
308.942,3.4878173460942687e-06
309.004,3.6653004382055397e-06
309.066,3.821815581163039e-06
309.128,3.956889272470138e-06
309.19,4.0700785561382e-06
309.252,4.089277107067076e-06
309.314,4.009750691336312e-06
309.376,3.829545729418571e-06
309.438,3.6285933515850927e-06
309.5,3.6619917836562225e-06
309.562,3.929638428174624e-06
309.624,4.431485233244614e-06
309.686,5.0209117030689776e-06
309.747,5.321565281564441e-06
309.809,5.324768920599484e-06
309.871,5.030790780379699e-06
309.933,4.52169058624803e-06
309.995,4.067665991726894e-06
310.057,3.669151252173047e-06
310.119,3.326582669928174e-06
310.18,3.0569986135533104e-06
310.242,2.8060197384498e-06
310.304,2.5937124162461435e-06
310.366,2.423277442926865e-06
310.428,2.281846953003964e-06
310.489,2.1511559137828083e-06
310.551,2.0317313800834745e-06
310.613,1.9241656972847103e-06
310.675,1.8193706877876496e-06
310.737,1.720365647128404e-06
310.798,1.6188896645934712e-06
310.86,1.5155171840098036e-06
310.922,1.412460932435261e-06
310.983,1.3112227421423066e-06
311.045,1.2124542386523126e-06
311.107,1.116770115067228e-06
311.169,1.0248082074806382e-06
311.23,9.340001977569242e-07
311.292,8.43273784343974e-07
311.354,7.517549091013886e-07
311.415,6.600931312902981e-07
311.477,5.68857281359626e-07
311.539,4.785892125018989e-07
311.6,3.89767493952941e-07
311.662,3.044186712608787e-07
311.724,2.247586140524021e-07
311.785,1.525805381739222e-07
311.847,8.804256593290266e-08
311.908,3.0929113128071876e-08
311.97,0.0
312.032,0.0
312.093,0.0
312.155,0.0
312.216,0.0
312.278,0.0
312.339,0.0
312.401,0.0
312.462,0.0
312.524,0.0
312.585,0.0
312.647,0.0
312.708,0.0
312.77,0.0
312.831,0.0
312.893,0.0
312.954,0.0
313.016,0.0
313.077,0.0
313.139,0.0
313.2,0.0
313.261,0.0
313.323,0.0
313.384,0.0
313.446,0.0
313.507,7.762958041652716e-09
313.568,2.0469275736773452e-08
313.63,3.2351092160756404e-08
313.691,4.331825186815648e-08
313.752,5.3259097543531455e-08
313.814,6.211212522310473e-08
313.875,6.985496158820839e-08
313.936,7.650841361214788e-08
313.998,8.207573845089753e-08
314.059,8.648519861629565e-08
314.12,8.964856301856184e-08
314.182,9.152201127794679e-08
314.243,9.213353429163666e-08
314.304,9.151972920490854e-08
314.365,8.974409781803233e-08
314.427,8.689250895329194e-08
314.488,8.30740913879889e-08
314.549,7.843067068373449e-08
314.61,7.312526035666268e-08
314.672,6.732669622359257e-08
314.733,6.120433195779632e-08
314.794,5.490948704118048e-08
314.855,4.854660171871827e-08
314.916,4.215999699936172e-08
314.978,3.5820532886468733e-08
315.039,2.961353469554793e-08
315.1,2.3664711230441283e-08
315.161,1.8058651980159767e-08
315.222,1.2833422714176164e-08
315.283,8.06459845318059e-09
315.345,3.884195249373896e-09
315.406,4.0072006421125384e-10
315.467,0.0
315.528,0.0
315.589,0.0
315.65,0.0
315.711,0.0
315.772,0.0
315.833,0.0
315.894,4.989437524398413e-10
315.955,4.2406602458214986e-09
316.016,9.029080194928925e-09
316.078,1.4986859935167267e-08
316.139,2.2183034687780538e-08
316.2,3.0664555737300845e-08
316.261,4.0400787686786146e-08
316.322,5.1287572884004e-08
316.383,6.318980330993027e-08
316.444,7.594405380954372e-08
316.504,8.940033751667425e-08
316.565,1.0342590026651039e-07
316.626,1.1787128671871131e-07
316.687,1.3256200759988665e-07
316.748,1.4732118816999887e-07
316.809,1.6199166529403167e-07
316.87,1.7644010391783165e-07
316.931,1.9054648412975044e-07
316.992,2.0414703996424713e-07
317.053,2.170370649327406e-07
317.114,2.290346527435362e-07
317.175,2.3998385007780453e-07
317.235,2.4973368560355267e-07
317.296,2.581465084614978e-07
317.357,2.6511611721369575e-07
317.418,2.7053519223206925e-07
317.479,2.743619448146791e-07
317.54,2.766165939634552e-07
317.601,2.772720963121392e-07
317.661,2.7630064557952577e-07
317.722,2.736699772472053e-07
317.783,2.692900956209673e-07
317.844,2.630436528072128e-07
317.904,2.548198856302154e-07
317.965,2.444774242127829e-07
318.026,2.3189498980479789e-07
318.087,2.170197171260006e-07
318.148,1.998110214377593e-07
318.208,1.8030031379676084e-07
318.269,1.5859597774914944e-07
318.33,1.3484554806852784e-07
318.39,1.0923905114019722e-07
318.451,8.193273057027644e-08
318.512,5.305290747245282e-08
318.572,2.275043969193871e-08
318.633,0.0
318.694,0.0
318.754,0.0
318.815,0.0
318.876,0.0
318.936,0.0
318.997,0.0
319.058,0.0
319.118,0.0
319.179,0.0
319.239,0.0
319.3,0.0
319.361,0.0
319.421,0.0
319.482,0.0
319.542,0.0
319.603,0.0
319.663,0.0
319.724,0.0
319.784,0.0
319.845,0.0
319.905,0.0
319.966,0.0
320.026,0.0
320.087,0.0
320.147,0.0
320.208,0.0
320.268,0.0
320.329,0.0
320.389,0.0
320.449,0.0
320.51,0.0
320.57,0.0
320.631,0.0
320.691,0.0
320.751,0.0
320.812,0.0
320.872,0.0
320.932,0.0
320.993,0.0
321.053,0.0
321.113,0.0
321.174,0.0
321.234,0.0
321.294,0.0
321.355,0.0
321.415,7.484094574134004e-09
321.475,4.8023802260239336e-08
321.535,8.928794513122855e-08
321.596,1.3125929908812883e-07
321.656,1.7389952076696763e-07
321.716,2.1710915126173957e-07
321.776,2.6079035305661786e-07
321.837,3.048523815141578e-07
321.897,3.4921081690318455e-07
321.957,3.938184327934137e-07
322.017,4.38575961893653e-07
322.077,4.833121528830321e-07
322.138,5.278482982267984e-07
322.198,5.720136285462077e-07
322.258,6.156626945372084e-07
322.318,6.586407520379485e-07
322.378,7.007739384626174e-07
322.438,7.41906086253908e-07
322.499,7.819253628827127e-07
322.559,8.207876693167252e-07
322.619,8.584968675003264e-07
322.679,8.950746599206343e-07
322.739,9.305400889979559e-07
322.799,9.649460539492933e-07
322.859,9.98352098952297e-07
322.919,1.030767702383582e-06
322.979,1.06215761557669e-06
323.039,1.0924235795339655e-06
323.099,1.1214180127761908e-06
323.159,1.1489462376769219e-06
323.219,1.1747873156619658e-06
323.279,1.1987211416831005e-06
323.339,1.2205307809196292e-06
323.399,1.2400465598953767e-06
323.459,1.2571236377945627e-06
323.519,1.271570590943881e-06
323.579,1.2831977700631006e-06
323.639,1.2918608856567306e-06
323.699,1.2241161283866696e-06
323.759,1.1604960236006427e-06
323.819,1.7116792721665341e-06
323.879,2.205278786894371e-06
323.939,0.0
323.999,2.3133407773070024e-06
324.059,1.6673348238466299e-06
324.119,1.0720959963437166e-06
324.179,1.1385715286788317e-06
324.238,1.1946575365126196e-06
324.298,1.1672290926403672e-06
324.358,1.1371306128596535e-06
324.418,1.1044826074883976e-06
324.478,1.0693546984746983e-06
324.538,1.0318081263063158e-06
324.597,9.91886066973503e-07
324.657,9.496251469130576e-07
324.717,9.050737153239739e-07
324.777,8.583036873799497e-07
324.837,8.094489677097701e-07
324.896,7.587396609856809e-07
324.956,7.064451836075921e-07
325.016,6.528681831717846e-07
325.076,5.983525171114586e-07
325.135,5.432585043660473e-07
325.195,4.879531879998324e-07
325.255,4.3280651465204573e-07
325.315,3.781097543442042e-07
325.374,3.241110920396402e-07
325.434,2.7110449854196116e-07
325.494,2.1939050775829663e-07
325.553,1.6924433392762056e-07
325.613,1.2093797318078171e-07
325.673,7.470593142201841e-08
325.732,3.073276308466657e-08
325.792,0.0
325.852,0.0
325.911,0.0
325.971,0.0
326.031,0.0
326.09,0.0
326.15,0.0
326.209,0.0
326.269,0.0
326.328,0.0
326.388,0.0
326.448,0.0
326.507,0.0
326.567,0.0
326.626,0.0
326.686,0.0
326.745,0.0
326.805,0.0
326.864,0.0
326.924,0.0
326.983,0.0
327.043,0.0
327.102,0.0
327.161,0.0
327.221,0.0
327.28,0.0
327.34,0.0
327.399,0.0
327.459,0.0
327.518,0.0
327.577,0.0
327.637,0.0
327.696,0.0
327.755,0.0
327.815,0.0
327.874,0.0
327.933,0.0
327.993,0.0
328.052,0.0
328.111,6.782284927511464e-08
328.171,1.575799023341941e-07
328.23,2.5888313916344983e-07
328.289,3.712390699514035e-07
328.349,4.941097956180415e-07
328.408,6.229965316008714e-07
328.467,7.536213688050215e-07
328.526,8.81914727138862e-07
328.586,1.0060604417419367e-06
328.645,1.1264535334577432e-06
328.704,1.2427094684830386e-06
328.763,1.3563871940140016e-06
328.822,1.4691865208575341e-06
328.882,1.5986368518504158e-06
328.941,1.7361258655759709e-06
329.0,1.8755305118017295e-06
329.059,2.0205279560254814e-06
329.118,2.1570594281352617e-06
329.177,2.2862479681722083e-06
329.237,2.4078647336684137e-06
329.296,2.523502865910906e-06
329.355,2.5488833499851873e-06
329.414,2.5272382538959596e-06
329.473,2.4955811608150724e-06
329.532,2.464569979094081e-06
329.591,2.703511965876189e-06
329.65,3.215372201654762e-06
329.709,4.0053705950600334e-06
329.768,5.0642695098861635e-06
329.827,6.088546581790093e-06
329.886,7.003189910563867e-06
329.945,7.73861623215191e-06
330.004,8.245788727732614e-06
330.063,8.684438364482236e-06
330.122,9.026915760416331e-06
330.181,9.17831224136619e-06
330.24,9.123587676322508e-06
330.299,8.261583427854066e-06
330.358,6.643659719622967e-06
330.417,5.535820973572192e-06
330.476,4.994768786043474e-06
330.535,4.4285644832750446e-06
330.594,3.873049528522529e-06
330.653,3.2864459174961873e-06
330.712,2.71243453459616e-06
330.771,2.263889763459444e-06
330.83,1.933395361873915e-06
330.889,1.789069553559312e-06
330.948,1.8028959714985878e-06
331.006,1.2895433877939065e-06
331.065,2.3803060323445857e-07
331.124,2.498638395653834e-06
331.183,1.4447264904773396e-06
331.242,1.0323817498676258e-06
331.301,1.2609389209421232e-06
331.359,7.147284063668082e-07
331.418,0.0
331.477,2.029365667654705e-06
331.536,7.116961735104133e-07
331.595,7.386782352958053e-08
331.653,1.2459792001974263e-07
331.712,8.983210236154916e-08
331.771,0.0
331.83,0.0
331.888,0.0
331.947,0.0
332.006,0.0
332.065,0.0
332.123,0.0
332.182,1.8830960598303723e-06
332.241,0.0
332.299,0.0
332.358,0.0
332.417,0.0
332.475,0.0
332.534,0.0
332.592,0.0
332.651,0.0
332.71,5.505664637538883e-09
332.768,1.3008321437504244e-07
332.827,2.734540478975544e-07
332.885,4.336791173521273e-07
332.944,6.094304535659706e-07
333.003,8.095574580161535e-07
333.061,1.030878429159612e-06
333.12,1.2708077125980554e-06
333.178,1.5176217411570243e-06
333.237,1.7688386721730867e-06
333.295,2.0207551816224885e-06
333.354,2.2738382862047443e-06
333.412,2.5284301867390915e-06
333.471,2.7682573878188737e-06
333.529,2.9837514970290755e-06
333.588,3.1634158540714673e-06
333.646,3.302841950928031e-06
333.705,3.4004087935669205e-06
333.763,3.4545888384449243e-06
333.822,3.465122370074948e-06
333.88,3.446228766565733e-06
333.938,3.4073485374226167e-06
333.997,3.3520556040649682e-06
334.055,3.2974427491807326e-06
334.114,3.1253375557252405e-06
334.172,2.8376821637345992e-06
334.23,2.5594352271452924e-06
334.289,2.2908707225427913e-06
334.347,2.7608518127652394e-06
334.405,3.969666299913178e-06
334.464,3.94162553111319e-06
334.522,2.668937570861553e-06
334.58,2.1178282046930293e-06
334.639,2.2922409235822604e-06
334.697,2.4733864876936744e-06
334.755,2.6628723617819316e-06
334.814,2.7394500458739853e-06
334.872,2.701663105195472e-06
334.93,2.6715621200702883e-06
334.988,2.6494218753953398e-06
335.047,2.6498406566786675e-06
335.105,2.673033882378796e-06
335.163,2.7031723817405633e-06
335.221,2.7403138778179853e-06
335.28,2.784412517340083e-06
335.338,2.833633693718824e-06
335.396,2.8894281388481096e-06
335.454,2.9530688688108645e-06
335.512,3.0226188068555053e-06
335.57,3.093921285100987e-06
335.629,3.1628324361040156e-06
335.687,3.2263980427859217e-06
335.745,3.2841281201425438e-06
335.803,3.3502752724048237e-06
335.861,3.4216843506469138e-06
335.919,3.4974338496463586e-06
335.977,3.5764138268674953e-06
336.035,3.65747732641757e-06
336.094,3.7394403961637015e-06
336.152,3.821792976621625e-06
336.21,3.9041055924951005e-06
336.268,3.898581855350227e-06
336.326,3.804840007190805e-06
336.384,3.62241014577251e-06
336.442,3.3509886734856443e-06
336.5,3.141163904968679e-06
336.558,2.9944669719124637e-06
336.616,2.999941654910399e-06
336.674,3.0556344671057e-06
336.732,2.3458725624298464e-06
336.79,1.7239108189313493e-06
336.848,5.561849942114605e-06
336.906,1.2904562489726861e-06
336.964,2.0017122110651815e-06
337.022,2.587961687171595e-06
337.08,2.3216797431331045e-06
337.138,2.055478896553213e-06
337.195,1.8924551428747036e-06
337.253,1.7314576706269715e-06
337.311,1.573350490769968e-06
337.369,1.4191132807500394e-06
337.427,1.2695153165969189e-06
337.485,1.125084197357747e-06
337.543,9.859943442991767e-07
337.601,8.523167203233865e-07
337.658,7.23901861335153e-07
337.716,6.025926364884955e-07
337.774,4.884421625581489e-07
337.832,3.8285073659570127e-07
337.89,2.87370694784625e-07
337.947,2.0391415493322674e-07
338.005,1.326331165510611e-07
338.063,7.371207475905943e-08
338.121,1.378481315486993e-08
338.178,0.0
338.236,0.0
338.294,0.0
338.352,0.0
338.409,0.0
338.467,0.0
338.525,0.0
338.583,0.0
338.64,0.0
338.698,0.0
338.756,0.0
338.813,2.2286875404140035e-08
338.871,2.4661502323784295e-07
338.928,3.261355446652804e-07
338.986,2.608648261553653e-07
339.044,1.3213682188821534e-07
339.101,3.076235421750882e-08
339.159,0.0
339.217,0.0
339.274,0.0
339.332,0.0
339.389,0.0
339.447,0.0
339.504,0.0
339.562,0.0
339.619,0.0
339.677,0.0
339.734,0.0
339.792,0.0
339.849,0.0
339.907,0.0
339.964,2.3654484169590563e-07
340.022,6.290711442211137e-07
340.079,8.548044312023446e-07
340.137,9.133128002374376e-07
340.194,8.041865229978689e-07
340.252,5.270407720228608e-07
340.309,3.5932126159997703e-07
340.366,3.0065845310990194e-07
340.424,3.507675705704973e-07
340.481,5.092770474793879e-07
340.538,6.710624830862037e-07
340.596,8.33634651658138e-07
340.653,1.006049120751095e-06
340.711,1.1842024208937177e-06
340.768,1.2685011283840092e-06
340.825,1.2570630554739938e-06
340.883,1.0508347834730393e-06
340.94,6.495820218382029e-07
340.997,2.9063301377408337e-07
341.054,0.0
341.112,3.0660059312973626e-07
341.169,1.2787654043664178e-06
341.226,1.6587652687258282e-06
341.284,1.445951342335615e-06
341.341,1.230343828767965e-06
341.398,1.0099891400612024e-06
341.455,8.707857154385783e-07
341.512,8.067955743906e-07
341.57,7.309421643089071e-07
341.627,6.560998885216242e-07
341.684,6.175611801141495e-07
341.741,6.429021519368559e-07
341.798,7.626795940190922e-07
341.856,9.927451189294567e-07
341.913,1.2198912206169996e-06
341.97,1.5079823980433248e-06
342.027,1.814534846310794e-06
342.084,2.1027423470659845e-06
342.141,2.9350736206563134e-06
342.198,4.007775350462813e-06
342.255,4.198500112697019e-06
342.313,3.4133214476044486e-06
342.37,2.2471333572525914e-06
342.427,1.0271639718217568e-06
342.484,6.117024884449718e-10
342.541,0.0
342.598,0.0
342.655,0.0
342.712,0.0
342.769,0.0
342.826,0.0
342.883,0.0
342.94,0.0
342.997,0.0
343.054,0.0
343.111,0.0
343.168,0.0
343.225,0.0
343.282,0.0
343.339,0.0
343.395,0.0
343.452,7.796143199504193e-09
343.509,5.432420748091409e-08
343.566,1.0232102987564489e-07
343.623,1.4951981215170975e-07
343.68,1.9398989238295983e-07
343.737,2.3357852823555312e-07
343.794,2.6853854894774323e-07
343.85,3.013019474374407e-07
343.907,3.3384380374578986e-07
343.964,3.656866585435576e-07
344.021,3.957897567095824e-07
344.078,4.220166808004294e-07
344.134,4.436374081107752e-07
344.191,4.75338145385081e-07
344.248,5.302722469403726e-07
344.305,5.34435126277862e-07
344.361,5.440701108297157e-07
344.418,1.1525953253252105e-06
344.475,1.7619855286121484e-06
344.532,0.0
344.588,2.2594617328372038e-06
344.645,1.5985172655453068e-06
344.702,2.7238785473270046e-07
344.758,2.4472031508488785e-06
344.815,6.449969667995701e-07
344.872,0.0
344.928,0.0
344.985,0.0
345.042,0.0
345.098,7.755944776185585e-09
345.155,3.458766677669144e-08
345.212,4.9031097137844605e-08
345.268,1.8268346056732742e-07
345.325,4.074830755039652e-07
345.381,5.825660983898124e-07
345.438,6.927509805990652e-07
345.495,7.22087621688246e-07
345.551,6.871890547887617e-07
345.608,6.171542541434293e-07
345.664,5.165825866486909e-07
345.721,3.899613437816204e-07
345.777,2.501409383915955e-07
345.834,1.2960155169577884e-07
345.89,3.924294067839046e-08
345.947,0.0
346.003,0.0
346.06,0.0
346.116,0.0
346.173,6.363766268691744e-08
346.229,1.6896153441499474e-07
346.285,3.017872178795077e-07
346.342,4.6194381448606386e-07
346.398,6.491524061080868e-07
346.455,8.592153655421562e-07
346.511,1.087725462678398e-06
346.567,1.329367357473949e-06
346.624,1.5772944874091306e-06
346.68,1.8226067712549006e-06
346.737,2.0569036199340294e-06
346.793,2.2728261735970266e-06
346.849,2.4648000564572456e-06
346.906,2.641580374529995e-06
346.962,2.8015627696090386e-06
347.018,2.935812858251705e-06
347.074,3.0352596940044733e-06
347.131,3.090548969003694e-06
347.187,3.1033772803105917e-06
347.243,3.07393280850922e-06
347.3,3.0007021980228738e-06
347.356,2.802187259298354e-06
347.412,2.4927133510809367e-06
347.468,2.08957934154682e-06
347.524,1.6097248055797073e-06
347.581,1.2216153884504905e-06
347.637,8.265528081288219e-07
347.693,4.303153941271465e-07
347.749,1.6217543734028382e-07
347.805,0.0
347.862,4.579122293550049e-07
347.918,1.6448934068814681e-06
347.974,1.756064108554509e-06
348.03,7.674367511539277e-07
348.086,4.281015090070366e-07
348.142,7.366028017953084e-07
348.198,9.500388481685811e-07
348.254,9.925007810610253e-07
348.311,7.597350966702291e-07
348.367,2.5432936434003836e-07
348.423,0.0
348.479,0.0
348.535,0.0
348.591,0.0
348.647,0.0
348.703,0.0
348.759,0.0
348.815,0.0
348.871,1.0754549476772695e-08
348.927,9.287773142108248e-08
348.983,1.530077856054532e-07
349.039,1.0799101888043427e-07
349.095,0.0
349.151,0.0
349.207,0.0
349.263,0.0
349.319,0.0
349.374,0.0
349.43,1.0162329858341678e-06
349.486,3.237215906595491e-07
349.542,8.227279479141592e-08
349.598,2.8966758190268533e-07
349.654,3.261074783309199e-07
349.71,2.874675468135943e-07
349.766,2.4949975489714745e-07
349.821,2.1217795083035382e-07
349.877,1.7562998097328104e-07
349.933,1.5375332208090778e-07
349.989,1.465843961940849e-07
350.045,1.5413983998080666e-07
350.1,1.7635339040382211e-07
350.156,1.971060375978054e-07
350.212,2.164274622595597e-07
350.268,2.345717842871042e-07
350.323,2.517537363975479e-07
350.379,2.684092767565442e-07
350.435,2.848406135533505e-07
350.491,3.014254279186243e-07
350.546,3.185441229679875e-07
350.602,3.365068975872493e-07
350.658,3.5521622402847205e-07
350.713,3.7473520193167577e-07
350.769,3.9503381295668287e-07
350.825,4.0107158991796367e-07
350.88,3.928228545506446e-07
350.936,3.7022394632336585e-07
350.992,3.3322480238122387e-07
351.047,2.959543190347448e-07
351.103,2.584489923888452e-07
351.158,2.2078601323920067e-07
351.214,1.8306999747913623e-07
351.27,2.3524986547295035e-07
351.325,3.772728808532592e-07
351.381,6.090156144047837e-07
351.436,9.302045396714914e-07
351.492,1.1023746932896658e-06
351.547,1.1251315768354856e-06
351.603,9.98069271001212e-07
351.658,7.191967334576735e-07
351.714,5.207365584678145e-07
351.769,4.024103805093765e-07
351.825,3.639441259232524e-07
351.88,4.0699355351692795e-07
351.936,4.4908818777690354e-07
351.991,4.901143955863934e-07
352.047,5.300226477015454e-07
352.102,5.82256744337609e-07
352.157,6.44909086542682e-07
352.213,7.178893523710772e-07
352.268,8.01239090889962e-07
352.324,8.794689019990148e-07
352.379,9.472488947272191e-07
352.434,1.004619397245022e-06
352.49,1.0516503077929637e-06
352.545,1.0072786410656563e-06
352.601,7.993608517106089e-07
352.656,4.281036080164921e-07
352.711,0.0
352.767,0.0
352.822,0.0
352.877,0.0
352.932,9.186937136682446e-08
352.988,7.58828942884984e-07
353.043,1.1242872833714207e-06
353.098,1.1884889207973542e-06
353.153,9.502076085796826e-07
353.209,5.015522068261501e-07
353.264,1.5119318624703105e-07
353.319,0.0
353.374,0.0
353.43,0.0
353.485,0.0
353.54,0.0
353.595,0.0
353.65,0.0
353.705,0.0
353.761,0.0
353.816,0.0
353.871,0.0
353.926,0.0
353.981,0.0
354.036,0.0
354.091,0.0
354.146,0.0
354.201,0.0
354.256,0.0
354.311,0.0
354.367,0.0
354.422,0.0
354.477,1.1132611113348726e-07
354.532,2.3248855349515537e-07
354.587,3.2233201772310394e-07
354.642,3.8053492881507007e-07
354.697,4.068629491467099e-07
354.752,4.011492915346488e-07
354.806,3.6318075902720977e-07
354.861,2.927965283358012e-07
354.916,1.98829445174088e-07
354.971,1.0779826066923971e-07
355.026,3.5934979601120437e-08
355.081,0.0
355.136,0.0
355.191,0.0
355.246,0.0
355.301,0.0
355.356,0.0
355.41,4.394141974489111e-08
355.465,8.958010182597664e-08
355.52,1.334710923639995e-07
355.575,1.7559650459542478e-07
355.63,2.1588484992559767e-07
355.684,2.5427839273699433e-07
355.739,2.907859298652495e-07
355.794,3.238816311762558e-07
355.849,3.5183310244296506e-07
355.904,3.747176222664291e-07
355.958,3.925215350392109e-07
356.013,4.052491647096724e-07
356.068,4.1302072183323017e-07
356.123,4.159279494882393e-07
356.177,4.1411673015289363e-07
356.232,4.078159022703719e-07
356.287,3.9880729433733647e-07
356.341,3.8888256786892014e-07
356.396,3.782659608652263e-07
356.451,3.6708282794595873e-07
356.505,3.5538452286987964e-07
356.56,3.4325066016388025e-07
356.615,3.3066421847619634e-07
356.669,3.177835545246543e-07
356.724,3.048198151536443e-07
356.778,2.9172408793847844e-07
356.833,2.785213015035577e-07
356.888,2.653007068094118e-07
356.942,2.521139628516064e-07
356.997,2.3901871859483914e-07
357.051,2.261416921794982e-07
357.106,2.1364197321585235e-07
357.16,2.0146543832945493e-07
357.215,1.895726395901038e-07
357.269,1.7796768313155876e-07
357.324,1.665829202884324e-07
357.378,1.554335898137961e-07
357.433,1.444814017384851e-07
357.487,1.336932901845303e-07
357.542,1.2307724043429794e-07
357.596,1.1261025833302678e-07
357.651,1.0226506455701788e-07
357.705,9.211412385025919e-08
357.76,8.220572427298852e-08
357.814,7.246895457065919e-08
357.868,6.288544767432037e-08
357.923,5.3384670801282976e-08
357.977,4.3832072985615334e-08
358.032,3.414705749140743e-08
358.086,2.42162919358876e-08
358.14,1.3928757401775026e-08
358.195,3.275767150658537e-09
358.249,0.0
358.303,0.0
358.358,0.0
358.412,0.0
358.466,0.0
358.521,0.0
358.575,0.0
358.629,0.0
358.683,0.0
358.738,0.0
358.792,0.0
358.846,0.0
358.9,0.0
358.954,0.0
359.009,0.0
359.063,0.0
359.117,0.0
359.171,0.0
359.225,0.0
359.28,0.0
359.334,0.0
359.388,0.0
359.442,0.0
359.496,0.0
359.55,0.0
359.604,0.0
359.658,0.0
359.712,0.0
359.766,0.0
359.82,0.0
359.875,0.0
359.929,0.0
359.983,0.0
360.037,3.464958951535112e-07
360.091,9.741258315993706e-07
360.145,0.0
360.199,9.23580064006705e-07
360.253,4.3631366583872247e-07
360.306,0.0
360.36,1.255425687184612e-08
360.414,1.2302131742898726e-07
360.468,1.6553480233116074e-07
360.522,3.0566843467171644e-07
360.576,4.4299001358695335e-07
360.63,0.0
360.684,0.0
360.738,3.1861520703896416e-06
360.792,0.0
360.846,1.2594683508495947e-06
360.899,1.0823627940122108e-06
360.953,6.328780184821539e-07
361.007,7.539616438717369e-07
361.061,8.95526392621068e-07
361.115,8.756418946564568e-07
361.168,7.681850038359236e-07
361.222,1.2249254836980188e-06
361.276,2.2434237505939517e-06
361.33,0.0
361.384,8.701331970094734e-07
361.437,1.2550182595791682e-06
361.491,1.0405914215389388e-06
361.545,8.811393150913316e-07
361.599,7.811216641729141e-07
361.652,6.720494963426397e-07
361.706,5.603755933993864e-07
361.76,4.5566401268901576e-07
361.813,3.6774609974699346e-07
361.867,2.935366397038827e-07
361.921,2.4044425177392947e-07
361.974,2.2200639678460187e-07
362.028,2.4003811842136234e-07
362.082,2.787473204569358e-07
362.135,3.230770538780681e-07
362.189,3.484641579099918e-07
362.242,3.451310642493679e-07
362.296,3.4003880108176357e-07
362.35,2.847987346056212e-07
362.403,1.5150055946446206e-07
362.457,0.0
362.51,0.0
362.564,0.0
362.617,0.0
362.671,0.0
362.724,6.317479806896385e-08
362.778,1.0816294581035645e-06
362.831,1.1931538706965936e-06
362.885,1.5467575165297288e-07
362.938,0.0
362.998,6.754214755248483e-07
363.06,6.724128075881429e-07
363.122,6.658776008909259e-07
363.184,6.557424217140336e-07
363.246,6.418104063187734e-07
363.308,6.24141832559851e-07
363.37,6.028931005567248e-07
363.432,5.783274463148031e-07
363.494,5.508421030510065e-07
363.556,5.206776611860008e-07
363.618,4.878878321665348e-07
363.68,4.5272069342422726e-07
363.742,4.155493916743828e-07
363.804,3.7656980458788827e-07
363.866,3.3594580503581013e-07
363.928,2.9373980573936253e-07
363.99,2.499564230065138e-07
364.052,2.0478302157327996e-07
364.114,1.586990582822356e-07
364.176,1.1221164203708294e-07
364.238,6.563192316253124e-08
364.3,1.9202236776147643e-08
364.362,0.0
364.424,0.0
364.486,0.0
364.548,0.0
364.609,0.0
364.671,0.0
364.733,0.0
364.795,0.0
364.857,0.0
364.919,0.0
364.981,0.0
365.042,0.0
365.104,0.0
365.166,0.0
365.228,0.0
365.29,0.0
365.351,0.0
365.413,0.0
365.475,0.0
365.537,0.0
365.598,0.0
365.66,0.0
365.722,0.0
365.784,0.0
365.845,0.0
365.907,0.0
365.969,0.0
366.03,0.0
366.092,0.0
366.154,0.0
366.215,0.0
366.277,0.0
366.339,0.0
366.4,0.0
366.462,0.0
366.524,0.0
366.585,0.0
366.647,0.0
366.708,0.0
366.77,0.0
366.832,0.0
366.893,0.0
366.955,0.0
367.016,0.0
367.078,0.0
367.139,0.0
367.201,0.0
367.262,0.0
367.324,0.0
367.385,0.0
367.447,0.0
367.508,0.0
367.57,0.0
367.631,0.0
367.693,8.916607480201944e-09
367.754,2.6977726221898145e-08
367.816,4.526021657147922e-08
367.877,6.385801661539695e-08
367.939,8.285577591450057e-08
368.0,1.0237380252261148e-07
368.062,1.2257689932206012e-07
368.123,1.435678743161956e-07
368.184,1.6525477790533533e-07
368.246,1.8753338988985605e-07
368.307,2.1048759300916694e-07
368.369,2.3408961121179076e-07
368.43,2.582968968558019e-07
368.491,2.8304818813220197e-07
368.553,3.0804336312175444e-07
368.614,3.330736235931569e-07
368.675,3.5815848008636826e-07
368.737,3.832677434495518e-07
368.798,4.083020879562583e-07
368.859,4.3313063243135315e-07
368.921,4.573460732292242e-07
368.982,4.804791659849198e-07
369.043,5.021429098116005e-07
369.104,5.219197814368628e-07
369.166,5.394894764637617e-07
369.227,5.545852210967904e-07
369.288,5.668934221227787e-07
369.349,5.761498963213872e-07
369.411,5.822375051820049e-07
369.472,5.851178840640353e-07
369.533,5.848152831935584e-07
369.594,5.813299384619107e-07
369.656,5.744372328941496e-07
369.717,5.639205063238124e-07
369.778,5.496650472163516e-07
369.839,5.315047117697356e-07
369.9,5.094066732806808e-07
369.961,4.833616420028744e-07
370.023,4.5333532407840215e-07
370.084,4.1943816364509294e-07
370.145,3.8187779105310707e-07
370.206,3.407855253728663e-07
370.267,2.961489064819024e-07
370.328,2.4808323229665006e-07
370.389,1.9665231784828136e-07
370.451,1.418819138152424e-07
370.512,8.396219368389868e-08
370.573,2.2929056302410417e-08
370.634,0.0
370.695,0.0
370.756,0.0
370.817,0.0
370.878,0.0
370.939,0.0
371.0,0.0
371.061,0.0
371.122,0.0
371.183,0.0
371.244,0.0
371.305,0.0
371.366,0.0
371.427,0.0
371.488,0.0
371.549,0.0
371.61,0.0
371.671,0.0
371.732,0.0
371.793,0.0
371.853,0.0
371.914,0.0
371.975,0.0
372.036,0.0
372.097,0.0
372.158,0.0
372.219,0.0
372.28,0.0
372.34,0.0
372.401,0.0
372.462,0.0
372.523,0.0
372.584,0.0
372.645,0.0
372.705,0.0
372.766,0.0
372.827,0.0
372.888,0.0
372.948,0.0
373.009,0.0
373.07,0.0
373.131,0.0
373.191,0.0
373.252,0.0
373.313,0.0
373.373,0.0
373.434,0.0
373.495,0.0
373.555,7.440056742195674e-08
373.616,1.6407996673801677e-07
373.677,2.507561086916602e-07
373.737,3.3384549741631353e-07
373.798,4.129212692164103e-07
373.859,4.875559365142595e-07
373.919,5.57232346406946e-07
373.98,6.215525989801767e-07
374.041,6.801548688351259e-07
374.101,7.326530474282164e-07
374.162,7.786602287738381e-07
374.222,8.176910831606114e-07
374.283,8.491231265565437e-07
374.343,8.72346295510332e-07
374.404,8.868638729200943e-07
374.465,8.922541216027377e-07
374.525,8.882745571293856e-07
374.586,8.748556078683694e-07
374.646,8.519535556995373e-07
374.707,8.195790625465576e-07
374.767,7.77871967970607e-07
374.828,7.271569441449597e-07
374.888,6.678384457758387e-07
374.949,6.002997845936326e-07
375.009,5.249106431257777e-07
375.07,4.4195936553956755e-07
375.13,3.5182356516187594e-07
375.19,2.5506567667950296e-07
375.251,1.5236685819100415e-07
375.311,4.444640916772082e-08
375.372,0.0
375.432,0.0
375.493,0.0
375.553,0.0
375.613,0.0
375.674,0.0
375.734,0.0
375.794,0.0
375.855,0.0
375.915,0.0
375.975,0.0
376.036,0.0
376.096,0.0
376.156,0.0
376.217,0.0
376.277,0.0
376.337,0.0
376.398,0.0
376.458,0.0
376.518,0.0
376.578,0.0
376.639,0.0
376.699,0.0
376.759,0.0
376.819,0.0
376.88,0.0
376.94,0.0
377.0,0.0
377.06,0.0
377.12,0.0
377.18,0.0
377.241,0.0
377.301,0.0
377.361,0.0
377.421,0.0
377.481,0.0
377.541,0.0
377.601,0.0
377.661,0.0
377.722,0.0
377.782,0.0
377.842,0.0
377.902,0.0
377.962,0.0
378.022,0.0
378.082,0.0
378.142,0.0
378.202,0.0
378.262,0.0
378.322,0.0
378.382,0.0
378.442,0.0
378.502,0.0
378.562,0.0
378.622,0.0
378.682,0.0
378.742,0.0
378.802,0.0
378.862,0.0
378.921,0.0
378.981,0.0
379.041,0.0
379.101,0.0
379.161,0.0
379.221,0.0
379.281,0.0
379.341,0.0
379.401,0.0
379.46,0.0
379.52,0.0
379.58,0.0
379.64,0.0
379.7,0.0
379.759,0.0
379.819,0.0
379.879,1.055166134955539e-08
379.939,4.1288738284564334e-08
379.999,6.632648001506274e-08
380.058,8.384294284980725e-08
380.118,9.356210080687655e-08
380.178,9.58139923606922e-08
380.237,9.148582909950786e-08
380.297,8.19292706616319e-08
380.357,7.051231774693128e-08
380.417,5.908637244895694e-08
380.476,5.052885120463111e-08
380.536,4.835294589312253e-08
380.596,5.5599598512661926e-08
380.655,7.384918027091002e-08
380.715,1.0413721945966063e-07
380.775,1.4846375818902657e-07
380.834,2.0782175219819048e-07
380.894,2.8903446996991387e-07
380.954,3.9838899163283637e-07
381.013,5.410036426308271e-07
381.073,7.176688282864658e-07
381.132,9.321418704271301e-07
381.192,1.190108389438462e-06
381.252,1.4986751936406005e-06
381.311,1.8575247365902267e-06
381.371,2.262978781513931e-06
381.43,2.711932785291819e-06
381.49,3.203056570125016e-06
381.549,3.738461775910532e-06
381.609,4.326098063422959e-06
381.668,4.976475984524703e-06
381.728,5.697009405101967e-06
381.787,6.507976023114591e-06
381.847,7.399850595643911e-06
381.906,8.375589496254225e-06
381.966,9.449571313473545e-06
382.025,1.0666869634287447e-05
382.085,1.2046463621091973e-05
382.144,1.3587481170493215e-05
382.204,1.526936353664857e-05
382.263,1.7114354572534706e-05
382.322,1.925066471591576e-05
382.382,2.147576543772243e-05
382.441,2.3802503218339594e-05
382.501,2.8801177334440326e-05
382.56,3.6512060194356605e-05
382.619,3.151147835415676e-05
382.679,4.1052639466288535e-05
382.738,4.949237587037188e-05
382.798,5.653360721154326e-05
382.857,6.39518649952136e-05
382.916,6.900003635422327e-05
382.976,7.197910430669e-05
383.035,7.785863901222904e-05
383.094,8.953046396078078e-05
383.154,0.00010224345917124516
383.213,0.00010431994957504635
383.272,9.182237823695036e-05
383.331,7.542559468742671e-05
383.391,6.54309883693774e-05
383.45,6.233417937107704e-05
383.509,6.459562776857123e-05
383.568,7.223583411797805e-05
383.628,8.334907069517224e-05
383.687,9.822821157503959e-05
383.746,0.00011532231721732976
383.805,0.00012098494507868724
383.864,0.00010569214602901741
383.924,8.126670411048836e-05
383.983,6.213277046089313e-05
384.042,4.9070091822037444e-05
384.101,3.91386274609539e-05
384.16,3.183928775922848e-05
384.219,2.6296718209021474e-05
384.279,2.1681508185750264e-05
384.338,1.8297286605429745e-05
384.397,1.605064476803857e-05
384.456,1.4606678425220933e-05
384.515,1.383500954260166e-05
384.574,1.3307743188085632e-05
384.633,1.2796992341707378e-05
384.692,1.2226565043916016e-05
384.751,1.1595196791311438e-05
384.81,1.088843905401379e-05
384.869,1.0120445932565393e-05
384.929,9.328867274081757e-06
384.988,8.50412024534815e-06
385.047,7.689243154083931e-06
385.106,6.910608517397881e-06
385.165,6.164843474846923e-06
385.224,5.442978900098137e-06
385.283,4.742227418832789e-06
385.342,4.05020368220895e-06
385.401,3.374568465148985e-06
385.459,2.7380016345386614e-06
385.518,2.1579451400411077e-06
385.577,1.6483124206350734e-06
385.636,1.2156052031846252e-06
385.695,8.625917734454521e-07
385.754,5.936537704433502e-07
385.813,4.027567911280592e-07
385.872,2.8010884771599265e-07
385.931,2.1186442687950534e-07
385.99,1.8255357593928426e-07
386.049,1.7907675823223452e-07
386.107,1.9862343192712605e-07
386.166,2.3456287335026525e-07
386.225,2.8221572282943154e-07
386.284,3.4018263562674e-07
386.343,4.0356309775380464e-07
386.402,4.6684661602018716e-07
386.46,5.246303420123446e-07
386.519,5.727146093604453e-07
386.578,6.083822199800359e-07
386.637,6.292963322631612e-07
386.696,6.307899163216092e-07
386.754,6.117539270045625e-07
386.813,5.736579528078434e-07
386.872,5.19444371111085e-07
386.931,4.5275959087752934e-07
386.989,3.7731579020195226e-07
387.048,2.9255156983023415e-07
387.107,2.011745530269817e-07
387.165,1.0527503650303919e-07
387.224,5.6120790545832204e-09
387.283,0.0
387.342,0.0
387.4,0.0
387.459,0.0
387.517,0.0
387.576,0.0
387.635,0.0
387.693,0.0
387.752,0.0
387.811,0.0
387.869,0.0
387.928,0.0
387.986,0.0
388.045,0.0
388.103,0.0
388.162,0.0
388.221,0.0
388.279,0.0
388.338,0.0
388.396,0.0
388.455,0.0
388.513,0.0
388.572,0.0
388.63,0.0
388.689,0.0
388.747,0.0
388.806,0.0
388.864,0.0
388.922,0.0
388.981,0.0
389.039,0.0
389.098,0.0
389.156,0.0
389.214,0.0
389.273,0.0
389.331,0.0
389.39,0.0
389.448,0.0
389.506,2.2927223219079736e-07
389.565,0.0
389.623,0.0
389.681,0.0
389.74,0.0
389.798,0.0
389.856,0.0
389.914,0.0
389.973,0.0
390.031,0.0
390.089,0.0
390.147,0.0
390.206,0.0
390.264,0.0
390.322,0.0
390.38,0.0
390.439,0.0
390.497,0.0
390.555,0.0
390.613,0.0
390.671,0.0
390.729,0.0
390.788,0.0
390.846,0.0
390.904,0.0
390.962,0.0
391.02,0.0
391.078,0.0
391.136,0.0
391.194,0.0
391.252,0.0
391.311,0.0
391.369,0.0
391.427,0.0
391.485,0.0
391.543,0.0
391.601,0.0
391.659,0.0
391.717,0.0
391.775,0.0
391.833,0.0
391.891,5.1834172439013856e-08
391.949,1.5336216310501472e-07
392.007,2.5802288158098636e-07
392.065,3.6510194905067447e-07
392.123,4.7398245201524475e-07
392.18,5.901465759338964e-07
392.238,7.129878563858116e-07
392.296,8.420545426951825e-07
392.354,9.769334511155285e-07
392.412,1.11731355162812e-06
392.47,1.2629089890621846e-06
392.528,1.4132585379636456e-06
392.586,1.567811023010074e-06
392.644,1.675319007540068e-06
392.701,1.7353325538811605e-06
392.759,1.7366699741895833e-06
392.817,1.6754499815145916e-06
392.875,1.551114755397802e-06
392.933,1.3631640521462364e-06
392.991,1.1112302795629179e-06
393.048,7.950500002640612e-07
393.106,7.187385675447759e-07
393.164,8.822191937074756e-07
393.222,1.2852438631308297e-06
393.279,1.927843153086125e-06
393.337,2.291157794406236e-06
393.395,2.3754768498700063e-06
393.453,2.1813996562010484e-06
393.51,1.709770165443173e-06
393.568,1.2656618461792094e-06
393.626,8.502147172239022e-07
393.684,4.754630202255961e-07
393.741,1.484101535678426e-07
393.799,0.0
393.857,0.0
393.914,0.0
393.972,0.0
394.03,0.0
394.087,0.0
394.145,0.0
394.202,0.0
394.26,0.0
394.318,0.0
394.375,0.0
394.433,0.0
394.49,0.0
394.548,0.0
394.605,0.0
394.663,0.0
394.72,0.0
394.778,0.0
394.836,0.0
394.893,0.0
394.951,0.0
395.008,0.0
395.065,0.0
395.123,0.0
395.18,0.0
395.238,0.0
395.295,0.0
395.353,0.0
395.41,0.0
395.468,0.0
395.525,0.0
395.582,0.0
395.64,0.0
395.697,0.0
395.754,0.0
395.812,0.0
395.869,0.0
395.927,0.0
395.984,0.0
396.041,0.0
396.098,0.0
396.156,0.0
396.213,5.513334244661454e-09
396.27,6.02494034968472e-08
396.328,1.0742440347128753e-07
396.385,1.4681140491146983e-07
396.442,1.7887481975926993e-07
396.499,2.0392753434383783e-07
396.557,2.2156208765849954e-07
396.614,2.3151200244011228e-07
396.671,2.3356480690786076e-07
396.728,2.2740702383050876e-07
396.785,2.1299268240551297e-07
396.843,1.9046850187352824e-07
396.9,1.60168291734182e-07
396.957,1.229638779416048e-07
397.014,7.989038421011739e-08
397.071,3.191590216693367e-08
397.128,0.0
397.186,0.0
397.243,0.0
397.3,0.0
397.357,0.0
397.414,0.0
397.471,0.0
397.528,0.0
397.585,0.0
397.642,0.0
397.699,0.0
397.756,0.0
397.813,0.0
397.871,0.0
397.928,0.0
397.985,0.0
398.042,0.0
398.099,0.0
398.156,8.578128423280791e-08
398.212,2.1535413700298643e-07
398.269,3.5895244600433247e-07
398.326,5.161704490781893e-07
398.383,6.867176786636011e-07
398.44,8.701599521808876e-07
398.497,1.0659974979869594e-06
398.554,1.273825723753989e-06
398.611,1.4930921846362202e-06
398.668,1.7229716396514077e-06
398.725,1.9623278831610873e-06
398.782,2.2095656268362862e-06
398.839,2.4629685925093213e-06
398.895,2.7209714492664918e-06
398.952,2.9819859260773426e-06
399.009,3.2443931636236205e-06
399.066,3.5064734341873974e-06
399.123,3.766353693760615e-06
399.18,4.022180434727129e-06
399.236,4.272297032922655e-06
399.293,4.514891355009745e-06
399.35,4.74806729307415e-06
399.407,4.969919149715827e-06
399.463,5.178357715935899e-06
399.52,5.371584943076597e-06
399.577,5.548111146451809e-06
399.634,5.706573234743873e-06
399.69,5.845794158333395e-06
399.747,5.964837150536329e-06
399.804,6.062892332386032e-06
399.861,6.1394439506282854e-06
399.917,6.194344370794577e-06
399.974,6.227520886329827e-06
400.031,6.238934194720607e-06
400.087,6.228505806249384e-06
400.144,6.196112778259936e-06
400.201,6.141693790446481e-06
400.257,6.065371987220054e-06
400.314,5.967390761635551e-06
400.37,5.84806118006783e-06
400.427,5.707853318317335e-06
400.484,5.5475486124723526e-06
400.54,5.368240187273007e-06
400.597,5.1713333323224436e-06
400.653,4.958376939154674e-06
400.71,4.730827594998099e-06
400.766,4.490115446560212e-06
400.823,4.237700146881118e-06
400.879,3.975134989427782e-06
400.936,3.704091926013727e-06
400.993,3.426360152385336e-06
401.049,3.1436530160848607e-06
401.106,2.8577303297789433e-06
401.162,2.5704458637184716e-06
401.218,2.2837658092146475e-06
401.275,1.9998838263491073e-06
401.331,1.7208206056991624e-06
401.388,1.4483086613321027e-06
401.444,1.1838562110129015e-06
401.501,9.287829184527412e-07
401.557,6.843389184666926e-07
401.614,4.5169717669852904e-07
401.67,2.3174462793067323e-07
401.726,2.5049110569471126e-08
401.783,0.0
401.839,0.0
401.895,0.0
401.952,0.0
402.008,0.0
402.064,0.0
402.121,0.0
402.177,0.0
402.233,0.0
402.29,0.0
402.346,0.0
402.402,0.0
402.459,0.0
402.515,0.0
402.571,0.0
402.627,0.0
402.683,0.0
402.74,0.0
402.796,0.0
402.852,0.0
402.908,0.0
402.964,0.0
403.021,0.0
403.077,0.0
403.133,0.0
403.189,0.0
403.245,0.0
403.301,0.0
403.357,0.0
403.414,0.0
403.47,0.0
403.526,0.0
403.582,0.0
403.638,0.0
403.694,0.0
403.75,0.0
403.806,0.0
403.862,3.736930588902201e-08
403.918,8.980365238337264e-08
403.974,1.35786833569326e-07
404.03,1.7519795586414878e-07
404.086,2.0805286653713033e-07
404.142,2.3436234616277972e-07
404.198,2.5419749005395916e-07
404.254,2.678908886086792e-07
404.31,2.7573724296543265e-07
404.366,2.7793817425366324e-07
404.422,2.747351257980025e-07
404.478,2.663066732807178e-07
404.534,2.529424907989394e-07
404.59,2.351822393679273e-07
404.646,2.134712057588305e-07
404.701,1.882018522600248e-07
404.757,1.5986378642215423e-07
404.813,1.2900988671674716e-07
404.869,9.638884250801064e-08
404.925,6.275575063380857e-08
404.981,2.8638377324702357e-08
405.037,0.0
405.092,0.0
405.148,0.0
405.204,0.0
405.26,0.0
405.316,0.0
405.371,0.0
405.427,0.0
405.483,0.0
405.539,0.0
405.594,0.0
405.65,0.0
405.706,0.0
405.761,0.0
405.817,3.926491586740426e-08
405.873,1.1531291600378298e-07
405.928,2.0286353628299696e-07
405.984,3.014669040121609e-07
406.04,4.103710802844721e-07
406.095,5.288277714743394e-07
406.151,6.561318766193232e-07
406.207,7.915047001108514e-07
406.262,9.34176075682421e-07
406.318,1.0832012788507597e-06
406.374,1.530412484681581e-06
406.429,2.2749453732514042e-06
406.485,8.747382689719048e-07
406.54,0.0
406.596,6.285194647417172e-06
406.651,2.7432182639600108e-06
406.707,1.3502555986057737e-06
406.763,2.1058534154589607e-06
406.818,2.5682688975540063e-06
406.874,2.7369363992003623e-06
406.929,2.903561879339595e-06
406.985,3.0671524533563165e-06
407.04,3.2265954062480047e-06
407.095,3.3809409966963205e-06
407.151,3.5290836640113073e-06
407.206,3.669690342692687e-06
407.262,3.8014070131893204e-06
407.317,3.922817569009721e-06
407.373,4.032564693843193e-06
407.428,4.129694920079758e-06
407.484,4.213488612113471e-06
407.539,4.283350719114733e-06
407.594,4.338918964287745e-06
407.65,4.379923805446427e-06
407.705,4.406312309008601e-06
407.76,4.418386309205686e-06
407.816,4.4214794191779505e-06
407.871,4.416091751379907e-06
407.926,4.402700146414592e-06
407.982,4.381776013527497e-06
408.037,4.353923312868883e-06
408.092,4.320055404775111e-06
408.148,4.281144039645064e-06
408.203,4.237896984329291e-06
408.258,4.190906317919777e-06
408.314,4.140557329804157e-06
408.369,4.087131957017697e-06
408.424,4.037375361682842e-06
408.479,3.991637645415095e-06
408.534,3.949995994942525e-06
408.59,3.91258749015662e-06
408.645,3.873714773133861e-06
408.7,3.8044953321823672e-06
408.755,3.7055763342062746e-06
408.81,3.577729054977276e-06
408.866,3.3696098203159157e-06
408.921,3.082110769196721e-06
408.976,2.7163131714922424e-06
409.031,2.273344682680502e-06
409.086,1.8033422526992716e-06
409.141,1.3573590804872802e-06
409.196,9.364177577023344e-07
409.252,5.41477406765912e-07
409.307,4.853784417849051e-07
409.362,7.687264223145635e-07
409.417,1.3921992526193382e-06
409.472,2.356169224530614e-06
409.527,2.835461082788949e-06
409.582,2.8010189606387667e-06
409.637,2.2528501273201493e-06
409.692,1.191055416881748e-06
409.747,4.275243563855464e-07
409.802,0.0
409.857,0.0
409.912,0.0
409.967,6.26648934023549e-08
410.022,2.0430373051061708e-07
410.077,3.515669152207544e-07
410.132,5.046869186949317e-07
410.187,6.11621153725432e-07
410.242,6.725088008591938e-07
410.297,6.874563977206551e-07
410.351,6.563207114675471e-07
410.406,6.277630051029266e-07
410.461,6.063764791641638e-07
410.516,5.91490396566316e-07
410.571,5.82357541600033e-07
410.626,5.844141535329647e-07
410.681,5.965910901538485e-07
410.736,6.177921536897394e-07
410.79,6.468573062639127e-07
410.845,6.765305341857949e-07
410.9,7.054478465866513e-07
410.955,7.324617419479176e-07
411.01,7.564167397056319e-07
411.064,7.764484795170378e-07
411.119,7.918770602505792e-07
411.174,8.019983305062278e-07
411.229,8.066452671319872e-07
411.283,8.059766643738682e-07
411.338,7.995675075106695e-07
411.393,7.877860868492851e-07
411.447,7.709349306482386e-07
411.502,7.490409142031675e-07
411.557,7.224591958345114e-07
411.612,6.917865392884187e-07
411.666,6.573423602593715e-07
411.721,6.195235389735296e-07
411.776,5.787425873570311e-07
411.83,5.350855903008068e-07
411.885,4.88786487425993e-07
411.939,4.401546906791867e-07
411.994,3.891580250249902e-07
412.049,3.3589980070129447e-07
412.103,2.8062548436622896e-07
412.158,2.2337088150839573e-07
412.212,1.6419468647375796e-07
412.267,1.0327692062961507e-07
412.322,4.0732925612517024e-08
412.376,0.0
412.431,0.0
412.485,0.0
412.54,0.0
412.594,0.0
412.649,0.0
412.703,0.0
412.758,0.0
412.812,0.0
412.866,0.0
412.921,0.0
412.975,0.0
413.03,0.0
413.084,0.0
413.139,0.0
413.193,0.0
413.247,0.0
413.302,0.0
413.356,0.0
413.41,0.0
413.465,0.0
413.519,0.0
413.573,0.0
413.628,0.0
413.682,0.0
413.736,0.0
413.791,0.0
413.845,0.0
413.899,0.0
413.953,0.0
414.008,0.0
414.062,0.0
414.116,0.0
414.17,0.0
414.225,0.0
414.279,0.0
414.333,0.0
414.387,0.0
414.441,4.485684796076102e-07
414.496,1.4092331928010078e-06
414.55,2.7255398822484577e-06
414.604,1.9696093513442074e-06
414.658,0.0
414.712,0.0
414.766,0.0
414.82,6.416442329760718e-07
414.874,1.2341729013184277e-06
414.928,1.467799554235765e-06
414.982,1.3420241862365008e-06
415.037,1.2611082996226294e-06
415.091,1.2247770956652715e-06
415.145,1.2324670616023968e-06
415.199,1.2838112045185422e-06
415.253,1.3300100012820312e-06
415.307,1.370807505871324e-06
415.361,1.4062067311253667e-06
415.415,1.4362325325530676e-06
415.469,1.4607410161264266e-06
415.523,1.479701988335822e-06
415.577,1.4930974058175515e-06
415.631,1.5007877589519547e-06
415.684,1.5027525762228628e-06
415.738,1.4989906741996846e-06
415.792,1.489455388311225e-06
415.846,1.474270334323194e-06
415.9,1.4536355781914841e-06
415.954,1.4277964355233605e-06
416.008,1.3972755213291043e-06
416.062,1.3627845352158746e-06
416.116,1.325009704925294e-06
416.169,1.2846567254550848e-06
416.223,1.242450494994184e-06
416.277,1.1990788322023076e-06
416.331,1.155323295727111e-06
416.385,1.11191544127698e-06
416.439,1.0693052723600804e-06
416.492,1.0278707945542622e-06
416.546,9.88099297919925e-07
416.6,9.504255870505218e-07
416.654,9.152855548347531e-07
416.707,8.831874934651058e-07
416.761,8.544425795502673e-07
416.815,8.293601265531661e-07
416.869,8.084020622210542e-07
416.922,7.918254635904679e-07
416.976,7.797640314884609e-07
417.03,7.723809458461588e-07
417.083,7.69657263837351e-07
417.137,7.715666613773893e-07
417.191,7.782751210665108e-07
417.244,7.898649983734104e-07
417.298,8.063719285639751e-07
417.352,8.279447274693432e-07
417.405,8.545390445744482e-07
417.459,8.860178190863074e-07
417.512,9.223965760063397e-07
417.566,9.635398192533938e-07
417.62,1.0091879958856017e-06
417.673,1.059109877429491e-06
417.727,1.1128133617703358e-06
417.78,1.169600668673211e-06
417.834,1.2288658984480514e-06
417.887,1.2899730760400042e-06
417.941,1.3522368097274177e-06
417.994,1.4150510144541282e-06
418.048,1.4776997645388424e-06
418.101,1.5394178257342115e-06
418.155,1.5996265620715536e-06
418.208,1.3475919867396666e-06
418.262,7.826858934207684e-07
418.315,2.489045575427832e-06
418.369,6.466148683864627e-06
418.422,0.0
418.476,1.1740233100892542e-06
418.529,2.86285878908113e-06
418.582,2.271816223772352e-06
418.636,1.985305269334893e-06
418.689,2.0032301374845017e-06
418.743,2.01531116691022e-06
418.796,2.0215941971946573e-06
418.849,2.022032907113303e-06
418.903,2.0163452522451202e-06
418.956,2.004411242229416e-06
419.009,1.986199034309909e-06
419.063,1.961608103781754e-06
419.116,1.930781161996486e-06
419.169,1.8939155796557181e-06
419.222,1.8509454368414466e-06
419.276,1.8020169124236503e-06
419.329,1.7475018878610598e-06
419.382,1.687710144911918e-06
419.435,1.6232013886661179e-06
419.489,1.5546882619423953e-06
419.542,1.4826334392721962e-06
419.595,1.4075388463360124e-06
419.648,1.3300398025783932e-06
419.701,1.2506048184212897e-06
419.755,1.169779900580187e-06
419.808,1.0881255877616749e-06
419.861,1.0059733624736512e-06
419.914,9.237548473976054e-07
419.967,8.41965826695334e-07
420.02,7.609815206459151e-07
420.073,6.813171974533978e-07
420.127,6.034315093860916e-07
420.18,5.276139800445279e-07
420.233,4.5433976804990113e-07
420.286,3.8410187750599296e-07
420.339,3.171819314627905e-07
420.392,2.538221069492085e-07
420.445,1.941911545791924e-07
420.498,1.388044175338734e-07
420.551,8.787548251014746e-08
420.604,4.184082439097986e-08
420.657,9.31311241445621e-10
420.71,0.0
420.763,0.0
420.816,0.0
420.869,0.0
420.922,0.0
420.975,0.0
421.028,3.745532056562831e-08
421.081,1.0091490896062682e-06
421.134,2.3850004521845803e-06
421.187,1.4244976063270833e-06
421.239,0.0
421.292,0.0
421.345,0.0
421.398,0.0
421.451,9.168647691301366e-08
421.504,2.5332645791376455e-07
421.557,1.494418519439539e-08
421.609,0.0
421.662,0.0
421.715,0.0
421.768,0.0
421.821,0.0
421.873,0.0
421.926,0.0
421.979,9.620755033238528e-09
422.032,1.0567236130731556e-07
422.084,2.017718828340225e-07
422.137,2.9784204339808026e-07
422.19,4.222077396752367e-07
422.243,5.746389279339471e-07
422.295,7.547742026425423e-07
422.348,9.624401811365873e-07
422.401,1.1618379612522485e-06
422.453,1.3199134806330032e-06
422.506,1.408706607731518e-06
422.558,1.3993564173453579e-06
422.611,1.2435147888407997e-06
422.664,9.412563579121689e-07
422.716,4.928909152706709e-07
422.769,0.0
422.822,0.0
422.874,0.0
422.927,0.0
422.979,0.0
423.032,0.0
423.084,0.0
423.137,0.0
423.189,0.0
423.242,0.0
423.294,0.0
423.347,0.0
423.399,1.7589081443830721e-07
423.452,4.6805920570654607e-07
423.504,6.7186617222143e-07
423.557,7.872094103802557e-07
423.609,8.142752965201146e-07
423.662,7.830592276350763e-07
423.714,7.241948688544249e-07
423.766,6.66026069299035e-07
423.819,6.084319830730811e-07
423.871,5.464816265304546e-07
423.923,4.802951962259924e-07
423.976,4.0999599932855533e-07
424.028,3.3557621983420907e-07
424.081,2.6299599985830124e-07
424.133,1.9767481736104234e-07
424.185,1.4428372465439015e-07
424.238,1.0789544338460359e-07
424.29,8.882285084730768e-08
424.342,8.712944798185009e-08
424.394,1.0272368513920342e-07
424.447,1.3524276938800409e-07
424.499,0.0
424.551,0.0
424.603,1.993093426273904e-06
424.656,4.748491611008872e-06
424.708,0.0
424.76,4.209371165008035e-06
424.812,2.2160280519543824e-06
424.864,0.0
424.917,2.653563036146341e-07
424.969,6.13632524087955e-07
425.021,6.53432557209408e-07
425.073,6.893794936901599e-07
425.125,7.21433500094646e-07
425.177,7.496860097200775e-07
425.229,7.74165758273465e-07
425.282,7.947179084359585e-07
425.334,8.11720452769491e-07
425.386,8.257570353785157e-07
425.438,8.37455318226348e-07
425.49,8.469982879752369e-07
425.542,8.546069609713019e-07
425.594,8.602612079719966e-07
425.646,8.64038758510172e-07
425.698,8.660952414614661e-07
425.75,8.666465400605472e-07
425.802,8.659454429625673e-07
425.854,8.639371615343001e-07
425.906,8.602475758973682e-07
425.958,8.54412779366708e-07
426.01,8.460849967321984e-07
426.062,8.350141341553704e-07
426.114,8.211505718132123e-07
426.166,8.045417364205824e-07
426.218,7.851713663557709e-07
426.27,7.631916783467245e-07
426.321,7.38971404369492e-07
426.373,7.129416215214745e-07
426.425,6.854698108776169e-07
426.477,6.568663237692537e-07
426.529,6.272701202974801e-07
426.581,5.966734271869235e-07
426.633,5.652454336156174e-07
426.684,5.331684553340907e-07
426.736,5.005822827643652e-07
426.788,4.6757628255615974e-07
426.84,4.34165027809545e-07
426.892,4.0044953463925515e-07
426.943,3.6662155021499453e-07
426.995,3.3306686437971567e-07
427.047,3.0001861643916527e-07
427.099,2.674838002888124e-07
427.15,2.3535015084566675e-07
427.202,2.0344771444131304e-07
427.254,1.71745297756289e-07
427.306,1.4009858742556333e-07
427.357,1.0828720529803489e-07
427.409,7.589905181461986e-08
427.461,4.2475272965229244e-08
427.512,7.98333597218889e-09
427.564,0.0
427.616,0.0
427.667,0.0
427.719,0.0
427.77,0.0
427.822,0.0
427.874,0.0
427.925,0.0
427.977,0.0
428.028,0.0
428.08,0.0
428.131,0.0
428.183,0.0
428.234,0.0
428.286,0.0
428.337,0.0
428.389,0.0
428.44,0.0
428.492,0.0
428.543,0.0
428.595,0.0
428.646,0.0
428.697,0.0
428.749,0.0
428.8,0.0
428.852,0.0
428.903,0.0
428.954,0.0
429.006,0.0
429.057,0.0
429.108,0.0
429.16,0.0
429.211,0.0
429.262,0.0
429.314,0.0
429.365,0.0
429.416,0.0
429.467,0.0
429.519,0.0
429.57,0.0
429.621,0.0
429.672,0.0
429.724,0.0
429.775,0.0
429.826,0.0
429.877,0.0
429.928,0.0
429.98,0.0
430.031,0.0
430.082,0.0
430.133,0.0
430.184,0.0
430.235,0.0
430.286,0.0
430.337,0.0
430.388,0.0
430.439,0.0
430.49,0.0
430.542,1.9776131991967837e-07
430.593,0.0
430.644,0.0
430.695,4.28629957248133e-06
430.746,0.0
430.797,0.0
430.848,0.0
430.899,0.0
430.949,0.0
431.0,0.0
431.051,0.0
431.102,0.0
431.153,0.0
431.204,0.0
431.255,0.0
431.306,0.0
431.357,0.0
431.408,0.0
431.458,0.0
431.509,0.0
431.56,0.0
431.611,0.0
431.662,0.0
431.713,0.0
431.763,0.0
431.814,0.0
431.865,0.0
431.916,0.0
431.966,0.0
432.017,0.0
432.068,0.0
432.118,0.0
432.169,0.0
432.22,0.0
432.271,0.0
432.321,0.0
432.372,0.0
432.423,0.0
432.473,0.0
432.524,0.0
432.574,0.0
432.625,0.0
432.676,0.0
432.726,0.0
432.777,1.2059109098905012e-08
432.827,1.0022737616838471e-07
432.878,1.9363073651595343e-07
432.928,2.922684739670249e-07
432.979,3.9640143283443787e-07
433.029,5.060059903656968e-07
433.08,6.209090686542996e-07
433.13,7.409668488453352e-07
433.181,8.65771887388186e-07
433.231,9.948596176568242e-07
433.282,1.1278963994487523e-06
433.332,1.2642019464947816e-06
433.383,1.4026697337955657e-06
433.433,1.5422582252678418e-06
433.484,1.681805260621927e-06
433.534,1.820147487286576e-06
433.585,1.956498354434687e-06
433.635,2.0900577998440374e-06
433.685,2.2198733267537345e-06
433.736,2.3452860666934026e-06
433.786,2.465921402311948e-06
433.836,2.581427536640426e-06
433.887,2.6916744230627606e-06
433.937,2.7963918465559233e-06
433.987,2.8950125658330535e-06
434.038,2.9871449934329387e-06
434.088,3.072576118078983e-06
434.138,3.145328219306262e-06
434.188,3.198076814097938e-06
434.239,3.2305094573988137e-06
434.289,3.242108000193612e-06
434.339,3.232478762771804e-06
434.389,3.2081004255766583e-06
434.44,3.168712205049612e-06
434.49,3.114192402880213e-06
434.54,3.0928225638034904e-06
434.59,3.163885240724374e-06
434.64,3.327154097153598e-06
434.691,3.582471845987035e-06
434.741,3.929650133447038e-06
434.791,4.312822188123116e-06
434.841,4.732009995736359e-06
434.891,5.1871061258812505e-06
434.941,5.387116365647336e-06
434.991,4.974197471444331e-06
435.042,3.949079518702216e-06
435.092,2.312705689487563e-06
435.142,5.631670158896335e-07
435.192,0.0
435.242,0.0
435.292,3.269645813427792e-07
435.342,1.6309949178275059e-06
435.392,2.5513820492677897e-06
435.442,3.0885536400947173e-06
435.492,3.242758471602344e-06
435.542,3.0144207019345826e-06
435.592,2.7393425882356425e-06
435.642,2.418072685446801e-06
435.692,2.0510546837612935e-06
435.742,1.6871304982791147e-06
435.792,1.3863357386006372e-06
435.842,1.1492015761056374e-06
435.891,9.763438639871647e-07
435.941,8.682620757909905e-07
435.991,7.695382125214223e-07
436.041,6.805090513745443e-07
436.091,6.013763124976554e-07
436.141,5.267310217438739e-07
436.191,4.499421689500541e-07
436.241,3.713500993808629e-07
436.29,2.913510436889893e-07
436.34,2.102525138555066e-07
436.39,1.3495508538945667e-07
436.44,6.574721692594937e-08
436.49,3.0320907730370854e-09
436.539,0.0
436.589,0.0
436.639,0.0
436.689,0.0
436.738,0.0
436.788,0.0
436.838,0.0
436.887,0.0
436.937,0.0
436.987,0.0
437.036,0.0
437.086,0.0
437.136,0.0
437.185,0.0
437.235,0.0
437.285,0.0
437.334,0.0
437.384,1.9682150857881107e-07
437.433,3.897113220631309e-06
437.483,0.0
437.532,0.0
437.582,3.1476864301786224e-07
437.631,0.0
437.681,0.0
437.731,0.0
437.78,0.0
437.829,0.0
437.879,0.0
437.928,0.0
437.978,0.0
438.027,0.0
438.077,0.0
438.126,0.0
438.176,0.0
438.225,0.0
438.274,0.0
438.324,0.0
438.373,0.0
438.422,0.0
438.472,0.0
438.521,0.0
438.571,0.0
438.62,0.0
438.669,0.0
438.718,0.0
438.768,0.0
438.817,0.0
438.866,0.0
438.915,0.0
438.965,0.0
439.014,0.0
439.063,0.0
439.112,0.0
439.162,0.0
439.211,0.0
439.26,0.0
439.309,0.0
439.358,0.0
439.407,0.0
439.456,0.0
439.506,0.0
439.555,0.0
439.604,0.0
439.653,0.0
439.702,0.0
439.751,0.0
439.8,0.0
439.849,0.0
439.898,0.0
439.947,0.0
439.996,0.0
440.045,0.0
440.094,0.0
440.143,0.0
440.192,0.0
440.241,0.0
440.29,0.0
440.339,0.0
440.388,0.0
440.437,0.0
440.486,0.0
440.535,0.0
440.583,0.0
440.632,0.0
440.681,8.177695843044652e-08
440.73,1.6678164145952232e-07
440.779,2.5007327620155963e-07
440.828,3.3118611841025426e-07
440.876,4.712020502930543e-07
440.925,6.695539461549474e-07
440.974,9.25473764532531e-07
441.023,1.2380955053996335e-06
441.072,1.5420404902329003e-06
441.12,1.836627684020461e-06
441.169,2.1211935521814294e-06
441.218,2.3948986736361237e-06
441.267,2.2886147554952553e-06
441.315,1.8016102540516906e-06
441.364,9.334040800990736e-07
441.413,0.0
441.461,0.0
441.51,0.0
441.559,0.0
441.607,1.0241033410424277e-06
441.656,1.9150838564175627e-06
441.705,2.4112769024665957e-06
441.753,2.512932158527878e-06
441.802,2.2205564456166902e-06
441.85,1.921452325903984e-06
441.899,1.6160385386183098e-06
441.948,1.3048873979585113e-06
441.996,9.887692423938947e-07
442.045,7.29975533406111e-07
442.093,5.293067085018261e-07
442.142,3.875204939217733e-07
442.19,3.0537506765238133e-07
442.239,2.193366153917993e-07
442.287,1.3052954093576139e-07
442.336,4.00151581894251e-08
442.384,0.0
442.433,0.0
442.481,0.0
442.529,0.0
442.578,0.0
442.626,0.0
442.675,0.0
442.723,0.0
442.771,0.0
442.82,0.0
442.868,0.0
442.917,0.0
442.965,0.0
443.013,0.0
443.062,0.0
443.11,0.0
443.158,0.0
443.206,0.0
443.255,0.0
443.303,0.0
443.351,0.0
443.399,0.0
443.448,0.0
443.496,0.0
443.544,0.0
443.592,0.0
443.64,0.0
443.689,0.0
443.737,0.0
443.785,0.0
443.833,0.0
443.881,0.0
443.929,3.739645586263042e-08
443.977,1.5366935881165198e-07
444.025,2.684259895676099e-07
444.074,3.80725443619036e-07
444.122,4.895062270160912e-07
444.17,5.936360789117034e-07
444.218,6.921641232424364e-07
444.266,7.839982400519869e-07
444.314,8.67909352559096e-07
444.362,9.427258986760155e-07
444.41,1.0072632907554675e-06
444.458,1.0605213945361847e-06
444.506,1.1018545060802989e-06
444.554,1.1308783201301387e-06
444.602,1.1472954011536973e-06
444.65,1.1508633674642235e-06
444.698,1.141449090467273e-06
444.746,1.1190733516551218e-06
444.793,1.0839976562260097e-06
444.841,1.036664499063915e-06
444.889,9.777128785453042e-07
444.937,9.078158676274232e-07
444.985,8.278316109757876e-07
445.033,7.389130110269375e-07
445.081,6.424349682502572e-07
445.129,5.399208892034798e-07
445.176,4.330430666478076e-07
445.224,3.235126553384844e-07
445.272,2.1292558145736896e-07
445.32,1.0307212510270498e-07
445.368,0.0
445.415,0.0
445.463,0.0
445.511,0.0
445.559,0.0
445.606,0.0
445.654,0.0
445.702,0.0
445.749,0.0
445.797,0.0
445.845,0.0
445.892,0.0
445.94,0.0
445.988,0.0
446.035,0.0
446.083,0.0
446.131,0.0
446.178,0.0
446.226,0.0
446.273,1.1059877439363658e-07
446.321,3.672142377670421e-07
446.368,6.647581038916347e-07
446.416,1.0045113475139466e-06
446.463,1.3870456742796544e-06
446.511,1.8115404538164917e-06
446.558,2.275413194428106e-06
446.606,2.7751738363982136e-06
446.653,3.3066677626260727e-06
446.701,3.865129132423943e-06
446.748,4.4403405494770355e-06
446.796,5.027789894480196e-06
446.843,5.6228058552614405e-06
446.891,6.2246427871930345e-06
446.938,6.8335204906321325e-06
446.985,7.451111231250186e-06
447.033,8.08022648221109e-06
447.08,8.724069620033425e-06
447.128,9.385228650091307e-06
447.175,1.006466907855536e-05
447.222,1.0759614127670045e-05
447.27,1.1467482792604706e-05
447.317,1.2191758525934516e-05
447.364,1.2936783059325801e-05
447.411,1.3705857209742391e-05
447.459,1.4501515479411603e-05
447.506,1.535595351598898e-05
447.553,1.626702765148872e-05
447.601,1.723257275302938e-05
447.648,1.8243739689281612e-05
447.695,1.9286729694153206e-05
447.742,2.0340083293799397e-05
447.789,2.138005418185711e-05
447.837,2.238284133316484e-05
447.884,2.3269289795330836e-05
447.931,2.4026568076216533e-05
447.978,2.464967285126032e-05
448.025,2.513781381457886e-05
448.072,2.545452026523185e-05
448.12,2.555933712365061e-05
448.167,2.54207819574301e-05
448.214,2.5013130827662688e-05
448.261,2.4371706870959746e-05
448.308,2.3497685009953548e-05
448.355,2.2392566114637063e-05
448.402,2.106202291199487e-05
448.449,1.95810137172709e-05
448.496,1.8068233734766897e-05
448.543,1.664008180735464e-05
448.59,1.5404295929281565e-05
448.637,1.4405254149580335e-05
448.684,1.3656868119934389e-05
448.731,1.3167668746159946e-05
448.778,1.2939516258470441e-05
448.825,1.2937894157492341e-05
448.872,1.3066549584183403e-05
448.919,1.320047100373943e-05
448.966,1.3218849353967556e-05
449.013,1.3069795023598952e-05
449.06,1.2755030431976265e-05
449.107,1.227641553907476e-05
449.154,1.16359768147051e-05
449.2,1.0832030555189135e-05
449.247,9.895477433554384e-06
449.294,8.907548698257086e-06
449.341,7.950916098409642e-06
449.388,7.051711861646211e-06
449.435,6.209151304592325e-06
449.481,5.423599779672419e-06
449.528,4.699582956223457e-06
449.575,4.047744453038568e-06
449.622,3.479547535102669e-06
449.668,2.9775942842219304e-06
449.715,2.522751516206793e-06
449.762,2.119163107407973e-06
449.809,1.7693867458083365e-06
449.855,1.4747343081413996e-06
449.902,1.2346240004139448e-06
449.949,1.0473660573322287e-06
449.995,9.045458878530136e-07
450.042,7.964615044342223e-07
450.089,7.127814863091973e-07
450.135,6.444140039808597e-07
450.182,5.872855783496972e-07
450.229,5.38226646666648e-07
450.275,4.943663015979417e-07
450.322,4.525016399928772e-07
450.368,4.096420571118374e-07
450.415,3.6775402361347614e-07
450.462,3.293749374145962e-07
450.508,2.931393059539832e-07
450.555,2.575571339291881e-07
450.601,2.213223611840584e-07
450.648,1.832888244964684e-07
450.694,1.429260222631965e-07
450.741,1.0072637632676446e-07
450.787,5.74346510303367e-08
450.834,1.38387128706474e-08
450.88,0.0
450.927,0.0
450.973,0.0
451.019,0.0
451.066,0.0
451.112,0.0
451.159,0.0
451.205,0.0
451.251,0.0
451.298,0.0
451.344,0.0
451.39,0.0
451.437,0.0
451.483,0.0
451.529,0.0
451.576,0.0
451.622,0.0
451.668,0.0
451.714,0.0
451.761,0.0
451.807,0.0
451.853,0.0
451.899,0.0
451.945,0.0
451.992,0.0
452.038,0.0
452.084,7.675867902477515e-06
452.13,3.4136270180801808e-06
452.176,0.0
452.222,0.0
452.268,0.0
452.315,0.0
452.361,0.0
452.407,0.0
452.453,0.0
452.499,0.0
452.545,0.0
452.591,0.0
452.637,0.0
452.683,0.0
452.729,0.0
452.775,0.0
452.821,0.0
452.867,0.0
452.913,0.0
452.959,0.0
453.005,0.0
453.051,0.0
453.097,0.0
453.142,0.0
453.188,0.0
453.234,0.0
453.28,0.0
453.18,0.0
453.319,3.95681022614196e-06
453.458,1.5482436465648473e-06
453.596,0.0
453.735,0.0
453.873,0.0
454.012,0.0
454.15,2.1535217183310645e-07
454.289,2.1610274782285412e-07
454.427,7.479892277031679e-08
454.566,0.0
454.705,0.0
454.843,0.0
454.981,1.325755510545795e-07
455.12,2.466254136652721e-07
455.258,2.7891899311580996e-07
455.397,2.7979645592028204e-07
455.535,2.934286721621435e-07
455.674,3.5686092150580555e-07
455.812,4.3944722544895396e-07
455.95,5.2156401117859e-07
456.089,6.104433054120866e-07
456.227,7.34880410356091e-07
456.366,9.102284491456079e-07
456.504,9.672059668277889e-07
456.642,8.912092570899771e-07
456.781,6.6597540964211e-07
456.919,3.5358162558945413e-07
457.057,3.1783955695666206e-07
457.196,6.248769531634525e-07
457.334,1.2720419776471592e-06
457.472,2.255868682382541e-06
457.61,3.3928273868918194e-06
457.749,4.680384494551142e-06
457.887,6.110493080366944e-06
458.025,7.606230473703501e-06
458.163,9.087400875645524e-06
458.301,1.0481473508260462e-05
458.44,1.1782635162859947e-05
458.578,1.2986611947181443e-05
458.716,1.4119416821984448e-05
458.854,1.5182276078914415e-05
458.992,1.6172342437282523e-05
459.13,1.7113939432794228e-05
459.269,1.803224017461699e-05
459.407,1.895056962195857e-05
459.545,1.986734714969198e-05
459.683,2.077985103014004e-05
459.821,2.1681223201248067e-05
459.959,2.256591412673345e-05
460.097,2.3436337462232766e-05
460.235,2.4301100530169235e-05
460.373,2.5169654804407672e-05
460.511,2.6047371203495926e-05
460.649,2.6934795845814858e-05
460.787,2.7832309219700362e-05
460.925,2.8739876167903614e-05
461.063,2.9653549117618433e-05
461.201,3.0593070970992256e-05
461.339,3.1554052042152587e-05
461.477,3.25285117901057e-05
461.615,3.350867147498679e-05
461.753,3.4490796275880434e-05
461.891,3.5475848520464234e-05
462.029,3.6465586274636495e-05
462.166,3.746163297307051e-05
462.304,3.8415426264694695e-05
462.442,3.9285088529364565e-05
462.58,4.005527806494759e-05
462.718,4.071074703924971e-05
462.856,4.123740458066994e-05
462.993,4.162131695567511e-05
463.131,4.184983563532031e-05
463.269,4.19173205322327e-05
463.407,4.1842021898896627e-05
463.545,4.178670824146326e-05
463.682,4.1747580401579796e-05
463.82,4.172084350166035e-05
463.958,4.170249048849204e-05
464.095,4.137759825816883e-05
464.233,4.0716857279479394e-05
464.371,3.969812444487744e-05
464.509,3.8326311559658144e-05
464.646,3.678024917770069e-05
464.784,3.5073645054130385e-05
464.921,3.322175852341555e-05
465.059,3.124043803663031e-05
465.197,2.919191948071007e-05
465.334,2.713786303071572e-05
465.472,2.512985624187499e-05
465.609,2.3175609150673412e-05
465.747,2.1259668001802694e-05
465.885,1.9395378484270546e-05
466.022,1.7598116803300898e-05
466.16,1.5884592356869148e-05
466.297,1.4244695105008249e-05
466.435,1.2669525019279686e-05
466.572,1.1149148941701965e-05
466.71,9.538290623299585e-06
466.847,7.851810854358013e-06
466.985,7.432241792919043e-06
467.122,8.289152135350397e-06
467.26,2.4399392238315854e-06
467.397,3.5258168952983552e-06
467.534,3.5585539562402147e-06
467.672,2.53707632839833e-06
467.809,1.7897451867397975e-06
467.947,1.3098562696605612e-06
468.084,9.284015434821e-07
468.221,6.341826802537183e-07
468.359,4.149769140788842e-07
468.496,2.629116284483715e-07
468.633,1.7021234049255832e-07
468.771,1.3225649471055406e-07
468.908,1.402095838645396e-07
469.045,1.856675446907325e-07
469.183,2.608544725670008e-07
469.32,3.584964403581957e-07
469.457,4.719148511475072e-07
469.594,5.950148587839497e-07
469.732,7.223218111316278e-07
469.869,8.494993283820129e-07
470.006,9.726983176913351e-07
470.143,1.088409128459809e-06
470.28,1.193530097179401e-06
470.417,1.2818518206459254e-06
470.555,1.347336863572789e-06
470.692,1.387457920834724e-06
470.829,1.3999616993415351e-06
470.966,1.3829294480757747e-06
471.103,1.3353502340362819e-06
471.24,1.2572233457811826e-06
471.377,1.148900010552815e-06
471.514,1.011046293822939e-06
471.651,8.447175973207335e-07
471.789,6.511692952776241e-07
471.926,4.3196137363561317e-07
472.063,1.8889034016912996e-07
472.2,0.0
472.337,0.0
472.474,0.0
472.611,0.0
472.748,0.0
472.884,0.0
473.021,0.0
473.158,0.0
473.295,0.0
473.432,0.0
473.569,0.0
473.706,0.0
473.843,0.0
473.98,0.0
474.117,0.0
474.253,0.0
474.39,0.0
474.527,0.0
474.664,0.0
474.801,0.0
474.937,0.0
475.074,0.0
475.211,0.0
475.348,0.0
475.484,0.0
475.621,0.0
475.758,0.0
475.894,0.0
476.031,0.0
476.168,0.0
476.304,3.307506411384098e-06
476.441,0.0
476.578,0.0
476.714,0.0
476.851,0.0
476.987,0.0
477.124,2.066179072391599e-07
477.261,6.851536646680543e-07
477.397,1.1717244098014656e-06
477.534,1.663134101448175e-06
477.67,2.1562477277888335e-06
477.807,2.6480812147883775e-06
477.943,3.135701875161334e-06
478.08,3.6160978508100464e-06
478.216,4.0862329424307326e-06
478.353,4.54307764302071e-06
478.489,4.983676924695771e-06
478.626,5.405174561221384e-06
478.762,5.804800636412254e-06
478.898,6.179952347758459e-06
479.035,6.528299014407073e-06
479.171,6.848489775007516e-06
479.308,7.1396083842244e-06
479.444,7.400372818180123e-06
479.58,7.629667371563725e-06
479.717,7.826609136328462e-06
479.853,7.990586534861217e-06
479.989,8.121196441893282e-06
480.126,8.21824034534492e-06
480.262,8.281710087515473e-06
480.398,8.311718102541436e-06
480.535,8.308620649032308e-06
480.671,8.273124333623831e-06
480.807,8.206197245287775e-06
480.943,8.109042150675653e-06
481.08,7.98318612115203e-06
481.216,7.830325678667546e-06
481.352,7.652274127741606e-06
481.488,7.451045668089299e-06
481.624,7.228721201385933e-06
481.761,6.987405287046102e-06
481.897,6.729252251652131e-06
482.033,6.456303979444461e-06
482.169,6.170428933791924e-06
482.305,5.873474845330948e-06
482.441,5.567333598347118e-06
482.577,5.2252368061175e-06
482.713,4.849221454668042e-06
482.849,4.441243906408921e-06
482.985,4.0031811076147115e-06
483.121,3.7764897932834497e-06
483.257,3.7629483539610173e-06
483.394,3.964257975316165e-06
483.53,4.381923483724631e-06
483.666,3.5795764439134935e-06
483.801,1.5583145255289755e-06
483.937,7.725980852823116e-07
484.073,1.2233489492482707e-06
484.209,1.4738927922007994e-06
484.345,1.5251070294561677e-06
484.481,1.3777275524931792e-06
484.617,1.0323870640437687e-06
484.753,7.29378934470707e-07
484.889,4.692667947456375e-07
485.025,2.52464601812844e-07
485.161,7.935751208765772e-08
485.296,0.0
485.432,0.0
485.568,0.0
485.704,0.0
485.84,0.0
485.975,0.0
486.111,0.0
486.247,0.0
486.383,0.0
486.518,0.0
486.654,0.0
486.79,0.0
486.926,0.0
487.061,0.0
487.197,0.0
487.333,0.0
487.468,0.0
487.604,0.0
487.739,0.0
487.875,0.0
488.011,0.0
488.146,0.0
488.282,0.0
488.417,0.0
488.553,0.0
488.688,0.0
488.824,0.0
488.96,0.0
489.095,0.0
489.23,0.0
489.366,3.2676196597703264e-08
489.501,9.669945266808964e-08
489.637,1.569251475962238e-07
489.772,2.127880908295168e-07
489.908,2.631475061037844e-07
490.043,3.074400249833751e-07
490.179,3.451659255865045e-07
490.314,3.7580055586700944e-07
490.449,3.988923743567327e-07
490.585,4.141265076045546e-07
490.72,4.212187011999661e-07
490.855,4.1943330159522477e-07
490.991,4.0814708033222856e-07
491.126,3.86908288828345e-07
491.261,3.5566797029034373e-07
491.396,3.1473601867367223e-07
491.532,2.6420783397346446e-07
491.667,2.0437250932359832e-07
491.802,1.354543885437543e-07
491.937,5.7824337876468984e-08
492.073,0.0
492.208,0.0
492.343,0.0
492.478,0.0
492.613,0.0
492.749,0.0
492.884,0.0
493.019,0.0
493.154,0.0
493.289,0.0
493.424,0.0
493.559,0.0
493.694,0.0
493.829,0.0
493.964,0.0
494.099,0.0
494.234,0.0
494.369,0.0
494.504,0.0
494.639,0.0
494.774,0.0
494.909,0.0
495.044,3.499980718570245e-07
495.179,8.402747522107797e-07
495.314,1.4206967272123375e-06
495.449,2.0995930074923903e-06
495.584,2.884800805274826e-06
495.719,3.783903809980488e-06
495.854,4.80775164773721e-06
495.988,5.9687576902436126e-06
496.123,7.282373381154816e-06
496.258,8.76517344926516e-06
496.393,1.0427050144370622e-05
496.528,1.2284572604052454e-05
496.663,1.4353663088120051e-05
496.797,1.664795324907022e-05
496.932,1.9178192859307973e-05
497.067,2.1952843963713655e-05
497.202,2.497715805648909e-05
497.336,2.8250903668136166e-05
497.471,3.156163395158025e-05
497.606,3.509007799697465e-05
497.74,4.0570795929291394e-05
497.875,4.645132365753821e-05
498.01,4.2239054252176976e-05
498.144,5.503098955038136e-05
498.279,5.855301639767688e-05
498.414,6.20554641531392e-05
498.548,6.727019940175788e-05
498.683,7.26270005714463e-05
498.817,7.79646028324648e-05
498.952,8.352610438153793e-05
499.087,8.933111010434565e-05
499.221,9.53874578580455e-05
499.356,0.00010145634942277514
499.49,0.00010709421577413982
499.625,0.0001123668403329279
499.759,0.00011759357537403387
499.894,0.0001238243556260359
500.028,0.000132602310339536
500.162,0.00014105741421452774
500.297,0.00014378758637651848
500.431,0.00014191169193656408
500.566,0.00013956315089339654
500.7,0.00013698063904011093
500.835,0.00013351662999832513
500.969,0.00012913949209697494
501.103,0.00012379694341599283
501.238,0.00011777143380391859
501.372,0.00011138628390357884
501.506,0.00010491841488417061
501.641,9.859570428836939e-05
501.775,9.255401399275973e-05
501.909,8.683278907049228e-05
502.043,8.149540054632888e-05
502.178,7.654450040036889e-05
502.312,7.17959010712188e-05
502.446,6.741697210977772e-05
502.58,6.476500993422568e-05
502.715,6.242320082385242e-05
502.849,5.203595483195355e-05
502.983,5.602444173160243e-05
503.117,5.1958267599653604e-05
503.251,4.807243226386332e-05
503.385,4.573809699657036e-05
503.52,4.355337698405362e-05
503.654,4.1328881442834976e-05
503.788,3.921112737103779e-05
503.922,3.717954498194076e-05
504.056,3.5217244008789674e-05
504.19,3.331146078993541e-05
504.324,3.145307972733615e-05
504.458,2.9636893214965332e-05
504.592,2.7862075631197196e-05
504.726,2.612923684393331e-05
504.86,2.4446873256891866e-05
504.994,2.282310161142314e-05
505.128,2.126408148531689e-05
505.262,1.9776066279939272e-05
505.396,1.8359242610142535e-05
505.53,1.7011494202988364e-05
505.664,1.5732235708534618e-05
505.798,1.4519766816490662e-05
505.932,1.3370948690945884e-05
506.066,1.228271648482628e-05
506.199,1.1252048680209223e-05
506.333,1.0276167909012369e-05
506.467,9.353131427771168e-06
506.601,8.480766526281132e-06
506.735,7.656131871698744e-06
506.869,6.876043261432982e-06
507.002,6.135056058344608e-06
507.136,5.428386744339738e-06
507.27,4.752886908051389e-06
507.404,4.106400225243432e-06
507.537,3.4876776039309843e-06
507.671,2.8958253128652173e-06
507.805,2.3306116123890066e-06
507.939,1.792723840948053e-06
508.072,1.2834796404896908e-06
508.206,8.044400841092056e-07
508.34,3.5710044673976095e-07
508.473,0.0
508.607,0.0
508.74,0.0
508.874,0.0
509.008,0.0
509.141,0.0
509.275,0.0
509.408,0.0
509.542,0.0
509.675,0.0
509.809,0.0
509.942,0.0
510.076,0.0
510.209,0.0
510.343,0.0
510.476,0.0
510.61,0.0
510.743,0.0
510.877,0.0
511.01,0.0
511.143,0.0
511.277,0.0
511.41,0.0
511.543,0.0
511.677,0.0
511.81,0.0
511.943,0.0
512.077,0.0
512.21,0.0
512.343,0.0
512.476,0.0
512.61,0.0
512.743,0.0
512.876,0.0
513.009,0.0
513.142,1.8624941806150465e-07
513.276,6.026289409662948e-07
513.409,1.0392087534220651e-06
513.542,1.501974084603424e-06
513.675,1.9987327497468414e-06
513.808,2.540974634026003e-06
513.941,3.1324738161472346e-06
514.074,3.7784904194443547e-06
514.207,4.483574016174504e-06
514.34,5.2969100964909134e-06
514.474,6.240051932220445e-06
514.607,7.311413996492869e-06
514.74,8.509065078536053e-06
514.873,9.781938869508993e-06
515.006,1.1025996422424861e-05
515.139,1.2106065348032126e-05
515.272,1.2975612861504237e-05
515.404,1.362628119873348e-05
515.537,1.4041693305728957e-05
515.67,1.4510168368932765e-05
515.803,1.499355735155096e-05
515.936,1.5476053370856653e-05
516.069,1.6950534442835963e-05
516.202,1.930917290665539e-05
516.335,2.4498702879771823e-05
516.468,4.0160872939236584e-05
516.6,7.240859523664859e-05
516.733,0.00012336953296646338
516.866,0.00013509476178024182
516.999,0.00011377685865110065
517.132,0.00016942571746640005
517.264,0.0002957497167704325
517.397,0.00028793027151377375
517.53,0.00018753526271613675
517.663,0.00013052622474979625
517.795,0.00010933282969297821
517.928,9.73013418977677e-05
518.061,0.00010746099451599438
518.193,0.00017568039787786095
518.326,0.0003758415539422917
518.459,0.00042150667927493305
518.591,0.0002824051522232191
518.724,0.00018337191941403578
518.857,0.0001340437116848823
518.989,0.0001065257580983842
519.122,9.105597324060355e-05
519.254,7.821276868072242e-05
519.387,6.600017275289769e-05
519.519,5.559839292777736e-05
519.652,4.7422203681446554e-05
519.784,4.146051959303615e-05
519.917,3.720948920631935e-05
520.049,3.378115361102178e-05
520.182,3.071386342933061e-05
520.314,2.7838197054323664e-05
520.447,2.520466952000687e-05
520.579,2.2974611997637552e-05
520.712,2.117014603971522e-05
520.844,1.967442535061293e-05
520.976,1.8341389652243484e-05
521.109,1.712227059105827e-05
521.241,1.6000811214934005e-05
521.373,1.4949768452342002e-05
521.506,1.3931528014934067e-05
521.638,1.2915207655122502e-05
521.77,1.186243527953226e-05
521.903,1.0786076358877408e-05
522.035,9.72993564992777e-06
522.167,8.71576322184112e-06
522.3,7.75330884393413e-06
522.432,6.857517498637293e-06
522.564,6.042177126482965e-06
522.696,5.306582625914187e-06
522.828,4.662995739129876e-06
522.961,4.112092025170262e-06
523.093,3.638136067490732e-06
523.225,3.223685861618908e-06
523.357,2.8555880294449505e-06
523.489,2.5274671839482915e-06
523.621,2.2337515175933994e-06
523.753,1.9693444351586017e-06
523.886,1.7308674220366465e-06
524.018,1.5104852548726575e-06
524.15,1.3018141562302133e-06
524.282,1.1035644317122956e-06
524.414,9.13959546922956e-07
524.546,7.268016379692874e-07
524.678,5.358271918609985e-07
524.81,3.3852965100431723e-07
524.942,1.3111983515074172e-07
525.074,0.0
525.206,0.0
525.338,0.0
525.47,0.0
525.601,0.0
525.733,0.0
525.865,0.0
525.997,0.0
526.129,0.0
526.261,0.0
526.393,0.0
526.524,0.0
526.656,0.0
526.788,0.0
526.92,0.0
527.052,0.0
527.183,0.0
527.315,0.0
527.447,0.0
527.578,0.0
527.71,0.0
527.842,0.0
527.973,0.0
528.105,0.0
528.237,0.0
528.368,0.0
528.5,0.0
528.632,0.0
528.763,0.0
528.895,0.0
529.026,0.0
529.158,0.0
529.289,0.0
529.421,0.0
529.552,0.0
529.684,0.0
529.815,0.0
529.947,0.0
530.078,0.0
530.21,0.0
530.341,0.0
530.472,0.0
530.604,0.0
530.735,0.0
530.867,0.0
530.998,0.0
531.129,0.0
531.261,0.0
531.392,0.0
531.523,0.0
531.654,0.0
531.786,0.0
531.917,1.2667825531747808e-07
532.048,2.533591800019068e-07
532.179,3.715228963519842e-07
532.311,4.807103989823225e-07
532.442,5.80270144755621e-07
532.573,6.695625022530047e-07
532.704,7.48067070872105e-07
532.835,8.153473232376286e-07
532.966,8.710334784782521e-07
533.097,9.147924792586258e-07
533.229,9.463119578051077e-07
533.36,9.654159870841586e-07
533.491,9.72001722551663e-07
533.622,9.660963329770728e-07
533.753,9.476914346794025e-07
533.884,9.166930396723412e-07
534.015,8.730929474552615e-07
534.146,8.169971474716146e-07
534.277,7.485234736879582e-07
534.408,6.678946473925046e-07
534.539,5.754627947847804e-07
534.67,4.716461257210302e-07
534.801,3.569988776466221e-07
534.932,2.3222694138710674e-07
535.063,9.809494607873428e-08
535.194,0.0
535.324,0.0
535.455,0.0
535.586,0.0
535.717,0.0
535.848,0.0
535.979,0.0
536.109,0.0
536.24,0.0
536.371,0.0
536.502,0.0
536.632,0.0
536.763,0.0
536.894,0.0
537.025,0.0
537.155,0.0
537.286,0.0
537.417,0.0
537.547,0.0
537.678,0.0
537.808,0.0
537.939,0.0
538.07,0.0
538.2,0.0
538.331,0.0
538.461,0.0
538.592,0.0
538.722,0.0
538.853,0.0
538.983,0.0
539.114,0.0
539.244,0.0
539.375,0.0
539.505,0.0
539.636,0.0
539.766,0.0
539.896,0.0
540.027,0.0
540.157,0.0
540.287,0.0
540.418,0.0
540.548,0.0
540.678,0.0
540.809,0.0
540.939,0.0
541.069,0.0
541.199,0.0
541.33,0.0
541.46,0.0
541.59,0.0
541.72,0.0
541.851,0.0
541.981,0.0
542.111,0.0
542.241,1.8805167820175927e-07
542.371,3.7549139127354887e-07
542.501,5.511293982789516e-07
542.631,7.137047240525709e-07
542.761,8.621115768053163e-07
542.891,9.99457448896159e-07
543.021,1.1247106696505413e-06
543.151,1.2369174953480365e-06
543.281,1.3352071766669842e-06
543.411,1.418798861635998e-06
543.541,1.487032990218411e-06
543.671,1.539410694167259e-06
543.801,1.5754635868011772e-06
543.931,1.620847910456365e-06
544.061,1.6752922848053867e-06
544.191,1.7386101361611056e-06
544.321,1.8108226581656622e-06
544.451,1.8919585368149113e-06
544.581,1.9821748274408714e-06
544.711,2.081766756634543e-06
544.841,2.1910866520290972e-06
544.97,2.2411118564564083e-06
545.1,2.232549599519853e-06
545.23,2.16624611451187e-06
545.36,2.043139341123688e-06
545.49,1.864471827060322e-06
545.619,1.6315846142755562e-06
545.749,1.3459178472574054e-06
545.879,1.00915673498173e-06
546.009,6.919112282090108e-07
546.138,3.95850330861028e-07
546.268,1.226544204902081e-07
546.398,0.0
546.527,0.0
546.657,0.0
546.787,0.0
546.916,0.0
547.046,0.0
547.175,0.0
547.305,0.0
547.434,0.0
547.564,0.0
547.694,0.0
547.823,0.0
547.953,0.0
548.082,0.0
548.211,0.0
548.341,0.0
548.47,0.0
548.6,0.0
548.729,0.0
548.859,0.0
548.988,0.0
549.117,0.0
549.247,0.0
549.376,0.0
549.505,0.0
549.635,0.0
549.764,0.0
549.893,0.0
550.023,0.0
550.152,1.4644689964018577e-07
550.281,3.807992035616196e-07
550.41,6.227213694328497e-07
550.539,8.705120865157486e-07
550.669,1.1224744150234818e-06
550.798,1.3768294127648967e-06
550.927,1.6285102733220526e-06
551.056,1.8758046682039786e-06
551.185,2.116459280833015e-06
551.314,2.34870166585376e-06
551.443,2.5707580469913857e-06
551.573,2.7807969118036683e-06
551.702,2.9770680703016884e-06
551.831,3.1579231336415587e-06
551.96,3.3491271481427543e-06
552.089,3.549097794076535e-06
552.218,3.7562879400743325e-06
552.347,3.969167158543096e-06
552.476,4.186240754476967e-06
552.605,4.406146482984089e-06
552.734,4.627620455628854e-06
552.863,4.849561777811567e-06
552.992,4.906836074830773e-06
553.121,4.798895073602012e-06
553.249,4.525468277124202e-06
553.378,4.086625321403126e-06
553.507,3.763146285146673e-06
553.636,3.5555584631184064e-06
553.765,3.464594394146034e-06
553.894,3.4911089590404665e-06
554.023,3.47179380836715e-06
554.151,3.407902661182811e-06
554.28,3.3008029419683435e-06
554.409,3.1519066660536994e-06
554.538,2.9626891352387846e-06
554.666,2.73461572133474e-06
554.795,2.469221005921461e-06
554.924,2.1680994290856295e-06
555.053,1.8601941193769042e-06
555.181,1.546981534187896e-06
555.31,1.2300108762275373e-06
555.439,9.109607885017932e-07
555.567,5.915333674050301e-07
555.696,2.7356893443797906e-07
555.824,0.0
555.953,0.0
556.082,0.0
556.21,0.0
556.339,0.0
556.467,0.0
556.596,0.0
556.724,0.0
556.853,0.0
556.981,0.0
557.11,0.0
557.238,0.0
557.367,0.0
557.495,0.0
557.623,0.0
557.752,0.0
557.88,0.0
558.008,0.0
558.137,0.0
558.265,0.0
558.393,0.0
558.522,0.0
558.65,0.0
558.778,0.0
558.907,0.0
559.035,0.0
559.163,0.0
559.291,0.0
559.419,0.0
559.548,0.0
559.676,0.0
559.804,0.0
559.932,0.0
560.06,0.0
560.188,0.0
560.316,0.0
560.444,0.0
560.572,0.0
560.7,0.0
560.828,5.4834274591242227e-08
560.957,3.85116734906452e-07
561.085,7.323175796211089e-07
561.212,1.0965582048580956e-06
561.34,1.4774475759788308e-06
561.468,1.8748102636173442e-06
561.596,2.288862905744002e-06
561.724,2.7200695746395187e-06
561.852,3.1690459577039617e-06
561.98,3.6388264558556826e-06
562.108,4.127544453872509e-06
562.236,4.633273385155214e-06
562.364,5.154704481547956e-06
562.492,5.691178672253116e-06
562.619,6.242491522132519e-06
562.747,6.809130238915028e-06
562.875,7.3930177091185295e-06
563.003,7.99407185628745e-06
563.13,8.610305062190153e-06
563.258,9.241888553287514e-06
563.386,9.894209675828218e-06
563.514,1.0573488797637867e-05
563.641,1.1289773030979389e-05
563.769,1.2052921744924395e-05
563.897,1.2847536441645749e-05
564.024,1.3663590918208545e-05
564.152,1.4516989800531076e-05
564.28,1.5421460330527562e-05
564.407,1.6386499128859065e-05
564.535,1.741786830653179e-05
564.662,1.8518538457960946e-05
564.79,1.969238248500973e-05
564.917,2.0980109874285213e-05
565.045,2.2439644589574557e-05
565.173,2.4089547114846255e-05
565.3,2.5939915531814623e-05
565.428,2.7979549937914137e-05
565.555,3.0198059993710525e-05
565.682,3.257927503962613e-05
565.81,3.510840929692203e-05
565.937,3.775516989151299e-05
566.065,4.044008702324615e-05
566.192,4.310715023951007e-05
566.32,4.57227515455463e-05
566.447,4.826487611797376e-05
566.574,5.070635221819092e-05
566.702,5.300895833280252e-05
566.829,5.5126574185318405e-05
566.956,5.7039159766562366e-05
567.084,5.8742763994768126e-05
567.211,6.014158141931783e-05
567.338,6.1017774477792765e-05
567.465,6.141460475064337e-05
567.593,6.135683960291763e-05
567.72,6.161742347359166e-05
567.847,6.360689234176279e-05
567.974,6.780142044297161e-05
568.101,7.632928212207907e-05
568.228,8.811012316965078e-05
568.356,9.379731536386035e-05
568.483,9.157660759259874e-05
568.61,9.475408993157917e-05
568.737,0.00011181356278492509
568.864,0.0001366943226633567
568.991,0.00012847770021951542
569.118,0.00010410686641333825
569.245,8.413909017817586e-05
569.372,7.271077906031353e-05
569.499,6.384525356058718e-05
569.626,5.6204234934567086e-05
569.753,5.038478531279791e-05
569.88,4.5409290016568336e-05
570.007,4.127129122770587e-05
570.134,3.7836426917247113e-05
570.261,3.4767579597632354e-05
570.388,3.20838841193847e-05
570.515,2.9657335774746482e-05
570.642,2.7427817371747553e-05
570.768,2.53769425619527e-05
570.895,2.3493457433254456e-05
571.022,2.175759930116902e-05
571.149,2.0148479630629407e-05
571.276,1.8659490315119664e-05
571.402,1.726151498737742e-05
571.529,1.594321499733111e-05
571.656,1.469787248770727e-05
571.783,1.3524545659734903e-05
571.909,1.2418669028085385e-05
572.036,1.1376120681348221e-05
572.163,1.0393236183339325e-05
572.289,9.460206543417456e-06
572.416,8.580853395528229e-06
572.543,7.75918379178042e-06
572.669,6.996937125541534e-06
572.796,6.291564542661104e-06
572.922,5.641010674996815e-06
573.049,5.05045965365076e-06
573.176,4.522196973821983e-06
573.302,4.052242023424045e-06
573.429,3.6334669711153678e-06
573.555,3.2573997936288897e-06
573.682,2.9166219835674125e-06
573.808,2.605662278439077e-06
573.935,2.3189415040279616e-06
574.061,2.051577510870956e-06
574.188,1.7999343450293341e-06
574.314,1.5624722954815878e-06
574.44,1.3366440252990822e-06
574.567,1.1198361648246238e-06
574.693,9.093676275609147e-07
574.82,7.027970580304709e-07
574.946,4.979588824137729e-07
575.072,2.8921730248867723e-07
575.198,7.400363906683906e-08
575.325,0.0
575.451,0.0
575.577,0.0
575.704,0.0
575.83,0.0
575.956,0.0
576.082,0.0
576.208,0.0
576.335,0.0
576.461,0.0
576.587,0.0
576.713,0.0
576.839,0.0
576.965,0.0
577.091,0.0
577.217,0.0
577.343,0.0
577.47,0.0
577.596,0.0
577.722,0.0
577.848,0.0
577.973,0.0
578.099,0.0
578.225,0.0
578.351,0.0
578.477,0.0
578.603,0.0
578.729,0.0
578.855,0.0
578.981,0.0
579.107,0.0
579.232,0.0
579.358,0.0
579.484,0.0
579.61,0.0
579.735,0.0
579.861,0.0
579.987,0.0
580.113,0.0
580.238,0.0
580.364,0.0
580.49,0.0
580.615,0.0
580.741,0.0
580.867,0.0
580.992,0.0
581.118,0.0
581.243,1.7900952059639184e-07
581.369,7.192001158743287e-07
581.494,1.3020493717915428e-06
581.62,1.9301099290477187e-06
581.745,2.6066986539978824e-06
581.871,3.3349763003720104e-06
581.996,4.1165913809314366e-06
582.122,4.9517114412554735e-06
582.247,5.828957359491748e-06
582.373,6.745982111160659e-06
582.498,7.707739173957358e-06
582.624,8.72726597641988e-06
582.749,9.818595280309624e-06
582.874,1.099376411864161e-05
583.0,1.2258245520446439e-05
583.125,1.3607343383663638e-05
583.25,1.5048313732826231e-05
583.376,1.656439691725234e-05
583.501,1.816289060672185e-05
583.626,1.9805807260792058e-05
583.751,2.1434766138186792e-05
583.877,2.300388096752417e-05
584.002,2.4562340494991214e-05
584.127,2.621767308893155e-05
584.252,2.7926102997922677e-05
584.377,2.974762946144327e-05
584.503,3.130299769374678e-05
584.628,3.231367114424842e-05
584.753,3.361577821221289e-05
584.878,3.572680168509218e-05
585.003,3.9095331984774595e-05
585.128,4.7409267454800555e-05
585.253,6.667644925264314e-05
585.378,6.06639592522184e-05
585.503,5.817567122193297e-05
585.628,5.860827222442972e-05
585.753,6.1033066713731764e-05
585.878,6.506867050984106e-05
586.003,7.068326848916699e-05
586.128,7.548867420787946e-05
586.253,7.952097810968753e-05
586.378,8.600890965302549e-05
586.503,9.523874017247923e-05
586.628,0.00010578096847026325
586.753,0.00011771049393784068
586.878,0.00013125733801263773
587.003,0.00014656950603464538
587.127,0.00016381698482190773
587.252,0.0001830515701653816
587.377,0.0002036060963140927
587.502,0.00022559090613754994
587.627,0.0002519000434739432
587.751,0.00028554742423413424
587.876,0.00032901425480109795
588.001,0.00035728476897218186
588.125,0.0004094654330735996
588.25,0.00047967582617813566
588.375,0.000569388562290369
588.499,0.0006885217779233916
588.624,0.0008434481504876969
588.749,0.001075622888798814
588.873,0.0013354664245535492
588.998,0.001573382200914758
589.122,0.0016507855071957029
589.247,0.0015255824370784047
589.372,0.0013823159214680625
589.496,0.0014089463836094052
589.621,0.0014953088993089818
589.745,0.0014436488775560871
589.87,0.0011960191171926863
589.994,0.0009467266881334894
590.118,0.0007666792765177059
590.243,0.0006512430245715236
590.367,0.0005560342001319779
590.492,0.0004816273704570687
590.616,0.0004241472217663939
590.74,0.0003766641915015086
590.865,0.0003361958651308033
590.989,0.0003024167476445795
591.114,0.00027366515784382273
591.238,0.0002487304259042049
591.362,0.0002274314231427086
591.486,0.00020879751117924052
591.611,0.0001934662713594618
591.735,0.00018099273315127566
591.859,0.00016619659044580045
591.983,0.00014894977797132004
592.107,0.00013530597438552754
592.232,0.00012530778959804007
592.356,0.00011504788303406174
592.48,0.00010454896063070693
592.604,9.488855290047457e-05
592.728,8.608354489619798e-05
592.852,7.845965092359717e-05
592.976,7.199478993806285e-05
593.1,6.637376614007056e-05
593.224,6.148994304885618e-05
593.349,5.715866875715425e-05
593.473,5.328361822059358e-05
593.597,4.9810306982054833e-05
593.721,4.6409699664822914e-05
593.844,4.30263350172548e-05
593.968,3.960461830818204e-05
594.092,3.612463752987827e-05
594.216,3.416322643874163e-05
594.34,3.3711770186429224e-05
594.464,3.202981989086123e-05
594.588,2.9104233951034558e-05
594.712,2.6518752189591e-05
594.836,2.4261798763443504e-05
594.959,2.2326859743195164e-05
595.083,2.0711657541367213e-05
595.207,1.914796401676323e-05
595.331,1.7633391366634452e-05
595.455,1.6166037579041377e-05
595.578,1.474176511546031e-05
595.702,1.3387265230483234e-05
595.826,1.2102965834048622e-05
595.949,1.0895177639195513e-05
596.073,9.760868328282517e-06
596.197,8.696495922538582e-06
596.32,7.698138755354093e-06
596.444,6.764836785400596e-06
596.568,5.8928944101017394e-06
596.691,5.076806483829792e-06
596.815,4.317204594460355e-06
596.938,3.612591684932987e-06
597.062,2.9600910984795383e-06
597.186,2.3567424193638193e-06
597.309,1.7997643363022028e-06
597.433,1.2869083170266736e-06
597.556,8.162468414201294e-07
597.679,3.8722737189637383e-07
597.803,0.0
597.926,0.0
598.05,0.0
598.173,0.0
598.297,0.0
598.42,0.0
598.543,0.0
598.667,0.0
598.79,0.0
598.913,0.0
599.037,0.0
599.16,0.0
599.283,0.0
599.406,0.0
599.53,0.0
599.653,0.0
599.776,0.0
599.899,0.0
600.022,0.0
600.145,0.0
600.269,0.0
600.392,0.0
600.515,0.0
600.638,0.0
600.761,0.0
600.884,0.0
601.007,0.0
601.13,0.0
601.253,0.0
601.376,0.0
601.499,0.0
601.622,0.0
601.745,0.0
601.868,0.0
601.991,0.0
602.113,0.0
602.236,0.0
602.359,0.0
602.482,0.0
602.605,0.0
602.728,0.0
602.85,0.0
602.973,0.0
603.096,0.0
603.219,0.0
603.341,0.0
603.464,0.0
603.587,0.0
603.709,0.0
603.832,0.0
603.955,0.0
604.077,0.0
604.2,0.0
604.322,0.0
604.445,0.0
604.568,0.0
604.69,0.0
604.813,0.0
604.935,0.0
605.058,0.0
605.18,0.0
605.303,0.0
605.425,0.0
605.547,0.0
605.67,0.0
605.792,0.0
605.915,0.0
606.037,0.0
606.159,0.0
606.282,0.0
606.404,0.0
606.526,0.0
606.648,0.0
606.771,0.0
606.893,0.0
607.015,0.0
607.137,0.0
607.26,0.0
607.382,0.0
607.504,0.0
607.626,0.0
607.748,0.0
607.87,0.0
607.992,0.0
608.114,0.0
608.236,0.0
608.359,0.0
608.481,0.0
608.603,0.0
608.725,0.0
608.847,0.0
608.968,0.0
609.09,0.0
609.212,0.0
609.334,0.0
609.456,0.0
609.578,0.0
609.7,0.0
609.822,0.0
609.944,0.0
610.065,0.0
610.187,0.0
610.309,0.0
610.431,0.0
610.552,0.0
610.674,0.0
610.796,0.0
610.918,0.0
611.039,0.0
611.161,0.0
611.282,0.0
611.404,0.0
611.526,0.0
611.647,0.0
611.769,0.0
611.89,0.0
612.012,0.0
612.134,0.0
612.255,0.0
612.377,0.0
612.498,0.0
612.619,0.0
612.741,0.0
612.862,3.496481365263983e-07
612.984,7.274563847641794e-07
613.105,1.120478532165172e-06
613.226,1.5240211276718898e-06
613.348,1.93706363180184e-06
613.469,2.3377422931229215e-06
613.59,2.7070351203133577e-06
613.712,3.0427171435115657e-06
613.833,3.3276579571762885e-06
613.954,3.528901934205426e-06
614.076,3.6425213072499943e-06
614.197,3.6897934452548113e-06
614.318,3.7414615375876903e-06
614.439,3.904357575653503e-06
614.56,4.242270037122304e-06
614.682,4.702944050754632e-06
614.803,5.1603840606581945e-06
614.924,6.1139055439505034e-06
615.045,7.96297983187416e-06
615.166,9.557225677541857e-06
615.287,1.202543905773921e-05
615.408,2.3482170499959406e-05
615.529,2.290328336213422e-05
615.65,1.7352184884890857e-05
615.771,1.2652460676936655e-05
615.892,1.6362156753835833e-05
616.013,2.9376266798895654e-05
616.134,3.898856296591679e-05
616.255,3.4002766773407244e-05
616.376,2.1397505716415673e-05
616.497,1.3628595537438846e-05
616.618,1.1235022604582467e-05
616.739,9.756841646035608e-06
616.86,8.638821767915176e-06
616.981,8.06548389915299e-06
617.101,7.445763748686428e-06
617.222,6.7214448183212486e-06
617.343,5.9616001910991284e-06
617.464,5.113178900638429e-06
617.585,4.241699119174444e-06
617.705,3.3891184553253958e-06
617.826,2.532159080864737e-06
617.947,1.7327898934215228e-06
618.068,1.0477401205574311e-06
618.188,5.148596419980832e-07
618.309,1.27289017780129e-07
618.43,0.0
618.55,0.0
618.671,0.0
618.791,0.0
618.912,0.0
619.033,0.0
619.153,0.0
619.274,0.0
619.394,0.0
619.515,0.0
619.635,0.0
619.756,0.0
619.876,0.0
619.996,0.0
620.117,0.0
620.237,0.0
620.358,0.0
620.478,0.0
620.598,0.0
620.719,0.0
620.839,0.0
620.959,0.0
621.079,0.0
621.2,0.0
621.32,0.0
621.44,0.0
621.56,0.0
621.681,0.0
621.801,0.0
621.921,0.0
622.041,4.645991787145625e-08
622.161,1.795885675035568e-07
622.281,3.0321414839510724e-07
622.401,4.178074845436602e-07
622.521,5.233397824312087e-07
622.641,6.197964496765495e-07
622.761,7.072708231084226e-07
622.882,7.86049796985219e-07
623.002,8.564539156413961e-07
623.121,9.18551587608759e-07
623.241,9.7224512804283e-07
623.361,1.0174641471482122e-06
623.481,1.0542544862205105e-06
623.601,1.0828361110884714e-06
623.721,1.10354781736925e-06
623.841,1.1167301998983509e-06
623.961,1.1220785157945045e-06
624.081,1.1195967389945214e-06
624.201,1.1096854652120209e-06
624.32,1.0928455444432167e-06
624.44,1.0695717053430859e-06
624.56,1.040282020667543e-06
624.68,1.0054273368425593e-06
624.799,9.655210467574688e-07
624.919,9.211689312322682e-07
625.039,8.730668404245606e-07
625.159,8.218391493715354e-07
625.278,7.680174588286667e-07
625.398,7.121364809149877e-07
625.518,6.546744782574348e-07
625.637,5.960980173012081e-07
625.757,5.368850114104974e-07
625.876,4.774172499032586e-07
625.996,4.1794483956978665e-07
626.115,3.5858368852376315e-07
626.235,2.9945444436439556e-07
626.355,2.406840365311371e-07
626.474,1.8239544840307947e-07
626.593,1.2471338208131794e-07
626.713,6.775475352423911e-08
626.832,1.1651917840182428e-08
626.952,0.0
627.071,0.0
627.191,0.0
627.31,0.0
627.429,0.0
627.549,0.0
627.668,0.0
627.787,0.0
627.907,0.0
628.026,0.0
628.145,0.0
628.264,0.0
628.384,0.0
628.503,0.0
628.622,0.0
628.741,0.0
628.86,0.0
628.98,0.0
629.099,0.0
629.218,0.0
629.337,0.0
629.456,0.0
629.575,0.0
629.694,0.0
629.813,0.0
629.932,0.0
630.051,0.0
630.17,0.0
630.289,0.0
630.408,0.0
630.527,0.0
630.646,0.0
630.764,0.0
630.883,0.0
631.002,0.0
631.121,0.0
631.24,0.0
631.359,0.0
631.477,0.0
631.596,0.0
631.715,0.0
631.834,0.0
631.952,0.0
632.071,0.0
632.19,0.0
632.308,0.0
632.427,0.0
632.546,0.0
632.664,0.0
632.783,0.0
632.901,0.0
633.02,0.0
633.138,0.0
633.257,0.0
633.375,0.0
633.494,0.0
633.612,0.0
633.731,0.0
633.849,0.0
633.968,0.0
634.086,0.0
634.204,0.0
634.323,0.0
634.441,0.0
634.559,0.0
634.678,0.0
634.796,0.0
634.914,0.0
635.032,0.0
635.151,0.0
635.269,0.0
635.387,0.0
635.505,0.0
635.623,0.0
635.742,0.0
635.86,0.0
635.978,0.0
636.096,0.0
636.214,0.0
636.332,0.0
636.45,0.0
636.568,0.0
636.686,0.0
636.804,0.0
636.922,0.0
637.04,0.0
637.158,0.0
637.276,0.0
637.394,0.0
637.512,0.0
637.629,0.0
637.747,0.0
637.865,0.0
637.983,0.0
638.101,0.0
638.218,0.0
638.336,0.0
638.454,0.0
638.572,0.0
638.689,0.0
638.807,0.0
638.925,0.0
639.042,0.0
639.16,0.0
639.278,0.0
639.395,0.0
639.513,0.0
639.63,0.0
639.748,0.0
639.865,0.0
639.983,0.0
640.1,0.0
640.218,0.0
640.335,0.0
640.453,0.0
640.57,0.0
640.687,0.0
640.805,0.0
640.922,0.0
641.04,0.0
641.157,0.0
641.274,0.0
641.391,0.0
641.509,0.0
641.626,0.0
641.743,0.0
641.86,0.0
641.978,0.0
642.095,0.0
642.212,0.0
642.329,0.0
642.446,0.0
642.563,0.0
642.681,0.0
642.798,0.0
642.915,0.0
643.032,0.0
643.149,0.0
643.266,0.0
643.383,0.0
643.5,0.0
643.617,0.0
643.734,0.0
643.85,0.0
643.967,0.0
644.084,0.0
644.201,0.0
644.318,0.0
644.435,0.0
644.552,0.0
644.668,0.0
644.785,0.0
644.902,0.0
645.019,0.0
645.135,0.0
645.252,0.0
645.369,0.0
645.485,0.0
645.602,0.0
645.719,0.0
645.835,0.0
645.952,0.0
646.068,0.0
646.185,0.0
646.302,0.0
646.418,0.0
646.535,0.0
646.651,0.0
646.768,0.0
646.884,0.0
647.0,0.0
647.117,0.0
647.233,0.0
647.35,0.0
647.466,0.0
647.582,0.0
647.699,0.0
647.815,0.0
647.931,0.0
648.047,0.0
648.164,0.0
648.28,0.0
648.396,0.0
648.512,0.0
648.629,0.0
648.745,0.0
648.861,0.0
648.977,0.0
649.093,0.0
649.209,0.0
649.325,0.0
649.441,0.0
649.557,0.0
649.673,0.0
649.789,0.0
649.905,0.0
650.021,0.0
650.137,0.0
650.253,0.0
650.369,0.0
650.485,0.0
650.601,0.0
650.717,0.0
650.833,0.0
650.948,0.0
651.064,0.0
651.18,0.0
651.296,0.0
651.411,0.0
651.527,0.0
651.643,6.141983644092105e-08
651.759,3.3730476727245425e-07
651.874,6.543633563549717e-07
651.99,1.015114851903066e-06
652.105,1.4222696275029535e-06
652.221,1.882429760957753e-06
652.337,2.402184859306974e-06
652.452,2.9879773446565784e-06
652.568,3.645824136579477e-06
652.683,4.381148953170764e-06
652.799,5.194070568776736e-06
652.914,6.086452928418566e-06
653.03,7.059394480826787e-06
653.145,8.119203002864542e-06
653.261,9.269925193484281e-06
653.376,1.051361386373864e-05
653.492,1.185093582098507e-05
653.607,1.3283565860091904e-05
653.722,1.4818835572451204e-05
653.838,1.6467833345097146e-05
653.953,1.8240715981752088e-05
654.068,2.0144750299773333e-05
654.184,2.2185626072134895e-05
654.299,2.436946305465933e-05
654.414,2.6702546886048826e-05
654.53,2.9185740941102428e-05
654.645,3.184548851652147e-05
654.76,3.467366719293406e-05
654.875,3.7669396493693314e-05
654.99,4.08249284744769e-05
655.106,4.4164142593147663e-05
655.221,4.770710131954894e-05
655.336,5.146705486269857e-05
655.451,5.547443723248243e-05
655.566,5.9638443093923234e-05
655.681,6.404185886694651e-05
655.796,6.872882705595017e-05
655.911,7.370863987806531e-05
656.026,7.879265260189631e-05
656.141,8.3454539102109e-05
656.256,8.722045851954715e-05
656.371,8.94389933635459e-05
656.486,9.00803213652381e-05
656.601,8.93496363645055e-05
656.716,8.744054046147095e-05
656.831,8.4993345697881e-05
656.946,8.216565729063128e-05
657.06,7.912842311644929e-05
657.175,7.606269583271984e-05
657.29,7.292969952171894e-05
657.405,6.982796934124625e-05
657.52,6.681278000212749e-05
657.634,6.39371568722105e-05
657.749,6.118191373592863e-05
657.864,5.854422088517479e-05
657.979,5.60130814907289e-05
658.093,5.3568730038842827e-05
658.208,5.122583161804263e-05
658.323,4.8970163681563956e-05
658.437,4.678923999465127e-05
658.552,4.4671726818157044e-05
658.666,4.262161859776123e-05
658.781,4.062955563729294e-05
658.895,3.8684650526935635e-05
659.01,3.677478079619294e-05
659.125,3.4884952367639436e-05
659.239,3.301068666314948e-05
659.353,3.1146663237585915e-05
659.468,2.928712782547002e-05
659.582,2.743138695196885e-05
659.697,2.558163254924638e-05
659.811,2.3742501642682825e-05
659.926,2.1921613806826803e-05
660.04,2.0128052641488107e-05
660.154,1.8371807501599042e-05
660.269,1.6663842509241435e-05
660.383,1.5016422907994509e-05
660.497,1.344028941101464e-05
660.612,1.1949389589262691e-05
660.726,1.0556365979598088e-05
660.84,9.271533872141765e-06
660.954,8.101881679203966e-06
661.068,7.050120637220091e-06
661.183,6.115213809043425e-06
661.297,5.292735482205463e-06
661.411,4.574886412038081e-06
661.525,3.951555740571155e-06
661.639,3.411400037491757e-06
661.753,2.9425513781354618e-06
661.867,2.533441899574549e-06
661.981,2.1737242776232777e-06
662.095,1.8546842592341525e-06
662.209,1.568441222625225e-06
662.323,1.3090170545885173e-06
662.437,1.0716747561429886e-06
662.551,8.525784857049898e-07
662.665,6.488736734738901e-07
662.779,4.5836132118279724e-07
662.893,2.7922150323187573e-07
663.007,1.1020795642747237e-07
663.121,0.0
663.235,0.0
663.348,0.0
663.462,0.0
663.576,0.0
663.69,0.0
663.804,0.0
663.917,0.0
664.031,0.0
664.145,0.0
664.258,0.0
664.372,0.0
664.486,0.0
664.599,0.0
664.713,0.0
664.827,0.0
664.94,0.0
665.054,0.0
665.167,0.0
665.281,0.0
665.394,0.0
665.508,0.0
665.621,0.0
665.735,0.0
665.848,0.0
665.961,0.0
666.075,0.0
666.188,0.0
666.301,0.0
666.415,0.0
666.528,0.0
666.641,0.0
666.755,0.0
666.868,0.0
666.981,0.0
667.094,0.0
667.207,0.0
667.321,0.0
667.434,0.0
667.547,0.0
667.66,0.0
667.773,0.0
667.886,0.0
667.999,0.0
668.112,0.0
668.225,0.0
668.338,0.0
668.451,0.0
668.564,0.0
668.677,0.0
668.79,0.0
668.903,0.0
669.016,0.0
669.129,0.0
669.242,0.0
669.355,0.0
669.467,0.0
669.58,0.0
669.693,0.0
669.806,0.0
669.918,0.0
670.031,0.0
670.144,0.0
670.256,0.0
670.369,0.0
670.482,0.0
670.594,0.0
670.707,0.0
670.82,0.0
670.932,0.0
671.045,0.0
671.157,0.0
671.27,0.0
671.382,0.0
671.495,0.0
671.607,0.0
671.72,0.0
671.832,0.0
671.944,0.0
672.057,0.0
672.169,0.0
672.282,0.0
672.394,0.0
672.506,0.0
672.618,0.0
672.731,0.0
672.843,0.0
672.955,0.0
673.067,0.0
673.18,0.0
673.292,0.0
673.404,0.0
673.516,0.0
673.628,0.0
673.74,0.0
673.852,0.0
673.964,0.0
674.076,0.0
674.188,0.0
674.3,0.0
674.412,0.0
674.524,0.0
674.636,0.0
674.748,0.0
674.86,0.0
674.972,0.0
675.084,0.0
675.196,0.0
675.307,0.0
675.419,0.0
675.531,0.0
675.643,0.0
675.755,0.0
675.866,0.0
675.978,0.0
676.09,0.0
676.201,0.0
676.313,0.0
676.425,0.0
676.536,0.0
676.648,0.0
676.759,0.0
676.871,0.0
676.983,0.0
677.094,0.0
677.206,0.0
677.317,0.0
677.429,0.0
677.54,0.0
677.651,0.0
677.763,0.0
677.874,0.0
677.986,0.0
678.097,0.0
678.208,0.0
678.32,0.0
678.431,0.0
678.542,0.0
678.653,0.0
678.765,0.0
678.876,0.0
678.987,0.0
679.098,0.0
679.209,0.0
679.32,0.0
679.432,0.0
679.543,0.0
679.654,0.0
679.765,0.0
679.876,0.0
679.987,0.0
680.098,0.0
680.209,0.0
680.32,0.0
680.431,0.0
680.542,0.0
680.653,0.0
680.763,0.0
680.874,0.0
680.985,0.0
681.096,0.0
681.207,0.0
681.318,0.0
681.428,0.0
681.539,0.0
681.65,0.0
681.761,0.0
681.871,0.0
681.982,0.0
682.093,0.0
682.203,0.0
682.314,0.0
682.424,0.0
682.535,0.0
682.645,0.0
682.756,0.0
682.867,0.0
682.977,0.0
683.087,0.0
683.198,0.0
683.308,0.0
683.419,0.0
683.529,0.0
683.64,0.0
683.75,0.0
683.86,0.0
683.971,0.0
684.081,1.544009160567388e-08
684.191,4.037631199415561e-08
684.301,6.356843790597596e-08
684.412,8.502600827620283e-08
684.522,1.0463249586347848e-07
684.632,1.2234594190189874e-07
684.742,1.3822838130760207e-07
684.852,1.522389387402357e-07
684.963,1.642585954022095e-07
685.073,1.7415742479598774e-07
685.183,1.8175670994889134e-07
685.293,1.8691144589891318e-07
685.403,1.8960713984161026e-07
685.513,1.8977702242656205e-07
685.623,1.873166065019588e-07
685.733,1.8220704740907194e-07
685.843,1.7445281872014517e-07
685.953,1.641399153953277e-07
686.063,1.5141195114102986e-07
686.173,1.364067655767686e-07
686.283,1.192327400501702e-07
686.393,9.996879348918224e-08
686.503,7.868902170911344e-08
686.612,5.5501623388541145e-08
686.722,3.056563737905758e-08
686.832,4.033625905110978e-09
686.942,0.0
687.052,0.0
687.161,0.0
687.271,0.0
687.381,0.0
687.491,0.0
687.6,0.0
687.71,0.0
687.82,0.0
687.929,0.0
688.039,0.0
688.148,0.0
688.258,0.0
688.367,0.0
688.477,0.0
688.586,0.0
688.696,0.0
688.805,0.0
688.915,0.0
689.024,0.0
689.134,0.0
689.243,0.0
689.352,0.0
689.462,0.0
689.571,0.0
689.68,0.0
689.79,0.0
689.899,0.0
690.008,0.0
690.117,0.0
690.227,0.0
690.336,0.0
690.445,0.0
690.554,0.0
690.663,0.0
690.772,0.0
690.881,0.0
690.99,0.0
691.1,0.0
691.209,0.0
691.318,0.0
691.427,0.0
691.535,0.0
691.644,0.0
691.753,0.0
691.862,0.0
691.971,0.0
692.08,0.0
692.189,0.0
692.298,0.0
692.407,0.0
692.515,0.0
692.624,0.0
692.733,0.0
692.842,0.0
692.95,0.0
693.059,0.0
693.168,0.0
693.276,0.0
693.385,0.0
693.494,0.0
693.602,0.0
693.711,0.0
693.819,0.0
693.928,0.0
694.036,0.0
694.145,0.0
694.253,0.0
694.362,0.0
694.47,0.0
694.579,0.0
694.687,0.0
694.795,0.0
694.693,0.0
694.893,0.0
695.093,0.0
695.293,0.0
695.492,3.067523810220571e-07
695.692,7.488249720248055e-07
695.891,2.243001088531211e-06
696.091,2.8816586170106366e-06
696.291,2.2606972929581257e-06
696.49,1.4602461046810788e-06
696.69,4.585816395322093e-07
696.889,0.0
697.089,0.0
697.288,0.0
697.488,0.0
697.687,0.0
697.887,0.0
698.086,0.0
698.286,0.0
698.485,0.0
698.684,0.0
698.884,0.0
699.083,0.0
699.282,6.198356383747222e-08
699.482,3.149726324818091e-07
699.681,5.851561146593548e-07
699.88,8.671500573303887e-07
700.08,1.177970871097994e-06
700.279,1.5136338275031456e-06
700.478,1.8463011154393932e-06
700.677,2.1547843379625042e-06
700.877,2.4278176040719497e-06
701.076,2.657461350087976e-06
701.275,2.843578085254915e-06
701.474,2.9872601204648287e-06
701.673,3.06226040755279e-06
701.872,3.0697638847125085e-06
702.071,3.0273781383081736e-06
702.271,2.9428513881799395e-06
702.47,2.7946854253909706e-06
702.669,2.586091944643826e-06
702.868,2.3324139597594208e-06
703.067,2.0423061536498904e-06
703.266,1.7161715960812252e-06
703.465,1.346444432659614e-06
703.664,9.252081958541088e-07
703.863,4.5725810969621696e-07
704.062,0.0
704.26,0.0
704.459,0.0
704.658,0.0
704.857,0.0
705.056,0.0
705.255,0.0
705.454,0.0
705.652,0.0
705.851,0.0
706.05,0.0
706.249,0.0
706.447,0.0
706.646,0.0
706.845,0.0
707.043,0.0
707.242,0.0
707.441,0.0
707.639,0.0
707.838,0.0
708.037,0.0
708.235,0.0
708.434,0.0
708.632,0.0
708.831,0.0
709.029,0.0
709.228,0.0
709.426,0.0
709.625,0.0
709.823,0.0
710.022,0.0
710.22,0.0
710.418,0.0
710.617,0.0
710.815,0.0
711.013,0.0
711.212,0.0
711.41,0.0
711.608,0.0
711.807,0.0
712.005,0.0
712.203,2.535221483547787e-08
712.401,3.60858303288489e-07
712.599,6.968301128739413e-07
712.798,1.0311746903267096e-06
712.996,1.3613866728403907e-06
713.194,1.6849451456085783e-06
713.392,2.0001438883662313e-06
713.59,2.305993342381089e-06
713.788,2.6019308033713003e-06
713.986,2.8877675259401362e-06
714.184,3.1631152624115173e-06
714.382,3.4273583038164377e-06
714.58,3.6798359730115483e-06
714.778,3.919573623669057e-06
714.976,4.145219020207631e-06
715.174,4.355054503451232e-06
715.372,4.546995046999743e-06
715.57,4.718866036718241e-06
715.768,4.86882294037503e-06
715.966,4.9954488111027356e-06
716.164,5.097624179122392e-06
716.362,5.17459161457447e-06
716.56,5.2260460420037544e-06
716.758,5.251968812418537e-06
716.955,5.252622758966378e-06
717.153,5.228483701098322e-06
717.351,5.180213754646433e-06
717.549,5.108583277339575e-06
717.746,5.014570930401311e-06
717.944,4.899317423304128e-06
718.142,4.764031603953865e-06
718.34,4.610267498073735e-06
718.537,4.439435780024944e-06
718.735,4.2528956420327264e-06
718.933,4.052080774760245e-06
719.13,3.838557710042923e-06
719.328,3.613899506091014e-06
719.525,3.379687044956655e-06
719.723,3.137458339226851e-06
719.92,2.8885956900213113e-06
720.118,2.6343681693616337e-06
720.316,2.3759864956160166e-06
720.513,2.1147404506298586e-06
720.711,1.8519937924463378e-06
720.908,1.5891101260208286e-06
721.105,1.3274830581913337e-06
721.303,1.0685238046112943e-06
721.5,8.137810459053916e-07
721.698,5.648847360787454e-07
721.895,3.233429348634098e-07
722.092,9.055054942640191e-08
722.29,0.0
722.487,0.0
722.684,0.0
722.882,0.0
723.079,0.0
723.276,0.0
723.473,0.0
723.671,0.0
723.868,0.0
724.065,0.0
724.262,0.0
724.459,0.0
724.656,0.0
724.854,0.0
725.051,0.0
725.248,0.0
725.445,0.0
725.642,0.0
725.839,0.0
726.036,0.0
726.233,0.0
726.43,0.0
726.627,0.0
726.824,0.0
727.021,0.0
727.218,0.0
727.414,0.0
727.611,0.0
727.808,0.0
728.005,0.0
728.202,0.0
728.399,0.0
728.595,0.0
728.792,0.0
728.989,0.0
729.186,0.0
729.382,0.0
729.579,0.0
729.776,0.0
729.972,0.0
730.169,0.0
730.366,0.0
730.562,0.0
730.759,0.0
730.955,0.0
731.152,0.0
731.348,0.0
731.545,0.0
731.741,0.0
731.938,0.0
732.134,0.0
732.331,0.0
732.527,0.0
732.724,0.0
732.92,0.0
733.116,0.0
733.313,0.0
733.509,0.0
733.705,0.0
733.902,0.0
734.098,0.0
734.294,0.0
734.49,0.0
734.687,0.0
734.883,0.0
735.079,0.0
735.275,0.0
735.471,0.0
735.667,0.0
735.863,0.0
736.06,0.0
736.256,0.0
736.452,0.0
736.648,0.0
736.844,0.0
737.04,0.0
737.236,0.0
737.432,0.0
737.628,0.0
737.824,0.0
738.019,0.0
738.215,0.0
738.411,0.0
738.607,0.0
738.803,0.0
738.999,4.554606049638635e-07
739.195,1.4774523273217893e-06
739.39,2.6676074420519695e-06
739.586,4.000326624035541e-06
739.782,5.388537821381754e-06
739.978,6.726757877955552e-06
740.173,7.958680486795402e-06
740.369,9.080236296091488e-06
740.565,9.83957090633764e-06
740.76,1.0005234943644456e-05
740.956,9.736711090608625e-06
741.152,9.177739935851013e-06
741.347,9.364394609815358e-06
741.543,1.1558192348115495e-05
741.738,1.610974643989701e-05
741.934,2.3131052945302272e-05
742.129,3.1379023574565394e-05
742.325,3.863421154800505e-05
742.52,4.3237086012734e-05
742.716,4.38442177333347e-05
742.911,4.052326423469588e-05
743.107,3.509818650273637e-05
743.302,2.9908678681141548e-05
743.498,2.8179162351231335e-05
743.693,3.240371118546003e-05
743.888,4.4960991794004755e-05
744.084,6.709600404983201e-05
744.279,8.836970873732703e-05
744.474,9.275944690830021e-05
744.67,7.991140877959413e-05
744.865,6.346731692167997e-05
745.06,5.2688953249368636e-05
745.255,4.734972277812237e-05
745.451,4.473883115055363e-05
745.646,4.3404125526757107e-05
745.841,4.293132204003599e-05
746.036,4.287844779986353e-05
746.231,4.4629983222390904e-05
746.426,5.5530714870570744e-05
746.622,8.510556219855436e-05
746.817,0.00013936565857634807
747.012,0.0001538197602323584
747.207,0.00014002416210987266
747.402,0.00011777824498464139
747.597,0.00010053146191207405
747.792,8.846135102363103e-05
747.987,7.927229622963308e-05
748.182,7.248652929959391e-05
748.377,6.662591407177948e-05
748.572,6.1034241913685914e-05
748.767,5.6177674825054094e-05
748.961,5.1981316938540614e-05
749.156,4.8491645300703904e-05
749.351,4.5696880398490775e-05
749.546,4.3158440541898137e-05
749.741,4.0705801001161006e-05
749.936,3.832125166643564e-05
750.13,3.6019176496536965e-05
750.325,3.377597490939617e-05
750.52,3.160037078670732e-05
750.715,2.9494295628373858e-05
750.909,2.739986794688902e-05
751.104,2.5366102545747136e-05
751.299,2.3415019136643647e-05
751.493,2.1541017273361848e-05
751.688,1.972640764258052e-05
751.882,1.7962568540631947e-05
752.077,1.6221302131843374e-05
752.272,1.4499984175541093e-05
752.466,1.2813053257249923e-05
752.661,1.1171918154488249e-05
752.855,9.59456396645663e-06
753.05,8.10088396777824e-06
753.244,6.7084398237418325e-06
753.439,5.431344935109376e-06
753.633,4.286472821605697e-06
753.827,3.2718763780073464e-06
754.022,2.386297263261729e-06
754.216,1.6214608773872848e-06
754.411,9.69533505923609e-07
754.605,4.195615595175201e-07
754.799,0.0
754.994,0.0
755.188,0.0
755.382,0.0
755.576,0.0
755.771,0.0
755.965,0.0
756.159,0.0
756.353,0.0
756.547,0.0
756.742,0.0
756.936,0.0
757.13,0.0
757.324,0.0
757.518,0.0
757.712,0.0
757.906,0.0
758.1,0.0
758.294,0.0
758.488,0.0
758.682,0.0
758.876,0.0
759.07,0.0
759.264,0.0
759.457,0.0
759.651,0.0
759.845,0.0
760.039,0.0
760.233,0.0
760.427,0.0
760.62,0.0
760.814,0.0
761.008,0.0
761.202,0.0
761.395,0.0
761.589,0.0
761.783,0.0
761.976,0.0
762.17,0.0
762.363,3.67692005795736e-08
762.557,0.0
762.75,0.0
762.944,0.0
763.138,0.0
763.331,0.0
763.524,0.0
763.718,0.0
763.911,0.0
764.105,0.0
764.298,0.0
764.492,0.0
764.685,0.0
764.878,0.0
765.072,0.0
765.265,0.0
765.458,2.2753067129791136e-07
765.651,5.199936941738329e-06
765.845,2.409006910328394e-06
766.038,2.196441996466862e-05
766.231,0.00011180913331557131
766.424,0.0002786739155921545
766.618,0.00025744944354152136
766.811,6.93503237411125e-05
767.004,1.975525288381658e-05
767.197,1.369808350633925e-06
767.39,0.0
767.583,0.0
767.776,0.0
767.969,0.0
768.162,0.0
768.355,0.0
768.548,0.0
768.741,0.0
768.934,0.0
769.127,5.225978055358359e-07
769.32,7.091055777610282e-06
769.513,2.3536290446210942e-05
769.706,0.0001337390118298858
769.898,0.00021868046893590209
770.091,0.00014238680450286845
770.284,2.766319806359076e-05
770.477,1.7951850507460935e-05
770.67,1.1683358698338196e-05
770.862,9.934391953636965e-06
771.055,1.1520755316197855e-05
771.248,1.299954248398706e-05
771.441,1.3454104586786707e-05
771.633,1.4590255619306364e-05
771.826,1.6378281874041206e-05
772.018,1.8383893441411765e-05
772.211,2.0789232091152544e-05
772.404,2.3244127426606986e-05
772.596,2.563335650028066e-05
772.789,2.805268109752204e-05
772.981,3.0474795391084112e-05
773.174,3.3092107261230043e-05
773.366,3.610938279139841e-05
773.559,3.958132426557466e-05
773.751,4.353821458695948e-05
773.944,4.806738746842996e-05
774.136,5.337579715885125e-05
774.329,5.9720008429346865e-05
774.521,6.719906513928103e-05
774.713,7.547834522967221e-05
774.906,8.434934432132559e-05
775.098,9.405648112635159e-05
775.29,0.00010531919516715544
775.483,0.00012007535945072037
775.675,0.00014000111612597416
775.867,0.00016571804464081424
776.059,0.00019808349886750465
776.251,0.000239288626444838
776.444,0.0002934506589068951
776.636,0.000363226619773359
776.828,0.0005087911985315539
777.02,0.0007779792863664037
777.212,0.0011004806574250224
777.404,0.001224030360832239
777.596,0.0011019778790263685
777.788,0.0008141595771811009
777.98,0.0006022884826186786
778.172,0.00047401017371160226
778.364,0.0003812303027997739
778.556,0.0003167277635294383
778.748,0.000270576988357455
778.94,0.00023596797326022424
779.132,0.00020654149208115794
779.324,0.0001802795378687892
779.516,0.000158121105119401
779.708,0.0001392235686778364
779.9,0.00012309317800693188
780.091,0.00010937447028160116
780.283,9.739665065876642e-05
780.475,8.699046823298923e-05
780.667,7.802889434239834e-05
780.859,7.038308016784646e-05
781.05,6.381801718576959e-05
781.242,5.805075416295779e-05
781.434,5.286175177548242e-05
781.625,4.809318928190531e-05
781.817,4.367809481622026e-05
782.009,3.955539514942135e-05
782.2,3.56132163317176e-05
782.392,3.179310286062846e-05
782.583,2.8103844979619056e-05
782.775,2.459838894572964e-05
782.966,2.1322966683947517e-05
783.158,1.8304650538070223e-05
783.349,1.554851792868586e-05
783.541,1.3052233151669373e-05
783.732,1.084168716672559e-05
783.924,8.918607154770028e-06
784.115,7.26410092009505e-06
784.306,5.8246782152146066e-06
784.498,4.567432888141406e-06
784.689,3.468171315693745e-06
784.88,2.508733464110215e-06
785.072,1.6752216196763014e-06
785.263,9.56254526408149e-07
785.454,3.399946419556865e-07
785.645,0.0
785.837,0.0
786.028,0.0
786.219,0.0
786.41,0.0
786.601,0.0
786.793,0.0
786.984,0.0
787.175,0.0
787.366,0.0
787.557,0.0
787.748,0.0
787.939,0.0
788.13,0.0
788.321,0.0
788.512,0.0
788.703,0.0
788.894,0.0
789.084,0.0
789.275,0.0
789.466,0.0
789.657,0.0
789.848,0.0
790.039,1.8546544462321304e-07
790.229,1.0539539115727264e-06
790.42,1.8942100474928643e-06
790.611,2.6969805833408704e-06
790.801,3.4910974567596124e-06
790.992,4.2886351843986404e-06
791.183,5.105638739082268e-06
791.373,5.949178521136069e-06
791.564,6.880232074442193e-06
791.755,7.92371583460724e-06
791.945,9.08514521605302e-06
792.136,1.037519570708299e-05
792.326,1.1725167829265107e-05
792.517,1.3168999206645047e-05
792.707,1.4772393618223688e-05
792.898,1.669538946046802e-05
793.088,1.8826493527109593e-05
793.279,2.1203922131790895e-05
793.469,2.3976903096339673e-05
793.66,2.7350676915798873e-05
793.85,3.268093642412912e-05
794.04,4.106831843563425e-05
794.231,5.3686599168099664e-05
794.421,7.102264345684103e-05
794.611,9.102417751074983e-05
794.802,0.0001121633890898822
794.992,0.00012992679615311215
795.182,0.00013420108035704732
795.372,0.00012196496626322708
795.563,0.00010265961549023745
795.753,8.541301140921272e-05
795.943,7.176638736741721e-05
796.133,6.066794461294498e-05
796.323,5.3736066129718985e-05
796.513,5.048249917159763e-05
796.703,3.811117359704088e-05
796.893,3.6829440817927526e-05
797.083,3.46464718717336e-05
797.273,3.1285935969113055e-05
797.463,2.8669920265703044e-05
797.653,2.6455225022261102e-05
797.843,2.4269616296220228e-05
798.033,2.2076101013918194e-05
798.223,1.9880690990915168e-05
798.413,1.7737299820033184e-05
798.603,1.5657426526034702e-05
798.793,1.364579804824933e-05
798.983,1.16859193754352e-05
799.172,9.808509832816547e-06
799.362,8.015951290557319e-06
799.552,6.300780203553367e-06
799.742,4.655010870186431e-06
799.932,3.0484499864735534e-06
800.121,1.4767010997947814e-06
800.311,0.0
800.501,0.0
800.69,0.0
800.88,0.0
801.07,0.0
801.259,0.0
801.449,0.0
801.638,0.0
801.828,0.0
802.017,0.0
802.207,0.0
802.396,0.0
802.586,0.0
802.775,0.0
802.965,0.0
803.154,0.0
803.343,0.0
803.533,0.0
803.722,0.0
803.911,0.0
804.101,0.0
804.29,0.0
804.479,0.0
804.668,0.0
804.857,0.0
805.047,0.0
805.236,0.0
805.425,0.0
805.614,0.0
805.803,0.0
805.992,0.0
806.181,0.0
806.37,0.0
806.559,0.0
806.748,0.0
806.937,0.0
807.126,0.0
807.315,0.0
807.504,0.0
807.693,0.0
807.882,0.0
808.071,0.0
808.26,0.0
808.448,0.0
808.637,0.0
808.826,0.0
809.015,0.0
809.203,0.0
809.392,0.0
809.581,0.0
809.77,0.0
809.958,0.0
810.147,0.0
810.335,0.0
810.524,0.0
810.713,0.0
810.901,0.0
811.09,0.0
811.278,1.2076859084486476e-07
811.467,5.290184458847816e-07
811.655,9.078598318946799e-07
811.844,1.270965914824495e-06
812.032,1.6546955009627664e-06
812.22,2.057519138105402e-06
812.409,2.51961484852595e-06
812.597,3.0465826846343528e-06
812.785,3.6089366085235063e-06
812.974,4.213331356766783e-06
813.162,4.8690832508013174e-06
813.35,5.567185187204269e-06
813.539,6.28473264228949e-06
813.727,7.0666980169474555e-06
813.915,7.880415888288704e-06
814.103,8.835125058629333e-06
814.291,1.0053293445464759e-05
814.48,1.1635826865018586e-05
814.668,1.3671747199310695e-05
814.856,1.6243858012955874e-05
815.044,1.9449301091237147e-05
815.232,2.344045579435816e-05
815.42,2.8466565676098897e-05
815.608,3.4441668409320207e-05
815.796,4.134320715264978e-05
815.984,4.891611321464898e-05
816.172,5.6851337664050626e-05
816.36,6.56525710963518e-05
816.548,7.55458107812686e-05
816.736,8.737859352086944e-05
816.924,0.00010226304871989663
817.111,0.00011889584948869864
817.299,0.00013882171540901032
817.487,0.00016800919288803548
817.675,0.00021405609230684092
817.863,0.0002899605681584071
818.05,0.0005094983910376456
818.238,0.0009649591758605024
818.426,0.001124164736252616
818.613,0.0008675721390464949
818.801,0.0006775729439501728
818.989,0.0006590260750301332
819.176,0.0007918141536354181
819.364,0.0012541694334191652
819.552,0.0014583123751726766
819.739,0.0011120974778100888
819.927,0.0007790992844235723
820.114,0.0006401510375584312
820.302,0.0005468297273112522
820.489,0.00048162793557207325
820.677,0.0004318033306153618
820.864,0.0004015602103957908
821.051,0.0004028345680969121
821.239,0.00039397931348195695
821.426,0.0004221709457056662
821.614,0.000477500045586127
821.801,0.00048353376338860967
821.988,0.00042917664635922805
822.176,0.0004024341777928366
822.363,0.0003911984678706739
822.55,0.00035780613596911646
822.737,0.0003206097145380435
822.924,0.0002899491269425866
823.112,0.00026333442369132074
823.299,0.0002397422916592377
823.486,0.0002210584968371089
823.673,0.00020794461833732516
823.86,0.00020342741888258268
824.047,0.00021019238721361308
824.234,0.00022097245599118733
824.421,0.0002179039768747571
824.608,0.00018626892059854717
824.795,0.0001639317376276453
824.982,0.00014661414163306697
825.169,0.00013177202467503046
825.356,0.00011952312999039562
825.543,0.00010885899722429428
825.73,9.906532680650894e-05
825.917,9.045857973199964e-05
826.104,8.316314474789483e-05
826.29,7.709238151896615e-05
826.477,7.19709854505293e-05
826.664,6.73813596388531e-05
826.851,6.298656521846675e-05
827.038,5.867087758802317e-05
827.224,5.4410424790254305e-05
827.411,5.019218809555432e-05
827.598,4.609636401542998e-05
827.784,4.213358280400338e-05
827.971,3.829739809114021e-05
828.157,3.463836889596096e-05
828.344,3.11924468038319e-05
828.531,2.796809856159861e-05
828.717,2.495675158233118e-05
828.904,2.2154468010451406e-05
829.09,1.9529852991303803e-05
829.277,1.707135649414389e-05
829.463,1.4776538176597361e-05
829.65,1.2647201385080723e-05
829.836,1.0685558958299553e-05
830.022,8.896335852671555e-06
830.209,7.281358491809848e-06
830.395,5.8406466463363725e-06
830.581,4.5593506666471555e-06
830.768,3.427090399218902e-06
830.954,2.438254122833195e-06
831.14,1.5717380422256035e-06
831.327,8.096900862325332e-07
831.513,1.3724679420813384e-07
831.699,0.0
831.885,0.0
832.071,0.0
832.257,0.0
832.444,0.0
832.63,0.0
832.816,0.0
833.002,0.0
833.188,0.0
833.374,0.0
833.56,0.0
833.746,0.0
833.932,0.0
834.118,0.0
834.303,0.0
834.489,0.0
834.675,0.0
834.861,0.0
835.047,0.0
835.233,0.0
835.418,0.0
835.604,0.0
835.79,0.0
835.976,0.0
836.161,0.0
836.347,0.0
836.533,0.0
836.718,0.0
836.904,0.0
837.089,0.0
837.275,0.0
837.46,0.0
837.646,0.0
837.831,0.0
838.017,0.0
838.202,0.0
838.388,0.0
838.573,0.0
838.759,0.0
838.944,0.0
839.129,0.0
839.315,0.0
839.5,0.0
839.685,0.0
839.87,0.0
840.056,0.0
840.241,0.0
840.426,0.0
840.611,6.119554810648086e-08
840.796,6.362881854901397e-07
840.981,1.2489215018795666e-06
841.166,1.9122531277123494e-06
841.352,2.698341040902738e-06
841.537,3.7261077004330835e-06
841.722,5.1137856659902426e-06
841.907,6.8831387084099305e-06
842.092,9.039737367545602e-06
842.277,1.146687577307134e-05
842.462,1.399848839750884e-05
842.646,1.6836640747507772e-05
842.831,2.0151392038584414e-05
843.016,2.4268728427575795e-05
843.201,2.964697529611818e-05
843.386,3.632014654716226e-05
843.571,4.4597392923595096e-05
843.755,5.502426486674592e-05
843.94,6.843248103182513e-05
844.125,8.911302678385969e-05
844.31,0.0001303962449285035
844.494,0.00021036262754544737
844.679,0.00027564800166629175
844.864,0.00027308194440983234
845.048,0.00020752112830091919
845.233,0.00016363096741342327
845.418,0.00013191056493451006
845.602,0.00010912890644959442
845.787,9.183017261430811e-05
845.971,7.742944743658453e-05
846.156,6.580550013403543e-05
846.34,5.622504338190564e-05
846.525,4.836274671475955e-05
846.709,4.196916037146794e-05
846.894,3.651654306552927e-05
847.078,3.179590001960989e-05
847.262,2.765600849786097e-05
847.447,2.3934346868003187e-05
847.631,2.0634623438157794e-05
847.815,1.771739140426403e-05
848.0,1.5092056756956155e-05
848.184,1.279036286490037e-05
848.368,1.0750949678157135e-05
848.552,8.916764630006544e-06
848.736,7.2572678219651746e-06
848.921,5.7470830483534956e-06
849.105,4.347782837953794e-06
849.289,3.0346917738983577e-06
849.473,1.7994118706477822e-06
849.657,6.066854760092225e-07
849.841,0.0
850.025,0.0
850.209,0.0
850.393,0.0
850.577,0.0
850.761,0.0
850.945,0.0
851.129,0.0
851.313,0.0
851.497,0.0
851.68,0.0
851.864,0.0
852.048,0.0
852.232,0.0
852.416,0.0
852.599,0.0
852.783,0.0
852.967,0.0
853.15,0.0
853.334,0.0
853.518,0.0
853.701,0.0
853.885,0.0
854.068,0.0
854.252,0.0
854.435,0.0
854.619,0.0
854.802,0.0
854.986,0.0
855.169,0.0
855.353,0.0
855.536,0.0
855.719,0.0
855.903,0.0
856.086,0.0
856.269,0.0
856.452,0.0
856.636,0.0
856.819,0.0
857.002,0.0
857.185,0.0
857.368,0.0
857.552,0.0
857.735,0.0
857.918,0.0
858.101,0.0
858.284,0.0
858.467,0.0
858.65,0.0
858.833,1.7341000484319495e-06
859.016,4.93572873704435e-06
859.199,8.655467843366425e-06
859.382,1.178034474735784e-05
859.564,1.3626714007127084e-05
859.747,1.4045701051507265e-05
859.93,1.3034832848171942e-05
860.113,1.1538200241406906e-05
860.296,9.886218235463951e-06
860.478,8.174685636060656e-06
860.661,6.550025502231178e-06
860.844,4.805673295586164e-06
861.027,3.1806178884817273e-06
861.209,2.0651358631506335e-06
861.392,1.572306156621699e-06
861.575,1.6946866831473157e-06
861.757,2.497634037381342e-06
861.94,3.863097780881834e-06
862.122,6.2864162573188e-06
862.305,1.0916522926617352e-05
862.487,1.8430251097490885e-05
862.67,3.024797781238154e-05
862.852,4.697449408668904e-05
863.035,6.149147178634333e-05
863.217,6.391721351309809e-05
863.4,5.653104580357222e-05
863.582,4.850050957858373e-05
863.764,4.221010292416963e-05
863.947,3.6797177364010144e-05
864.129,3.2849812018150925e-05
864.311,3.0011633955754345e-05
864.493,2.8011368040715888e-05
864.676,2.696006713767252e-05
864.858,2.6693313735039633e-05
865.04,2.7330977667981414e-05
865.222,2.8732576445233563e-05
865.404,3.072626224012922e-05
865.587,3.306332675467795e-05
865.769,3.5433607962118404e-05
865.951,3.7670656589292054e-05
866.133,4.0078039082371764e-05
866.315,4.2770320076597665e-05
866.497,4.640138196045776e-05
866.679,5.151365353177497e-05
866.861,5.783496801804719e-05
867.043,6.646842593834807e-05
867.225,7.725277620258437e-05
867.407,9.15564878946914e-05
867.589,0.00011887463413741729
867.77,0.00017341575020544305
867.952,0.0002687387114205461
868.134,0.00033046502099464526
868.316,0.00035103393089772647
868.498,0.00031433936979202183
868.679,0.000267793924084106
868.861,0.00021788020827220975
869.043,0.0001777307645934721
869.224,0.0001483153993455983
869.406,0.00011420344409057825
869.588,0.00011176311789932768
869.769,0.00010278088778563422
869.951,9.908059326900501e-05
870.132,0.00010397877094753914
870.314,0.0001126219875514964
870.495,0.00011405422750207743
870.677,0.00010616055901494427
870.858,0.00010212810465757917
871.04,0.00010879648640170469
871.221,0.00011440690496811594
871.403,0.00010992357800571353
871.584,0.00010344448986658732
871.765,0.00010320355232165667
871.947,0.00010315289591483631
872.128,9.254720978911301e-05
872.309,7.214155102866103e-05
872.491,5.530367369849359e-05
872.672,5.976957959636889e-05
872.853,5.0010823869910916e-05
873.034,4.1868111546953016e-05
873.215,3.6784721756150565e-05
873.396,3.159738806347608e-05
873.578,2.6949109689611478e-05
873.759,2.3139496706095908e-05
873.94,1.9718478107737743e-05
874.121,1.66286322661497e-05
874.302,1.3726174178115203e-05
874.483,1.1034705299359074e-05
874.664,8.685735810941586e-06
874.845,6.716553859859303e-06
875.026,5.084837399075095e-06
875.207,3.7502075722523722e-06
875.388,2.669182885429269e-06
875.568,1.7939274673287336e-06
875.749,1.0776514114457988e-06
875.93,4.758327851332318e-07
876.111,0.0
876.292,0.0
876.472,0.0
876.653,0.0
876.834,0.0
877.015,0.0
877.195,0.0
877.376,0.0
877.556,0.0
877.737,0.0
877.918,0.0
878.098,0.0
878.279,0.0
878.459,0.0
878.64,0.0
878.82,0.0
879.0,0.0
879.181,0.0
879.361,0.0
879.542,0.0
879.722,0.0
879.902,0.0
880.083,0.0
880.263,0.0
880.443,7.169111133372131e-06
880.623,1.6037499905260073e-05
880.803,1.961476197529555e-05
880.984,1.5153347724834184e-05
881.164,6.49071182693817e-06
881.344,7.251753767872897e-08
881.524,0.0
881.704,0.0
881.884,1.337839454851232e-06
882.064,4.357356548745478e-06
882.244,6.186865760523373e-06
882.424,6.945372461232532e-06
882.604,6.62984364948533e-06
882.784,5.586144540511975e-06
882.964,4.660133448805439e-06
883.144,3.803965717561224e-06
883.324,3.0709851672895607e-06
883.504,2.567502968846647e-06
883.683,2.1287887955671546e-06
883.863,1.8045857314054722e-06
884.043,1.6036577125031595e-06
884.223,1.465058247624788e-06
884.402,1.3159450470692443e-06
884.582,1.1498769856843286e-06
884.762,9.555468213865548e-07
884.941,7.132433586700345e-07
885.121,4.498079661441861e-07
885.301,1.6203638014786669e-07
885.48,0.0
885.66,0.0
885.839,0.0
886.019,0.0
886.198,0.0
886.378,0.0
886.557,0.0
886.737,0.0
886.916,0.0
887.095,0.0
887.275,0.0
887.454,0.0
887.633,0.0
887.813,0.0
887.992,0.0
888.171,0.0
888.35,0.0
888.53,0.0
888.709,0.0
888.888,0.0
889.067,0.0
889.246,0.0
889.425,0.0
889.604,0.0
889.783,0.0
889.962,0.0
890.141,0.0
890.32,0.0
890.499,0.0
890.678,0.0
890.857,0.0
891.036,0.0
891.214,0.0
891.393,0.0
891.572,0.0
891.751,0.0
891.93,0.0
892.108,0.0
892.287,0.0
892.466,0.0
892.644,0.0
892.823,0.0
893.001,0.0
893.18,0.0
893.359,0.0
893.537,0.0
893.716,0.0
893.894,0.0
894.073,0.0
894.251,0.0
894.429,0.0
894.608,0.0
894.786,0.0
894.964,0.0
895.143,0.0
895.321,0.0
895.499,0.0
895.677,0.0
895.856,0.0
896.034,0.0
896.212,0.0
896.39,0.0
896.568,0.0
896.746,0.0
896.924,0.0
897.102,0.0
897.28,0.0
897.458,0.0
897.636,0.0
897.814,0.0
897.992,0.0
898.17,0.0
898.348,0.0
898.526,0.0
898.704,0.0
898.882,0.0
899.059,0.0
899.237,0.0
899.415,0.0
899.593,0.0
899.77,1.0314617844028319e-07
899.948,9.077403235468872e-07
900.125,1.730967051736944e-06
900.303,2.552862596578371e-06
900.481,3.3540497911601374e-06
900.658,4.117866571374704e-06
900.836,4.8400528160108975e-06
901.013,5.524598703696047e-06
901.191,6.17773748759165e-06
901.368,6.811049773478774e-06
901.546,7.432275340850292e-06
901.723,8.004819142140367e-06
901.901,8.530530810295803e-06
902.078,9.009433032853647e-06
902.255,9.438052337531163e-06
902.433,9.741305872012218e-06
902.61,9.872861226277259e-06
902.787,9.833306073397818e-06
902.964,9.707689101839725e-06
903.142,9.668245987883022e-06
903.319,9.867826000164516e-06
903.496,1.0445640859812845e-05
903.673,1.1461647013080255e-05
903.85,1.3329188759472688e-05
904.027,1.6499943523846942e-05
904.204,2.1186253647679917e-05
904.381,2.715453625949533e-05
904.558,3.3386726560099365e-05
904.735,3.83237996951804e-05
904.912,4.0677111893160804e-05
905.089,3.999865177239324e-05
905.266,3.670540660984163e-05
905.443,3.204517600895147e-05
905.62,2.7270302813626118e-05
905.797,2.3263159808015478e-05
905.974,2.027034750384482e-05
906.151,1.815157698028834e-05
906.327,1.670912039381513e-05
906.504,1.565571393557678e-05
906.681,1.4925089067719212e-05
906.858,1.443095555141683e-05
907.034,1.4061694609501361e-05
907.211,1.3746867494894824e-05
907.388,1.3413431997313459e-05
907.564,1.3042739598767997e-05
907.741,1.2627843983157267e-05
907.917,1.218080942422763e-05
908.094,1.1714845240475943e-05
908.27,1.1237519599525347e-05
908.447,1.0749715039336706e-05
908.623,1.0241180719718755e-05
908.8,9.700174413247398e-06
908.976,9.10820475458678e-06
909.153,8.449280316312409e-06
909.329,7.720430010975104e-06
909.505,6.926441371843814e-06
909.682,6.071972808435297e-06
909.858,5.170254104287758e-06
910.034,4.23856379676662e-06
910.211,3.2947964431488746e-06
910.387,2.3578119499070827e-06
910.563,1.4448925611771088e-06
910.739,5.689136528357639e-07
910.915,0.0
911.091,0.0
911.268,0.0
911.444,0.0
911.62,0.0
911.796,0.0
911.972,0.0
912.148,0.0
912.324,0.0
912.5,0.0
912.676,0.0
912.851,0.0
913.027,0.0
913.203,0.0
913.379,0.0
913.555,0.0
913.73,0.0
913.906,0.0
914.082,0.0
914.258,0.0
914.433,0.0
914.609,0.0
914.785,0.0
914.96,0.0
915.136,0.0
915.311,0.0
915.487,0.0
915.662,0.0
915.838,0.0
916.013,0.0
916.189,0.0
916.364,0.0
916.539,0.0
916.715,0.0
916.89,0.0
917.065,0.0
917.24,0.0
917.416,0.0
917.591,0.0
917.766,0.0
917.941,0.0
918.116,0.0
918.292,0.0
918.467,2.434912086546902e-07
918.642,7.307781345924877e-07
918.817,1.2190550177202068e-06
918.992,1.6469894180315478e-06
919.167,1.930480116027263e-06
919.342,1.989769175754423e-06
919.517,1.8876011934988602e-06
919.692,1.6875653001188883e-06
919.867,1.5282767447532742e-06
920.041,1.5145404034261584e-06
920.216,1.7142602352174316e-06
920.391,2.4949165645442216e-06
920.566,4.360684960508142e-06
920.741,7.781356677297627e-06
920.915,1.2613480184130918e-05
921.09,1.807800629926528e-05
921.265,2.2679099039212592e-05
921.439,2.4862436033847605e-05
921.614,2.4166572464131978e-05
921.789,2.095745023771996e-05
921.963,1.6563068754600195e-05
922.138,1.3038779517873686e-05
922.312,1.1817736640714866e-05
922.487,1.3026102333760552e-05
922.661,1.7917914850027475e-05
922.836,2.5075286420034787e-05
923.01,2.7588305699849e-05
923.185,2.5392352099083766e-05
923.359,2.4513754431200282e-05
923.534,2.5268154518880034e-05
923.708,2.5790828510340594e-05
923.882,2.5989870556109972e-05
924.057,2.558817433511346e-05
924.231,2.4689238687150225e-05
924.405,2.3718894658820957e-05
924.579,2.2683587549424047e-05
924.753,2.1728134790352212e-05
924.928,2.0934589002808556e-05
925.102,2.035821359433994e-05
925.276,2.0156379354924052e-05
925.45,2.0377726668682965e-05
925.624,2.1055747242139527e-05
925.798,2.218071069723627e-05
925.972,2.3751039150528807e-05
926.146,2.5624146617502912e-05
926.32,2.764492879973566e-05
926.494,2.959174532348962e-05
926.668,3.1228057038451266e-05
926.842,3.2385186599905635e-05
927.016,3.298157527007538e-05
927.19,3.301688321621765e-05
927.363,3.249102563579825e-05
927.537,3.1462979390825226e-05
927.711,3.0001124576844984e-05
927.885,2.826196231448532e-05
928.058,2.642078784348619e-05
928.232,2.4636083738610643e-05
928.406,2.2958250711039446e-05
928.579,2.139076434377369e-05
928.753,1.9937461604931788e-05
928.927,1.8610279953773765e-05
929.1,1.7421467282982797e-05
929.274,1.6338619597661066e-05
929.447,1.5320790314413744e-05
929.621,1.4319662343706516e-05
929.794,1.3337207501327374e-05
929.968,1.2375331174982077e-05
930.141,1.1434810758106253e-05
930.315,1.050666211188208e-05
930.488,9.580984805802053e-06
930.661,8.650235534839076e-06
930.835,7.706247155719199e-06
931.008,6.74322193203748e-06
931.181,5.759239822394345e-06
931.354,4.761932539743128e-06
931.528,3.7599865486180112e-06
931.701,2.761697424381491e-06
931.874,1.7751853957552123e-06
932.047,8.154616307314547e-07
932.22,0.0
932.393,0.0
932.566,0.0
932.739,0.0
932.912,0.0
933.085,0.0
933.258,0.0
933.431,0.0
933.604,0.0
933.777,0.0
933.95,0.0
934.123,0.0
934.296,0.0
934.468,0.0
934.641,0.0
934.814,0.0
934.987,0.0
935.159,0.0
935.332,0.0
935.505,0.0
935.677,0.0
935.85,0.0
936.022,0.0
936.195,0.0
936.367,0.0
936.54,0.0
936.712,0.0
936.885,0.0
937.057,0.0
937.229,0.0
937.402,0.0
937.574,0.0
937.746,8.530154309916641e-07
937.919,3.4978790268303904e-06
938.091,6.995256477876293e-06
938.263,1.15680935617303e-05
938.435,1.7291822855512522e-05
938.608,2.4095612154581727e-05
938.78,3.15444789183034e-05
938.952,3.866547407129584e-05
939.124,4.401582608889722e-05
939.296,4.6259162701133116e-05
939.468,4.491622545510015e-05
939.64,4.0454375698461405e-05
939.812,3.4285676550768914e-05
939.984,2.796423393690976e-05
940.156,2.2537888537920203e-05
940.328,1.8302655668936105e-05
940.5,1.509635770356975e-05
940.672,1.263668323287075e-05
940.843,1.0644618854155744e-05
941.015,9.098315623251786e-06
941.187,7.901735705876297e-06
941.359,6.939464784081674e-06
941.531,6.145710516591002e-06
941.702,5.417489793346897e-06
941.874,4.731245041803629e-06
942.046,4.092931861312213e-06
942.217,3.5195500769585917e-06
942.389,3.0114275517613176e-06
942.56,2.563877962457094e-06
942.732,2.1669702981534983e-06
942.904,1.8038530487547889e-06
943.075,1.460955785283114e-06
943.247,1.11860620509762e-06
943.418,7.605828233186528e-07
943.589,3.6969696765950524e-07
943.761,0.0
943.932,0.0
944.104,0.0
944.275,0.0
944.446,0.0
944.617,0.0
944.789,0.0
944.96,0.0
945.131,0.0
945.302,0.0
945.473,0.0
945.645,0.0
945.816,0.0
945.987,0.0
946.158,0.0
946.329,0.0
946.5,0.0
946.671,0.0
946.842,0.0
947.013,0.0
947.183,0.0
947.354,0.0
947.525,0.0
947.696,0.0
947.867,0.0
948.037,0.0
948.208,0.0
948.379,0.0
948.55,0.0
948.72,0.0
948.891,0.0
949.061,0.0
949.232,0.0
949.403,0.0
949.573,0.0
949.744,0.0
949.914,0.0
950.085,0.0
950.255,0.0
950.425,0.0
950.596,0.0
950.766,0.0
950.936,0.0
951.107,0.0
951.277,0.0
951.447,0.0
951.617,0.0
951.788,0.0
951.958,0.0
952.128,0.0
952.298,0.0
952.468,0.0
952.638,0.0
952.808,0.0
952.978,0.0
953.148,0.0
953.318,0.0
953.488,0.0
953.658,0.0
953.828,0.0
953.998,0.0
954.167,0.0
954.337,0.0
954.507,0.0
954.677,0.0
954.846,0.0
955.016,2.5345545184997198e-08
955.186,5.644739857358224e-08
955.355,8.498728558289922e-08
955.525,1.1082949506229454e-07
955.695,1.338528162880739e-07
955.864,1.5388487595514008e-07
956.034,1.7090104181360878e-07
956.203,1.8487815605607187e-07
956.373,1.9574377622004848e-07
956.542,2.035293870846801e-07
956.712,2.081786696305763e-07
956.881,2.0955588889858413e-07
957.05,2.0761406854449332e-07
957.22,2.0235534872847997e-07
957.389,1.9378931558043107e-07
957.558,1.8207004168916465e-07
957.727,1.6739579892722074e-07
957.897,1.498618193105059e-07
958.066,1.296705390837795e-07
958.235,1.0708122708410052e-07
958.404,8.231740983426548e-08
958.573,5.569813048061407e-08
958.743,2.749681678721859e-08
958.912,0.0
959.081,0.0
959.25,0.0
959.419,0.0
959.588,0.0
959.757,0.0
959.926,0.0
960.094,0.0
960.263,0.0
960.432,0.0
960.601,0.0
960.77,0.0
960.939,0.0
961.107,0.0
961.276,0.0
961.445,0.0
961.613,0.0
961.782,0.0
961.951,0.0
962.119,0.0
962.288,0.0
962.456,0.0
962.625,0.0
962.793,0.0
962.962,0.0
963.13,0.0
963.298,0.0
963.467,0.0
963.635,0.0
963.803,0.0
963.972,0.0
964.14,0.0
964.308,0.0
964.476,0.0
964.645,0.0
964.813,0.0
964.981,0.0
965.149,0.0
965.317,0.0
965.485,0.0
965.653,0.0
965.821,0.0
965.989,0.0
966.157,0.0
966.325,0.0
966.493,0.0
966.661,0.0
966.829,0.0
966.996,0.0
967.164,0.0
967.332,0.0
967.5,0.0
967.667,0.0
967.835,0.0
968.003,0.0
968.17,0.0
968.338,0.0
968.505,0.0
968.673,0.0
968.841,0.0
969.008,0.0
969.175,3.2431806635914623e-09
969.343,2.8262162217401247e-08
969.51,5.351659517064705e-08
969.678,7.880464091167056e-08
969.845,1.038400055884251e-07
970.012,1.2836512603217262e-07
970.18,1.5220251507367166e-07
970.347,1.7515198671759094e-07
970.514,1.9694944358520203e-07
970.681,2.172400077517979e-07
970.849,2.356338504722346e-07
971.016,2.517572737758258e-07
971.183,2.6531308029187346e-07
971.35,2.7598225810308274e-07
971.517,2.833640101016364e-07
971.684,2.870743240337668e-07
971.851,2.867611711074745e-07
972.018,2.821437401371771e-07
972.185,2.730582844636269e-07
972.352,2.594048348644227e-07
972.519,2.4104348589079727e-07
972.686,2.1788145380634907e-07
972.853,1.898784894898238e-07
973.02,1.5705086628590942e-07
973.186,1.1954958793621992e-07
973.353,7.764495464077844e-08
973.52,3.1615093444322384e-08
973.687,0.0
973.853,0.0
974.02,0.0
974.187,0.0
974.353,0.0
974.52,0.0
974.687,0.0
974.853,0.0
975.02,0.0
975.186,0.0
975.353,0.0
975.519,0.0
975.685,0.0
975.852,0.0
976.018,0.0
976.184,0.0
976.351,0.0
976.517,0.0
976.683,0.0
976.849,0.0
977.016,0.0
977.182,0.0
977.348,0.0
977.514,0.0
977.68,0.0
977.846,0.0
978.012,0.0
978.178,0.0
978.344,0.0
978.51,0.0
978.676,0.0
978.842,0.0
979.008,0.0
979.174,0.0
979.34,0.0
979.505,0.0
979.671,0.0
979.837,0.0
980.003,0.0
980.168,0.0
980.334,0.0
980.499,0.0
980.665,0.0
980.831,0.0
980.996,0.0
981.162,0.0
981.327,4.322363608685751e-08
981.493,9.718246744144937e-08
981.658,1.4861899420028967e-07
981.823,1.9757539453818424e-07
981.989,2.440633268943807e-07
982.154,2.8809359846806306e-07
982.319,3.2972537126965746e-07
982.485,3.689353190536638e-07
982.65,4.0570913746821026e-07
982.815,4.4010755654391677e-07
982.98,4.722268722837639e-07
983.146,5.021130645313559e-07
983.311,5.298331777332383e-07
983.476,5.554458257917663e-07
983.641,5.789502257538263e-07
983.806,6.004373794013017e-07
983.971,6.200379136922547e-07
984.136,6.377902612380823e-07
984.301,6.536801987885823e-07
984.466,6.676781151969302e-07
984.631,6.797976102458473e-07
984.796,6.902067400350687e-07
984.961,6.992077297387211e-07
985.126,7.07098718391811e-07
985.291,7.141152751605149e-07
985.455,7.204934678234078e-07
985.62,7.265422122303504e-07
985.785,7.326459339514246e-07
985.95,7.39096420228453e-07
986.114,7.46003561986303e-07
986.279,7.533080663959791e-07
986.444,7.6083043379197e-07
986.608,7.683675166654842e-07
986.773,7.757555550107364e-07
986.937,7.828280061641916e-07
987.102,7.89323496882584e-07
987.266,7.950190580388943e-07
987.431,7.996770041810179e-07
987.595,8.02993536663217e-07
987.76,8.04747367275122e-07
987.924,8.047408344971524e-07
988.088,8.027532191797763e-07
988.253,7.985522574121028e-07
988.417,7.918926128891535e-07
988.581,7.825087862059902e-07
988.746,7.702087720843166e-07
988.91,7.549249856438019e-07
989.074,7.365732535392532e-07
989.238,7.150898539632395e-07
989.402,6.904748215034645e-07
989.566,6.627679890523586e-07
989.731,6.320885100066623e-07
989.895,5.985076991944883e-07
990.059,5.619671823310271e-07
990.223,5.222751240341392e-07
990.387,4.791487148866322e-07
990.551,4.3230069731177336e-07
990.714,3.813880603726491e-07
990.878,3.259822522303437e-07
991.042,2.6561186835996593e-07
991.206,1.9988206193695592e-07
991.37,1.2849269871589962e-07
991.534,5.11983056940187e-08
991.697,0.0
991.861,0.0
992.025,0.0
992.188,0.0
992.352,0.0
992.516,0.0
992.679,0.0
992.843,0.0
993.006,0.0
993.17,0.0
993.333,0.0
993.497,0.0
993.66,0.0
993.824,0.0
993.987,0.0
994.15,0.0
994.314,0.0
994.477,0.0
994.64,0.0
994.803,0.0
994.967,0.0
995.13,0.0
995.293,0.0
995.456,0.0
995.619,0.0
995.782,0.0
995.945,0.0
996.108,0.0
996.271,0.0
996.434,0.0
996.597,0.0
996.76,0.0
996.923,0.0
997.086,0.0
997.248,0.0
997.411,0.0
997.574,0.0
997.737,0.0
997.899,0.0
998.062,0.0
998.225,0.0
998.387,0.0
998.55,0.0
998.712,0.0
998.875,0.0
999.037,0.0
999.2,0.0
999.362,0.0
999.525,0.0
999.687,0.0
999.849,0.0
