237.496,6.117349255731797e-07
237.566,1.769336415159255e-07
237.636,9.52638044324723e-08
237.705,1.5290991482660915e-07
237.775,1.7803818177235648e-07
237.845,1.9029420834821393e-07
237.914,7.664243184042248e-08
237.984,0.0
238.054,0.0
238.123,0.0
238.193,0.0
238.263,0.0
238.332,0.0
238.402,0.0
238.471,0.0
238.541,0.0
238.611,0.0
238.68,0.0
238.75,0.0
238.819,0.0
238.889,0.0
238.958,2.29803825870651e-08
239.028,4.13048753870869e-08
239.097,4.3888513328184964e-08
239.167,3.240665479779063e-08
239.237,1.1489538813041952e-08
239.306,0.0
239.376,0.0
239.445,0.0
239.515,0.0
239.584,0.0
239.654,0.0
239.723,0.0
239.793,0.0
239.862,7.1398380555958754e-09
239.932,2.6545799507070692e-08
240.001,4.672435146951476e-08
240.07,6.670571303219853e-08
240.14,8.579313714056855e-08
240.209,1.0381713120050656e-07
240.279,1.2068019921859025e-07
240.348,1.368172928096461e-07
240.418,1.523569795897701e-07
240.487,1.6517094826182168e-07
240.556,1.7381601397048217e-07
240.626,1.7760704101838604e-07
240.695,1.7666010850545576e-07
240.765,1.7207229598385113e-07
240.834,1.6427676813766656e-07
240.903,1.5400270256838376e-07
240.973,1.417808110006655e-07
241.042,1.2796483703622933e-07
241.112,1.1274497594255203e-07
241.181,9.711645775971736e-08
241.25,8.181325979887321e-08
241.32,6.731373691727281e-08
241.389,5.367217308745631e-08
241.458,4.0610258234165164e-08
241.528,2.7897621754801817e-08
241.597,1.573226592020411e-08
241.666,4.24407434387696e-09
241.736,0.0
241.805,0.0
241.874,0.0
241.943,0.0
242.013,0.0
242.082,0.0
242.151,0.0
242.221,0.0
242.29,0.0
242.359,0.0
242.428,0.0
242.498,0.0
242.567,0.0
242.636,0.0
242.705,0.0
242.774,0.0
242.844,0.0
242.913,0.0
242.982,0.0
243.051,0.0
243.12,0.0
243.19,0.0
243.259,0.0
243.328,0.0
243.397,0.0
243.466,0.0
243.535,0.0
243.605,0.0
243.674,0.0
243.743,0.0
243.812,0.0
243.881,0.0
243.95,0.0
244.019,0.0
244.088,0.0
244.158,0.0
244.227,0.0
244.296,0.0
244.365,0.0
244.434,0.0
244.503,0.0
244.572,0.0
244.641,0.0
244.71,0.0
244.779,0.0
244.848,0.0
244.917,0.0
244.986,0.0
245.055,0.0
245.124,0.0
245.193,0.0
245.262,0.0
245.331,0.0
245.4,3.493857480423473e-09
245.469,1.619788840874291e-08
245.538,2.8927471809966292e-08
245.607,4.164388422568375e-08
245.676,5.43130299853369e-08
245.745,6.690510925146685e-08
245.814,7.93910565810382e-08
245.883,9.176904744797307e-08
245.952,1.040505821665723e-07
246.021,1.1622908957965067e-07
246.09,1.2829094675864846e-07
246.159,1.4022383707997756e-07
246.227,1.519996013052918e-07
246.296,1.6359540128590994e-07
246.365,1.7499524802504408e-07
246.434,1.8615013929458446e-07
246.503,1.9701374758786554e-07
246.572,2.0756509760473684e-07
246.641,2.1777315993954644e-07
246.71,2.276292859373782e-07
246.779,2.3714762637660072e-07
246.847,2.463292894306613e-07
246.916,2.5517693208033e-07
246.985,2.6370366473433057e-07
247.054,2.7190142495525355e-07
247.123,2.797530256970617e-07
247.192,2.8724939218260797e-07
247.26,2.9436124202756113e-07
247.329,3.0105383261964133e-07
247.398,3.0729562611915945e-07
247.467,3.1306139998915223e-07
247.536,3.183453364258165e-07
247.604,3.231571593533002e-07
247.673,3.2750462779363196e-07
247.742,3.313921331725136e-07
247.811,3.348211093710794e-07
247.879,3.377829652536006e-07
247.948,3.4027435174082494e-07
248.017,3.4228447681912427e-07
248.086,3.437821776805134e-07
248.154,3.447400607850048e-07
248.223,3.4514659774220254e-07
248.292,3.4499954754643496e-07
248.36,3.44311000755337e-07
248.429,3.431069522965504e-07
248.498,3.4140943519056134e-07
248.567,3.392379908995693e-07
248.635,3.36623965236344e-07
248.704,3.3358652571411167e-07
248.773,3.301310885685494e-07
248.841,3.26267967542833e-07
248.91,3.219934483254349e-07
248.979,3.173013081948412e-07
249.047,3.121886868701905e-07
249.116,3.066502016261582e-07
249.185,3.0069001251227644e-07
249.253,2.943234776451998e-07
249.322,2.8756685593781264e-07
249.39,2.804395507760189e-07
249.459,2.7296799705708804e-07
249.528,2.651741354381391e-07
249.596,2.5709270307076314e-07
249.665,2.487551900853888e-07
249.733,2.4016924236801026e-07
249.802,2.3134536387698954e-07
249.871,2.2229292359875023e-07
249.939,2.1301512068062445e-07
250.008,2.0352828092382583e-07
250.076,1.9385001526737837e-07
250.145,1.8399017096584361e-07
250.213,1.7397125548019864e-07
250.282,1.638215462397e-07
250.35,1.5355810523965822e-07
250.419,1.431902889224594e-07
250.487,1.3271633157706602e-07
250.556,1.2212326355100082e-07
250.624,1.1139785788758761e-07
250.693,1.0052322322748317e-07
250.761,8.948174197360625e-08
250.83,7.826593137453646e-08
250.898,6.687962543417389e-08
250.967,5.533570126472122e-08
251.035,4.36544116315174e-08
251.104,3.185562933857242e-08
251.172,1.9950668327764347e-08
251.241,7.956883509956727e-09
251.309,0.0
251.378,0.0
251.446,0.0
251.514,0.0
251.583,0.0
251.651,0.0
251.72,0.0
251.788,0.0
251.856,0.0
251.925,0.0
251.993,0.0
252.062,0.0
252.13,0.0
252.198,0.0
252.267,0.0
252.335,0.0
252.403,0.0
252.472,0.0
252.54,0.0
252.608,0.0
252.677,0.0
252.745,0.0
252.813,0.0
252.881,0.0
252.95,0.0
253.018,0.0
253.086,0.0
253.155,0.0
253.223,0.0
253.291,0.0
253.359,0.0
253.427,0.0
253.496,0.0
253.564,0.0
253.632,0.0
253.7,0.0
253.769,0.0
253.837,0.0
253.905,0.0
253.973,0.0
254.041,0.0
254.11,0.0
254.178,0.0
254.246,0.0
254.314,0.0
254.382,0.0
254.45,0.0
254.518,0.0
254.587,0.0
254.655,0.0
254.723,0.0
254.791,0.0
254.859,0.0
254.927,0.0
254.995,0.0
255.063,0.0
255.131,0.0
255.199,0.0
255.267,0.0
255.336,0.0
255.404,0.0
255.472,0.0
255.54,0.0
255.608,0.0
255.676,0.0
255.744,0.0
255.812,0.0
255.88,0.0
255.948,0.0
256.016,0.0
256.084,0.0
256.152,0.0
256.22,0.0
256.288,0.0
256.356,0.0
256.424,0.0
256.491,0.0
256.559,0.0
256.627,0.0
256.695,0.0
256.763,0.0
256.831,0.0
256.899,0.0
256.967,0.0
257.035,0.0
257.103,0.0
257.171,0.0
257.238,0.0
257.306,0.0
257.374,0.0
257.442,0.0
257.51,0.0
257.578,0.0
257.646,0.0
257.713,0.0
257.781,0.0
257.849,0.0
257.917,0.0
257.985,0.0
258.052,0.0
258.12,0.0
258.188,0.0
258.256,0.0
258.324,0.0
258.391,0.0
258.459,0.0
258.527,0.0
258.595,0.0
258.662,0.0
258.73,0.0
258.798,0.0
258.865,0.0
258.933,0.0
259.001,0.0
259.069,0.0
259.136,0.0
259.204,0.0
259.272,0.0
259.339,0.0
259.407,0.0
259.475,0.0
259.542,0.0
259.61,0.0
259.677,0.0
259.745,0.0
259.813,0.0
259.88,0.0
259.948,0.0
260.016,0.0
260.083,0.0
260.151,0.0
260.218,0.0
260.286,0.0
260.353,0.0
260.421,0.0
260.489,0.0
260.556,0.0
260.624,0.0
260.691,0.0
260.759,0.0
260.826,0.0
260.894,0.0
260.961,0.0
261.029,0.0
261.096,0.0
261.164,0.0
261.231,0.0
261.299,0.0
261.366,0.0
261.434,0.0
261.501,0.0
261.568,0.0
261.636,0.0
261.703,0.0
261.771,0.0
261.838,0.0
261.906,0.0
261.973,0.0
262.04,0.0
262.108,0.0
262.175,0.0
262.243,0.0
262.31,0.0
262.377,0.0
262.445,0.0
262.512,0.0
262.579,0.0
262.647,0.0
262.714,0.0
262.781,0.0
262.849,0.0
262.916,0.0
262.983,0.0
263.051,0.0
263.118,0.0
263.185,0.0
263.252,0.0
263.32,0.0
263.387,0.0
263.454,0.0
263.522,0.0
263.589,0.0
263.656,0.0
263.723,2.4774542023552252e-09
263.79,7.149380816058871e-09
263.858,1.2089715523385982e-08
263.925,1.7293206301773885e-08
263.992,2.2749282067610042e-08
264.059,2.843611335749138e-08
264.126,3.4316005821015966e-08
264.194,4.0382959758461156e-08
264.261,4.663122135286346e-08
264.328,5.3036131256185265e-08
264.395,5.960258135257001e-08
264.462,6.634577089059943e-08
264.529,7.328826247630948e-08
264.597,8.048046004046792e-08
264.664,8.797723207882743e-08
264.731,9.582039559921043e-08
264.798,1.0405930796145154e-07
264.865,1.1274398046366368e-07
264.932,1.2189972592918803e-07
264.999,1.3154821865730392e-07
265.066,1.4170906727528943e-07
265.133,1.5238813107695022e-07
265.201,1.6360520124491053e-07
265.268,1.753718992035615e-07
265.335,1.876858218434229e-07
265.402,2.0054468874919835e-07
265.469,2.1393386605732275e-07
265.536,2.2782043115443244e-07
265.603,2.421652442494663e-07
265.67,2.5693144690306086e-07
265.737,2.720620317034887e-07
265.804,2.8752270790565943e-07
265.871,3.032844614319808e-07
265.938,3.192980670389606e-07
266.005,3.3553939845079934e-07
266.072,3.5200037659355814e-07
266.139,3.686721128430168e-07
266.206,3.85558088124176e-07
266.273,4.026692821335165e-07
266.34,4.1997928350691515e-07
266.407,4.374584003851332e-07
266.474,4.5509385844137484e-07
266.541,4.728424513197164e-07
266.608,4.90647640832438e-07
266.675,5.084356816996503e-07
266.742,5.260934374562104e-07
266.808,5.435120231035308e-07
266.875,5.606001735979451e-07
266.942,5.7726284003922e-07
267.009,5.934025321983718e-07
267.076,6.089266158201828e-07
267.143,6.237439501675187e-07
267.21,6.377727371312834e-07
267.277,6.509456139262029e-07
267.344,6.631751511259618e-07
267.41,6.743731485262563e-07
267.477,6.844511743819522e-07
267.544,6.933176789514716e-07
267.611,7.009074515854711e-07
267.678,7.071715957731522e-07
267.745,7.120784646889293e-07
267.811,7.156057645844721e-07
267.878,7.177481862104081e-07
267.945,7.184868916312745e-07
268.012,7.177999816093356e-07
268.079,7.156890689172584e-07
268.145,7.121366919760363e-07
268.212,7.071146568410838e-07
268.279,7.00591273454609e-07
268.346,6.925216099093661e-07
268.412,6.828675179895132e-07
268.479,6.716298125044513e-07
268.546,6.588234777040729e-07
268.613,6.444470424680003e-07
268.679,6.285155949047764e-07
268.746,6.110585198873178e-07
268.813,5.921263293635928e-07
268.879,5.718120246054727e-07
268.946,5.502003538740534e-07
269.013,5.273633128743254e-07
269.079,5.033775593158386e-07
269.146,4.783262408675063e-07
269.213,4.5231484276933413e-07
269.279,4.254549519877201e-07
269.346,3.978462833576856e-07
269.413,3.6958013094860887e-07
269.479,3.40766010870813e-07
269.546,3.115123947848609e-07
269.613,2.819393545832295e-07
269.679,2.521807455036351e-07
269.746,2.2234432043655116e-07
269.813,1.9253134580690193e-07
269.879,1.6282177709500524e-07
269.946,1.332763757466208e-07
270.012,1.0394663302369071e-07
270.079,7.489076397554236e-08
270.145,4.616361766476006e-08
270.212,1.7791674954482915e-08
270.279,0.0
270.345,0.0
270.412,0.0
270.478,0.0
270.545,0.0
270.611,0.0
270.678,0.0
270.744,0.0
270.811,0.0
270.877,0.0
270.944,0.0
271.01,0.0
271.077,0.0
271.143,0.0
271.21,0.0
271.276,0.0
271.343,0.0
271.409,0.0
271.475,0.0
271.542,0.0
271.608,0.0
271.675,0.0
271.741,0.0
271.807,0.0
271.874,0.0
271.94,0.0
272.007,0.0
272.073,0.0
272.139,0.0
272.206,0.0
272.272,0.0
272.338,0.0
272.405,0.0
272.471,0.0
272.537,0.0
272.604,0.0
272.67,0.0
272.736,0.0
272.803,0.0
272.869,0.0
272.935,0.0
273.001,0.0
273.068,0.0
273.134,0.0
273.2,0.0
273.266,0.0
273.333,0.0
273.399,0.0
273.465,0.0
273.531,0.0
273.597,0.0
273.664,0.0
273.73,0.0
273.796,0.0
273.862,0.0
273.928,0.0
273.994,0.0
274.061,0.0
274.127,0.0
274.193,0.0
274.259,0.0
274.325,0.0
274.391,0.0
274.457,0.0
274.524,0.0
274.59,0.0
274.656,0.0
274.722,0.0
274.788,0.0
274.854,0.0
274.92,0.0
274.986,0.0
275.052,0.0
275.118,0.0
275.184,0.0
275.25,0.0
275.316,0.0
275.382,0.0
275.448,0.0
275.514,0.0
275.58,0.0
275.646,0.0
275.712,0.0
275.778,4.737949050898656e-08
275.844,1.4260507352597337e-07
275.91,2.515921741224627e-07
275.976,3.7236258232845145e-07
276.042,5.001337941571078e-07
276.108,6.299917778846532e-07
276.174,7.609214881900598e-07
276.24,8.937194705041238e-07
276.306,1.0300163148919062e-06
276.372,1.174230805453715e-06
276.437,1.3263877313947946e-06
276.503,1.4840598025092752e-06
276.569,1.6566878074114097e-06
276.635,1.85598286283648e-06
276.701,2.0839623496592576e-06
276.767,2.3410483142327806e-06
276.833,2.6170151400412403e-06
276.899,2.888296062090828e-06
276.964,3.1831490397179284e-06
277.03,3.5691057468087726e-06
277.096,4.093006974239798e-06
277.162,4.813029402459903e-06
277.228,5.694254090532987e-06
277.293,6.601125282320713e-06
277.359,7.461669337560913e-06
277.425,8.151742191570284e-06
277.491,9.314846427658944e-06
277.557,1.3215505213146591e-05
277.622,2.1948221714377117e-05
277.688,2.5874561782680586e-05
277.754,2.4218675969499363e-05
277.82,2.703214571552514e-05
277.885,3.357332933247484e-05
277.951,4.615661213939039e-05
278.017,4.6487757420107886e-05
278.083,3.5333499461811335e-05
278.148,3.243315151424576e-05
278.214,3.124245124297613e-05
278.28,3.406658007844986e-05
278.345,3.2863749722183593e-05
278.411,2.8565812601975443e-05
278.477,2.843177716554614e-05
278.542,3.0110694617503017e-05
278.608,3.287065041233281e-05
278.674,3.6975447188131486e-05
278.739,4.1820820854086176e-05
278.805,4.777527345592005e-05
278.871,5.652659920080682e-05
278.936,6.839090986280516e-05
279.002,9.239095240993282e-05
279.067,0.0001262291567219636
279.133,0.00013486266511816096
279.199,0.00012738741304402473
279.264,0.00013153904552705483
279.33,0.0001472307940441142
279.395,0.00017210536360448661
279.461,0.00020357272906535448
279.527,0.00021062751700558815
279.592,0.00021512676968498453
279.658,0.00021561294911109254
279.723,0.00019979563833755204
279.789,0.00020163716115709665
279.854,0.00019242507375294662
279.92,0.0001691937020711693
279.985,0.0001555270691634937
280.051,0.00015361858185395378
280.116,0.0001661593469583762
280.182,0.0001953389835192877
280.247,0.00021340290417119296
280.313,0.00020907972587257405
280.378,0.00018089222493942192
280.444,0.00014407647435621894
280.509,0.00011575731627994806
280.574,9.529028949447591e-05
280.64,8.093537263713641e-05
280.705,7.035091344195257e-05
280.771,6.176784300186483e-05
280.836,5.473941521442419e-05
280.902,4.9062281261167404e-05
280.967,4.433713243114792e-05
281.032,4.036387342971409e-05
281.098,3.690085509499644e-05
281.163,3.3770880992668856e-05
281.229,3.0910804319823574e-05
281.294,2.8250360336401422e-05
281.359,2.5775236605889395e-05
281.425,2.3475305978180057e-05
281.49,2.132387796491558e-05
281.555,1.929249941886992e-05
281.621,1.7381849743880276e-05
281.686,1.5601801682398277e-05
281.751,1.3968127028129378e-05
281.817,1.2501216517558602e-05
281.882,1.120513684263726e-05
281.947,1.0064353913291779e-05
282.012,9.059965332769537e-06
282.078,8.175969038806231e-06
282.143,7.383590795466386e-06
282.208,6.667874301973553e-06
282.273,6.017344675343036e-06
282.339,5.422391569340816e-06
282.404,4.8756369509554845e-06
282.469,4.3742822006478544e-06
282.534,3.914925478708394e-06
282.6,3.488802665989386e-06
282.665,3.0958326753756978e-06
282.73,2.7382528329036182e-06
282.795,2.4118397823767175e-06
282.86,2.1137936884439778e-06
282.926,1.841028031353708e-06
282.991,1.525112188408499e-06
283.056,1.1686739282360257e-06
283.121,7.749813539961272e-07
283.186,3.4541391127553306e-07
283.251,2.875458649445683e-07
283.316,5.970528234034414e-07
283.382,5.705797378193754e-07
283.447,2.0763347378047158e-07
283.512,0.0
283.577,0.0
283.642,0.0
283.707,0.0
283.772,0.0
283.837,0.0
283.902,0.0
283.967,0.0
284.032,0.0
284.097,0.0
284.163,0.0
284.228,0.0
284.293,3.1191363439944665e-07
284.358,7.4509111274658e-07
284.423,1.2129496767818799e-06
284.488,1.7059021273598796e-06
284.553,2.23779256103613e-06
284.618,2.943122453017264e-06
284.683,4.004522339816221e-06
284.748,5.629999550201632e-06
284.812,8.129899831112174e-06
284.877,1.1550692533967546e-05
284.942,1.612629768667559e-05
285.007,2.345436617717186e-05
285.072,3.564251086392758e-05
285.137,5.3437693774699145e-05
285.202,7.63320291460903e-05
285.267,8.696062550044949e-05
285.332,7.02401263025065e-05
285.397,4.750080258527241e-05
285.462,3.2552231400937036e-05
285.527,2.356969622191223e-05
285.591,1.7818134557426885e-05
285.656,1.3629472125990114e-05
285.721,1.0638397415608145e-05
285.786,8.56634430660413e-06
285.851,7.111174014511681e-06
285.916,6.087806797642331e-06
285.981,5.312640122762155e-06
286.045,4.6512294875273995e-06
286.11,4.042636313458064e-06
286.175,3.4599818154028524e-06
286.24,2.9012674131481426e-06
286.305,2.3968405092171165e-06
286.369,1.955741040538154e-06
286.434,1.5728417294324862e-06
286.499,1.2408870777611731e-06
286.564,9.5009006336721e-07
286.628,6.946434327416885e-07
286.693,4.727176532026117e-07
286.758,2.837675611524804e-07
286.823,1.142833698909049e-07
286.887,0.0
286.952,0.0
287.017,0.0
287.082,0.0
287.146,0.0
287.211,0.0
287.276,0.0
287.34,0.0
287.405,0.0
287.47,0.0
287.534,0.0
287.599,0.0
287.663,0.0
287.728,0.0
287.793,0.0
287.857,0.0
287.922,0.0
287.987,0.0
288.051,0.0
288.116,0.0
288.18,0.0
288.245,0.0
288.309,0.0
288.374,0.0
288.439,0.0
288.503,0.0
288.568,0.0
288.632,0.0
288.697,0.0
288.761,0.0
288.826,0.0
288.89,0.0
288.955,0.0
289.019,0.0
289.084,0.0
289.148,0.0
289.212,0.0
289.277,0.0
289.341,0.0
289.406,0.0
289.47,0.0
289.535,0.0
289.599,0.0
289.663,0.0
289.728,0.0
289.792,0.0
289.857,0.0
289.921,0.0
289.985,0.0
290.05,0.0
290.114,0.0
290.178,0.0
290.243,0.0
290.307,0.0
290.371,0.0
290.436,0.0
290.5,0.0
290.564,1.0551646368226185e-07
290.629,2.3839864174332696e-07
290.693,3.85950643027829e-07
290.757,5.469328660501214e-07
290.821,7.080033867839111e-07
290.886,8.674732259731768e-07
290.95,1.024653932386341e-06
291.014,1.1846976732328114e-06
291.078,1.3562384356967752e-06
291.143,1.5336267660796382e-06
291.207,1.7092058090503945e-06
291.271,1.9193995503289317e-06
291.335,2.225674288363265e-06
291.399,2.2460108654131027e-06
291.464,1.974530594625036e-06
291.528,3.6130832903885077e-06
291.592,3.110708094091365e-06
291.656,2.727954846027771e-06
291.72,2.4759953457325662e-06
291.784,2.083188334727702e-06
291.849,1.7780646583336133e-06
291.913,1.6197070534977619e-06
291.977,1.6162715555529695e-06
292.041,1.7226367929564727e-06
292.105,1.8487041020672373e-06
292.169,2.004279377133872e-06
292.233,2.1980685938532524e-06
292.297,2.448766056720938e-06
292.361,2.8050579404934318e-06
292.425,3.256712779844986e-06
292.49,3.867782232655377e-06
292.554,4.784080936406894e-06
292.618,6.097388488442763e-06
292.682,8.401837679893829e-06
292.746,1.2648950639180901e-05
292.81,1.9596394895672833e-05
292.874,3.0100922197736716e-05
292.938,3.329750484605116e-05
293.002,3.0774803332950075e-05
293.066,2.6450070776942703e-05
293.13,2.3232806652050373e-05
293.194,2.1212247596261652e-05
293.258,2.0047020908340993e-05
293.322,1.981555292454406e-05
293.386,2.0588342612426304e-05
293.45,2.238470723324378e-05
293.514,2.6104492194909808e-05
293.577,3.541223303273448e-05
293.641,5.485446872200175e-05
293.705,6.342132365980989e-05
293.769,6.187185401508096e-05
293.833,5.2188521240628e-05
293.897,4.4781995108963245e-05
293.961,3.878167001385738e-05
294.025,3.3858627898975246e-05
294.089,3.0051531214683445e-05
294.153,2.6982523231126978e-05
294.216,2.429170349809175e-05
294.28,2.1882099884163367e-05
294.344,1.9728885509377777e-05
294.408,1.781540463744418e-05
294.472,1.6134290307001815e-05
294.536,1.4643525233453422e-05
294.599,1.3302446177851056e-05
294.663,1.2090710137946239e-05
294.727,1.100501431359375e-05
294.791,1.0037469212599029e-05
294.855,9.215774955994183e-06
294.918,8.524118436534346e-06
294.982,7.562229783276309e-06
295.046,6.317380170995148e-06
295.11,7.075990883599429e-06
295.173,5.914139056867523e-06
295.237,5.116541970708054e-06
295.301,4.677233610389826e-06
295.364,4.212642367366009e-06
295.428,3.7237262630300575e-06
295.492,3.2581971504991904e-06
295.556,2.8202740813945863e-06
295.619,2.413077686813337e-06
295.683,2.039101840940585e-06
295.747,1.701550347587152e-06
295.81,1.4028266326064705e-06
295.874,1.1436182220694522e-06
295.938,9.228079780194162e-07
296.001,7.384396970584423e-07
296.065,5.872898274144263e-07
296.128,4.656963525918052e-07
296.192,3.700866441646742e-07
296.256,2.964178037709713e-07
296.319,2.4074003451577333e-07
296.383,1.9965553996871645e-07
296.446,1.7044725865097034e-07
296.51,1.5109906938889155e-07
296.574,1.3943742246963917e-07
296.637,1.3339389132310827e-07
296.701,1.3091791672124646e-07
296.764,1.3012321410873493e-07
296.828,1.2942168178837847e-07
296.891,1.2767296065910082e-07
296.955,1.2422992392945582e-07
297.018,1.181512696815854e-07
297.082,1.0917715705345653e-07
297.145,9.74038687444929e-08
297.209,8.325038894700811e-08
297.272,6.738273370321529e-08
297.336,5.043157858362686e-08
297.399,3.279350662209583e-08
297.463,1.4598584913560993e-08
297.526,0.0
297.59,0.0
297.653,0.0
297.717,0.0
297.78,0.0
297.843,0.0
297.907,0.0
297.97,0.0
298.034,0.0
298.097,0.0
298.16,0.0
298.224,0.0
298.287,0.0
298.35,0.0
298.414,0.0
298.477,0.0
298.54,0.0
298.604,0.0
298.667,0.0
298.73,0.0
298.794,0.0
298.857,0.0
298.92,0.0
298.984,0.0
299.047,0.0
299.11,0.0
299.173,0.0
299.237,0.0
299.3,0.0
299.363,0.0
299.426,0.0
299.489,0.0
299.553,0.0
299.616,0.0
299.679,0.0
299.742,0.0
299.805,0.0
299.868,0.0
299.932,0.0
299.995,0.0
300.058,0.0
300.121,0.0
300.184,0.0
300.247,0.0
300.31,0.0
300.374,0.0
300.437,0.0
300.5,0.0
300.563,0.0
300.626,0.0
300.689,0.0
300.752,0.0
300.815,0.0
300.878,0.0
300.941,0.0
301.004,0.0
301.067,0.0
301.13,0.0
301.193,0.0
301.256,0.0
301.319,0.0
301.382,0.0
301.445,0.0
301.508,0.0
301.571,0.0
301.634,0.0
301.697,0.0
301.76,0.0
301.823,0.0
301.885,0.0
301.948,0.0
302.011,0.0
302.074,0.0
302.137,0.0
302.2,0.0
302.263,0.0
302.326,0.0
302.388,0.0
302.451,0.0
302.514,0.0
302.577,0.0
302.64,0.0
302.703,0.0
302.765,0.0
302.828,0.0
302.891,0.0
302.954,0.0
303.016,0.0
303.079,0.0
303.142,0.0
303.205,0.0
303.267,0.0
303.33,0.0
303.393,0.0
303.456,0.0
303.518,0.0
303.581,0.0
303.644,0.0
303.706,0.0
303.769,0.0
303.832,0.0
303.894,0.0
303.957,0.0
304.02,0.0
304.082,0.0
304.145,0.0
304.207,0.0
304.27,0.0
304.333,0.0
304.395,0.0
304.458,0.0
304.52,0.0
304.583,0.0
304.646,0.0
304.708,0.0
304.771,0.0
304.833,0.0
304.896,0.0
304.958,0.0
305.021,0.0
305.083,0.0
305.146,0.0
305.208,0.0
305.271,0.0
305.333,0.0
305.396,0.0
305.458,0.0
305.52,0.0
305.583,0.0
305.645,0.0
305.708,0.0
305.77,0.0
305.833,0.0
305.895,0.0
305.957,0.0
306.02,0.0
306.082,0.0
306.144,0.0
306.207,0.0
306.269,0.0
306.331,0.0
306.394,0.0
306.456,0.0
306.518,0.0
306.581,0.0
306.643,0.0
306.705,0.0
306.768,0.0
306.83,0.0
306.892,0.0
306.954,0.0
307.017,0.0
307.079,0.0
307.141,8.25092400378407e-09
307.203,5.0407707499324096e-08
307.266,9.801856260254173e-08
307.328,1.515099326136007e-07
307.39,2.112281603286392e-07
307.452,2.7738961598597e-07
307.514,3.4996443751182733e-07
307.577,4.286531644954566e-07
307.639,5.131017902200304e-07
307.701,6.028891877919963e-07
307.763,6.97512301502827e-07
307.825,7.965341444715408e-07
307.887,8.994264676553237e-07
307.949,1.0067505999440336e-06
308.011,1.1192995679775222e-06
308.074,1.2378515764726964e-06
308.136,1.3630762271133154e-06
308.198,1.4956780237145768e-06
308.26,1.635320616609356e-06
308.322,1.7826397306517328e-06
308.384,1.938246490591348e-06
308.446,2.102492680894704e-06
308.508,2.2773097531513693e-06
308.57,2.4643854508653983e-06
308.632,2.664282603978509e-06
308.694,2.8764350945860635e-06
308.756,3.1083531550752544e-06
308.818,3.3583570281976093e-06
308.88,3.6258532436667905e-06
308.942,3.899559590196338e-06
309.004,4.162569229313934e-06
309.066,4.401315448670812e-06
309.128,4.611590018448527e-06
309.19,4.797743997071904e-06
309.252,4.916353600185162e-06
309.314,4.97213603580274e-06
309.376,4.960904605397542e-06
309.438,4.933113806527032e-06
309.5,5.045151764589233e-06
309.562,5.344631633263272e-06
309.624,5.82424063979756e-06
309.686,6.336662997837896e-06
309.747,6.6192933728854344e-06
309.809,6.523815826730032e-06
309.871,6.05044658776367e-06
309.933,5.341188696228377e-06
309.995,4.6148376402429125e-06
310.057,4.035991764535873e-06
310.119,3.6211299555233286e-06
310.18,3.3340045943513303e-06
310.242,3.1235872333007634e-06
310.304,2.940345667194287e-06
310.366,2.7889460425941572e-06
310.428,2.6636588475745923e-06
310.489,2.54772985832479e-06
310.551,2.425102526467387e-06
310.613,2.289140777248514e-06
310.675,2.1424849200726426e-06
310.737,1.990978807193287e-06
310.798,1.8443002152020389e-06
310.86,1.703075310380706e-06
310.922,1.5689728713759675e-06
310.983,1.443014044216049e-06
311.045,1.3256678149953863e-06
311.107,1.216277029104249e-06
311.169,1.1130934376249964e-06
311.23,1.0137406691174479e-06
311.292,9.161127460572521e-07
311.354,8.191943014445928e-07
311.415,7.221892761106524e-07
311.477,6.256515012117415e-07
311.539,5.313935324209616e-07
311.6,4.4116354826041336e-07
311.662,3.5655208437198234e-07
311.724,2.790404225879336e-07
311.785,2.0902057175422962e-07
311.847,1.4677117964900996e-07
311.908,9.223020975664482e-08
311.97,4.515912855873722e-08
312.032,5.191973050567657e-09
312.093,0.0
312.155,0.0
312.216,0.0
312.278,0.0
312.339,0.0
312.401,0.0
312.462,0.0
312.524,0.0
312.585,0.0
312.647,0.0
312.708,0.0
312.77,0.0
312.831,0.0
312.893,0.0
312.954,0.0
313.016,0.0
313.077,0.0
313.139,0.0
313.2,0.0
313.261,0.0
313.323,0.0
313.384,0.0
313.446,0.0
313.507,0.0
313.568,0.0
313.63,0.0
313.691,0.0
313.752,0.0
313.814,0.0
313.875,0.0
313.936,0.0
313.998,1.0313253971819214e-09
314.059,1.6717875398939284e-09
314.12,1.759576165432488e-09
314.182,1.3282555499341607e-09
314.243,3.9889373483971866e-10
314.304,0.0
314.365,0.0
314.427,0.0
314.488,0.0
314.549,0.0
314.61,0.0
314.672,0.0
314.733,0.0
314.794,0.0
314.855,0.0
314.916,0.0
314.978,0.0
315.039,0.0
315.1,0.0
315.161,0.0
315.222,0.0
315.283,0.0
315.345,0.0
315.406,0.0
315.467,0.0
315.528,0.0
315.589,0.0
315.65,0.0
315.711,0.0
315.772,4.718252863462707e-09
315.833,1.2591890477359917e-08
315.894,2.127353792404778e-08
315.955,3.0751352755729064e-08
316.016,4.099734393937582e-08
316.078,5.196872023142327e-08
316.139,6.365636433607707e-08
316.2,7.606707052959194e-08
316.261,8.918045124207294e-08
316.322,1.029483864519644e-07
316.383,1.173295739900115e-07
316.444,1.3225180146153354e-07
316.504,1.4762635314869776e-07
316.565,1.633714091702284e-07
316.626,1.7935055886109808e-07
316.687,1.9539962288453654e-07
316.748,2.1135708077111873e-07
316.809,2.2704533249957439e-07
316.87,2.422561043237032e-07
316.931,2.567830825382582e-07
316.992,2.704172789693948e-07
317.053,2.829414692608329e-07
317.114,2.9419266173104807e-07
317.175,3.0402665717177267e-07
317.235,3.1232357587080586e-07
317.296,3.190068241803801e-07
317.357,3.239948832779242e-07
317.418,3.2722293217850535e-07
317.479,3.286455561344733e-07
317.54,3.2823126219944883e-07
317.601,3.7717254697182933e-07
317.661,4.7549821989570493e-07
317.722,1.9662056107597538e-07
317.783,0.0
317.844,1.0668032988326795e-06
317.904,4.0712758676658896e-07
317.965,1.2111441223747992e-07
318.026,2.0884870024319734e-07
318.087,2.43783478135409e-07
318.148,2.2595522333593552e-07
318.208,2.0659696750925555e-07
318.269,1.857538200274265e-07
318.33,1.6348117153787094e-07
318.39,1.3987421684716057e-07
318.451,1.150417839682634e-07
318.512,8.90796356290741e-08
318.572,6.210779767283048e-08
318.633,3.4262106686158296e-08
318.694,5.709844108920139e-09
318.754,0.0
318.815,0.0
318.876,0.0
318.936,0.0
318.997,0.0
319.058,0.0
319.118,0.0
319.179,0.0
319.239,0.0
319.3,0.0
319.361,0.0
319.421,0.0
319.482,0.0
319.542,0.0
319.603,0.0
319.663,0.0
319.724,0.0
319.784,0.0
319.845,0.0
319.905,0.0
319.966,0.0
320.026,0.0
320.087,0.0
320.147,0.0
320.208,0.0
320.268,0.0
320.329,0.0
320.389,0.0
320.449,0.0
320.51,0.0
320.57,0.0
320.631,0.0
320.691,0.0
320.751,0.0
320.812,0.0
320.872,0.0
320.932,0.0
320.993,0.0
321.053,0.0
321.113,0.0
321.174,0.0
321.234,0.0
321.294,0.0
321.355,0.0
321.415,0.0
321.475,2.6014678677109428e-08
321.535,5.6093883744485036e-08
321.596,8.912316341446906e-08
321.656,1.2513115771795373e-07
321.716,1.6414368104193448e-07
321.776,2.0618553361483693e-07
321.837,2.512750907979601e-07
321.897,2.994339334385898e-07
321.957,3.5066015915928374e-07
322.017,4.0355258239528453e-07
322.077,4.565973099100806e-07
322.138,5.084000042829952e-07
322.198,5.577548797838367e-07
322.258,6.045085163095583e-07
322.318,6.485124052779309e-07
322.378,6.896067922346036e-07
322.438,7.276010636504028e-07
322.499,7.557771952784873e-07
322.559,7.677965437046618e-07
322.619,7.635149857605601e-07
322.679,7.428275446846124e-07
322.739,7.056646437795744e-07
322.799,6.519584305047588e-07
322.859,5.816447629388309e-07
322.919,4.946816570577518e-07
322.979,4.1023996074354687e-07
323.039,3.4723867930548725e-07
323.099,3.131667405407706e-07
323.159,3.1426444569380864e-07
323.219,3.50401564712807e-07
323.279,4.214174678223019e-07
323.339,5.271420651593612e-07
323.399,6.674188731856958e-07
323.459,8.21767854372792e-07
323.519,9.694599582485764e-07
323.579,1.097473655508973e-06
323.639,1.1948521559018844e-06
323.699,1.2614847669732594e-06
323.759,1.2973037445897555e-06
323.819,1.3022581258714695e-06
323.879,1.2763218870846938e-06
323.939,1.2276103207673514e-06
323.999,1.1646404852752275e-06
324.059,1.0950770933155788e-06
324.119,1.0253983705776227e-06
324.179,9.557642075616863e-07
324.238,8.862300100698401e-07
324.298,8.170096039194569e-07
324.358,7.483424903070736e-07
324.418,6.815590481444589e-07
324.478,6.179232360622071e-07
324.538,5.576474945379365e-07
324.597,5.009088707716055e-07
324.657,4.478773895844812e-07
324.717,3.9885619261517416e-07
324.777,3.540117480570726e-07
324.837,3.1350761485432165e-07
324.896,2.7616918822532456e-07
324.956,2.407610392875691e-07
325.016,2.062210093950498e-07
325.076,1.7172958224641243e-07
325.135,1.3754545860753258e-07
325.195,1.0511133519899743e-07
325.255,7.469934264080201e-08
325.315,4.6545461882261023e-08
325.374,2.0711064422652394e-08
325.434,0.0
325.494,0.0
325.553,0.0
325.613,0.0
325.673,0.0
325.732,0.0
325.792,0.0
325.852,0.0
325.911,0.0
325.971,0.0
326.031,0.0
326.09,0.0
326.15,0.0
326.209,0.0
326.269,0.0
326.328,0.0
326.388,0.0
326.448,0.0
326.507,0.0
326.567,0.0
326.626,0.0
326.686,0.0
326.745,0.0
326.805,0.0
326.864,0.0
326.924,0.0
326.983,0.0
327.043,0.0
327.102,0.0
327.161,0.0
327.221,0.0
327.28,0.0
327.34,0.0
327.399,0.0
327.459,0.0
327.518,0.0
327.577,0.0
327.637,0.0
327.696,0.0
327.755,0.0
327.815,0.0
327.874,0.0
327.933,0.0
327.993,0.0
328.052,0.0
328.111,0.0
328.171,0.0
328.23,0.0
328.289,3.456172391486244e-08
328.349,1.245775322031714e-07
328.408,2.2203866910447515e-07
328.467,3.2432223370790126e-07
328.526,4.2800915699425335e-07
328.586,5.313593627003708e-07
328.645,6.332281510203963e-07
328.704,7.346865360739523e-07
328.763,8.362721336598625e-07
328.822,9.397381799509288e-07
328.882,1.0429497557125889e-06
328.941,1.1428421779425555e-06
329.0,1.2366642801708082e-06
329.059,1.3232278331056372e-06
329.118,1.4060921664855431e-06
329.177,1.476239029598053e-06
329.237,1.533099113342667e-06
329.296,1.582995037817114e-06
329.355,1.6530410460192915e-06
329.414,1.7763452927329355e-06
329.473,1.972023766299826e-06
329.532,2.2456896733542195e-06
329.591,2.6057382568834496e-06
329.65,3.1290998525137133e-06
329.709,3.828866519902446e-06
329.768,4.764077564063952e-06
329.827,5.831079826579164e-06
329.886,6.7499811456168385e-06
329.945,7.941245991869185e-06
330.004,9.015296594643693e-06
330.063,7.331747351722562e-06
330.122,8.730993952981523e-06
330.181,1.041218834400782e-05
330.24,1.0275027132797908e-05
330.299,8.783469527496028e-06
330.358,7.328650815503818e-06
330.417,6.125108764363413e-06
330.476,5.0919236457937245e-06
330.535,4.278883429734723e-06
330.594,3.6093012583856977e-06
330.653,3.0362493994217665e-06
330.712,2.557047062415185e-06
330.771,2.1705326880652345e-06
330.83,1.8799827875367507e-06
330.889,1.6489111494810225e-06
330.948,1.4327690438051437e-06
331.006,1.2206447999818471e-06
331.065,1.0050999395476074e-06
331.124,7.916767762249144e-07
331.183,5.87004100735525e-07
331.242,3.9082444598966983e-07
331.301,2.0123712078899264e-07
331.359,2.445387058700408e-08
331.418,0.0
331.477,0.0
331.536,0.0
331.595,0.0
331.653,0.0
331.712,0.0
331.771,0.0
331.83,0.0
331.888,0.0
331.947,0.0
332.006,0.0
332.065,0.0
332.123,0.0
332.182,0.0
332.241,0.0
332.299,0.0
332.358,0.0
332.417,0.0
332.475,0.0
332.534,0.0
332.592,0.0
332.651,0.0
332.71,0.0
332.768,0.0
332.827,0.0
332.885,0.0
332.944,0.0
333.003,0.0
333.061,3.834713748674421e-07
333.12,1.0163733461649309e-06
333.178,1.588662662803541e-06
333.237,2.0764851082595166e-06
333.295,2.4534929457924514e-06
333.354,2.7520369904381784e-06
333.412,3.0654883762171673e-06
333.471,3.3791058498721635e-06
333.529,3.688985925123633e-06
333.588,3.999354083786961e-06
333.646,4.2172904733996444e-06
333.705,4.344785057608513e-06
333.763,4.388134422175385e-06
333.822,4.343996316413836e-06
333.88,4.259808640914038e-06
333.938,4.141163721886228e-06
333.997,3.9893356259443e-06
334.055,3.806071474770407e-06
334.114,3.5972389952838786e-06
334.172,3.369386617515224e-06
334.23,3.1306492010609087e-06
334.289,2.8872542381282485e-06
334.347,2.633876372554579e-06
334.405,2.3737634393647837e-06
334.464,2.110427493139886e-06
334.522,1.8509814015539751e-06
334.58,1.6036058708164801e-06
334.639,1.3753842309728728e-06
334.697,1.1698728411373187e-06
334.755,1.000721977893075e-06
334.814,8.810500196788698e-07
334.872,8.118169135054955e-07
334.93,7.935856493463111e-07
334.988,8.16231657506255e-07
335.047,8.638603019420011e-07
335.105,9.200462074240369e-07
335.163,9.805370135538372e-07
335.221,9.821553902544045e-07
335.28,8.800765794751085e-07
335.338,6.949195435439046e-07
335.396,4.3978453848005797e-07
335.454,2.756728578642082e-07
335.512,3.8632575576889066e-07
335.57,8.505718734321456e-07
335.629,1.6627464021013028e-06
335.687,2.6529054558992996e-06
335.745,3.520572709801946e-06
335.803,3.996612580543056e-06
335.861,4.014520884905315e-06
335.919,3.6343837221237476e-06
335.977,3.1263072908453143e-06
336.035,2.801509167882458e-06
336.094,2.7509551459718062e-06
336.152,2.9849039707185315e-06
336.21,3.3050917136383556e-06
336.268,3.518738075897272e-06
336.326,3.580356121499194e-06
336.384,3.5405078778704783e-06
336.442,3.4654599964967186e-06
336.5,2.9153151151456212e-06
336.558,2.31719593286455e-06
336.616,4.660566842580967e-06
336.674,2.2995358901104e-06
336.732,2.5403926287997514e-06
336.79,2.8754967604198623e-06
336.848,2.8008220992159305e-06
336.906,2.7819376409311693e-06
336.964,2.849464332137924e-06
337.022,2.948105292310585e-06
337.08,3.1345260122107237e-06
337.138,3.260175724766817e-06
337.195,3.2695823780006258e-06
337.253,3.096401418970657e-06
337.311,2.381233262060334e-06
337.369,1.278501589588838e-06
337.427,5.53093706441536e-07
337.485,6.215078091248207e-07
337.543,1.1299056885579068e-06
337.601,1.325830243454607e-06
337.658,1.0091041399148596e-06
337.716,5.513560375215602e-07
337.774,2.5307242524521653e-08
337.832,0.0
337.89,0.0
337.947,0.0
338.005,0.0
338.063,0.0
338.121,4.3863024802471383e-07
338.178,1.0090820029518335e-06
338.236,1.2396113994320289e-06
338.294,1.0753372524211064e-06
338.352,5.127329955377582e-07
338.409,0.0
338.467,0.0
338.525,0.0
338.583,0.0
338.64,0.0
338.698,0.0
338.756,0.0
338.813,6.14086281606582e-07
338.871,1.4084019809422078e-06
338.928,1.8429377962078056e-06
338.986,1.8904062432228883e-06
339.044,1.6236176207770246e-06
339.101,1.2430380249278156e-06
339.159,9.212443540188702e-07
339.217,6.662539175867858e-07
339.274,5.070303343404937e-07
339.332,4.0342960942026447e-07
339.389,3.203498478767357e-07
339.447,2.7628692456629987e-07
339.504,2.575764468432429e-07
339.562,2.480563752626368e-07
339.619,2.3824054866906693e-07
339.677,2.2835704505527948e-07
339.734,2.1513285118210238e-07
339.792,2.0745800373893538e-07
339.849,2.1110023403704002e-07
339.907,2.1925743627069194e-07
339.964,2.3308437245133473e-07
340.022,2.538369118448286e-07
340.079,2.739834794219867e-07
340.137,2.9947883426332786e-07
340.194,3.286199585446884e-07
340.252,3.580080117004482e-07
340.309,3.9352696563062493e-07
340.366,4.4256251445221435e-07
340.424,5.0491912919227e-07
340.481,5.803405122785468e-07
340.538,7.194254739379766e-07
340.596,9.109740241631045e-07
340.653,1.1532850366684252e-06
340.711,1.4444833360582123e-06
340.768,1.6423046628780529e-06
340.825,1.6935020040987963e-06
340.883,1.5978468727524566e-06
340.94,1.3562223375704249e-06
340.997,1.1151074477823325e-06
341.054,9.74310586421038e-07
341.112,9.355864200362083e-07
341.169,1.0006140574603002e-06
341.226,1.1150653250860192e-06
341.284,1.2236615377266045e-06
341.341,1.3249645935232868e-06
341.398,1.4177151606433168e-06
341.455,1.4823697023355305e-06
341.512,1.56599397382009e-06
341.57,1.674828644163024e-06
341.627,1.4072923736188035e-06
341.684,7.796012287887325e-07
341.741,2.257386628190837e-06
341.798,1.6803841604279689e-06
341.856,1.4867334684583572e-06
341.913,1.72597588135732e-06
341.97,1.9802929601443444e-06
342.027,2.2182460841619435e-06
342.084,2.459976950838566e-06
342.141,2.551232822326367e-06
342.198,2.418685842126348e-06
342.255,1.9937007340663794e-06
342.313,1.2902941231838817e-06
342.37,4.678068126724708e-07
342.427,0.0
342.484,0.0
342.541,0.0
342.598,0.0
342.655,0.0
342.712,0.0
342.769,0.0
342.826,0.0
342.883,0.0
342.94,0.0
342.997,0.0
343.054,0.0
343.111,0.0
343.168,0.0
343.225,0.0
343.282,0.0
343.339,0.0
343.395,0.0
343.452,0.0
343.509,0.0
343.566,0.0
343.623,0.0
343.68,0.0
343.737,2.0675740360408905e-08
343.794,6.450197680210818e-08
343.85,1.0608515624032877e-07
343.907,1.4742019214828957e-07
343.964,1.8799519894605506e-07
344.021,2.271194177895863e-07
344.078,2.6297667966211916e-07
344.134,2.9486348942027063e-07
344.191,3.222697596160906e-07
344.248,3.446740589752153e-07
344.305,3.6311816743006023e-07
344.361,3.787877198743055e-07
344.418,3.9383347654331693e-07
344.475,4.094584749921155e-07
344.532,4.353151804650181e-07
344.588,4.711771687090618e-07
344.645,5.156351821525752e-07
344.702,5.688799299911896e-07
344.758,6.181890057089707e-07
344.815,6.505760250567883e-07
344.872,6.625394336214433e-07
344.928,6.543017999472382e-07
344.985,5.783324593930999e-07
345.042,4.463660841408677e-07
345.098,2.713135319991159e-07
345.155,5.34116512899305e-08
345.212,0.0
345.268,6.444158661691275e-08
345.325,3.969200671343336e-07
345.381,9.495171859570642e-07
345.438,1.482698734459812e-06
345.495,1.7985912756806918e-06
345.551,1.7224047372312075e-06
345.608,1.255888839082536e-06
345.664,5.677296337994137e-07
345.721,0.0
345.777,0.0
345.834,0.0
345.89,0.0
345.947,0.0
346.003,0.0
346.06,0.0
346.116,0.0
346.173,0.0
346.229,1.1761659030316513e-07
346.285,3.026378711665966e-07
346.342,5.023713895220945e-07
346.398,7.18404331263263e-07
346.455,9.673336200296866e-07
346.511,1.243253108261516e-06
346.567,1.5317022644666593e-06
346.624,1.8264891233723962e-06
346.68,2.0342811017694e-06
346.737,2.1868272206053385e-06
346.793,2.3418561855762642e-06
346.849,2.4894385568407767e-06
346.906,3.0210558865110294e-06
346.962,3.837098420253652e-06
347.018,3.8394485279679964e-06
347.074,3.0208885104779326e-06
347.131,2.48005840510003e-06
347.187,2.288072711077624e-06
347.243,2.054513773205195e-06
347.3,1.793109010133983e-06
347.356,1.4536418261660376e-06
347.412,1.0633615256721835e-06
347.468,7.18468403068122e-07
347.524,4.4281299772359605e-07
347.581,2.4899919319743174e-07
347.637,1.2562136218529817e-07
347.693,5.999465987089912e-08
347.749,4.716141959403539e-08
347.805,8.78219422861245e-08
347.862,1.6177950042770237e-07
347.918,2.4755970965778586e-07
347.974,3.269026828872194e-07
348.03,3.9872328757145387e-07
348.086,4.6307561445606145e-07
348.142,5.188270662747802e-07
348.198,5.649216072010002e-07
348.254,5.496850661767257e-07
348.311,4.783620379860508e-07
348.367,3.578056450933915e-07
348.423,1.9450043627864178e-07
348.479,7.405842596916632e-08
348.535,0.0
348.591,0.0
348.647,1.4175667483597181e-08
348.703,7.003903532252821e-08
348.759,1.4221563976276333e-07
348.815,2.230952871957581e-07
348.871,3.0469191844500886e-07
348.927,3.8683543000513e-07
348.983,4.693046414616319e-07
349.039,4.927630871463977e-07
349.095,4.0046315691225373e-07
349.151,2.0042308176186098e-07
349.207,0.0
349.263,0.0
349.319,0.0
349.374,0.0
349.43,0.0
349.486,3.321127777211268e-07
349.542,5.732298684649611e-07
349.598,7.027003009421313e-07
349.654,7.192541913831174e-07
349.71,6.757600893554259e-07
349.766,6.257826725781262e-07
349.821,5.69451741708185e-07
349.877,5.06746460724263e-07
349.933,4.474682424581602e-07
349.989,4.010564262388822e-07
350.045,3.6771784568530517e-07
350.1,3.4778818241173725e-07
350.156,3.301162855107913e-07
350.212,3.0349409022342515e-07
350.268,2.6685838179128717e-07
350.323,2.188814552448002e-07
350.379,1.5932132779049506e-07
350.435,9.184354736560485e-08
350.491,1.9855111151418e-08
350.546,0.0
350.602,0.0
350.658,0.0
350.713,0.0
350.769,0.0
350.825,0.0
350.88,0.0
350.936,4.5243459533640035e-08
350.992,1.1507683203217348e-07
351.047,1.281801557999281e-07
351.103,3.506107064902999e-08
351.158,0.0
351.214,0.0
351.27,0.0
351.325,0.0
351.381,0.0
351.436,4.906882725022025e-07
351.492,1.218522593518517e-06
351.547,1.7524399399736426e-06
351.603,2.0864005288284442e-06
351.658,2.1979050059599797e-06
351.714,2.1323928240473355e-06
351.769,2.1272250180654816e-06
351.825,2.1717841607069488e-06
351.88,2.2669961958679186e-06
351.936,2.4318414917910034e-06
351.991,2.4483241536135773e-06
352.047,2.2771388742554672e-06
352.102,1.9369502637985297e-06
352.157,1.4353632305827456e-06
352.213,1.0327563043012049e-06
352.268,8.886409741058655e-07
352.324,9.94969789864966e-07
352.379,1.3423573695858771e-06
352.434,1.6725345568033445e-06
352.49,1.745446718712326e-06
352.545,1.5565372812617686e-06
352.601,1.11056012179861e-06
352.656,5.764783363973329e-07
352.711,1.8832353951004317e-07
352.767,3.867970601371378e-09
352.822,7.941871160998477e-08
352.877,3.671595262922314e-07
352.932,7.225964408956248e-07
352.988,1.0461539617975563e-06
353.043,1.1836997526804317e-06
353.098,1.12283987783231e-06
353.153,9.016629936734065e-07
353.209,5.783765449789036e-07
353.264,3.0515097002258854e-07
353.319,9.169092376098767e-08
353.374,0.0
353.43,0.0
353.485,0.0
353.54,0.0
353.595,0.0
353.65,0.0
353.705,0.0
353.761,0.0
353.816,0.0
353.871,0.0
353.926,0.0
353.981,0.0
354.036,0.0
354.091,0.0
354.146,0.0
354.201,3.488572471658335e-08
354.256,1.4610735436798765e-07
354.311,2.7356476697564325e-07
354.367,4.1581867551603464e-07
354.422,5.54741271915034e-07
354.477,6.817104408324128e-07
354.532,7.882563547686974e-07
354.587,8.672266356399966e-07
354.642,9.183933921901344e-07
354.697,9.289543301037919e-07
354.752,8.86283989748351e-07
354.806,7.902293875446055e-07
354.861,6.567989571842712e-07
354.916,4.5274970113518805e-07
354.971,2.0122133815076102e-07
355.026,0.0
355.081,0.0
355.136,0.0
355.191,0.0
355.246,0.0
355.301,2.3443228645445032e-07
355.356,6.936637017624156e-07
355.41,9.177248805685722e-07
355.465,8.993982129745371e-07
355.52,6.384983338596524e-07
355.575,2.926397961352e-07
355.63,4.4998660593843254e-08
355.684,0.0
355.739,0.0
355.794,0.0
355.849,0.0
355.904,0.0
355.958,0.0
356.013,6.102215736314623e-08
356.068,2.2818806838838233e-07
356.123,4.807289817159346e-07
356.177,8.086671025011329e-07
356.232,1.066477409456198e-06
356.287,1.1740482613267766e-06
356.341,1.1326401573714829e-06
356.396,9.424089900823349e-07
356.451,7.45127801256678e-07
356.505,5.968351228076656e-07
356.56,4.976158410545874e-07
356.615,4.466111064698549e-07
356.669,3.993235049090362e-07
356.724,3.54416569411564e-07
356.778,3.1198256353945787e-07
356.833,3.344495790336525e-07
356.888,4.124630680739698e-07
356.942,5.370508687343051e-07
356.997,7.083696091150539e-07
357.051,5.525129421124801e-07
357.106,7.793319971707063e-08
357.16,0.0
357.215,9.34028212735965e-08
357.269,2.0742007389007753e-07
357.324,2.6707121631536205e-07
357.378,2.7346980381873924e-07
357.433,2.2664000118361234e-07
357.487,1.7944646085419882e-07
357.542,1.2986800553377496e-07
357.596,7.790426556832201e-08
357.651,2.358629706964481e-08
357.705,0.0
357.76,0.0
357.814,0.0
357.868,0.0
357.923,0.0
357.977,0.0
358.032,1.5115918543146907e-07
358.086,3.687456099910104e-07
358.14,4.99938547487633e-07
358.195,4.934622996840117e-07
358.249,3.4928923589506284e-07
358.303,6.74450708824742e-08
358.358,0.0
358.412,0.0
358.466,0.0
358.521,0.0
358.575,0.0
358.629,0.0
358.683,0.0
358.738,0.0
358.792,0.0
358.846,0.0
358.9,0.0
358.954,0.0
359.009,0.0
359.063,0.0
359.117,0.0
359.171,0.0
359.225,0.0
359.28,0.0
359.334,0.0
359.388,1.855732118403625e-07
359.442,4.58477707319998e-07
359.496,0.0
359.55,6.342252355620082e-07
359.604,2.0755100776674352e-07
359.658,0.0
359.712,0.0
359.766,0.0
359.82,0.0
359.875,0.0
359.929,4.361539953978958e-09
359.983,1.3093733480013175e-08
360.037,2.1483076462924085e-08
360.091,2.961158770328685e-08
360.145,3.774223159802993e-08
360.199,4.649092087512069e-08
360.253,5.677450113643026e-08
360.306,6.884984774364831e-08
360.36,8.293312742868505e-08
360.414,9.946991969354313e-08
360.468,1.1915363143035554e-07
360.522,1.4235231438860009e-07
360.576,1.7014574519724808e-07
360.63,2.0264591998009489e-07
360.684,2.3909752485528885e-07
360.738,2.779627209660755e-07
360.792,3.1810942980558236e-07
360.846,3.583259557775497e-07
360.899,3.983873734210231e-07
360.953,4.362941202996943e-07
361.007,4.712090482148627e-07
361.061,5.015162857172356e-07
361.115,5.255221734590004e-07
361.168,5.425301987811666e-07
361.222,5.519897263676982e-07
361.276,5.523301885468469e-07
361.33,5.412166019070305e-07
361.384,5.178579556554492e-07
361.437,4.809579999082779e-07
361.491,4.2946595327238e-07
361.545,3.6285813213969835e-07
361.599,2.858798610191683e-07
361.652,2.022742836322267e-07
361.706,1.194959330349188e-07
361.76,4.469668635793944e-08
361.813,0.0
361.867,0.0
361.921,0.0
361.974,0.0
362.028,0.0
362.082,1.6289047226707488e-08
362.135,7.457573490006534e-08
362.189,1.1722614451078866e-07
362.242,1.3020885128253312e-07
362.296,1.2893366103979294e-07
362.35,1.0484256915629316e-07
362.403,6.31265539117012e-08
362.457,0.0
362.51,0.0
362.564,0.0
362.617,0.0
362.671,0.0
362.724,0.0
362.778,3.510654963428556e-07
362.831,5.74786901408048e-07
362.885,0.0
362.938,0.0
362.998,5.487379412405746e-07
363.06,5.610414519206018e-07
363.122,5.71739022408496e-07
363.184,5.808404640400571e-07
363.246,5.884212532610655e-07
363.308,5.946093765486977e-07
363.37,5.994362142087023e-07
363.432,6.029486094069859e-07
363.494,6.052626225111141e-07
363.556,6.064666528676091e-07
363.618,6.066706194981168e-07
363.68,6.059259061762614e-07
363.742,6.040939878073204e-07
363.804,6.009849341210298e-07
363.866,5.964540555732561e-07
363.928,5.903417992747527e-07
363.99,5.825667675181199e-07
364.052,5.731051440003566e-07
364.114,5.619347548107939e-07
364.176,5.49105290884126e-07
364.238,5.347411592808133e-07
364.3,5.190255238012544e-07
364.362,5.021132043049169e-07
364.424,4.841288044993956e-07
364.486,4.651260987652976e-07
364.548,4.451029200725349e-07
364.609,4.2410925705310765e-07
364.671,4.0220716173019055e-07
364.733,3.795359476565984e-07
364.795,3.5624964113757906e-07
364.857,3.324501014509995e-07
364.919,3.0824214625462627e-07
364.981,2.8370654543844803e-07
365.042,2.58933485614842e-07
365.104,2.3398982487317756e-07
365.166,2.089124559171632e-07
365.228,1.8364491634311837e-07
365.29,1.5805454641916798e-07
365.351,1.3212445353923203e-07
365.413,1.0583803448784664e-07
365.475,7.917445917425016e-08
365.537,5.2146410169818374e-08
365.598,2.4718020475040482e-08
365.66,0.0
365.722,0.0
365.784,0.0
365.845,0.0
365.907,0.0
365.969,0.0
366.03,0.0
366.092,0.0
366.154,0.0
366.215,0.0
366.277,0.0
366.339,0.0
366.4,0.0
366.462,0.0
366.524,0.0
366.585,0.0
366.647,0.0
366.708,0.0
366.77,0.0
366.832,0.0
366.893,0.0
366.955,0.0
367.016,0.0
367.078,0.0
367.139,0.0
367.201,0.0
367.262,0.0
367.324,0.0
367.385,0.0
367.447,0.0
367.508,0.0
367.57,0.0
367.631,0.0
367.693,0.0
367.754,0.0
367.816,0.0
367.877,0.0
367.939,0.0
368.0,0.0
368.062,0.0
368.123,0.0
368.184,0.0
368.246,0.0
368.307,0.0
368.369,0.0
368.43,0.0
368.491,0.0
368.553,0.0
368.614,0.0
368.675,0.0
368.737,2.3053728898530365e-08
368.798,5.5172619117890464e-08
368.859,8.67394688656384e-08
368.921,1.1757676824899248e-07
368.982,1.4748711350103096e-07
369.043,1.762419988829378e-07
369.104,2.0359536099803497e-07
369.166,2.292546000019053e-07
369.227,2.528319104296509e-07
369.288,2.7404542926101753e-07
369.349,2.926926187548041e-07
369.411,3.086081605784563e-07
369.472,3.2171464960604436e-07
369.533,3.319450998879769e-07
369.594,3.3926140673762964e-07
369.656,3.436045265039174e-07
369.717,3.4496864112977126e-07
369.778,3.4337674619885803e-07
369.839,3.3879576238912743e-07
369.9,3.3121590104390895e-07
369.961,3.205959672699061e-07
370.023,3.068494947946165e-07
370.084,2.8992659022286106e-07
370.145,2.6990614096882383e-07
370.206,2.4689737327724433e-07
370.267,2.209871147609517e-07
370.328,1.9229954681798556e-07
370.389,1.6092726472937012e-07
370.451,1.2702403374666913e-07
370.512,9.08205089233843e-08
370.573,5.2522139685548935e-08
370.634,1.2297788491103796e-08
370.695,0.0
370.756,0.0
370.817,0.0
370.878,0.0
370.939,0.0
371.0,0.0
371.061,0.0
371.122,0.0
371.183,0.0
371.244,0.0
371.305,0.0
371.366,0.0
371.427,0.0
371.488,0.0
371.549,0.0
371.61,0.0
371.671,0.0
371.732,0.0
371.793,0.0
371.853,0.0
371.914,0.0
371.975,0.0
372.036,0.0
372.097,0.0
372.158,0.0
372.219,0.0
372.28,0.0
372.34,0.0
372.401,0.0
372.462,0.0
372.523,0.0
372.584,0.0
372.645,0.0
372.705,0.0
372.766,0.0
372.827,0.0
372.888,0.0
372.948,0.0
373.009,0.0
373.07,0.0
373.131,0.0
373.191,0.0
373.252,0.0
373.313,0.0
373.373,0.0
373.434,0.0
373.495,0.0
373.555,0.0
373.616,0.0
373.677,0.0
373.737,0.0
373.798,0.0
373.859,0.0
373.919,0.0
373.98,0.0
374.041,0.0
374.101,0.0
374.162,0.0
374.222,0.0
374.283,0.0
374.343,0.0
374.404,1.086790889209921e-09
374.465,6.420507778135223e-09
374.525,7.18834671560371e-09
374.586,3.346325547979999e-09
374.646,0.0
374.707,0.0
374.767,0.0
374.828,0.0
374.888,0.0
374.949,0.0
375.009,0.0
375.07,0.0
375.13,0.0
375.19,0.0
375.251,0.0
375.311,0.0
375.372,0.0
375.432,0.0
375.493,0.0
375.553,0.0
375.613,0.0
375.674,0.0
375.734,0.0
375.794,0.0
375.855,0.0
375.915,0.0
375.975,0.0
376.036,0.0
376.096,0.0
376.156,0.0
376.217,0.0
376.277,0.0
376.337,0.0
376.398,0.0
376.458,0.0
376.518,0.0
376.578,0.0
376.639,0.0
376.699,0.0
376.759,0.0
376.819,0.0
376.88,0.0
376.94,0.0
377.0,0.0
377.06,0.0
377.12,0.0
377.18,0.0
377.241,0.0
377.301,0.0
377.361,0.0
377.421,0.0
377.481,0.0
377.541,0.0
377.601,0.0
377.661,0.0
377.722,0.0
377.782,0.0
377.842,0.0
377.902,0.0
377.962,0.0
378.022,0.0
378.082,0.0
378.142,0.0
378.202,0.0
378.262,0.0
378.322,0.0
378.382,0.0
378.442,0.0
378.502,0.0
378.562,0.0
378.622,0.0
378.682,0.0
378.742,0.0
378.802,0.0
378.862,0.0
378.921,0.0
378.981,0.0
379.041,0.0
379.101,0.0
379.161,0.0
379.221,0.0
379.281,0.0
379.341,0.0
379.401,0.0
379.46,0.0
379.52,0.0
379.58,0.0
379.64,0.0
379.7,0.0
379.759,3.7718098696953974e-09
379.819,9.315386749399721e-08
379.879,1.7995250142641239e-07
379.939,2.627338742367966e-07
379.999,3.3981650291803527e-07
380.058,4.098583529941374e-07
380.118,4.7258241222057027e-07
380.178,5.287133607925806e-07
380.237,5.796304200829643e-07
380.297,6.257997487664595e-07
380.357,6.681705764846618e-07
380.417,7.089701499049164e-07
380.476,7.509238511119389e-07
380.536,7.967063024904787e-07
380.596,8.489710840563542e-07
380.655,9.097609124349951e-07
380.715,9.810027843327075e-07
380.775,1.0645500188230463e-06
380.834,1.1677347207538725e-06
380.894,1.2983831559542865e-06
380.954,1.464639970197055e-06
381.013,1.6744498725532653e-06
381.073,1.9338843522465635e-06
381.132,2.247312102516494e-06
381.192,2.6198347343284128e-06
381.252,3.055295740132002e-06
381.311,3.5538903785181762e-06
381.371,4.1118845333633366e-06
381.43,4.724822432800944e-06
381.49,5.390431891301829e-06
381.549,6.112550735699965e-06
381.609,6.903881254269968e-06
381.668,7.776727115333145e-06
381.728,8.748003069727539e-06
381.787,9.80919107190897e-06
381.847,1.095299975346072e-05
381.906,1.218081814798176e-05
381.966,1.3502263572280177e-05
382.025,1.4939004356676958e-05
382.085,1.6474506533170126e-05
382.144,1.81078504258589e-05
382.204,1.9849082592956934e-05
382.263,2.1787892795876203e-05
382.322,2.409598035503731e-05
382.382,2.6896384791691103e-05
382.441,3.022017971958486e-05
382.501,3.403143429036268e-05
382.56,3.832075214159702e-05
382.619,4.327939944682858e-05
382.679,4.941225420129842e-05
382.738,5.6955310685917984e-05
382.798,6.675983176434038e-05
382.857,7.784596024030267e-05
382.916,8.44401011977095e-05
382.976,8.500283259810057e-05
383.035,8.805284941192745e-05
383.094,0.00010102793103388023
383.154,0.00011611663695002621
383.213,0.00011703170054650901
383.272,0.00010231995135233551
383.331,8.563633056497716e-05
383.391,7.574337502135178e-05
383.45,7.222800505274989e-05
383.509,7.440382135448304e-05
383.568,8.223822412793506e-05
383.628,9.396539841100404e-05
383.687,0.00011005327511526278
383.746,0.00012797500230547345
383.805,0.00013415996503652854
383.864,0.00011969099041854657
383.924,9.396694134409846e-05
383.983,7.078098942445808e-05
384.042,5.4945633681788246e-05
384.101,4.4808972939686474e-05
384.16,3.802660865528509e-05
384.219,3.314166205608982e-05
384.279,2.8916403823461238e-05
384.338,2.4955782887803784e-05
384.397,2.1519693859701315e-05
384.456,1.8597078013525166e-05
384.515,1.6174790751497835e-05
384.574,1.4149485446246826e-05
384.633,1.2326064281562524e-05
384.692,1.0661888085150907e-05
384.751,9.19091829370208e-06
384.81,7.92550422544134e-06
384.869,6.822616710137459e-06
384.929,5.864471616123928e-06
384.988,5.019461265002829e-06
385.047,4.268613193217439e-06
385.106,3.6180270285987614e-06
385.165,3.055357051809935e-06
385.224,2.556502915591125e-06
385.283,2.1027575415423993e-06
385.342,1.6906464865873047e-06
385.401,1.3182916292325152e-06
385.459,9.959912002786475e-07
385.518,7.31298126670966e-07
385.577,5.225435176836756e-07
385.636,3.662594609248509e-07
385.695,2.573649755407235e-07
385.754,1.9142714531280078e-07
385.813,1.6474031238853825e-07
385.872,1.6809499558158696e-07
385.931,1.8953603063520302e-07
385.99,2.1773464404201941e-07
386.049,2.483208362537025e-07
386.107,2.801313603729896e-07
386.166,3.1391275390038836e-07
386.225,3.5081793668059525e-07
386.284,3.886067274912371e-07
386.343,4.257979635829294e-07
386.402,4.5955638213042155e-07
386.46,4.8700861612549e-07
386.519,5.062947075268005e-07
386.578,5.157621635363889e-07
386.637,5.139552779648762e-07
386.696,4.995467902420896e-07
386.754,4.7057751983012513e-07
386.813,4.278209623826093e-07
386.872,3.7402133733958836e-07
386.931,3.1265254540855444e-07
386.989,2.4425038281120535e-07
387.048,1.6884511223034856e-07
387.107,8.65215879414723e-08
387.165,0.0
387.224,0.0
387.283,0.0
387.342,0.0
387.4,0.0
387.459,0.0
387.517,0.0
387.576,0.0
387.635,0.0
387.693,0.0
387.752,0.0
387.811,0.0
387.869,0.0
387.928,0.0
387.986,0.0
388.045,0.0
388.103,0.0
388.162,0.0
388.221,0.0
388.279,0.0
388.338,0.0
388.396,0.0
388.455,0.0
388.513,0.0
388.572,0.0
388.63,0.0
388.689,0.0
388.747,0.0
388.806,0.0
388.864,0.0
388.922,0.0
388.981,0.0
389.039,0.0
389.098,0.0
389.156,0.0
389.214,0.0
389.273,0.0
389.331,0.0
389.39,0.0
389.448,0.0
389.506,0.0
389.565,0.0
389.623,0.0
389.681,0.0
389.74,0.0
389.798,0.0
389.856,0.0
389.914,0.0
389.973,0.0
390.031,0.0
390.089,0.0
390.147,0.0
390.206,0.0
390.264,0.0
390.322,0.0
390.38,0.0
390.439,0.0
390.497,0.0
390.555,0.0
390.613,0.0
390.671,0.0
390.729,0.0
390.788,0.0
390.846,0.0
390.904,0.0
390.962,0.0
391.02,0.0
391.078,0.0
391.136,0.0
391.194,0.0
391.252,0.0
391.311,0.0
391.369,0.0
391.427,0.0
391.485,0.0
391.543,0.0
391.601,0.0
391.659,0.0
391.717,0.0
391.775,0.0
391.833,0.0
391.891,0.0
391.949,0.0
392.007,0.0
392.065,0.0
392.123,0.0
392.18,0.0
392.238,0.0
392.296,0.0
392.354,0.0
392.412,0.0
392.47,0.0
392.528,0.0
392.586,0.0
392.644,0.0
392.701,0.0
392.759,0.0
392.817,0.0
392.875,0.0
392.933,0.0
392.991,0.0
393.048,0.0
393.106,0.0
393.164,0.0
393.222,0.0
393.279,0.0
393.337,0.0
393.395,0.0
393.453,0.0
393.51,0.0
393.568,0.0
393.626,0.0
393.684,0.0
393.741,0.0
393.799,0.0
393.857,0.0
393.914,0.0
393.972,0.0
394.03,0.0
394.087,0.0
394.145,0.0
394.202,0.0
394.26,0.0
394.318,0.0
394.375,0.0
394.433,0.0
394.49,0.0
394.548,0.0
394.605,0.0
394.663,0.0
394.72,0.0
394.778,0.0
394.836,0.0
394.893,0.0
394.951,0.0
395.008,0.0
395.065,0.0
395.123,0.0
395.18,0.0
395.238,0.0
395.295,0.0
395.353,0.0
395.41,0.0
395.468,0.0
395.525,0.0
395.582,0.0
395.64,0.0
395.697,0.0
395.754,0.0
395.812,0.0
395.869,0.0
395.927,0.0
395.984,0.0
396.041,0.0
396.098,0.0
396.156,0.0
396.213,0.0
396.27,0.0
396.328,0.0
396.385,0.0
396.442,0.0
396.499,0.0
396.557,0.0
396.614,0.0
396.671,0.0
396.728,0.0
396.785,0.0
396.843,0.0
396.9,0.0
396.957,0.0
397.014,0.0
397.071,0.0
397.128,0.0
397.186,0.0
397.243,0.0
397.3,0.0
397.357,0.0
397.414,0.0
397.471,0.0
397.528,0.0
397.585,0.0
397.642,0.0
397.699,0.0
397.756,0.0
397.813,4.9365976372516546e-08
397.871,1.2158563668651784e-07
397.928,2.0324286457608095e-07
397.985,2.9442596720321184e-07
398.042,3.950379949484124e-07
398.099,5.048275088684337e-07
398.156,6.234659503855161e-07
398.212,7.504716575040157e-07
398.269,8.852579437595964e-07
398.326,1.0271998473832992e-06
398.383,1.1756656313368504e-06
398.44,1.3300228911668866e-06
398.497,1.4896221538524964e-06
398.554,1.653859576671818e-06
398.611,1.8220302569155864e-06
398.668,1.9932673602491744e-06
398.725,2.1666367219382044e-06
398.782,2.3410697191048473e-06
398.839,2.515500475376297e-06
398.895,2.6889537390321e-06
398.952,2.860491789340591e-06
399.009,3.029161069291094e-06
399.066,3.194025006583198e-06
399.123,3.3542363544581008e-06
399.18,3.508932015833269e-06
399.236,3.6572987389637808e-06
399.293,3.7984844735559484e-06
399.35,3.931527786262661e-06
399.407,4.055498258288821e-06
399.463,4.169464255336548e-06
399.52,4.2725144939118506e-06
399.577,4.36372895166798e-06
399.634,4.4421609203668425e-06
399.69,4.506960908237775e-06
399.747,4.557414466709466e-06
399.804,4.592957711087838e-06
399.861,4.613193709264441e-06
399.917,4.617842901061393e-06
399.974,4.606740105847554e-06
400.031,4.579883683851585e-06
400.087,4.537397947986985e-06
400.144,4.479492803192527e-06
400.201,4.406459418515974e-06
400.257,4.3186416610732614e-06
400.314,4.216501952383305e-06
400.37,4.100603601470778e-06
400.427,3.971614253706975e-06
400.484,3.830415990042415e-06
400.54,3.6780184181910257e-06
400.597,3.5154964372382997e-06
400.653,3.34395408560599e-06
400.71,3.1644853395099945e-06
400.766,2.97808409517775e-06
400.823,2.7857168559226947e-06
400.879,2.588410437519185e-06
400.936,2.3871055978359223e-06
400.993,2.182794970287209e-06
401.049,1.976536069549904e-06
401.106,1.7694137347414103e-06
401.162,1.562611782111073e-06
401.218,1.3573864517001977e-06
401.275,1.15506029746902e-06
401.331,9.569063091054213e-07
401.388,7.64187815842732e-07
401.444,5.781561932594422e-07
401.501,3.999429460887009e-07
401.557,2.3059201043220742e-07
401.614,7.096990645373013e-08
401.67,0.0
401.726,0.0
401.783,0.0
401.839,0.0
401.895,0.0
401.952,0.0
402.008,0.0
402.064,0.0
402.121,0.0
402.177,0.0
402.233,0.0
402.29,0.0
402.346,0.0
402.402,0.0
402.459,0.0
402.515,0.0
402.571,0.0
402.627,0.0
402.683,0.0
402.74,0.0
402.796,0.0
402.852,0.0
402.908,0.0
402.964,0.0
403.021,0.0
403.077,0.0
403.133,0.0
403.189,0.0
403.245,0.0
403.301,0.0
403.357,0.0
403.414,0.0
403.47,0.0
403.526,1.2858791376811731e-08
403.582,6.104785930551546e-08
403.638,1.0359084646744146e-07
403.694,1.3998486198233938e-07
403.75,1.6987398490368918e-07
403.806,1.9298362095045215e-07
403.862,2.0912436521338363e-07
403.918,2.182844451055717e-07
403.974,2.2063582879518715e-07
404.03,2.1643831549063976e-07
404.086,2.0612292571252273e-07
404.142,1.900960791102038e-07
404.198,1.6866636862439645e-07
404.254,1.421752410006899e-07
404.31,1.1093366080137474e-07
404.366,7.521694506917037e-08
404.422,3.532143980583553e-08
404.478,0.0
404.534,0.0
404.59,0.0
404.646,0.0
404.701,0.0
404.757,0.0
404.813,0.0
404.869,0.0
404.925,0.0
404.981,0.0
405.037,0.0
405.092,0.0
405.148,0.0
405.204,0.0
405.26,0.0
405.316,0.0
405.371,0.0
405.427,0.0
405.483,0.0
405.539,0.0
405.594,0.0
405.65,0.0
405.706,0.0
405.761,0.0
405.817,0.0
405.873,0.0
405.928,0.0
405.984,0.0
406.04,0.0
406.095,6.38632817720668e-08
406.151,1.9351462022412338e-07
406.207,3.327753148251959e-07
406.262,4.812571442623966e-07
406.318,6.384806204029444e-07
406.374,8.037792749028235e-07
406.429,9.764120639478802e-07
406.485,1.1555393020968686e-06
406.54,1.3401148193514693e-06
406.596,1.5291607449905254e-06
406.651,1.7217013237910722e-06
406.707,1.9167680057950644e-06
406.763,2.1135268315302983e-06
406.818,2.3110830897549026e-06
406.874,2.508399324868369e-06
406.929,2.7044104129972326e-06
406.985,2.89801283204278e-06
407.04,3.0880264648830854e-06
407.095,3.2733457327640304e-06
407.151,3.4529044297520825e-06
407.206,3.625525489156236e-06
407.262,3.7901532495486036e-06
407.317,3.945843807288705e-06
407.373,4.091725620546556e-06
407.428,4.227234687130521e-06
407.484,4.351940555759436e-06
407.539,4.4654381690695096e-06
407.594,4.567364025396704e-06
407.65,4.657366203948078e-06
407.705,4.735095772360644e-06
407.76,4.800285755067777e-06
407.816,4.852726209737609e-06
407.871,4.892158064910048e-06
407.926,4.918454327876718e-06
407.982,4.9316395610644086e-06
408.037,4.93181650375565e-06
408.092,4.919203101359713e-06
408.148,4.894156121366374e-06
408.203,4.857033646428567e-06
408.258,4.808283371720455e-06
408.314,4.748459215915914e-06
408.369,4.677975030864272e-06
408.424,4.5972524571775295e-06
408.479,4.50674418743445e-06
408.534,4.406840701823503e-06
408.59,4.297993162664049e-06
408.645,4.180792424663983e-06
408.7,4.0558859194534666e-06
408.755,3.924014033148787e-06
408.81,3.7860244856703343e-06
408.866,3.6426937902097664e-06
408.921,3.494756877230487e-06
408.976,3.343046833122494e-06
409.031,3.188361847130342e-06
409.086,3.0314562550318755e-06
409.141,2.8729967451222872e-06
409.196,2.7133720573456008e-06
409.252,2.5529119651551415e-06
409.307,2.391969701851327e-06
409.362,2.230937673191031e-06
409.417,2.0702931136609426e-06
409.472,1.9105092065675886e-06
409.527,1.7520312036793523e-06
409.582,1.5953694170242335e-06
409.637,1.4411463128157085e-06
409.692,1.2900016496033832e-06
409.747,1.142656030308243e-06
409.802,9.999433071566412e-07
409.857,8.627380930549453e-07
409.912,7.319233125368747e-07
409.967,6.084419766084105e-07
410.022,4.932049121185879e-07
410.077,3.8715103227769685e-07
410.132,2.9131662600731946e-07
410.187,2.0660320689468318e-07
410.242,1.3370996907385052e-07
410.297,7.309604254561306e-08
410.351,2.4981487279573587e-08
410.406,0.0
410.461,0.0
410.516,0.0
410.571,0.0
410.626,0.0
410.681,0.0
410.736,1.7650260117513765e-09
410.79,3.218732420005989e-08
410.845,6.758934713401489e-08
410.9,1.0692660705144852e-07
410.955,1.4937042135633044e-07
411.01,1.9414825654554295e-07
411.064,2.405836039864502e-07
411.119,2.8804309499713246e-07
411.174,3.3593297538591727e-07
411.229,3.837622804162042e-07
411.283,4.310883573435646e-07
411.338,4.774949752348869e-07
411.393,5.226359233535277e-07
411.447,5.662568913929161e-07
411.502,6.080888060509693e-07
411.557,6.478230023095269e-07
411.612,6.851283904439158e-07
411.666,7.197575932300824e-07
411.721,7.51562640727866e-07
411.776,7.804270524131394e-07
411.83,8.061265544436596e-07
411.885,8.283051466056255e-07
411.939,8.465954523582538e-07
411.994,8.606909040265564e-07
412.049,8.70449187092604e-07
412.103,8.757640027234552e-07
412.158,8.765183298062115e-07
412.212,8.7270309264211e-07
412.267,8.64422159438524e-07
412.322,8.51882019293259e-07
412.376,8.354269782647733e-07
412.431,8.15495325581464e-07
412.485,7.925669084979648e-07
412.54,7.671347460039614e-07
412.594,7.396759301561055e-07
412.649,7.105422313313042e-07
412.703,6.800260327791242e-07
412.758,6.48454903598159e-07
412.812,6.160625758352591e-07
412.866,5.830603132049508e-07
412.921,5.495787095448946e-07
412.975,5.157383601583802e-07
413.03,4.817942009770312e-07
413.084,4.479858153483327e-07
413.139,4.1446723143357916e-07
413.193,3.8133306566037906e-07
413.247,3.486516413547351e-07
413.302,3.16569529957627e-07
413.356,2.853824856446515e-07
413.41,2.5530733448345686e-07
413.465,2.2641715177411673e-07
413.519,1.9883683105388068e-07
413.573,1.7279651387363554e-07
413.628,1.4862195614425134e-07
413.682,1.2676739586750453e-07
413.736,1.0763587135411083e-07
413.791,9.145635240005123e-08
413.845,7.843442864624129e-08
413.899,6.879372604991171e-08
413.953,6.266186578458835e-08
414.008,6.009440887305177e-08
414.062,6.109053849535115e-08
414.116,6.545346299075188e-08
414.17,7.288327323770478e-08
414.225,8.302824650660642e-08
414.279,9.553245402306472e-08
414.333,1.1009381501893934e-07
414.387,1.2647062416307505e-07
414.441,1.4440713388982308e-07
414.496,1.6360836131528152e-07
414.55,1.838515209008213e-07
414.604,2.0494380501260834e-07
414.658,4.0612120996533045e-07
414.712,5.950878264697622e-07
414.766,0.0
414.82,0.0
414.874,5.891230071285124e-06
414.928,0.0
414.982,0.0
415.037,7.848309461486005e-07
415.091,6.02027462991018e-07
415.145,4.3157171942935886e-07
415.199,4.527521932247094e-07
415.253,4.732342456864217e-07
415.307,4.928179297713321e-07
415.361,5.112705887224782e-07
415.415,5.281663307215364e-07
415.469,5.431510889410313e-07
415.523,5.560060417740593e-07
415.577,5.665227200458893e-07
415.631,5.745504036374307e-07
415.684,5.800251981482303e-07
415.738,5.82929178379053e-07
415.792,5.832663713236386e-07
415.846,5.811964552825293e-07
415.9,5.769447656181738e-07
415.954,5.708052350966302e-07
416.008,5.630865364797593e-07
416.062,5.540327427009109e-07
416.116,5.439189547959209e-07
416.169,5.330797094177665e-07
416.223,5.218783624748737e-07
416.277,5.106755568828077e-07
416.331,4.99814463088474e-07
416.385,4.894956923696404e-07
416.439,4.799478202079122e-07
416.492,4.716102844540167e-07
416.546,4.647875764177193e-07
416.6,4.596506597303107e-07
416.654,4.5642457421392963e-07
416.707,4.5518096133752253e-07
416.761,4.560592203528802e-07
416.815,4.5933950350584694e-07
416.869,4.6513959836753815e-07
416.922,4.734498536118829e-07
416.976,4.843849461522987e-07
417.03,4.981332750988322e-07
417.083,5.148720404882359e-07
417.137,5.349288053672645e-07
417.191,5.585060262581499e-07
417.244,5.856765653796751e-07
417.298,6.165032439138749e-07
417.352,6.509420148764404e-07
417.405,6.88906214986734e-07
417.459,7.302922954663186e-07
417.512,7.749762603614119e-07
417.566,8.22749704096595e-07
417.62,8.7337794271914e-07
417.673,9.265746945397176e-07
417.727,9.82068029292554e-07
417.78,1.0396662181006885e-06
417.834,1.0990993315228006e-06
417.887,1.1599988012350894e-06
417.941,1.2219416172324932e-06
417.994,1.2844417498166046e-06
418.048,1.3470285265389521e-06
418.101,1.4093739787483884e-06
418.155,1.471154988590971e-06
418.208,1.5318755429794681e-06
418.262,1.5911491400165113e-06
418.315,1.6487085437977644e-06
418.369,1.7042024666515756e-06
418.422,1.7573730894878327e-06
418.476,1.8078661001448227e-06
418.529,1.8551849651876784e-06
418.582,1.898944492084976e-06
418.636,1.938880819248918e-06
418.689,1.9746715342369064e-06
418.743,2.005898727302746e-06
418.796,2.03214728730106e-06
418.849,2.0529329121122766e-06
418.903,2.067937385131105e-06
418.956,2.0770067818454982e-06
419.009,2.0800270866638957e-06
419.063,2.076974101596222e-06
419.116,2.0677907563852156e-06
419.169,2.052426347468388e-06
419.222,2.030901908793525e-06
419.276,2.0033227967320042e-06
419.329,1.9698477214359073e-06
419.382,1.9306933756884737e-06
419.435,1.8860351079635538e-06
419.489,1.8359472837666431e-06
419.542,1.7805838043353288e-06
419.595,1.7202406961006725e-06
419.648,1.6553516104387138e-06
419.701,1.586458406811129e-06
419.755,1.5140618723774785e-06
419.808,1.438472999103904e-06
419.861,1.3599419871126791e-06
419.914,1.2789205493346255e-06
419.967,1.1958889069675643e-06
420.02,1.1112773298109323e-06
420.073,1.025550685532569e-06
420.127,9.390819489233618e-07
420.18,8.523316386979832e-07
420.233,7.659303200408604e-07
420.286,6.805234129091019e-07
420.339,5.642083115271518e-07
420.392,4.1745605970504257e-07
420.445,2.7121408194303824e-07
420.498,1.260015851846526e-07
420.551,2.5257080392610437e-07
420.604,6.513228339644199e-07
420.657,1.0690830814256792e-06
420.71,1.5060516632151076e-06
420.763,3.4105862633107114e-07
420.816,0.0
420.869,0.0
420.922,9.904370067317735e-08
420.975,1.1741364705996306e-06
421.028,7.187842434809134e-07
421.081,2.5338500196234446e-07
421.134,0.0
421.187,0.0
421.239,0.0
421.292,0.0
421.345,0.0
421.398,0.0
421.451,0.0
421.504,0.0
421.557,0.0
421.609,0.0
421.662,0.0
421.715,0.0
421.768,0.0
421.821,0.0
421.873,0.0
421.926,0.0
421.979,0.0
422.032,0.0
422.084,0.0
422.137,0.0
422.19,0.0
422.243,0.0
422.295,0.0
422.348,0.0
422.401,8.43717608310585e-09
422.453,1.569018230634929e-08
422.506,2.0831375610945674e-08
422.558,2.3868436515268025e-08
422.611,2.483991986427038e-08
422.664,2.3832949463878182e-08
422.716,2.1028173624499618e-08
422.769,1.675567111073522e-08
422.822,1.1417573971851811e-08
422.874,5.244221511555168e-09
422.927,0.0
422.979,0.0
423.032,0.0
423.084,0.0
423.137,0.0
423.189,0.0
423.242,0.0
423.294,0.0
423.347,0.0
423.399,0.0
423.452,0.0
423.504,0.0
423.557,0.0
423.609,0.0
423.662,0.0
423.714,0.0
423.766,0.0
423.819,0.0
423.871,0.0
423.923,0.0
423.976,0.0
424.028,0.0
424.081,3.713850853425759e-09
424.133,2.0837854298434136e-08
424.185,3.9762879808040356e-08
424.238,6.032160301275127e-08
424.29,8.236852689856082e-08
424.342,1.0574650161257278e-07
424.394,9.689120210523312e-08
424.447,5.5405761312421703e-08
424.499,0.0
424.551,0.0
424.603,8.200931734879252e-09
424.656,2.0701217465825966e-07
424.708,4.6865527215456945e-07
424.76,2.2978144650559936e-06
424.812,4.0277589671206595e-06
424.864,0.0
424.917,0.0
424.969,1.7883116513936274e-07
425.021,4.3163691750221897e-07
425.073,6.187525496037409e-07
425.125,7.400244440143483e-07
425.177,6.148578227330736e-07
425.229,5.210585637006299e-07
425.282,4.586476310338091e-07
425.334,4.2752923088847766e-07
425.386,4.2767997902349596e-07
425.438,4.259041442995978e-07
425.49,4.2234105245794324e-07
425.542,4.172021911482441e-07
425.594,4.106438286379434e-07
425.646,4.0273807961321997e-07
425.698,3.9352107918525144e-07
425.75,3.830055373402489e-07
425.802,3.712775072418647e-07
425.854,3.584928176460092e-07
425.906,3.4488798676760234e-07
425.958,3.306442495236331e-07
426.01,3.15950422732135e-07
426.062,3.010520152906577e-07
426.114,2.8626981287366603e-07
426.166,2.720744531901721e-07
426.218,2.58818826921512e-07
426.27,2.466955148222069e-07
426.321,2.358382864758184e-07
426.373,2.2644289924748277e-07
426.425,2.1869979624694962e-07
426.477,2.1277574230810417e-07
426.529,2.0878828744673273e-07
426.581,2.0658978706001344e-07
426.633,2.061504601637538e-07
426.684,2.0760872671728926e-07
426.736,2.110358199875778e-07
426.788,2.164695586833119e-07
426.84,2.2384236935731358e-07
426.892,2.329805362448916e-07
426.943,2.437158255507335e-07
426.995,2.5603084976917014e-07
427.047,2.6984693240657834e-07
427.099,2.8496489573554716e-07
427.15,3.012295064483958e-07
427.202,3.1836744994911156e-07
427.254,3.3614917834313796e-07
427.306,3.544335975740824e-07
427.357,3.729839576040194e-07
427.409,3.9156067515232067e-07
427.461,4.099035699951536e-07
427.512,4.276720042125479e-07
427.564,4.4449885675477827e-07
427.616,4.6012009659077244e-07
427.667,4.7424347357873414e-07
427.719,4.865468459424765e-07
427.77,4.967156020240196e-07
427.822,5.043000157639111e-07
427.874,5.089631976909557e-07
427.925,5.105357090793539e-07
427.977,5.088676483388317e-07
428.028,5.037716357680313e-07
428.08,4.950452485311212e-07
428.131,4.824882616729217e-07
428.183,4.659908472511468e-07
428.234,4.4569532753003284e-07
428.286,4.216729844018934e-07
428.337,3.938807433423276e-07
428.389,3.623526946083769e-07
428.44,3.271178568959725e-07
428.492,2.882907429662046e-07
428.543,2.461208759804389e-07
428.595,2.0078833614939076e-07
428.646,1.5229440363466978e-07
428.697,1.0070036714606633e-07
428.749,4.610464877149751e-08
428.8,0.0
428.852,0.0
428.903,0.0
428.954,0.0
429.006,0.0
429.057,0.0
429.108,0.0
429.16,0.0
429.211,0.0
429.262,0.0
429.314,0.0
429.365,0.0
429.416,0.0
429.467,0.0
429.519,0.0
429.57,0.0
429.621,0.0
429.672,0.0
429.724,0.0
429.775,0.0
429.826,0.0
429.877,0.0
429.928,0.0
429.98,0.0
430.031,0.0
430.082,0.0
430.133,0.0
430.184,0.0
430.235,0.0
430.286,0.0
430.337,0.0
430.388,0.0
430.439,0.0
430.49,0.0
430.542,0.0
430.593,0.0
430.644,0.0
430.695,0.0
430.746,0.0
430.797,0.0
430.848,0.0
430.899,0.0
430.949,0.0
431.0,0.0
431.051,0.0
431.102,0.0
431.153,0.0
431.204,0.0
431.255,0.0
431.306,0.0
431.357,0.0
431.408,0.0
431.458,0.0
431.509,0.0
431.56,0.0
431.611,0.0
431.662,0.0
431.713,0.0
431.763,0.0
431.814,0.0
431.865,0.0
431.916,0.0
431.966,0.0
432.017,0.0
432.068,0.0
432.118,0.0
432.169,0.0
432.22,0.0
432.271,0.0
432.321,0.0
432.372,0.0
432.423,0.0
432.473,0.0
432.524,0.0
432.574,0.0
432.625,0.0
432.676,1.8190183484765355e-07
432.726,2.557285739704213e-06
432.777,0.0
432.827,0.0
432.878,5.02845075977166e-07
432.928,2.0033552839225371e-07
432.979,8.926704726527539e-08
433.029,1.6961969946526562e-07
433.08,2.56816191050396e-07
433.13,3.506087726284038e-07
433.181,4.5079083936310153e-07
433.231,5.570179157231333e-07
433.282,6.688944899544706e-07
433.332,7.859477177390559e-07
433.383,9.075040582134933e-07
433.433,1.0328694492464533e-06
433.484,1.1613194988687172e-06
433.534,1.2921047181070087e-06
433.585,1.4244216726997275e-06
433.635,1.5574635840687545e-06
433.685,1.6905081996915545e-06
433.736,1.8228433985006912e-06
433.786,1.9537985063868684e-06
433.836,2.0827112482148577e-06
433.887,2.2088574475442725e-06
433.937,2.3314413331781604e-06
433.987,2.449726854252313e-06
434.038,2.5630840990431704e-06
434.088,2.6708611577698146e-06
434.138,2.772468427729947e-06
434.188,2.867264775842302e-06
434.239,2.9544796128393097e-06
434.289,3.0333905730359274e-06
434.339,3.1034423255056134e-06
434.389,3.1642759557256295e-06
434.44,3.215567422483918e-06
434.49,3.2570107548576384e-06
434.54,3.28824692509653e-06
434.59,3.3089344857619415e-06
434.64,3.3189132690821375e-06
434.691,3.3181052854185106e-06
434.741,3.306428808272339e-06
434.791,3.283689707430179e-06
434.841,3.249739657081289e-06
434.891,3.2045921378684556e-06
434.941,3.1484771296902996e-06
434.991,3.0818853478204352e-06
435.042,3.0053943099623587e-06
435.092,2.919639796748762e-06
435.142,2.825276254084267e-06
435.192,2.723072828330952e-06
435.242,2.613890565071005e-06
435.292,2.4985077578813606e-06
435.342,2.3776998057237576e-06
435.392,2.2521868491438675e-06
435.442,2.122648353494354e-06
435.492,1.9898746963993797e-06
435.542,1.8547716419830982e-06
435.592,1.7182396479458938e-06
435.642,1.581071186416161e-06
435.692,1.4440341284273914e-06
435.742,1.3077526949941246e-06
435.792,1.17285275813808e-06
435.842,1.0401686407709257e-06
435.891,9.104675667912959e-07
435.941,7.843778822776762e-07
435.991,6.623433468394103e-07
436.041,5.446577502913374e-07
436.091,4.316648911006408e-07
436.141,3.2759717779101413e-07
436.191,2.36653752313133e-07
436.241,1.5912513586778973e-07
436.29,9.526615147582865e-08
436.34,4.0946817311034344e-08
436.39,0.0
436.44,0.0
436.49,0.0
436.539,0.0
436.589,0.0
436.639,0.0
436.689,0.0
436.738,0.0
436.788,0.0
436.838,0.0
436.887,0.0
436.937,0.0
436.987,0.0
437.036,0.0
437.086,5.570424596802688e-07
437.136,1.3962654824797946e-06
437.185,1.5338176621904009e-06
437.235,1.0011239615038237e-06
437.285,0.0
437.334,0.0
437.384,0.0
437.433,0.0
437.483,0.0
437.532,0.0
437.582,1.3347690042618154e-07
437.631,3.7988060382699045e-07
437.681,3.044073670933881e-07
437.731,6.196488587882536e-08
437.78,0.0
437.829,0.0
437.879,0.0
437.928,0.0
437.978,0.0
438.027,0.0
438.077,0.0
438.126,0.0
438.176,0.0
438.225,0.0
438.274,0.0
438.324,0.0
438.373,0.0
438.422,0.0
438.472,0.0
438.521,0.0
438.571,0.0
438.62,4.80693227991451e-07
438.669,8.765541914050253e-07
438.718,7.687884385539347e-07
438.768,1.577663443532861e-07
438.817,0.0
438.866,0.0
438.915,0.0
438.965,0.0
439.014,0.0
439.063,0.0
439.112,0.0
439.162,0.0
439.211,0.0
439.26,0.0
439.309,0.0
439.358,0.0
439.407,0.0
439.456,0.0
439.506,0.0
439.555,0.0
439.604,0.0
439.653,0.0
439.702,0.0
439.751,0.0
439.8,0.0
439.849,0.0
439.898,0.0
439.947,0.0
439.996,0.0
440.045,0.0
440.094,0.0
440.143,0.0
440.192,0.0
440.241,0.0
440.29,0.0
440.339,0.0
440.388,0.0
440.437,0.0
440.486,0.0
440.535,0.0
440.583,0.0
440.632,0.0
440.681,0.0
440.73,0.0
440.779,0.0
440.828,0.0
440.876,0.0
440.925,0.0
440.974,1.7547962622072124e-08
441.023,2.2235806538047892e-07
441.072,4.6002833959623907e-07
441.12,7.29949982295033e-07
441.169,8.197692762560687e-07
441.218,7.290231292471105e-07
441.267,4.5726014232386304e-07
441.315,3.996267586680469e-09
441.364,0.0
441.413,0.0
441.461,0.0
441.51,0.0
441.559,1.6091034673241942e-07
441.607,3.361367097817691e-07
441.656,4.73943627101861e-07
441.705,5.741510558633036e-07
441.753,6.362552482814981e-07
441.802,6.604358882444478e-07
441.85,6.469525546167259e-07
441.899,5.961882556928093e-07
441.948,5.440500099700686e-07
441.996,4.912881154370487e-07
442.045,4.386762154989756e-07
442.093,3.8699659137287664e-07
442.142,3.346748473937858e-07
442.19,2.819314875961665e-07
442.239,2.2901584289907367e-07
442.287,1.7623180654133407e-07
442.336,1.1963707328937822e-07
442.384,5.951516012704497e-08
442.433,0.0
442.481,0.0
442.529,0.0
442.578,0.0
442.626,0.0
442.675,0.0
442.723,0.0
442.771,0.0
442.82,0.0
442.868,0.0
442.917,0.0
442.965,0.0
443.013,0.0
443.062,0.0
443.11,0.0
443.158,0.0
443.206,0.0
443.255,0.0
443.303,0.0
443.351,0.0
443.399,0.0
443.448,0.0
443.496,0.0
443.544,0.0
443.592,0.0
443.64,0.0
443.689,0.0
443.737,0.0
443.785,0.0
443.833,5.898264901132614e-08
443.881,1.4150297002905568e-07
443.929,2.1883767016080972e-07
443.977,2.907038980151791e-07
444.025,3.5691554335877486e-07
444.074,4.171467734154771e-07
444.122,4.707667804197133e-07
444.17,5.171707461866932e-07
444.218,5.558484530063168e-07
444.266,5.864132713071672e-07
444.314,6.08652663127882e-07
444.362,6.223947020804808e-07
444.41,6.27363978530649e-07
444.458,6.259785944239172e-07
444.506,6.203929398284538e-07
444.554,6.103446372541675e-07
444.602,5.955534535776769e-07
444.65,5.757095156596725e-07
444.698,5.504132378602848e-07
444.746,5.193346224806096e-07
444.793,4.822865220141664e-07
444.841,4.70550212577722e-07
444.889,4.843926806752214e-07
444.937,5.243382691305744e-07
444.985,5.911053591629661e-07
445.033,4.251380930550454e-07
445.081,2.7668438606275254e-08
445.129,0.0
445.176,0.0
445.224,0.0
445.272,8.351142212931505e-07
445.32,1.317922852310689e-06
445.368,4.705022892360311e-07
445.415,0.0
445.463,0.0
445.511,0.0
445.559,0.0
445.606,0.0
445.654,0.0
445.702,0.0
445.749,0.0
445.797,0.0
445.845,0.0
445.892,0.0
445.94,0.0
445.988,0.0
446.035,0.0
446.083,0.0
446.131,5.496021287574454e-08
446.178,2.237782143806184e-07
446.226,4.2483202724709647e-07
446.273,6.610702177932515e-07
446.321,9.350042645005018e-07
446.368,1.2485464879457391e-06
446.416,1.6028749864201064e-06
446.463,1.9982785112189937e-06
446.511,2.4337392311367965e-06
446.558,2.9072199211969983e-06
446.606,3.4152871579146364e-06
446.653,3.953811736174184e-06
446.701,4.520928129178969e-06
446.748,5.110574655783738e-06
446.796,5.7183811398284995e-06
446.843,6.344185038394972e-06
446.891,6.988255139211666e-06
446.938,7.651687508611348e-06
446.985,8.336043570984292e-06
447.033,9.043436829297177e-06
447.08,9.775720672317574e-06
447.128,1.0533846797253087e-05
447.175,1.1317791413033412e-05
447.222,1.2127005787285655e-05
447.27,1.2962020332913407e-05
447.317,1.3824650962962359e-05
447.364,1.4717111179847856e-05
447.411,1.5641847844166e-05
447.459,1.659576721992418e-05
447.506,1.7598707854472414e-05
447.553,1.8661637069691542e-05
447.601,1.9771720670366642e-05
447.648,2.091454026309126e-05
447.695,2.207343277727594e-05
447.742,2.3230635512542384e-05
447.789,2.4364776039084074e-05
447.837,2.5456351387039747e-05
447.884,2.6445347655770774e-05
447.931,2.7283081518889637e-05
447.978,2.7959765569904852e-05
448.025,2.8450840785439627e-05
448.072,2.872545098289472e-05
448.12,2.8755574242056096e-05
448.167,2.851295446529024e-05
448.214,2.7977971948209264e-05
448.261,2.7181296700993045e-05
448.308,2.6153269616202277e-05
448.355,2.490521548027555e-05
448.402,2.3484907090181343e-05
448.449,2.1955793190469854e-05
448.496,2.0383667685132366e-05
448.543,1.8859559267331505e-05
448.59,1.7460490391930174e-05
448.637,1.620201561344046e-05
448.684,1.5098303244692542e-05
448.731,1.416201738150068e-05
448.778,1.3381906294448149e-05
448.825,1.273779076103442e-05
448.872,1.2203702412813028e-05
448.919,1.1711423198077937e-05
448.966,1.1204667173783506e-05
449.013,1.0680951712477423e-05
449.06,1.013630809347947e-05
449.107,9.569638844872786e-06
449.154,8.979252467840909e-06
449.2,8.362492192366071e-06
449.247,7.716666126433463e-06
449.294,7.063894173858901e-06
449.341,6.423080151056468e-06
449.388,5.793787333613732e-06
449.435,5.176370750739136e-06
449.481,4.5714774932633796e-06
449.528,3.9840933547687315e-06
449.575,3.4213642424611197e-06
449.622,2.893156541570444e-06
449.668,2.4088184557240127e-06
449.715,1.975475870023143e-06
449.762,1.5958923569241354e-06
449.809,1.27103616269525e-06
449.855,1.000299241771255e-06
449.902,7.816703007770195e-07
449.949,6.119492654840938e-07
449.995,4.869791230302692e-07
450.042,3.981481654300407e-07
450.089,3.373567679947577e-07
450.135,2.967132346270658e-07
450.182,2.6809350744175693e-07
450.229,2.47644368883136e-07
450.275,2.3192154792045151e-07
450.322,2.1762499330112738e-07
450.368,2.0188867185700828e-07
450.415,1.820342917441212e-07
450.462,1.556229557312388e-07
450.508,1.2098690096962353e-07
450.555,8.025503430116499e-08
450.601,3.262483207499415e-08
450.648,0.0
450.694,0.0
450.741,0.0
450.787,0.0
450.834,0.0
450.88,0.0
450.927,0.0
450.973,0.0
451.019,0.0
451.066,0.0
451.112,0.0
451.159,0.0
451.205,1.0397606409079302e-07
451.251,2.830795631031351e-07
451.298,4.0556050817697375e-07
451.344,4.7137894355224193e-07
451.39,4.80701489539598e-07
451.437,4.338689903399846e-07
451.483,3.314653665113866e-07
451.529,1.7411361478158234e-07
451.576,0.0
451.622,0.0
451.668,0.0
451.714,0.0
451.761,0.0
451.807,0.0
451.853,0.0
451.899,0.0
451.945,0.0
451.992,0.0
452.038,0.0
452.084,0.0
452.13,0.0
452.176,0.0
452.222,0.0
452.268,0.0
452.315,0.0
452.361,0.0
452.407,0.0
452.453,0.0
452.499,0.0
452.545,0.0
452.591,0.0
452.637,0.0
452.683,0.0
452.729,0.0
452.775,0.0
452.821,0.0
452.867,0.0
452.913,0.0
452.959,0.0
453.005,0.0
453.051,0.0
453.097,0.0
453.142,0.0
453.188,0.0
453.234,0.0
453.28,0.0
453.18,0.0
453.319,0.0
453.458,0.0
453.596,6.891950658914672e-08
453.735,0.0
453.873,0.0
454.012,0.0
454.15,0.0
454.289,0.0
454.427,0.0
454.566,0.0
454.705,0.0
454.843,0.0
454.981,3.3391839380439845e-07
455.12,7.102789862037961e-07
455.258,1.1151754542030324e-06
455.397,1.561772588945084e-06
455.535,2.0612815136813493e-06
455.674,2.6038502802874764e-06
455.812,3.1373511894194207e-06
455.95,3.5991190657978644e-06
456.089,3.95399803408071e-06
456.227,4.202778399909251e-06
456.366,4.23782427680168e-06
456.504,3.922000299999895e-06
456.642,3.1888565753470775e-06
456.781,2.0092164256029154e-06
456.919,6.726274771512219e-07
457.057,0.0
457.196,0.0
457.334,0.0
457.472,0.0
457.61,1.2003256682852582e-06
457.749,3.959570436162319e-06
457.887,7.5157494597633705e-06
458.025,9.867756961031424e-06
458.163,1.084363656617927e-05
458.301,1.1371345267112178e-05
458.44,1.1594997707072877e-05
458.578,1.1897767726438045e-05
458.716,1.2458333231252903e-05
458.854,1.3142983590124342e-05
458.992,1.3987879721762427e-05
459.13,1.4886935642400335e-05
459.269,1.5761320497848425e-05
459.407,1.6623680481848712e-05
459.545,1.745031676079997e-05
459.683,1.8214695290864212e-05
459.821,1.891728623789917e-05
459.959,1.9560930159364966e-05
460.097,2.0149179068911e-05
460.235,2.0714108991981447e-05
460.373,2.1276685178537694e-05
460.511,2.184100027142481e-05
460.649,2.242062985109722e-05
460.787,2.3030508761411527e-05
460.925,2.3663631663083673e-05
461.063,2.433115767704896e-05
461.201,2.5028009134660532e-05
461.339,2.57520332243038e-05
461.477,2.6521278849151258e-05
461.615,2.7349524907236815e-05
461.753,2.82000272594121e-05
461.891,2.902156950256908e-05
462.029,2.9865800562148663e-05
462.166,3.068575450387129e-05
462.304,3.146382184579552e-05
462.442,3.216594943788018e-05
462.58,3.24690562512846e-05
462.718,3.23006014933149e-05
462.856,3.1721390689747396e-05
462.993,3.081894706023982e-05
463.131,2.9982367554154856e-05
463.269,2.9318825584849866e-05
463.407,2.8929987827167348e-05
463.545,2.8976304529941613e-05
463.682,2.946338833081237e-05
463.82,3.1004976784453726e-05
463.958,3.3350653323214875e-05
464.095,3.484101541295844e-05
464.233,3.5113608094828155e-05
464.371,3.479819896107289e-05
464.509,3.39374866537114e-05
464.646,3.2686090378736896e-05
464.784,3.11988612952859e-05
464.921,2.9389327705623084e-05
465.059,2.7327397335215583e-05
465.197,2.5106794528175175e-05
465.334,2.2845132305668736e-05
465.472,2.0645326051692562e-05
465.609,1.8557738096503705e-05
465.747,1.659636458147626e-05
465.885,1.4752744620508643e-05
466.022,1.304116358376847e-05
466.16,1.1460628872891477e-05
466.297,1.000400216128186e-05
466.435,8.63819567018817e-06
466.572,7.35654603267554e-06
466.71,6.1579576500167124e-06
466.847,5.040232666451882e-06
466.985,4.014235477928378e-06
467.122,3.087031507114488e-06
467.26,2.2618389228380612e-06
467.397,1.538662249899496e-06
467.534,9.282486532839888e-07
467.672,4.2656490994522566e-07
467.809,2.923734021595395e-08
467.947,0.0
468.084,0.0
468.221,0.0
468.359,0.0
468.496,0.0
468.633,0.0
468.771,0.0
468.908,0.0
469.045,2.3558993195004213e-07
469.183,5.66830640567687e-07
469.32,9.462529062012188e-07
469.457,1.3625132020762344e-06
469.594,1.804656663630984e-06
469.732,2.171604300024092e-06
469.869,2.5498671340111088e-06
470.006,3.6658981926812175e-06
470.143,4.66252700090574e-06
470.28,1.0883627169698139e-06
470.417,5.336510619439325e-06
470.555,4.703681266277799e-06
470.692,4.042376992882638e-06
470.829,4.090022081290844e-06
470.966,4.038910865140064e-06
471.103,3.8022463217254333e-06
471.24,3.5161150651470187e-06
471.377,3.1963242354441105e-06
471.514,2.845767973347496e-06
471.651,2.471608493960588e-06
471.789,2.0809926136222404e-06
471.926,1.6815359721026947e-06
472.063,1.2814594109554378e-06
472.2,8.889318100611185e-07
472.337,4.991254159596937e-07
472.474,1.202784768223755e-07
472.611,0.0
472.748,0.0
472.884,0.0
473.021,0.0
473.158,0.0
473.295,0.0
473.432,0.0
473.569,0.0
473.706,0.0
473.843,0.0
473.98,0.0
474.117,0.0
474.253,0.0
474.39,0.0
474.527,0.0
474.664,0.0
474.801,0.0
474.937,0.0
475.074,0.0
475.211,0.0
475.348,0.0
475.484,0.0
475.621,0.0
475.758,0.0
475.894,0.0
476.031,0.0
476.168,0.0
476.304,0.0
476.441,0.0
476.578,0.0
476.714,0.0
476.851,0.0
476.987,4.919507343430686e-10
477.124,4.1425572397078594e-07
477.261,8.120280710033494e-07
477.397,1.191532231679454e-06
477.534,1.5504986281054617e-06
477.67,1.9065803214220295e-06
477.807,2.274327843115298e-06
477.943,2.647885348389273e-06
478.08,3.0213327576867124e-06
478.216,3.4991624625485486e-06
478.353,4.175967492270978e-06
478.489,5.046262269494052e-06
478.626,6.102482825006021e-06
478.762,7.035256536481203e-06
478.898,7.566364539251293e-06
479.035,7.694784132513083e-06
479.171,7.419391367189236e-06
479.308,7.049767189619484e-06
479.444,6.856513305191187e-06
479.58,6.837038695251634e-06
479.717,6.9889391787654134e-06
479.853,7.192483720239138e-06
479.989,7.34733617705947e-06
480.126,7.455814709315204e-06
480.262,7.520307122233981e-06
480.398,7.523446605328976e-06
480.535,7.451101822046759e-06
480.671,7.306177935493473e-06
480.807,7.095489102705947e-06
480.943,6.846832516199052e-06
481.08,6.584305937943373e-06
481.216,6.309166109729613e-06
481.352,6.0226965153838365e-06
481.488,5.728358735293297e-06
481.624,5.429582691004913e-06
481.761,5.131463935834355e-06
481.897,4.838946773897705e-06
482.033,4.55105782007591e-06
482.169,4.267162005620191e-06
482.305,3.98864373280509e-06
482.441,3.7169974358444858e-06
482.577,3.4536902440352415e-06
482.713,3.2000935505834856e-06
482.849,2.957502365451948e-06
482.985,2.7250635620043856e-06
483.121,2.501484931415109e-06
483.257,2.2856304828056935e-06
483.394,2.0785819505955064e-06
483.53,1.8812457221202e-06
483.666,1.6943978074097639e-06
483.801,1.5187434937279614e-06
483.937,1.3528142316795418e-06
484.073,1.1951652587512348e-06
484.209,1.0463452700398202e-06
484.345,9.067593357457298e-07
484.481,7.764504225804094e-07
484.617,6.555004568387165e-07
484.753,5.443194895996628e-07
484.889,4.4296080439783237e-07
485.025,3.5136355057540817e-07
485.161,2.692729389421273e-07
485.296,1.9627034981308344e-07
485.432,1.3191845604413104e-07
485.568,7.607427754127394e-08
485.704,2.8569774051290946e-08
485.84,0.0
485.975,0.0
486.111,0.0
486.247,0.0
486.383,0.0
486.518,0.0
486.654,0.0
486.79,0.0
486.926,0.0
487.061,0.0
487.197,0.0
487.333,0.0
487.468,4.378997706140054e-09
487.604,3.205385025746602e-08
487.739,6.165610842098835e-08
487.875,9.262160979012954e-08
488.011,1.2439502221158817e-07
488.146,1.5644435504414795e-07
488.282,1.8859776348786574e-07
488.417,2.2064403108467847e-07
488.553,2.520370493268811e-07
488.688,2.8256549928431826e-07
488.824,3.1207151471416e-07
488.96,3.4034647948110644e-07
489.095,3.6716513694232993e-07
489.23,3.9229471775061766e-07
489.366,4.154731760847921e-07
489.501,4.365714041146045e-07
489.637,4.554829561323084e-07
489.772,4.720223079059076e-07
489.908,4.859935299548838e-07
490.043,4.970900015523279e-07
490.179,5.049837333146042e-07
490.314,5.094424873420073e-07
490.449,5.102668763875625e-07
490.585,5.071803259532616e-07
490.72,4.998931543003337e-07
490.855,4.880223823233917e-07
490.991,4.709928981175038e-07
491.126,4.4854720376403647e-07
491.261,4.207070567576534e-07
491.396,3.8777141296879925e-07
491.532,3.4977261455665e-07
491.667,3.067336625612457e-07
491.802,2.587850607075932e-07
491.937,2.0627482175666112e-07
492.073,1.497457532980251e-07
492.208,9.015404374178442e-08
492.343,2.868839292266398e-08
492.478,0.0
492.613,0.0
492.749,0.0
492.884,0.0
493.019,0.0
493.154,0.0
493.289,0.0
493.424,7.654781002844333e-07
493.559,0.0
493.694,0.0
493.829,0.0
493.964,0.0
494.099,0.0
494.234,0.0
494.369,0.0
494.504,0.0
494.639,0.0
494.774,0.0
494.909,0.0
495.044,0.0
495.179,0.0
495.314,0.0
495.449,0.0
495.584,1.5779791411433822e-07
495.719,5.29107239837389e-07
495.854,1.0028665044631527e-06
495.988,1.5957100169414123e-06
496.123,2.3207209520500917e-06
496.258,3.1930326399857567e-06
496.393,4.2276646189070465e-06
496.528,5.452539633149111e-06
496.663,6.898142485269239e-06
496.797,8.579730975626447e-06
496.932,1.0511618655866695e-05
497.067,1.2708037413109102e-05
497.202,1.5198108029483522e-05
497.336,1.7986762942775343e-05
497.471,2.106074570374342e-05
497.606,2.437030124140527e-05
497.74,2.785428972023168e-05
497.875,3.1482758602206566e-05
498.01,3.52479393154126e-05
498.144,3.9120018842111646e-05
498.279,4.299026472432878e-05
498.414,4.676516874525777e-05
498.548,5.0321127314919784e-05
498.683,5.4390104821212636e-05
498.817,5.920461961437735e-05
498.952,6.069718662525604e-05
499.087,6.66436127605629e-05
499.221,7.293008295233036e-05
499.356,7.810000809233595e-05
499.49,8.27719496706527e-05
499.625,8.770508774189304e-05
499.759,9.272703532600248e-05
499.894,9.763335290273223e-05
500.028,0.00010220965037803254
500.162,0.00010591258912379484
500.297,0.00010842436067943387
500.431,0.00010958540256074726
500.566,0.00010924003737138498
500.7,0.00010823167091907488
500.835,0.00010673252494150644
500.969,0.00010070291839893542
501.103,9.762213095800004e-05
501.238,9.353181350170293e-05
501.372,8.86233049828418e-05
501.506,8.377811271583022e-05
501.641,7.905321973495896e-05
501.775,7.438369136356661e-05
501.909,6.994688607905491e-05
502.043,6.655701836213968e-05
502.178,6.349881128237896e-05
502.312,5.621230606959626e-05
502.446,5.674687108701432e-05
502.58,5.31680642236269e-05
502.715,4.976837656340052e-05
502.849,4.7283131933234724e-05
502.983,4.4947826213541595e-05
503.117,4.265233758943562e-05
503.251,4.047440866249096e-05
503.385,3.840386026520226e-05
503.52,3.6428109776854054e-05
503.654,3.454619132516197e-05
503.788,3.274087493774833e-05
503.922,3.099822370974005e-05
504.056,2.9321336734071476e-05
504.19,2.770159762469097e-05
504.324,2.6134726116638748e-05
504.458,2.4618388209846665e-05
504.592,2.3151026441295994e-05
504.726,2.173416815271939e-05
504.86,2.0370547664304203e-05
504.994,1.9065813027369002e-05
505.128,1.7824670593274443e-05
505.262,1.6649541430162148e-05
505.396,1.554032277064732e-05
505.53,1.4494782950542668e-05
505.664,1.3510522573041955e-05
505.798,1.2581773705848486e-05
505.932,1.170441186143013e-05
506.066,1.0873510651066143e-05
506.199,1.008132998785747e-05
506.333,9.322852943776257e-06
506.467,8.59341675248622e-06
506.601,7.889497992446303e-06
506.735,7.208418780013219e-06
506.869,6.548282230272776e-06
507.002,5.907923417655292e-06
507.136,5.284888729406039e-06
507.27,4.67823322213451e-06
507.404,4.088023013318054e-06
507.537,3.515311227963745e-06
507.671,2.9614462714264086e-06
507.805,2.4279786630510694e-06
507.939,1.9171137883125504e-06
508.072,1.4311832844476439e-06
508.206,9.72591018388794e-07
508.34,5.436725630377122e-07
508.473,1.4582831697834974e-07
508.607,0.0
508.74,0.0
508.874,0.0
509.008,0.0
509.141,0.0
509.275,0.0
509.408,0.0
509.542,0.0
509.675,0.0
509.809,0.0
509.942,0.0
510.076,0.0
510.209,0.0
510.343,0.0
510.476,0.0
510.61,0.0
510.743,0.0
510.877,0.0
511.01,0.0
511.143,0.0
511.277,0.0
511.41,0.0
511.543,0.0
511.677,0.0
511.81,0.0
511.943,0.0
512.077,0.0
512.21,0.0
512.343,0.0
512.476,0.0
512.61,0.0
512.743,0.0
512.876,0.0
513.009,0.0
513.142,0.0
513.276,2.7419015490383257e-07
513.409,5.651174476685402e-07
513.542,8.6849137438676e-07
513.675,1.1896001182022831e-06
513.808,1.5239682835508873e-06
513.941,1.8856970388565217e-06
514.074,2.2945473395178735e-06
514.207,2.7595970512759856e-06
514.34,3.3054987115197026e-06
514.474,3.958372930747127e-06
514.607,4.742199777147971e-06
514.74,5.6541365984359244e-06
514.873,6.741692556251081e-06
515.006,8.017225307339102e-06
515.139,9.415255322878361e-06
515.272,1.0871607671260905e-05
515.404,1.2221017559025623e-05
515.537,1.3269987126667183e-05
515.67,1.4070131342335537e-05
515.803,1.478825677661962e-05
515.936,1.542871795283912e-05
516.069,1.6848203737646696e-05
516.202,2.038123659374587e-05
516.335,2.6841489062829526e-05
516.468,3.761712214145261e-05
516.6,7.403551785043157e-05
516.733,0.00013454702606263683
516.866,0.00014261368868515457
516.999,0.00011568012209588842
517.132,0.0001733019071254784
517.264,0.00029803325355912195
517.397,0.0003004869446258235
517.53,0.00020012193122111044
517.663,0.00014005614975760747
517.795,0.00011511101724128715
517.928,0.00010364930390652023
518.061,0.00011036157491007722
518.193,0.00018880831124943933
518.326,0.0003694576985612701
518.459,0.0004209292181204201
518.591,0.0003011754174403842
518.724,0.0001929501323812268
518.857,0.00014199088237457674
518.989,0.00011378526307703392
519.122,9.288482678553176e-05
519.254,7.799966162019882e-05
519.387,6.651616748761554e-05
519.519,5.7081745434374944e-05
519.652,4.966617076483801e-05
519.784,4.3830703531002476e-05
519.917,3.905928868790746e-05
520.049,3.518534668692698e-05
520.182,3.184199887742227e-05
520.314,2.8954648347214953e-05
520.447,2.645913109002738e-05
520.579,2.411807811441432e-05
520.712,2.261881464233562e-05
520.844,2.1891157850560593e-05
520.976,1.7869013096515108e-05
521.109,1.73578988856393e-05
521.241,1.6361772767217334e-05
521.373,1.4865433533667456e-05
521.506,1.352150953252353e-05
521.638,1.2328947864005302e-05
521.77,1.1189572217093601e-05
521.903,1.010282220589417e-05
522.035,9.089422729960802e-06
522.167,8.151310853988975e-06
522.3,7.314168697523791e-06
522.432,6.577999014014628e-06
522.564,5.938315776514784e-06
522.696,5.3903594011898596e-06
522.828,4.932396937974944e-06
522.961,4.5616774701853525e-06
523.093,4.262759502459498e-06
523.225,4.021226478613551e-06
523.357,3.7336116926271057e-06
523.489,3.3921540506913795e-06
523.621,2.9922115639585694e-06
523.753,2.5300927396998895e-06
523.886,2.15622284950697e-06
524.018,1.8670716168183747e-06
524.15,1.6595149166935165e-06
524.282,1.5322998947318813e-06
524.414,1.3932166964209576e-06
524.546,1.238734917020007e-06
524.678,1.0651873976199677e-06
524.81,8.69823455599531e-07
524.942,6.511041288466736e-07
525.074,4.086608282767664e-07
525.206,1.4618116090978e-07
525.338,0.0
525.47,0.0
525.601,0.0
525.733,0.0
525.865,0.0
525.997,0.0
526.129,0.0
526.261,0.0
526.393,0.0
526.524,0.0
526.656,0.0
526.788,0.0
526.92,0.0
527.052,0.0
527.183,0.0
527.315,0.0
527.447,0.0
527.578,0.0
527.71,0.0
527.842,0.0
527.973,0.0
528.105,0.0
528.237,0.0
528.368,0.0
528.5,0.0
528.632,0.0
528.763,0.0
528.895,0.0
529.026,0.0
529.158,0.0
529.289,0.0
529.421,0.0
529.552,0.0
529.684,0.0
529.815,0.0
529.947,0.0
530.078,0.0
530.21,0.0
530.341,0.0
530.472,0.0
530.604,0.0
530.735,0.0
530.867,0.0
530.998,0.0
531.129,0.0
531.261,0.0
531.392,0.0
531.523,0.0
531.654,0.0
531.786,0.0
531.917,0.0
532.048,6.559152120010635e-08
532.179,1.509171399249982e-07
532.311,2.2524598391752443e-07
532.442,2.8823181167839296e-07
532.573,3.3950521921666004e-07
532.704,3.787246443711791e-07
532.835,4.055807738468209e-07
532.966,4.198462266346875e-07
533.097,4.213849580533649e-07
533.229,4.265777416307016e-07
533.36,4.3543540712261543e-07
533.491,4.479938765993515e-07
533.622,4.643687113186241e-07
533.753,4.847295511553118e-07
533.884,5.092710606762854e-07
534.015,5.381942169440669e-07
534.146,5.717111062537139e-07
534.277,5.113387602312241e-07
534.408,3.5735170647202245e-07
534.539,1.1016117544988387e-07
534.67,0.0
534.801,0.0
534.932,0.0
535.063,0.0
535.194,0.0
535.324,0.0
535.455,0.0
535.586,0.0
535.717,0.0
535.848,0.0
535.979,0.0
536.109,0.0
536.24,0.0
536.371,0.0
536.502,0.0
536.632,0.0
536.763,0.0
536.894,0.0
537.025,0.0
537.155,0.0
537.286,0.0
537.417,0.0
537.547,0.0
537.678,0.0
537.808,0.0
537.939,0.0
538.07,0.0
538.2,0.0
538.331,0.0
538.461,0.0
538.592,0.0
538.722,0.0
538.853,0.0
538.983,0.0
539.114,0.0
539.244,0.0
539.375,0.0
539.505,0.0
539.636,0.0
539.766,0.0
539.896,0.0
540.027,0.0
540.157,0.0
540.287,0.0
540.418,0.0
540.548,0.0
540.678,0.0
540.809,0.0
540.939,0.0
541.069,0.0
541.199,0.0
541.33,0.0
541.46,0.0
541.59,0.0
541.72,0.0
541.851,0.0
541.981,0.0
542.111,3.9101381178767676e-07
542.241,8.524295700200975e-07
542.371,1.3209426363033365e-06
542.501,1.7528026556628441e-06
542.631,2.1048437286283214e-06
542.761,2.3393815284385275e-06
542.891,2.455533108685659e-06
543.021,2.4524760437709925e-06
543.151,2.329451823945246e-06
543.281,2.0858395739864447e-06
543.411,1.7569236466866374e-06
543.541,1.3995696545713984e-06
543.671,1.0770027734417972e-06
543.801,8.4812940710411e-07
543.931,7.257877889307546e-07
544.061,7.097620143945432e-07
544.191,7.998856408935345e-07
544.321,9.960585470215985e-07
544.451,1.2850469634958624e-06
544.581,1.6267680867910012e-06
544.711,1.960540485362362e-06
544.841,2.2251012606580946e-06
544.97,2.39851833845449e-06
545.1,2.4814044093704946e-06
545.23,2.4745422718364153e-06
545.36,2.3788382026072336e-06
545.49,2.1931002974828206e-06
545.619,1.9294961735727255e-06
545.749,1.6259942970820052e-06
545.879,1.324294899416781e-06
546.009,1.0385683554221796e-06
546.138,7.698703144437371e-07
546.268,5.19244081754158e-07
546.398,2.8777098216034826e-07
546.527,7.872666431917031e-08
546.657,0.0
546.787,0.0
546.916,0.0
547.046,0.0
547.175,0.0
547.305,0.0
547.434,0.0
547.564,0.0
547.694,0.0
547.823,0.0
547.953,0.0
548.082,0.0
548.211,0.0
548.341,0.0
548.47,0.0
548.6,0.0
548.729,0.0
548.859,0.0
548.988,0.0
549.117,0.0
549.247,0.0
549.376,0.0
549.505,0.0
549.635,0.0
549.764,0.0
549.893,0.0
550.023,0.0
550.152,0.0
550.281,0.0
550.41,0.0
550.539,0.0
550.669,1.2486760064936149e-07
550.798,3.033454966625666e-07
550.927,5.013346905751095e-07
551.056,7.191300684502e-07
551.185,9.550513756905452e-07
551.314,1.1989832199598292e-06
551.443,1.4408495136506657e-06
551.573,1.6977866068536267e-06
551.702,2.0029149648017755e-06
551.831,2.3862136377960665e-06
551.96,2.8790753857467405e-06
552.089,3.473613555448963e-06
552.218,4.029568632762108e-06
552.347,4.648810101681352e-06
552.476,5.445810034263079e-06
552.605,6.364796405360649e-06
552.734,8.14435108959287e-06
552.863,1.0407922671312634e-05
552.992,1.1356846995138366e-05
553.121,1.0976862687491653e-05
553.249,1.0063207708311974e-05
553.378,8.91326512071575e-06
553.507,7.913812433306165e-06
553.636,7.111774601976717e-06
553.765,6.423090923999368e-06
553.894,5.813999079738493e-06
554.023,5.211541696334464e-06
554.151,4.646172824988303e-06
554.28,4.1408592854339765e-06
554.409,3.6807137428135652e-06
554.538,3.248071782465271e-06
554.666,2.8341813650539966e-06
554.795,2.430065062266273e-06
554.924,2.040815940375528e-06
555.053,1.6775950780876594e-06
555.181,1.3283025668506735e-06
555.31,9.944852746809822e-07
555.439,6.78137981775857e-07
555.567,3.811379169134072e-07
555.696,1.0204024631397069e-07
555.824,0.0
555.953,0.0
556.082,0.0
556.21,0.0
556.339,0.0
556.467,0.0
556.596,0.0
556.724,0.0
556.853,0.0
556.981,0.0
557.11,0.0
557.238,0.0
557.367,0.0
557.495,0.0
557.623,0.0
557.752,0.0
557.88,0.0
558.008,0.0
558.137,0.0
558.265,0.0
558.393,0.0
558.522,0.0
558.65,0.0
558.778,0.0
558.907,0.0
559.035,0.0
559.163,0.0
559.291,0.0
559.419,0.0
559.548,0.0
559.676,0.0
559.804,0.0
559.932,0.0
560.06,0.0
560.188,0.0
560.316,0.0
560.444,0.0
560.572,0.0
560.7,0.0
560.828,0.0
560.957,0.0
561.085,0.0
561.212,9.597430077065675e-08
561.34,3.6640865888088987e-07
561.468,6.50785289046723e-07
561.596,9.499303031382742e-07
561.724,1.2645548513491048e-06
561.852,1.5951978755622296e-06
561.98,1.9415590041028647e-06
562.108,2.3028132913577217e-06
562.236,2.678005095999122e-06
562.364,3.0665266368421594e-06
562.492,3.4682227759019756e-06
562.619,3.8832212517910285e-06
562.747,4.31206045184748e-06
562.875,4.7566772284679795e-06
563.003,5.218255683486183e-06
563.13,5.698663924788688e-06
563.258,6.198718280974216e-06
563.386,6.7220452999118355e-06
563.514,7.27236367778188e-06
563.641,7.85374479120696e-06
563.769,8.4725469030362e-06
563.897,9.134348980113271e-06
564.024,9.847523466103384e-06
564.152,1.061970870315976e-05
564.28,1.1459818107901244e-05
564.407,1.237451464964495e-05
564.535,1.3368074777905393e-05
564.662,1.4442580803325148e-05
564.79,1.5680219991704966e-05
564.917,1.7078111832611373e-05
565.045,1.7953185274272174e-05
565.173,1.8309833752546475e-05
565.3,2.227478276457567e-05
565.428,2.2822322839951783e-05
565.555,2.4076751687020077e-05
565.682,2.6040806009070282e-05
565.81,2.801584826194561e-05
565.937,2.999560979291355e-05
566.065,3.2040312572246194e-05
566.192,3.412211188117621e-05
566.32,3.620633919575114e-05
566.447,3.8235511452814706e-05
566.574,4.014954946342914e-05
566.702,4.1873213470528916e-05
566.829,4.335891790973261e-05
566.956,4.461144181470102e-05
567.084,4.56038682188149e-05
567.211,4.63788377023293e-05
567.338,4.694096525849424e-05
567.465,4.722214097780542e-05
567.593,4.7277726322202694e-05
567.72,4.7001243795045186e-05
567.847,4.652874019131638e-05
567.974,4.7644874875677004e-05
568.101,5.344265763906086e-05
568.228,6.531302774989594e-05
568.356,6.82939825332771e-05
568.483,6.621731194115125e-05
568.61,6.758718939555668e-05
568.737,7.882179599709904e-05
568.864,9.96702543639867e-05
568.991,9.060605237625154e-05
569.118,7.688706994800264e-05
569.245,6.499101343812407e-05
569.372,5.693448964148663e-05
569.499,5.073073860093298e-05
569.626,4.558213539857119e-05
569.753,4.141193866168573e-05
569.88,3.764504505350506e-05
570.007,3.4264155068555404e-05
570.134,3.1386394060536955e-05
570.261,2.8867130021985833e-05
570.388,2.670251286995864e-05
570.515,2.4803824814266217e-05
570.642,2.302908731857914e-05
570.768,2.135761583100726e-05
570.895,1.978709773909199e-05
571.022,1.8310043849527487e-05
571.149,1.691175925435317e-05
571.276,1.5589260925142582e-05
571.402,1.4330515306608595e-05
571.529,1.3129772440857172e-05
571.656,1.2002045080590739e-05
571.783,1.0950396776766091e-05
571.909,9.971176724217976e-06
572.036,9.062500651641291e-06
572.163,8.224014552310418e-06
572.289,7.449212456613628e-06
572.416,6.73973942792132e-06
572.543,6.096791003462227e-06
572.669,5.5165391296412704e-06
572.796,4.994319103730377e-06
572.922,4.5254983198666295e-06
573.049,4.105997257338185e-06
573.176,3.7308631576746675e-06
573.302,3.396235744973749e-06
573.429,3.0953176834682535e-06
573.555,2.821532755428806e-06
573.682,2.569014013590002e-06
573.808,2.3330823969470013e-06
573.935,2.109868636573611e-06
574.061,1.8954552402918566e-06
574.188,1.6868386469718878e-06
574.314,1.4829868557051775e-06
574.44,1.2820794781593316e-06
574.567,1.0824045025114862e-06
574.693,8.825832882480636e-07
574.82,6.81410451262632e-07
574.946,4.77910557819042e-07
575.072,2.7151670003930697e-07
575.198,6.208222300979606e-08
575.325,0.0
575.451,0.0
575.577,0.0
575.704,0.0
575.83,0.0
575.956,0.0
576.082,0.0
576.208,0.0
576.335,0.0
576.461,0.0
576.587,0.0
576.713,0.0
576.839,0.0
576.965,0.0
577.091,0.0
577.217,0.0
577.343,0.0
577.47,0.0
577.596,0.0
577.722,0.0
577.848,0.0
577.973,0.0
578.099,0.0
578.225,0.0
578.351,0.0
578.477,0.0
578.603,0.0
578.729,0.0
578.855,0.0
578.981,0.0
579.107,0.0
579.232,0.0
579.358,0.0
579.484,0.0
579.61,0.0
579.735,0.0
579.861,0.0
579.987,0.0
580.113,0.0
580.238,0.0
580.364,0.0
580.49,0.0
580.615,0.0
580.741,0.0
580.867,0.0
580.992,0.0
581.118,5.7641618380311465e-08
581.243,5.316049759253143e-07
581.369,1.0327624895404359e-06
581.494,1.5620793791813803e-06
581.62,2.117782153358814e-06
581.745,2.6987877295782717e-06
581.871,3.3067986367607076e-06
581.996,3.942744692282053e-06
582.122,4.605956564691767e-06
582.247,5.292201489812611e-06
582.373,6.002213573336981e-06
582.498,6.742066366372862e-06
582.624,7.509043218343501e-06
582.749,8.315274404793427e-06
582.874,9.170477253940669e-06
583.0,1.007939971063043e-05
583.125,1.1043743230352597e-05
583.25,1.207888818604418e-05
583.376,1.319239439609877e-05
583.501,1.4369573050545363e-05
583.626,1.5623291945216767e-05
583.751,1.6915654715830453e-05
583.877,1.822733652479908e-05
584.002,1.960951513652483e-05
584.127,2.114902650040943e-05
584.252,2.2950684036242822e-05
584.377,2.4999605106249198e-05
584.503,2.71313153375576e-05
584.628,2.9142500010456924e-05
584.753,3.061439761613035e-05
584.878,3.202450969309522e-05
585.003,3.5377011813917964e-05
585.128,4.193432155625349e-05
585.253,5.2635615229757615e-05
585.378,5.182647323105663e-05
585.503,4.466560666868273e-05
585.628,4.570011916414039e-05
585.753,5.006149896521698e-05
585.878,5.45064788496495e-05
586.003,5.948161362580878e-05
586.128,6.50083541286775e-05
586.253,7.085334607208067e-05
586.378,7.74095813163966e-05
586.503,8.502766355386752e-05
586.628,9.416645009187937e-05
586.753,0.00010497712885343786
586.878,0.00011734850229693126
587.003,0.0001311328167230563
587.127,0.00014554848181369353
587.252,0.00016071794861095552
587.377,0.0001784810245470218
587.502,0.0001994294502851865
587.627,0.00022331239365917888
587.751,0.0002510015712807448
587.876,0.00028358856624495894
588.001,0.00032174766574790835
588.125,0.00036709169154615926
588.25,0.0004245716575099146
588.375,0.000499186700393648
588.499,0.0005927259252253581
588.624,0.0007291979144848464
588.749,0.0009139091989979944
588.873,0.001084020608161359
588.998,0.001206983720372206
589.122,0.0012824387090989767
589.247,0.0012406626678159107
589.372,0.001139378697427867
589.496,0.0011427774547957625
589.621,0.0011932331349290945
589.745,0.0011687658642518376
589.87,0.0009996664873331087
589.994,0.0008022899719967583
590.118,0.0006696571961977029
590.243,0.0005656709705582752
590.367,0.000484405588900628
590.492,0.00042062911640949126
590.616,0.00037138898073327145
590.74,0.0003318843139932458
590.865,0.00029762519701758756
590.989,0.00026791006926310345
591.114,0.0002425957454549034
591.238,0.00022080331541377587
591.362,0.00020192972037292263
591.486,0.00018520293554160415
591.611,0.0001699282857864382
591.735,0.00015560349842597034
591.859,0.00014210382047529776
591.983,0.00012937158721714723
592.107,0.00011741782834060359
592.232,0.00010697368720107066
592.356,9.7863823154066e-05
592.48,8.89028424846963e-05
592.604,8.011891171488213e-05
592.728,7.226206575368542e-05
592.852,6.553081877713874e-05
592.976,5.9892844051954125e-05
593.1,5.5247815454181917e-05
593.224,5.134196960702183e-05
593.349,4.787915924447062e-05
593.473,4.4748272851321675e-05
593.597,4.1876344921772564e-05
593.721,3.919267366916603e-05
593.844,3.6727100840375725e-05
593.968,3.442410577386649e-05
594.092,3.225769429858826e-05
594.216,3.0216089476606303e-05
594.34,2.829081190735949e-05
594.464,2.6473782709983116e-05
594.588,2.4750465586773913e-05
594.712,2.312335848709894e-05
594.836,2.1477777127855524e-05
594.959,1.980728153432405e-05
595.083,1.8859105913649203e-05
595.207,1.863189165868495e-05
595.331,1.4618755135428683e-05
595.455,1.4509344751205407e-05
595.578,1.3794283296267335e-05
595.702,1.2468799762881803e-05
595.826,1.1285637844481056e-05
595.949,1.0250765612819243e-05
596.073,9.272661480300724e-06
596.197,8.348039889707003e-06
596.32,7.473553014401668e-06
596.444,6.646386987963478e-06
596.568,5.86545470945079e-06
596.691,5.12760607806558e-06
596.815,4.434107835333411e-06
596.938,3.784690846506667e-06
597.062,3.1778972973307138e-06
597.186,2.6115514838721204e-06
597.309,2.083378339836278e-06
597.433,1.5913527836433444e-06
597.556,1.1338777923361437e-06
597.679,7.10960412208745e-07
597.803,3.2070382362480994e-07
597.926,0.0
598.05,0.0
598.173,0.0
598.297,0.0
598.42,0.0
598.543,0.0
598.667,0.0
598.79,0.0
598.913,0.0
599.037,0.0
599.16,0.0
599.283,0.0
599.406,0.0
599.53,0.0
599.653,0.0
599.776,0.0
599.899,0.0
600.022,0.0
600.145,0.0
600.269,0.0
600.392,0.0
600.515,0.0
600.638,0.0
600.761,0.0
600.884,0.0
601.007,0.0
601.13,0.0
601.253,0.0
601.376,0.0
601.499,0.0
601.622,0.0
601.745,0.0
601.868,0.0
601.991,0.0
602.113,0.0
602.236,0.0
602.359,0.0
602.482,0.0
602.605,0.0
602.728,0.0
602.85,0.0
602.973,0.0
603.096,0.0
603.219,0.0
603.341,0.0
603.464,0.0
603.587,0.0
603.709,0.0
603.832,0.0
603.955,0.0
604.077,0.0
604.2,0.0
604.322,0.0
604.445,0.0
604.568,0.0
604.69,0.0
604.813,0.0
604.935,0.0
605.058,0.0
605.18,0.0
605.303,0.0
605.425,0.0
605.547,0.0
605.67,0.0
605.792,0.0
605.915,0.0
606.037,0.0
606.159,0.0
606.282,0.0
606.404,0.0
606.526,0.0
606.648,0.0
606.771,0.0
606.893,0.0
607.015,0.0
607.137,0.0
607.26,0.0
607.382,0.0
607.504,0.0
607.626,0.0
607.748,0.0
607.87,0.0
607.992,0.0
608.114,0.0
608.236,0.0
608.359,0.0
608.481,0.0
608.603,0.0
608.725,0.0
608.847,0.0
608.968,0.0
609.09,0.0
609.212,0.0
609.334,0.0
609.456,0.0
609.578,0.0
609.7,0.0
609.822,0.0
609.944,0.0
610.065,0.0
610.187,0.0
610.309,0.0
610.431,0.0
610.552,0.0
610.674,0.0
610.796,0.0
610.918,0.0
611.039,0.0
611.161,0.0
611.282,0.0
611.404,0.0
611.526,0.0
611.647,0.0
611.769,0.0
611.89,0.0
612.012,0.0
612.134,0.0
612.255,0.0
612.377,0.0
612.498,0.0
612.619,0.0
612.741,0.0
612.862,0.0
612.984,1.0318529336126605e-07
613.105,3.3516413545465765e-07
613.226,5.706017079561414e-07
613.348,7.963589246552325e-07
613.469,1.0211720868155799e-06
613.59,1.2383659029454415e-06
613.712,1.449913633412079e-06
613.833,1.6462436600527149e-06
613.954,1.8091382083562037e-06
614.076,1.9397128914876425e-06
614.197,2.0611605462814645e-06
614.318,2.2595108819581604e-06
614.439,2.4844228544280036e-06
614.56,2.7527063719991514e-06
614.682,3.0236396432152477e-06
614.803,3.1826085697885977e-06
614.924,3.63688972678667e-06
615.045,4.738786349713856e-06
615.166,6.6985693384897935e-06
615.287,1.039823361983743e-05
615.408,1.4926829283790725e-05
615.529,1.6203732095456676e-05
615.65,1.3013741737243243e-05
615.771,1.0246157898853233e-05
615.892,1.3597711762901678e-05
616.013,2.2437794816611113e-05
616.134,2.863736545576499e-05
616.255,2.6260473618201033e-05
616.376,1.839622465555081e-05
616.497,1.1265699835295642e-05
616.618,7.904299183711362e-06
616.739,7.3102698743575156e-06
616.86,6.9864022082712785e-06
616.981,6.301842194285762e-06
617.101,5.5997524402812535e-06
617.222,4.812432145255918e-06
617.343,4.132992616323452e-06
617.464,3.606138901429748e-06
617.585,3.1141456401255234e-06
617.705,2.638166223445026e-06
617.826,2.12131518032387e-06
617.947,1.586335208943919e-06
618.068,1.0900397526155676e-06
618.188,6.606026082382364e-07
618.309,2.9395609212113125e-07
618.43,0.0
618.55,0.0
618.671,0.0
618.791,0.0
618.912,0.0
619.033,0.0
619.153,0.0
619.274,0.0
619.394,0.0
619.515,0.0
619.635,0.0
619.756,0.0
619.876,0.0
619.996,0.0
620.117,0.0
620.237,0.0
620.358,0.0
620.478,0.0
620.598,0.0
620.719,0.0
620.839,0.0
620.959,0.0
621.079,0.0
621.2,0.0
621.32,0.0
621.44,0.0
621.56,0.0
621.681,0.0
621.801,0.0
621.921,2.3882959861040605e-08
622.041,1.3827412042383202e-07
622.161,2.4455486268162214e-07
622.281,3.4259211549946954e-07
622.401,4.3259563025399016e-07
622.521,5.147043489021076e-07
622.641,5.889710762187466e-07
622.761,6.553491119890957e-07
622.882,7.139744588213419e-07
623.002,7.65004796345643e-07
623.121,8.085699556123499e-07
623.241,8.447148182713014e-07
623.361,8.734615629610428e-07
623.481,8.949425916661238e-07
623.601,9.093745639127419e-07
623.721,9.17045956694775e-07
623.841,9.183378031237174e-07
623.961,9.135816356041378e-07
624.081,9.028790858042006e-07
624.201,8.865341520968162e-07
624.32,8.649439529638307e-07
624.44,8.385028481730358e-07
624.56,8.076265262507253e-07
624.68,7.727627666977947e-07
624.799,7.340087316936848e-07
624.919,6.914938522298216e-07
625.039,6.453828209359693e-07
625.159,5.959046691138994e-07
625.278,5.436318110106084e-07
625.398,4.891201609781139e-07
625.518,4.3290506920717784e-07
625.637,3.7553163188922066e-07
625.757,3.175731230717231e-07
625.876,2.5949068555752656e-07
625.996,2.0163679098271614e-07
626.115,1.4423190699331543e-07
626.235,8.744064054201888e-08
626.355,3.143277525853185e-08
626.474,0.0
626.593,0.0
626.713,0.0
626.832,0.0
626.952,0.0
627.071,0.0
627.191,0.0
627.31,0.0
627.429,0.0
627.549,0.0
627.668,0.0
627.787,0.0
627.907,0.0
628.026,0.0
628.145,0.0
628.264,0.0
628.384,0.0
628.503,0.0
628.622,0.0
628.741,0.0
628.86,0.0
628.98,0.0
629.099,0.0
629.218,0.0
629.337,0.0
629.456,0.0
629.575,0.0
629.694,0.0
629.813,0.0
629.932,0.0
630.051,0.0
630.17,0.0
630.289,0.0
630.408,0.0
630.527,0.0
630.646,0.0
630.764,0.0
630.883,0.0
631.002,0.0
631.121,0.0
631.24,0.0
631.359,0.0
631.477,0.0
631.596,0.0
631.715,0.0
631.834,0.0
631.952,0.0
632.071,0.0
632.19,0.0
632.308,0.0
632.427,0.0
632.546,0.0
632.664,0.0
632.783,0.0
632.901,0.0
633.02,0.0
633.138,0.0
633.257,0.0
633.375,0.0
633.494,0.0
633.612,0.0
633.731,0.0
633.849,0.0
633.968,0.0
634.086,0.0
634.204,0.0
634.323,0.0
634.441,0.0
634.559,0.0
634.678,0.0
634.796,0.0
634.914,0.0
635.032,0.0
635.151,0.0
635.269,0.0
635.387,0.0
635.505,0.0
635.623,0.0
635.742,0.0
635.86,0.0
635.978,0.0
636.096,0.0
636.214,0.0
636.332,0.0
636.45,0.0
636.568,0.0
636.686,0.0
636.804,0.0
636.922,0.0
637.04,0.0
637.158,0.0
637.276,0.0
637.394,0.0
637.512,0.0
637.629,0.0
637.747,0.0
637.865,0.0
637.983,0.0
638.101,0.0
638.218,0.0
638.336,0.0
638.454,0.0
638.572,0.0
638.689,0.0
638.807,0.0
638.925,0.0
639.042,0.0
639.16,0.0
639.278,0.0
639.395,0.0
639.513,0.0
639.63,0.0
639.748,0.0
639.865,0.0
639.983,0.0
640.1,0.0
640.218,0.0
640.335,0.0
640.453,0.0
640.57,0.0
640.687,0.0
640.805,0.0
640.922,0.0
641.04,0.0
641.157,0.0
641.274,0.0
641.391,0.0
641.509,0.0
641.626,0.0
641.743,0.0
641.86,0.0
641.978,0.0
642.095,0.0
642.212,0.0
642.329,0.0
642.446,0.0
642.563,0.0
642.681,0.0
642.798,0.0
642.915,0.0
643.032,0.0
643.149,0.0
643.266,0.0
643.383,0.0
643.5,0.0
643.617,0.0
643.734,0.0
643.85,0.0
643.967,0.0
644.084,0.0
644.201,0.0
644.318,0.0
644.435,0.0
644.552,0.0
644.668,0.0
644.785,0.0
644.902,0.0
645.019,0.0
645.135,0.0
645.252,0.0
645.369,0.0
645.485,0.0
645.602,0.0
645.719,0.0
645.835,0.0
645.952,0.0
646.068,0.0
646.185,0.0
646.302,0.0
646.418,0.0
646.535,0.0
646.651,0.0
646.768,0.0
646.884,0.0
647.0,0.0
647.117,0.0
647.233,0.0
647.35,0.0
647.466,0.0
647.582,0.0
647.699,0.0
647.815,0.0
647.931,0.0
648.047,0.0
648.164,0.0
648.28,0.0
648.396,0.0
648.512,0.0
648.629,0.0
648.745,0.0
648.861,0.0
648.977,0.0
649.093,0.0
649.209,0.0
649.325,0.0
649.441,0.0
649.557,0.0
649.673,0.0
649.789,0.0
649.905,0.0
650.021,0.0
650.137,0.0
650.253,0.0
650.369,0.0
650.485,0.0
650.601,0.0
650.717,0.0
650.833,0.0
650.948,0.0
651.064,0.0
651.18,0.0
651.296,0.0
651.411,0.0
651.527,0.0
651.643,2.695582420017998e-08
651.759,2.232356439566281e-07
651.874,4.476263824611819e-07
651.99,7.024163896725255e-07
652.105,9.904417403490539e-07
652.221,1.314757250441749e-06
652.337,1.680656317502599e-06
652.452,2.0934113941768645e-06
652.568,2.5581229761183763e-06
652.683,3.079548543544958e-06
652.799,3.6620289111785492e-06
652.914,4.308300159941952e-06
653.03,5.02357176296351e-06
653.145,5.8127299657437055e-06
653.261,6.679468367939123e-06
653.376,7.625473318519917e-06
653.492,8.651660850848364e-06
653.607,9.759033075887114e-06
653.722,1.094961855316636e-05
653.838,1.2229392123687642e-05
653.953,1.3603528219595612e-05
654.068,1.5078557821318845e-05
654.184,1.6656668819137142e-05
654.299,1.834079012667441e-05
654.414,2.0133713828312976e-05
654.53,2.2035252772674616e-05
654.645,2.4053096164921107e-05
654.76,2.618120133652811e-05
654.875,2.8417846831907853e-05
654.99,3.076517788894236e-05
655.106,3.323950469309693e-05
655.221,3.585681550532098e-05
655.336,3.862672339577641e-05
655.451,4.156424066318419e-05
655.566,4.464686812252251e-05
655.681,4.7927176548073785e-05
655.796,5.143336052066265e-05
655.911,5.513818249577841e-05
656.026,5.891010998695679e-05
656.141,6.240557540750228e-05
656.256,6.528723808927686e-05
656.371,6.719389093593865e-05
656.486,6.794383924975961e-05
656.601,6.757993995712284e-05
656.716,6.624106402309357e-05
656.831,6.425872270084241e-05
656.946,6.19604184712549e-05
657.06,5.963469550039489e-05
657.175,5.740661286443559e-05
657.29,5.529471760554487e-05
657.405,5.325599498803175e-05
657.52,5.1146282672030925e-05
657.634,4.900411964424041e-05
657.749,4.681285583633632e-05
657.864,4.457626427105786e-05
657.979,4.244151323970348e-05
658.093,4.0401058778576436e-05
658.208,3.858445570859358e-05
658.323,3.7006540973263254e-05
658.437,3.559079458134478e-05
658.552,3.433004265001889e-05
658.666,3.249586084925416e-05
658.781,3.008723510173858e-05
658.895,2.8351782141680852e-05
659.01,2.728195666742624e-05
659.125,2.6133436829898834e-05
659.239,2.48983962612745e-05
659.353,2.3586255980361376e-05
659.468,2.219299088194891e-05
659.582,2.083666079831526e-05
659.697,1.9513699086999892e-05
659.811,1.822198722041883e-05
659.926,1.6961057556358855e-05
660.04,1.5717528644063826e-05
660.154,1.449318527206627e-05
660.269,1.3289075675583836e-05
660.383,1.211353637461592e-05
660.497,1.0973714256557353e-05
660.612,9.877935415460736e-06
660.726,8.836615092252888e-06
660.84,7.85886509174694e-06
660.954,6.95176008721526e-06
661.068,6.119742497791093e-06
661.183,5.364223626778397e-06
661.297,4.6837190936335445e-06
661.411,4.075872875497736e-06
661.525,3.5363977167649253e-06
661.639,3.0596299442187506e-06
661.753,2.639225283391201e-06
661.867,2.2685702325834907e-06
661.981,1.9414885555010654e-06
662.095,1.6528320554397388e-06
662.209,1.3958081566400623e-06
662.323,1.164587038619107e-06
662.437,9.545557076046086e-07
662.551,7.619621136268622e-07
662.665,5.837789286244737e-07
662.779,4.176353950367471e-07
662.893,2.616476636192414e-07
663.007,1.1434751971338648e-07
663.121,0.0
663.235,0.0
663.348,0.0
663.462,0.0
663.576,0.0
663.69,0.0
663.804,0.0
663.917,0.0
664.031,0.0
664.145,0.0
664.258,0.0
664.372,0.0
664.486,0.0
664.599,0.0
664.713,0.0
664.827,0.0
664.94,0.0
665.054,0.0
665.167,0.0
665.281,0.0
665.394,0.0
665.508,0.0
665.621,0.0
665.735,0.0
665.848,0.0
665.961,0.0
666.075,0.0
666.188,0.0
666.301,0.0
666.415,0.0
666.528,0.0
666.641,0.0
666.755,0.0
666.868,0.0
666.981,0.0
667.094,0.0
667.207,0.0
667.321,0.0
667.434,0.0
667.547,0.0
667.66,0.0
667.773,0.0
667.886,0.0
667.999,0.0
668.112,0.0
668.225,0.0
668.338,0.0
668.451,0.0
668.564,0.0
668.677,0.0
668.79,0.0
668.903,0.0
669.016,0.0
669.129,0.0
669.242,0.0
669.355,0.0
669.467,0.0
669.58,0.0
669.693,0.0
669.806,0.0
669.918,0.0
670.031,0.0
670.144,0.0
670.256,0.0
670.369,0.0
670.482,0.0
670.594,0.0
670.707,0.0
670.82,0.0
670.932,0.0
671.045,0.0
671.157,0.0
671.27,0.0
671.382,0.0
671.495,0.0
671.607,0.0
671.72,0.0
671.832,0.0
671.944,0.0
672.057,0.0
672.169,0.0
672.282,0.0
672.394,0.0
672.506,0.0
672.618,0.0
672.731,0.0
672.843,0.0
672.955,0.0
673.067,0.0
673.18,0.0
673.292,0.0
673.404,0.0
673.516,0.0
673.628,0.0
673.74,0.0
673.852,0.0
673.964,0.0
674.076,0.0
674.188,0.0
674.3,0.0
674.412,0.0
674.524,0.0
674.636,0.0
674.748,0.0
674.86,0.0
674.972,0.0
675.084,0.0
675.196,0.0
675.307,0.0
675.419,0.0
675.531,0.0
675.643,0.0
675.755,0.0
675.866,0.0
675.978,0.0
676.09,0.0
676.201,0.0
676.313,0.0
676.425,0.0
676.536,0.0
676.648,0.0
676.759,0.0
676.871,0.0
676.983,0.0
677.094,0.0
677.206,0.0
677.317,0.0
677.429,0.0
677.54,0.0
677.651,0.0
677.763,0.0
677.874,0.0
677.986,0.0
678.097,0.0
678.208,0.0
678.32,0.0
678.431,0.0
678.542,0.0
678.653,0.0
678.765,0.0
678.876,0.0
678.987,0.0
679.098,0.0
679.209,0.0
679.32,0.0
679.432,0.0
679.543,0.0
679.654,0.0
679.765,0.0
679.876,0.0
679.987,0.0
680.098,0.0
680.209,0.0
680.32,0.0
680.431,0.0
680.542,0.0
680.653,0.0
680.763,0.0
680.874,0.0
680.985,0.0
681.096,0.0
681.207,0.0
681.318,0.0
681.428,0.0
681.539,0.0
681.65,0.0
681.761,0.0
681.871,0.0
681.982,0.0
682.093,0.0
682.203,0.0
682.314,0.0
682.424,0.0
682.535,0.0
682.645,0.0
682.756,0.0
682.867,0.0
682.977,0.0
683.087,0.0
683.198,0.0
683.308,0.0
683.419,0.0
683.529,0.0
683.64,0.0
683.75,0.0
683.86,0.0
683.971,0.0
684.081,0.0
684.191,0.0
684.301,0.0
684.412,0.0
684.522,0.0
684.632,0.0
684.742,0.0
684.852,0.0
684.963,0.0
685.073,0.0
685.183,0.0
685.293,0.0
685.403,1.8810540318164873e-08
685.513,3.966961183681453e-08
685.623,5.899565253559244e-08
685.733,7.671352125948237e-08
685.843,9.275749243540921e-08
685.953,1.0710503332190282e-07
686.063,1.1973340913134753e-07
686.173,1.305940446089075e-07
686.283,1.396081538423819e-07
686.393,1.466840032460118e-07
686.503,1.517216995381498e-07
686.612,1.5460637186841288e-07
686.722,1.5526339350798583e-07
686.832,1.5363082878459727e-07
686.942,1.496661292241214e-07
687.052,1.4337688311362325e-07
687.161,1.3480132165150457e-07
687.271,1.2399648723248546e-07
687.381,1.1104476523370141e-07
687.491,9.604400940174416e-08
687.6,7.90873856060671e-08
687.71,6.028955174142965e-08
687.82,3.977103928378896e-08
687.929,1.7639533155189212e-08
688.039,0.0
688.148,0.0
688.258,0.0
688.367,0.0
688.477,0.0
688.586,0.0
688.696,0.0
688.805,0.0
688.915,0.0
689.024,0.0
689.134,0.0
689.243,0.0
689.352,0.0
689.462,0.0
689.571,0.0
689.68,0.0
689.79,0.0
689.899,0.0
690.008,0.0
690.117,0.0
690.227,0.0
690.336,0.0
690.445,0.0
690.554,0.0
690.663,0.0
690.772,0.0
690.881,0.0
690.99,0.0
691.1,0.0
691.209,0.0
691.318,0.0
691.427,0.0
691.535,0.0
691.644,0.0
691.753,0.0
691.862,0.0
691.971,0.0
692.08,0.0
692.189,0.0
692.298,0.0
692.407,0.0
692.515,0.0
692.624,0.0
692.733,0.0
692.842,0.0
692.95,0.0
693.059,0.0
693.168,0.0
693.276,0.0
693.385,0.0
693.494,0.0
693.602,0.0
693.711,0.0
693.819,0.0
693.928,0.0
694.036,0.0
694.145,0.0
694.253,0.0
694.362,0.0
694.47,0.0
694.579,0.0
694.687,0.0
694.795,0.0
694.693,0.0
694.893,0.0
695.093,6.032079668753664e-07
695.293,7.593077121066053e-07
695.492,4.7419728540004873e-07
695.692,5.9064155689400935e-08
695.891,1.9980394752505444e-07
696.091,3.404464848109908e-07
696.291,1.7415945746621284e-07
696.49,1.4620176171175068e-07
696.69,1.4022374941640165e-07
696.889,2.284318336879736e-07
697.089,4.0826236433400725e-07
697.288,4.55516785315414e-07
697.488,5.266875924594138e-07
697.687,5.128762455819776e-07
697.887,4.26841188014783e-07
698.086,3.5540501218558067e-07
698.286,2.0870937150547121e-07
698.485,4.6953689270844736e-08
698.684,0.0
698.884,0.0
699.083,0.0
699.282,0.0
699.482,0.0
699.681,0.0
699.88,0.0
700.08,1.0532288212335004e-07
700.279,2.972472197841215e-07
700.478,5.053379224868284e-07
700.677,7.114945442062259e-07
700.877,9.073073846967507e-07
701.076,1.087702015396875e-06
701.275,1.2502077573963229e-06
701.474,1.391345405915555e-06
701.673,1.489774140498449e-06
701.872,1.5433569644498667e-06
702.071,1.5618983313349467e-06
702.271,1.5486089469880675e-06
702.47,1.4862366086939602e-06
702.669,1.3760682843333197e-06
702.868,1.2286304474694566e-06
703.067,1.0493993468298213e-06
703.266,8.385161277343028e-07
703.465,5.917448163663997e-07
703.664,3.037692519179728e-07
703.863,0.0
704.062,0.0
704.26,0.0
704.459,0.0
704.658,0.0
704.857,0.0
705.056,0.0
705.255,0.0
705.454,0.0
705.652,0.0
705.851,0.0
706.05,0.0
706.249,0.0
706.447,0.0
706.646,0.0
706.845,0.0
707.043,0.0
707.242,0.0
707.441,0.0
707.639,0.0
707.838,0.0
708.037,0.0
708.235,0.0
708.434,0.0
708.632,0.0
708.831,0.0
709.029,0.0
709.228,0.0
709.426,0.0
709.625,0.0
709.823,0.0
710.022,0.0
710.22,0.0
710.418,0.0
710.617,0.0
710.815,0.0
711.013,0.0
711.212,0.0
711.41,0.0
711.608,0.0
711.807,0.0
712.005,0.0
712.203,4.295302004814486e-08
712.401,2.7533969756136006e-07
712.599,5.087419531847463e-07
712.798,7.418211187779239e-07
712.996,9.730244489836755e-07
713.194,1.200765337469003e-06
713.392,1.4239823933297792e-06
713.59,1.642053752202354e-06
713.788,1.8546923201120958e-06
713.986,2.0617992422344717e-06
714.184,2.2631271520505905e-06
714.382,2.458286284460481e-06
714.58,2.6466821463049025e-06
714.778,2.827381819528692e-06
714.976,2.9992277436210517e-06
715.174,3.160810803217673e-06
715.372,3.3104143780098255e-06
715.57,3.4462572796410795e-06
715.768,3.5667858449005716e-06
715.966,3.6706956602810923e-06
716.164,3.7569729955108068e-06
716.362,3.8249320471435775e-06
716.56,3.874231031086982e-06
716.758,3.9046983778034095e-06
716.955,3.9164378536702736e-06
717.153,3.90969957645184e-06
717.351,3.884831127317446e-06
717.549,3.842275322802901e-06
717.746,3.7826187099376638e-06
717.944,3.7066149019785576e-06
718.142,3.615036152676132e-06
718.34,3.5088729028507033e-06
718.537,3.3890142595501172e-06
718.735,3.25631691164116e-06
718.933,3.1117846917281587e-06
719.13,2.956578934438717e-06
719.328,2.7918423134371873e-06
719.525,2.618635811461433e-06
719.723,2.438045380316243e-06
719.92,2.251117788480107e-06
720.118,2.0588071464588864e-06
720.316,1.8620935831566935e-06
720.513,1.6619870702356092e-06
720.711,1.4595051351922539e-06
720.908,1.255791785321476e-06
721.105,1.052087212269343e-06
721.303,8.496182260874778e-07
721.5,6.496592557167374e-07
721.698,4.535241563585758e-07
721.895,2.6247834371745843e-07
722.092,7.770019019438473e-08
722.29,0.0
722.487,0.0
722.684,0.0
722.882,0.0
723.079,0.0
723.276,0.0
723.473,0.0
723.671,0.0
723.868,0.0
724.065,0.0
724.262,0.0
724.459,0.0
724.656,0.0
724.854,0.0
725.051,0.0
725.248,0.0
725.445,0.0
725.642,0.0
725.839,0.0
726.036,0.0
726.233,0.0
726.43,0.0
726.627,0.0
726.824,0.0
727.021,0.0
727.218,0.0
727.414,0.0
727.611,0.0
727.808,0.0
728.005,0.0
728.202,0.0
728.399,0.0
728.595,0.0
728.792,0.0
728.989,0.0
729.186,0.0
729.382,0.0
729.579,0.0
729.776,0.0
729.972,0.0
730.169,0.0
730.366,0.0
730.562,0.0
730.759,0.0
730.955,0.0
731.152,0.0
731.348,0.0
731.545,0.0
731.741,0.0
731.938,0.0
732.134,0.0
732.331,0.0
732.527,0.0
732.724,0.0
732.92,0.0
733.116,0.0
733.313,0.0
733.509,0.0
733.705,0.0
733.902,0.0
734.098,0.0
734.294,0.0
734.49,0.0
734.687,0.0
734.883,0.0
735.079,0.0
735.275,0.0
735.471,0.0
735.667,0.0
735.863,0.0
736.06,0.0
736.256,0.0
736.452,0.0
736.648,0.0
736.844,0.0
737.04,0.0
737.236,0.0
737.432,0.0
737.628,0.0
737.824,0.0
738.019,0.0
738.215,0.0
738.411,0.0
738.607,0.0
738.803,0.0
738.999,1.6806964894526406e-06
739.195,8.175570389038278e-07
739.39,9.673635577516086e-07
739.586,2.117972248238751e-06
739.782,3.225240092120054e-06
739.978,4.233046544488479e-06
740.173,5.223078518407743e-06
740.369,6.195240759294736e-06
740.565,7.028245833209017e-06
740.76,7.574019163799373e-06
740.956,7.74007477786095e-06
741.152,7.5734972737857765e-06
741.347,7.40434893349252e-06
741.543,7.948468450062176e-06
741.738,9.781421985882139e-06
741.934,1.3199058086351825e-05
742.129,1.900683675429375e-05
742.325,2.5971362883219102e-05
742.52,3.0324143786910045e-05
742.716,3.0072292806806084e-05
742.911,2.679458928445179e-05
743.107,2.3738570217613526e-05
743.302,2.2349918987899124e-05
743.498,2.3000513557777708e-05
743.693,2.654110112006359e-05
743.888,3.399437208594827e-05
744.084,4.5872039917080685e-05
744.279,5.694628065703228e-05
744.474,5.871466371351885e-05
744.67,5.109103496950305e-05
744.865,4.1844973677975176e-05
745.06,3.5641403761692096e-05
745.255,3.207171916032217e-05
745.451,3.011385497859352e-05
745.646,2.9138142871477813e-05
745.841,2.899607028185471e-05
746.036,2.9284670311226155e-05
746.231,3.065599741052257e-05
746.426,3.782184455646668e-05
746.622,5.589831405401429e-05
746.817,8.446761906209452e-05
747.012,9.68301362788083e-05
747.207,9.117239543528953e-05
747.402,7.759692269603723e-05
747.597,6.676056857582369e-05
747.792,5.9393878635459235e-05
747.987,5.386351474913397e-05
748.182,4.993074318215432e-05
748.377,4.6604060995523705e-05
748.572,4.3442019026852503e-05
748.767,4.049369804613372e-05
748.961,3.778674876967339e-05
749.156,3.537503567722813e-05
749.351,3.323180152860327e-05
749.546,3.130746965333734e-05
749.741,2.952214375580644e-05
749.936,2.7867137302842465e-05
750.13,2.634351173190146e-05
750.325,2.49284439991201e-05
750.52,2.3565319084962753e-05
750.715,2.225587130206392e-05
750.909,2.097833391922179e-05
751.104,1.9704409780222544e-05
751.299,1.843911533056796e-05
751.493,1.7177849420355585e-05
751.688,1.5920052651064728e-05
751.882,1.4664443906805578e-05
752.077,1.342059672388505e-05
752.272,1.21867040466926e-05
752.466,1.0971020356383644e-05
752.661,9.783266157185566e-06
752.855,8.631838943524621e-06
753.05,7.52904287384858e-06
753.244,6.48650409708467e-06
753.439,5.51392733819291e-06
753.633,4.622798399460628e-06
753.827,3.8125428689553236e-06
754.022,3.084378519308142e-06
754.216,2.4386273519748075e-06
754.411,1.8724595134735559e-06
754.605,1.3795324805799111e-06
754.799,9.514745661286832e-07
754.994,5.795967381883103e-07
755.188,2.5681767820213355e-07
755.382,0.0
755.576,0.0
755.771,0.0
755.965,0.0
756.159,0.0
756.353,0.0
756.547,0.0
756.742,0.0
756.936,0.0
757.13,0.0
757.324,0.0
757.518,0.0
757.712,0.0
757.906,0.0
758.1,0.0
758.294,0.0
758.488,0.0
758.682,0.0
758.876,0.0
759.07,0.0
759.264,0.0
759.457,0.0
759.651,0.0
759.845,0.0
760.039,0.0
760.233,0.0
760.427,0.0
760.62,0.0
760.814,0.0
761.008,0.0
761.202,0.0
761.395,0.0
761.589,0.0
761.783,0.0
761.976,0.0
762.17,0.0
762.363,4.169731004391676e-08
762.557,3.750724834199756e-07
762.75,5.94049784570066e-07
762.944,6.556445067751019e-07
763.138,5.583983551282324e-07
763.331,3.556094482192566e-07
763.524,1.2156278514153037e-07
763.718,0.0
763.911,0.0
764.105,0.0
764.298,0.0
764.492,0.0
764.685,0.0
764.878,0.0
765.072,2.1795760895514268e-07
765.265,3.330785259095148e-08
765.458,0.0
765.651,2.0206024102357502e-07
765.845,3.2017254923875433e-06
766.038,1.0986925768675742e-05
766.231,6.96025320569147e-05
766.424,0.00018311902345760506
766.618,0.00015639401181281033
766.811,3.8712536529061655e-05
767.004,7.802407467243334e-06
767.197,2.1306102440667503e-06
767.39,0.0
767.583,0.0
767.776,0.0
767.969,0.0
768.162,0.0
768.355,0.0
768.548,0.0
768.741,0.0
768.934,0.0
769.127,2.099198851599176e-07
769.32,3.5746134571287753e-06
769.513,1.3635847550037191e-05
769.706,8.389485078125683e-05
769.898,0.0001404628307626733
770.091,8.172775940394923e-05
770.284,1.710234862126657e-05
770.477,1.0948905899669248e-05
770.67,7.786081459976442e-06
770.862,7.4945392011738275e-06
771.055,9.506271267057306e-06
771.248,1.1556022927879475e-05
771.441,1.3015131252774911e-05
771.633,1.467839758656429e-05
771.826,1.649831761797061e-05
772.018,1.828849316922348e-05
772.211,2.0201914615979085e-05
772.404,2.196865049272629e-05
772.596,2.3569796177935295e-05
772.789,2.616433920006315e-05
772.981,2.9740665797940235e-05
773.174,2.7991931966152468e-05
773.366,3.197040749239497e-05
773.559,3.5300100175313944e-05
773.751,3.8043717493131546e-05
773.944,4.137860102157124e-05
774.136,4.5458371959611424e-05
774.329,5.0322835772161185e-05
774.521,5.603664009956158e-05
774.713,6.264342955240289e-05
774.906,7.008516558745368e-05
775.098,7.856985902417863e-05
775.29,8.84305206191416e-05
775.483,0.00010015266555121733
775.675,0.00011454582809440659
775.867,0.00013234737017360482
776.059,0.00015455358418983524
776.251,0.0001825454407497845
776.444,0.00022152402036994815
776.636,0.000282380113649145
776.828,0.0003749984415810307
777.02,0.0005580905085225515
777.212,0.0007718602265121543
777.404,0.0008587894705211616
777.596,0.0007726667299845774
777.788,0.0005877606058504451
777.98,0.00044741154621980353
778.172,0.00035814842727446416
778.364,0.0002932671344264868
778.556,0.00025161242574759697
778.748,0.00021250229533485465
778.94,0.00018568920876127203
779.132,0.00016025677401732054
779.324,0.0001409576478180371
779.516,0.00012698893399856748
779.708,0.00011432650050277025
779.9,0.00010211914044876787
780.091,9.126267098090084e-05
780.283,8.151145946833512e-05
780.475,7.300170547898866e-05
780.667,6.578599382708138e-05
780.859,5.953994308885135e-05
781.05,5.404507240943266e-05
781.242,4.9128259061214566e-05
781.434,4.4662743520083596e-05
781.625,4.0577369158569715e-05
781.817,3.6819868858523846e-05
782.009,3.329929589320857e-05
782.2,2.9916913210517107e-05
782.392,2.665136520519187e-05
782.583,2.3528063004611313e-05
782.775,2.0579586984889135e-05
782.966,1.782963202129124e-05
783.158,1.529033213480499e-05
783.349,1.2964716710208939e-05
783.541,1.0856629114791418e-05
783.732,8.987660508632683e-06
783.924,7.358869658633221e-06
784.115,5.95526121018146e-06
784.306,4.741596498275978e-06
784.498,3.692810213632675e-06
784.689,2.7899884086110503e-06
784.88,2.019871505591518e-06
785.072,1.3714615164210712e-06
785.263,8.332248134621259e-07
785.454,3.777146169536074e-07
785.645,0.0
785.837,0.0
786.028,0.0
786.219,0.0
786.41,0.0
786.601,0.0
786.793,0.0
786.984,0.0
787.175,0.0
787.366,0.0
787.557,0.0
787.748,0.0
787.939,0.0
788.13,0.0
788.321,0.0
788.512,0.0
788.703,0.0
788.894,0.0
789.084,0.0
789.275,0.0
789.466,0.0
789.657,0.0
789.848,0.0
790.039,5.514907332635334e-07
790.229,1.1644735934256136e-06
790.42,1.756113717218022e-06
790.611,2.321335567603128e-06
790.801,2.8505710031867198e-06
790.992,3.352552535899368e-06
791.183,3.839011820896485e-06
791.373,4.315963851905624e-06
791.564,4.810177908019977e-06
791.755,5.357532777791988e-06
791.945,5.973760980585214e-06
792.136,6.666212748795695e-06
792.326,7.447258876216814e-06
792.517,8.339246484202185e-06
792.707,9.386246409964213e-06
792.898,1.0707619275827466e-05
793.088,1.2365634235370405e-05
793.279,1.4386002107393154e-05
793.469,1.6820674008755158e-05
793.66,1.979729443351882e-05
793.85,2.369793800648666e-05
794.04,2.9291504849461333e-05
794.231,3.742985831401864e-05
794.421,4.83751648526084e-05
794.611,6.265791300468575e-05
794.802,7.899643762342963e-05
794.992,9.118029034318028e-05
795.182,9.305831054225051e-05
795.372,8.467940182957876e-05
795.563,7.196852664813686e-05
795.753,6.0548653495687045e-05
795.943,5.15582819935042e-05
796.133,4.4477556404109386e-05
796.323,3.910458541163785e-05
796.513,3.513514130157401e-05
796.703,3.2007420183261246e-05
796.893,2.9326763630052407e-05
797.083,2.7001123535666158e-05
797.273,2.4846054315135098e-05
797.463,2.281209973714626e-05
797.653,2.0889074301628258e-05
797.843,1.8994868306998824e-05
798.033,1.7112945647212342e-05
798.223,1.526346148658893e-05
798.413,1.3496145894649864e-05
798.603,1.1819369618902171e-05
798.793,1.0236954207772182e-05
798.983,8.740024438394235e-06
799.172,7.312841179216894e-06
799.362,5.957402788440678e-06
799.552,4.666262013914615e-06
799.742,3.428458872056187e-06
799.932,2.223191665395668e-06
800.121,1.048217035825899e-06
800.311,0.0
800.501,0.0
800.69,0.0
800.88,0.0
801.07,0.0
801.259,0.0
801.449,0.0
801.638,0.0
801.828,0.0
802.017,0.0
802.207,0.0
802.396,0.0
802.586,0.0
802.775,0.0
802.965,0.0
803.154,0.0
803.343,0.0
803.533,0.0
803.722,0.0
803.911,0.0
804.101,0.0
804.29,0.0
804.479,0.0
804.668,0.0
804.857,0.0
805.047,0.0
805.236,0.0
805.425,0.0
805.614,0.0
805.803,0.0
805.992,0.0
806.181,0.0
806.37,0.0
806.559,0.0
806.748,0.0
806.937,0.0
807.126,0.0
807.315,0.0
807.504,0.0
807.693,0.0
807.882,0.0
808.071,0.0
808.26,0.0
808.448,0.0
808.637,0.0
808.826,0.0
809.015,0.0
809.203,0.0
809.392,0.0
809.581,0.0
809.77,0.0
809.958,0.0
810.147,0.0
810.335,0.0
810.524,0.0
810.713,0.0
810.901,0.0
811.09,2.9404721313789645e-07
811.278,7.041242026104413e-07
811.467,1.1220990978373027e-06
811.655,1.5477608575700036e-06
811.844,1.9926315985690285e-06
812.032,2.4518712935681627e-06
812.22,2.9233399064063286e-06
812.409,3.4330147488686748e-06
812.597,3.9865010333513684e-06
812.785,4.5664085258626585e-06
812.974,5.179663648573653e-06
813.162,5.8301526032893175e-06
813.35,6.5130847115673466e-06
813.539,7.283060744859139e-06
813.727,8.193232578598725e-06
813.915,9.248900669805574e-06
814.103,1.0496184039212881e-05
814.291,1.1990459013555615e-05
814.48,1.3787223944786528e-05
814.668,1.5941626537910626e-05
814.856,1.850623304992439e-05
815.044,2.1393324192553055e-05
815.232,2.456201084845898e-05
815.42,2.799772919403694e-05
815.608,3.1700387245107994e-05
815.796,3.609980036325534e-05
815.984,4.142235021991084e-05
816.172,4.803159634451157e-05
816.36,5.617943511915158e-05
816.548,6.55062611256158e-05
816.736,7.727645990432375e-05
816.924,9.094209986049136e-05
817.111,9.961272399359871e-05
817.299,0.00011773670770377727
817.487,0.000144353941093879
817.675,0.00018347718014353006
817.863,0.0002418093135205108
818.05,0.0004007003527422339
818.238,0.000723668433628742
818.426,0.0008440285790476365
818.613,0.000658684651942045
818.801,0.0005370584819813808
818.989,0.0005273207716547169
819.176,0.0006284917420183154
819.364,0.0009376228273814389
819.552,0.0010870427058037183
819.739,0.0008735759893395203
819.927,0.0006346748969579004
820.114,0.0005235253358107459
820.302,0.00045327509413543946
820.489,0.00039788365207063005
820.677,0.00035783355387666247
820.864,0.0003313455681028662
821.051,0.0003165193356774519
821.239,0.00031235095429880694
821.426,0.00032025998491704314
821.614,0.0003422301789022107
821.801,0.0003404887613422191
821.988,0.0003124383210166288
822.176,0.0002961144314107744
822.363,0.0002813566044306522
822.55,0.00026014383628220804
822.737,0.000235513824453481
822.924,0.0002142340364760719
823.112,0.00019652564450577912
823.299,0.00018086566453373218
823.486,0.00016825168122108137
823.673,0.00015897646246563923
823.86,0.00015324523146595823
824.047,0.000153049372528201
824.234,0.0001605796091448361
824.421,0.0001534182557790593
824.608,0.00013832401176323817
824.795,0.00012260635748178475
824.982,0.00010958912966114883
825.169,0.00010029611916968587
825.356,9.366902018125596e-05
825.543,8.672837175264582e-05
825.73,7.918207526429469e-05
825.917,7.239825312737058e-05
826.104,6.646072729774126e-05
826.29,6.134097378002e-05
826.477,5.6885445011764595e-05
826.664,5.262555282487014e-05
826.851,4.845213821497084e-05
827.038,4.4369126220030116e-05
827.224,4.041735333315143e-05
827.411,3.666733005805045e-05
827.598,3.3154946636284654e-05
827.784,2.9897877072454037e-05
827.971,2.6905090548142498e-05
828.157,2.419841491023576e-05
828.344,2.17493922863794e-05
828.531,1.952291102468221e-05
828.717,1.7476377992299773e-05
828.904,1.556903434941946e-05
829.09,1.3779817693193478e-05
829.277,1.2100299432246655e-05
829.463,1.0528699767734136e-05
829.65,9.068250237968581e-06
829.836,7.718909880104078e-06
830.022,6.480909101354762e-06
830.209,5.354989145335743e-06
830.395,4.3436581160998225e-06
830.581,3.4392609694175987e-06
830.768,2.6265824750698527e-06
830.954,1.8930087569904565e-06
831.14,1.2258969658924008e-06
831.327,6.213717078019368e-07
831.513,7.648458194496599e-08
831.699,0.0
831.885,0.0
832.071,0.0
832.257,0.0
832.444,0.0
832.63,0.0
832.816,0.0
833.002,0.0
833.188,0.0
833.374,0.0
833.56,0.0
833.746,0.0
833.932,0.0
834.118,0.0
834.303,0.0
834.489,0.0
834.675,0.0
834.861,0.0
835.047,0.0
835.233,0.0
835.418,0.0
835.604,0.0
835.79,0.0
835.976,0.0
836.161,0.0
836.347,0.0
836.533,0.0
836.718,0.0
836.904,0.0
837.089,0.0
837.275,0.0
837.46,0.0
837.646,0.0
837.831,0.0
838.017,0.0
838.202,0.0
838.388,0.0
838.573,0.0
838.759,0.0
838.944,0.0
839.129,0.0
839.315,0.0
839.5,0.0
839.685,0.0
839.87,0.0
840.056,0.0
840.241,0.0
840.426,0.0
840.611,1.0827632589933532e-07
840.796,5.649701475521815e-07
840.981,1.058264167213171e-06
841.166,1.6020801376585301e-06
841.352,2.2626727468403244e-06
841.537,3.1238544057025308e-06
841.722,4.272623492771041e-06
841.907,5.722629156177605e-06
842.092,7.4565262252636494e-06
842.277,9.393933132346354e-06
842.462,1.1447400942712124e-05
842.646,1.3747358078493198e-05
842.831,1.632224731723778e-05
843.016,1.9414563953935625e-05
843.201,2.3224882634957177e-05
843.386,2.7815380238928187e-05
843.571,3.36176771710616e-05
843.755,4.0786224653514066e-05
843.94,5.125147307298678e-05
844.125,6.847610259815451e-05
844.31,9.347634141584533e-05
844.494,0.00014553844478716634
844.679,0.00018799599045230531
844.864,0.00018745458615349479
845.048,0.0001494514095148253
845.233,0.00012159408691401528
845.418,9.888993061711441e-05
845.602,8.04205775179242e-05
845.787,6.709598223757485e-05
845.971,5.7469168815126986e-05
846.156,4.9792232835599414e-05
846.34,4.3388428885818575e-05
846.525,3.782481161042083e-05
846.709,3.2990433729444275e-05
846.894,2.883524185100163e-05
847.078,2.5216161926691826e-05
847.262,2.2042688797096237e-05
847.447,1.9187265569426226e-05
847.631,1.6626380796516684e-05
847.815,1.4352872143220408e-05
848.0,1.2328316594041632e-05
848.184,1.0543242272704291e-05
848.368,8.951767276162395e-06
848.552,7.517740345255695e-06
848.736,6.219149534834924e-06
848.921,5.03938573585978e-06
849.105,3.948984406885887e-06
849.289,2.9250918703175045e-06
849.473,1.9549460661819216e-06
849.657,1.0136163310705817e-06
849.841,1.0500053688564388e-07
850.025,0.0
850.209,0.0
850.393,0.0
850.577,0.0
850.761,0.0
850.945,0.0
851.129,0.0
851.313,0.0
851.497,0.0
851.68,0.0
851.864,0.0
852.048,0.0
852.232,0.0
852.416,0.0
852.599,0.0
852.783,0.0
852.967,0.0
853.15,0.0
853.334,0.0
853.518,0.0
853.701,0.0
853.885,0.0
854.068,0.0
854.252,0.0
854.435,0.0
854.619,0.0
854.802,0.0
854.986,0.0
855.169,0.0
855.353,0.0
855.536,0.0
855.719,0.0
855.903,0.0
856.086,0.0
856.269,0.0
856.452,0.0
856.636,0.0
856.819,0.0
857.002,0.0
857.185,0.0
857.368,0.0
857.552,0.0
857.735,0.0
857.918,0.0
858.101,0.0
858.284,0.0
858.467,0.0
858.65,1.0762011766488971e-06
858.833,2.6927684075374917e-06
859.016,4.6660052735453205e-06
859.199,6.8979215570798276e-06
859.382,8.822532580501782e-06
859.564,9.886070570080466e-06
859.747,9.988964471535426e-06
859.93,9.127782202287626e-06
860.113,7.770717437324447e-06
860.296,6.3804135563303915e-06
860.478,5.0332628117181955e-06
860.661,3.8230652251322975e-06
860.844,2.682765393707921e-06
861.027,1.597238354590095e-06
861.209,8.378067781331442e-07
861.392,4.5568464158174404e-07
861.575,3.78516156782192e-07
861.757,6.764006850516442e-07
861.94,1.186709238354667e-06
862.122,2.4008412336502015e-06
862.305,5.187324044937988e-06
862.487,9.93834015539717e-06
862.67,1.8106365091938106e-05
862.852,2.9217575491295536e-05
863.035,3.769552348339747e-05
863.217,3.911722923337056e-05
863.4,3.5510313699386594e-05
863.582,3.1037237713028746e-05
863.764,2.7152905581236613e-05
863.947,2.3845815505149283e-05
864.129,2.1359400157394044e-05
864.311,1.9565402283983486e-05
864.493,1.8345535119914124e-05
864.676,1.7703521122521142e-05
864.858,1.7705932580974152e-05
865.04,1.8400283485813576e-05
865.222,1.967292027458879e-05
865.404,2.139809351227997e-05
865.587,2.3153975117204007e-05
865.769,2.478104045409889e-05
865.951,2.6186382156829036e-05
866.133,2.758601358757912e-05
866.315,2.9315711254287373e-05
866.497,3.17135447500325e-05
866.679,3.516628717282392e-05
866.861,3.962547509496551e-05
867.043,4.560821137354299e-05
867.225,5.343169651212478e-05
867.407,6.40277374120729e-05
867.589,8.22389106744123e-05
867.77,0.00011560688036822189
867.952,0.00016992080275882166
868.134,0.00021065496382976525
868.316,0.00021618605365322107
868.498,0.00020587693937617666
868.679,0.00017301818318663794
868.861,0.00014224383203972855
869.043,0.00011666954626564518
869.224,9.694848921787711e-05
869.406,8.268774875239119e-05
869.588,7.370602383861748e-05
869.769,6.914892356271709e-05
869.951,6.77854091964091e-05
870.132,6.964567215624294e-05
870.314,7.329874505586904e-05
870.495,7.308130681140843e-05
870.677,6.882123060765466e-05
870.858,6.806417358022436e-05
871.04,7.219775391334889e-05
871.221,7.441976619019645e-05
871.403,7.239499048630098e-05
871.584,7.157242319566627e-05
871.765,7.350205855844038e-05
871.947,7.096882533985514e-05
872.128,5.608271189536491e-05
872.309,4.7015145483422594e-05
872.491,4.0380997707328764e-05
872.672,3.4985582638563174e-05
872.853,3.080519323337579e-05
873.034,2.7323413673011213e-05
873.215,2.3871172800075165e-05
873.396,2.0510827726730966e-05
873.578,1.745282118794934e-05
873.759,1.46745022451038e-05
873.94,1.2268270354003728e-05
874.121,1.0153894553877053e-05
874.302,8.212694833978976e-06
874.483,6.4738425882300055e-06
874.664,4.968886533421296e-06
874.845,3.7330634890269427e-06
875.026,2.748854264622322e-06
875.207,1.9921248130562943e-06
875.388,1.4040751786264865e-06
875.568,9.454167829677001e-07
875.749,6.084252730890312e-07
875.93,3.566297600999081e-07
876.111,1.5376394712451452e-07
876.292,0.0
876.472,0.0
876.653,0.0
876.834,0.0
877.015,0.0
877.195,0.0
877.376,0.0
877.556,0.0
877.737,0.0
877.918,0.0
878.098,0.0
878.279,0.0
878.459,0.0
878.64,0.0
878.82,0.0
879.0,0.0
879.181,0.0
879.361,0.0
879.542,0.0
879.722,0.0
879.902,0.0
880.083,0.0
880.263,0.0
880.443,6.972062949181762e-06
880.623,2.6289143623041576e-05
880.803,3.0235773161699266e-05
880.984,2.109780754415927e-05
881.164,9.307214786587492e-06
881.344,3.4671797114105944e-06
881.524,2.914572290919145e-06
881.704,3.5224769099026226e-06
881.884,4.195580090762799e-06
882.064,4.708264651670289e-06
882.244,4.539355582961647e-06
882.424,3.983201396074e-06
882.604,3.190146092307435e-06
882.784,2.503838090002059e-06
882.964,2.0510861003942825e-06
883.144,1.7055888070180174e-06
883.324,1.4857608948344541e-06
883.504,1.2929608593830378e-06
883.683,1.1829154252516392e-06
883.863,1.1716832688186207e-06
884.043,1.2403081207451974e-06
884.223,1.3359142318823968e-06
884.402,1.4077102616578396e-06
884.582,1.4503413190333057e-06
884.762,1.446797478012861e-06
884.941,1.4040509801360797e-06
885.121,1.3007998918530166e-06
885.301,1.1287659953205769e-06
885.48,8.938607439776571e-07
885.66,6.121118660631236e-07
885.839,3.002869228939581e-07
886.019,0.0
886.198,0.0
886.378,0.0
886.557,0.0
886.737,0.0
886.916,0.0
887.095,0.0
887.275,0.0
887.454,0.0
887.633,0.0
887.813,0.0
887.992,0.0
888.171,0.0
888.35,0.0
888.53,0.0
888.709,0.0
888.888,0.0
889.067,0.0
889.246,0.0
889.425,0.0
889.604,0.0
889.783,0.0
889.962,0.0
890.141,0.0
890.32,0.0
890.499,0.0
890.678,0.0
890.857,0.0
891.036,0.0
891.214,0.0
891.393,0.0
891.572,0.0
891.751,0.0
891.93,0.0
892.108,0.0
892.287,0.0
892.466,0.0
892.644,0.0
892.823,0.0
893.001,0.0
893.18,0.0
893.359,0.0
893.537,0.0
893.716,0.0
893.894,0.0
894.073,0.0
894.251,0.0
894.429,0.0
894.608,0.0
894.786,0.0
894.964,0.0
895.143,0.0
895.321,0.0
895.499,0.0
895.677,0.0
895.856,0.0
896.034,0.0
896.212,0.0
896.39,0.0
896.568,0.0
896.746,0.0
896.924,0.0
897.102,0.0
897.28,0.0
897.458,0.0
897.636,0.0
897.814,0.0
897.992,0.0
898.17,0.0
898.348,0.0
898.526,0.0
898.704,0.0
898.882,0.0
899.059,0.0
899.237,0.0
899.415,0.0
899.593,0.0
899.77,0.0
899.948,5.056361355486354e-08
900.125,6.31937489536277e-07
900.303,1.2094743893998622e-06
900.481,1.767007523774601e-06
900.658,2.2935983036992433e-06
900.836,2.7863093881587468e-06
901.013,3.24803136234861e-06
901.191,3.683735015549258e-06
901.368,4.104978842923398e-06
901.546,4.49369385025328e-06
901.723,4.853432129986236e-06
901.901,5.213249477197704e-06
902.078,5.571520561757047e-06
902.255,5.924711217635005e-06
902.433,6.221297013691433e-06
902.61,6.4336959454067045e-06
902.787,6.5565349130499704e-06
902.964,6.668449895933659e-06
903.142,6.718989107316229e-06
903.319,6.6405189758552705e-06
903.496,6.5339490371311115e-06
903.673,6.4454928624097675e-06
903.85,6.937596366308476e-06
904.027,8.629816667950958e-06
904.204,1.1721955567538877e-05
904.381,1.6198284591962934e-05
904.558,2.1203806198707006e-05
904.735,2.5426121129526704e-05
904.912,2.7807427727663065e-05
905.089,2.7701112847732076e-05
905.266,2.5394807232726916e-05
905.443,2.1837723946684455e-05
905.62,1.8081658826260662e-05
905.797,1.4981269727747586e-05
905.974,1.2727632618137082e-05
906.151,1.1208706066359163e-05
906.327,1.022560342148521e-05
906.504,9.543338624698709e-06
906.681,9.116242143420456e-06
906.858,8.88067992498221e-06
907.034,8.736199441408698e-06
907.211,8.602276755295815e-06
907.388,8.426468974252919e-06
907.564,8.20229775161211e-06
907.741,7.938089182175299e-06
907.917,7.651377598405224e-06
908.094,7.35100092028432e-06
908.27,7.040946711354936e-06
908.447,6.722014339982385e-06
908.623,6.390312865869324e-06
908.8,6.038117028192469e-06
908.976,5.652413708066092e-06
909.153,5.221444991334102e-06
909.329,4.742318697869985e-06
909.505,4.218248959837708e-06
909.682,3.652268997791867e-06
909.858,3.054978214453571e-06
910.034,2.4382781635023944e-06
910.211,1.8138767601181855e-06
910.387,1.1939370109569794e-06
910.563,5.895861894064161e-07
910.739,8.934622566522084e-09
910.915,0.0
911.091,0.0
911.268,0.0
911.444,0.0
911.62,0.0
911.796,0.0
911.972,0.0
912.148,0.0
912.324,0.0
912.5,0.0
912.676,0.0
912.851,0.0
913.027,0.0
913.203,0.0
913.379,0.0
913.555,0.0
913.73,0.0
913.906,0.0
914.082,0.0
914.258,0.0
914.433,0.0
914.609,0.0
914.785,0.0
914.96,0.0
915.136,0.0
915.311,0.0
915.487,0.0
915.662,0.0
915.838,0.0
916.013,0.0
916.189,0.0
916.364,0.0
916.539,0.0
916.715,0.0
916.89,0.0
917.065,0.0
917.24,0.0
917.416,0.0
917.591,0.0
917.766,0.0
917.941,0.0
918.116,6.1821807166962925e-09
918.292,3.259745100374788e-07
918.467,7.087376187468917e-07
918.642,1.143716492775505e-06
918.817,1.623536318043362e-06
918.992,2.0903939809529537e-06
919.167,2.503870328939464e-06
919.342,2.8350662369597274e-06
919.517,3.1363948133165124e-06
919.692,3.432038617065685e-06
919.867,3.6457684622478203e-06
920.041,3.860092415019059e-06
920.216,3.903816111064593e-06
920.391,4.04380441405947e-06
920.566,5.01448111954123e-06
920.741,7.439701133148893e-06
920.915,1.2719719598488476e-05
921.09,2.1867083100555353e-05
921.265,3.088873367907582e-05
921.439,3.276812467147873e-05
921.614,2.8200149261430446e-05
921.789,2.336799714552099e-05
921.963,1.9695471997055563e-05
922.138,1.707455902514033e-05
922.312,1.662326280771399e-05
922.487,1.8120174139578513e-05
922.661,2.1771365890863366e-05
922.836,2.635818701656837e-05
923.01,2.779084394821196e-05
923.185,2.462956528780062e-05
923.359,2.067153184579764e-05
923.534,2.0224056678967555e-05
923.708,2.216938938861673e-05
923.882,2.2682980227672686e-05
924.057,2.149140365752552e-05
924.231,1.993686251651442e-05
924.405,1.8315095459529607e-05
924.579,1.692620666684306e-05
924.753,1.5825384904571986e-05
924.928,1.483227622883341e-05
925.102,1.399714076878409e-05
925.276,1.3386631619146649e-05
925.45,1.3078319211955541e-05
925.624,1.3146127383009356e-05
925.798,1.3704752311219112e-05
925.972,1.4871284298104647e-05
926.146,1.6732698485950172e-05
926.32,1.9177057372015555e-05
926.494,2.178371714802354e-05
926.668,2.402997959274301e-05
926.842,2.531549709373393e-05
927.016,2.5546504973135646e-05
927.19,2.487441399652663e-05
927.363,2.3543876344334395e-05
927.537,2.2058304752272105e-05
927.711,2.046980453945879e-05
927.885,1.888824753069865e-05
928.058,1.7429390323321623e-05
928.232,1.603988987157268e-05
928.406,1.4802381857884278e-05
928.579,1.3698907721976221e-05
928.753,1.270301803867932e-05
928.927,1.1791795998437909e-05
929.1,1.0973817675092836e-05
929.274,1.0227374335497359e-05
929.447,9.523729172119974e-06
929.621,8.856497299658958e-06
929.794,8.199676770252214e-06
929.968,7.559236010649501e-06
930.141,6.9347104521987335e-06
930.315,6.32378889116613e-06
930.488,5.7207913063626715e-06
930.661,5.119913162692626e-06
930.835,4.5158267527119326e-06
931.008,3.901864104289521e-06
931.181,3.276968967146726e-06
931.354,2.6453893292006077e-06
931.528,2.011632410306202e-06
931.701,1.3803739606906765e-06
931.874,7.561376561878252e-07
932.047,1.4973773759574129e-07
932.22,0.0
932.393,0.0
932.566,0.0
932.739,0.0
932.912,0.0
933.085,0.0
933.258,0.0
933.431,0.0
933.604,0.0
933.777,0.0
933.95,0.0
934.123,0.0
934.296,0.0
934.468,0.0
934.641,0.0
934.814,0.0
934.987,0.0
935.159,0.0
935.332,0.0
935.505,0.0
935.677,0.0
935.85,0.0
936.022,0.0
936.195,0.0
936.367,0.0
936.54,0.0
936.712,0.0
936.885,0.0
937.057,0.0
937.229,0.0
937.402,0.0
937.574,0.0
937.746,0.0
937.919,0.0
938.091,1.0614367699458724e-06
938.263,3.358121852218648e-06
938.435,6.341935949209921e-06
938.608,9.978660170255493e-06
938.78,1.4027987988630533e-05
938.952,1.7955782898406257e-05
939.124,2.0996385405890206e-05
939.296,2.237588140953695e-05
939.468,2.1790610301841666e-05
939.64,1.9317532560718478e-05
939.812,1.567176969260068e-05
939.984,1.1748250695323684e-05
940.156,8.229924292777922e-06
940.328,5.6138573813991465e-06
940.5,3.888246595106691e-06
940.672,2.887288274928587e-06
940.843,2.4107713102118202e-06
941.015,2.2685353009763597e-06
941.187,2.398553800139719e-06
941.359,2.7214680457518092e-06
941.531,3.1256068137656757e-06
941.702,3.4890373321527953e-06
941.874,3.737216184767186e-06
942.046,3.870624093049521e-06
942.217,3.899316189476606e-06
942.389,3.850300603387425e-06
942.56,3.7209260247383868e-06
942.732,3.5056594471489454e-06
942.904,3.2221314259129236e-06
943.075,2.892383123407383e-06
943.247,2.53395708725047e-06
943.418,2.1375985097426066e-06
943.589,1.701065601211746e-06
943.761,1.2242529798683027e-06
943.932,7.164284840593882e-07
944.104,1.9034801808076696e-07
944.275,0.0
944.446,0.0
944.617,0.0
944.789,0.0
944.96,0.0
945.131,0.0
945.302,0.0
945.473,0.0
945.645,0.0
945.816,0.0
945.987,0.0
946.158,0.0
946.329,0.0
946.5,0.0
946.671,0.0
946.842,0.0
947.013,0.0
947.183,0.0
947.354,0.0
947.525,0.0
947.696,0.0
947.867,0.0
948.037,0.0
948.208,0.0
948.379,0.0
948.55,0.0
948.72,0.0
948.891,0.0
949.061,0.0
949.232,0.0
949.403,0.0
949.573,0.0
949.744,0.0
949.914,0.0
950.085,0.0
950.255,0.0
950.425,0.0
950.596,0.0
950.766,0.0
950.936,0.0
951.107,0.0
951.277,0.0
951.447,0.0
951.617,0.0
951.788,0.0
951.958,0.0
952.128,0.0
952.298,0.0
952.468,0.0
952.638,0.0
952.808,0.0
952.978,0.0
953.148,0.0
953.318,0.0
953.488,0.0
953.658,0.0
953.828,0.0
953.998,2.4366513175720316e-08
954.167,7.071394250244872e-08
954.337,1.125843593941563e-07
954.507,1.4979203992114574e-07
954.677,1.8218227237024818e-07
954.846,2.0970177947628266e-07
955.016,2.3240424111159447e-07
955.186,2.504249431074855e-07
955.355,2.6398386066844943e-07
955.525,2.73338670521088e-07
955.695,2.787328327985296e-07
955.864,2.8037449474879254e-07
956.034,2.78474715998348e-07
956.203,2.731516684996064e-07
956.373,2.6448306463828495e-07
956.542,2.52599825142132e-07
956.712,2.3755272395223895e-07
956.881,2.194054349697985e-07
957.05,1.9825795286867142e-07
957.22,1.7416934688503404e-07
957.389,1.472548105111259e-07
957.558,1.177521671456098e-07
957.727,8.590144080319627e-08
957.897,5.1902604345849665e-08
958.066,1.6011738336769977e-08
958.235,0.0
958.404,0.0
958.573,0.0
958.743,0.0
958.912,0.0
959.081,0.0
959.25,0.0
959.419,0.0
959.588,0.0
959.757,0.0
959.926,0.0
960.094,0.0
960.263,0.0
960.432,0.0
960.601,0.0
960.77,0.0
960.939,0.0
961.107,0.0
961.276,0.0
961.445,0.0
961.613,0.0
961.782,0.0
961.951,0.0
962.119,0.0
962.288,0.0
962.456,0.0
962.625,0.0
962.793,0.0
962.962,0.0
963.13,0.0
963.298,0.0
963.467,0.0
963.635,0.0
963.803,0.0
963.972,0.0
964.14,0.0
964.308,0.0
964.476,0.0
964.645,0.0
964.813,0.0
964.981,0.0
965.149,0.0
965.317,0.0
965.485,0.0
965.653,0.0
965.821,0.0
965.989,0.0
966.157,0.0
966.325,0.0
966.493,0.0
966.661,0.0
966.829,0.0
966.996,0.0
967.164,0.0
967.332,1.663855206234798e-08
967.5,4.2013345273922357e-08
967.667,6.761956115792448e-08
967.835,9.345837040467863e-08
968.003,1.1954121738529834e-07
968.17,1.4592484060473598e-07
968.338,1.7268807997102291e-07
968.505,1.9987449442131578e-07
968.673,2.2750862973863637e-07
968.841,2.5563451097296183e-07
969.008,2.842316853346157e-07
969.175,3.1322885006569187e-07
969.343,3.4255750739073807e-07
969.51,3.720665325945455e-07
969.678,4.015806379461575e-07
969.845,4.309561657862161e-07
970.012,4.59989750161333e-07
970.18,4.884649091536286e-07
970.347,5.162243316761386e-07
970.514,5.431098218699822e-07
970.681,5.689364299598335e-07
970.849,5.935206577895964e-07
971.016,6.165697633899141e-07
971.183,6.377178367323288e-07
971.35,6.566144160443766e-07
971.517,6.728581374473283e-07
971.684,6.860740566779998e-07
971.851,6.959197116188821e-07
972.018,7.020732649493169e-07
972.185,7.042861341461291e-07
972.352,7.023777154410574e-07
972.519,6.962218675338081e-07
972.686,6.857728145112111e-07
972.853,6.710616373582241e-07
973.02,6.521029106654989e-07
973.186,6.289040871810279e-07
973.353,6.014545010869351e-07
973.52,5.69698438377768e-07
973.687,5.336300923146279e-07
973.853,4.933198574275145e-07
974.02,4.4883334610710715e-07
974.187,4.0026780459505785e-07
974.353,3.478034187324836e-07
974.52,2.916726899938014e-07
974.687,2.3218103247071438e-07
974.853,1.6974309801064916e-07
975.02,1.0481352218522915e-07
975.186,3.7827238918103076e-08
975.353,0.0
975.519,0.0
975.685,0.0
975.852,0.0
976.018,0.0
976.184,0.0
976.351,0.0
976.517,0.0
976.683,0.0
976.849,0.0
977.016,0.0
977.182,0.0
977.348,0.0
977.514,0.0
977.68,0.0
977.846,0.0
978.012,0.0
978.178,0.0
978.344,0.0
978.51,0.0
978.676,0.0
978.842,0.0
979.008,0.0
979.174,0.0
979.34,0.0
979.505,0.0
979.671,0.0
979.837,0.0
980.003,0.0
980.168,0.0
980.334,0.0
980.499,0.0
980.665,0.0
980.831,0.0
980.996,0.0
981.162,0.0
981.327,0.0
981.493,0.0
981.658,0.0
981.823,0.0
981.989,0.0
982.154,0.0
982.319,0.0
982.485,0.0
982.65,0.0
982.815,0.0
982.98,0.0
983.146,0.0
983.311,0.0
983.476,4.8924935534404375e-08
983.641,9.695850540157557e-08
983.806,1.4385867814613668e-07
983.971,1.8956360500983306e-07
984.136,2.3388218516603861e-07
984.301,2.7664285030777036e-07
984.466,3.177100763395002e-07
984.631,3.5689391742060123e-07
984.796,3.9404867783058497e-07
984.961,4.2908280090631257e-07
985.126,4.618815117728652e-07
985.291,4.924363596700487e-07
985.455,5.208775233045292e-07
985.62,5.473381586864993e-07
985.785,5.719819398661893e-07
985.95,5.950008555511775e-07
986.114,6.165086285517121e-07
986.279,6.365974779905064e-07
986.444,6.553422420475414e-07
986.608,6.727275169487009e-07
986.773,6.886955572878318e-07
986.937,7.03169914101087e-07
987.102,7.16016521350173e-07
987.266,7.271463548518045e-07
987.431,7.36519074151062e-07
987.595,7.440838064548332e-07
987.76,7.4982771879018e-07
987.924,7.537273209432292e-07
988.088,7.556929462618435e-07
988.253,7.555971930547224e-07
988.417,7.533493495971352e-07
988.581,7.48837594212668e-07
988.746,7.419412457723736e-07
988.91,7.325682278392852e-07
989.074,7.205752298915976e-07
989.238,7.058821115125709e-07
989.402,6.885346413520122e-07
989.566,6.685966388823119e-07
989.731,6.461309569719051e-07
989.895,6.212120931726624e-07
990.059,5.93865542344359e-07
990.223,5.640760302724821e-07
990.387,5.318157120143308e-07
990.551,4.969392540781428e-07
990.714,4.591823110303771e-07
990.878,4.182959663060815e-07
991.042,3.7399788730475123e-07
991.206,3.2598293889321146e-07
991.37,2.7399528632140034e-07
991.534,2.1774829357925084e-07
991.697,1.5697332744354476e-07
991.861,9.147771536296115e-08
992.025,2.1059958022166976e-08
992.188,0.0
992.352,0.0
992.516,0.0
992.679,0.0
992.843,0.0
993.006,0.0
993.17,0.0
993.333,0.0
993.497,0.0
993.66,0.0
993.824,0.0
993.987,0.0
994.15,0.0
994.314,0.0
994.477,0.0
994.64,0.0
994.803,0.0
994.967,0.0
995.13,0.0
995.293,0.0
995.456,0.0
995.619,0.0
995.782,0.0
995.945,0.0
996.108,0.0
996.271,0.0
996.434,0.0
996.597,0.0
996.76,0.0
996.923,0.0
997.086,0.0
997.248,0.0
997.411,0.0
997.574,0.0
997.737,0.0
997.899,0.0
998.062,0.0
998.225,0.0
998.387,0.0
998.55,0.0
998.712,0.0
998.875,0.0
999.037,0.0
999.2,0.0
999.362,0.0
999.525,0.0
999.687,0.0
999.849,0.0
