237.496,422.93125
237.566,404.68125
237.636,385.43125
237.705,431.18125
237.775,380.18125
237.845,411.68125
237.914,381.68125
237.984,400.43125
238.054,378.93125
238.123,403.43125
238.193,395.18125
238.263,394.18125
238.332,385.43125
238.402,397.68125
238.471,368.93125
238.541,386.18125
238.611,357.68125
238.68,391.18125
238.75,385.93125
238.819,406.93125
238.889,390.18125
238.958,385.43125
239.028,389.68125
239.097,385.43125
239.167,423.43125
239.237,404.43125
239.306,366.68125
239.376,421.43125
239.445,412.18125
239.515,401.93125
239.584,372.93125
239.654,369.43125
239.723,397.93125
239.793,381.43125
239.862,390.68125
239.932,375.68125
240.001,403.43125
240.07,399.93125
240.14,397.18125
240.209,374.93125
240.279,394.43125
240.348,412.93125
240.418,371.18125
240.487,388.18125
240.556,361.43125
240.626,408.43125
240.695,395.68125
240.765,390.93125
240.834,362.93125
240.903,419.68125
240.973,393.93125
241.042,388.43125
241.112,390.18125
241.181,412.43125
241.25,371.18125
241.32,408.68125
241.389,399.43125
241.458,415.93125
241.528,397.18125
241.597,383.93125
241.666,380.68125
241.736,407.18125
241.805,368.18125
241.874,393.43125
241.943,374.43125
242.013,406.93125
242.082,351.18125
242.151,386.43125
242.221,379.68125
242.29,389.68125
242.359,338.68125
242.428,409.18125
242.498,357.68125
242.567,381.68125
242.636,373.68125
242.705,380.68125
242.774,379.43125
242.844,397.68125
242.913,403.68125
242.982,373.93125
243.051,347.18125
243.12,385.18125
243.19,352.43125
243.259,400.18125
243.328,374.43125
243.397,369.93125
243.466,364.93125
243.535,356.93125
243.605,358.93125
243.674,390.68125
243.743,415.43125
243.812,355.68125
243.881,372.93125
243.95,365.68125
244.019,376.68125
244.088,395.18125
244.158,407.68125
244.227,351.68125
244.296,377.43125
244.365,390.18125
244.434,357.68125
244.503,392.18125
244.572,354.68125
244.641,365.18125
244.71,394.68125
244.779,386.68125
244.848,347.93125
244.917,386.68125
244.986,369.93125
245.055,381.18125
245.124,357.68125
245.193,394.93125
245.262,354.18125
245.331,393.93125
245.4,373.43125
245.469,388.93125
245.538,390.68125
245.607,391.93125
245.676,405.18125
245.745,405.68125
245.814,383.43125
245.883,398.68125
245.952,380.18125
246.021,392.43125
246.09,376.68125
246.159,375.18125
246.227,374.68125
246.296,387.68125
246.365,384.43125
246.434,423.18125
246.503,369.93125
246.572,420.93125
246.641,389.18125
246.71,403.18125
246.779,390.18125
246.847,389.93125
246.916,391.68125
246.985,387.43125
247.054,381.43125
247.123,358.68125
247.192,375.93125
247.26,384.18125
247.329,392.68125
247.398,384.68125
247.467,368.68125
247.536,406.18125
247.604,394.68125
247.673,372.18125
247.742,367.43125
247.811,418.68125
247.879,391.43125
247.948,384.68125
248.017,390.43125
248.086,403.18125
248.154,382.18125
248.223,404.93125
248.292,393.93125
248.36,391.43125
248.429,373.18125
248.498,363.43125
248.567,375.18125
248.635,413.68125
248.704,391.68125
248.773,370.93125
248.841,378.18125
248.91,393.93125
248.979,368.68125
249.047,374.18125
249.116,397.18125
249.185,396.68125
249.253,362.43125
249.322,377.68125
249.39,371.93125
249.459,394.43125
249.528,374.43125
249.596,351.93125
249.665,340.68125
249.733,362.18125
249.802,375.43125
249.871,377.93125
249.939,347.43125
250.008,372.68125
250.076,367.43125
250.145,344.18125
250.213,357.93125
250.282,336.43125
250.35,327.68125
250.419,364.43125
250.487,358.93125
250.556,362.18125
250.624,359.43125
250.693,317.18125
250.761,353.43125
250.83,393.18125
250.898,346.43125
250.967,327.68125
251.035,330.43125
251.104,345.18125
251.172,338.43125
251.241,337.43125
251.309,353.18125
251.378,341.43125
251.446,318.93125
251.514,341.93125
251.583,348.68125
251.651,321.93125
251.72,341.43125
251.788,352.68125
251.856,294.18125
251.925,311.18125
251.993,329.68125
252.062,337.68125
252.13,330.68125
252.198,325.43125
252.267,309.43125
252.335,320.43125
252.403,301.43125
252.472,292.93125
252.54,305.93125
252.608,316.43125
252.677,313.43125
252.745,336.68125
252.813,312.18125
252.881,267.68125
252.95,303.68125
253.018,314.93125
253.086,279.43125
253.155,300.68125
253.223,281.18125
253.291,305.18125
253.359,302.93125
253.427,322.93125
253.496,284.18125
253.564,262.68125
253.632,285.68125
253.7,311.93125
253.769,290.93125
253.837,295.43125
253.905,308.18125
253.973,311.18125
254.041,297.18125
254.11,268.18125
254.178,263.18125
254.246,281.93125
254.314,288.93125
254.382,295.93125
254.45,291.18125
254.518,293.43125
254.587,271.43125
254.655,300.18125
254.723,284.43125
254.791,307.93125
254.859,305.43125
254.927,314.43125
254.995,263.18125
255.063,274.43125
255.131,282.43125
255.199,299.93125
255.267,272.93125
255.336,286.43125
255.404,276.93125
255.472,295.43125
255.54,277.93125
255.608,281.18125
255.676,292.68125
255.744,279.43125
255.812,304.93125
255.88,322.93125
255.948,289.43125
256.016,304.18125
256.084,299.68125
256.152,297.18125
256.22,277.18125
256.288,295.68125
256.356,263.93125
256.424,270.68125
256.491,274.43125
256.559,277.68125
256.627,305.68125
256.695,250.43124999999998
256.763,301.18125
256.831,287.18125
256.899,283.68125
256.967,251.68124999999998
257.035,273.18125
257.103,303.93125
257.171,257.93125
257.238,254.18124999999998
257.306,273.93125
257.374,285.93125
257.442,268.68125
257.51,297.43125
257.578,260.93125
257.646,293.43125
257.713,270.18125
257.781,283.68125
257.849,304.43125
257.917,295.68125
257.985,272.93125
258.052,290.93125
258.12,284.68125
258.188,300.68125
258.256,285.18125
258.324,337.18125
258.391,303.93125
258.459,319.68125
258.527,281.68125
258.595,307.43125
258.662,266.43125
258.73,313.68125
258.798,268.68125
258.865,316.18125
258.933,333.18125
259.001,341.18125
259.069,303.18125
259.136,331.93125
259.204,318.93125
259.272,347.43125
259.339,300.18125
259.407,334.18125
259.475,290.93125
259.542,328.18125
259.61,325.68125
259.677,337.93125
259.745,309.93125
259.813,328.68125
259.88,356.43125
259.948,342.18125
260.016,332.18125
260.083,363.18125
260.151,331.93125
260.218,368.18125
260.286,339.43125
260.353,382.43125
260.421,368.18125
260.489,378.68125
260.556,378.18125
260.624,368.93125
260.691,366.43125
260.759,386.43125
260.826,325.93125
260.894,365.43125
260.961,383.68125
261.029,389.68125
261.096,400.18125
261.164,382.68125
261.231,418.43125
261.299,405.18125
261.366,401.68125
261.434,406.93125
261.501,384.68125
261.568,419.93125
261.636,406.43125
261.703,444.18125
261.771,416.93125
261.838,426.18125
261.906,393.18125
261.973,448.93125
262.04,458.43125
262.108,438.43125
262.175,410.93125
262.243,450.93125
262.31,428.68125
262.377,433.18125
262.445,441.93125
262.512,442.43125
262.579,441.43125
262.647,458.18125
262.714,484.93125
262.781,458.68125
262.849,446.68125
262.916,476.68125
262.983,492.18125
263.051,476.43125
263.118,458.68125
263.185,492.68125
263.252,495.18125
263.32,478.93125
263.387,478.18125
263.454,513.68125
263.522,443.43125
263.589,497.93125
263.656,486.18125
263.723,491.18125
263.79,496.43125
263.858,506.93125
263.925,508.18125
263.992,508.93125
264.059,534.93125
264.126,557.4312500000001
264.194,510.18125
264.261,551.93125
264.328,511.68125
264.395,559.4312500000001
264.462,546.68125
264.529,553.43125
264.597,538.18125
264.664,560.6812500000001
264.731,536.93125
264.798,522.93125
264.865,550.68125
264.932,569.6812500000001
264.999,564.18125
265.066,573.4312500000001
265.133,570.6812500000001
265.201,557.4312500000001
265.268,550.68125
265.335,567.4312500000001
265.402,587.1812500000001
265.469,573.1812500000001
265.536,594.18125
265.603,600.4312500000001
265.67,597.9312500000001
265.737,582.6812500000001
265.804,579.43125
265.871,611.9312500000001
265.938,605.4312500000001
266.005,609.9312500000001
266.072,588.4312500000001
266.139,641.1812500000001
266.206,591.6812500000001
266.273,620.9312500000001
266.34,597.1812500000001
266.407,620.4312500000001
266.474,598.9312500000001
266.541,624.4312500000001
266.608,607.1812500000001
266.675,644.4312500000001
266.742,637.9312500000001
266.808,639.9312500000001
266.875,636.9312500000001
266.942,648.6812500000001
267.009,657.9312500000001
267.076,656.9312500000001
267.143,656.4312500000001
267.21,632.6812500000001
267.277,637.1812500000001
267.344,658.1812500000001
267.41,642.4312500000001
267.477,673.6812500000001
267.544,664.1812500000001
267.611,708.4312500000001
267.678,639.4312500000001
267.745,687.1812500000001
267.811,662.1812500000001
267.878,664.9312500000001
267.945,643.1812500000001
268.012,665.9312500000001
268.079,686.4312500000001
268.145,692.6812500000001
268.212,658.1812500000001
268.279,677.9312500000001
268.346,710.1812500000001
268.412,663.9312500000001
268.479,692.1812500000001
268.546,680.1812500000001
268.613,686.4312500000001
268.679,690.4312500000001
268.746,722.9312500000001
268.813,684.9312500000001
268.879,665.4312500000001
268.946,698.1812500000001
269.013,699.6812500000001
269.079,708.6812500000001
269.146,673.9312500000001
269.213,677.6812500000001
269.279,705.9312500000001
269.346,678.6812500000001
269.413,689.1812500000001
269.479,683.4312500000001
269.546,703.6812500000001
269.613,649.6812500000001
269.679,700.4312500000001
269.746,663.1812500000001
269.813,658.6812500000001
269.879,680.4312500000001
269.946,688.9312500000001
270.012,699.6812500000001
270.079,656.1812500000001
270.145,688.9312500000001
270.212,705.9312500000001
270.279,704.1812500000001
270.345,673.6812500000001
270.412,676.9312500000001
270.478,683.4312500000001
270.545,648.9312500000001
270.611,729.9312500000001
270.678,692.1812500000001
270.744,657.9312500000001
270.811,672.4312500000001
270.877,687.6812500000001
270.944,677.6812500000001
271.01,671.1812500000001
271.077,692.6812500000001
271.143,707.1812500000001
271.21,669.6812500000001
271.276,656.1812500000001
271.343,702.6812500000001
271.409,701.4312500000001
271.475,686.1812500000001
271.542,673.9312500000001
271.608,685.1812500000001
271.675,671.4312500000001
271.741,708.6812500000001
271.807,667.4312500000001
271.874,702.6812500000001
271.94,692.9312500000001
272.007,704.4312500000001
272.073,668.6812500000001
272.139,711.4312500000001
272.206,711.6812500000001
272.272,710.6812500000001
272.338,724.6812500000001
272.405,692.4312500000001
272.471,679.4312500000001
272.537,704.1812500000001
272.604,688.6812500000001
272.67,738.6812500000001
272.736,702.6812500000001
272.803,727.6812500000001
272.869,704.4312500000001
272.935,689.1812500000001
273.001,716.9312500000001
273.068,686.4312500000001
273.134,706.9312500000001
273.2,738.4312500000001
273.266,714.4312500000001
273.333,731.4312500000001
273.399,665.9312500000001
273.465,754.1812500000001
273.531,719.1812500000001
273.597,756.1812500000001
273.664,712.4312500000001
273.73,712.1812500000001
273.796,729.4312500000001
273.862,747.9312500000001
273.928,757.9312500000001
273.994,781.6812500000001
274.061,770.9312500000001
274.127,760.4312500000001
274.193,709.6812500000001
274.259,756.1812500000001
274.325,752.4312500000001
274.391,712.6812500000001
274.457,751.9312500000001
274.524,789.6812500000001
274.59,754.9312500000001
274.656,756.1812500000001
274.722,788.6812500000001
274.788,791.6812500000001
274.854,769.6812500000001
274.92,761.4312500000001
274.986,817.4312500000001
275.052,780.9312500000001
275.118,807.4312500000001
275.184,814.6812500000001
275.25,831.9312500000001
275.316,838.6812500000001
275.382,809.4312500000001
275.448,846.4312500000001
275.514,826.6812500000001
275.58,821.1812500000001
275.646,825.1812500000001
275.712,838.4312500000001
275.778,828.6812500000001
275.844,887.6812500000001
275.91,860.4312500000001
275.976,900.4312500000001
276.042,874.4312500000001
276.108,919.4312500000001
276.174,928.1812500000001
276.24,913.4312500000001
276.306,940.1812500000001
276.372,940.4312500000001
276.437,935.9312500000001
276.503,966.4312500000001
276.569,1014.6812500000001
276.635,964.4312500000001
276.701,1009.1812500000001
276.767,982.4312500000001
276.833,1041.93125
276.899,1082.68125
276.964,1052.68125
277.03,1115.93125
277.096,1100.93125
277.162,1159.93125
277.228,1155.68125
277.293,1242.18125
277.359,1244.68125
277.425,1318.43125
277.491,1338.93125
277.557,1498.68125
277.622,1882.43125
277.688,2070.18125
277.754,2003.93125
277.82,2179.43125
277.885,2394.68125
277.951,2932.4312499999996
278.017,2928.4312499999996
278.083,2479.18125
278.148,2386.93125
278.214,2325.93125
278.28,2466.18125
278.345,2383.18125
278.411,2178.43125
278.477,2202.18125
278.542,2268.43125
278.608,2398.43125
278.674,2624.4312499999996
278.739,2811.4312499999996
278.805,3020.4312499999996
278.871,3401.9312499999996
278.936,3880.9312499999996
279.002,4904.68125
279.067,6296.68125
279.133,6658.43125
279.199,6358.43125
279.264,6503.68125
279.33,7182.68125
279.395,8234.68125
279.461,9517.681250000001
279.527,9794.681250000001
279.592,10010.681250000001
279.658,10030.181250000001
279.723,9367.681250000001
279.789,9429.431250000001
279.854,9102.18125
279.92,8137.68125
279.985,7536.93125
280.051,7499.68125
280.116,7996.93125
280.182,9217.181250000001
280.247,9966.681250000001
280.313,9808.681250000001
280.378,8641.68125
280.444,7117.43125
280.509,5938.93125
280.574,5125.18125
280.64,4486.43125
280.705,4107.18125
280.771,3711.4312499999996
280.836,3438.9312499999996
280.902,3247.1812499999996
280.967,3012.6812499999996
281.032,2868.1812499999996
281.098,2734.6812499999996
281.163,2598.68125
281.229,2535.43125
281.294,2432.18125
281.359,2331.68125
281.425,2260.68125
281.49,2187.68125
281.555,2092.43125
281.621,2034.43125
281.686,1950.18125
281.751,1953.43125
281.817,1876.68125
281.882,1834.93125
281.947,1788.43125
282.012,1779.68125
282.078,1744.18125
282.143,1713.93125
282.208,1661.93125
282.273,1623.68125
282.339,1644.18125
282.404,1601.93125
282.469,1552.93125
282.534,1564.18125
282.6,1494.18125
282.665,1513.43125
282.73,1457.68125
282.795,1483.18125
282.86,1456.93125
282.926,1482.68125
282.991,1387.43125
283.056,1414.93125
283.121,1416.68125
283.186,1350.18125
283.251,1340.93125
283.316,1413.93125
283.382,1392.68125
283.447,1346.18125
283.512,1321.43125
283.577,1327.68125
283.642,1316.43125
283.707,1280.18125
283.772,1294.93125
283.837,1269.68125
283.902,1287.43125
283.967,1303.68125
284.032,1272.43125
284.097,1307.18125
284.163,1279.68125
284.228,1300.18125
284.293,1303.68125
284.358,1323.18125
284.423,1319.93125
284.488,1367.68125
284.553,1393.18125
284.618,1445.93125
284.683,1467.18125
284.748,1475.93125
284.812,1609.68125
284.877,1774.93125
284.942,1942.18125
285.007,2243.18125
285.072,2735.4312499999996
285.137,3481.4312499999996
285.202,4421.43125
285.267,4857.43125
285.332,4163.43125
285.397,3212.9312499999996
285.462,2593.43125
285.527,2215.43125
285.591,2008.68125
285.656,1768.43125
285.721,1704.68125
285.786,1608.68125
285.851,1514.93125
285.916,1524.18125
285.981,1429.18125
286.045,1434.18125
286.11,1400.68125
286.175,1342.43125
286.24,1332.93125
286.305,1346.93125
286.369,1305.93125
286.434,1291.68125
286.499,1246.18125
286.564,1274.43125
286.628,1243.43125
286.693,1242.68125
286.758,1193.68125
286.823,1197.18125
286.887,1169.18125
286.952,1205.68125
287.017,1196.93125
287.082,1157.68125
287.146,1183.93125
287.211,1177.68125
287.276,1154.18125
287.34,1148.18125
287.405,1142.18125
287.47,1126.93125
287.534,1172.68125
287.599,1147.93125
287.663,1144.93125
287.728,1119.43125
287.793,1181.68125
287.857,1157.93125
287.922,1116.43125
287.987,1133.68125
288.051,1131.43125
288.116,1142.68125
288.18,1162.93125
288.245,1114.93125
288.309,1141.68125
288.374,1140.68125
288.439,1140.93125
288.503,1104.68125
288.568,1145.43125
288.632,1160.43125
288.697,1141.18125
288.761,1070.93125
288.826,1070.18125
288.89,1138.43125
288.955,1113.68125
289.019,1129.43125
289.084,1120.68125
289.148,1114.93125
289.212,1128.93125
289.277,1116.68125
289.341,1119.68125
289.406,1095.68125
289.47,1116.68125
289.535,1128.93125
289.599,1129.93125
289.663,1119.68125
289.728,1121.18125
289.792,1125.43125
289.857,1176.68125
289.921,1142.18125
289.985,1096.93125
290.05,1144.68125
290.114,1125.18125
290.178,1124.18125
290.243,1102.43125
290.307,1133.93125
290.371,1122.43125
290.436,1144.93125
290.5,1122.43125
290.564,1167.93125
290.629,1137.18125
290.693,1173.18125
290.757,1149.93125
290.821,1154.43125
290.886,1172.18125
290.95,1178.93125
291.014,1170.43125
291.078,1193.18125
291.143,1213.43125
291.207,1248.18125
291.271,1211.18125
291.335,1234.18125
291.399,1244.68125
291.464,1257.18125
291.528,1393.68125
291.592,1335.43125
291.656,1323.93125
291.72,1321.93125
291.784,1265.43125
291.849,1261.68125
291.913,1243.18125
291.977,1265.68125
292.041,1292.93125
292.105,1333.43125
292.169,1286.68125
292.233,1339.93125
292.297,1346.18125
292.361,1327.68125
292.425,1338.68125
292.49,1415.18125
292.554,1445.68125
292.618,1490.93125
292.682,1587.18125
292.746,1752.93125
292.81,2027.68125
292.874,2486.18125
292.938,2654.1812499999996
293.002,2508.93125
293.066,2323.93125
293.13,2199.93125
293.194,2147.18125
293.258,2095.43125
293.322,2083.93125
293.386,2085.93125
293.45,2217.43125
293.514,2363.43125
293.577,2704.1812499999996
293.641,3541.6812499999996
293.705,3933.9312499999996
293.769,3800.6812499999996
293.833,3396.9312499999996
293.897,3121.1812499999996
293.961,2845.1812499999996
294.025,2667.9312499999996
294.089,2544.18125
294.153,2427.93125
294.216,2293.93125
294.28,2209.18125
294.344,2074.93125
294.408,2022.93125
294.472,1939.93125
294.536,1954.93125
294.599,1816.93125
294.663,1816.18125
294.727,1744.18125
294.791,1726.43125
294.855,1707.18125
294.918,1681.18125
294.982,1654.43125
295.046,1573.93125
295.11,1655.68125
295.173,1575.68125
295.237,1560.93125
295.301,1508.93125
295.364,1547.68125
295.428,1519.68125
295.492,1477.68125
295.556,1533.43125
295.619,1486.18125
295.683,1496.18125
295.747,1430.18125
295.81,1471.18125
295.874,1452.93125
295.938,1410.18125
296.001,1440.68125
296.065,1433.43125
296.128,1439.93125
296.192,1428.68125
296.256,1403.18125
296.319,1416.68125
296.383,1383.18125
296.446,1417.93125
296.51,1388.18125
296.574,1395.43125
296.637,1394.18125
296.701,1411.93125
296.764,1339.18125
296.828,1420.43125
296.891,1360.43125
296.955,1414.43125
297.018,1413.68125
297.082,1397.68125
297.145,1337.43125
297.209,1359.18125
297.272,1350.43125
297.336,1345.18125
297.399,1391.18125
297.463,1354.68125
297.526,1351.93125
297.59,1338.68125
297.653,1331.93125
297.717,1347.43125
297.78,1330.18125
297.843,1341.43125
297.907,1362.18125
297.97,1339.43125
298.034,1357.93125
298.097,1345.43125
298.16,1348.43125
298.224,1326.93125
298.287,1306.18125
298.35,1306.43125
298.414,1324.93125
298.477,1284.43125
298.54,1302.18125
298.604,1346.18125
298.667,1317.93125
298.73,1346.43125
298.794,1306.68125
298.857,1296.93125
298.92,1297.43125
298.984,1323.68125
299.047,1355.93125
299.11,1288.68125
299.173,1290.68125
299.237,1324.68125
299.3,1290.93125
299.363,1280.93125
299.426,1289.68125
299.489,1256.93125
299.553,1303.18125
299.616,1278.18125
299.679,1288.93125
299.742,1271.68125
299.805,1282.18125
299.868,1275.93125
299.932,1298.43125
299.995,1264.43125
300.058,1244.68125
300.121,1271.93125
300.184,1267.18125
300.247,1300.68125
300.31,1271.18125
300.374,1257.18125
300.437,1267.18125
300.5,1289.43125
300.563,1277.18125
300.626,1297.93125
300.689,1288.93125
300.752,1218.43125
300.815,1280.68125
300.878,1296.18125
300.941,1272.43125
301.004,1264.18125
301.067,1246.18125
301.13,1257.68125
301.193,1232.18125
301.256,1268.18125
301.319,1313.93125
301.382,1264.93125
301.445,1277.43125
301.508,1232.68125
301.571,1262.93125
301.634,1246.18125
301.697,1266.43125
301.76,1282.68125
301.823,1257.68125
301.885,1277.93125
301.948,1290.18125
302.011,1262.43125
302.074,1317.68125
302.137,1239.93125
302.2,1308.93125
302.263,1248.93125
302.326,1285.68125
302.388,1285.68125
302.451,1230.18125
302.514,1270.43125
302.577,1271.18125
302.64,1300.18125
302.703,1271.93125
302.765,1334.93125
302.828,1321.43125
302.891,1281.43125
302.954,1270.18125
303.016,1284.93125
303.079,1308.93125
303.142,1317.93125
303.205,1303.68125
303.267,1299.68125
303.33,1286.18125
303.393,1317.43125
303.456,1317.93125
303.518,1293.43125
303.581,1270.68125
303.644,1310.43125
303.706,1308.93125
303.769,1323.93125
303.832,1294.43125
303.894,1369.43125
303.957,1287.68125
304.02,1302.18125
304.082,1320.68125
304.145,1361.43125
304.207,1301.43125
304.27,1320.18125
304.333,1342.93125
304.395,1342.18125
304.458,1355.18125
304.52,1341.93125
304.583,1346.43125
304.646,1336.43125
304.708,1358.43125
304.771,1320.93125
304.833,1373.93125
304.896,1404.43125
304.958,1355.93125
305.021,1355.18125
305.083,1347.68125
305.146,1370.43125
305.208,1375.18125
305.271,1380.18125
305.333,1414.93125
305.396,1363.93125
305.458,1373.93125
305.52,1390.93125
305.583,1386.43125
305.645,1413.68125
305.708,1378.18125
305.77,1440.93125
305.833,1383.18125
305.895,1411.68125
305.957,1400.93125
306.02,1383.93125
306.082,1404.18125
306.144,1410.18125
306.207,1403.68125
306.269,1408.68125
306.331,1401.18125
306.394,1429.93125
306.456,1426.93125
306.518,1414.68125
306.581,1426.68125
306.643,1440.68125
306.705,1408.18125
306.768,1436.43125
306.83,1487.43125
306.892,1447.68125
306.954,1490.68125
307.017,1465.93125
307.079,1481.43125
307.141,1490.18125
307.203,1482.68125
307.266,1491.68125
307.328,1514.68125
307.39,1522.93125
307.452,1505.18125
307.514,1523.93125
307.577,1519.93125
307.639,1504.18125
307.701,1521.18125
307.763,1548.93125
307.825,1559.93125
307.887,1566.68125
307.949,1532.43125
308.011,1540.43125
308.074,1583.68125
308.136,1590.93125
308.198,1555.43125
308.26,1602.18125
308.322,1561.93125
308.384,1602.68125
308.446,1598.93125
308.508,1588.68125
308.57,1613.93125
308.632,1643.93125
308.694,1653.68125
308.756,1655.93125
308.818,1637.68125
308.88,1675.43125
308.942,1676.68125
309.004,1708.18125
309.066,1681.93125
309.128,1744.18125
309.19,1748.93125
309.252,1798.68125
309.314,1818.18125
309.376,1806.68125
309.438,1784.18125
309.5,1810.18125
309.562,1796.18125
309.624,1808.18125
309.686,1861.68125
309.747,1897.93125
309.809,1922.43125
309.871,1867.93125
309.933,1801.43125
309.995,1770.18125
310.057,1737.68125
310.119,1776.68125
310.18,1770.43125
310.242,1750.43125
310.304,1733.93125
310.366,1690.68125
310.428,1701.18125
310.489,1672.68125
310.551,1701.43125
310.613,1713.43125
310.675,1721.18125
310.737,1710.93125
310.798,1716.18125
310.86,1688.18125
310.922,1670.18125
310.983,1685.68125
311.045,1693.18125
311.107,1643.43125
311.169,1642.93125
311.23,1669.43125
311.292,1690.68125
311.354,1671.93125
311.415,1689.93125
311.477,1708.43125
311.539,1713.43125
311.6,1675.43125
311.662,1707.43125
311.724,1679.43125
311.785,1649.43125
311.847,1672.93125
311.908,1686.93125
311.97,1710.43125
312.032,1703.68125
312.093,1725.68125
312.155,1704.93125
312.216,1688.18125
312.278,1707.93125
312.339,1676.68125
312.401,1704.68125
312.462,1661.43125
312.524,1690.43125
312.585,1693.43125
312.647,1713.93125
312.708,1716.18125
312.77,1718.68125
312.831,1678.93125
312.893,1685.68125
312.954,1705.68125
313.016,1647.68125
313.077,1704.68125
313.139,1710.68125
313.2,1702.68125
313.261,1722.68125
313.323,1708.68125
313.384,1675.43125
313.446,1739.93125
313.507,1728.18125
313.568,1730.68125
313.63,1695.93125
313.691,1699.93125
313.752,1727.18125
313.814,1682.68125
313.875,1734.43125
313.936,1716.93125
313.998,1702.68125
314.059,1733.43125
314.12,1695.93125
314.182,1730.68125
314.243,1747.68125
314.304,1732.68125
314.365,1756.93125
314.427,1739.18125
314.488,1747.18125
314.549,1792.68125
314.61,1746.18125
314.672,1726.18125
314.733,1747.43125
314.794,1728.43125
314.855,1781.68125
314.916,1719.43125
314.978,1745.18125
315.039,1726.43125
315.1,1775.68125
315.161,1803.43125
315.222,1775.18125
315.283,1780.93125
315.345,1754.18125
315.406,1749.68125
315.467,1741.68125
315.528,1759.68125
315.589,1759.93125
315.65,1782.93125
315.711,1752.93125
315.772,1712.68125
315.833,1714.18125
315.894,1754.93125
315.955,1733.18125
316.016,1788.18125
316.078,1739.93125
316.139,1784.93125
316.2,1717.68125
316.261,1775.18125
316.322,1777.43125
316.383,1765.93125
316.444,1784.43125
316.504,1770.43125
316.565,1777.93125
316.626,1793.93125
316.687,1813.93125
316.748,1756.68125
316.809,1804.43125
316.87,1820.18125
316.931,1820.93125
316.992,1876.43125
317.053,1803.43125
317.114,1838.93125
317.175,1869.93125
317.235,1804.68125
317.296,1826.68125
317.357,1797.68125
317.418,1815.18125
317.479,1826.93125
317.54,1797.68125
317.601,1778.43125
317.661,1774.18125
317.722,1802.43125
317.783,1726.93125
317.844,1851.18125
317.904,1813.68125
317.965,1774.68125
318.026,1797.68125
318.087,1812.43125
318.148,1812.68125
318.208,1820.43125
318.269,1876.43125
318.33,1848.68125
318.39,1834.43125
318.451,1843.18125
318.512,1849.18125
318.572,1860.43125
318.633,1891.93125
318.694,1874.43125
318.754,1853.18125
318.815,1823.93125
318.876,1837.68125
318.936,1814.93125
318.997,1791.43125
319.058,1798.43125
319.118,1864.18125
319.179,1815.18125
319.239,1786.43125
319.3,1796.43125
319.361,1805.68125
319.421,1796.43125
319.482,1784.18125
319.542,1774.43125
319.603,1806.68125
319.663,1795.18125
319.724,1764.18125
319.784,1789.43125
319.845,1796.68125
319.905,1837.18125
319.966,1815.93125
320.026,1864.93125
320.087,1848.43125
320.147,1851.18125
320.208,1819.43125
320.268,1839.93125
320.329,1878.68125
320.389,1884.43125
320.449,1879.93125
320.51,1860.93125
320.57,1824.18125
320.631,1837.93125
320.691,1834.68125
320.751,1825.68125
320.812,1862.43125
320.872,1841.43125
320.932,1892.43125
320.993,1879.18125
321.053,1897.43125
321.113,1896.43125
321.174,1863.68125
321.234,1895.68125
321.294,1833.18125
321.355,1848.43125
321.415,1883.43125
321.475,1875.93125
321.535,1861.18125
321.596,1918.68125
321.656,1916.68125
321.716,1904.68125
321.776,1899.68125
321.837,1882.43125
321.897,1875.93125
321.957,1868.18125
322.017,1889.93125
322.077,1918.68125
322.138,1912.18125
322.198,1891.93125
322.258,1929.43125
322.318,1879.93125
322.378,1893.68125
322.438,1915.18125
322.499,1918.68125
322.559,1918.43125
322.619,1957.93125
322.679,1900.43125
322.739,1912.43125
322.799,1955.43125
322.859,1929.43125
322.919,1913.93125
322.979,1929.43125
323.039,1875.68125
323.099,1881.18125
323.159,1892.93125
323.219,1843.93125
323.279,1919.18125
323.339,1911.18125
323.399,1959.43125
323.459,1961.18125
323.519,1998.18125
323.579,1969.43125
323.639,2018.43125
323.699,1989.93125
323.759,2010.43125
323.819,2023.43125
323.879,1999.43125
323.939,1950.93125
323.999,2011.93125
324.059,1934.18125
324.119,1960.68125
324.179,1946.68125
324.238,1952.18125
324.298,1920.68125
324.358,1950.43125
324.418,1960.93125
324.478,1916.18125
324.538,1935.43125
324.597,1927.68125
324.657,1919.93125
324.717,1937.18125
324.777,1899.68125
324.837,1904.68125
324.896,1951.68125
324.956,1935.93125
325.016,1878.93125
325.076,1942.68125
325.135,1907.68125
325.195,1897.18125
325.255,1909.68125
325.315,1947.68125
325.374,1954.43125
325.434,1918.43125
325.494,1958.93125
325.553,1933.18125
325.613,1971.18125
325.673,1858.43125
325.732,1893.43125
325.792,1888.68125
325.852,1897.18125
325.911,1897.43125
325.971,1877.43125
326.031,1894.93125
326.09,1926.68125
326.15,1887.93125
326.209,1897.18125
326.269,1926.43125
326.328,1964.93125
326.388,1917.18125
326.448,1977.93125
326.507,1970.43125
326.567,1881.18125
326.626,1904.18125
326.686,1843.43125
326.745,1904.93125
326.805,1908.93125
326.864,1895.93125
326.924,1924.93125
326.983,1899.68125
327.043,1930.93125
327.102,1939.68125
327.161,1910.93125
327.221,1947.18125
327.28,1943.43125
327.34,1948.43125
327.399,1992.93125
327.459,1987.68125
327.518,1921.43125
327.577,1924.43125
327.637,1895.18125
327.696,1923.68125
327.755,1910.18125
327.815,1870.18125
327.874,1952.68125
327.933,1925.93125
327.993,1954.18125
328.052,1927.43125
328.111,1953.93125
328.171,1928.18125
328.23,1935.68125
328.289,1934.43125
328.349,1978.68125
328.408,1953.93125
328.467,1965.43125
328.526,1940.93125
328.586,1990.43125
328.645,1997.68125
328.704,1936.93125
328.763,1952.93125
328.822,1968.18125
328.882,1978.68125
328.941,1958.68125
329.0,2005.43125
329.059,1937.43125
329.118,1999.68125
329.177,1992.68125
329.237,2017.93125
329.296,2014.68125
329.355,2003.93125
329.414,2009.18125
329.473,2017.68125
329.532,2015.43125
329.591,1991.68125
329.65,2005.18125
329.709,2081.93125
329.768,2091.68125
329.827,2221.4312499999996
329.886,2203.1812499999996
329.945,2281.9312499999996
330.004,2329.6812499999996
330.063,2225.18125
330.122,2334.6812499999996
330.181,2406.9312499999996
330.24,2396.4312499999996
330.299,2316.4312499999996
330.358,2215.93125
330.417,2157.1812499999996
330.476,2127.43125
330.535,2114.68125
330.594,2067.18125
330.653,2026.43125
330.712,2051.43125
330.771,1995.68125
330.83,2060.18125
330.889,2070.68125
330.948,2044.68125
331.006,2034.18125
331.065,2016.68125
331.124,2019.43125
331.183,1953.43125
331.242,1938.43125
331.301,1977.43125
331.359,1987.68125
331.418,2000.43125
331.477,2018.93125
331.536,1985.93125
331.595,1978.43125
331.653,1975.68125
331.712,1946.93125
331.771,1923.68125
331.83,1930.43125
331.888,1937.18125
331.947,1941.68125
332.006,1934.43125
332.065,1894.68125
332.123,1944.43125
332.182,1931.93125
332.241,1984.18125
332.299,1990.68125
332.358,1964.18125
332.417,1996.93125
332.475,1957.43125
332.534,2009.43125
332.592,1963.68125
332.651,1969.93125
332.71,1999.68125
332.768,2002.68125
332.827,1917.43125
332.885,1972.18125
332.944,1918.93125
333.003,1955.68125
333.061,2008.93125
333.12,2032.93125
333.178,2086.93125
333.237,2125.68125
333.295,2143.18125
333.354,2098.18125
333.412,2119.43125
333.471,2154.18125
333.529,2182.6812499999996
333.588,2200.9312499999996
333.646,2233.4312499999996
333.705,2228.9312499999996
333.763,2267.9312499999996
333.822,2182.9312499999996
333.88,2184.93125
333.938,2209.1812499999996
333.997,2204.9312499999996
334.055,2198.18125
334.114,2194.1812499999996
334.172,2133.18125
334.23,2134.43125
334.289,2118.93125
334.347,2144.43125
334.405,2122.18125
334.464,2143.43125
334.522,2121.93125
334.58,2069.93125
334.639,2081.43125
334.697,2098.43125
334.755,2043.68125
334.814,2082.68125
334.872,2035.68125
334.93,2000.43125
334.988,2061.93125
335.047,2082.68125
335.105,2105.68125
335.163,2157.18125
335.221,2108.43125
335.28,2130.18125
335.338,2108.43125
335.396,2146.18125
335.454,2092.43125
335.512,2064.93125
335.57,2087.43125
335.629,2127.43125
335.687,2207.4312499999996
335.745,2277.1812499999996
335.803,2328.6812499999996
335.861,2263.4312499999996
335.919,2302.6812499999996
335.977,2283.6812499999996
336.035,2221.4312499999996
336.094,2226.9312499999996
336.152,2251.9312499999996
336.21,2341.4312499999996
336.268,2302.9312499999996
336.326,2300.1812499999996
336.384,2286.4312499999996
336.442,2235.9312499999996
336.5,2236.4312499999996
336.558,2192.1812499999996
336.616,2324.9312499999996
336.674,2212.4312499999996
336.732,2209.9312499999996
336.79,2237.1812499999996
336.848,2235.4312499999996
336.906,2222.6812499999996
336.964,2223.6812499999996
337.022,2237.9312499999996
337.08,2307.9312499999996
337.138,2269.1812499999996
337.195,2238.6812499999996
337.253,2289.1812499999996
337.311,2241.6812499999996
337.369,2198.9312499999996
337.427,2106.43125
337.485,2126.18125
337.543,2180.1812499999996
337.601,2169.43125
337.658,2146.18125
337.716,2120.18125
337.774,2169.43125
337.832,2111.93125
337.89,2047.18125
337.947,2046.68125
338.005,2075.43125
338.063,2082.93125
338.121,2159.18125
338.178,2187.9312499999996
338.236,2204.1812499999996
338.294,2222.1812499999996
338.352,2158.93125
338.409,2139.68125
338.467,2131.43125
338.525,2108.93125
338.583,2084.68125
338.64,2098.43125
338.698,2106.43125
338.756,2173.68125
338.813,2224.9312499999996
338.871,2264.6812499999996
338.928,2307.1812499999996
338.986,2295.6812499999996
339.044,2269.1812499999996
339.101,2222.9312499999996
339.159,2206.18125
339.217,2200.9312499999996
339.274,2239.6812499999996
339.332,2207.43125
339.389,2207.6812499999996
339.447,2191.1812499999996
339.504,2210.4312499999996
339.562,2186.18125
339.619,2220.1812499999996
339.677,2204.6812499999996
339.734,2179.93125
339.792,2181.68125
339.849,2159.18125
339.907,2223.6812499999996
339.964,2193.1812499999996
340.022,2185.18125
340.079,2188.1812499999996
340.137,2180.4312499999996
340.194,2218.6812499999996
340.252,2179.43125
340.309,2176.1812499999996
340.366,2169.43125
340.424,2180.68125
340.481,2196.43125
340.538,2185.4312499999996
340.596,2196.4312499999996
340.653,2248.4312499999996
340.711,2293.1812499999996
340.768,2330.6812499999996
340.825,2277.6812499999996
340.883,2312.1812499999996
340.94,2307.4312499999996
340.997,2222.4312499999996
341.054,2224.6812499999996
341.112,2265.1812499999996
341.169,2276.9312499999996
341.226,2294.1812499999996
341.284,2291.1812499999996
341.341,2281.1812499999996
341.398,2276.4312499999996
341.455,2319.6812499999996
341.512,2309.4312499999996
341.57,2296.9312499999996
341.627,2332.4312499999996
341.684,2258.9312499999996
341.741,2371.9312499999996
341.798,2326.1812499999996
341.856,2291.4312499999996
341.913,2317.1812499999996
341.97,2313.9312499999996
342.027,2362.4312499999996
342.084,2361.4312499999996
342.141,2378.6812499999996
342.198,2421.9312499999996
342.255,2334.9312499999996
342.313,2339.1812499999996
342.37,2265.9312499999996
342.427,2226.6812499999996
342.484,2173.18125
342.541,2165.68125
342.598,2186.93125
342.655,2178.9312499999996
342.712,2202.6812499999996
342.769,2236.9312499999996
342.826,2225.1812499999996
342.883,2188.4312499999996
342.94,2164.18125
342.997,2210.6812499999996
343.054,2173.43125
343.111,2187.18125
343.168,2176.4312499999996
343.225,2289.4312499999996
343.282,2279.1812499999996
343.339,2250.9312499999996
343.395,2234.9312499999996
343.452,2257.6812499999996
343.509,2224.1812499999996
343.566,2275.6812499999996
343.623,2278.6812499999996
343.68,2240.4312499999996
343.737,2238.1812499999996
343.794,2262.4312499999996
343.85,2265.9312499999996
343.907,2250.4312499999996
343.964,2251.6812499999996
344.021,2292.6812499999996
344.078,2288.4312499999996
344.134,2326.4312499999996
344.191,2315.4312499999996
344.248,2410.6812499999996
344.305,2342.6812499999996
344.361,2346.6812499999996
344.418,2359.9312499999996
344.475,2338.1812499999996
344.532,2318.1812499999996
344.588,2365.6812499999996
344.645,2369.1812499999996
344.702,2316.6812499999996
344.758,2362.4312499999996
344.815,2288.9312499999996
344.872,2273.1812499999996
344.928,2359.4312499999996
344.985,2343.6812499999996
345.042,2330.4312499999996
345.098,2324.1812499999996
345.155,2329.4312499999996
345.212,2307.4312499999996
345.268,2311.9312499999996
345.325,2259.1812499999996
345.381,2351.9312499999996
345.438,2383.9312499999996
345.495,2400.4312499999996
345.551,2429.9312499999996
345.608,2345.4312499999996
345.664,2348.9312499999996
345.721,2303.1812499999996
345.777,2250.1812499999996
345.834,2275.9312499999996
345.89,2236.6812499999996
345.947,2322.6812499999996
346.003,2317.9312499999996
346.06,2261.4312499999996
346.116,2285.6812499999996
346.173,2260.6812499999996
346.229,2271.9312499999996
346.285,2286.4312499999996
346.342,2295.4312499999996
346.398,2320.4312499999996
346.455,2371.1812499999996
346.511,2428.9312499999996
346.567,2391.4312499999996
346.624,2417.6812499999996
346.68,2448.1812499999996
346.737,2434.4312499999996
346.793,2426.6812499999996
346.849,2443.1812499999996
346.906,2470.6812499999996
346.962,2573.4312499999996
347.018,2545.4312499999996
347.074,2496.6812499999996
347.131,2441.1812499999996
347.187,2455.6812499999996
347.243,2448.1812499999996
347.3,2452.4312499999996
347.356,2435.1812499999996
347.412,2385.4312499999996
347.468,2338.6812499999996
347.524,2319.4312499999996
347.581,2319.9312499999996
347.637,2360.1812499999996
347.693,2317.9312499999996
347.749,2374.1812499999996
347.805,2363.6812499999996
347.862,2352.1812499999996
347.918,2383.9312499999996
347.974,2355.6812499999996
348.03,2316.1812499999996
348.086,2352.1812499999996
348.142,2358.9312499999996
348.198,2396.4312499999996
348.254,2344.9312499999996
348.311,2380.6812499999996
348.367,2359.9312499999996
348.423,2318.4312499999996
348.479,2279.1812499999996
348.535,2342.4312499999996
348.591,2296.6812499999996
348.647,2319.4312499999996
348.703,2373.4312499999996
348.759,2359.4312499999996
348.815,2356.6812499999996
348.871,2337.6812499999996
348.927,2319.6812499999996
348.983,2391.4312499999996
349.039,2391.1812499999996
349.095,2438.4312499999996
349.151,2418.4312499999996
349.207,2387.1812499999996
349.263,2365.1812499999996
349.319,2347.4312499999996
349.374,2362.9312499999996
349.43,2409.9312499999996
349.486,2437.4312499999996
349.542,2450.4312499999996
349.598,2409.1812499999996
349.654,2426.6812499999996
349.71,2412.6812499999996
349.766,2387.1812499999996
349.821,2385.4312499999996
349.877,2419.4312499999996
349.933,2420.1812499999996
349.989,2461.4312499999996
350.045,2375.9312499999996
350.1,2447.4312499999996
350.156,2420.9312499999996
350.212,2404.9312499999996
350.268,2367.6812499999996
350.323,2398.4312499999996
350.379,2378.1812499999996
350.435,2392.6812499999996
350.491,2325.4312499999996
350.546,2320.1812499999996
350.602,2365.9312499999996
350.658,2346.4312499999996
350.713,2347.1812499999996
350.769,2340.1812499999996
350.825,2316.4312499999996
350.88,2355.9312499999996
350.936,2327.4312499999996
350.992,2339.6812499999996
351.047,2404.9312499999996
351.103,2364.4312499999996
351.158,2400.6812499999996
351.214,2319.1812499999996
351.27,2302.6812499999996
351.325,2337.4312499999996
351.381,2333.6812499999996
351.436,2395.6812499999996
351.492,2481.9312499999996
351.547,2441.1812499999996
351.603,2475.9312499999996
351.658,2529.6812499999996
351.714,2455.1812499999996
351.769,2474.6812499999996
351.825,2473.9312499999996
351.88,2467.1812499999996
351.936,2500.1812499999996
351.991,2537.9312499999996
352.047,2485.1812499999996
352.102,2453.9312499999996
352.157,2418.9312499999996
352.213,2389.9312499999996
352.268,2380.1812499999996
352.324,2341.6812499999996
352.379,2421.1812499999996
352.434,2443.9312499999996
352.49,2432.9312499999996
352.545,2421.4312499999996
352.601,2391.1812499999996
352.656,2323.6812499999996
352.711,2356.6812499999996
352.767,2327.6812499999996
352.822,2345.4312499999996
352.877,2360.4312499999996
352.932,2374.1812499999996
352.988,2423.4312499999996
353.043,2446.4312499999996
353.098,2453.6812499999996
353.153,2401.1812499999996
353.209,2376.6812499999996
353.264,2357.1812499999996
353.319,2328.9312499999996
353.374,2338.1812499999996
353.43,2336.9312499999996
353.485,2358.9312499999996
353.54,2373.4312499999996
353.595,2292.9312499999996
353.65,2350.9312499999996
353.705,2339.4312499999996
353.761,2315.4312499999996
353.816,2315.4312499999996
353.871,2338.9312499999996
353.926,2284.9312499999996
353.981,2311.6812499999996
354.036,2255.9312499999996
354.091,2338.9312499999996
354.146,2276.6812499999996
354.201,2340.1812499999996
354.256,2311.1812499999996
354.311,2358.6812499999996
354.367,2376.9312499999996
354.422,2372.4312499999996
354.477,2335.1812499999996
354.532,2410.4312499999996
354.587,2390.6812499999996
354.642,2388.9312499999996
354.697,2415.1812499999996
354.752,2415.4312499999996
354.806,2400.1812499999996
354.861,2424.1812499999996
354.916,2367.1812499999996
354.971,2391.6812499999996
355.026,2337.6812499999996
355.081,2351.1812499999996
355.136,2279.6812499999996
355.191,2230.9312499999996
355.246,2286.6812499999996
355.301,2354.6812499999996
355.356,2360.1812499999996
355.41,2377.9312499999996
355.465,2368.9312499999996
355.52,2358.1812499999996
355.575,2314.9312499999996
355.63,2291.4312499999996
355.684,2283.1812499999996
355.739,2277.1812499999996
355.794,2318.9312499999996
355.849,2310.4312499999996
355.904,2335.4312499999996
355.958,2359.4312499999996
356.013,2286.9312499999996
356.068,2327.1812499999996
356.123,2312.4312499999996
356.177,2391.6812499999996
356.232,2386.6812499999996
356.287,2440.1812499999996
356.341,2421.1812499999996
356.396,2338.9312499999996
356.451,2353.6812499999996
356.505,2326.1812499999996
356.56,2362.9312499999996
356.615,2311.9312499999996
356.669,2345.9312499999996
356.724,2348.6812499999996
356.778,2301.1812499999996
356.833,2300.1812499999996
356.888,2340.6812499999996
356.942,2308.4312499999996
356.997,2386.1812499999996
357.051,2304.4312499999996
357.106,2263.9312499999996
357.16,2217.68125
357.215,2228.18125
357.269,2291.4312499999996
357.324,2228.68125
357.378,2250.9312499999996
357.433,2284.6812499999996
357.487,2294.9312499999996
357.542,2243.6812499999996
357.596,2287.9312499999996
357.651,2291.1812499999996
357.705,2291.1812499999996
357.76,2238.18125
357.814,2251.4312499999996
357.868,2290.4312499999996
357.923,2248.9312499999996
357.977,2249.4312499999996
358.032,2231.4312499999996
358.086,2307.1812499999996
358.14,2316.9312499999996
358.195,2318.6812499999996
358.249,2299.9312499999996
358.303,2259.1812499999996
358.358,2243.68125
358.412,2182.43125
358.466,2208.18125
358.521,2243.18125
358.575,2230.4312499999996
358.629,2220.93125
358.683,2245.93125
358.738,2238.4312499999996
358.792,2209.93125
358.846,2273.4312499999996
358.9,2278.6812499999996
358.954,2252.4312499999996
359.009,2264.4312499999996
359.063,2209.43125
359.117,2249.43125
359.171,2255.1812499999996
359.225,2249.1812499999996
359.28,2245.4312499999996
359.334,2263.6812499999996
359.388,2273.9312499999996
359.442,2252.4312499999996
359.496,2142.93125
359.55,2250.1812499999996
359.604,2203.68125
359.658,2205.18125
359.712,2199.68125
359.766,2214.68125
359.82,2180.43125
359.875,2180.93125
359.929,2204.68125
359.983,2201.18125
360.037,2206.68125
360.091,2189.93125
360.145,2174.18125
360.199,2165.68125
360.253,2164.93125
360.306,2157.18125
360.36,2190.93125
360.414,2182.93125
360.468,2245.1812499999996
360.522,2158.18125
360.576,2165.43125
360.63,2185.68125
360.684,2194.93125
360.738,2151.43125
360.792,2175.93125
360.846,2144.93125
360.899,2212.1812499999996
360.953,2236.1812499999996
361.007,2223.43125
361.061,2208.93125
361.115,2176.68125
361.168,2185.93125
361.222,2159.93125
361.276,2181.93125
361.33,2178.18125
361.384,2166.68125
361.437,2241.1812499999996
361.491,2148.68125
361.545,2179.43125
361.599,2157.18125
361.652,2188.18125
361.706,2186.43125
361.76,2165.18125
361.813,2126.18125
361.867,2159.93125
361.921,2125.68125
361.974,2114.93125
362.028,2115.68125
362.082,2141.93125
362.135,2103.43125
362.189,2137.18125
362.242,2123.93125
362.296,2123.18125
362.35,2154.18125
362.403,2153.68125
362.457,2087.93125
362.51,2107.43125
362.564,2087.43125
362.617,2059.93125
362.671,2126.68125
362.724,2091.43125
362.778,2099.68125
362.831,2127.68125
362.885,2085.68125
362.938,1984.18125
354.545,446.81250000000006
354.608,473.3125
354.671,418.3125
354.734,426.0625
354.797,444.8125
354.86,457.0625
354.923,475.3125
354.986,437.5625
355.05,459.0625
355.113,474.0625
355.176,474.81250000000006
355.239,483.0625
355.302,444.8125
355.365,496.56250000000006
355.428,476.8125
355.491,525.5625
355.554,478.5625
355.617,495.5625
355.68,505.06250000000006
355.743,481.56250000000006
355.806,487.31250000000006
355.869,540.8125
355.932,476.81250000000006
355.995,524.5625
356.058,508.81250000000006
356.121,514.8125
356.184,531.5625
356.247,513.3125
356.31,494.8125
356.373,530.8125
356.436,498.5625
356.498,514.8125
356.561,510.81250000000006
356.624,502.5625
356.687,535.3125
356.75,531.8125
356.813,527.8125
356.876,526.3125
356.939,518.5625
357.001,536.3125
357.064,524.5625
357.127,526.0625
357.19,526.3125
357.253,537.3125
357.316,551.8125
357.378,546.8125
357.441,524.5625
357.504,525.5625
357.567,479.0625
357.629,554.5625
357.692,518.0625
357.755,555.8125
357.818,509.8125
357.88,557.5625
357.943,519.5625
358.006,531.5625
358.069,562.5625
358.131,516.5625
358.194,518.3125
358.257,529.0625
358.319,527.3125
358.382,552.0625
358.445,551.3125
358.507,553.5625
358.57,558.5625
358.633,552.3125
358.695,536.8125
358.758,550.5625
358.821,536.8125
358.883,549.8125
358.946,548.8125
359.008,573.5625
359.071,553.0625
359.134,530.8125
359.196,548.3125
359.259,544.5625
359.321,552.8125
359.384,591.8125
359.446,559.5625
359.509,565.5625
359.571,562.3125
359.634,546.0625
359.696,536.8125
359.759,585.8125
359.821,569.8125
359.884,553.8125
359.946,613.0625
360.009,548.5625
360.071,553.3125
360.134,609.5625
360.196,581.0625
360.259,567.5625
360.321,533.3125
360.384,577.8125
360.446,574.8125
360.508,604.5625
360.571,563.3125
360.633,567.0625
360.696,535.0625
360.758,583.5625
360.82,582.0625
360.883,600.3125
360.945,599.5625
361.007,590.5625
361.07,591.3125
361.132,601.0625
361.194,602.8125
361.257,580.5625
361.319,601.3125
361.381,614.3125
361.443,593.5625
361.506,620.0625
361.568,616.5625
361.63,623.8125
361.693,601.3125
361.755,621.8125
361.817,645.8125
361.879,625.3125
361.941,577.0625
362.004,599.3125
362.066,597.0625
362.128,609.3125
362.19,626.0625
362.252,642.8125
362.315,647.5625
362.377,601.0625
362.439,633.0625
362.501,611.0625
362.563,622.3125
362.625,616.3125
362.688,647.3125
362.75,630.5625
362.812,632.5625
362.874,633.3125
362.936,654.3125
362.998,624.8125
363.06,649.3125
363.122,617.8125
363.184,674.5625
363.246,615.5625
363.308,642.3125
363.37,664.0625
363.432,629.3125
363.494,657.8125
363.556,635.3125
363.618,625.3125
363.68,659.8125
363.742,662.5625
363.804,664.3125
363.866,696.0625
363.928,610.8125
363.99,668.3125
364.052,674.8125
364.114,653.8125
364.176,686.8125
364.238,684.5625
364.3,682.3125
364.362,638.8125
364.424,652.0625
364.486,676.0625
364.548,681.3125
364.609,696.3125
364.671,687.0625
364.733,662.0625
364.795,655.8125
364.857,645.5625
364.919,673.8125
364.981,650.5625
365.042,677.0625
365.104,673.8125
365.166,652.0625
365.228,675.8125
365.29,667.8125
365.351,665.0625
365.413,652.8125
365.475,675.0625
365.537,689.0625
365.598,712.8125
365.66,659.5625
365.722,694.0625
365.784,708.0625
365.845,695.8125
365.907,653.0625
365.969,679.8125
366.03,686.5625
366.092,697.3125
366.154,681.0625
366.215,703.0625
366.277,703.3125
366.339,708.3125
366.4,695.0625
366.462,687.0625
366.524,710.5625
366.585,696.8125
366.647,713.0625
366.708,682.5625
366.77,694.0625
366.832,736.3125
366.893,709.5625
366.955,684.0625
367.016,694.5625
367.078,699.5625
367.139,719.8125
367.201,653.3125
367.262,696.0625
367.324,693.8125
367.385,689.3125
367.447,742.3125
367.508,685.3125
367.57,716.0625
367.631,687.5625
367.693,734.8125
367.754,705.0625
367.816,716.3125
367.877,722.3125
367.939,756.3125
368.0,717.0625
368.062,699.5625
368.123,713.8125
368.184,723.8125
368.246,711.5625
368.307,745.5625
368.369,697.3125
368.43,726.5625
368.491,725.8125
368.553,735.3125
368.614,737.5625
368.675,751.5625
368.737,748.5625
368.798,753.8125
368.859,729.5625
368.921,734.3125
368.982,734.3125
369.043,730.5625
369.104,737.5625
369.166,776.8125
369.227,756.5625
369.288,719.8125
369.349,751.3125
369.411,774.3125
369.472,773.5625
369.533,758.3125
369.594,764.0625
369.656,778.8125
369.717,722.5625
369.778,768.5625
369.839,772.8125
369.9,783.0625
369.961,751.5625
370.023,781.3125
370.084,751.3125
370.145,743.8125
370.206,757.0625
370.267,772.3125
370.328,764.5625
370.389,768.5625
370.451,754.8125
370.512,787.5625
370.573,754.0625
370.634,778.3125
370.695,775.5625
370.756,791.3125
370.817,770.3125
370.878,785.0625
370.939,775.3125
371.0,779.3125
371.061,801.8125
371.122,774.5625
371.183,755.5625
371.244,792.5625
371.305,757.0625
371.366,801.5625
371.427,791.3125
371.488,811.8125
371.549,791.8125
371.61,794.0625
371.671,781.8125
371.732,778.0625
371.793,791.5625
371.853,794.5625
371.914,804.0625
371.975,764.0625
372.036,784.5625
372.097,792.8125
372.158,793.5625
372.219,824.5625
372.28,794.5625
372.34,796.0625
372.401,821.3125
372.462,797.8125
372.523,796.3125
372.584,813.3125
372.645,798.5625
372.705,833.0625
372.766,795.3125
372.827,788.3125
372.888,834.8125
372.948,804.3125
373.009,826.0625
373.07,797.3125
373.131,812.0625
373.191,872.8125
373.252,837.0625
373.313,832.0625
373.373,796.5625
373.434,850.3125
373.495,806.0625
373.555,846.5625
373.616,823.8125
373.677,813.0625
373.737,854.3125
373.798,807.8125
373.859,835.8125
373.919,882.0625
373.98,856.3125
374.041,852.3125
374.101,845.0625
374.162,865.8125
374.222,871.8125
374.283,892.5625
374.343,906.3125
374.404,868.5625
374.465,888.8125
374.525,833.8125
374.586,870.3125
374.646,897.5625
374.707,917.8125
374.767,868.8125
374.828,864.5625
374.888,908.5625
374.949,899.0625
375.009,874.5625
375.07,866.3125
375.13,884.0625
375.19,873.8125
375.251,918.3125
375.311,907.0625
375.372,869.5625
375.432,886.5625
375.493,919.0625
375.553,881.0625
375.613,894.0625
375.674,881.5625
375.734,894.8125
375.794,907.8125
375.855,899.5625
375.915,898.8125
375.975,882.3125
376.036,914.0625
376.096,898.5625
376.156,890.5625
376.217,924.3125
376.277,942.3125
376.337,943.5625
376.398,888.3125
376.458,945.5625
376.518,910.3125
376.578,944.0625
376.639,907.0625
376.699,931.3125
376.759,931.3125
376.819,944.5625
376.88,961.0625
376.94,954.0625
377.0,924.0625
377.06,968.8125
377.12,939.8125
377.18,947.5625
377.241,943.5625
377.301,971.5625
377.361,949.0625
377.421,954.8125
377.481,962.3125
377.541,929.3125
377.601,969.8125
377.661,987.5625
377.722,992.0625
377.782,973.3125
377.842,982.3125
377.902,973.3125
377.962,974.5625
378.022,985.5625
378.082,1008.3125
378.142,1003.5625
378.202,1039.3125
378.262,1027.3125
378.322,1017.5625
378.382,979.3125
378.442,1045.8125
378.502,992.0625
378.562,1014.8125
378.622,992.3125
378.682,1047.5625
378.742,1025.8125
378.802,988.8125
378.862,1059.8125
378.921,1100.5625
378.981,1081.3125
379.041,1020.8125
379.101,1081.0625
379.161,1058.3125
379.221,1076.8125
379.281,1070.3125
379.341,1061.3125
379.401,1072.0625
379.46,1082.0625
379.52,1074.3125
379.58,1084.5625
379.64,1104.0625
379.7,1076.0625
379.759,1149.0625
379.819,1080.0625
379.879,1116.0625
379.939,1132.0625
379.999,1104.0625
380.058,1125.0625
380.118,1154.0625
380.178,1151.8125
380.237,1125.3125
380.297,1172.5625
380.357,1132.0625
380.417,1185.5625
380.476,1167.5625
380.536,1164.0625
380.596,1166.8125
380.655,1177.5625
380.715,1187.3125
380.775,1201.3125
380.834,1198.0625
380.894,1224.0625
380.954,1180.0625
381.013,1239.3125
381.073,1207.0625
381.132,1226.0625
381.192,1251.5625
381.252,1226.5625
381.311,1239.5625
381.371,1265.5625
381.43,1221.5625
381.49,1287.8125
381.549,1241.8125
381.609,1291.0625
381.668,1283.3125
381.728,1326.3125
381.787,1300.5625
381.847,1303.0625
381.906,1298.3125
381.966,1337.5625
382.025,1383.8125
382.085,1373.0625
382.144,1448.0625
382.204,1398.8125
382.263,1430.3125
382.322,1450.8125
382.382,1468.5625
382.441,1541.5625
382.501,1549.8125
382.56,1602.0625
382.619,1613.0625
382.679,1710.0625
382.738,1791.5624999999998
382.798,1866.8124999999998
382.857,2058.8125
382.916,2091.0625
382.976,2105.0625
383.035,2105.0625
383.094,2214.0625
383.154,2430.3125
383.213,2463.0625
383.272,2279.5625
383.331,2081.3125
383.391,2066.3125
383.45,1978.5624999999998
383.509,1985.0624999999998
383.568,2069.8125
383.628,2197.3125
383.687,2330.3125
383.746,2576.3125
383.805,2654.5625
383.864,2443.0625
383.924,2209.0625
383.983,1922.8124999999998
384.042,1831.0624999999998
384.101,1734.8125
384.16,1642.8125
384.219,1615.0625
384.279,1600.3125
384.338,1507.3125
384.397,1480.5625
384.456,1459.8125
384.515,1490.5625
384.574,1465.0625
384.633,1437.5625
384.692,1405.3125
384.751,1405.0625
384.81,1411.8125
384.869,1356.5625
384.929,1356.8125
384.988,1400.3125
385.047,1372.0625
385.106,1357.8125
385.165,1338.3125
385.224,1381.3125
385.283,1364.8125
385.342,1341.5625
385.401,1366.8125
385.459,1333.5625
385.518,1332.5625
385.577,1340.0625
385.636,1375.5625
385.695,1338.0625
385.754,1340.5625
385.813,1336.3125
385.872,1372.0625
385.931,1383.3125
385.99,1369.8125
386.049,1356.0625
386.107,1321.8125
386.166,1309.3125
386.225,1340.3125
386.284,1315.0625
386.343,1345.5625
386.402,1313.5625
386.46,1286.5625
386.519,1295.8125
386.578,1296.5625
386.637,1329.8125
386.696,1342.5625
386.754,1298.8125
386.813,1332.5625
386.872,1282.8125
386.931,1316.5625
386.989,1350.0625
387.048,1315.0625
387.107,1323.8125
387.165,1279.5625
387.224,1281.8125
387.283,1294.5625
387.342,1323.5625
387.4,1301.5625
387.459,1265.0625
387.517,1313.8125
387.576,1285.8125
387.635,1278.3125
387.693,1304.3125
387.752,1281.5625
387.811,1284.8125
387.869,1291.5625
387.928,1278.8125
387.986,1292.3125
388.045,1253.8125
388.103,1284.3125
388.162,1276.3125
388.221,1246.3125
388.279,1242.0625
388.338,1303.3125
388.396,1241.3125
388.455,1269.0625
388.513,1233.3125
388.572,1240.8125
388.63,1237.5625
388.689,1226.3125
388.747,1241.0625
388.806,1188.8125
388.864,1244.8125
388.922,1298.8125
388.981,1224.0625
389.039,1245.3125
389.098,1281.5625
389.156,1259.3125
389.214,1254.8125
389.273,1250.5625
389.331,1257.8125
389.39,1209.0625
389.448,1230.0625
389.506,1237.0625
389.565,1288.3125
389.623,1262.0625
389.681,1263.5625
389.74,1258.5625
389.798,1238.0625
389.856,1255.0625
389.914,1254.5625
389.973,1252.5625
390.031,1258.8125
390.089,1262.8125
390.147,1228.5625
390.206,1279.8125
390.264,1269.3125
390.322,1251.5625
390.38,1235.3125
390.439,1209.3125
390.497,1256.5625
390.555,1253.5625
390.613,1246.0625
390.671,1259.8125
390.729,1259.0625
390.788,1208.8125
390.846,1226.8125
390.904,1290.0625
390.962,1275.0625
391.02,1287.8125
391.078,1255.5625
391.136,1257.0625
391.194,1237.0625
391.252,1296.0625
391.311,1245.3125
391.369,1247.3125
391.427,1282.5625
391.485,1253.0625
391.543,1268.0625
391.601,1223.5625
391.659,1248.0625
391.717,1234.0625
391.775,1236.5625
391.833,1257.3125
391.891,1248.3125
391.949,1241.8125
392.007,1261.0625
392.065,1294.8125
392.123,1264.0625
392.18,1284.5625
392.238,1282.8125
392.296,1251.5625
392.354,1254.5625
392.412,1270.0625
392.47,1269.3125
392.528,1257.5625
392.586,1264.8125
392.644,1304.8125
392.701,1279.0625
392.759,1283.3125
392.817,1267.8125
392.875,1235.5625
392.933,1269.5625
392.991,1309.5625
393.048,1287.5625
393.106,1273.8125
393.164,1283.3125
393.222,1274.3125
393.279,1345.8125
393.337,1344.5625
393.395,1321.8125
393.453,1283.5625
393.51,1264.0625
393.568,1283.0625
393.626,1261.0625
393.684,1282.3125
393.741,1271.3125
393.799,1266.5625
393.857,1266.8125
393.914,1297.0625
393.972,1265.5625
394.03,1295.5625
394.087,1289.5625
394.145,1285.0625
394.202,1295.8125
394.26,1258.3125
394.318,1301.5625
394.375,1306.8125
394.433,1283.8125
394.49,1267.3125
394.548,1302.5625
394.605,1306.8125
394.663,1305.0625
394.72,1308.3125
394.778,1306.0625
394.836,1278.8125
394.893,1261.0625
394.951,1313.3125
395.008,1312.3125
395.065,1273.0625
395.123,1285.0625
395.18,1293.8125
395.238,1308.5625
395.295,1304.3125
395.353,1319.0625
395.41,1320.0625
395.468,1318.3125
395.525,1298.8125
395.582,1323.0625
395.64,1361.5625
395.697,1334.0625
395.754,1271.3125
395.812,1303.3125
395.869,1367.5625
395.927,1338.8125
395.984,1371.8125
396.041,1312.8125
396.098,1346.3125
396.156,1373.8125
396.213,1333.8125
396.27,1375.0625
396.328,1347.5625
396.385,1367.3125
396.442,1351.5625
396.499,1326.0625
396.557,1354.8125
396.614,1321.3125
396.671,1334.0625
396.728,1376.5625
396.785,1357.8125
396.843,1409.0625
396.9,1354.3125
396.957,1342.3125
397.014,1370.3125
397.071,1381.8125
397.128,1355.0625
397.186,1397.0625
397.243,1377.5625
397.3,1372.3125
397.357,1374.5625
397.414,1406.0625
397.471,1342.0625
397.528,1355.8125
397.585,1385.3125
397.642,1355.0625
397.699,1419.0625
397.756,1384.0625
397.813,1409.0625
397.871,1375.8125
397.928,1385.5625
397.985,1409.8125
398.042,1423.0625
398.099,1380.5625
398.156,1416.8125
398.212,1422.5625
398.269,1420.8125
398.326,1408.0625
398.383,1399.3125
398.44,1408.8125
398.497,1413.8125
398.554,1396.3125
398.611,1404.0625
398.668,1390.0625
398.725,1444.8125
398.782,1465.3125
398.839,1463.8125
398.895,1465.0625
398.952,1447.8125
399.009,1472.8125
399.066,1429.5625
399.123,1478.8125
399.18,1435.0625
399.236,1450.8125
399.293,1467.3125
399.35,1488.5625
399.407,1483.0625
399.463,1454.5625
399.52,1466.3125
399.577,1488.8125
399.634,1521.3125
399.69,1496.0625
399.747,1516.8125
399.804,1516.0625
399.861,1541.8125
399.917,1565.3125
399.974,1504.0625
400.031,1526.3125
400.087,1488.3125
400.144,1522.3125
400.201,1513.0625
400.257,1508.0625
400.314,1520.0625
400.37,1546.5625
400.427,1516.3125
400.484,1490.8125
400.54,1510.5625
400.597,1498.5625
400.653,1486.3125
400.71,1509.8125
400.766,1534.8125
400.823,1475.3125
400.879,1536.8125
400.936,1497.8125
400.993,1486.0625
401.049,1500.3125
401.106,1498.3125
401.162,1530.5625
401.218,1501.5625
401.275,1490.5625
401.331,1506.0625
401.388,1504.8125
401.444,1525.8125
401.501,1491.3125
401.557,1477.8125
401.614,1528.0625
401.67,1493.8125
401.726,1506.8125
401.783,1457.0625
401.839,1491.3125
401.895,1497.0625
401.952,1503.8125
402.008,1483.8125
402.064,1480.0625
402.121,1519.0625
402.177,1479.5625
402.233,1482.8125
402.29,1504.0625
402.346,1525.0625
402.402,1518.0625
402.459,1524.8125
402.515,1553.3125
402.571,1514.5625
402.627,1514.3125
402.683,1535.3125
402.74,1481.8125
402.796,1518.5625
402.852,1542.3125
402.908,1516.5625
402.964,1503.0625
403.021,1532.0625
403.077,1558.0625
403.133,1518.3125
403.189,1542.8125
403.245,1562.0625
403.301,1599.5625
403.357,1575.3125
403.414,1581.8125
403.47,1571.3125
403.526,1569.5625
403.582,1578.0625
403.638,1569.3125
403.694,1595.8125
403.75,1560.8125
403.806,1614.0625
403.862,1602.0625
403.918,1591.0625
403.974,1583.8125
404.03,1565.3125
404.086,1541.0625
404.142,1598.3125
404.198,1594.0625
404.254,1587.8125
404.31,1580.0625
404.366,1589.8125
404.422,1593.8125
404.478,1631.5625
404.534,1614.8125
404.59,1591.5625
404.646,1598.3125
404.701,1625.8125
404.757,1617.8125
404.813,1572.3125
404.869,1617.5625
404.925,1609.3125
404.981,1639.3125
405.037,1619.3125
405.092,1608.3125
405.148,1592.8125
405.204,1603.3125
405.26,1622.8125
405.316,1636.5625
405.371,1587.0625
405.427,1624.8125
405.483,1637.8125
405.539,1585.3125
405.594,1636.3125
405.65,1618.0625
405.706,1637.5625
405.761,1646.0625
405.817,1648.3125
405.873,1637.3125
405.928,1665.0625
405.984,1689.3125
406.04,1638.5625
406.095,1629.8125
406.151,1648.0625
406.207,1696.5625
406.262,1631.3125
406.318,1648.0625
406.374,1657.0625
406.429,1654.5625
406.485,1713.5625
406.54,1677.8125
406.596,1683.3125
406.651,1748.5625
406.707,1689.8125
406.763,1693.3125
406.818,1706.0625
406.874,1686.8125
406.929,1732.8125
406.985,1716.3125
407.04,1724.3125
407.095,1710.8125
407.151,1752.0625
407.206,1745.0625
407.262,1721.3125
407.317,1797.3125
407.373,1771.8125
407.428,1793.5625
407.484,1750.0625
407.539,1728.5625
407.594,1771.0625
407.65,1761.8125
407.705,1792.0625
407.76,1774.8125
407.816,1844.8125
407.871,1812.5625
407.926,1793.5625
407.982,1764.5625
408.037,1793.0625
408.092,1775.5625
408.148,1767.0625
408.203,1820.8125
408.258,1738.5625
408.314,1812.0625
408.369,1746.3125
408.424,1824.8125
408.479,1759.5625
408.534,1813.8125
408.59,1806.3125
408.645,1783.3125
408.7,1822.8125
408.755,1800.3125
408.81,1771.0625
408.866,1805.3125
408.921,1819.0625
408.976,1786.8125
409.031,1806.5625
409.086,1781.0625
409.141,1821.3125
409.196,1825.8125
409.252,1815.0625
409.307,1796.0625
409.362,1781.0625
409.417,1760.3125
409.472,1808.0625
409.527,1798.5625
409.582,1844.5625
409.637,1792.8125
409.692,1797.0625
409.747,1781.5625
409.802,1806.5625
409.857,1799.8125
409.912,1805.5625
409.967,1825.5625
410.022,1838.3125
410.077,1799.5625
410.132,1784.3125
410.187,1803.8125
410.242,1809.3125
410.297,1795.5625
410.351,1844.5625
410.406,1828.8124999999998
410.461,1817.5625
410.516,1819.3125
410.571,1813.3125
410.626,1825.3125
410.681,1830.0625
410.736,1854.0625
410.79,1855.3125
410.845,1893.8125
410.9,1857.0625
410.955,1866.0624999999998
411.01,1828.3125
411.064,1833.3125
411.119,1874.0625
411.174,1821.5625
411.229,1833.0625
411.283,1848.5625
411.338,1830.3125
411.393,1803.5625
411.447,1826.8125
411.502,1845.3125
411.557,1859.8124999999998
411.612,1862.0624999999998
411.666,1859.5625
411.721,1828.8125
411.776,1813.0625
411.83,1857.3124999999998
411.885,1842.3125
411.939,1894.3124999999998
411.994,1828.5625
412.049,1881.3125
412.103,1914.5624999999998
412.158,1889.8125
412.212,1848.0625
412.267,1860.3124999999998
412.322,1912.5624999999998
412.376,1901.8124999999998
412.431,1867.8125
412.485,1879.5624999999998
412.54,1837.8125
412.594,1871.0625
412.649,1896.3125
412.703,1876.0625
412.758,1884.3125
412.812,1849.3125
412.866,1855.3125
412.921,1881.5625
412.975,1840.5625
413.03,1892.3125
413.084,1814.5625
413.139,1904.8124999999998
413.193,1869.3125
413.247,1929.5625
413.302,1852.8125
413.356,1877.3124999999998
413.41,1860.3125
413.465,1874.3124999999998
413.519,1892.8124999999998
413.573,1872.8124999999998
413.628,1866.5625
413.682,1827.5625
413.736,1853.0625
413.791,1872.8125
413.845,1893.3124999999998
413.899,1870.3125
413.953,1875.3125
414.008,1844.0625
414.062,1874.8125
414.116,1854.3124999999998
414.17,1914.3125
414.225,1862.0624999999998
414.279,1879.0624999999998
414.333,1917.8124999999998
414.387,1897.0625
414.441,1903.0625
414.496,1888.0624999999998
414.55,1894.5624999999998
414.604,1881.8124999999998
414.658,1836.5625
414.712,1888.5624999999998
414.766,1950.0624999999998
414.82,1895.8125
414.874,1967.8124999999998
414.928,1857.3125
414.982,1895.3125
415.037,1915.3124999999998
415.091,1913.8125
415.145,1872.5624999999998
415.199,1889.8124999999998
415.253,1915.5624999999998
415.307,1856.0624999999998
415.361,1893.3125
415.415,1883.3124999999998
415.469,1893.3125
415.523,1899.0624999999998
415.577,1884.0625
415.631,1907.0624999999998
415.684,1897.8124999999998
415.738,1925.0624999999998
415.792,1889.3125
415.846,1886.5624999999998
415.9,1905.0624999999998
415.954,1898.3124999999998
416.008,1905.8125
416.062,1870.3125
416.116,1895.8124999999998
416.169,1900.0625
416.223,1922.5624999999998
416.277,1864.0624999999998
416.331,1899.3124999999998
416.385,1902.5624999999998
416.439,1939.3124999999998
416.492,1907.5624999999998
416.546,1947.5624999999998
416.6,1916.8124999999998
416.654,1931.8124999999998
416.707,1926.8124999999998
416.761,1865.8125
416.815,1921.8124999999998
416.869,1936.3124999999998
416.922,1930.5624999999998
416.976,1888.8125
417.03,1924.8124999999998
417.083,1911.5625
417.137,1949.5624999999998
417.191,1896.3125
417.244,1857.8124999999998
417.298,1892.5625
417.352,1889.3124999999998
417.405,1922.8124999999998
417.459,1884.3124999999998
417.512,1897.8125
417.566,1899.5624999999998
417.62,1914.8124999999998
417.673,1834.8125
417.727,1891.5625
417.78,1864.0625
417.834,1880.8124999999998
417.887,1881.3124999999998
417.941,1928.0624999999998
417.994,1920.0624999999998
418.048,1904.5624999999998
418.101,1871.3125
418.155,1945.5624999999998
418.208,1964.0624999999998
418.262,1892.0624999999998
418.315,1913.3124999999998
418.369,1891.5625
418.422,1929.3124999999998
418.476,1937.5624999999998
418.529,1916.0624999999998
418.582,1898.0624999999998
418.636,1894.8124999999998
418.689,1937.0624999999998
418.743,1913.3124999999998
418.796,1950.5625
418.849,1954.0624999999998
418.903,1921.5624999999998
418.956,1934.8124999999998
419.009,1910.5625
419.063,1916.3124999999998
419.116,1901.5624999999998
419.169,1925.8124999999998
419.222,1904.3124999999998
419.276,1919.3124999999998
419.329,1900.5624999999998
419.382,1872.5624999999998
419.435,1883.8125
419.489,1884.8125
419.542,1923.5624999999998
419.595,1903.8124999999998
419.648,1911.3124999999998
419.701,1841.5624999999998
419.755,1876.3124999999998
419.808,1894.8124999999998
419.861,1904.5624999999998
419.914,1899.3124999999998
419.967,1905.3124999999998
420.02,1879.5625
420.073,1898.8124999999998
420.127,1903.8125
420.18,1898.5624999999998
420.233,1857.3124999999998
420.286,1867.3125
420.339,1933.3124999999998
420.392,1899.5624999999998
420.445,1832.8125
420.498,1862.8125
420.551,1866.8125
420.604,1891.0624999999998
420.657,1853.3125
420.71,1927.0624999999998
420.763,1888.5625
420.816,1832.0625
420.869,1833.5625
420.922,1886.0625
420.975,1904.0624999999998
421.028,1888.0625
421.081,1846.0625
421.134,1864.0625
421.187,1854.5625
421.239,1829.0625
421.292,1805.5625
421.345,1864.0625
421.398,1876.0624999999998
421.451,1878.5624999999998
421.504,1817.3125
421.557,1804.8125
421.609,1839.5625
421.662,1838.0625
421.715,1873.3125
421.768,1865.3125
421.821,1858.0624999999998
421.873,1842.8125
421.926,1853.0625
421.979,1848.3125
422.032,1857.0624999999998
422.084,1866.0625
422.137,1839.0625
422.19,1855.0625
422.243,1859.0625
422.295,1828.0625
422.348,1862.0625
422.401,1845.5624999999998
422.453,1896.5624999999998
422.506,1856.0624999999998
422.558,1831.5625
422.611,1879.0625
422.664,1867.8125
422.716,1844.3125
422.769,1828.0625
422.822,1838.3125
422.874,1819.5625
422.927,1871.8124999999998
422.979,1800.0625
423.032,1834.5625
423.084,1794.8125
423.137,1810.3125
423.189,1873.8124999999998
423.242,1811.0625
423.294,1812.3125
423.347,1788.0625
423.399,1802.0625
423.452,1869.0624999999998
423.504,1841.5625
423.557,1840.5625
423.609,1808.0625
423.662,1813.0625
423.714,1825.0625
423.766,1772.5625
423.819,1814.3125
423.871,1846.3125
423.923,1828.5625
423.976,1810.0625
424.028,1791.8125
424.081,1791.8125
424.133,1789.8125
424.185,1814.0625
424.238,1830.0625
424.29,1826.3125
424.342,1787.8125
424.394,1775.8125
424.447,1844.5625
424.499,1818.8125
424.551,1831.0625
424.603,1824.8125
424.656,1822.0625
424.708,1808.5625
424.76,1824.5625
424.812,1873.0625
424.864,1748.5625
424.917,1762.0625
424.969,1808.8125
425.021,1794.3125
425.073,1844.5624999999998
425.125,1795.3125
425.177,1779.5625
425.229,1850.3125
425.282,1802.3125
425.334,1831.8125
425.386,1797.8125
425.438,1773.5625
425.49,1806.3125
425.542,1804.8125
425.594,1760.3125
425.646,1767.5625
425.698,1788.3125
425.75,1800.8125
425.802,1788.8125
425.854,1800.5625
425.906,1797.8125
425.958,1776.0625
426.01,1784.0625
426.062,1786.0625
426.114,1788.3125
426.166,1798.8125
426.218,1779.0625
426.27,1792.0625
426.321,1776.8125
426.373,1748.8125
426.425,1807.0625
426.477,1723.3125
426.529,1792.0625
426.581,1769.3125
426.633,1775.0625
426.684,1747.5625
426.736,1785.8125
426.788,1755.3125
426.84,1727.5625
426.892,1796.5625
426.943,1788.3125
426.995,1748.3125
427.047,1758.5625
427.099,1777.8125
427.15,1792.5625
427.202,1780.3125
427.254,1708.3125
427.306,1760.3125
427.357,1771.5625
427.409,1782.3125
427.461,1728.5625
427.512,1757.8125
427.564,1758.5625
427.616,1742.5625
427.667,1773.3125
427.719,1729.3125
427.77,1751.8125
427.822,1776.0625
427.874,1743.5625
427.925,1753.3125
427.977,1726.0625
428.028,1758.3125
428.08,1749.5625
428.131,1764.3125
428.183,1707.5625
428.234,1747.5625
428.286,1744.3125
428.337,1728.3125
428.389,1752.0625
428.44,1751.8125
428.492,1745.8125
428.543,1713.0625
428.595,1721.8125
428.646,1741.3125
428.697,1721.8125
428.749,1762.5625
428.8,1766.5625
428.852,1721.8125
428.903,1768.3125
428.954,1735.8125
429.006,1702.3125
429.057,1726.5625
429.108,1724.0625
429.16,1684.8125
429.211,1728.8125
429.262,1676.8125
429.314,1723.3125
429.365,1728.5625
429.416,1694.0625
429.467,1696.8125
429.519,1676.0625
429.57,1668.5625
429.621,1720.5625
429.672,1696.5625
429.724,1645.0625
429.775,1689.0625
429.826,1695.8125
429.877,1698.8125
429.928,1672.8125
429.98,1684.5625
430.031,1691.8125
430.082,1681.3125
430.133,1690.5625
430.184,1720.8125
430.235,1713.3125
430.286,1707.5625
430.337,1684.3125
430.388,1654.8125
430.439,1710.0625
430.49,1692.3125
430.542,1666.3125
430.593,1691.0625
430.644,1677.0625
430.695,1671.5625
430.746,1699.3125
430.797,1682.5625
430.848,1669.0625
430.899,1671.0625
430.949,1648.3125
431.0,1671.3125
431.051,1723.3125
431.102,1676.3125
431.153,1657.0625
431.204,1688.0625
431.255,1664.0625
431.306,1721.0625
431.357,1702.0625
431.408,1690.0625
431.458,1680.5625
431.509,1653.5625
431.56,1672.5625
431.611,1680.5625
431.662,1681.0625
431.713,1668.5625
431.763,1687.3125
431.814,1672.3125
431.865,1689.3125
431.916,1679.5625
431.966,1667.0625
432.017,1692.3125
432.068,1705.8125
432.118,1713.8125
432.169,1694.3125
432.22,1704.0625
432.271,1655.8125
432.321,1696.8125
432.372,1692.8125
432.423,1663.5625
432.473,1706.0625
432.524,1711.5625
432.574,1690.0625
432.625,1641.5625
432.676,1626.5625
432.726,1718.5625
432.777,1626.0625
432.827,1666.5625
432.878,1665.3125
432.928,1680.8125
432.979,1677.3125
433.029,1671.8125
433.08,1679.8125
433.13,1655.0625
433.181,1704.3125
433.231,1705.3125
433.282,1667.5625
433.332,1674.3125
433.383,1685.5625
433.433,1688.5625
433.484,1692.8125
433.534,1701.8125
433.585,1683.8125
433.635,1696.8125
433.685,1687.0625
433.736,1708.5625
433.786,1658.5625
433.836,1711.5625
433.887,1731.0625
433.937,1737.0625
433.987,1668.8125
434.038,1704.8125
434.088,1707.8125
434.138,1722.0625
434.188,1713.5625
434.239,1706.3125
434.289,1742.0625
434.339,1702.0625
434.389,1696.5625
434.44,1684.5625
434.49,1737.3125
434.54,1731.5625
434.59,1710.5625
434.64,1684.8125
434.691,1717.3125
434.741,1738.0625
434.791,1731.8125
434.841,1722.3125
434.891,1777.3125
434.941,1722.5625
434.991,1752.5625
435.042,1704.5625
435.092,1726.3125
435.142,1676.8125
435.192,1675.8125
435.242,1682.8125
435.292,1690.8125
435.342,1713.0625
435.392,1694.0625
435.442,1696.0625
435.492,1690.8125
435.542,1682.5625
435.592,1680.8125
435.642,1682.0625
435.692,1654.5625
435.742,1736.0625
435.792,1668.3125
435.842,1683.5625
435.891,1669.0625
435.941,1649.5625
435.991,1709.8125
436.041,1705.3125
436.091,1724.8125
436.141,1662.3125
436.191,1666.3125
436.241,1644.8125
436.29,1688.8125
436.34,1679.0625
436.39,1640.0625
436.44,1659.3125
436.49,1635.3125
436.539,1652.3125
436.589,1649.3125
436.639,1695.0625
436.689,1650.3125
436.738,1672.8125
436.788,1649.5625
436.838,1657.3125
436.887,1657.8125
436.937,1645.5625
436.987,1605.5625
437.036,1661.8125
437.086,1652.3125
437.136,1704.3125
437.185,1696.3125
437.235,1731.5625
437.285,1668.0625
437.334,1625.5625
437.384,1631.0625
437.433,1670.8125
437.483,1719.3125
437.532,1694.0625
437.582,1684.8125
437.631,1683.8125
437.681,1717.5625
437.731,1673.3125
437.78,1640.0625
437.829,1617.5625
437.879,1642.0625
437.928,1605.5625
437.978,1665.5625
438.027,1713.0625
438.077,1651.8125
438.126,1702.5625
438.176,1653.3125
438.225,1690.8125
438.274,1682.0625
438.324,1659.3125
438.373,1620.3125
438.422,1625.3125
438.472,1626.0625
438.521,1621.8125
438.571,1672.8125
438.62,1665.5625
438.669,1680.5625
438.718,1711.5625
438.768,1681.0625
438.817,1629.5625
438.866,1613.3125
438.915,1647.5625
438.965,1644.3125
439.014,1676.0625
439.063,1675.0625
439.112,1625.0625
439.162,1686.8125
439.211,1683.5625
439.26,1645.8125
439.309,1647.5625
439.358,1675.0625
439.407,1733.0625
439.456,1688.0625
439.506,1670.8125
439.555,1700.8125
439.604,1708.0625
439.653,1691.0625
439.702,1664.5625
439.751,1612.8125
439.8,1658.8125
439.849,1661.0625
439.898,1622.5625
439.947,1628.3125
439.996,1689.0625
440.045,1655.8125
440.094,1630.3125
440.143,1684.5625
440.192,1718.3125
440.241,1681.8125
440.29,1680.0625
440.339,1668.3125
440.388,1659.3125
440.437,1694.0625
440.486,1683.3125
440.535,1719.5625
440.583,1665.8125
440.632,1708.3125
440.681,1675.5625
440.73,1718.3125
440.779,1738.3125
440.828,1662.3125
440.876,1665.3125
440.925,1693.0625
440.974,1694.3125
441.023,1703.5625
441.072,1701.5625
441.12,1752.3125
441.169,1736.0625
441.218,1712.0625
441.267,1738.0625
441.315,1697.0625
441.364,1683.5625
441.413,1652.5625
441.461,1652.0625
441.51,1742.0625
441.559,1734.0625
441.607,1718.8125
441.656,1742.8125
441.705,1802.0625
441.753,1749.5625
441.802,1734.5625
441.85,1736.0625
441.899,1717.3125
441.948,1731.5625
441.996,1704.3125
442.045,1729.0625
442.093,1709.8125
442.142,1763.0625
442.19,1760.0625
442.239,1771.0625
442.287,1745.0625
442.336,1719.8125
442.384,1717.5625
442.433,1796.5625
442.481,1780.5625
442.529,1755.5625
442.578,1724.0625
442.626,1701.0625
442.675,1748.8125
442.723,1712.3125
442.771,1753.0625
442.82,1764.3125
442.868,1746.3125
442.917,1706.5625
442.965,1719.8125
443.013,1717.5625
443.062,1745.3125
443.11,1723.3125
443.158,1740.8125
443.206,1720.8125
443.255,1751.0625
443.303,1715.3125
443.351,1725.0625
443.399,1712.3125
443.448,1730.0625
443.496,1776.5625
443.544,1711.8125
443.592,1788.5625
443.64,1823.0625
443.689,1756.0625
443.737,1836.8124999999998
443.785,1791.8125
443.833,1818.5625
443.881,1729.5625
443.929,1810.0625
443.977,1766.5625
444.025,1755.0625
444.074,1820.8125
444.122,1807.3125
444.17,1777.5625
444.218,1817.3125
444.266,1790.5625
444.314,1804.8125
444.362,1812.0625
444.41,1782.3125
444.458,1814.3125
444.506,1806.3125
444.554,1767.0625
444.602,1772.5625
444.65,1816.0625
444.698,1808.5625
444.746,1781.8125
444.793,1787.3125
444.841,1826.8125
444.889,1827.5625
444.937,1766.3125
444.985,1819.8125
445.033,1797.0625
445.081,1808.5625
445.129,1784.8125
445.176,1722.8125
445.224,1779.5625
445.272,1828.0625
445.32,1845.8125
445.368,1820.8125
445.415,1793.8125
445.463,1827.3125
445.511,1822.0625
445.559,1848.8125
445.606,1827.8125
445.654,1783.3125
445.702,1822.8125
445.749,1844.0625
445.797,1820.8125
445.845,1886.3124999999998
445.892,1844.3125
445.94,1835.8125
445.988,1868.5625
446.035,1821.0625
446.083,1809.5625
446.131,1814.8125
446.178,1852.5624999999998
446.226,1860.3125
446.273,1847.0625
446.321,1891.8124999999998
446.368,1837.0625
446.416,1799.8125
446.463,1844.3124999999998
446.511,1831.0625
446.558,1815.8124999999998
446.606,1875.5624999999998
446.653,1869.0624999999998
446.701,1901.8124999999998
446.748,1815.5625
446.796,1872.8124999999998
446.843,1911.5624999999998
446.891,1886.5624999999998
446.938,1916.3124999999998
446.985,1915.0624999999998
447.033,1931.8124999999998
447.08,1930.3124999999998
447.128,1909.8124999999998
447.175,1961.3124999999998
447.222,1928.5624999999998
447.27,2025.3125
447.317,1968.3124999999998
447.364,1980.3124999999998
447.411,2009.8125
447.459,1964.3124999999998
447.506,1928.0624999999998
447.553,2003.5625
447.601,2030.0625
447.648,2026.3125
447.695,2027.0625
447.742,2086.0625
447.789,2077.5625
447.837,2112.8125
447.884,2110.3125
447.931,2119.5625
447.978,2147.0625
448.025,2138.5625
448.072,2120.3125
448.12,2120.5625
448.167,2165.3125
448.214,2119.0625
448.261,2127.3125
448.308,2101.0625
448.355,2150.5625
448.402,2068.3125
448.449,2034.0625
448.496,1994.0624999999998
448.543,1958.8124999999998
448.59,2032.3125
448.637,1997.3125
448.684,1950.8124999999998
448.731,1965.0624999999998
448.778,1946.5624999999998
448.825,1949.3124999999998
448.872,1923.3124999999998
448.919,1960.8124999999998
448.966,2010.5624999999998
449.013,1926.8124999999998
449.06,1949.8125
449.107,1895.8124999999998
449.154,1935.0624999999998
449.2,1922.8124999999998
449.247,1876.8124999999998
449.294,1866.3124999999998
449.341,1918.8124999999998
449.388,1870.5624999999998
449.435,1900.0624999999998
449.481,1892.5624999999998
449.528,1881.5624999999998
449.575,1831.5624999999998
449.622,1879.8124999999998
449.668,1891.3124999999998
449.715,1915.0624999999998
449.762,1852.3124999999998
449.809,1870.8124999999998
449.855,1876.0625
449.902,1825.3125
449.949,1900.3124999999998
449.995,1892.3124999999998
450.042,1812.5625
450.089,1892.0624999999998
450.135,1864.3125
450.182,1828.8125
450.229,1824.0625
450.275,1846.0625
450.322,1845.3124999999998
450.368,1838.0625
450.415,1877.3124999999998
450.462,1884.3124999999998
450.508,1859.8125
450.555,1833.0625
450.601,1834.0625
450.648,1818.8125
450.694,1822.8125
450.741,1872.0624999999998
450.787,1810.5625
450.834,1806.5625
450.88,1808.5625
450.927,1807.0625
450.973,1810.5625
451.019,1797.8125
451.066,1775.8125
451.112,1789.3125
451.159,1761.0625
451.205,1778.3125
451.251,1799.5625
451.298,1851.3125
451.344,1832.0625
451.39,1821.5625
451.437,1827.3125
451.483,1817.5624999999998
451.529,1788.8125
451.576,1813.8125
451.622,1740.8125
451.668,1738.0625
451.714,1791.8125
451.761,1803.5625
451.807,1812.3125
451.853,1787.3125
451.899,1737.5625
451.945,1789.0625
451.992,1793.0625
452.038,1778.3125
452.084,1802.8125
452.13,1784.8125
452.176,1769.3125
452.222,1697.5625
452.268,1734.3125
452.315,1738.3125
452.361,1785.8125
452.407,1756.5625
452.453,1747.5625
452.499,1792.0625
452.545,1728.8125
452.591,1790.5625
452.637,1766.8125
452.683,1704.3125
452.729,1743.5625
452.775,1815.8125
452.821,1740.8125
452.867,1718.5625
452.913,1743.5625
452.959,1734.8125
453.005,1755.3125
453.051,1773.8125
453.097,1754.3125
453.142,1743.3125
453.188,1749.5625
453.234,1744.3125
453.28,1708.5625
453.326,1745.5625
453.372,1716.3125
453.418,1783.3125
453.463,1751.3125
453.509,1757.3125
453.555,1799.8125
453.601,1750.5625
453.647,1792.3125
453.692,1700.5625
453.738,1730.0625
453.784,1687.5625
453.829,1714.5625
453.875,1721.0625
453.921,1726.3125
453.967,1780.5625
454.012,1775.8125
454.058,1776.3125
454.104,1750.5625
454.149,1749.0625
454.195,1743.8125
454.24,1777.0625
454.286,1734.3125
454.332,1787.5625
454.377,1777.5625
454.423,1733.8125
454.468,1767.8125
454.514,1740.0625
454.559,1777.0625
454.605,1740.8125
454.65,1720.0625
454.696,1736.8125
454.741,1757.0625
454.787,1747.3125
454.832,1730.0625
454.878,1736.0625
454.923,1765.8125
454.969,1763.5625
455.014,1771.3125
455.06,1713.5625
455.105,1744.5625
455.15,1772.3125
455.196,1740.5625
455.241,1742.0625
455.286,1776.8125
455.332,1755.8125
455.377,1699.0625
455.422,1748.0625
455.468,1748.8125
455.513,1790.0625
455.558,1693.3125
455.604,1731.5625
455.649,1744.5625
455.694,1700.3125
455.739,1749.3125
455.785,1791.3125
455.83,1797.3125
455.875,1764.0625
455.92,1706.0625
455.965,1764.0625
456.01,1767.3125
456.056,1744.3125
456.101,1720.5625
456.146,1750.0625
456.191,1770.5625
456.236,1746.0625
456.281,1721.5625
456.326,1708.3125
456.371,1767.5625
456.416,1799.8125
456.461,1793.0625
456.506,1755.5625
456.552,1765.8125
456.597,1758.8125
456.642,1778.0625
456.687,1776.5625
456.732,1773.3125
456.776,1791.3125
456.821,1737.5625
456.866,1770.8125
456.911,1708.3125
456.956,1761.3125
457.001,1785.8125
457.046,1803.8125
457.091,1756.5625
457.136,1747.8125
457.181,1751.3125
457.225,1771.0625
457.27,1769.0625
457.315,1774.8125
457.36,1696.5625
457.405,1750.3125
457.45,1767.3125
457.494,1736.5625
457.539,1757.5625
457.584,1754.3125
457.629,1740.0625
457.673,1801.8125
457.718,1814.0625
457.763,1850.3125
457.807,1855.0625
457.852,1822.5625
457.897,1803.0625
457.941,1779.3125
457.986,1803.0625
458.031,1790.5625
458.075,1780.3125
458.12,1812.0625
458.165,1777.0625
458.209,1730.0625
458.254,1737.8125
458.298,1772.5625
458.343,1763.0625
458.387,1826.8125
458.432,1784.5625
458.476,1822.5625
458.521,1778.3125
458.565,1807.5625
458.61,1781.0625
458.654,1761.3125
458.699,1795.8125
458.743,1774.3125
458.788,1798.8125
458.832,1822.0625
458.877,1821.3125
458.921,1773.3125
458.965,1820.5625
459.01,1851.5625
459.054,1839.0625
459.098,1814.0625
459.143,1851.0625
459.187,1820.3125
459.231,1878.3125
459.276,1816.0625
459.32,1858.5625
459.364,1814.0625
459.409,1831.5625
459.453,1856.0625
459.497,1943.5624999999998
459.541,1837.5625
459.586,1851.5625
459.63,1854.0625
459.674,1875.8124999999998
459.718,1845.8125
459.762,1858.5624999999998
459.807,1864.8125
459.851,1881.0624999999998
459.895,1860.0624999999998
459.939,1872.5624999999998
459.983,1861.3125
460.027,1845.8125
460.071,1903.0624999999998
460.115,1871.5625
460.159,1886.8124999999998
460.204,1871.8125
460.248,1913.5625
460.292,1867.8125
460.336,1871.8124999999998
460.38,1871.0624999999998
460.424,1915.0624999999998
460.468,1953.5624999999998
460.512,1946.5624999999998
460.556,1917.0624999999998
460.6,1888.0625
460.643,1860.3125
460.687,1919.8124999999998
460.731,1864.5625
460.775,1911.5624999999998
460.819,1879.3125
460.863,1898.5625
460.907,1809.8125
460.951,1856.3125
460.995,1869.8125
461.038,1870.0624999999998
461.082,1937.3125
461.126,1890.0625
461.17,1869.8125
461.214,1888.5625
461.257,1924.0624999999998
461.301,1956.0624999999998
461.345,1907.0625
461.389,1902.8124999999998
461.432,1903.3124999999998
461.476,1882.0624999999998
461.52,1903.5624999999998
461.563,1892.0625
461.607,1878.8125
461.651,1873.3125
461.694,1846.0625
461.738,1888.3124999999998
461.782,1891.5624999999998
461.825,1936.5625
461.869,1931.3124999999998
461.913,1955.5624999999998
461.956,1931.8124999999998
462.0,1931.8124999999998
462.043,1934.5624999999998
462.087,1919.3124999999998
462.13,1907.3125
462.174,1975.3124999999998
462.217,1890.5625
462.261,1967.8124999999998
462.304,1958.5624999999998
462.348,1982.8125
462.391,1913.8124999999998
462.435,1961.5624999999998
462.478,1888.3124999999998
462.522,1959.3124999999998
462.565,1957.3124999999998
462.608,1955.8125
462.652,1940.0624999999998
462.695,2019.5625
462.739,1987.3125
462.782,2016.0624999999998
462.825,2011.0625
462.869,2007.5625
462.912,2012.8125
462.955,1916.5624999999998
462.998,1997.5625
463.042,2023.5625
463.085,1992.5625
463.128,1950.8124999999998
463.172,1864.3125
453.18,4865.38125
453.319,4941.63125
453.458,4991.88125
453.596,5054.63125
453.735,5117.88125
453.873,5143.88125
454.012,5097.38125
454.15,5193.38125
454.289,5228.13125
454.427,5291.88125
454.566,5351.88125
454.705,5392.38125
454.843,5394.88125
454.981,5472.38125
455.12,5537.63125
455.258,5603.63125
455.397,5567.38125
455.535,5704.38125
455.674,5680.63125
455.812,5755.63125
455.95,5860.88125
456.089,5893.13125
456.227,5919.38125
456.366,5991.13125
456.504,6003.63125
456.642,6120.38125
456.781,6007.88125
456.919,5922.63125
457.057,5907.88125
457.196,5911.63125
457.334,6012.38125
457.472,6031.13125
457.61,6101.13125
457.749,6185.88125
457.887,6500.13125
458.025,6568.13125
458.163,6625.38125
458.301,6651.38125
458.44,6627.63125
458.578,6759.38125
458.716,6798.13125
458.854,6828.38125
458.992,6820.63125
459.13,7022.63125
459.269,7048.88125
459.407,7154.88125
459.545,7158.13125
459.683,7192.13125
459.821,7203.88125
459.959,7289.13125
460.097,7372.63125
460.235,7383.38125
460.373,7451.88125
460.511,7390.88125
460.649,7547.13125
460.787,7532.13125
460.925,7597.13125
461.063,7647.13125
461.201,7663.13125
461.339,7783.38125
461.477,7760.63125
461.615,7791.13125
461.753,7920.88125
461.891,7868.88125
462.029,8049.38125
462.166,8073.63125
462.304,8176.63125
462.442,8240.88125
462.58,8362.63125
462.718,8309.88125
462.856,8353.13125
462.993,8236.13125
463.131,8185.13125
463.269,8322.13125
463.407,8283.88125
463.545,8316.38125
463.682,8288.88125
463.82,8372.38125
463.958,8590.38125
464.095,8683.63125
464.233,8737.13125
464.371,8737.88125
464.509,8684.63125
464.646,8656.13125
464.784,8676.13125
464.921,8593.88125
465.059,8590.38125
465.197,8453.88125
465.334,8417.38125
465.472,8380.13125
465.609,8380.63125
465.747,8247.88125
465.885,8254.38125
466.022,8250.63125
466.16,8228.38125
466.297,8219.63125
466.435,8236.88125
466.572,8175.88125
466.71,8264.88125
466.847,8215.13125
466.985,8178.63125
467.122,8292.38125
467.26,8123.38125
467.397,8129.13125
467.534,8184.13125
467.672,8183.13125
467.809,8155.38125
467.947,8143.38125
468.084,8192.88125
468.221,8176.38125
468.359,8204.13125
468.496,8225.88125
468.633,8224.38125
468.771,8234.13125
468.908,8249.38125
469.045,8293.13125
469.183,8210.63125
469.32,8307.88125
469.457,8373.38125
469.594,8402.13125
469.732,8420.38125
469.869,8440.38125
470.006,8480.38125
470.143,8614.13125
470.28,8497.88125
470.417,8694.13125
470.555,8585.38125
470.692,8608.88125
470.829,8633.88125
470.966,8625.88125
471.103,8547.38125
471.24,8501.63125
471.377,8522.88125
471.514,8511.13125
471.651,8505.63125
471.789,8536.13125
471.926,8452.63125
472.063,8465.38125
472.2,8476.63125
472.337,8428.13125
472.474,8364.88125
472.611,8469.63125
472.748,8436.13125
472.884,8519.63125
473.021,8444.38125
473.158,8429.38125
473.295,8465.63125
473.432,8427.38125
473.569,8448.38125
473.706,8406.13125
473.843,8414.88125
473.98,8338.63125
474.117,8404.13125
474.253,8463.38125
474.39,8401.13125
474.527,8482.38125
474.664,8486.63125
474.801,8416.88125
474.937,8487.63125
475.074,8526.38125
475.211,8504.63125
475.348,8537.13125
475.484,8524.13125
475.621,8536.63125
475.758,8504.63125
475.894,8623.88125
476.031,8560.88125
476.168,8549.38125
476.304,8616.13125
476.441,8605.13125
476.578,8586.63125
476.714,8637.63125
476.851,8663.13125
476.987,8766.88125
477.124,8759.13125
477.261,8759.13125
477.397,8771.13125
477.534,8814.88125
477.67,8847.88125
477.807,8868.88125
477.943,8959.88125
478.08,8961.38125
478.216,8975.88125
478.353,9029.13125
478.489,9056.38125
478.626,9108.13125
478.762,9227.63125
478.898,9294.38125
479.035,9293.88125
479.171,9182.38125
479.308,9133.88125
479.444,9158.88125
479.58,9171.88125
479.717,9303.63125
479.853,9198.13125
479.989,9261.88125
480.126,9213.13125
480.262,9288.63125
480.398,9342.38125
480.535,9283.38125
480.671,9295.38125
480.807,9267.38125
480.943,9236.13125
481.08,9265.63125
481.216,9224.63125
481.352,9249.38125
481.488,9280.63125
481.624,9114.38125
481.761,9150.63125
481.897,9147.63125
482.033,9166.88125
482.169,9195.88125
482.305,9157.63125
482.441,9093.63125
482.577,9116.63125
482.713,9188.88125
482.849,9135.38125
482.985,9198.13125
483.121,9193.63125
483.257,9171.13125
483.394,9132.13125
483.53,9170.38125
483.666,9157.38125
483.801,9166.63125
483.937,9174.88125
484.073,9228.38125
484.209,9303.88125
484.345,9350.38125
484.481,9275.13125
484.617,9240.88125
484.753,9277.38125
484.889,9305.13125
485.025,9266.13125
485.161,9252.38125
485.296,9233.63125
485.432,9351.88125
485.568,9302.38125
485.704,9376.38125
485.84,9286.88125
485.975,9392.63125
486.111,9296.88125
486.247,9393.38125
486.383,9276.13125
486.518,9248.38125
486.654,9292.38125
486.79,9359.13125
486.926,9315.63125
487.061,9333.13125
487.197,9357.38125
487.333,9317.13125
487.468,9286.38125
487.604,9385.13125
487.739,9321.63125
487.875,9374.13125
488.011,9352.88125
488.146,9426.63125
488.282,9401.13125
488.417,9379.88125
488.553,9312.63125
488.688,9400.38125
488.824,9404.63125
488.96,9312.88125
489.095,9411.63125
489.23,9401.13125
489.366,9475.63125
489.501,9411.13125
489.637,9461.13125
489.772,9418.13125
489.908,9455.38125
490.043,9512.38125
490.179,9467.88125
490.314,9396.63125
490.449,9438.38125
490.585,9487.38125
490.72,9479.63125
490.855,9521.88125
490.991,9498.88125
491.126,9475.13125
491.261,9496.13125
491.396,9421.63125
491.532,9461.63125
491.667,9481.38125
491.802,9520.88125
491.937,9557.88125
492.073,9642.38125
492.208,9528.63125
492.343,9570.88125
492.478,9612.13125
492.613,9587.13125
492.749,9598.63125
492.884,9497.38125
493.019,9576.38125
493.154,9541.88125
493.289,9491.38125
493.424,9635.63125
493.559,9485.13125
493.694,9544.13125
493.829,9599.13125
493.964,9606.63125
494.099,9586.13125
494.234,9536.38125
494.369,9574.88125
494.504,9516.13125
494.639,9609.88125
494.774,9628.88125
494.909,9602.38125
495.044,9589.13125
495.179,9546.38125
495.314,9597.13125
495.449,9592.38125
495.584,9607.63125
495.719,9679.38125
495.854,9614.88125
495.988,9575.88125
496.123,9651.88125
496.258,9736.63125
496.393,9766.38125
496.528,9799.38125
496.663,9767.38125
496.797,9844.63125
496.932,10003.63125
497.067,9914.63125
497.202,10036.881249999999
497.336,10077.381249999999
497.471,10203.631249999999
497.606,10438.131249999999
497.74,10411.131249999999
497.875,10575.881249999999
498.01,10622.381249999999
498.144,10813.131249999999
498.279,10903.881249999999
498.414,11005.881249999999
498.548,11061.381249999999
498.683,11106.881249999999
498.817,11310.631249999999
498.952,11258.881249999999
499.087,11474.131249999999
499.221,11739.381249999999
499.356,11870.631249999999
499.49,11961.631249999999
499.625,12190.881249999999
499.759,12364.881249999999
499.894,12463.381249999999
500.028,12753.381249999999
500.162,12880.381249999999
500.297,12834.381249999999
500.431,12926.131249999999
500.566,12937.381249999999
500.7,12785.381249999999
500.835,12782.881249999999
500.969,12456.381249999999
501.103,12336.131249999999
501.238,12158.131249999999
501.372,11949.131249999999
501.506,11758.881249999999
501.641,11489.131249999999
501.775,11346.881249999999
501.909,11132.631249999999
502.043,10984.881249999999
502.178,10948.381249999999
502.312,10653.381249999999
502.446,10678.631249999999
502.58,10476.631249999999
502.715,10341.381249999999
502.849,10305.881249999999
502.983,10209.131249999999
503.117,10069.131249999999
503.251,10003.631249999999
503.385,9851.381249999999
503.52,9666.63125
503.654,9715.131249999999
503.788,9666.88125
503.922,9458.63125
504.056,9465.88125
504.19,9369.88125
504.324,9419.38125
504.458,9272.38125
504.592,9260.13125
504.726,9024.88125
504.86,8965.38125
504.994,8891.38125
505.128,8881.13125
505.262,8793.88125
505.396,8668.38125
505.53,8599.38125
505.664,8527.63125
505.798,8435.38125
505.932,8402.63125
506.066,8380.88125
506.199,8329.88125
506.333,8266.88125
506.467,8234.63125
506.601,8139.13125
506.735,8107.63125
506.869,7977.13125
507.002,8035.38125
507.136,8081.13125
507.27,8005.88125
507.404,7923.13125
507.537,7812.38125
507.671,7885.13125
507.805,7838.63125
507.939,7834.88125
508.072,7744.88125
508.206,7723.13125
508.34,7760.13125
508.473,7616.38125
508.607,7687.88125
508.74,7581.13125
508.874,7564.88125
509.008,7608.88125
509.141,7591.63125
509.275,7488.88125
509.408,7486.38125
509.542,7492.38125
509.675,7542.38125
509.809,7459.13125
509.942,7493.88125
510.076,7374.63125
510.209,7392.38125
510.343,7329.38125
510.476,7391.38125
510.61,7328.38125
510.743,7338.63125
510.877,7316.63125
511.01,7258.38125
511.143,7294.63125
511.277,7325.38125
511.41,7223.63125
511.543,7230.38125
511.677,7218.63125
511.81,7252.13125
511.943,7323.13125
512.077,7294.13125
512.21,7159.63125
512.343,7227.13125
512.476,7263.88125
512.61,7214.13125
512.743,7231.88125
512.876,7316.63125
513.009,7285.88125
513.142,7162.88125
513.276,7211.13125
513.409,7239.38125
513.542,7216.13125
513.675,7203.38125
513.808,7144.88125
513.941,7178.63125
514.074,7215.13125
514.207,7258.88125
514.34,7225.88125
514.474,7220.88125
514.607,7245.88125
514.74,7296.13125
514.873,7340.38125
515.006,7366.13125
515.139,7326.13125
515.272,7536.13125
515.404,7549.38125
515.537,7601.63125
515.67,7525.88125
515.803,7601.38125
515.936,7637.38125
516.069,7627.13125
516.202,7809.63125
516.335,7981.13125
516.468,8370.38125
516.6,9747.88125
516.733,11978.131249999999
516.866,12260.631249999999
516.999,11246.38125
517.132,13387.631249999999
517.264,18033.88125
517.397,18101.88125
517.53,14317.131249999999
517.663,12145.381249999999
517.795,11200.631249999999
517.928,10687.38125
518.061,10955.13125
518.193,13879.881249999999
518.326,20597.88125
518.459,22502.13125
518.591,18026.88125
518.724,13987.131249999999
518.857,12086.381249999999
518.989,11023.88125
519.122,10212.38125
519.254,9677.88125
519.387,9179.38125
519.519,8858.88125
519.652,8588.63125
519.784,8387.88125
519.917,8127.13125
520.049,7951.13125
520.182,7873.88125
520.314,7720.13125
520.447,7660.13125
520.579,7587.63125
520.712,7468.38125
520.844,7497.88125
520.976,7263.38125
521.109,7269.38125
521.241,7144.13125
521.373,7096.13125
521.506,7036.63125
521.638,7082.88125
521.77,6977.88125
521.903,6948.13125
522.035,6878.88125
522.167,6815.13125
522.3,6838.63125
522.432,6755.13125
522.564,6730.38125
522.696,6709.63125
522.828,6656.38125
522.961,6636.13125
523.093,6619.13125
523.225,6641.13125
523.357,6640.63125
523.489,6618.88125
523.621,6551.38125
523.753,6473.38125
523.886,6417.88125
524.018,6376.63125
524.15,6447.38125
524.282,6438.88125
524.414,6450.88125
524.546,6372.38125
524.678,6330.38125
524.81,6256.13125
524.942,6286.63125
525.074,6264.88125
525.206,6270.13125
525.338,6227.38125
525.47,6180.38125
525.601,6174.63125
525.733,6151.88125
525.865,6182.38125
525.997,6111.13125
526.129,6118.88125
526.261,6119.13125
526.393,6094.38125
526.524,6067.88125
526.656,5973.88125
526.788,6060.63125
526.92,6001.38125
527.052,5956.13125
527.183,6026.13125
527.315,5935.88125
527.447,5970.63125
527.578,5974.63125
527.71,6016.88125
527.842,5878.38125
527.973,5965.63125
528.105,5883.63125
528.237,5919.38125
528.368,5919.13125
528.5,5954.13125
528.632,5925.13125
528.763,5881.13125
528.895,5820.13125
529.026,5901.13125
529.158,5799.38125
529.289,5827.38125
529.421,5934.13125
529.552,5904.38125
529.684,5917.38125
529.815,5946.63125
529.947,5833.38125
530.078,5851.13125
530.21,5813.63125
530.341,5864.13125
530.472,5797.63125
530.604,5824.63125
530.735,5855.88125
530.867,5865.13125
530.998,5900.88125
531.129,5872.63125
531.261,5914.63125
531.392,5878.13125
531.523,5900.38125
531.654,5858.13125
531.786,5978.63125
531.917,5947.13125
532.048,5905.38125
532.179,5929.88125
532.311,5883.13125
532.442,5838.63125
532.573,5862.13125
532.704,5796.63125
532.835,5883.63125
532.966,5839.38125
533.097,5856.63125
533.229,5832.38125
533.36,5825.13125
533.491,5822.63125
533.622,5815.38125
533.753,5767.63125
533.884,5794.38125
534.015,5798.38125
534.146,5809.63125
534.277,5859.38125
534.408,5889.88125
534.539,5866.63125
534.67,5786.13125
534.801,5740.88125
534.932,5729.88125
535.063,5657.38125
535.194,5777.13125
535.324,5734.38125
535.455,5772.88125
535.586,5742.63125
535.717,5632.13125
535.848,5735.88125
535.979,5706.63125
536.109,5706.88125
536.24,5687.38125
536.371,5701.13125
536.502,5673.63125
536.632,5592.63125
536.763,5658.88125
536.894,5675.63125
537.025,5602.13125
537.155,5671.13125
537.286,5618.63125
537.417,5679.13125
537.547,5607.38125
537.678,5580.63125
537.808,5605.88125
537.939,5640.88125
538.07,5604.88125
538.2,5638.63125
538.331,5600.13125
538.461,5587.63125
538.592,5668.38125
538.722,5648.13125
538.853,5604.13125
538.983,5624.88125
539.114,5659.63125
539.244,5597.63125
539.375,5605.38125
539.505,5580.88125
539.636,5598.88125
539.766,5587.13125
539.896,5593.63125
540.027,5612.38125
540.157,5634.13125
540.287,5658.13125
540.418,5706.88125
540.548,5642.13125
540.678,5687.88125
540.809,5697.13125
540.939,5681.38125
541.069,5695.38125
541.199,5626.38125
541.33,5711.38125
541.46,5680.88125
541.59,5699.13125
541.72,5625.13125
541.851,5703.13125
541.981,5737.63125
542.111,5768.63125
542.241,5724.63125
542.371,5783.88125
542.501,5828.88125
542.631,5905.88125
542.761,5917.88125
542.891,5925.13125
543.021,5909.13125
543.151,5953.13125
543.281,5890.13125
543.411,5851.13125
543.541,5784.38125
543.671,5889.88125
543.801,5760.38125
543.931,5823.63125
544.061,5799.38125
544.191,5871.63125
544.321,5853.13125
544.451,5831.88125
544.581,5882.38125
544.711,6002.88125
544.841,5918.63125
544.97,5932.63125
545.1,5996.13125
545.23,5977.38125
545.36,5956.38125
545.49,5967.38125
545.619,5930.63125
545.749,5911.38125
545.879,5820.88125
546.009,5837.88125
546.138,5790.13125
546.268,5881.63125
546.398,5768.38125
546.527,5840.38125
546.657,5796.88125
546.787,5856.88125
546.916,5898.63125
547.046,5833.88125
547.175,5770.63125
547.305,5774.13125
547.434,5818.38125
547.564,5784.38125
547.694,5827.88125
547.823,5759.88125
547.953,5829.38125
548.082,5878.38125
548.211,5740.88125
548.341,5818.38125
548.47,5802.38125
548.6,5839.63125
548.729,5714.63125
548.859,5827.38125
548.988,5811.38125
549.117,5734.88125
549.247,5889.13125
549.376,5842.88125
549.505,5883.38125
549.635,5882.63125
549.764,5805.88125
549.893,5855.13125
550.023,5896.88125
550.152,5876.63125
550.281,5890.63125
550.41,5966.38125
550.539,5934.38125
550.669,5948.13125
550.798,5941.13125
550.927,5969.13125
551.056,5945.13125
551.185,5898.13125
551.314,5944.13125
551.443,5943.38125
551.573,5969.88125
551.702,5946.63125
551.831,6023.38125
551.96,6028.38125
552.089,6082.88125
552.218,6061.13125
552.347,6109.13125
552.476,6128.63125
552.605,6087.63125
552.734,6228.88125
552.863,6408.38125
552.992,6407.88125
553.121,6395.13125
553.249,6342.63125
553.378,6285.38125
553.507,6236.63125
553.636,6232.38125
553.765,6161.38125
553.894,6141.13125
554.023,6121.63125
554.151,6153.63125
554.28,6108.38125
554.409,6002.88125
554.538,6109.13125
554.666,6148.13125
554.795,6014.13125
554.924,6003.88125
555.053,6044.38125
555.181,6026.88125
555.31,6016.38125
555.439,5991.13125
555.567,5981.88125
555.696,5974.38125
555.824,5950.38125
555.953,6013.88125
556.082,5992.88125
556.21,5883.63125
556.339,5915.13125
556.467,5923.38125
556.596,5936.13125
556.724,5873.63125
556.853,5906.88125
556.981,5894.88125
557.11,5916.88125
557.238,5866.38125
557.367,5860.63125
557.495,5926.38125
557.623,5864.38125
557.752,5816.38125
557.88,5906.88125
558.008,5907.38125
558.137,5889.63125
558.265,5971.88125
558.393,5983.13125
558.522,5935.13125
558.65,5959.38125
558.778,5873.63125
558.907,5948.13125
559.035,5974.88125
559.163,5990.38125
559.291,5897.13125
559.419,5995.63125
559.548,5974.13125
559.676,5998.13125
559.804,6049.88125
559.932,5981.38125
560.06,6046.13125
560.188,6046.88125
560.316,6103.13125
560.444,6019.63125
560.572,6114.38125
560.7,6112.63125
560.828,6087.13125
560.957,6152.38125
561.085,6155.13125
561.212,6170.38125
561.34,6177.63125
561.468,6232.63125
561.596,6255.13125
561.724,6182.13125
561.852,6231.63125
561.98,6257.38125
562.108,6267.13125
562.236,6224.88125
562.364,6273.38125
562.492,6361.13125
562.619,6396.38125
562.747,6353.38125
562.875,6403.13125
563.003,6471.63125
563.13,6522.38125
563.258,6441.63125
563.386,6546.63125
563.514,6576.13125
563.641,6670.63125
563.769,6654.13125
563.897,6672.63125
564.024,6744.38125
564.152,6806.88125
564.28,6818.63125
564.407,6891.88125
564.535,6892.63125
564.662,6956.63125
564.79,6982.38125
564.917,7063.13125
565.045,7074.88125
565.173,6978.13125
565.3,7203.13125
565.428,7225.63125
565.555,7235.63125
565.682,7320.13125
565.81,7431.38125
565.937,7494.13125
566.065,7566.63125
566.192,7659.13125
566.32,7725.38125
566.447,7878.13125
566.574,7909.63125
566.702,7960.13125
566.829,8027.88125
566.956,8088.88125
567.084,8151.63125
567.211,8254.13125
567.338,8187.38125
567.465,8180.63125
567.593,8257.13125
567.72,8170.63125
567.847,8222.88125
567.974,8220.38125
568.101,8446.13125
568.228,8928.38125
568.356,9110.13125
568.483,8985.13125
568.61,8987.38125
568.737,9471.63125
568.864,10250.131249999999
568.991,9932.881249999999
569.118,9346.38125
569.245,8871.63125
569.372,8694.13125
569.499,8404.88125
569.626,8262.38125
569.753,8159.38125
569.88,7994.63125
570.007,7838.88125
570.134,7770.63125
570.261,7701.13125
570.388,7629.63125
570.515,7543.38125
570.642,7544.38125
570.768,7472.38125
570.895,7397.63125
571.022,7386.63125
571.149,7343.38125
571.276,7256.13125
571.402,7249.63125
571.529,7180.13125
571.656,7116.63125
571.783,7148.13125
571.909,7059.88125
572.036,7028.13125
572.163,7045.38125
572.289,6982.13125
572.416,6952.88125
572.543,6975.38125
572.669,6897.38125
572.796,6946.13125
572.922,6910.88125
573.049,6856.63125
573.176,6892.88125
573.302,6907.88125
573.429,6877.88125
573.555,6897.38125
573.682,6811.88125
573.808,6761.38125
573.935,6834.13125
574.061,6782.63125
574.188,6745.13125
574.314,6711.88125
574.44,6777.13125
574.567,6738.13125
574.693,6697.38125
574.82,6698.13125
574.946,6780.88125
575.072,6719.38125
575.198,6721.88125
575.325,6701.13125
575.451,6778.88125
575.577,6762.88125
575.704,6692.63125
575.83,6731.38125
575.956,6621.88125
576.082,6706.63125
576.208,6696.88125
576.335,6643.13125
576.461,6665.13125
576.587,6636.63125
576.713,6579.38125
576.839,6604.38125
576.965,6618.88125
577.091,6600.88125
577.217,6705.63125
577.343,6647.13125
577.47,6675.13125
577.596,6653.13125
577.722,6606.38125
577.848,6649.63125
577.973,6600.88125
578.099,6582.38125
578.225,6672.13125
578.351,6646.63125
578.477,6680.13125
578.603,6708.63125
578.729,6703.63125
578.855,6655.13125
578.981,6749.13125
579.107,6715.88125
579.232,6713.63125
579.358,6654.38125
579.484,6728.88125
579.61,6818.38125
579.735,6797.38125
579.861,6836.13125
579.987,6813.38125
580.113,6869.88125
580.238,6751.38125
580.364,6856.63125
580.49,6833.38125
580.615,6906.13125
580.741,6865.88125
580.867,6912.13125
580.992,6934.63125
581.118,6939.38125
581.243,6964.88125
581.369,6946.63125
581.494,7003.13125
581.62,7057.63125
581.745,7056.63125
581.871,7098.88125
581.996,7128.13125
582.122,7247.38125
582.247,7219.63125
582.373,7339.38125
582.498,7369.13125
582.624,7403.88125
582.749,7424.13125
582.874,7458.13125
583.0,7515.38125
583.125,7530.38125
583.25,7625.63125
583.376,7755.38125
583.501,7735.38125
583.626,7749.38125
583.751,7812.13125
583.877,7893.63125
584.002,8083.88125
584.127,8104.63125
584.252,8119.88125
584.377,8190.88125
584.503,8352.13125
584.628,8464.38125
584.753,8588.13125
584.878,8648.38125
585.003,8735.88125
585.128,9052.88125
585.253,9539.881249999999
585.378,9476.881249999999
585.503,9245.88125
585.628,9362.631249999999
585.753,9513.631249999999
585.878,9736.881249999999
586.003,9928.131249999999
586.128,10204.631249999999
586.253,10384.631249999999
586.378,10516.881249999999
586.503,10879.881249999999
586.628,11082.381249999999
586.753,11459.631249999999
586.878,11914.631249999999
587.003,12431.381249999999
587.127,12924.631249999999
587.252,13320.131249999999
587.377,14067.631249999999
587.502,14789.881249999999
587.627,15701.881249999999
587.751,16649.63125
587.876,17809.88125
588.001,19253.6315
588.125,20905.1315
588.25,23044.1315
588.375,25873.881500000003
588.499,29399.3825
588.624,34406.6325
588.749,41319.132
588.873,47672.132
588.998,52246.382
589.122,55056.382
589.247,53497.882
589.372,49720.882
589.496,49847.882
589.621,51730.382
589.745,50822.132
589.87,44523.632
589.994,37160.632
590.118,32185.8825
590.243,28330.382
590.367,25360.381500000003
590.492,22897.1315
590.616,21149.6315
590.74,19657.8815
590.865,18403.63125
590.989,17267.88125
591.114,16349.881249999999
591.238,15559.381249999999
591.362,14911.631249999999
591.486,14344.381249999999
591.611,13785.381249999999
591.735,13311.381249999999
591.859,12862.381249999999
591.983,12495.381249999999
592.107,12035.131249999999
592.232,11769.131249999999
592.356,11589.131249999999
592.48,11321.381249999999
592.604,11055.381249999999
592.728,10761.381249999999
592.852,10563.381249999999
592.976,10381.881249999999
593.1,10244.381249999999
593.224,10217.881249999999
593.349,10008.381249999999
593.473,9804.631249999999
593.597,9747.631249999999
593.721,9589.881249999999
593.844,9434.131249999999
593.968,9446.881249999999
594.092,9203.881249999999
594.216,9153.131249999999
594.34,9083.13125
594.464,8931.38125
594.588,8845.13125
594.712,8723.13125
594.836,8580.88125
594.959,8537.38125
595.083,8445.88125
595.207,8417.38125
595.331,8149.38125
595.455,8215.38125
595.578,8134.63125
595.702,8059.13125
595.826,7946.13125
595.949,7875.63125
596.073,7855.13125
596.197,7779.88125
596.32,7776.38125
596.444,7721.13125
596.568,7568.63125
596.691,7557.38125
596.815,7528.13125
596.938,7412.63125
597.062,7338.88125
597.186,7330.13125
597.309,7316.13125
597.433,7316.63125
597.556,7201.63125
597.679,7219.38125
597.803,7215.38125
597.926,7190.13125
598.05,7133.13125
598.173,7078.63125
598.297,7058.38125
598.42,6967.38125
598.543,7037.38125
598.667,6942.13125
598.79,6917.13125
598.913,6951.88125
599.037,6829.38125
599.16,6790.63125
599.283,6858.38125
599.406,6725.13125
599.53,6704.13125
599.653,6724.63125
599.776,6719.13125
599.899,6727.13125
600.022,6637.63125
600.145,6632.38125
600.269,6667.13125
600.392,6642.88125
600.515,6631.38125
600.638,6598.13125
600.761,6667.38125
600.884,6544.38125
601.007,6581.88125
601.13,6548.38125
601.253,6565.88125
601.376,6466.88125
601.499,6384.38125
601.622,6427.63125
601.745,6384.38125
601.868,6439.63125
601.991,6411.63125
602.113,6400.38125
602.236,6319.13125
602.359,6290.88125
602.482,6342.13125
602.605,6348.63125
602.728,6335.63125
602.85,6303.38125
602.973,6233.63125
603.096,6252.38125
603.219,6209.63125
603.341,6231.13125
603.464,6244.13125
603.587,6256.13125
603.709,6110.38125
603.832,6203.63125
603.955,6096.13125
604.077,6149.63125
604.2,6115.13125
604.322,6034.88125
604.445,6059.13125
604.568,6016.88125
604.69,6008.63125
604.813,6047.13125
604.935,6070.13125
605.058,6021.88125
605.18,5984.88125
605.303,6026.13125
605.425,5998.38125
605.547,6001.38125
605.67,5974.63125
605.792,5929.88125
605.915,5940.88125
606.037,5925.63125
606.159,6000.88125
606.282,5906.63125
606.404,5946.88125
606.526,5971.63125
606.648,5890.13125
606.771,5913.38125
606.893,5822.63125
607.015,5882.38125
607.137,5833.63125
607.26,5802.88125
607.382,5869.88125
607.504,5873.63125
607.626,5844.38125
607.748,5927.38125
607.87,5837.88125
607.992,5849.13125
608.114,5871.13125
608.236,5859.63125
608.359,5883.13125
608.481,5783.63125
608.603,5821.13125
608.725,5812.63125
608.847,5864.63125
608.968,5875.38125
609.09,5835.38125
609.212,5799.38125
609.334,5821.63125
609.456,5887.63125
609.578,5840.13125
609.7,5758.88125
609.822,5754.88125
609.944,5781.88125
610.065,5753.13125
610.187,5785.13125
610.309,5852.13125
610.431,5808.63125
610.552,5796.38125
610.674,5729.88125
610.796,5769.88125
610.918,5689.88125
611.039,5729.13125
611.161,5698.63125
611.282,5749.13125
611.404,5728.63125
611.526,5727.13125
611.647,5720.38125
611.769,5673.88125
611.89,5715.88125
612.012,5693.88125
612.134,5732.38125
612.255,5679.88125
612.377,5678.38125
612.498,5645.38125
612.619,5624.38125
612.741,5659.88125
612.862,5666.38125
612.984,5670.88125
613.105,5673.13125
613.226,5679.38125
613.348,5734.38125
613.469,5729.38125
613.59,5671.63125
613.712,5723.88125
613.833,5657.88125
613.954,5774.38125
614.076,5725.63125
614.197,5719.63125
614.318,5797.38125
614.439,5679.38125
614.56,5707.88125
614.682,5775.63125
614.803,5725.13125
614.924,5683.63125
615.045,5778.63125
615.166,5776.13125
615.287,5905.63125
615.408,6154.63125
615.529,6225.13125
615.65,6076.13125
615.771,5920.88125
615.892,6039.63125
616.013,6433.13125
616.134,6669.88125
616.255,6535.38125
616.376,6194.63125
616.497,5923.13125
616.618,5864.88125
616.739,5852.38125
616.86,5790.88125
616.981,5720.13125
617.101,5703.38125
617.222,5692.88125
617.343,5673.38125
617.464,5648.88125
617.585,5599.88125
617.705,5603.13125
617.826,5647.13125
617.947,5529.63125
618.068,5538.13125
618.188,5519.63125
618.309,5506.13125
618.43,5484.88125
618.55,5431.13125
618.671,5469.63125
618.791,5413.13125
618.912,5474.88125
619.033,5367.63125
619.153,5416.88125
619.274,5397.63125
619.394,5419.38125
619.515,5400.88125
619.635,5369.38125
619.756,5401.13125
619.876,5405.63125
619.996,5442.38125
620.117,5416.63125
620.237,5459.13125
620.358,5421.38125
620.478,5356.38125
620.598,5403.38125
620.719,5444.13125
620.839,5365.13125
620.959,5386.13125
621.079,5345.88125
621.2,5326.13125
621.32,5369.13125
621.44,5327.38125
621.56,5287.88125
621.681,5360.13125
621.801,5360.88125
621.921,5353.88125
622.041,5367.38125
622.161,5348.13125
622.281,5379.88125
622.401,5373.88125
622.521,5397.88125
622.641,5414.13125
622.761,5343.13125
622.882,5355.63125
623.002,5334.13125
623.121,5331.38125
623.241,5430.38125
623.361,5322.38125
623.481,5337.88125
623.601,5315.88125
623.721,5326.88125
623.841,5331.13125
623.961,5311.63125
624.081,5260.13125
624.201,5243.38125
624.32,5253.63125
624.44,5252.63125
624.56,5236.63125
624.68,5249.38125
624.799,5226.88125
624.919,5277.13125
625.039,5235.63125
625.159,5172.88125
625.278,5180.38125
625.398,5163.88125
625.518,5216.88125
625.637,5188.63125
625.757,5134.38125
625.876,5161.38125
625.996,5195.38125
626.115,5165.13125
626.235,5200.13125
626.355,5146.63125
626.474,5141.38125
626.593,5121.38125
626.713,5105.38125
626.832,5194.88125
626.952,5164.13125
627.071,5185.13125
627.191,5078.38125
627.31,5157.38125
627.429,5107.38125
627.549,5098.63125
627.668,5110.38125
627.787,5075.63125
627.907,5109.88125
628.026,5053.88125
628.145,5035.63125
628.264,5006.38125
628.384,5029.63125
628.503,5038.13125
628.622,5024.88125
628.741,4981.88125
628.86,5050.88125
628.98,5014.88125
629.099,5030.88125
629.218,5049.38125
629.337,5016.38125
629.456,5022.13125
629.575,5045.88125
629.694,5061.88125
629.813,5046.63125
629.932,5010.88125
630.051,4944.88125
630.17,4993.88125
630.289,4988.63125
630.408,4822.88125
630.527,4962.38125
630.646,4992.13125
630.764,4935.13125
630.883,5001.63125
631.002,4890.38125
631.121,4882.63125
631.24,4991.63125
631.359,4939.38125
631.477,4907.88125
631.596,4985.63125
631.715,4968.13125
631.834,4902.63125
631.952,4911.63125
632.071,4937.38125
632.19,4923.13125
632.308,4938.13125
632.427,4880.63125
632.546,4845.13125
632.664,4922.13125
632.783,4917.38125
632.901,4879.88125
633.02,4898.13125
633.138,4862.13125
633.257,4965.63125
633.375,4870.38125
633.494,4944.88125
633.612,4955.88125
633.731,4894.13125
633.849,4935.13125
633.968,4887.63125
634.086,4851.88125
634.204,4920.63125
634.323,4870.38125
634.441,4839.88125
634.559,4787.63125
634.678,4798.38125
634.796,4829.13125
634.914,4834.63125
635.032,4846.38125
635.151,4787.13125
635.269,4814.13125
635.387,4790.88125
635.505,4779.88125
635.623,4768.13125
635.742,4733.88125
635.86,4822.38125
635.978,4777.88125
636.096,4779.38125
636.214,4776.38125
636.332,4750.38125
636.45,4825.38125
636.568,4838.88125
636.686,4762.88125
636.804,4748.13125
636.922,4714.38125
637.04,4768.63125
637.158,4729.63125
637.276,4765.63125
637.394,4779.38125
637.512,4727.13125
637.629,4770.63125
637.747,4770.63125
637.865,4804.63125
637.983,4727.13125
638.101,4689.38125
638.218,4653.63125
638.336,4747.63125
638.454,4689.63125
638.572,4715.38125
638.689,4671.13125
638.807,4726.63125
638.925,4693.63125
639.042,4730.13125
639.16,4675.13125
639.278,4672.63125
639.395,4705.38125
639.513,4713.63125
639.63,4682.38125
639.748,4652.63125
639.865,4677.88125
639.983,4712.88125
640.1,4648.13125
640.218,4700.13125
640.335,4697.88125
640.453,4678.13125
640.57,4749.13125
640.687,4709.38125
640.805,4670.63125
640.922,4735.13125
641.04,4687.88125
641.157,4637.38125
641.274,4667.63125
641.391,4722.13125
641.509,4656.38125
641.626,4649.13125
641.743,4646.63125
641.86,4739.13125
641.978,4617.88125
642.095,4597.63125
642.212,4625.88125
642.329,4643.88125
642.446,4626.88125
642.563,4683.13125
642.681,4673.63125
642.798,4667.88125
642.915,4701.63125
643.032,4702.63125
643.149,4681.13125
643.266,4666.63125
643.383,4713.13125
643.5,4629.13125
643.617,4690.63125
643.734,4669.38125
643.85,4666.13125
643.967,4719.38125
644.084,4715.63125
644.201,4634.63125
644.318,4650.63125
644.435,4671.88125
644.552,4741.88125
644.668,4731.13125
644.785,4752.88125
644.902,4693.63125
645.019,4708.38125
645.135,4720.38125
645.252,4740.88125
645.369,4785.63125
645.485,4737.63125
645.602,4756.63125
645.719,4716.38125
645.835,4825.63125
645.952,4773.13125
646.068,4743.13125
646.185,4753.63125
646.302,4816.38125
646.418,4830.13125
646.535,4842.38125
646.651,4823.38125
646.768,4782.63125
646.884,4793.38125
647.0,4879.38125
647.117,4806.88125
647.233,4847.63125
647.35,4866.13125
647.466,4866.88125
647.582,4855.38125
647.699,4927.13125
647.815,4849.38125
647.931,4889.38125
648.047,4829.88125
648.164,4882.38125
648.28,4948.38125
648.396,4929.63125
648.512,4931.63125
648.629,4913.38125
648.745,4893.13125
648.861,4961.38125
648.977,4984.63125
649.093,4953.38125
649.209,4978.13125
649.325,4984.63125
649.441,5013.63125
649.557,5026.13125
649.673,5034.88125
649.789,5042.88125
649.905,4988.88125
650.021,5071.13125
650.137,5007.88125
650.253,5069.63125
650.369,5009.13125
650.485,5016.63125
650.601,5116.88125
650.717,5079.63125
650.833,5131.13125
650.948,5053.88125
651.064,5066.88125
651.18,5133.63125
651.296,5129.63125
651.411,5132.88125
651.527,5156.38125
651.643,5198.38125
651.759,5220.38125
651.874,5232.13125
651.99,5263.38125
652.105,5155.63125
652.221,5261.38125
652.337,5286.88125
652.452,5322.38125
652.568,5351.38125
652.683,5333.63125
652.799,5337.88125
652.914,5334.63125
653.03,5444.88125
653.145,5434.88125
653.261,5487.63125
653.376,5506.63125
653.492,5574.63125
653.607,5595.88125
653.722,5647.63125
653.838,5736.88125
653.953,5683.63125
654.068,5746.38125
654.184,5850.88125
654.299,5915.63125
654.414,5908.88125
654.53,6004.63125
654.645,6047.38125
654.76,6113.88125
654.875,6152.63125
654.99,6300.38125
655.106,6389.63125
655.221,6458.88125
655.336,6496.13125
655.451,6565.38125
655.566,6761.88125
655.681,6871.13125
655.796,7002.13125
655.911,7084.88125
656.026,7303.88125
656.141,7464.38125
656.256,7575.13125
656.371,7644.88125
656.486,7623.38125
656.601,7594.88125
656.716,7559.63125
656.831,7463.13125
656.946,7362.63125
657.06,7269.38125
657.175,7118.38125
657.29,7117.13125
657.405,7138.13125
657.52,6963.13125
657.634,6909.88125
657.749,6782.38125
657.864,6660.38125
657.979,6552.88125
658.093,6551.63125
658.208,6509.13125
658.323,6359.88125
658.437,6397.63125
658.552,6386.88125
658.666,6302.38125
658.781,6145.88125
658.895,6063.13125
659.01,6084.13125
659.125,6041.88125
659.239,5899.88125
659.353,5912.88125
659.468,5822.88125
659.582,5864.88125
659.697,5795.88125
659.811,5729.63125
659.926,5633.38125
660.04,5625.38125
660.154,5614.88125
660.269,5630.88125
660.383,5567.38125
660.497,5596.13125
660.612,5507.38125
660.726,5515.38125
660.84,5470.13125
660.954,5454.13125
661.068,5353.38125
661.183,5318.13125
661.297,5303.88125
661.411,5290.88125
661.525,5340.38125
661.639,5193.63125
661.753,5207.38125
661.867,5160.88125
661.981,5135.63125
662.095,5105.13125
662.209,5096.63125
662.323,5080.38125
662.437,4998.13125
662.551,4968.13125
662.665,5029.38125
662.779,4976.63125
662.893,4992.63125
663.007,4916.38125
663.121,4891.63125
663.235,4864.13125
663.348,4826.63125
663.462,4837.38125
663.576,4776.13125
663.69,4824.13125
663.804,4746.88125
663.917,4747.13125
664.031,4715.38125
664.145,4702.38125
664.258,4700.13125
664.372,4642.13125
664.486,4675.63125
664.599,4664.88125
664.713,4712.88125
664.827,4610.38125
664.94,4636.13125
665.054,4570.63125
665.167,4570.63125
665.281,4638.13125
665.394,4509.63125
665.508,4447.63125
665.621,4498.63125
665.735,4528.63125
665.848,4529.88125
665.961,4513.38125
666.075,4479.63125
666.188,4486.63125
666.301,4458.63125
666.415,4424.13125
666.528,4461.88125
666.641,4385.13125
666.755,4420.13125
666.868,4397.88125
666.981,4429.38125
667.094,4394.38125
667.207,4362.38125
667.321,4264.88125
667.434,4314.38125
667.547,4379.38125
667.66,4283.88125
667.773,4265.13125
667.886,4244.13125
667.999,4253.13125
668.112,4237.13125
668.225,4275.13125
668.338,4232.38125
668.451,4201.38125
668.564,4226.63125
668.677,4161.88125
668.79,4176.88125
668.903,4217.13125
669.016,4168.88125
669.129,4164.63125
669.242,4136.63125
669.355,4148.13125
669.467,4169.88125
669.58,4153.38125
669.693,4124.13125
669.806,4087.13125
669.918,4100.13125
670.031,4090.63125
670.144,4107.63125
670.256,4043.88125
670.369,4080.38125
670.482,4086.88125
670.594,4045.63125
670.707,4078.13125
670.82,4023.38125
670.932,3992.88125
671.045,4082.13125
671.157,4031.63125
671.27,4057.13125
671.382,3994.13125
671.495,3973.1312500000004
671.607,4049.38125
671.72,3982.63125
671.832,3970.8812500000004
671.944,4029.88125
672.057,3979.38125
672.169,3977.13125
672.282,4026.88125
672.394,3983.38125
672.506,3992.1312500000004
672.618,4001.63125
672.731,3933.38125
672.843,3969.3812500000004
672.955,3996.88125
673.067,3974.3812500000004
673.18,3957.88125
673.292,3921.1312500000004
673.404,3882.8812500000004
673.516,3866.1312500000004
673.628,3896.8812500000004
673.74,3851.8812500000004
673.852,3899.1312500000004
673.964,3918.1312500000004
674.076,3914.8812500000004
674.188,3885.6312500000004
674.3,3871.8812500000004
674.412,3845.6312500000004
674.524,3931.3812500000004
674.636,3877.3812500000004
674.748,3849.1312500000004
674.86,3862.1312500000004
674.972,3850.6312500000004
675.084,3837.3812500000004
675.196,3859.1312500000004
675.307,3842.8812500000004
675.419,3826.3812500000004
675.531,3932.6312500000004
675.643,3822.6312500000004
675.755,3835.3812500000004
675.866,3870.1312500000004
675.978,3793.3812500000004
676.09,3820.3812500000004
676.201,3819.6312500000004
676.313,3772.1312500000004
676.425,3777.8812500000004
676.536,3793.6312500000004
676.648,3783.6312500000004
676.759,3791.8812500000004
676.871,3801.8812500000004
676.983,3835.3812500000004
677.094,3753.1312500000004
677.206,3741.1312500000004
677.317,3713.3812500000004
677.429,3727.8812500000004
677.54,3742.3812500000004
677.651,3762.6312500000004
677.763,3680.3812500000004
677.874,3736.1312500000004
677.986,3728.6312500000004
678.097,3721.8812500000004
678.208,3743.6312500000004
678.32,3752.6312500000004
678.431,3678.3812500000004
678.542,3728.6312500000004
678.653,3700.6312500000004
678.765,3679.8812500000004
678.876,3671.1312500000004
678.987,3634.1312500000004
679.098,3669.6312500000004
679.209,3687.1312500000004
679.32,3644.8812500000004
679.432,3647.3812500000004
679.543,3639.3812500000004
679.654,3682.8812500000004
679.765,3658.1312500000004
679.876,3657.3812500000004
679.987,3637.3812500000004
680.098,3694.8812500000004
680.209,3617.1312500000004
680.32,3635.8812500000004
680.431,3646.6312500000004
680.542,3663.1312500000004
680.653,3659.6312500000004
680.763,3589.6312500000004
680.874,3610.6312500000004
680.985,3590.1312500000004
681.096,3629.1312500000004
681.207,3600.1312500000004
681.318,3612.6312500000004
681.428,3556.6312500000004
681.539,3578.3812500000004
681.65,3622.1312500000004
681.761,3660.8812500000004
681.871,3578.8812500000004
681.982,3574.3812500000004
682.093,3599.1312500000004
682.203,3605.8812500000004
682.314,3606.6312500000004
682.424,3607.6312500000004
682.535,3626.3812500000004
682.645,3664.8812500000004
682.756,3637.1312500000004
682.867,3616.3812500000004
682.977,3533.1312500000004
683.087,3579.3812500000004
683.198,3544.6312500000004
683.308,3584.6312500000004
683.419,3593.1312500000004
683.529,3571.6312500000004
683.64,3605.1312500000004
683.75,3548.6312500000004
683.86,3527.6312500000004
683.971,3616.8812500000004
684.081,3584.6312500000004
684.191,3572.3812500000004
684.301,3533.6312500000004
684.412,3540.8812500000004
684.522,3566.3812500000004
684.632,3542.6312500000004
684.742,3570.3812500000004
684.852,3479.1312500000004
684.963,3586.1312500000004
685.073,3538.8812500000004
685.183,3580.6312500000004
685.293,3517.1312500000004
685.403,3544.8812500000004
685.513,3613.8812500000004
685.623,3537.3812500000004
685.733,3593.6312500000004
685.843,3571.8812500000004
685.953,3547.6312500000004
686.063,3510.1312500000004
686.173,3558.1312500000004
686.283,3552.1312500000004
686.393,3544.3812500000004
686.503,3624.1312500000004
686.612,3550.8812500000004
686.722,3561.8812500000004
686.832,3562.8812500000004
686.942,3576.6312500000004
687.052,3566.6312500000004
687.161,3579.6312500000004
687.271,3573.3812500000004
687.381,3530.6312500000004
687.491,3584.6312500000004
687.6,3512.1312500000004
687.71,3508.6312500000004
687.82,3493.6312500000004
687.929,3528.8812500000004
688.039,3575.8812500000004
688.148,3549.8812500000004
688.258,3525.1312500000004
688.367,3520.3812500000004
688.477,3465.1312500000004
688.586,3498.3812500000004
688.696,3514.1312500000004
688.805,3515.8812500000004
688.915,3499.1312500000004
689.024,3508.8812500000004
689.134,3516.6312500000004
689.243,3428.3812500000004
689.352,3510.8812500000004
689.462,3463.8812500000004
689.571,3465.3812500000004
689.68,3525.8812500000004
689.79,3443.1312500000004
689.899,3471.1312500000004
690.008,3513.8812500000004
690.117,3484.1312500000004
690.227,3485.1312500000004
690.336,3462.8812500000004
690.445,3492.3812500000004
690.554,3496.8812500000004
690.663,3472.3812500000004
690.772,3475.1312500000004
690.881,3499.3812500000004
690.99,3437.8812500000004
691.1,3503.3812500000004
691.209,3481.8812500000004
691.318,3491.3812500000004
691.427,3451.3812500000004
691.535,3503.3812500000004
691.644,3443.3812500000004
691.753,3410.1312500000004
691.862,3494.3812500000004
691.971,3474.6312500000004
692.08,3495.6312500000004
692.189,3476.3812500000004
692.298,3486.3812500000004
692.407,3478.6312500000004
692.515,3479.1312500000004
692.624,3442.1312500000004
692.733,3460.6312500000004
692.842,3518.3812500000004
692.95,3448.3812500000004
693.059,3443.6312500000004
693.168,3511.3812500000004
693.276,3489.6312500000004
693.385,3459.6312500000004
693.494,3482.8812500000004
693.602,3464.1312500000004
693.711,3446.6312500000004
693.819,3488.1312500000004
693.928,3460.6312500000004
694.036,3421.6312500000004
694.145,3491.8812500000004
694.253,3514.1312500000004
694.362,3490.8812500000004
694.47,3504.1312500000004
694.579,3464.6312500000004
694.687,3538.3812500000004
694.795,3474.1312500000004
694.904,3425.3812500000004
695.012,3448.8812500000004
695.12,3493.1312500000004
695.229,3501.3812500000004
695.337,3457.8812500000004
695.445,3489.1312500000004
695.553,3484.6312500000004
695.662,3459.8812500000004
695.77,3481.6312500000004
695.878,3473.6312500000004
695.986,3501.1312500000004
696.094,3459.6312500000004
696.202,3478.3812500000004
696.31,3518.1312500000004
696.419,3464.6312500000004
696.527,3474.8812500000004
696.635,3474.6312500000004
696.743,3518.3812500000004
696.851,3475.3812500000004
696.959,3511.6312500000004
697.067,3460.6312500000004
697.174,3442.6312500000004
697.282,3404.3812500000004
697.39,3484.6312500000004
697.498,3464.1312500000004
697.606,3486.6312500000004
697.714,3457.6312500000004
697.822,3529.1312500000004
697.929,3438.3812500000004
698.037,3464.1312500000004
698.145,3402.6312500000004
698.253,3448.6312500000004
698.36,3500.3812500000004
698.468,3491.6312500000004
698.576,3510.8812500000004
698.683,3548.1312500000004
698.791,3511.6312500000004
698.899,3493.1312500000004
699.006,3513.1312500000004
699.114,3498.8812500000004
699.221,3462.6312500000004
699.329,3534.6312500000004
699.436,3503.8812500000004
699.544,3485.3812500000004
699.651,3479.3812500000004
699.759,3482.1312500000004
699.866,3480.6312500000004
699.974,3443.8812500000004
700.081,3447.1312500000004
700.188,3560.1312500000004
700.296,3476.3812500000004
700.403,3479.1312500000004
700.51,3481.1312500000004
700.618,3489.3812500000004
700.725,3436.3812500000004
700.832,3452.6312500000004
700.94,3497.3812500000004
701.047,3432.8812500000004
701.154,3472.6312500000004
701.261,3443.8812500000004
701.368,3481.1312500000004
701.475,3469.8812500000004
701.582,3478.1312500000004
701.69,3446.6312500000004
701.797,3534.6312500000004
701.904,3514.3812500000004
702.011,3498.8812500000004
702.118,3529.8812500000004
702.225,3520.3812500000004
702.332,3491.6312500000004
702.439,3418.6312500000004
702.546,3521.1312500000004
702.652,3434.6312500000004
702.759,3496.6312500000004
702.866,3420.6312500000004
702.973,3446.6312500000004
703.08,3525.3812500000004
703.187,3481.1312500000004
703.293,3536.1312500000004
703.4,3267.1312500000004
694.693,1752.4875
694.893,1939.7375
695.093,1939.4875
695.293,1965.4875
695.492,2005.9875
695.692,1931.7375
695.891,1989.4875
696.091,2027.2375
696.291,1976.9875
696.49,1989.4875
696.69,1990.4875
696.889,1986.9875
697.089,2025.7375
697.288,2075.7375
697.488,2062.9875
697.687,2022.4875
697.887,2007.9875
698.086,2077.9875
698.286,2021.7375
698.485,2038.9875
698.684,2043.7375
698.884,2040.4875
699.083,2047.4875
699.282,2029.2375
699.482,2052.4875
699.681,2063.4875
699.88,2081.2375
700.08,2092.2375
700.279,2086.4875
700.478,2084.7375
700.677,2090.2375
700.877,2110.4875
701.076,2161.7375
701.275,2097.4875
701.474,2089.7375
701.673,2093.2375
701.872,2173.4875
702.071,2092.2375
702.271,2152.2375
702.47,2163.9875
702.669,2124.2375
702.868,2173.4875
703.067,2170.7375
703.266,2177.2375
703.465,2196.9875
703.664,2186.9875
703.863,2260.9875
704.062,2216.9875
704.26,2187.9875
704.459,2196.2375
704.658,2212.4875
704.857,2196.4875
705.056,2218.9875
705.255,2207.4875
705.454,2198.9875
705.652,2239.2375
705.851,2217.2375
706.05,2251.9875
706.249,2231.4875
706.447,2235.4875
706.646,2289.9875
706.845,2272.9875
707.043,2267.4875
707.242,2284.2375
707.441,2348.2375
707.639,2323.4875
707.838,2285.9875
708.037,2332.7375
708.235,2289.2375
708.434,2353.4875
708.632,2324.9875
708.831,2365.7375
709.029,2328.4875
709.228,2332.4875
709.426,2368.7375
709.625,2364.4875
709.823,2349.9875
710.022,2387.7375
710.22,2378.2375
710.418,2442.9875
710.617,2408.7375
710.815,2388.7375
711.013,2429.4875
711.212,2394.4875
711.41,2433.4875
711.608,2464.2375
711.807,2467.2375
712.005,2442.4875
712.203,2401.7375
712.401,2506.9875
712.599,2469.2375
712.798,2539.9875
712.996,2454.7375
713.194,2497.9875
713.392,2507.9875
713.59,2548.4875
713.788,2546.9875
713.986,2597.9875
714.184,2534.9875
714.382,2575.9875
714.58,2583.2375
714.778,2654.4875
714.976,2645.4875
715.174,2670.4875
715.372,2735.9875
715.57,2739.7375
715.768,2877.2375
715.966,2918.7375
716.164,2898.2375
716.362,2891.4875
716.56,2912.4875
716.758,2852.2375
716.955,2788.7375
717.153,2795.7375
717.351,2843.2375
717.549,2787.7375
717.746,2766.9875
717.944,2819.7375
718.142,2829.4875
718.34,2769.9875
718.537,2771.4875
718.735,2794.9875
718.933,2778.2375
719.13,2798.4875
719.328,2816.4875
719.525,2818.7375
719.723,2787.9875
719.92,2785.2375
720.118,2780.7375
720.316,2795.7375
720.513,2809.9875
720.711,2809.7375
720.908,2784.2375
721.105,2815.9875
721.303,2822.7375
721.5,2842.7375
721.698,2812.9875
721.895,2809.4875
722.092,2857.2375
722.29,2859.4875
722.487,2858.2375
722.684,2837.4875
722.882,2844.7375
723.079,2849.9875
723.276,2848.7375
723.473,2851.4875
723.671,2825.4875
723.868,2811.4875
724.065,2907.9875
724.262,2891.2375
724.459,2864.4875
724.656,2906.7375
724.854,2894.7375
725.051,2907.4875
725.248,2939.4875
725.445,2941.4875
725.642,2913.9875
725.839,2972.4875
726.036,2963.4875
726.233,2898.2375
726.43,2965.9875
726.627,2959.4875
726.824,2961.2375
727.021,2974.2375
727.218,3008.7375
727.414,3008.7375
727.611,2982.7375
727.808,2962.2375
728.005,2992.4875
728.202,3053.2375
728.399,2999.9875
728.595,2991.7375
728.792,2981.4875
728.989,2998.2375
729.186,2994.9875
729.382,3093.4875
729.579,3062.2375
729.776,3092.2375
729.972,3075.9875
730.169,3184.4875
730.366,3075.4875
730.562,3080.2375
730.759,3051.9875
730.955,3112.9875
731.152,3085.9875
731.348,3159.7375
731.545,3115.7375
731.741,3133.9875
731.938,3179.9875
732.134,3111.4875
732.331,3117.7375
732.527,3138.4875
732.724,3200.2375
732.92,3154.7375
733.116,3193.7375
733.313,3165.2375
733.509,3187.7375
733.705,3280.4875
733.902,3185.9875
734.098,3160.7375
734.294,3202.9875
734.49,3291.2375
734.687,3255.7375
734.883,3241.2375
735.079,3247.9875
735.275,3277.4875
735.471,3276.7375
735.667,3319.7375
735.863,3277.2375
736.06,3321.4875
736.256,3309.2375
736.452,3303.7375
736.648,3307.2375
736.844,3339.9875
737.04,3417.2375
737.236,3355.4875
737.432,3389.2375
737.628,3447.9875
737.824,3410.9875
738.019,3360.2375
738.215,3431.2375
738.411,3464.4875
738.607,3390.4875
738.803,3348.2375
738.999,3522.4875
739.195,3461.2375
739.39,3552.2375
739.586,3497.7375
739.782,3570.9875
739.978,3502.7375
740.173,3504.2375
740.369,3564.7375
740.565,3606.4875
740.76,3700.9875
740.956,3654.7375
741.152,3654.2375
741.347,3644.9875
741.543,3681.2375
741.738,3744.2375
741.934,3825.7375
742.129,3924.9875
742.325,4168.4875
742.52,4285.2375
742.716,4280.9875
742.911,4133.7375
743.107,4172.4875
743.302,4109.9875
743.498,4197.7375
743.693,4258.4875
743.888,4408.7375
744.084,4696.2375
744.279,5029.4875
744.474,5106.4875
744.67,4896.7375
744.865,4728.2375
745.06,4620.7375
745.255,4602.4875
745.451,4514.2375
745.646,4525.4875
745.841,4540.4875
746.036,4558.9875
746.231,4584.7375
746.426,4734.2375
746.622,5156.2375
746.817,5777.9875
747.012,6140.9875
747.207,5950.7375
747.402,5576.2375
747.597,5367.9875
747.792,5222.4875
747.987,5112.4875
748.182,5003.7375
748.377,4934.9875
748.572,4879.4875
748.767,4725.2375
748.961,4644.9875
749.156,4639.7375
749.351,4611.2375
749.546,4520.7375
749.741,4494.4875
749.936,4479.2375
750.13,4411.4875
750.325,4394.7375
750.52,4398.2375
750.715,4390.7375
750.909,4404.2375
751.104,4314.7375
751.299,4364.2375
751.493,4319.4875
751.688,4330.2375
751.882,4288.4875
752.077,4241.7375
752.272,4290.2375
752.466,4294.2375
752.661,4287.9875
752.855,4167.4875
753.05,4204.4875
753.244,4222.4875
753.439,4184.2375
753.633,4221.9875
753.827,4225.2375
754.022,4195.7375
754.216,4135.9875
754.411,4191.2375
754.605,4189.7375
754.799,4199.9875
754.994,4209.7375
755.188,4186.4875
755.382,4190.4875
755.576,4170.9875
755.771,4171.2375
755.965,4227.9875
756.159,4196.2375
756.353,4186.7375
756.547,4170.9875
756.742,4181.2375
756.936,4212.2375
757.13,4191.7375
757.324,4190.2375
757.518,4232.9875
757.712,4241.7375
757.906,4210.9875
758.1,4220.2375
758.294,4242.9875
758.488,4263.4875
758.682,4247.9875
758.876,4180.9875
759.07,4239.4875
759.264,4255.9875
759.457,4197.7375
759.651,4202.9875
759.845,4251.2375
760.039,4243.7375
760.233,4265.9875
760.427,4236.7375
760.62,4312.4875
760.814,4244.4875
761.008,4348.9875
761.202,4263.4875
761.395,4333.2375
761.589,4272.4875
761.783,4304.7375
761.976,4308.9875
762.17,4311.2375
762.363,4345.7375
762.557,4363.7375
762.75,4364.9875
762.944,4377.2375
763.138,4361.4875
763.331,4385.4875
763.524,4455.9875
763.718,4405.7375
763.911,4407.4875
764.105,4409.2375
764.298,4394.4875
764.492,4393.4875
764.685,4397.9875
764.878,4481.2375
765.072,4517.4875
765.265,4534.2375
765.458,4517.4875
765.651,4600.2375
765.845,4634.4875
766.038,4845.7375
766.231,6128.2375
766.424,8646.2375
766.618,8075.4875
766.811,5503.7375
767.004,4853.7375
767.197,4756.4875
767.39,4624.7375
767.583,4668.9875
767.776,4561.2375
767.969,4617.2375
768.162,4684.4875
768.355,4650.7375
768.548,4758.7375
768.741,4683.4875
768.934,4782.7375
769.127,4820.2375
769.32,4841.4875
769.513,5066.7375
769.706,6613.7375
769.898,7860.2375
770.091,6575.7375
770.284,5155.2375
770.477,5025.9875
770.67,5001.2375
770.862,4899.7375
771.055,5021.9875
771.248,4982.9875
771.441,5042.4875
771.633,5086.9875
771.826,5179.2375
772.018,5174.7375
772.211,5137.9875
772.404,5234.9875
772.596,5227.9875
772.789,5278.9875
772.981,5443.4875
773.174,5356.4875
773.366,5498.9875
773.559,5518.4875
773.751,5564.4875
773.944,5694.4875
774.136,5761.7375
774.329,5837.9875
774.521,5969.4875
774.713,6150.7375
774.906,6254.9875
775.098,6472.4875
775.29,6759.4875
775.483,6911.2375
775.675,7264.2375
775.867,7674.4875
776.059,8167.7375
776.251,8729.2375
776.444,9610.9875
776.636,10923.2375
776.828,12995.2375
777.02,17034.98725
777.212,21730.98725
777.404,23637.48725
777.596,21755.98725
777.788,17714.48725
777.98,14573.9875
778.172,12622.9875
778.364,11214.2375
778.556,10324.9875
778.748,9432.4875
778.94,8918.4875
779.132,8338.9875
779.324,7832.4875
779.516,7615.7375
779.708,7308.2375
779.9,6999.7375
780.091,6745.4875
780.283,6587.9875
780.475,6403.9875
780.667,6235.4875
780.859,6142.9875
781.05,6085.9875
781.242,5935.9875
781.434,5768.7375
781.625,5687.2375
781.817,5655.4875
782.009,5591.9875
782.2,5503.9875
782.392,5408.9875
782.583,5364.2375
782.775,5299.4875
782.966,5234.9875
783.158,5155.2375
783.349,5137.4875
783.541,5163.4875
783.732,5070.2375
783.924,5056.2375
784.115,5036.7375
784.306,4947.7375
784.498,4941.7375
784.689,4935.7375
784.88,4868.4875
785.072,4896.9875
785.263,4880.4875
785.454,4909.9875
785.645,4747.7375
785.837,4781.7375
786.028,4719.9875
786.219,4755.2375
786.41,4737.2375
786.601,4759.9875
786.793,4793.7375
786.984,4728.9875
787.175,4686.4875
787.366,4721.4875
787.557,4725.4875
787.748,4635.9875
787.939,4720.9875
788.13,4707.2375
788.321,4672.7375
788.512,4781.4875
788.703,4797.9875
788.894,4735.9875
789.084,4697.7375
789.275,4684.7375
789.466,4760.2375
789.657,4755.9875
789.848,4734.7375
790.039,4763.2375
790.229,4783.4875
790.42,4730.9875
790.611,4717.4875
790.801,4717.9875
790.992,4784.9875
791.183,4743.2375
791.373,4695.9875
791.564,4691.2375
791.755,4661.9875
791.945,4689.4875
792.136,4695.4875
792.326,4707.7375
792.517,4723.7375
792.707,4786.4875
792.898,4779.2375
793.088,4781.7375
793.279,4818.7375
793.469,4814.7375
793.66,4966.2375
793.85,5012.2375
794.04,5054.4875
794.231,5249.9875
794.421,5463.9875
794.611,5829.2375
794.802,6201.7375
794.992,6472.4875
795.182,6508.9875
795.372,6271.2375
795.563,6005.4875
795.753,5651.2375
795.943,5504.7375
796.133,5338.9875
796.323,5201.2375
796.513,5066.7375
796.703,5054.2375
796.893,4983.4875
797.083,4927.9875
797.273,4843.4875
797.463,4877.2375
797.653,4763.4875
797.843,4714.4875
798.033,4654.4875
798.223,4542.7375
798.413,4593.2375
798.603,4410.2375
798.793,4420.2375
798.983,4398.7375
799.172,4325.9875
799.362,4415.2375
799.552,4283.9875
799.742,4324.9875
799.932,4239.7375
800.121,4237.4875
800.311,4263.9875
800.501,4213.4875
800.69,4251.4875
800.88,4201.2375
801.07,4198.2375
801.259,4176.7375
801.449,4155.7375
801.638,4180.2375
801.828,4108.9875
802.017,4149.9875
802.207,4082.7375
802.396,4137.2375
802.586,4021.2375
802.775,4096.7375
802.965,4039.9875
803.154,4093.4875
803.343,4081.2375
803.533,4053.9875
803.722,4056.7375
803.911,4030.9875
804.101,3980.4875
804.29,4008.4875
804.479,4021.4875
804.668,4028.7375
804.857,3992.9875
805.047,3963.2375
805.236,3985.2375
805.425,4009.7375
805.614,3944.4875
805.803,3947.4875
805.992,3965.7375
806.181,3973.2375
806.37,3942.4875
806.559,4015.2375
806.748,3974.2375
806.937,3999.9875
807.126,3989.2375
807.315,4008.7375
807.504,3950.4875
807.693,3975.9875
807.882,3989.2375
808.071,3955.2375
808.26,3926.4875
808.448,3965.2375
808.637,3999.4875
808.826,3979.7375
809.015,3972.4875
809.203,4031.7375
809.392,4037.9875
809.581,4123.2375
809.77,4038.7375
809.958,4019.7375
810.147,4088.9875
810.335,4055.7375
810.524,4062.9875
810.713,4140.9875
810.901,4157.4875
811.09,4173.9875
811.278,4149.4875
811.467,4235.9875
811.655,4302.9875
811.844,4263.7375
812.032,4278.9875
812.22,4311.2375
812.409,4243.9875
812.597,4293.4875
812.785,4353.7375
812.974,4342.2375
813.162,4349.7375
813.35,4453.2375
813.539,4417.2375
813.727,4454.7375
813.915,4443.9875
814.103,4501.2375
814.291,4545.7375
814.48,4577.4875
814.668,4626.7375
814.856,4740.9875
815.044,4775.2375
815.232,4881.9875
815.42,5045.4875
815.608,5011.4875
815.796,5071.9875
815.984,5222.2375
816.172,5334.4875
816.36,5571.2375
816.548,5675.2375
816.736,5890.9875
816.924,6243.9875
817.111,6384.7375
817.299,6781.2375
817.487,7362.9875
817.675,8146.9875
817.863,9436.4875
818.05,12924.7375
818.238,20008.98725
818.426,22643.48725
818.613,18557.987
818.801,15872.487
818.989,15658.237
819.176,17872.237
819.364,24660.73725
819.552,27940.48725
819.739,23241.73725
819.927,17982.987
820.114,15539.737
820.302,13995.98725
820.489,12740.7375
820.677,11922.9875
820.864,11305.9875
821.051,11032.2375
821.239,10833.4875
821.426,11014.2375
821.614,11508.9875
821.801,11509.7375
821.988,10858.2375
822.176,10502.7375
822.363,10231.4875
822.55,9697.4875
822.737,9049.2375
822.924,8679.9875
823.112,8338.7375
823.299,7989.7375
823.486,7681.7375
823.673,7477.7375
823.86,7198.4875
824.047,7237.7375
824.234,7440.2375
824.421,7244.2375
824.608,6933.2375
824.795,6537.2375
824.982,6232.4875
825.169,5973.9875
825.356,5932.4875
825.543,5722.7375
825.73,5487.7375
825.917,5363.7375
826.104,5285.9875
826.29,5197.7375
826.477,5140.7375
826.664,5037.7375
826.851,4900.9875
827.038,4822.4875
827.224,4736.2375
827.411,4583.9875
827.598,4542.7375
827.784,4508.4875
827.971,4427.2375
828.157,4409.4875
828.344,4331.9875
828.531,4277.2375
828.717,4248.4875
828.904,4197.4875
829.09,4209.2375
829.277,4069.2375
829.463,4057.7375
829.65,4065.7375
829.836,4033.2375
830.022,3974.7375
830.209,3915.7375
830.395,3885.9875
830.581,3821.9875
830.768,3790.2375
830.954,3773.2375
831.14,3756.2375
831.327,3726.4875
831.513,3699.9875
831.699,3661.2375
831.885,3699.2375
832.071,3624.7375
832.257,3576.2375
832.444,3588.9875
832.63,3582.4875
832.816,3564.9875
833.002,3508.9875
833.188,3478.9875
833.374,3483.2375
833.56,3510.2375
833.746,3473.4875
833.932,3423.9875
834.118,3362.4875
834.303,3390.4875
834.489,3386.7375
834.675,3392.2375
834.861,3343.9875
835.047,3370.7375
835.233,3255.2375
835.418,3326.2375
835.604,3253.2375
835.79,3231.9875
835.976,3261.7375
836.161,3246.7375
836.347,3218.4875
836.533,3220.7375
836.718,3240.2375
836.904,3272.7375
837.089,3204.4875
837.275,3198.4875
837.46,3148.7375
837.646,3211.2375
837.831,3177.4875
838.017,3205.7375
838.202,3180.7375
838.388,3226.9875
838.573,3187.2375
838.759,3150.2375
838.944,3171.4875
839.129,3151.9875
839.315,3134.9875
839.5,3156.2375
839.685,3172.4875
839.87,3205.2375
840.056,3129.4875
840.241,3212.4875
840.426,3193.9875
840.611,3215.9875
840.796,3206.4875
840.981,3239.7375
841.166,3216.2375
841.352,3227.7375
841.537,3242.9875
841.722,3256.7375
841.907,3278.4875
842.092,3317.4875
842.277,3328.4875
842.462,3348.4875
842.646,3427.4875
842.831,3452.9875
843.016,3608.9875
843.201,3651.7375
843.386,3696.7375
843.571,3827.7375
843.755,3995.9875
843.94,4124.2375
844.125,4555.7375
844.31,5118.4875
844.494,6263.2375
844.679,7200.4875
844.864,7118.9875
845.048,6260.7375
845.233,5693.7375
845.418,5147.2375
845.602,4714.7375
845.787,4499.9875
845.971,4311.7375
846.156,4073.9875
846.34,3938.7375
846.525,3782.4875
846.709,3671.4875
846.894,3600.4875
847.078,3519.9875
847.262,3507.7375
847.447,3350.7375
847.631,3345.2375
847.815,3239.7375
848.0,3217.9875
848.184,3164.9875
848.368,3149.9875
848.552,3132.4875
848.736,3090.2375
848.921,3082.4875
849.105,3014.9875
849.289,3015.7375
849.473,2985.2375
849.657,2949.4875
849.841,2921.7375
850.025,2912.4875
850.209,2881.7375
850.393,2820.7375
850.577,2882.2375
850.761,2842.9875
850.945,2828.7375
851.129,2834.9875
851.313,2775.7375
851.497,2781.7375
851.68,2792.2375
851.864,2741.4875
852.048,2778.2375
852.232,2772.2375
852.416,2782.2375
852.599,2744.4875
852.783,2747.7375
852.967,2769.9875
853.15,2740.4875
853.334,2730.4875
853.518,2707.7375
853.701,2720.4875
853.885,2728.9875
854.068,2672.2375
854.252,2703.7375
854.435,2673.4875
854.619,2662.2375
854.802,2702.2375
854.986,2630.4875
855.169,2660.7375
855.353,2681.2375
855.536,2628.4875
855.719,2693.7375
855.903,2709.2375
856.086,2695.4875
856.269,2651.9875
856.452,2701.2375
856.636,2808.7375
856.819,2825.9875
857.002,2868.7375
857.185,2793.4875
857.368,2810.2375
857.552,2789.7375
857.735,2789.4875
857.918,2755.9875
858.101,2745.4875
858.284,2770.2375
858.467,2814.9875
858.65,2829.9875
858.833,2848.9875
859.016,2872.9875
859.199,2960.9875
859.382,3037.4875
859.564,3085.9875
859.747,3151.4875
859.93,3017.9875
860.113,2958.9875
860.296,2979.7375
860.478,2884.4875
860.661,2945.7375
860.844,2886.9875
861.027,2872.4875
861.209,2844.2375
861.392,2858.2375
861.575,2884.9875
861.757,2902.4875
861.94,2975.7375
862.122,2934.2375
862.305,2947.7375
862.487,3051.9875
862.67,3231.9875
862.852,3544.2375
863.035,3774.9875
863.217,3695.4875
863.4,3630.4875
863.582,3518.9875
863.764,3460.4875
863.947,3318.4875
864.129,3302.4875
864.311,3284.2375
864.493,3227.4875
864.676,3202.2375
864.858,3165.7375
865.04,3159.4875
865.222,3210.4875
865.404,3276.2375
865.587,3365.9875
865.769,3396.2375
865.951,3385.9875
866.133,3407.2375
866.315,3420.7375
866.497,3397.7375
866.679,3520.7375
866.861,3641.9875
867.043,3751.9875
867.225,3882.9875
867.407,4145.2375
867.589,4519.4875
867.77,5261.4875
867.952,6482.9875
868.134,7365.9875
868.316,7445.2375
868.498,7267.4875
868.679,6528.2375
868.861,5778.4875
869.043,5239.4875
869.224,4799.2375
869.406,4576.9875
869.588,4343.9875
869.769,4141.7375
869.951,4221.2375
870.132,4153.7375
870.314,4346.9875
870.495,4371.7375
870.677,4178.9875
870.858,4115.2375
871.04,4226.2375
871.221,4341.7375
871.403,4221.2375
871.584,4145.9875
871.765,4256.4875
871.947,4230.7375
872.128,3855.9875
872.309,3642.7375
872.491,3506.9875
872.672,3365.7375
872.853,3300.7375
873.034,3231.4875
873.215,3166.4875
873.396,3041.4875
873.578,2991.9875
873.759,2950.4875
873.94,2880.2375
874.121,2817.7375
874.302,2789.2375
874.483,2800.4875
874.664,2734.2375
874.845,2696.7375
875.026,2672.4875
875.207,2642.7375
875.388,2666.4875
875.568,2624.7375
875.749,2560.2375
875.93,2547.9875
876.111,2538.9875
876.292,2505.2375
876.472,2523.7375
876.653,2457.2375
876.834,2434.4875
877.015,2452.4875
877.195,2421.7375
877.376,2427.7375
877.556,2440.9875
877.737,2466.9875
877.918,2421.2375
878.098,2414.7375
878.279,2363.7375
878.459,2383.7375
878.64,2379.4875
878.82,2396.4875
879.0,2352.4875
879.181,2348.4875
879.361,2376.7375
879.542,2341.2375
879.722,2342.9875
879.902,2419.4875
880.083,2459.7375
880.263,2524.9875
880.443,2701.7375
880.623,3161.7375
880.803,3285.2375
880.984,3021.7375
881.164,2709.9875
881.344,2621.7375
881.524,2605.9875
881.704,2582.2375
881.884,2581.9875
882.064,2601.2375
882.244,2659.7375
882.424,2512.4875
882.604,2459.7375
882.784,2429.2375
882.964,2402.7375
883.144,2346.9875
883.324,2367.2375
883.504,2389.2375
883.683,2328.9875
883.863,2291.7375
884.043,2287.9875
884.223,2254.4875
884.402,2230.2375
884.582,2258.4875
884.762,2241.2375
884.941,2277.9875
885.121,2210.2375
885.301,2225.4875
885.48,2215.2375
885.66,2191.7375
885.839,2203.2375
886.019,2228.7375
886.198,2161.4875
886.378,2156.9875
886.557,2162.9875
886.737,2159.9875
886.916,2178.2375
887.095,2197.2375
887.275,2150.9875
887.454,2176.9875
887.633,2131.9875
887.813,2159.4875
887.992,2161.7375
888.171,2150.4875
888.35,2148.4875
888.53,2110.4875
888.709,2133.7375
888.888,2146.2375
889.067,2119.2375
889.246,2180.7375
889.425,2122.2375
889.604,2133.4875
889.783,2156.7375
889.962,2074.4875
890.141,2146.2375
890.32,2095.2375
890.499,2142.2375
890.678,2056.4875
890.857,2081.2375
891.036,2073.2375
891.214,2054.9875
891.393,2092.7375
891.572,2101.2375
891.751,2095.9875
891.93,2069.2375
892.108,2092.4875
892.287,2076.9875
892.466,2132.7375
892.644,2103.2375
892.823,2061.7375
893.001,2094.2375
893.18,2066.4875
893.359,2114.9875
893.537,2087.2375
893.716,2064.4875
893.894,2049.7375
894.073,2093.7375
894.251,2058.9875
894.429,2004.7375
894.608,2052.7375
894.786,2043.4875
894.964,2050.9875
895.143,2054.9875
895.321,2083.4875
895.499,2026.4875
895.677,2075.4875
895.856,2100.4875
896.034,2074.7375
896.212,2085.4875
896.39,2066.4875
896.568,2060.2375
896.746,2086.2375
896.924,2096.9875
897.102,2055.7375
897.28,2067.7375
897.458,2049.4875
897.636,2100.4875
897.814,2059.2375
897.992,2126.4875
898.17,2098.9875
898.348,2122.4875
898.526,2082.9875
898.704,2131.9875
898.882,2083.2375
899.059,2086.7375
899.237,2085.4875
899.415,2160.9875
899.593,2105.9875
899.77,2107.4875
899.948,2150.7375
900.125,2106.4875
900.303,2082.9875
900.481,2139.9875
900.658,2177.2375
900.836,2106.9875
901.013,2169.9875
901.191,2153.9875
901.368,2152.9875
901.546,2235.7375
901.723,2238.9875
901.901,2242.4875
902.078,2261.9875
902.255,2245.2375
902.433,2259.9875
902.61,2266.4875
902.787,2253.2375
902.964,2317.7375
903.142,2325.9875
903.319,2366.7375
903.496,2386.7375
903.673,2404.4875
903.85,2408.2375
904.027,2484.9875
904.204,2523.4875
904.381,2649.2375
904.558,2819.7375
904.735,2973.9875
904.912,3049.9875
905.089,3014.2375
905.266,2890.4875
905.443,2823.2375
905.62,2635.9875
905.797,2639.9875
905.974,2596.2375
906.151,2503.7375
906.327,2523.9875
906.504,2498.9875
906.681,2457.9875
906.858,2439.2375
907.034,2473.9875
907.211,2419.9875
907.388,2355.9875
907.564,2336.9875
907.741,2349.9875
907.917,2351.2375
908.094,2333.9875
908.27,2319.9875
908.447,2265.7375
908.623,2299.4875
908.8,2245.7375
908.976,2261.9875
909.153,2242.4875
909.329,2247.7375
909.505,2218.2375
909.682,2210.9875
909.858,2171.4875
910.034,2228.2375
910.211,2133.4875
910.387,2178.2375
910.563,2160.7375
910.739,2160.2375
910.915,2137.4875
911.091,2189.9875
911.268,2159.2375
911.444,2160.4875
911.62,2110.4875
911.796,2119.7375
911.972,2170.4875
912.148,2152.9875
912.324,2164.9875
912.5,2157.9875
912.676,2118.7375
912.851,2153.7375
913.027,2154.4875
913.203,2127.4875
913.379,2125.2375
913.555,2156.9875
913.73,2108.2375
913.906,2128.4875
914.082,2175.9875
914.258,2139.7375
914.433,2129.9875
914.609,2143.2375
914.785,2072.2375
914.96,2125.2375
915.136,2143.9875
915.311,2141.4875
915.487,2115.9875
915.662,2186.4875
915.838,2119.4875
916.013,2159.9875
916.189,2162.7375
916.364,2112.9875
916.539,2109.2375
916.715,2134.7375
916.89,2136.9875
917.065,2124.7375
917.24,2129.4875
917.416,2132.9875
917.591,2181.2375
917.766,2115.7375
917.941,2175.4875
918.116,2153.9875
918.292,2171.4875
918.467,2174.7375
918.642,2189.9875
918.817,2178.2375
918.992,2161.2375
919.167,2229.7375
919.342,2242.7375
919.517,2223.4875
919.692,2269.9875
919.867,2272.9875
920.041,2248.2375
920.216,2292.9875
920.391,2349.7375
920.566,2370.9875
920.741,2368.4875
920.915,2509.9875
921.09,2690.2375
921.265,2991.4875
921.439,3066.4875
921.614,2922.2375
921.789,2756.9875
921.963,2780.7375
922.138,2631.2375
922.312,2630.2375
922.487,2621.4875
922.661,2733.2375
922.836,2839.4875
923.01,2858.7375
923.185,2769.9875
923.359,2630.2375
923.534,2631.7375
923.708,2748.7375
923.882,2724.7375
924.057,2686.4875
924.231,2605.7375
924.405,2582.2375
924.579,2554.9875
924.753,2490.2375
924.928,2427.2375
925.102,2443.4875
925.276,2473.9875
925.45,2448.4875
925.624,2486.9875
925.798,2484.2375
925.972,2522.4875
926.146,2558.2375
926.32,2667.7375
926.494,2768.9875
926.668,2863.2375
926.842,2904.2375
927.016,2916.2375
927.19,2889.2375
927.363,2849.4875
927.537,2806.7375
927.711,2759.9875
927.885,2720.7375
928.058,2700.9875
928.232,2703.4875
928.406,2629.4875
928.579,2606.9875
928.753,2589.9875
928.927,2561.9875
929.1,2472.2375
929.274,2453.7375
929.447,2439.9875
929.621,2422.2375
929.794,2425.9875
929.968,2369.7375
930.141,2384.9875
930.315,2353.4875
930.488,2344.9875
930.661,2325.4875
930.835,2301.2375
931.008,2310.4875
931.181,2263.2375
931.354,2240.9875
931.528,2178.2375
931.701,2214.7375
931.874,2203.2375
932.047,2156.4875
932.22,2212.2375
932.393,2144.9875
932.566,2109.9875
932.739,2132.4875
932.912,2123.7375
933.085,2141.7375
933.258,2147.4875
933.431,2075.4875
933.604,2100.7375
933.777,2131.2375
933.95,2082.7375
934.123,2055.4875
934.296,2055.2375
934.468,2068.4875
934.641,2004.2375
934.814,2094.9875
934.987,1997.7375
935.159,2038.7375
935.332,2038.7375
935.505,2028.4875
935.677,2001.7375
935.85,2027.2375
936.022,2009.4875
936.195,2002.2375
936.367,1962.4875
936.54,2028.7375
936.712,2030.7375
936.885,2028.7375
937.057,1960.4875
937.229,1958.2375
937.402,2027.4875
937.574,2005.2375
937.746,2039.2375
937.919,2076.2375
938.091,2096.9875
938.263,2174.2375
938.435,2266.2375
938.608,2387.2375
938.78,2496.2375
938.952,2550.9875
939.124,2650.7375
939.296,2715.2375
939.468,2747.4875
939.64,2600.9875
939.812,2479.4875
939.984,2350.4875
940.156,2270.7375
940.328,2193.7375
940.5,2160.4875
940.672,2119.7375
940.843,2081.2375
941.015,2071.9875
941.187,2008.7375
941.359,2017.2375
941.531,2003.9875
941.702,2015.7375
941.874,1964.2375
942.046,1988.9875
942.217,1934.9875
942.389,1977.2375
942.56,1922.9875
942.732,1903.2375
942.904,1909.9875
943.075,1851.4875
943.247,1850.4875
943.418,1832.2375
943.589,1826.2375
943.761,1824.9875
943.932,1791.2375
944.104,1803.2375
944.275,1782.4875
944.446,1811.9875
944.617,1781.9875
944.789,1791.9875
944.96,1780.9875
945.131,1733.4875
945.302,1802.4875
945.473,1744.9875
945.645,1801.9875
945.816,1793.4875
945.987,1836.2375
946.158,1820.4875
946.329,1856.4875
946.5,1787.2375
946.671,1760.2375
946.842,1783.9875
947.013,1775.7375
947.183,1788.2375
947.354,1768.7375
947.525,1757.4875
947.696,1729.4875
947.867,1764.9875
948.037,1721.9875
948.208,1763.7375
948.379,1768.2375
948.55,1709.9875
948.72,1736.9875
948.891,1718.4875
949.061,1734.9875
949.232,1670.9875
949.403,1685.9875
949.573,1701.4875
949.744,1720.7375
949.914,1717.9875
950.085,1763.4875
950.255,1683.4875
950.425,1768.7375
950.596,1730.4875
950.766,1736.4875
950.936,1747.9875
951.107,1719.2375
951.277,1719.2375
951.447,1781.2375
951.617,1755.2375
951.788,1701.4875
951.958,1711.7375
952.128,1740.2375
952.298,1734.9875
952.468,1759.2375
952.638,1733.7375
952.808,1710.4875
952.978,1729.9875
953.148,1696.4875
953.318,1729.4875
953.488,1658.7375
953.658,1696.9875
953.828,1698.4875
953.998,1706.2375
954.167,1675.2375
954.337,1719.4875
954.507,1728.9875
954.677,1719.2375
954.846,1765.2375
955.016,1746.7375
955.186,1719.2375
955.355,1714.9875
955.525,1697.2375
955.695,1702.4875
955.864,1733.4875
956.034,1705.4875
956.203,1762.9875
956.373,1685.4875
956.542,1738.9875
956.712,1711.2375
956.881,1671.2375
957.05,1755.4875
957.22,1718.2375
957.389,1696.9875
957.558,1686.9875
957.727,1737.9875
957.897,1685.7375
958.066,1715.9875
958.235,1716.7375
958.404,1714.9875
958.573,1714.2375
958.743,1646.2375
958.912,1702.4875
959.081,1704.2375
959.25,1677.9875
959.419,1697.7375
959.588,1686.4875
959.757,1672.2375
959.926,1681.9875
960.094,1636.9875
960.263,1689.4875
960.432,1681.2375
960.601,1647.2375
960.77,1653.9875
960.939,1678.9875
961.107,1671.7375
961.276,1653.4875
961.445,1673.7375
961.613,1662.2375
961.782,1691.9875
961.951,1706.2375
962.119,1662.7375
962.288,1654.2375
962.456,1669.9875
962.625,1647.9875
962.793,1650.9875
962.962,1648.7375
963.13,1611.7375
963.298,1649.2375
963.467,1616.7375
963.635,1620.2375
963.803,1688.9875
963.972,1668.2375
964.14,1644.7375
964.308,1680.2375
964.476,1655.9875
964.645,1712.7375
964.813,1699.9875
964.981,1700.9875
965.149,1689.7375
965.317,1765.4875
965.485,1702.9875
965.653,1691.9875
965.821,1691.4875
965.989,1666.7375
966.157,1687.7375
966.325,1697.7375
966.493,1674.2375
966.661,1660.2375
966.829,1666.7375
966.996,1667.2375
967.164,1674.4875
967.332,1731.4875
967.5,1657.2375
967.667,1691.4875
967.835,1659.9875
968.003,1685.2375
968.17,1639.2375
968.338,1631.9875
968.505,1641.2375
968.673,1665.9875
968.841,1585.4875
969.008,1665.9875
969.175,1632.4875
969.343,1632.2375
969.51,1668.9875
969.678,1623.7375
969.845,1662.2375
970.012,1706.2375
970.18,1710.4875
970.347,1645.9875
970.514,1663.9875
970.681,1626.9875
970.849,1667.2375
971.016,1696.2375
971.183,1655.4875
971.35,1694.9875
971.517,1679.4875
971.684,1698.4875
971.851,1728.2375
972.018,1683.9875
972.185,1688.4875
972.352,1699.2375
972.519,1715.9875
972.686,1693.2375
972.853,1659.4875
973.02,1645.2375
973.186,1650.4875
973.353,1682.2375
973.52,1657.9875
973.687,1668.7375
973.853,1682.2375
974.02,1682.7375
974.187,1644.2375
974.353,1687.4875
974.52,1659.7375
974.687,1680.7375
974.853,1642.9875
975.02,1645.2375
975.186,1706.7375
975.353,1641.4875
975.519,1675.2375
975.685,1652.4875
975.852,1649.4875
976.018,1625.9875
976.184,1670.4875
976.351,1651.2375
976.517,1649.7375
976.683,1623.2375
976.849,1646.7375
977.016,1607.7375
977.182,1621.7375
977.348,1632.2375
977.514,1571.4875
977.68,1607.2375
977.846,1600.9875
978.012,1645.2375
978.178,1604.4875
978.344,1629.9875
978.51,1586.4875
978.676,1591.9875
978.842,1556.9875
979.008,1634.9875
979.174,1594.4875
979.34,1603.7375
979.505,1627.4875
979.671,1573.2375
979.837,1593.9875
980.003,1573.2375
980.168,1605.7375
980.334,1571.7375
980.499,1662.9875
980.665,1652.4875
980.831,1643.4875
980.996,1610.9875
981.162,1646.7375
981.327,1648.4875
981.493,1645.2375
981.658,1635.2375
981.823,1673.2375
981.989,1683.4875
982.154,1687.2375
982.319,1678.9875
982.485,1676.4875
982.65,1680.4875
982.815,1657.4875
982.98,1628.7375
983.146,1673.9875
983.311,1634.2375
983.476,1649.7375
983.641,1594.2375
983.806,1600.4875
983.971,1638.2375
984.136,1651.2375
984.301,1585.7375
984.466,1672.2375
984.631,1644.4875
984.796,1635.7375
984.961,1631.4875
985.126,1686.7375
985.291,1613.9875
985.455,1636.7375
985.62,1638.2375
985.785,1605.4875
985.95,1600.2375
986.114,1612.4875
986.279,1617.7375
986.444,1620.4875
986.608,1637.7375
986.773,1617.9875
986.937,1689.2375
987.102,1678.4875
987.266,1626.2375
987.431,1708.7375
987.595,1660.9875
987.76,1698.4875
987.924,1653.2375
988.088,1711.4875
988.253,1696.7375
988.417,1660.9875
988.581,1648.2375
988.746,1611.2375
988.91,1667.7375
989.074,1700.7375
989.238,1673.9875
989.402,1687.9875
989.566,1640.4875
989.731,1662.2375
989.895,1638.2375
990.059,1626.2375
990.223,1594.7375
990.387,1615.2375
990.551,1658.7375
990.714,1616.2375
990.878,1583.7375
991.042,1615.4875
991.206,1623.4875
991.37,1669.2375
991.534,1665.4875
991.697,1647.4875
991.861,1684.2375
992.025,1638.2375
992.188,1611.2375
992.352,1605.9875
992.516,1617.2375
992.679,1620.4875
992.843,1597.7375
993.006,1617.2375
993.17,1655.2375
993.333,1613.7375
993.497,1612.7375
993.66,1601.2375
993.824,1626.9875
993.987,1616.4875
994.15,1603.9875
994.314,1617.9875
994.477,1570.9875
994.64,1643.7375
994.803,1643.7375
994.967,1624.9875
995.13,1619.4875
995.293,1649.9875
995.456,1652.4875
995.619,1619.7375
995.782,1580.2375
995.945,1607.7375
996.108,1596.9875
996.271,1616.2375
996.434,1637.2375
996.597,1599.4875
996.76,1615.2375
996.923,1615.4875
997.086,1629.9875
997.248,1622.9875
997.411,1590.2375
997.574,1582.7375
997.737,1622.2375
997.899,1562.4875
998.062,1597.4875
998.225,1573.7375
998.387,1577.2375
998.55,1596.4875
998.712,1610.2375
998.875,1657.2375
999.037,1611.9875
999.2,1621.2375
999.362,1639.7375
999.525,1599.7375
999.687,1594.7375
999.849,1607.9875
1000.012,1592.4875
1000.174,1597.4875
1000.336,1618.9875
1000.499,1667.2375
1000.661,1624.4875
1000.823,1581.7375
1000.985,1630.2375
1001.147,1683.7375
1001.309,1647.2375
1001.471,1667.2375
1001.633,1668.7375
1001.796,1665.9875
1001.957,1677.2375
1002.119,1715.9875
1002.281,1718.4875
1002.443,1754.9875
1002.605,1728.4875
1002.767,1773.9875
1002.929,1847.4875
1003.091,1861.2375
1003.252,1884.4875
1003.414,1973.2375
1003.576,1944.7375
1003.738,1940.2375
1003.899,2085.4875
1004.061,2104.7375
1004.222,2142.9875
1004.384,2148.7375
1004.546,2213.4875
1004.707,2210.2375
1004.869,2240.4875
1005.03,2157.4875
1005.191,2184.9875
1005.353,2166.7375
1005.514,2060.9875
1005.675,2057.7375
1005.837,2026.4875
1005.998,1976.7375
1006.159,1981.4875
1006.321,1989.9875
1006.482,2008.4875
1006.643,2116.7375
1006.804,2089.9875
1006.965,2126.2375
1007.126,2215.4875
1007.287,2160.2375
1007.448,2160.7375
1007.609,2135.4875
1007.77,2117.2375
1007.931,2121.7375
1008.092,2099.7375
1008.253,2181.2375
1008.414,2189.2375
1008.575,2291.4875
1008.736,2225.2375
1008.896,2296.7375
1009.057,2262.9875
1009.218,2169.7375
1009.379,2169.7375
1009.539,2237.2375
1009.7,2272.2375
1009.86,2271.4875
1010.021,2261.7375
1010.182,2280.2375
1010.342,2226.4875
1010.503,2270.2375
1010.663,2353.2375
1010.823,2341.2375
1010.984,2367.9875
1011.144,2414.9875
1011.305,2416.9875
1011.465,2462.9875
1011.625,2474.2375
1011.785,2507.9875
1011.946,2476.9875
1012.106,2464.7375
1012.266,2432.4875
1012.426,2538.9875
1012.586,2514.9875
1012.746,2497.9875
1012.906,2508.9875
1013.066,2506.7375
1013.226,2479.9875
1013.386,2520.7375
1013.546,2505.9875
1013.706,2371.4875
1013.866,2426.4875
1014.026,2455.9875
1014.186,2415.9875
1014.346,2385.2375
1014.505,2447.2375
1014.665,2444.7375
1014.825,2474.2375
1014.985,2421.4875
1015.144,2441.2375
1015.304,2599.4875
1015.463,2601.4875
1015.623,2517.9875
1015.783,2561.9875
1015.942,2751.4875
1016.102,2735.7375
1016.261,2663.4875
1016.42,2710.9875
1016.58,2955.7375
1016.739,2989.9875
1016.899,2873.7375
1017.058,2854.2375
1017.217,3099.9875
1017.376,3095.7375
1017.536,2833.4875
1017.695,2809.4875
1017.854,2841.2375
1018.013,2859.7375
1018.172,2730.2375
1018.331,2694.9875
1018.49,2760.7375
1018.649,2905.9875
1018.808,3021.2375
1018.967,2946.4875
1019.126,2942.2375
1019.285,3034.9875
1019.444,3151.4875
1019.603,2957.2375
1019.762,2725.9875
1019.921,2856.9875
1020.079,3013.9875
1020.238,3148.4875
1020.397,3068.2375
1020.556,2966.4875
1020.714,2999.4875
1020.873,3055.9875
1021.031,3049.2375
1021.19,2950.9875
1021.348,2848.9875
1021.507,3062.7375
1021.665,3204.2375
1021.824,3133.2375
1021.982,2938.9875
1022.141,2888.7375
1022.299,3209.2375
1022.457,3336.7375
1022.616,3211.2375
1022.774,2911.2375
1022.932,2962.4875
1023.09,3222.4875
1023.249,3390.9875
1023.407,3268.9875
1023.565,2947.7375
1023.723,3029.4875
1023.881,3323.7375
1024.039,3392.9875
1024.197,3253.9875
1024.355,3025.2375
1024.513,3120.7375
1024.671,3344.4875
1024.829,3507.4875
1024.987,3313.9875
1025.145,2980.7375
1025.302,3100.7375
1025.46,3249.7375
1025.618,3450.4875
1025.776,3445.4875
1025.933,3193.7375
1026.091,3040.9875
1026.249,3281.4875
1026.406,3518.2375
1026.564,3536.2375
1026.721,3340.2375
1026.879,3210.9875
1027.036,3247.7375
1027.194,3484.4875
1027.351,3599.7375
1027.509,3485.7375
1027.666,3263.4875
1027.823,3243.4875
1027.981,3294.2375
1028.138,3650.9875
1028.295,3514.7375
1028.452,3301.2375
1028.61,3232.2375
1028.767,3394.2375
1028.924,3445.2375
1029.081,3494.7375
1029.238,3610.7375
1029.395,3360.9875
1029.552,3419.4875
1029.709,3529.9875
1029.866,3602.9875
1030.023,3594.2375
1030.18,3442.7375
1030.337,3532.2375
1030.494,3538.4875
1030.65,3753.2375
1030.807,3742.2375
1030.964,3588.9875
1031.121,3547.9875
1031.277,3458.2375
1031.434,3563.9875
1031.591,3729.9875
1031.747,3816.2375
1031.904,3782.4875
1032.06,3685.7375
1032.217,3566.4875
1032.373,3771.4875
1032.53,3950.4875
1032.686,4121.4875
1032.843,4309.2375
1032.999,3942.7375
1033.155,4079.2375
1033.312,4037.4875
1033.468,4198.7375
1033.624,4925.7375
1033.78,4781.7375
1033.937,5065.2375
1034.093,4534.9875
1034.249,4567.9875
1034.405,4594.9875
1034.561,4641.7375
1034.717,4948.9875
1034.873,5092.4875
1035.029,5124.9875
1035.185,4991.9875
1035.341,4794.9875
1035.497,4875.2375
1035.653,5063.7375
1035.809,5221.4875
1035.964,5823.2375
1036.12,5659.9875
1036.276,5651.2375
1036.432,5636.2375
1036.587,5188.2375
1036.743,5169.7375
1036.899,5790.4875
1037.054,5786.4875
1037.21,6183.2375
1037.365,6828.4875
1037.521,6275.7375
1037.676,6131.7375
1037.832,5974.2375
1037.987,5603.7375
1038.143,5503.4875
1038.298,6359.4875
1038.453,6499.7375
1038.609,6610.4875
1038.764,7474.9875
1038.919,6824.7375
1039.074,6414.7375
1039.229,6348.4875
1039.385,5832.9875
1039.54,5923.7375
1039.695,6314.2375
1039.85,7028.9875
1040.005,7189.7375
1040.16,7644.4875
1040.315,8091.2375
1040.47,7254.7375
1040.625,7196.4875
1040.78,6947.4875
1040.935,6706.2375
1041.089,6910.9875
1041.244,7570.7375
1041.399,8305.4875
1041.554,8318.7375
1041.708,9110.7375
1041.863,9870.9875
1042.018,8678.4875
1042.172,8296.9875
1042.327,8553.4875
1042.481,7826.7375
1042.636,8182.9875
1042.79,7960.2375
1042.945,8587.4875
1043.099,10758.7375
1043.254,10255.9875
1043.408,10006.4875
1043.563,11526.7375
1043.717,11054.7375
1043.871,9783.4875
1044.025,9890.4875
1044.18,9851.7375
1044.334,9339.9875
1044.488,9917.9875
1044.642,10197.7375
1044.796,10849.2375
1044.95,12935.2375
1045.104,13602.4875
1045.258,13501.9875
1045.412,13769.7375
1045.566,13852.2375
1045.72,12856.9875
1045.874,12171.2375
1046.028,12250.4875
1046.182,11430.7375
1046.336,11592.7375
1046.489,11818.2375
1046.643,12043.7375
1046.797,12409.9875
1046.951,14056.9875
1047.104,14948.2375
1047.258,14814.9875
1047.411,15105.7375
1047.565,15965.48725
1047.719,16120.487
1047.872,15403.487249999998
1048.026,13860.9875
1048.179,13904.7375
1048.332,14111.2375
1048.486,13437.7375
1048.639,13938.7375
1048.792,13979.9875
1048.946,15187.2375
1049.099,16004.487
1049.252,17064.987
1049.405,16461.237
1049.559,16933.737
1049.712,18521.487
1049.865,19789.23725
1050.018,19551.487
1050.171,18189.237
1050.324,16837.737
1050.477,17360.987
1050.63,18910.987
1050.783,20177.23725
1050.936,19285.737
1051.089,17763.987
1051.242,17757.237
1051.394,19665.48725
1051.547,22170.73725
1051.7,22066.73725
1051.853,20885.23725
1052.005,20510.98725
1052.158,21538.73725
1052.311,23923.98725
1052.463,24975.23725
1052.616,23786.48725
1052.768,22229.48725
1052.921,20756.23725
1053.073,20475.98725
1053.226,22293.98725
1053.378,26261.73725
1053.531,28340.73725
1053.683,28561.98725
1053.835,25732.98725
1053.988,18977.73725
