UV1,UV2,VIS,NIR
379.48333333333335,404.3416666666667,3761.258333333333,1506.591666666667
367.81666666666666,436.0083333333334,3845.5916666666667,1582.591666666667
335.15000000000003,418.3416666666667,3858.9249999999997,1627.2583333333334
368.15000000000003,447.3416666666667,3913.9249999999997,1608.2583333333334
360.48333333333335,415.3416666666667,3930.258333333333,1650.2583333333334
364.81666666666666,444.675,3920.5916666666667,1683.9250000000002
343.15000000000003,446.675,4025.5916666666667,1687.9250000000002
378.81666666666666,437.675,4028.5916666666667,1714.2583333333334
359.81666666666666,445.675,4041.258333333333,1677.2583333333334
348.81666666666666,440.0083333333334,4103.925,1667.2583333333334
340.81666666666666,473.0083333333334,4110.925,1670.591666666667
366.81666666666666,473.3416666666667,4146.258333333333,1720.591666666667
363.81666666666666,459.3416666666667,4196.591666666666,1665.591666666667
391.81666666666666,494.675,4249.925,1732.591666666667
336.15000000000003,456.0083333333334,4261.258333333333,1695.591666666667
342.15000000000003,517.0083333333333,4365.591666666666,1743.2583333333334
369.81666666666666,457.3416666666667,4288.591666666666,1700.2583333333334
347.81666666666666,490.3416666666667,4320.925,1771.9250000000002
352.81666666666666,485.675,4373.925,1711.591666666667
366.48333333333335,465.3416666666667,4423.258333333333,1710.2583333333334
365.48333333333335,470.3416666666667,4502.591666666666,1743.591666666667
370.48333333333335,512.6750000000001,4488.258333333333,1783.2583333333334
373.15000000000003,470.3416666666667,4561.258333333333,1701.9250000000002
346.15000000000003,511.0083333333334,4596.925,1740.9250000000002
371.15000000000003,468.0083333333334,4619.591666666666,1764.2583333333334
381.81666666666666,511.0083333333334,4692.258333333333,1744.2583333333334
345.81666666666666,530.6750000000001,4648.925,1809.591666666667
389.48333333333335,510.3416666666667,4566.591666666666,1771.2583333333334
378.15000000000003,466.0083333333334,4543.925,1733.591666666667
362.81666666666666,495.0083333333334,4523.258333333333,1771.2583333333334
360.15000000000003,501.0083333333334,4636.925,1765.9250000000002
353.48333333333335,506.675,4601.258333333333,1787.2583333333334
372.48333333333335,466.0083333333334,4693.258333333333,1788.2583333333334
356.81666666666666,497.675,4793.258333333333,1767.2583333333334
368.81666666666666,508.675,4902.258333333333,1759.591666666667
357.48333333333335,503.0083333333334,5062.591666666666,1759.2583333333334
369.15000000000003,485.3416666666667,5160.591666666666,1826.9250000000002
367.48333333333335,529.0083333333333,5126.591666666666,1814.2583333333334
354.48333333333335,499.3416666666667,5116.925,1851.591666666667
360.81666666666666,531.0083333333333,5189.925,1862.2583333333334
327.81666666666666,514.6750000000001,5193.258333333333,1801.591666666667
375.81666666666666,501.3416666666667,5294.925,1862.591666666667
329.48333333333335,508.675,5302.591666666666,1818.2583333333334
366.15000000000003,516.3416666666667,5423.258333333333,1838.9250000000002
361.81666666666666,545.6750000000001,5390.925,1868.9250000000002
351.15000000000003,518.6750000000001,5473.258333333334,1825.2583333333334
377.81666666666666,501.3416666666667,5506.925,1868.9250000000002
353.15000000000003,498.675,5550.591666666667,1828.2583333333334
366.81666666666666,440.3416666666667,5506.258333333334,1856.591666666667
379.48333333333335,528.3416666666667,5569.925,1875.591666666667
357.48333333333335,503.0083333333334,5659.925,1873.2583333333334
357.48333333333335,521.0083333333333,5610.591666666667,1906.9250000000002
364.48333333333335,472.675,5704.591666666667,1835.2583333333334
375.15000000000003,531.3416666666667,5718.925,1872.9250000000002
330.81666666666666,493.0083333333334,5731.591666666667,1857.591666666667
366.48333333333335,502.0083333333334,5775.925,1932.591666666667
366.48333333333335,501.3416666666667,5737.258333333334,1929.591666666667
402.15000000000003,490.3416666666667,5872.925,1960.2583333333334
393.48333333333335,501.675,5914.925,1892.9250000000002
385.15000000000003,507.675,5895.258333333334,1991.9250000000002
367.48333333333335,508.3416666666667,5914.591666666667,1902.2583333333334
378.81666666666666,547.6750000000001,5996.258333333334,1869.2583333333334
370.81666666666666,511.0083333333334,5964.925,1922.591666666667
357.81666666666666,516.6750000000001,6000.925,1934.9250000000002
363.81666666666666,528.3416666666667,6126.258333333334,1945.9250000000002
391.48333333333335,515.6750000000001,6103.591666666667,1947.9250000000002
355.81666666666666,531.6750000000001,6194.258333333334,1938.9250000000002
364.15000000000003,505.3416666666667,6280.258333333334,1903.591666666667
370.81666666666666,489.0083333333334,6319.925,1953.2583333333334
353.81666666666666,501.0083333333334,6369.925,1972.591666666667
328.15000000000003,533.0083333333333,6238.591666666667,1968.591666666667
386.81666666666666,529.0083333333333,6298.591666666667,2011.2583333333334
314.81666666666666,517.0083333333333,6180.258333333334,1956.2583333333334
358.48333333333335,468.0083333333334,6225.258333333334,1956.2583333333334
349.48333333333335,487.0083333333334,6302.925,2041.591666666667
375.48333333333335,511.675,6257.925,2006.2583333333334
357.81666666666666,499.3416666666667,6367.925,2043.2583333333334
365.15000000000003,516.0083333333333,6418.258333333334,2043.9250000000002
361.15000000000003,510.675,6496.591666666667,2072.5916666666667
363.15000000000003,514.6750000000001,6634.258333333334,1993.2583333333334
348.81666666666666,499.675,6569.925,2018.9250000000002
368.48333333333335,481.675,6626.925,2017.591666666667
314.48333333333335,504.0083333333334,6537.258333333334,2019.9250000000002
365.81666666666666,540.6750000000001,6657.591666666667,2038.9250000000002
339.48333333333335,519.3416666666667,6629.925,2040.591666666667
376.15000000000003,539.0083333333333,6593.258333333334,2086.5916666666667
364.81666666666666,562.6750000000001,6564.258333333334,2073.2583333333337
333.15000000000003,542.6750000000001,6508.925,2064.5916666666667
346.48333333333335,536.3416666666667,6492.258333333334,2117.2583333333337
364.81666666666666,590.3416666666667,6421.591666666667,2078.2583333333337
373.81666666666666,504.675,6419.258333333334,2109.925
329.15000000000003,532.0083333333333,6399.258333333334,2124.925
353.81666666666666,516.3416666666667,6374.591666666667,2129.5916666666667
335.81666666666666,552.6750000000001,6366.925,2147.925
376.15000000000003,539.3416666666667,6355.258333333334,2115.5916666666667
371.48333333333335,565.6750000000001,6414.925,2152.925
384.48333333333335,548.0083333333333,6283.925,2170.925
362.48333333333335,535.3416666666667,6366.591666666667,2219.925
353.15000000000003,496.0083333333334,6315.591666666667,2167.5916666666667
372.15000000000003,551.0083333333333,6352.258333333334,2166.2583333333337
322.15000000000003,521.0083333333333,6383.591666666667,2176.2583333333337
377.81666666666666,538.0083333333333,6323.925,2216.5916666666667
320.81666666666666,557.6750000000001,6305.925,2243.5916666666667
321.15000000000003,529.6750000000001,6285.258333333334,2260.925
371.15000000000003,537.3416666666667,6391.925,2282.5916666666667
364.81666666666666,589.0083333333333,6370.591666666667,2327.925
351.48333333333335,585.0083333333333,6333.258333333334,2470.2583333333337
390.81666666666666,550.3416666666667,6308.925,2484.5916666666667
328.81666666666666,522.0083333333333,6339.591666666667,2483.5916666666667
352.15000000000003,565.3416666666667,6390.591666666667,2420.5916666666667
361.48333333333335,528.0083333333333,6346.591666666667,2422.5916666666667
365.81666666666666,564.3416666666667,6335.591666666667,2373.5916666666667
356.48333333333335,562.6750000000001,6362.591666666667,2372.5916666666667
383.81666666666666,557.0083333333333,6358.591666666667,2284.925
344.81666666666666,529.3416666666667,6355.258333333334,2332.5916666666667
360.48333333333335,583.3416666666667,6392.591666666667,2403.925
372.81666666666666,598.0083333333333,6448.925,2371.2583333333337
378.15000000000003,610.0083333333333,6381.258333333334,2385.2583333333337
383.81666666666666,536.0083333333333,6463.258333333334,2374.2583333333337
378.15000000000003,581.3416666666667,6484.925,2333.5916666666667
360.15000000000003,559.6750000000001,6423.591666666667,2358.5916666666667
410.81666666666666,548.3416666666667,6485.925,2407.925
369.48333333333335,535.0083333333333,6592.591666666667,2344.925
380.48333333333335,605.3416666666667,6513.258333333334,2365.5916666666667
395.15000000000003,603.3416666666667,6635.925,2380.5916666666667
356.15000000000003,564.0083333333333,6694.591666666667,2372.5916666666667
367.81666666666666,576.6750000000001,6608.925,2361.925
387.81666666666666,568.0083333333333,6591.591666666667,2344.2583333333337
369.48333333333335,570.0083333333333,6648.925,2353.925
418.15000000000003,553.6750000000001,6577.925,2417.2583333333337
380.48333333333335,579.6750000000001,6623.925,2376.925
407.81666666666666,638.3416666666667,6582.258333333334,2354.2583333333337
401.81666666666666,577.6750000000001,6661.925,2355.925
400.81666666666666,587.6750000000001,6590.258333333334,2427.2583333333337
374.81666666666666,596.0083333333333,6589.591666666667,2443.2583333333337
389.48333333333335,583.0083333333333,6538.925,2405.5916666666667
358.15000000000003,601.0083333333333,6641.925,2395.5916666666667
381.81666666666666,617.3416666666667,6630.925,2329.2583333333337
400.81666666666666,590.3416666666667,6635.258333333334,2367.5916666666667
370.48333333333335,604.0083333333333,6559.591666666667,2430.5916666666667
392.48333333333335,584.6750000000001,6583.591666666667,2429.5916666666667
388.48333333333335,626.0083333333333,6546.925,2380.2583333333337
386.48333333333335,586.3416666666667,6449.258333333334,2344.5916666666667
398.81666666666666,584.3416666666667,6558.258333333334,2417.5916666666667
366.48333333333335,578.3416666666667,6575.258333333334,2415.925
405.48333333333335,575.0083333333333,6499.925,2402.925
383.48333333333335,579.6750000000001,6527.591666666667,2405.2583333333337
376.48333333333335,619.6750000000001,6492.925,2436.2583333333337
383.81666666666666,600.6750000000001,6502.591666666667,2438.2583333333337
394.48333333333335,625.3416666666667,6468.591666666667,2465.5916666666667
392.48333333333335,593.3416666666667,6531.925,2460.5916666666667
421.48333333333335,625.0083333333333,6504.591666666667,2463.2583333333337
379.15000000000003,621.6750000000001,6578.591666666667,2479.2583333333337
386.15000000000003,606.3416666666667,6568.925,2468.925
396.81666666666666,632.0083333333333,6487.591666666667,2525.925
384.81666666666666,636.0083333333333,6533.258333333334,2510.2583333333337
404.81666666666666,603.0083333333333,6582.258333333334,2467.5916666666667
392.15000000000003,587.3416666666667,6624.591666666667,2520.925
371.15000000000003,574.0083333333333,6542.591666666667,2432.2583333333337
392.15000000000003,614.0083333333333,6631.591666666667,2465.2583333333337
363.81666666666666,605.3416666666667,6673.925,2470.5916666666667
392.15000000000003,651.0083333333333,6651.925,2519.5916666666667
401.81666666666666,645.3416666666667,6736.258333333334,2491.5916666666667
382.81666666666666,600.3416666666667,6659.258333333334,2583.2583333333337
363.81666666666666,604.3416666666667,6630.591666666667,2492.5916666666667
394.81666666666666,597.0083333333333,6668.258333333334,2592.5916666666667
379.15000000000003,561.0083333333333,6627.925,2559.5916666666667
350.81666666666666,616.6750000000001,6660.925,2592.925
379.81666666666666,608.6750000000001,6638.925,2570.2583333333337
381.15000000000003,600.6750000000001,6675.258333333334,2588.925
355.48333333333335,581.0083333333333,6687.591666666667,2569.925
384.15000000000003,630.3416666666667,6681.258333333334,2528.2583333333337
364.48333333333335,619.6750000000001,6713.925,2534.2583333333337
395.48333333333335,611.0083333333333,6836.258333333334,2551.5916666666667
381.15000000000003,605.6750000000001,6791.591666666667,2563.5916666666667
358.15000000000003,615.0083333333333,6851.258333333334,2606.925
331.81666666666666,631.0083333333333,6725.925,2597.925
363.48333333333335,619.0083333333333,6844.258333333334,2583.5916666666667
360.48333333333335,588.0083333333333,6785.591666666667,2624.5916666666667
357.15000000000003,636.0083333333333,6879.258333333334,2618.2583333333337
322.15000000000003,620.6750000000001,6934.925,2613.2583333333337
366.48333333333335,632.3416666666667,6962.925,2658.2583333333337
359.48333333333335,578.6750000000001,6957.591666666667,2658.925
348.81666666666666,667.0083333333333,7005.591666666667,2619.925
331.48333333333335,645.3416666666667,7027.591666666667,2641.5916666666667
336.81666666666666,639.6750000000001,7068.258333333334,2627.2583333333337
317.48333333333335,630.0083333333333,7164.258333333334,2608.2583333333337
356.15000000000003,642.3416666666667,7260.258333333334,2644.925
342.81666666666666,654.0083333333333,7299.591666666667,2688.2583333333337
347.48333333333335,626.3416666666667,7135.258333333334,2680.925
344.81666666666666,615.0083333333333,7062.925,2682.2583333333337
309.81666666666666,639.0083333333333,7146.925,2731.9250000000006
365.81666666666666,642.3416666666667,7114.258333333334,2711.5916666666667
363.48333333333335,625.0083333333333,7132.591666666667,2739.2583333333337
318.48333333333335,669.6750000000001,7117.591666666667,2735.9250000000006
332.48333333333335,628.0083333333333,7140.258333333334,2718.2583333333337
322.15000000000003,661.3416666666667,7130.591666666667,2721.925
334.15000000000003,654.0083333333333,7234.925,2746.591666666667
312.15000000000003,655.3416666666667,7139.925,2664.925
313.48333333333335,620.6750000000001,7165.591666666667,2743.9250000000006
324.15000000000003,638.3416666666667,7137.258333333334,2764.2583333333337
343.15000000000003,637.0083333333333,7164.258333333334,2734.9250000000006
309.15000000000003,621.0083333333333,7210.925,2823.591666666667
337.15000000000003,653.0083333333333,7186.925,2767.591666666667
320.15000000000003,635.3416666666667,7204.591666666667,2770.591666666667
317.15000000000003,669.0083333333333,7108.925,2847.2583333333337
318.81666666666666,623.6750000000001,7146.925,2809.2583333333337
346.48333333333335,680.3416666666667,7122.925,2806.9250000000006
285.15000000000003,637.0083333333333,7128.925,2818.2583333333337
276.48333333333335,651.0083333333333,7140.925,2833.2583333333337
318.48333333333335,643.0083333333333,7170.925,2830.2583333333337
323.81666666666666,635.0083333333333,7231.925,2846.591666666667
327.81666666666666,669.3416666666667,7139.591666666667,2873.9250000000006
306.81666666666666,649.6750000000001,7149.591666666667,2906.9250000000006
284.81666666666666,696.6750000000001,7165.925,2891.2583333333337
291.15000000000003,701.3416666666667,7198.591666666667,2878.9250000000006
305.15000000000003,648.6750000000001,7096.925,2873.9250000000006
306.48333333333335,635.0083333333333,7217.591666666667,2876.591666666667
284.48333333333335,649.6750000000001,7220.258333333334,2896.591666666667
317.48333333333335,677.0083333333333,7175.591666666667,2932.591666666667
297.48333333333335,681.3416666666667,7165.925,2947.9250000000006
319.81666666666666,672.0083333333333,7115.258333333334,2963.9250000000006
313.15000000000003,653.6750000000001,7116.591666666667,2892.9250000000006
262.81666666666666,683.0083333333333,7124.591666666667,2948.591666666667
286.15000000000003,674.3416666666667,7178.258333333334,2983.591666666667
290.81666666666666,663.3416666666667,7203.258333333334,2929.2583333333337
302.81666666666666,675.6750000000001,7135.258333333334,3022.9250000000006
303.81666666666666,671.3416666666667,7277.591666666667,3037.591666666667
285.48333333333335,644.6750000000001,7198.258333333334,3010.9250000000006
309.48333333333335,657.0083333333333,7190.591666666667,2997.591666666667
297.81666666666666,713.3416666666667,7160.925,3069.591666666667
347.48333333333335,691.3416666666667,7237.591666666667,3021.2583333333337
297.15000000000003,684.0083333333333,7227.591666666667,3125.9250000000006
267.15000000000003,700.6750000000001,7174.591666666667,3126.9250000000006
273.81666666666666,691.6750000000001,7312.925,3085.2583333333337
301.48333333333335,719.3416666666667,7270.258333333334,3132.591666666667
300.15000000000003,697.0083333333333,7206.925,3149.2583333333337
306.48333333333335,679.3416666666667,7225.258333333334,3206.9250000000006
291.48333333333335,685.6750000000001,7396.925,3205.591666666667
307.48333333333335,703.0083333333333,7253.258333333334,3277.9250000000006
300.48333333333335,710.3416666666667,7337.925,3396.2583333333337
288.81666666666666,687.6750000000001,7264.925,3595.2583333333337
266.15000000000003,673.0083333333333,7306.591666666667,3808.5916666666667
278.48333333333335,689.0083333333333,7254.591666666667,3686.591666666667
286.15000000000003,660.0083333333333,7279.258333333334,3625.591666666667
268.48333333333335,687.0083333333333,7339.591666666667,3625.9250000000006
258.81666666666666,699.0083333333333,7289.925,3569.591666666667
277.48333333333335,745.6750000000001,7343.591666666667,3533.591666666667
284.48333333333335,690.6750000000001,7328.258333333334,3608.9250000000006
275.48333333333335,685.0083333333333,7302.925,3743.9249999999997
273.81666666666666,716.6750000000001,7335.258333333334,4076.9249999999993
300.48333333333335,690.0083333333333,7304.258333333334,4359.924999999999
296.48333333333335,702.6750000000001,7344.258333333334,4475.258333333332
323.81666666666666,696.6750000000001,7372.258333333334,4342.258333333332
256.15000000000003,668.3416666666667,7293.258333333334,4131.591666666666
298.48333333333335,755.3416666666667,7381.258333333334,4020.591666666666
285.48333333333335,727.0083333333333,7341.591666666667,3957.2583333333328
282.15000000000003,731.3416666666667,7389.591666666667,3913.9249999999993
266.81666666666666,718.3416666666667,7364.591666666667,3903.591666666666
282.48333333333335,713.0083333333333,7273.925,3898.9249999999993
238.48333333333335,680.3416666666667,7310.925,3870.2583333333328
290.48333333333335,724.6750000000001,7359.258333333334,3965.9249999999993
299.81666666666666,714.3416666666667,7376.258333333334,4063.2583333333328
288.48333333333335,709.3416666666667,7440.258333333334,4548.924999999999
275.81666666666666,678.0083333333333,7348.925,5169.258333333332
286.48333333333335,698.0083333333333,7469.591666666667,5422.258333333332
281.15000000000003,716.3416666666667,7357.925,5190.258333333332
316.81666666666666,711.3416666666667,7431.925,4847.258333333332
282.81666666666666,696.0083333333333,7416.258333333334,4684.924999999999
299.15000000000003,725.0083333333333,7473.925,4586.591666666666
289.81666666666666,713.6750000000001,7427.591666666667,4370.924999999999
289.81666666666666,714.6750000000001,7478.591666666667,4306.258333333332
281.48333333333335,696.3416666666667,7385.925,4210.591666666666
288.48333333333335,719.3416666666667,7368.258333333334,4208.924999999999
256.15000000000003,705.0083333333333,7472.925,4070.591666666666
273.15000000000003,728.6750000000001,7455.925,3993.9249999999993
290.15000000000003,688.3416666666667,7378.591666666667,3975.591666666666
285.81666666666666,738.0083333333333,7529.925,3951.2583333333328
300.81666666666666,777.0083333333333,7408.925,3930.2583333333328
266.48333333333335,680.3416666666667,7407.925,3864.9249999999993
306.81666666666666,711.6750000000001,7430.925,3865.591666666666
297.48333333333335,709.3416666666667,7438.591666666667,3746.2583333333337
292.15000000000003,721.0083333333333,7479.591666666667,3812.9249999999997
268.15000000000003,718.3416666666667,7426.258333333334,3794.9250000000006
283.15000000000003,714.0083333333333,7525.258333333334,3781.591666666667
329.81666666666666,729.0083333333333,7504.258333333334,3779.9249999999997
253.15,714.6750000000001,7488.591666666667,3716.591666666667
276.48333333333335,734.3416666666667,7555.591666666667,3716.9250000000006
296.48333333333335,730.3416666666667,7601.258333333334,3685.2583333333337
296.81666666666666,738.0083333333333,7501.925,3671.9250000000006
284.15000000000003,720.0083333333333,7495.591666666667,3655.2583333333337
289.15000000000003,758.6750000000001,7534.258333333334,3658.2583333333337
256.81666666666666,742.3416666666667,7576.591666666667,3649.591666666667
290.81666666666666,759.3416666666667,7537.925,3661.9250000000006
266.15000000000003,762.6750000000001,7528.925,3631.9250000000006
291.15000000000003,753.0083333333333,7458.258333333334,3637.9250000000006
300.15000000000003,749.6750000000001,7481.258333333334,3612.2583333333337
287.48333333333335,763.0083333333333,7540.258333333334,3675.2583333333337
272.15000000000003,763.6750000000001,7484.591666666667,3627.9250000000006
303.48333333333335,763.0083333333333,7493.925,3650.591666666667
316.15000000000003,728.3416666666667,7522.591666666667,3644.2583333333337
291.48333333333335,776.0083333333333,7521.591666666667,3630.591666666667
270.81666666666666,749.6750000000001,7465.925,3667.591666666667
303.15000000000003,759.6750000000001,7506.591666666667,3607.2583333333337
300.15000000000003,714.0083333333333,7425.258333333334,3599.9250000000006
318.48333333333335,773.3416666666667,7453.591666666667,3579.9250000000006
286.15000000000003,762.6750000000001,7479.591666666667,3531.9250000000006
280.81666666666666,751.3416666666667,7456.258333333334,3656.9250000000006
254.15,738.3416666666667,7492.591666666667,3618.9250000000006
306.48333333333335,742.3416666666667,7469.925,3571.2583333333337
293.81666666666666,770.0083333333333,7514.591666666667,3549.2583333333337
318.15000000000003,749.3416666666667,7477.591666666667,3592.591666666667
316.81666666666666,772.3416666666667,7515.591666666667,3562.2583333333337
331.81666666666666,805.6750000000001,7447.258333333334,3648.9250000000006
289.15000000000003,783.6750000000001,7502.258333333334,3581.591666666667
308.48333333333335,746.6750000000001,7627.258333333334,3604.591666666667
310.81666666666666,760.6750000000001,7594.258333333334,3593.591666666667
312.15000000000003,764.0083333333333,7587.258333333334,3622.2583333333337
309.81666666666666,766.3416666666667,7694.925,3613.591666666667
333.15000000000003,831.6750000000001,7760.258333333334,3608.591666666667
295.48333333333335,814.0083333333333,7773.925,3655.2583333333337
317.15000000000003,805.3416666666667,7808.258333333334,3611.591666666667
319.81666666666666,778.0083333333333,7840.591666666667,3695.591666666667
329.81666666666666,765.0083333333333,7881.258333333334,3739.2583333333337
273.15000000000003,810.0083333333333,7987.591666666667,3747.591666666667
322.15000000000003,788.6750000000001,8114.258333333334,3686.2583333333337
325.15000000000003,812.0083333333333,8146.591666666667,3652.591666666667
331.48333333333335,789.6750000000001,8159.925,3702.9250000000006
330.81666666666666,795.6750000000001,8318.591666666667,3692.591666666667
349.81666666666666,793.3416666666667,8471.925000000001,3641.591666666667
312.15000000000003,800.3416666666667,8493.258333333333,3707.591666666667
348.15000000000003,795.6750000000001,8576.591666666667,3668.591666666667
330.15000000000003,799.3416666666667,8618.591666666667,3641.591666666667
347.15000000000003,827.6750000000001,8670.591666666667,3702.9250000000006
344.15000000000003,828.0083333333333,8707.925000000001,3674.9250000000006
353.15000000000003,856.3416666666667,8678.258333333333,3714.2583333333337
352.15000000000003,789.6750000000001,8908.258333333333,3682.9250000000006
345.48333333333335,805.0083333333333,8921.925000000001,3691.591666666667
348.81666666666666,795.0083333333333,8969.925000000001,3701.2583333333337
389.48333333333335,829.0083333333333,9124.591666666667,3727.9250000000006
325.81666666666666,782.3416666666667,9391.925000000001,3738.9250000000006
345.48333333333335,762.3416666666667,9348.258333333333,3770.9250000000006
365.15000000000003,820.0083333333333,9490.258333333333,3771.591666666667
378.48333333333335,814.3416666666667,9599.591666666667,3726.591666666667
380.48333333333335,758.3416666666667,9742.591666666667,3758.9250000000006
359.48333333333335,802.3416666666667,9706.925000000001,3780.591666666667
391.15000000000003,806.6750000000001,9709.591666666667,3780.591666666667
381.48333333333335,793.3416666666667,9792.591666666667,3732.591666666667
354.48333333333335,808.3416666666667,9730.925000000001,3783.2583333333337
362.81666666666666,808.3416666666667,9709.258333333333,3746.5916666666667
362.48333333333335,783.6750000000001,9471.925000000001,3810.2583333333337
414.48333333333335,835.3416666666667,9467.591666666667,3913.5916666666667
378.48333333333335,834.0083333333333,9355.591666666667,3811.9250000000006
401.81666666666666,802.6750000000001,9175.591666666667,3796.5916666666667
390.81666666666666,792.6750000000001,9000.258333333333,3772.591666666667
410.81666666666666,830.6750000000001,8858.258333333333,3811.258333333333
360.48333333333335,788.3416666666667,8688.925000000001,3866.258333333333
383.48333333333335,808.3416666666667,8603.925000000001,3903.9249999999997
420.15000000000003,822.6750000000001,8475.258333333333,3843.258333333333
397.81666666666666,816.3416666666667,8299.591666666667,3951.2583333333328
384.15000000000003,843.3416666666667,8171.925,3911.591666666666
416.48333333333335,837.3416666666667,8203.925000000001,4018.2583333333328
399.48333333333335,859.3416666666667,8102.925,4074.591666666666
426.48333333333335,876.0083333333333,7976.591666666667,4443.591666666666
406.15000000000003,806.3416666666667,7995.258333333334,6042.924999999999
391.81666666666666,859.3416666666667,7843.925,8902.258333333333
412.81666666666666,828.6750000000001,7796.591666666667,8267.925
406.81666666666666,853.6750000000001,7861.591666666667,5334.258333333332
459.81666666666666,829.0083333333333,7633.591666666667,4415.258333333332
406.81666666666666,886.3416666666667,7595.591666666667,4240.258333333332
405.48333333333335,826.6750000000001,7488.925,4143.258333333332
428.15000000000003,859.0083333333333,7461.925,4051.9249999999993
462.15000000000003,843.0083333333333,7457.591666666667,4071.591666666666
420.48333333333335,843.6750000000001,7412.258333333334,3973.591666666666
420.81666666666666,864.3416666666667,7263.925,4122.591666666666
431.81666666666666,852.3416666666667,7329.258333333334,4095.591666666666
432.15000000000003,892.0083333333333,7172.258333333334,4162.924999999999
446.15000000000003,880.6750000000001,7194.258333333334,4144.591666666666
436.48333333333335,875.0083333333333,7050.258333333334,4118.258333333332
416.48333333333335,843.6750000000001,7044.591666666667,4203.924999999999
399.15000000000003,876.6750000000001,6959.258333333334,4277.258333333332
449.81666666666666,870.0083333333333,7021.591666666667,4586.258333333332
436.48333333333335,888.3416666666667,6766.258333333334,6407.591666666666
410.15000000000003,840.0083333333333,6870.925,7863.591666666666
454.81666666666666,893.6750000000001,6740.925,6401.258333333332
437.48333333333335,905.3416666666667,6702.258333333334,4680.591666666666
460.81666666666666,887.6750000000001,6623.591666666667,4450.591666666666
461.48333333333335,878.0083333333333,6631.258333333334,4385.591666666666
468.81666666666666,902.6750000000001,6624.925,4362.924999999999
465.15000000000003,870.6750000000001,6523.925,4370.591666666666
471.15000000000003,869.0083333333333,6405.925,4367.591666666666
502.48333333333335,909.6750000000001,6407.258333333334,4365.591666666666
491.15000000000003,905.0083333333333,6288.925,4443.591666666666
500.81666666666666,909.3416666666667,6409.258333333334,4473.258333333332
489.15000000000003,886.0083333333333,6402.258333333334,4514.591666666666
500.15000000000003,955.0083333333333,6340.258333333334,4450.924999999999
477.15000000000003,902.0083333333333,6362.925,4524.591666666666
484.15000000000003,924.0083333333333,6281.258333333334,4516.591666666666
476.15000000000003,901.0083333333333,6266.925,4601.924999999999
464.48333333333335,941.6750000000001,6246.591666666667,4637.924999999999
487.81666666666666,880.0083333333333,6150.591666666667,4647.258333333332
481.48333333333335,907.6750000000001,6169.258333333334,4746.258333333332
487.48333333333335,915.3416666666667,6080.591666666667,4765.924999999999
485.81666666666666,949.0083333333333,6120.258333333334,4889.924999999999
509.81666666666666,924.6750000000001,6067.925,4950.258333333332
494.81666666666666,956.0083333333332,6103.925,4958.258333333332
487.48333333333335,948.3416666666666,6060.258333333334,5106.924999999999
507.48333333333335,935.6750000000001,6060.258333333334,5161.591666666666
504.48333333333335,977.0083333333332,6015.591666666667,5280.258333333332
530.4833333333333,953.6749999999998,6021.258333333334,5456.924999999999
510.48333333333335,1028.675,6009.591666666667,5582.924999999999
546.8166666666667,953.0083333333333,6007.925,5736.591666666666
523.4833333333333,948.3416666666667,5976.258333333334,5935.924999999999
503.48333333333335,1008.3416666666666,5909.258333333334,6233.258333333332
521.8166666666667,959.0083333333332,5937.258333333334,6489.591666666666
531.4833333333333,979.0083333333332,5930.925,7025.591666666666
525.15,949.0083333333333,5953.258333333334,7613.591666666666
541.4833333333333,996.0083333333332,5972.258333333334,8309.258333333333
510.81666666666666,997.3416666666666,5883.258333333334,9533.925
546.15,956.6749999999998,5886.591666666667,11567.924999999997
510.48333333333335,1012.6749999999998,5740.925,15349.591666666669
529.15,975.6749999999998,5803.258333333334,19699.92466666667
520.8166666666667,1002.6749999999998,5813.591666666667,21325.92466666667
553.8166666666667,1002.6749999999998,5889.925,19488.92466666667
539.4833333333333,999.0083333333332,5810.925,15690.591333333336
515.8166666666667,1011.6749999999998,5714.591666666667,12845.924999999997
529.4833333333333,1038.3416666666665,5683.591666666667,11005.258333333331
579.15,1052.675,5762.925,9836.925
555.4833333333333,1037.3416666666665,5723.591666666667,8784.258333333333
548.8166666666667,1035.0083333333332,5711.258333333334,8173.924999999999
575.4833333333333,1014.3416666666666,5721.258333333334,7671.258333333332
560.8166666666667,1058.0083333333332,5723.258333333334,7261.258333333332
566.8166666666667,1003.6749999999998,5698.925,6795.258333333332
567.4833333333333,1064.675,5659.258333333334,6518.924999999999
550.8166666666667,1076.675,5643.925,6244.258333333332
548.15,1046.3416666666665,5684.591666666667,6008.924999999999
543.4833333333333,1079.3416666666665,5717.591666666667,5788.258333333332
557.8166666666667,1078.675,5704.258333333334,5679.591666666666
562.8166666666667,1066.675,5730.925,5546.924999999999
566.8166666666667,1069.0083333333332,5768.591666666667,5427.591666666666
597.15,1081.0083333333332,5766.591666666667,5248.258333333332
604.8166666666667,1088.3416666666665,5719.591666666667,5158.924999999999
571.4833333333333,1055.3416666666665,5666.925,5058.258333333332
592.8166666666667,1106.3416666666665,5646.258333333334,4933.258333333332
596.4833333333333,1102.0083333333332,5715.258333333334,4921.258333333332
567.15,1149.3416666666665,5719.258333333334,4865.924999999999
569.4833333333333,1130.675,5658.591666666667,4753.924999999999
584.15,1125.0083333333332,5726.591666666667,4791.258333333332
590.8166666666667,1147.0083333333332,5707.925,4692.924999999999
590.8166666666667,1148.3416666666665,5715.591666666667,4662.924999999999
572.15,1175.675,5679.258333333334,4581.591666666666
585.15,1177.3416666666665,5719.258333333334,4574.591666666666
573.4833333333333,1201.0083333333332,5671.925,4460.924999999999
577.15,1246.675,5691.925,4451.591666666666
591.8166666666667,1246.675,5735.925,4446.591666666666
568.4833333333333,1206.3416666666665,5846.258333333334,4432.258333333332
634.4833333333333,1287.3416666666665,5738.258333333334,4387.591666666666
594.4833333333333,1343.3416666666665,5862.591666666667,4267.591666666666
605.15,1324.675,5953.925,4351.258333333332
584.15,1428.675,5956.591666666667,4342.591666666666
593.8166666666667,1456.3416666666665,5921.258333333334,4316.591666666666
608.4833333333333,1546.3416666666665,5867.925,4318.591666666666
581.8166666666667,1631.0083333333332,6017.258333333334,4260.591666666666
603.8166666666667,1691.675,5964.925,4261.924999999999
595.8166666666667,1658.3416666666665,6082.591666666667,4196.591666666666
593.4833333333333,1695.3416666666665,6190.591666666667,4144.924999999999
594.8166666666667,1793.0083333333332,6455.258333333334,4195.591666666666
596.15,1946.675,7501.258333333334,4151.591666666666
569.15,1983.675,8913.258333333333,4125.258333333332
629.4833333333333,1855.0083333333332,9070.258333333333,4171.924999999999
604.8166666666667,1703.675,8300.258333333333,4092.9249999999993
575.8166666666667,1607.0083333333332,10077.258333333333,4142.924999999999
603.15,1594.0083333333332,13492.258333333333,4113.591666666666
598.8166666666667,1556.3416666666665,13218.258333333333,4144.258333333332
581.8166666666667,1636.0083333333332,10468.591666666667,4096.591666666666
588.15,1757.0083333333332,8881.591666666667,4153.258333333332
595.15,1920.675,8202.258333333333,4096.591666666666
626.8166666666667,2112.6749999999997,8061.258333333334,4171.924999999999
581.15,2215.3416666666667,8153.925,4155.258333333332
583.15,1992.675,10508.925000000001,4110.924999999999
589.15,1742.3416666666665,15776.591,4180.258333333332
621.4833333333333,1585.3416666666665,16976.591,4125.591666666666
568.4833333333333,1465.675,13020.925000000001,4092.9249999999993
589.15,1423.675,10224.925000000001,4118.591666666666
586.15,1335.675,8934.925000000001,4175.258333333332
620.4833333333333,1288.675,8272.591666666667,4151.258333333332
617.15,1285.3416666666665,7671.591666666667,4123.924999999999
589.4833333333333,1247.675,7322.258333333334,4137.591666666666
566.8166666666667,1213.3416666666665,7032.591666666667,4147.591666666666
587.4833333333333,1221.675,6756.925,4184.924999999999
576.8166666666667,1216.3416666666665,6704.925,4165.591666666666
603.8166666666667,1251.3416666666665,6520.591666666667,4170.258333333332
575.15,1199.675,6309.925,4172.591666666666
597.8166666666667,1163.3416666666665,6183.591666666667,4230.258333333332
588.8166666666667,1139.0083333333332,6104.258333333334,4146.258333333332
596.4833333333333,1203.3416666666665,6063.591666666667,4121.258333333332
566.4833333333333,1152.3416666666665,5957.591666666667,4108.924999999999
595.4833333333333,1153.0083333333332,5963.591666666667,4146.258333333332
592.8166666666667,1177.675,5834.258333333334,4165.591666666666
576.15,1160.0083333333332,5778.925,4075.9249999999993
588.15,1151.0083333333332,5643.925,4093.2583333333328
609.15,1140.675,5663.591666666667,4145.591666666666
590.15,1155.675,5593.591666666667,4183.591666666666
663.4833333333333,1154.675,5554.925,4116.258333333332
563.8166666666667,1133.675,5591.591666666667,4174.591666666666
647.15,1171.3416666666665,5552.591666666667,4226.258333333332
609.8166666666667,1131.675,5529.258333333334,4194.258333333332
618.4833333333333,1128.3416666666665,5464.591666666667,4294.258333333332
592.4833333333333,1108.3416666666665,5425.591666666666,4308.591666666666
596.4833333333333,1154.675,5454.925,4450.258333333332
608.15,1128.0083333333332,5398.925,4609.591666666666
614.8166666666667,1110.3416666666665,5334.258333333333,4794.924999999999
670.4833333333333,1134.0083333333332,5295.591666666666,5149.258333333332
593.4833333333333,1125.3416666666665,5368.925,5519.924999999999
594.8166666666667,1160.0083333333332,5257.925,5739.591666666666
614.15,1165.675,5272.925,5789.258333333332
612.15,1167.675,5257.258333333333,5513.924999999999
618.4833333333333,1135.0083333333332,5241.258333333333,5243.924999999999
591.8166666666667,1136.3416666666665,5242.925,4981.258333333332
633.15,1126.0083333333332,5201.591666666666,4795.258333333332
614.15,1115.675,5122.258333333333,4576.924999999999
645.4833333333333,1167.675,5075.591666666666,4476.924999999999
597.15,1126.0083333333332,5078.591666666666,4414.924999999999
602.8166666666667,1105.0083333333332,5146.258333333333,4433.924999999999
629.15,1101.675,5031.591666666666,4362.258333333332
646.4833333333333,1149.0083333333332,5117.258333333333,4402.258333333332
629.8166666666667,1144.3416666666665,5058.258333333333,4295.591666666666
624.8166666666667,1147.675,5054.591666666666,4305.924999999999
567.4833333333333,1120.3416666666665,4968.591666666666,4189.924999999999
656.4833333333333,1153.3416666666665,5016.591666666666,4204.258333333332
628.4833333333333,1160.3416666666665,4915.258333333333,4150.258333333332
631.15,1141.0083333333332,5004.591666666666,4040.591666666666
650.15,1145.0083333333332,4957.925,3994.591666666666
624.15,1097.3416666666665,4935.591666666666,3936.2583333333328
649.8166666666667,1159.3416666666665,4928.258333333333,3856.258333333333
619.15,1099.3416666666665,4892.258333333333,3743.5916666666667
644.4833333333333,1129.675,4871.258333333333,3874.591666666667
667.4833333333333,1088.3416666666665,4858.258333333333,3853.9250000000006
647.15,1124.3416666666665,4823.925,3799.258333333333
646.15,1099.0083333333332,4790.258333333333,3777.591666666667
617.4833333333333,1128.675,4820.258333333333,3700.591666666667
659.4833333333333,1141.0083333333332,4841.925,3799.9250000000006
648.15,1100.0083333333332,4741.925,3738.9250000000006
634.15,1100.0083333333332,4802.925,3763.591666666667
659.15,1158.0083333333332,4773.925,3750.9250000000006
685.15,1153.3416666666665,4762.925,3668.9250000000006
652.15,1114.0083333333332,4702.258333333333,3700.591666666667
659.15,1131.0083333333332,4746.925,3683.9250000000006
658.8166666666667,1098.675,4818.258333333333,3694.2583333333337
658.8166666666667,1110.675,4739.258333333333,3710.2583333333337
692.15,1064.0083333333332,4736.925,3616.2583333333337
643.15,1106.3416666666665,4798.591666666666,3645.2583333333337
679.4833333333333,1078.0083333333332,4714.258333333333,3630.2583333333337
662.15,1098.0083333333332,4784.925,3621.9250000000006
696.8166666666666,1081.0083333333332,4684.258333333333,3584.9250000000006
684.15,1153.0083333333332,4637.258333333333,3625.9250000000006
711.15,1079.0083333333332,4626.591666666666,3602.9250000000006
686.15,1122.3416666666665,4665.925,3638.9250000000006
664.8166666666667,1058.3416666666665,4717.925,3608.9250000000006
720.8166666666666,1115.675,4646.925,3561.591666666667
709.8166666666666,1092.3416666666665,4631.258333333333,3547.591666666667
699.4833333333332,1092.675,4665.925,3567.591666666667
677.8166666666667,1100.3416666666665,4643.591666666666,3512.591666666667
707.4833333333332,1056.0083333333332,4656.258333333333,3522.591666666667
694.4833333333332,1121.0083333333332,4663.925,3539.2583333333337
751.15,1128.0083333333332,4726.258333333333,3604.2583333333337
731.4833333333332,1075.675,4635.591666666666,3584.9250000000006
763.4833333333332,1072.675,4682.591666666666,3534.591666666667
747.15,1119.3416666666665,4682.925,3575.591666666667
763.8166666666666,1137.675,4665.258333333333,3555.591666666667
758.15,1116.0083333333332,4670.925,3508.591666666667
773.8166666666666,1056.0083333333332,4702.591666666666,3559.591666666667
764.15,1109.0083333333332,4604.925,3567.591666666667
773.4833333333332,1099.675,4665.258333333333,3558.9250000000006
819.8166666666666,1054.675,4635.258333333333,3526.591666666667
767.8166666666666,1137.3416666666665,4613.591666666666,3543.591666666667
830.15,1121.3416666666665,4651.258333333333,3541.591666666667
833.15,1091.0083333333332,4623.925,3526.9250000000006
846.8166666666666,1124.3416666666665,4725.925,3534.9250000000006
820.4833333333332,1126.675,4613.925,3518.591666666667
869.8166666666666,1099.3416666666665,4760.925,3575.591666666667
863.4833333333332,1125.3416666666665,4743.258333333333,3472.591666666667
868.8166666666666,1142.0083333333332,4661.591666666666,3480.591666666667
946.4833333333332,1099.675,4729.591666666666,3527.2583333333337
884.8166666666666,1087.3416666666665,4674.925,3450.9250000000006
952.8166666666666,1095.675,4719.258333333333,3577.591666666667
964.15,1117.0083333333332,4674.258333333333,3531.591666666667
989.8166666666666,1080.3416666666665,4634.258333333333,3554.9250000000006
1035.1499999999999,1059.0083333333332,4646.925,3518.9250000000006
1118.8166666666666,1091.0083333333332,4655.591666666666,3526.591666666667
1076.4833333333333,1039.3416666666665,4662.925,3589.9250000000006
1152.1499999999999,1070.675,4617.925,3631.2583333333337
1501.8166666666666,1126.0083333333332,4591.258333333333,3538.591666666667
1746.4833333333333,1098.0083333333332,4673.925,3585.2583333333337
1576.1499999999999,1089.3416666666665,4633.925,3652.591666666667
1770.4833333333333,1112.3416666666665,4651.258333333333,3588.2583333333337
1917.8166666666666,1078.0083333333332,4616.258333333333,3580.9250000000006
2379.483333333333,1074.3416666666665,4652.258333333333,3629.2583333333337
2301.15,1101.0083333333332,4646.925,3729.9250000000006
1980.4833333333333,1108.3416666666665,4602.925,3731.591666666667
1890.8166666666666,1091.675,4628.591666666666,3659.2583333333337
1872.8166666666666,1136.0083333333332,4638.258333333333,3775.591666666667
1998.4833333333333,1106.3416666666665,4642.591666666666,3809.9249999999997
1936.4833333333333,1107.675,4660.258333333333,3814.2583333333337
1700.8166666666666,1135.3416666666665,4603.925,3818.591666666667
1792.4833333333333,1116.3416666666665,4569.591666666666,3865.5916666666667
1790.4833333333333,1110.675,4597.925,3793.591666666667
1916.4833333333333,1126.3416666666665,4623.258333333333,3818.2583333333337
2092.8166666666666,1150.0083333333332,4585.591666666666,3903.5916666666667
2316.8166666666666,1125.675,4557.591666666666,3869.258333333333
2508.8166666666666,1120.0083333333332,4594.591666666666,3939.2583333333328
2801.816666666667,1084.0083333333332,4629.591666666666,3889.5916666666667
3288.4833333333336,1118.3416666666665,4520.258333333333,3956.9249999999993
4361.483333333334,1115.0083333333332,4615.925,4030.9249999999993
5852.150000000001,1099.675,4575.925,3972.591666666666
6161.150000000001,1102.675,4562.591666666666,4017.2583333333328
5813.150000000001,1104.675,4508.258333333333,4099.924999999999
5845.150000000001,1075.0083333333332,4480.925,4082.2583333333328
6575.816666666667,1130.0083333333332,4535.925,4086.2583333333328
7899.816666666667,1144.3416666666665,4538.591666666666,4177.924999999999
9511.15,1105.3416666666665,4539.925,4279.591666666666
10125.15,1108.3416666666665,4571.591666666666,4405.924999999999
10278.483333333334,1145.3416666666665,4405.258333333333,4452.591666666666
9896.15,1149.0083333333332,4499.591666666666,4538.258333333332
9035.15,1099.3416666666665,4480.591666666666,4532.924999999999
9258.15,1143.3416666666665,4506.591666666666,4705.591666666666
8868.483333333334,1135.3416666666665,4450.591666666666,4726.258333333332
7591.150000000001,1130.0083333333332,4515.258333333333,4940.258333333332
6971.816666666667,1063.0083333333332,4426.591666666666,5003.924999999999
6786.150000000001,1127.0083333333332,4529.591666666666,5166.258333333332
7486.816666666667,1118.3416666666665,4500.925,5468.591666666666
9042.15,1117.0083333333332,4479.925,5672.924999999999
10174.15,1119.675,4472.925,6039.591666666666
9874.15,1159.3416666666665,4432.925,6591.924999999999
8219.483333333334,1145.3416666666665,4535.591666666666,7282.924999999999
6438.483333333334,1180.3416666666665,4546.258333333333,8548.258333333333
5024.150000000001,1157.0083333333332,4444.591666666666,11917.591666666665
4269.150000000001,1153.0083333333332,4440.591666666666,19028.258
3713.4833333333336,1125.0083333333332,4557.258333333333,21308.92466666667
3386.15,1150.0083333333332,4487.258333333333,17146.258
3072.4833333333336,1204.675,4507.591666666666,14505.591666666665
2857.15,1201.0083333333332,4473.258333333333,14134.591666666665
2627.15,1188.3416666666665,4487.925,16427.258
2445.8166666666666,1152.3416666666665,4577.258333333333,23561.591333333334
2395.8166666666666,1163.0083333333332,4465.591666666666,26568.591333333334
2212.15,1127.675,4495.258333333333,21649.92466666667
2089.15,1138.3416666666665,4470.591666666666,16490.258
1975.4833333333333,1100.675,4467.591666666666,13879.591666666665
1905.4833333333333,1151.0083333333332,4531.258333333333,12435.258333333331
1818.4833333333333,1158.675,4498.258333333333,11273.258333333331
1848.1499999999999,1127.675,4479.591666666666,10598.925
1751.4833333333333,1128.3416666666665,4477.258333333333,9993.925
1648.8166666666666,1103.675,4515.258333333333,9765.591666666665
1590.8166666666666,1144.0083333333332,4492.925,9677.591666666665
1567.1499999999999,1158.0083333333332,4492.925,9831.925
1552.4833333333333,1149.0083333333332,4524.925,10378.591666666665
1487.8166666666666,1133.0083333333332,4573.925,10403.925
1446.8166666666666,1104.0083333333332,4487.591666666666,9626.591666666665
1455.1499999999999,1140.3416666666665,4428.591666666666,9470.258333333333
1436.8166666666666,1123.675,4513.925,9272.591666666665
1368.1499999999999,1162.0083333333332,4595.925,8619.925
1317.1499999999999,1131.0083333333332,4648.925,8065.258333333332
1357.1499999999999,1131.675,4596.591666666666,7737.258333333332
1302.8166666666666,1144.675,4550.925,7498.924999999999
1267.4833333333333,1148.3416666666665,4604.258333333333,7020.924999999999
1262.4833333333333,1152.3416666666665,4653.258333333333,6813.258333333332
1245.1499999999999,1198.675,4687.258333333333,6502.591666666666
1224.1499999999999,1130.675,4617.591666666666,6441.924999999999
1189.1499999999999,1126.675,4725.591666666666,6487.924999999999
1184.1499999999999,1131.675,4671.591666666666,6660.924999999999
1179.1499999999999,1133.3416666666665,4654.925,6483.258333333332
1171.1499999999999,1136.3416666666665,4674.591666666666,6196.258333333332
1151.1499999999999,1193.675,4606.258333333333,5778.591666666666
1169.1499999999999,1172.675,4598.258333333333,5549.924999999999
1136.8166666666666,1144.3416666666665,4657.925,5376.258333333332
1155.8166666666666,1176.3416666666665,4651.591666666666,5201.924999999999
1136.8166666666666,1149.675,4653.258333333333,5045.258333333332
1078.1499999999999,1171.3416666666665,4642.591666666666,4891.591666666666
1120.1499999999999,1165.675,4603.925,4795.591666666666
1116.8166666666666,1158.675,4693.591666666666,4666.591666666666
1072.4833333333333,1173.3416666666665,4701.925,4567.591666666666
1105.4833333333333,1170.675,4762.925,4457.258333333332
1043.8166666666666,1181.3416666666665,4701.258333333333,4329.924999999999
1048.4833333333333,1164.0083333333332,4770.591666666666,4301.591666666666
1049.4833333333333,1162.0083333333332,4747.591666666666,4205.924999999999
1033.8166666666666,1190.0083333333332,4782.591666666666,4151.591666666666
1040.8166666666666,1227.3416666666665,4824.258333333333,4186.258333333332
1032.4833333333333,1202.675,4714.925,4139.924999999999
1040.1499999999999,1182.675,4614.591666666666,4055.591666666666
1018.4833333333332,1173.0083333333332,4659.591666666666,3902.2583333333328
1002.4833333333332,1187.675,4611.258333333333,3903.9249999999993
1066.1499999999999,1153.675,4651.258333333333,3849.5916666666667
1006.8166666666666,1190.0083333333332,4589.591666666666,3787.258333333333
1047.1499999999999,1167.675,4590.591666666666,3809.5916666666667
1000.15,1196.675,4568.258333333333,3656.2583333333337
1066.4833333333333,1214.675,4586.258333333333,3780.591666666667
1024.1499999999999,1195.3416666666665,4564.925,3679.9250000000006
1123.1499999999999,1188.0083333333332,4602.258333333333,3638.591666666667
1101.4833333333333,1187.0083333333332,4667.925,3609.9250000000006
1096.4833333333333,1220.3416666666665,4571.591666666666,3545.2583333333337
1150.8166666666666,1270.0083333333332,4579.258333333333,3598.9250000000006
1189.1499999999999,1234.3416666666665,4589.925,3463.9250000000006
1222.1499999999999,1241.3416666666665,4597.591666666666,3467.2583333333337
1333.8166666666666,1224.3416666666665,4581.258333333333,3461.591666666667
1520.8166666666666,1207.3416666666665,4588.591666666666,3375.9250000000006
1704.4833333333333,1244.0083333333332,4558.925,3403.9250000000006
2155.15,1187.3416666666665,4626.925,3353.2583333333337
3026.4833333333336,1241.3416666666665,4623.591666666666,3342.2583333333337
4023.4833333333336,1232.675,4488.591666666666,3342.591666666667
4312.816666666667,1199.3416666666665,4553.591666666666,3291.9250000000006
3333.4833333333336,1214.675,4597.591666666666,3287.2583333333337
2444.15,1223.675,4609.591666666666,3297.2583333333337
2007.1499999999999,1228.3416666666665,4579.258333333333,3239.2583333333337
1677.8166666666666,1202.3416666666665,4599.591666666666,3227.2583333333337
1468.8166666666666,1217.0083333333332,4612.258333333333,3210.2583333333337
1391.1499999999999,1223.3416666666665,4572.925,3254.2583333333337
1280.4833333333333,1190.3416666666665,4613.925,3177.9250000000006
1247.4833333333333,1244.0083333333332,4644.258333333333,3176.591666666667
1176.8166666666666,1210.3416666666665,4626.591666666666,3156.9250000000006
1183.4833333333333,1238.675,4685.591666666666,3162.2583333333337
1130.1499999999999,1239.675,4556.591666666666,3079.9250000000006
1095.4833333333333,1225.675,4609.591666666666,3045.2583333333337
1100.8166666666666,1210.675,4656.591666666666,3036.2583333333337
1057.4833333333333,1253.3416666666665,4692.925,3031.9250000000006
1039.4833333333333,1236.3416666666665,4600.925,3029.9250000000006
1039.4833333333333,1272.3416666666665,4656.258333333333,3015.9250000000006
1018.8166666666666,1245.0083333333332,4700.925,3018.591666666667
1015.4833333333332,1262.675,4677.591666666666,3045.2583333333337
1033.1499999999999,1201.0083333333332,4662.591666666666,3001.591666666667
1030.1499999999999,1230.675,4642.591666666666,2992.2583333333337
1036.8166666666666,1214.0083333333332,4674.591666666666,2923.2583333333337
988.15,1268.0083333333332,4674.925,2944.591666666667
962.8166666666666,1232.675,4686.258333333333,2887.591666666667
967.8166666666666,1244.3416666666665,4626.591666666666,2974.591666666667
961.4833333333332,1218.3416666666665,4661.925,2861.2583333333337
959.4833333333332,1250.3416666666665,4686.258333333333,2907.9250000000006
1012.4833333333332,1278.0083333333332,4759.591666666666,2955.591666666667
956.4833333333332,1320.3416666666665,4689.925,2972.9250000000006
935.15,1265.3416666666665,4761.258333333333,2945.9250000000006
972.4833333333332,1296.3416666666665,4696.925,2907.591666666667
937.4833333333332,1281.0083333333332,4746.591666666666,2877.9250000000006
950.15,1284.3416666666665,4777.925,2912.9250000000006
983.8166666666666,1271.0083333333332,4742.591666666666,2904.591666666667
927.15,1321.3416666666665,4841.925,2908.2583333333337
973.8166666666666,1307.3416666666665,4947.925,2815.9250000000006
909.8166666666666,1300.3416666666665,4993.925,2896.591666666667
939.8166666666666,1272.675,5009.591666666666,2869.9250000000006
920.4833333333332,1330.3416666666665,4894.591666666666,2890.9250000000006
952.4833333333332,1304.3416666666665,4914.258333333333,2847.2583333333337
980.4833333333332,1291.0083333333332,4834.258333333333,2915.9250000000006
926.15,1306.0083333333332,4832.591666666666,2842.2583333333337
941.15,1343.0083333333332,4821.258333333333,2890.9250000000006
948.4833333333332,1284.0083333333332,4803.258333333333,2825.2583333333337
944.15,1354.3416666666665,4823.925,2874.2583333333337
933.15,1332.0083333333332,4784.591666666666,2857.9250000000006
925.4833333333332,1348.3416666666665,4724.925,2845.2583333333337
931.15,1329.675,4693.925,2937.2583333333337
937.8166666666666,1341.675,4719.591666666666,2972.9250000000006
933.8166666666666,1350.3416666666665,4765.258333333333,2946.2583333333337
894.8166666666666,1328.0083333333332,4692.925,2916.2583333333337
990.15,1346.3416666666665,4696.591666666666,2928.591666666667
983.15,1350.3416666666665,4690.258333333333,2913.9250000000006
918.8166666666666,1286.675,4768.258333333333,2950.2583333333337
940.8166666666666,1317.675,4721.591666666666,2980.9250000000006
891.8166666666666,1342.0083333333332,4739.258333333333,2966.2583333333337
936.15,1317.675,4686.258333333333,3009.591666666667
950.15,1315.675,4650.925,2986.9250000000006
935.8166666666666,1320.675,4676.258333333333,3114.591666666667
930.4833333333332,1322.675,4770.591666666666,3082.2583333333337
915.15,1339.675,4628.925,3192.2583333333337
929.15,1332.675,4696.591666666666,3179.2583333333337
945.15,1330.3416666666665,4680.258333333333,3292.591666666667
952.8166666666666,1363.675,4659.591666666666,3406.591666666667
911.8166666666666,1339.3416666666665,4641.925,3474.2583333333337
940.4833333333332,1315.675,4594.591666666666,3599.2583333333337
939.15,1342.3416666666665,4666.258333333333,3728.5916666666667
931.15,1345.0083333333332,4624.925,4104.924999999999
949.4833333333332,1341.0083333333332,4645.258333333333,4604.591666666666
921.4833333333332,1325.3416666666665,4663.591666666666,5660.924999999999
943.8166666666666,1375.0083333333332,4568.591666666666,6490.924999999999
962.8166666666666,1301.3416666666665,4707.925,6360.924999999999
934.8166666666666,1386.3416666666665,4585.258333333333,5579.591666666666
914.8166666666666,1310.675,4645.925,5061.591666666666
907.8166666666666,1346.675,4703.925,4614.924999999999
935.15,1310.675,4598.258333333333,4245.258333333332
959.15,1314.675,4621.258333333333,3986.9249999999993
901.15,1305.675,4689.925,3766.2583333333328
987.15,1306.3416666666665,4652.925,3613.258333333333
937.8166666666666,1373.3416666666665,4627.591666666666,3587.2583333333337
1013.8166666666666,1307.3416666666665,4673.925,3434.2583333333337
954.8166666666666,1357.675,4719.258333333333,3303.2583333333337
1006.15,1329.3416666666665,4648.925,3247.9250000000006
949.8166666666666,1326.0083333333332,4705.258333333333,3139.9250000000006
997.8166666666666,1318.3416666666665,4721.258333333333,3098.9250000000006
948.8166666666666,1296.0083333333332,4673.591666666666,2996.2583333333337
959.15,1399.3416666666665,4710.925,2979.591666666667
963.8166666666666,1332.0083333333332,4687.925,2955.9250000000006
988.15,1344.675,4726.925,2861.9250000000006
967.8166666666666,1329.0083333333332,4779.258333333333,2891.2583333333337
950.8166666666666,1352.675,4709.591666666666,2856.591666666667
1027.4833333333333,1332.3416666666665,4746.258333333333,2817.591666666667
1035.1499999999999,1366.0083333333332,4805.258333333333,2807.2583333333337
1000.4833333333332,1365.675,4725.591666666666,2790.9250000000006
975.8166666666666,1371.675,4785.258333333333,2753.2583333333337
1024.1499999999999,1333.0083333333332,4791.591666666666,2758.591666666667
1062.8166666666666,1394.675,4795.591666666666,2693.925
1118.8166666666666,1314.3416666666665,4919.258333333333,2681.5916666666667
1095.4833333333333,1338.0083333333332,4900.258333333333,2651.2583333333337
1117.8166666666666,1351.675,4898.925,2675.925
1084.4833333333333,1369.675,4802.925,2587.2583333333337
1077.8166666666666,1388.675,4895.258333333333,2585.5916666666667
1067.8166666666666,1364.3416666666665,4861.591666666666,2531.2583333333337
1058.8166666666666,1369.3416666666665,4897.258333333333,2569.925
1080.8166666666666,1350.0083333333332,4926.925,2517.925
1033.1499999999999,1382.0083333333332,4957.591666666666,2580.925
1080.1499999999999,1382.675,4922.925,2505.5916666666667
1080.4833333333333,1398.0083333333332,4991.591666666666,2564.2583333333337
1057.8166666666666,1382.0083333333332,4977.925,2545.5916666666667
1086.4833333333333,1399.675,5014.258333333333,2596.925
1079.1499999999999,1370.0083333333332,4994.258333333333,2518.2583333333337
1160.4833333333333,1399.675,5085.258333333333,2532.925
1166.1499999999999,1367.3416666666665,5095.258333333333,2553.2583333333337
1171.1499999999999,1376.3416666666665,5121.591666666666,2471.5916666666667
1228.4833333333333,1427.0083333333332,5117.591666666666,2516.5916666666667
1314.8166666666666,1401.675,5158.258333333333,2570.925
1391.4833333333333,1422.0083333333332,5137.258333333333,2494.925
1662.8166666666666,1424.3416666666665,5155.925,2511.2583333333337
2038.1499999999999,1431.0083333333332,5267.591666666666,2520.2583333333337
2208.15,1392.0083333333332,5320.258333333333,2512.2583333333337
2057.8166666666666,1405.0083333333332,5288.258333333333,2406.5916666666667
1879.4833333333333,1389.675,5330.258333333333,2459.2583333333337
1804.1499999999999,1447.3416666666665,5416.591666666666,2508.925
1825.4833333333333,1424.675,5453.258333333333,2544.2583333333337
1717.8166666666666,1446.675,5482.925,2441.925
1693.4833333333333,1444.3416666666665,5462.591666666667,2445.2583333333337
1688.8166666666666,1427.3416666666665,5444.591666666666,2412.2583333333337
1731.8166666666666,1428.3416666666665,5485.591666666667,2406.925
1879.1499999999999,1430.0083333333332,5537.925,2485.5916666666667
2214.15,1414.0083333333332,5616.258333333334,2415.5916666666667
2903.816666666666,1418.0083333333332,5611.258333333334,2457.2583333333337
3328.15,1448.3416666666665,5570.925,2518.5916666666667
3118.4833333333336,1426.0083333333332,5742.258333333334,2497.925
2821.816666666666,1462.3416666666665,5718.925,2441.2583333333337
2589.483333333333,1401.0083333333332,5721.925,2469.5916666666667
2263.15,1495.0083333333332,5785.591666666667,2509.2583333333337
2147.15,1444.0083333333332,5925.925,2614.925
2001.1499999999999,1451.0083333333332,5953.925,2646.2583333333337
1914.8166666666666,1481.675,6155.258333333334,2589.925
1773.4833333333333,1440.0083333333332,6095.258333333334,2535.925
1741.8166666666666,1456.675,6215.591666666667,2549.925
1670.4833333333333,1446.675,6236.591666666667,2580.5916666666667
1584.1499999999999,1464.675,6261.925,2543.2583333333337
1530.4833333333333,1428.0083333333332,6338.925,2537.5916666666667
1515.8166666666666,1445.3416666666665,6289.925,2518.5916666666667
1480.1499999999999,1461.0083333333332,6441.925,2588.925
1418.1499999999999,1465.675,6483.591666666667,2597.925
1421.1499999999999,1451.675,6520.925,2580.2583333333337
1375.1499999999999,1468.675,6411.591666666667,2620.5916666666667
1365.8166666666666,1465.0083333333332,6520.258333333334,2647.5916666666667
1320.1499999999999,1486.3416666666665,6500.925,2798.9250000000006
1301.8166666666666,1488.675,6510.591666666667,2853.9250000000006
1331.8166666666666,1527.675,6509.925,2832.2583333333337
1313.4833333333333,1458.3416666666665,6529.258333333334,2746.2583333333337
1266.1499999999999,1484.0083333333332,6776.258333333334,2712.2583333333337
1289.8166666666666,1531.675,7346.591666666667,2734.591666666667
1227.1499999999999,1486.675,7554.591666666667,2650.2583333333337
1261.1499999999999,1484.3416666666665,7423.591666666667,2655.2583333333337
1257.8166666666666,1494.3416666666665,7429.258333333334,2664.2583333333337
1279.4833333333333,1526.675,8034.258333333334,2651.925
1217.4833333333333,1476.675,8685.258333333333,2605.925
1245.4833333333333,1494.675,8319.591666666667,2601.5916666666667
1223.8166666666666,1518.3416666666665,7793.925,2667.5916666666667
1212.8166666666666,1503.675,7372.258333333334,2727.2583333333337
1199.8166666666666,1546.675,7099.591666666667,2664.5916666666667
1178.4833333333333,1506.0083333333332,6910.258333333334,2762.2583333333337
1168.4833333333333,1490.0083333333332,6745.591666666667,2771.9250000000006
1191.1499999999999,1557.675,6612.258333333334,2852.2583333333337
1142.8166666666666,1495.675,6579.591666666667,2970.9250000000006
1150.4833333333333,1544.3416666666665,6508.591666666667,3243.591666666667
1156.1499999999999,1530.3416666666665,6317.258333333334,3524.2583333333337
1176.8166666666666,1486.675,6300.925,3487.591666666667
1176.1499999999999,1564.675,6299.591666666667,3319.2583333333337
1152.4833333333333,1587.3416666666665,6183.258333333334,3231.9250000000006
1169.1499999999999,1526.0083333333332,6121.925,3118.591666666667
1125.1499999999999,1544.675,6173.925,3095.2583333333337
1155.4833333333333,1549.3416666666665,6149.258333333334,3030.9250000000006
1143.1499999999999,1583.3416666666665,6080.925,3008.9250000000006
1162.8166666666666,1530.3416666666665,6040.925,2994.591666666667
1116.8166666666666,1591.675,5983.591666666667,2916.9250000000006
1186.4833333333333,1543.3416666666665,6010.258333333334,2976.9250000000006
1155.4833333333333,1583.3416666666665,5854.591666666667,2969.591666666667
1141.4833333333333,1591.0083333333332,5915.925,2890.591666666667
1118.8166666666666,1533.0083333333332,5839.925,2959.2583333333337
1162.8166666666666,1637.0083333333332,5905.925,3117.591666666667
1115.8166666666666,1587.675,5852.591666666667,3110.591666666667
1134.8166666666666,1587.3416666666665,5832.925,3123.591666666667
1144.4833333333333,1652.3416666666665,5677.258333333334,3110.591666666667
1094.8166666666666,1607.675,5770.925,3122.591666666667
1124.4833333333333,1631.675,5804.925,3161.591666666667
1163.4833333333333,1599.675,5827.591666666667,3209.9250000000006
1132.4833333333333,1597.675,5753.258333333334,3356.2583333333337
1143.4833333333333,1608.0083333333332,5694.591666666667,3438.591666666667
1110.4833333333333,1599.0083333333332,5752.258333333334,3512.591666666667
1098.1499999999999,1591.0083333333332,5721.925,3788.9249999999993
1097.4833333333333,1574.3416666666665,5744.925,4146.924999999999
1121.4833333333333,1566.0083333333332,5713.258333333334,4800.258333333332
1110.8166666666666,1638.0083333333332,5677.925,6021.258333333332
1096.8166666666666,1639.3416666666665,5648.258333333334,6947.591666666666
1143.8166666666666,1628.675,5612.591666666667,6869.591666666666
1088.8166666666666,1609.0083333333332,5595.925,6648.591666666666
1093.1499999999999,1607.0083333333332,5580.591666666667,6018.591666666666
1090.4833333333333,1610.0083333333332,5629.591666666667,5332.591666666666
1102.4833333333333,1606.3416666666665,5611.925,4712.924999999999
1133.8166666666666,1630.675,5659.258333333334,4422.258333333332
1118.1499999999999,1620.3416666666665,5603.925,4110.258333333332
1073.8166666666666,1611.675,5581.591666666667,3957.9249999999993
1091.4833333333333,1601.3416666666665,5572.925,3817.9249999999993
1109.8166666666666,1607.0083333333332,5591.925,3790.2583333333328
1106.8166666666666,1588.0083333333332,5594.258333333334,3816.9249999999993
1111.4833333333333,1640.675,5573.925,3974.591666666666
1062.1499999999999,1609.0083333333332,5597.591666666667,4018.591666666666
1110.1499999999999,1630.0083333333332,5562.591666666667,3799.2583333333328
1082.8166666666666,1648.675,5578.591666666667,3752.9249999999997
1093.4833333333333,1600.3416666666665,5557.258333333334,3912.9249999999993
1108.1499999999999,1608.675,5570.925,4035.9249999999993
1076.8166666666666,1632.675,5569.591666666667,3917.2583333333328
1070.4833333333333,1594.3416666666665,5531.258333333334,3870.9249999999993
1094.1499999999999,1667.675,5506.591666666667,3920.9249999999993
1087.8166666666666,1653.675,5534.258333333334,3940.9249999999993
1073.1499999999999,1680.3416666666665,5552.258333333334,3587.2583333333337
1046.8166666666666,1674.0083333333332,5496.258333333334,3348.591666666667
1035.1499999999999,1669.0083333333332,5515.591666666667,3242.591666666667
1084.1499999999999,1605.675,5483.925,3112.9250000000006
1121.8166666666666,1647.3416666666665,5579.925,3040.2583333333337
1099.4833333333333,1690.0083333333332,5482.925,3006.9250000000006
1038.4833333333333,1657.0083333333332,5579.591666666667,2864.9250000000006
1070.8166666666666,1607.0083333333332,5537.258333333334,2804.9250000000006
1055.1499999999999,1672.0083333333332,5547.258333333334,2728.925
1052.1499999999999,1620.0083333333332,5515.925,2763.591666666667
1086.1499999999999,1709.3416666666665,5568.258333333334,2707.2583333333337
1061.4833333333333,1593.675,5518.258333333334,2622.2583333333337
1089.1499999999999,1630.675,5543.258333333334,2642.5916666666667
1073.4833333333333,1634.675,5494.591666666667,2569.5916666666667
1073.1499999999999,1686.675,5572.591666666667,2529.5916666666667
1090.4833333333333,1638.0083333333332,5570.258333333334,2519.5916666666667
1084.4833333333333,1642.675,5575.258333333334,2518.925
1067.8166666666666,1616.0083333333332,5635.925,2455.2583333333337
1079.8166666666666,1623.3416666666665,5618.591666666667,2480.925
1100.1499999999999,1658.675,5625.591666666667,2435.2583333333337
1066.4833333333333,1703.0083333333332,5566.591666666667,2386.925
1074.1499999999999,1636.3416666666665,5570.258333333334,2400.925
1041.8166666666666,1672.0083333333332,5653.925,2392.2583333333337
1068.4833333333333,1672.3416666666665,5527.925,2365.5916666666667
1109.8166666666666,1635.3416666666665,5642.925,2396.2583333333337
1058.1499999999999,1688.0083333333332,5637.925,2331.5916666666667
1099.4833333333333,1706.0083333333332,5594.591666666667,2348.2583333333337
1058.8166666666666,1681.0083333333332,5608.925,2346.2583333333337
1090.1499999999999,1691.3416666666665,5646.591666666667,2320.5916666666667
1097.4833333333333,1696.3416666666665,5644.258333333334,2281.2583333333337
1064.8166666666666,1682.675,5671.925,2364.5916666666667
1071.4833333333333,1703.675,5642.591666666667,2330.5916666666667
1087.8166666666666,1687.0083333333332,5621.258333333334,2290.2583333333337
1114.1499999999999,1680.3416666666665,5729.925,2280.5916666666667
1046.1499999999999,1721.3416666666665,5724.258333333334,2292.925
1037.1499999999999,1734.675,5740.591666666667,2281.5916666666667
1080.8166666666666,1691.0083333333332,5785.258333333334,2292.5916666666667
1079.8166666666666,1684.675,5737.925,2260.925
1085.4833333333333,1672.675,5796.925,2228.5916666666667
1056.4833333333333,1660.0083333333332,5768.925,2210.925
1064.4833333333333,1720.675,5849.258333333334,2259.2583333333337
1102.8166666666666,1700.675,5875.258333333334,2233.5916666666667
1075.1499999999999,1683.0083333333332,5899.591666666667,2228.2583333333337
1084.8166666666666,1713.0083333333332,6017.925,2246.5916666666667
1030.1499999999999,1675.3416666666665,6012.591666666667,2261.5916666666667
1106.4833333333333,1731.3416666666665,6010.925,2291.2583333333337
1118.8166666666666,1723.675,6025.591666666667,2505.925
1089.4833333333333,1724.675,6079.591666666667,2711.925
1112.1499999999999,1733.0083333333332,6206.258333333334,2823.9250000000006
1092.1499999999999,1701.675,6234.925,2629.2583333333337
1088.4833333333333,1752.0083333333332,6277.591666666667,2488.925
1137.1499999999999,1709.0083333333332,6202.591666666667,2435.5916666666667
1091.8166666666666,1727.675,6340.591666666667,2389.5916666666667
1097.1499999999999,1776.3416666666665,6346.925,2393.2583333333337
1110.1499999999999,1732.0083333333332,6465.925,2448.2583333333337
1112.4833333333333,1743.0083333333332,6500.258333333334,2472.5916666666667
1165.8166666666666,1701.0083333333332,6492.591666666667,2486.2583333333337
1087.8166666666666,1712.3416666666665,6474.925,2381.2583333333337
1125.1499999999999,1718.675,6663.591666666667,2400.5916666666667
1120.1499999999999,1727.3416666666665,6743.925,2306.5916666666667
1146.1499999999999,1699.3416666666665,6789.925,2284.2583333333337
1134.8166666666666,1725.675,6873.925,2218.925
1147.8166666666666,1728.675,6952.258333333334,2335.5916666666667
1128.4833333333333,1774.0083333333332,6962.591666666667,2293.5916666666667
1132.4833333333333,1709.0083333333332,7063.591666666667,2251.2583333333337
1187.4833333333333,1751.675,7217.591666666667,2225.2583333333337
1163.8166666666666,1710.0083333333332,7218.925,2155.2583333333337
1131.1499999999999,1733.675,7298.925,2164.925
1146.4833333333333,1688.675,7550.591666666667,2155.925
1137.8166666666666,1744.0083333333332,7847.925,2163.5916666666667
1182.8166666666666,1690.3416666666665,8465.591666666667,2156.5916666666667
1135.1499999999999,1699.3416666666665,8226.258333333333,2170.5916666666667
1148.1499999999999,1717.3416666666665,7987.591666666667,2165.5916666666667
1194.8166666666666,1727.3416666666665,7994.591666666667,2160.925
1194.1499999999999,1758.675,8173.258333333334,2151.5916666666667
1114.4833333333333,1761.0083333333332,8241.591666666667,2106.925
1154.1499999999999,1739.675,8466.925000000001,2160.5916666666667
1161.8166666666666,1721.3416666666665,8691.925000000001,2176.925
1189.8166666666666,1755.3416666666665,8861.258333333333,2124.925
1215.4833333333333,1741.0083333333332,9014.591666666667,2140.925
1191.1499999999999,1727.675,9261.591666666667,2119.2583333333337
1166.1499999999999,1740.3416666666665,9545.591666666667,2115.5916666666667
1190.1499999999999,1757.675,9891.258333333333,2119.5916666666667
1224.1499999999999,1712.3416666666665,10269.925000000001,2166.925
1179.4833333333333,1752.0083333333332,10705.925000000001,2151.5916666666667
1198.1499999999999,1715.3416666666665,11147.591666666667,2066.5916666666667
1177.4833333333333,1757.3416666666665,11605.258333333333,2126.2583333333337
1197.4833333333333,1773.675,12174.925000000001,2148.925
1238.4833333333333,1726.0083333333332,12943.925000000001,2124.2583333333337
1183.1499999999999,1770.675,13702.925000000001,2121.5916666666667
1206.8166666666666,1787.675,14625.924666666668,2148.5916666666667
1216.4833333333333,1770.675,15727.258000000002,2114.2583333333337
1238.1499999999999,1816.675,16771.591,2088.2583333333337
1234.4833333333333,1738.0083333333332,18469.25766666667,2092.5916666666667
1242.1499999999999,1784.0083333333332,20401.25766666667,2115.925
1322.4833333333333,1797.0083333333332,23128.591,2130.925
1285.4833333333333,1764.0083333333332,26395.924333333332,2134.925
1256.8166666666666,1789.0083333333332,30903.591,2136.5916666666667
1261.8166666666666,1714.3416666666665,37789.924333333336,2097.5916666666667
1266.8166666666666,1720.675,43391.591,2055.925
1293.8166666666666,1771.0083333333332,48347.92433333333,2116.5916666666667
1274.4833333333333,1786.0083333333332,51207.92433333333,2086.925
1299.8166666666666,1731.0083333333332,49637.92433333333,2088.925
1284.8166666666666,1725.0083333333332,45675.257666666665,2059.2583333333337
1271.8166666666666,1745.3416666666665,45466.257666666665,2128.5916666666667
1224.1499999999999,1769.3416666666665,47538.59099999999,2076.2583333333337
1244.4833333333333,1787.675,46742.59099999999,2083.2583333333337
1282.4833333333333,1741.675,40309.924333333336,2066.2583333333337
1297.1499999999999,1805.675,33413.591,2082.5916666666667
1270.4833333333333,1790.3416666666665,28463.25766666667,2097.925
1315.4833333333333,1754.0083333333332,24987.924333333332,2084.2583333333337
1276.1499999999999,1757.3416666666665,22233.924333333332,2088.5916666666667
1271.1499999999999,1787.3416666666665,20099.924333333332,2040.2583333333334
1285.8166666666666,1721.3416666666665,18398.924333333332,2065.2583333333337
1321.4833333333333,1776.675,17158.924333333332,2047.2583333333334
1290.1499999999999,1740.3416666666665,15941.591333333336,2025.9250000000002
1324.1499999999999,1752.0083333333332,14885.591333333336,2085.5916666666667
1280.8166666666666,1760.3416666666665,14057.925000000001,2031.9250000000002
1308.1499999999999,1792.0083333333332,13435.591666666667,2069.5916666666667
1341.8166666666666,1762.3416666666665,12919.925000000001,2018.5916666666665
1387.1499999999999,1758.675,12220.925000000001,2058.5916666666667
1395.1499999999999,1790.675,11743.925000000001,2040.9250000000002
1384.8166666666666,1783.3416666666665,11371.925000000001,2062.5916666666667
1328.4833333333333,1779.675,10925.591666666667,2041.9250000000002
1363.4833333333333,1775.0083333333332,10657.925000000001,2038.2583333333334
1358.1499999999999,1756.0083333333332,10335.591666666667,2061.925
1365.1499999999999,1817.3416666666665,9919.925000000001,2036.2583333333334
1359.4833333333333,1801.0083333333332,9818.925000000001,2046.591666666667
1370.1499999999999,1816.675,9540.925000000001,2053.925
1359.1499999999999,1807.675,9316.591666666667,2012.9250000000002
1398.1499999999999,1787.0083333333332,9170.591666666667,2051.5916666666667
1399.8166666666666,1775.3416666666665,8979.591666666667,2044.591666666667
1400.1499999999999,1763.0083333333332,8781.591666666667,2080.5916666666667
1412.8166666666666,1764.3416666666665,8643.925000000001,2047.2583333333334
1411.8166666666666,1793.0083333333332,8499.591666666667,2114.925
1406.1499999999999,1778.0083333333332,8489.925000000001,2024.9250000000002
1453.8166666666666,1828.0083333333332,8139.925,2088.5916666666667
1388.8166666666666,1797.675,8125.258333333334,2074.925
1416.1499999999999,1772.0083333333332,7995.591666666667,2072.925
1417.1499999999999,1781.0083333333332,7866.591666666667,2093.2583333333337
1442.4833333333333,1790.3416666666665,7892.258333333334,2078.925
1419.4833333333333,1788.3416666666665,7695.258333333334,2050.2583333333337
1448.1499999999999,1786.3416666666665,7740.591666666667,2066.5916666666667
1469.4833333333333,1776.675,7546.591666666667,2043.2583333333334
1486.8166666666666,1809.675,7542.258333333334,2161.925
1471.8166666666666,1823.0083333333332,7353.591666666667,2110.5916666666667
1474.1499999999999,1799.675,7276.258333333334,2103.925
1485.8166666666666,1794.675,7294.591666666667,2084.5916666666667
1524.4833333333333,1811.0083333333332,7147.258333333334,2109.5916666666667
1531.1499999999999,1724.0083333333332,7103.925,2028.9250000000002
1467.8166666666666,1790.675,6988.258333333334,2033.9250000000002
1539.8166666666666,1769.0083333333332,6958.925,2033.9250000000002
1533.1499999999999,1804.675,6827.925,2144.925
1554.8166666666666,1767.3416666666665,6759.591666666667,2035.2583333333334
1550.8166666666666,1756.0083333333332,6803.925,2094.925
1571.1499999999999,1827.3416666666665,6660.925,2094.925
1598.4833333333333,1806.3416666666665,6672.258333333334,2126.925
1543.8166666666666,1780.3416666666665,6646.591666666667,2042.9250000000002
1640.8166666666666,1765.0083333333332,6588.925,2125.2583333333337
1650.8166666666666,1809.3416666666665,6479.925,2155.2583333333337
1647.8166666666666,1788.0083333333332,6529.925,2123.2583333333337
1613.1499999999999,1797.675,6424.925,2147.925
1660.8166666666666,1785.3416666666665,6331.925,2093.2583333333337
1687.8166666666666,1807.675,6353.258333333334,2161.925
1674.1499999999999,1843.3416666666665,6324.258333333334,2169.2583333333337
1706.1499999999999,1792.3416666666665,6300.591666666667,2191.5916666666667
1661.1499999999999,1828.675,6255.258333333334,2195.5916666666667
1670.8166666666666,1801.3416666666665,6201.258333333334,2237.2583333333337
1682.4833333333333,1803.675,6189.925,2185.2583333333337
1605.4833333333333,1811.0083333333332,6135.258333333334,2217.2583333333337
1628.4833333333333,1809.3416666666665,6110.591666666667,2206.925
1618.1499999999999,1753.675,6061.925,2263.5916666666667
1638.4833333333333,1825.3416666666665,6091.925,2277.2583333333337
1627.1499999999999,1788.675,6067.925,2267.5916666666667
1597.8166666666666,1804.675,6005.591666666667,2357.925
1578.1499999999999,1797.3416666666665,5980.258333333334,2357.925
1590.1499999999999,1809.0083333333332,6044.591666666667,2396.2583333333337
1481.1499999999999,1810.0083333333332,5959.258333333334,2387.2583333333337
1506.1499999999999,1801.0083333333332,5950.925,2465.5916666666667
1599.4833333333333,1815.0083333333332,5977.591666666667,2482.5916666666667
1568.8166666666666,1799.675,5865.591666666667,2601.5916666666667
1595.4833333333333,1788.3416666666665,5913.925,2750.9250000000006
1589.8166666666666,1769.0083333333332,5829.591666666667,2882.2583333333337
1540.1499999999999,1854.675,5848.925,2903.2583333333337
1554.4833333333333,1778.0083333333332,5790.258333333334,2861.2583333333337
1533.8166666666666,1752.3416666666665,5773.591666666667,2768.591666666667
1531.4833333333333,1804.3416666666665,5833.591666666667,2689.925
1552.4833333333333,1764.3416666666665,5750.925,2596.925
1553.8166666666666,1760.3416666666665,5694.925,2547.5916666666667
1501.8166666666666,1764.675,5684.591666666667,2501.2583333333337
1538.8166666666666,1718.675,5698.258333333334,2473.5916666666667
1592.8166666666666,1737.0083333333332,5720.925,2568.925
1540.8166666666666,1732.0083333333332,5643.591666666667,2482.925
1564.8166666666666,1773.3416666666665,5700.925,2402.925
1575.4833333333333,1800.3416666666665,5695.591666666667,2447.925
1552.4833333333333,1827.3416666666665,5740.925,2409.2583333333337
1608.1499999999999,1777.675,5715.925,2356.925
1601.4833333333333,1744.675,5638.591666666667,2345.925
1568.1499999999999,1797.675,5608.258333333334,2330.5916666666667
1580.4833333333333,1778.675,5671.258333333334,2347.2583333333337
1542.4833333333333,1801.675,5652.925,2348.2583333333337
1556.4833333333333,1793.3416666666665,5571.925,2310.2583333333337
1588.1499999999999,1763.0083333333332,5615.925,2278.2583333333337
1549.8166666666666,1761.3416666666665,5526.591666666667,2291.2583333333337
1547.4833333333333,1804.675,5545.591666666667,2314.925
1561.1499999999999,1752.3416666666665,5529.591666666667,2242.2583333333337
1590.8166666666666,1804.3416666666665,5527.925,2281.5916666666667
1579.1499999999999,1810.675,5476.258333333334,2264.2583333333337
1547.1499999999999,1747.675,5482.925,2262.5916666666667
1594.4833333333333,1769.675,5442.925,2186.2583333333337
1577.8166666666666,1798.675,5431.591666666666,2181.5916666666667
1594.8166666666666,1808.3416666666665,5501.925,2203.2583333333337
1562.1499999999999,1813.675,5384.258333333333,2196.5916666666667
1522.1499999999999,1748.675,5394.925,2169.2583333333337
1602.1499999999999,1716.675,5433.925,2210.925
1619.1499999999999,1751.3416666666665,5367.591666666666,2182.5916666666667
1537.8166666666666,1770.675,5393.591666666666,2177.5916666666667
1582.1499999999999,1748.0083333333332,5330.258333333333,2175.5916666666667
1593.8166666666666,1767.675,5389.258333333333,2198.5916666666667
1558.4833333333333,1713.0083333333332,5317.258333333333,2151.925
1617.4833333333333,1758.3416666666665,5272.258333333333,2116.5916666666667
1568.8166666666666,1753.675,5292.925,2138.2583333333337
1608.8166666666666,1720.3416666666665,5161.258333333333,2109.5916666666667
1643.4833333333333,1722.3416666666665,5163.258333333333,2128.925
1594.1499999999999,1738.3416666666665,5202.925,2156.2583333333337
1623.8166666666666,1733.0083333333332,5125.258333333333,2212.2583333333337
1692.8166666666666,1770.675,5122.591666666666,2199.925
1658.8166666666666,1765.3416666666665,5117.925,2128.5916666666667
1598.8166666666666,1762.3416666666665,5203.591666666666,2140.2583333333337
1599.4833333333333,1720.0083333333332,5226.925,2159.2583333333337
1621.8166666666666,1769.3416666666665,5237.591666666666,2153.5916666666667
1610.1499999999999,1791.3416666666665,5172.591666666666,2127.2583333333337
1605.8166666666666,1794.0083333333332,5225.591666666666,2129.925
1624.1499999999999,1721.3416666666665,5187.258333333333,2134.5916666666667
1638.8166666666666,1778.675,5239.591666666666,2141.5916666666667
1586.1499999999999,1741.3416666666665,5168.258333333333,2161.5916666666667
1626.4833333333333,1746.3416666666665,5140.925,2150.925
1589.4833333333333,1777.0083333333332,5104.258333333333,2133.2583333333337
1647.4833333333333,1766.675,5150.258333333333,2128.925
1659.1499999999999,1749.3416666666665,5137.925,2117.925
1681.8166666666666,1757.0083333333332,5090.591666666666,2153.925
1641.1499999999999,1757.675,5101.925,2092.925
1645.8166666666666,1771.0083333333332,5082.925,2114.925
1592.1499999999999,1794.0083333333332,5053.925,2117.5916666666667
1669.4833333333333,1735.3416666666665,5007.591666666666,2136.925
1611.1499999999999,1694.675,5023.925,2100.2583333333337
1585.8166666666666,1757.3416666666665,5100.925,2129.2583333333337
1617.4833333333333,1688.0083333333332,5006.258333333333,2177.925
1629.1499999999999,1763.675,5056.925,2195.5916666666667
1633.8166666666666,1685.675,5020.591666666666,2100.2583333333337
1602.1499999999999,1756.675,5081.258333333333,2163.2583333333337
1615.1499999999999,1734.0083333333332,5063.258333333333,2132.5916666666667
1670.1499999999999,1772.0083333333332,5015.258333333333,2134.925
1679.8166666666666,1725.0083333333332,5040.591666666666,2147.5916666666667
1683.4833333333333,1698.0083333333332,5106.925,2180.5916666666667
1704.1499999999999,1736.0083333333332,5039.258333333333,2196.925
1655.8166666666666,1772.675,5153.258333333333,2191.5916666666667
1639.4833333333333,1709.3416666666665,5002.258333333333,2141.5916666666667
1646.1499999999999,1766.3416666666665,5009.258333333333,2166.2583333333337
1667.8166666666666,1753.0083333333332,5040.258333333333,2184.925
1672.4833333333333,1742.0083333333332,5034.925,2193.925
1644.4833333333333,1758.3416666666665,5065.258333333333,2160.2583333333337
1650.8166666666666,1750.0083333333332,5019.925,2206.5916666666667
1700.1499999999999,1712.3416666666665,4987.258333333333,2167.2583333333337
1667.8166666666666,1761.0083333333332,4994.591666666666,2212.925
1672.1499999999999,1765.0083333333332,5062.258333333333,2253.5916666666667
1666.8166666666666,1733.0083333333332,5070.591666666666,2259.2583333333337
1685.1499999999999,1731.0083333333332,5006.591666666666,2267.2583333333337
1664.1499999999999,1742.0083333333332,5013.258333333333,2290.2583333333337
1692.4833333333333,1724.675,5019.591666666666,2296.925
1711.1499999999999,1693.675,5143.258333333333,2272.5916666666667
1652.4833333333333,1714.3416666666665,5095.258333333333,2340.925
1674.4833333333333,1761.3416666666665,5026.591666666666,2344.5916666666667
1661.1499999999999,1731.675,5009.925,2412.2583333333337
1680.1499999999999,1781.675,5053.591666666666,2455.2583333333337
1686.8166666666666,1737.0083333333332,5041.591666666666,2608.2583333333337
1664.8166666666666,1764.675,5017.258333333333,2855.9250000000006
1692.4833333333333,1732.0083333333332,4998.258333333333,2957.2583333333337
1659.1499999999999,1715.0083333333332,4972.258333333333,2856.591666666667
1724.4833333333333,1758.0083333333332,5014.258333333333,2714.2583333333337
1723.1499999999999,1736.3416666666665,4936.258333333333,2644.5916666666667
1735.8166666666666,1755.675,5008.591666666666,2545.2583333333337
1730.1499999999999,1742.675,5056.258333333333,2550.2583333333337
1776.1499999999999,1745.3416666666665,4976.925,2570.5916666666667
1777.4833333333333,1740.3416666666665,5000.591666666666,2686.2583333333337
1745.4833333333333,1733.0083333333332,4967.925,2801.2583333333337
1790.4833333333333,1686.0083333333332,4978.258333333333,2772.591666666667
1761.8166666666666,1774.3416666666665,5017.258333333333,2702.2583333333337
1791.1499999999999,1731.3416666666665,4978.925,2602.5916666666667
1767.1499999999999,1746.675,5002.258333333333,2632.925
1712.4833333333333,1769.675,4877.258333333333,2669.925
1730.1499999999999,1743.0083333333332,4913.258333333333,2666.2583333333337
1700.4833333333333,1755.3416666666665,4906.925,2643.2583333333337
1700.1499999999999,1713.0083333333332,4914.925,2555.2583333333337
1715.8166666666666,1730.0083333333332,4966.591666666666,2559.5916666666667
1684.4833333333333,1726.675,4933.591666666666,2503.5916666666667
1724.8166666666666,1712.0083333333332,4982.591666666666,2479.5916666666667
1671.4833333333333,1715.675,4929.925,2453.5916666666667
1770.8166666666666,1709.675,5053.591666666666,2496.925
1753.4833333333333,1607.675,5092.258333333333,2470.5916666666667
1679.4833333333333,1690.0083333333332,5077.591666666666,2441.5916666666667
1716.8166666666666,1697.3416666666665,5055.258333333333,2486.2583333333337
1749.1499999999999,1710.3416666666665,5106.925,2555.925
1747.1499999999999,1717.3416666666665,5117.258333333333,2501.2583333333337
1795.4833333333333,1733.3416666666665,5078.925,2592.5916666666667
1738.8166666666666,1739.675,5193.591666666666,2615.925
1820.1499999999999,1716.0083333333332,5088.925,2776.9250000000006
1775.8166666666666,1720.3416666666665,5143.258333333333,2823.591666666667
1815.4833333333333,1706.0083333333332,5226.258333333333,2875.2583333333337
1802.8166666666666,1745.3416666666665,5164.258333333333,2919.2583333333337
1866.1499999999999,1711.675,5103.925,2833.9250000000006
1799.8166666666666,1744.0083333333332,5144.258333333333,2825.591666666667
1795.1499999999999,1704.0083333333332,5071.591666666666,2774.2583333333337
1794.8166666666666,1666.3416666666665,5131.258333333333,2759.591666666667
1779.1499999999999,1672.0083333333332,5288.258333333333,2691.5916666666667
1772.1499999999999,1722.0083333333332,5493.925,2677.2583333333337
1734.8166666666666,1712.3416666666665,5472.925,2668.5916666666667
1752.4833333333333,1756.675,5311.591666666666,2602.925
1741.1499999999999,1707.0083333333332,5287.258333333333,2548.925
1760.1499999999999,1689.675,5349.591666666666,2570.5916666666667
1747.4833333333333,1711.0083333333332,5643.591666666667,2545.925
1819.8166666666666,1736.3416666666665,5967.258333333334,2506.925
1820.4833333333333,1726.3416666666665,5781.925,2440.5916666666667
1771.1499999999999,1657.675,5459.925,2440.5916666666667
1752.8166666666666,1723.3416666666665,5218.258333333333,2463.2583333333337
1710.1499999999999,1722.0083333333332,5135.258333333333,2447.5916666666667
1681.8166666666666,1650.675,5104.591666666666,2447.5916666666667
1678.1499999999999,1662.0083333333332,5011.591666666666,2409.925
1708.1499999999999,1736.675,5014.591666666666,2322.2583333333337
1649.4833333333333,1717.0083333333332,4964.591666666666,2368.925
1719.8166666666666,1717.675,4990.925,2363.2583333333337
1723.8166666666666,1691.3416666666665,4964.258333333333,2313.5916666666667
1750.1499999999999,1681.3416666666665,4999.591666666666,2326.2583333333337
1761.4833333333333,1716.0083333333332,4898.258333333333,2299.5916666666667
1766.8166666666666,1730.675,4917.591666666666,2320.2583333333337
1786.4833333333333,1716.675,4852.258333333333,2276.925
1795.8166666666666,1686.0083333333332,4856.258333333333,2239.925
1802.8166666666666,1646.0083333333332,4815.258333333333,2223.5916666666667
1774.4833333333333,1720.0083333333332,4755.258333333333,2168.2583333333337
1789.8166666666666,1670.675,4878.258333333333,2191.925
1804.8166666666666,1696.3416666666665,4720.925,2229.5916666666667
1833.8166666666666,1639.3416666666665,4722.258333333333,2151.2583333333337
1859.4833333333333,1717.0083333333332,4707.591666666666,2174.2583333333337
1827.1499999999999,1642.0083333333332,4747.591666666666,2181.2583333333337
1820.1499999999999,1706.675,4689.925,2190.5916666666667
1782.1499999999999,1660.675,4697.258333333333,2215.2583333333337
1764.8166666666666,1708.3416666666665,4709.925,2201.5916666666667
1770.1499999999999,1646.3416666666665,4660.258333333333,2124.925
1812.4833333333333,1641.0083333333332,4738.258333333333,2172.925
1847.1499999999999,1656.675,4590.258333333333,2189.2583333333337
1830.4833333333333,1718.0083333333332,4709.591666666666,2065.925
1857.4833333333333,1689.675,4718.258333333333,2145.925
1815.4833333333333,1667.0083333333332,4689.591666666666,2123.925
1839.4833333333333,1691.3416666666665,4625.925,2055.2583333333337
1851.8166666666666,1703.0083333333332,4668.591666666666,2141.925
1831.4833333333333,1704.3416666666665,4654.258333333333,2111.5916666666667
1821.4833333333333,1617.3416666666665,4686.258333333333,2068.5916666666667
1828.1499999999999,1624.675,4642.258333333333,2095.925
1808.8166666666666,1690.675,4752.925,2050.2583333333337
1856.4833333333333,1650.0083333333332,4698.591666666666,2087.2583333333337
1852.4833333333333,1674.675,4653.925,2100.5916666666667
1902.4833333333333,1652.0083333333332,4680.925,2057.2583333333337
1865.1499999999999,1689.0083333333332,4691.258333333333,2080.5916666666667
1895.1499999999999,1684.0083333333332,4622.591666666666,2084.925
1877.4833333333333,1691.675,4619.591666666666,2094.2583333333337
1862.1499999999999,1645.0083333333332,4579.591666666666,2118.2583333333337
1864.8166666666666,1657.3416666666665,4673.925,2087.2583333333337
1859.1499999999999,1602.3416666666665,4681.258333333333,2124.925
1912.8166666666666,1651.0083333333332,4715.258333333333,2118.2583333333337
1899.8166666666666,1669.0083333333332,4744.591666666666,2144.2583333333337
1891.4833333333333,1573.0083333333332,4751.925,2162.2583333333337
1918.1499999999999,1660.3416666666665,4652.591666666666,2164.2583333333337
1860.1499999999999,1639.675,4710.925,2244.925
1930.8166666666666,1665.3416666666665,4816.925,2164.925
1868.8166666666666,1614.3416666666665,4819.591666666666,2266.5916666666667
1897.4833333333333,1647.3416666666665,4748.591666666666,2405.2583333333337
1862.1499999999999,1616.0083333333332,4705.925,2461.925
1884.4833333333333,1597.3416666666665,4707.591666666666,2618.925
1895.1499999999999,1589.3416666666665,4711.258333333333,2685.925
1888.8166666666666,1601.0083333333332,4700.591666666666,2695.925
1925.8166666666666,1595.0083333333332,4735.591666666666,2809.9250000000006
1900.8166666666666,1599.3416666666665,4650.591666666666,2747.2583333333337
1882.8166666666666,1637.3416666666665,4668.591666666666,2643.2583333333337
1869.4833333333333,1635.3416666666665,4697.591666666666,2545.5916666666667
1889.1499999999999,1614.3416666666665,4641.591666666666,2429.925
1898.4833333333333,1635.3416666666665,4703.591666666666,2392.925
1870.1499999999999,1635.675,4710.925,2348.925
1837.4833333333333,1614.0083333333332,4643.258333333333,2244.2583333333337
1858.1499999999999,1647.3416666666665,4705.591666666666,2243.5916666666667
1872.8166666666666,1634.675,4655.925,2169.2583333333337
1959.8166666666666,1654.0083333333332,4632.591666666666,2157.2583333333337
2006.8166666666666,1623.0083333333332,4658.258333333333,2147.5916666666667
2064.8166666666666,1596.675,4655.591666666666,2119.2583333333337
2032.4833333333333,1655.3416666666665,4620.925,2149.925
2036.8166666666666,1680.675,4642.591666666666,2149.925
2067.8166666666666,1595.0083333333332,4665.258333333333,2093.925
2057.8166666666666,1618.0083333333332,4523.258333333333,2111.5916666666667
2025.1499999999999,1611.675,4576.591666666666,2119.5916666666667
2043.8166666666666,1678.675,4545.925,2115.5916666666667
1994.1499999999999,1625.675,4492.925,2041.591666666667
1999.4833333333333,1634.675,4500.258333333333,2073.925
1965.8166666666666,1599.0083333333332,4520.925,2041.2583333333334
1965.8166666666666,1577.675,4492.925,2018.9250000000002
1894.8166666666666,1588.675,4550.925,1991.2583333333334
1939.8166666666666,1666.3416666666665,4543.591666666666,1976.591666666667
1920.1499999999999,1624.3416666666665,4525.591666666666,1961.5916666666665
1958.8166666666666,1630.3416666666665,4513.925,1972.5916666666665
1976.8166666666666,1632.0083333333332,4584.591666666666,2023.591666666667
1963.8166666666666,1611.675,4455.591666666666,1986.591666666667
1934.1499999999999,1615.675,4543.925,1949.591666666667
1953.4833333333333,1632.675,4522.258333333333,1981.9250000000002
1898.4833333333333,1642.3416666666665,4522.591666666666,1992.2583333333332
1920.8166666666666,1636.675,4542.258333333333,1956.2583333333332
1887.8166666666666,1647.0083333333332,4514.258333333333,1947.2583333333332
1916.4833333333333,1566.0083333333332,4521.925,1951.2583333333332
1946.4833333333333,1638.0083333333332,4548.591666666666,2016.591666666667
1915.1499999999999,1616.3416666666665,4465.258333333333,1958.925
1913.4833333333333,1645.0083333333332,4471.925,1975.2583333333334
1901.8166666666666,1595.3416666666665,4486.591666666666,1978.2583333333332
1884.8166666666666,1607.0083333333332,4478.925,2010.2583333333334
1944.4833333333333,1617.675,4421.591666666666,1942.2583333333334
1863.4833333333333,1587.0083333333332,4415.258333333333,2013.2583333333334
1946.1499999999999,1613.675,4433.258333333333,1964.2583333333332
1979.8166666666666,1609.0083333333332,4373.258333333333,1958.9250000000002
1970.1499999999999,1642.0083333333332,4367.591666666666,2000.591666666667
1949.1499999999999,1657.3416666666665,4438.925,1952.591666666667
1941.1499999999999,1652.0083333333332,4363.591666666666,1987.2583333333332
1952.1499999999999,1685.3416666666665,4422.258333333333,1960.5916666666665
1878.4833333333333,1661.675,4351.925,2007.2583333333334
1933.4833333333333,1647.675,4486.591666666666,1941.591666666667
1870.1499999999999,1619.3416666666665,4389.591666666666,2017.591666666667
1893.1499999999999,1671.3416666666665,4373.591666666666,1963.591666666667
1866.4833333333333,1610.675,4330.591666666666,1944.925
1879.8166666666666,1612.0083333333332,4358.591666666666,1979.5916666666665
1868.4833333333333,1666.3416666666665,4361.258333333333,1921.2583333333334
1856.1499999999999,1631.0083333333332,4327.591666666666,1963.2583333333334
1877.8166666666666,1598.3416666666665,4304.925,1986.925
1850.8166666666666,1660.675,4320.591666666666,1942.2583333333332
1889.8166666666666,1651.3416666666665,4321.925,1915.5916666666665
1957.4833333333333,1605.675,4254.258333333333,1889.2583333333334
1881.1499999999999,1647.3416666666665,4238.258333333333,1937.5916666666665
2013.4833333333333,1582.0083333333332,4282.591666666666,1921.2583333333332
1958.8166666666666,1647.3416666666665,4311.258333333333,1932.9250000000002
1938.1499999999999,1672.3416666666665,4306.258333333333,1934.925
1948.4833333333333,1624.0083333333332,4327.258333333333,1926.5916666666665
1857.1499999999999,1610.0083333333332,4262.591666666666,1919.9250000000002
1865.8166666666666,1649.0083333333332,4240.591666666666,1962.5916666666665
1854.8166666666666,1624.3416666666665,4257.925,1994.2583333333334
1912.4833333333333,1588.3416666666665,4261.258333333333,1944.925
1997.1499999999999,1604.675,4278.925,1919.9250000000002
1911.1499999999999,1628.3416666666665,4253.258333333333,1978.5916666666665
2013.4833333333333,1617.0083333333332,4291.925,2002.2583333333334
1992.4833333333333,1660.0083333333332,4286.258333333333,1956.925
1946.4833333333333,1657.0083333333332,4279.258333333333,1940.2583333333332
1902.1499999999999,1601.0083333333332,4251.591666666666,1955.2583333333332
1935.4833333333333,1674.675,4265.258333333333,1880.591666666667
1969.1499999999999,1640.3416666666665,4179.258333333333,1896.9250000000002
1959.4833333333333,1641.675,4234.591666666666,1944.925
1989.8166666666666,1643.0083333333332,4244.591666666666,1959.2583333333332
1988.1499999999999,1634.3416666666665,4264.258333333333,1924.2583333333334
1909.4833333333333,1680.3416666666665,4220.591666666666,1974.925
1927.4833333333333,1645.3416666666665,4260.925,1889.591666666667
1914.1499999999999,1650.0083333333332,4213.925,1911.9250000000002
1940.1499999999999,1634.675,4218.925,1884.9250000000002
1975.1499999999999,1635.675,4296.591666666666,1916.9250000000002
2004.1499999999999,1637.675,4234.925,1933.925
2006.8166666666666,1652.675,4232.925,1885.9250000000002
2042.1499999999999,1647.3416666666665,4256.258333333333,1902.2583333333334
1955.4833333333333,1648.0083333333332,4257.925,1919.591666666667
1960.1499999999999,1669.675,4238.925,1958.2583333333334
1923.8166666666666,1671.0083333333332,4248.258333333333,1939.5916666666665
1933.1499999999999,1699.0083333333332,4207.925,2008.591666666667
1936.8166666666666,1659.3416666666665,4184.925,1940.925
2026.8166666666666,1648.0083333333332,4217.591666666666,1988.5916666666665
2025.1499999999999,1674.675,4235.591666666666,1956.925
2027.1499999999999,1668.675,4161.591666666666,1978.9250000000002
1980.4833333333333,1638.675,4141.258333333333,1943.5916666666665
2008.1499999999999,1712.675,4189.925,2002.9250000000002
2031.1499999999999,1704.0083333333332,4114.258333333333,1906.591666666667
1991.8166666666666,1688.675,4203.925,2027.591666666667
1975.4833333333333,1657.0083333333332,4158.258333333333,1959.2583333333334
2006.1499999999999,1727.3416666666665,4145.258333333333,1987.925
2006.4833333333333,1712.675,4174.925,1925.2583333333334
1983.4833333333333,1715.0083333333332,4135.258333333333,1916.2583333333334
2023.8166666666666,1723.675,4193.258333333333,1935.591666666667
1985.8166666666666,1693.0083333333332,4147.925,1960.5916666666665
2009.4833333333333,1673.0083333333332,4156.591666666666,1917.9250000000002
2017.1499999999999,1636.3416666666665,4091.258333333333,1935.9250000000002
2112.483333333333,1625.3416666666665,4077.5916666666667,1983.5916666666665
2092.15,1703.675,4125.925,1943.2583333333332
2057.8166666666666,1651.675,4103.258333333333,1974.2583333333332
2047.8166666666666,1644.3416666666665,4153.591666666666,1882.2583333333334
1998.8166666666666,1613.675,4157.591666666666,1891.9250000000002
2038.8166666666666,1592.3416666666665,4078.258333333333,1966.2583333333332
2012.4833333333333,1580.3416666666665,4133.591666666666,1853.9250000000002
2108.15,1614.3416666666665,4118.925,1903.5916666666665
2169.15,1643.0083333333332,4131.258333333333,1974.925
2257.483333333333,1660.675,4088.9249999999997,1951.2583333333332
2328.8166666666666,1656.0083333333332,4115.925,1891.591666666667
2361.483333333333,1653.3416666666665,4102.591666666666,1952.5916666666665
2321.15,1666.675,4099.591666666666,1898.2583333333334
2371.15,1636.675,4131.591666666666,1951.2583333333332
2349.15,1653.0083333333332,4090.5916666666667,1900.2583333333334
2421.483333333333,1692.0083333333332,4117.258333333333,1935.2583333333334
2533.15,1653.3416666666665,4083.258333333333,1859.591666666667
2459.15,1647.3416666666665,4102.591666666666,1889.5916666666665
2392.15,1609.675,4006.9249999999997,1889.5916666666665
2329.15,1636.3416666666665,4121.925,1904.5916666666665
2302.483333333333,1673.3416666666665,4062.9249999999997,1894.9250000000002
2225.8166666666666,1670.675,4084.9249999999997,1912.2583333333334
2237.8166666666666,1620.3416666666665,4038.5916666666667,1868.2583333333334
2177.8166666666666,1632.0083333333332,4052.258333333333,1956.5916666666665
2134.483333333333,1616.0083333333332,4046.9249999999997,1913.591666666667
2099.15,1653.0083333333332,4044.9249999999997,1903.2583333333334
2140.483333333333,1656.675,4083.258333333333,1898.5916666666665
2056.15,1643.3416666666665,4000.5916666666667,1868.591666666667
2058.483333333333,1596.675,4008.9249999999997,1834.2583333333334
2109.8166666666666,1617.3416666666665,4026.258333333333,1892.9250000000002
2083.483333333333,1636.0083333333332,3996.5916666666667,1876.5916666666665
2072.15,1617.675,4046.9249999999997,1899.2583333333334
2077.15,1671.0083333333332,3989.9249999999997,1840.591666666667
2010.8166666666666,1613.675,4037.5916666666667,1878.9250000000002
2007.4833333333333,1653.3416666666665,4014.258333333333,1918.9250000000002
2026.1499999999999,1578.675,4037.258333333333,1864.9250000000002
2014.8166666666666,1622.3416666666665,4032.258333333333,1894.2583333333334
2006.1499999999999,1613.3416666666665,4010.5916666666667,1874.9250000000002
2054.483333333333,1649.3416666666665,4016.5916666666667,1914.9250000000002
2017.1499999999999,1603.0083333333332,4018.258333333333,1888.591666666667
1985.1499999999999,1724.3416666666665,3955.258333333333,1941.591666666667
1947.8166666666666,1650.3416666666665,4007.5916666666667,1898.2583333333334
2030.4833333333333,1648.0083333333332,4017.258333333333,1935.2583333333332
1957.4833333333333,1640.3416666666665,3988.258333333333,1929.2583333333334
1981.1499999999999,1674.675,3991.5916666666667,1919.591666666667
2002.4833333333333,1682.0083333333332,4053.5916666666667,1946.925
2023.8166666666666,1676.0083333333332,4004.258333333333,1904.591666666667
1979.8166666666666,1680.0083333333332,4005.9249999999997,1933.5916666666665
1944.4833333333333,1656.0083333333332,3963.9249999999997,1914.591666666667
2019.4833333333333,1696.675,3969.258333333333,1932.2583333333332
2018.4833333333333,1649.0083333333332,4030.258333333333,1898.2583333333334
2049.15,1594.0083333333332,3957.9249999999997,1955.591666666667
2072.483333333333,1680.0083333333332,3980.9249999999997,1883.2583333333334
2046.1499999999999,1648.3416666666665,3944.258333333333,1928.2583333333334
2066.483333333333,1625.675,3976.5916666666667,1844.2583333333334
2073.8166666666666,1654.3416666666665,3993.258333333333,1914.925
2106.483333333333,1677.0083333333332,4012.258333333333,1900.9250000000002
2041.4833333333333,1653.0083333333332,3976.258333333333,1966.925
2081.8166666666666,1660.0083333333332,3956.9249999999997,1921.2583333333332
2104.483333333333,1678.0083333333332,4005.258333333333,1943.9250000000002
2026.8166666666666,1672.675,3986.258333333333,1979.2583333333332
2009.4833333333333,1674.0083333333332,4021.5916666666667,1928.2583333333332
1998.8166666666666,1647.0083333333332,4012.9249999999997,1861.9250000000002
1935.1499999999999,1625.675,3999.258333333333,1897.2583333333332
1976.4833333333333,1652.3416666666665,3991.9249999999997,1835.9250000000002
2014.8166666666666,1604.0083333333332,4017.258333333333,1875.591666666667
2081.8166666666666,1611.0083333333332,3991.5916666666667,1825.9250000000002
2212.483333333333,1662.675,4062.5916666666667,1925.5916666666665
2217.483333333333,1697.0083333333332,4015.5916666666667,1872.591666666667
2244.483333333333,1612.0083333333332,4003.9249999999997,1913.9250000000002
2182.483333333333,1629.3416666666665,3927.258333333333,1851.591666666667
2153.483333333333,1627.3416666666665,4005.9249999999997,1881.5916666666665
2246.483333333333,1632.3416666666665,4018.5916666666667,1933.925
2243.15,1616.0083333333332,4066.9249999999997,1960.2583333333332
2278.15,1641.3416666666665,4075.9249999999997,1958.925
2350.8166666666666,1642.675,4066.258333333333,1956.5916666666665
2349.15,1614.3416666666665,4000.9249999999997,1905.925
2352.483333333333,1640.3416666666665,4047.9249999999997,1920.2583333333332
2384.15,1614.675,4014.258333333333,1917.2583333333334
2304.8166666666666,1684.675,4022.5916666666667,1956.5916666666665
2348.483333333333,1679.0083333333332,4073.258333333333,1951.5916666666665
2366.483333333333,1658.3416666666665,4063.258333333333,2002.925
2385.8166666666666,1630.3416666666665,4030.258333333333,1942.2583333333332
2321.483333333333,1688.0083333333332,4130.925,1956.2583333333332
2217.483333333333,1666.3416666666665,4117.925,1993.925
2240.15,1673.675,4082.5916666666667,1944.5916666666665
2272.15,1685.675,4091.258333333333,1914.925
2305.15,1691.0083333333332,4116.591666666666,1915.5916666666665
2231.15,1674.0083333333332,4106.591666666666,1984.5916666666665
2276.483333333333,1686.3416666666665,4030.9249999999997,2002.925
2217.15,1653.675,4066.5916666666667,1980.2583333333332
2158.483333333333,1651.0083333333332,4099.258333333333,1987.925
2229.15,1656.675,4095.5916666666667,1926.591666666667
2239.8166666666666,1597.0083333333332,4153.925,1967.5916666666665
2203.15,1630.3416666666665,4102.258333333333,1966.5916666666665
2194.483333333333,1642.675,4127.258333333333,1987.925
2160.483333333333,1682.0083333333332,4089.5916666666667,1993.2583333333332
2120.15,1641.0083333333332,4090.5916666666667,2002.591666666667
2149.8166666666666,1659.675,4106.925,1934.2583333333332
2152.8166666666666,1683.675,4127.591666666666,1928.5916666666665
2204.483333333333,1706.0083333333332,4162.258333333333,1925.2583333333334
2226.15,1721.0083333333332,4092.5916666666667,1956.5916666666665
2252.483333333333,1720.675,4087.5916666666667,1969.2583333333332
2244.8166666666666,1662.3416666666665,4109.925,1968.925
2195.483333333333,1631.0083333333332,4092.5916666666667,2000.925
2226.8166666666666,1659.675,4187.258333333333,1957.2583333333332
2164.8166666666666,1693.3416666666665,4136.925,2013.5916666666665
2225.483333333333,1713.3416666666665,4149.925,1927.5916666666665
2244.483333333333,1677.0083333333332,4171.925,1983.2583333333332
2313.483333333333,1706.675,4150.925,1934.2583333333334
2361.483333333333,1675.0083333333332,4166.925,1942.5916666666665
2430.8166666666666,1706.675,4166.591666666666,1900.591666666667
2492.483333333333,1684.0083333333332,4203.591666666666,1919.9250000000002
2513.15,1677.0083333333332,4276.925,1935.2583333333332
2421.15,1628.3416666666665,4202.258333333333,1916.2583333333334
2413.8166666666666,1698.675,4256.258333333333,1845.9250000000002
2339.15,1667.3416666666665,4272.591666666666,1835.2583333333334
2327.15,1731.3416666666665,4277.258333333333,1873.2583333333334
2411.8166666666666,1701.675,4197.258333333333,1842.9250000000002
2427.483333333333,1790.0083333333332,4245.258333333333,1867.9250000000002
2499.15,1743.675,4290.591666666666,1872.9250000000002
2501.483333333333,1724.3416666666665,4260.258333333333,1921.9250000000002
2547.483333333333,1765.0083333333332,4197.258333333333,1898.591666666667
2382.15,1691.3416666666665,4254.591666666666,1881.591666666667
2436.8166666666666,1690.3416666666665,4192.925,1839.9250000000002
2356.8166666666666,1676.3416666666665,4244.591666666666,1870.9250000000002
2409.15,1636.0083333333332,4245.591666666666,1855.591666666667
2376.15,1709.0083333333332,4301.925,1844.591666666667
2404.483333333333,1723.0083333333332,4296.591666666666,1934.591666666667
2385.8166666666666,1733.675,4272.925,1921.9250000000002
2402.8166666666666,1722.0083333333332,4320.258333333333,1935.925
2441.8166666666666,1744.675,4288.925,1877.2583333333334
2425.8166666666666,1805.675,4353.925,1954.925
2478.8166666666666,1739.0083333333332,4362.258333333333,1905.9250000000002
2469.483333333333,1692.675,4348.258333333333,1940.9250000000002
2492.15,1742.0083333333332,4336.925,1905.9250000000002
2474.15,1717.675,4413.925,1929.591666666667
2431.15,1662.0083333333332,4338.925,1935.2583333333332
2368.483333333333,1731.0083333333332,4351.925,1925.9250000000002
2338.483333333333,1710.3416666666665,4451.258333333333,1957.591666666667
2311.8166666666666,1733.0083333333332,4481.925,1981.5916666666665
2298.8166666666666,1744.0083333333332,4462.925,1915.925
2357.15,1722.3416666666665,4442.925,1957.5916666666665
2398.15,1729.3416666666665,4543.258333333333,1912.2583333333332
2389.8166666666666,1712.3416666666665,4487.591666666666,1969.925
2303.483333333333,1704.3416666666665,4518.258333333333,1947.2583333333332
2322.483333333333,1744.675,4533.591666666666,1984.5916666666665
2269.15,1752.675,4553.591666666666,1958.925
2218.8166666666666,1726.675,4579.925,1969.2583333333332
2247.8166666666666,1740.0083333333332,4647.258333333333,1964.5916666666665
2220.15,1692.675,4647.591666666666,1968.2583333333332
2188.483333333333,1761.675,4666.925,1915.591666666667
2249.8166666666666,1697.0083333333332,4702.591666666666,1967.925
2339.8166666666666,1723.0083333333332,4774.591666666666,1943.2583333333334
2365.8166666666666,1702.0083333333332,4761.925,1947.5916666666665
2345.8166666666666,1712.3416666666665,4866.258333333333,1903.925
2372.8166666666666,1695.3416666666665,4836.258333333333,1878.9250000000002
2282.8166666666666,1731.0083333333332,4857.258333333333,1956.925
2274.483333333333,1736.675,4942.591666666666,1910.925
2264.15,1715.3416666666665,5016.925,1902.2583333333332
2214.15,1719.0083333333332,4977.258333333333,1921.2583333333332
2255.483333333333,1714.675,5115.591666666666,1934.591666666667
2290.483333333333,1719.0083333333332,5200.591666666666,1944.925
2332.15,1775.675,5225.258333333333,1923.9250000000002
2369.15,1716.675,5310.591666666666,1965.925
2384.15,1715.675,5343.591666666666,1946.5916666666665
2432.15,1700.3416666666665,5515.591666666667,1945.2583333333334
2424.8166666666666,1746.675,5521.591666666667,1914.9250000000002
2402.8166666666666,1736.0083333333332,5663.925,1922.2583333333334
2383.8166666666666,1737.675,5725.591666666667,1872.2583333333334
2354.483333333333,1755.675,5806.591666666667,1907.2583333333332
2321.15,1758.675,5963.925,1899.2583333333334
2396.8166666666666,1726.675,6029.591666666667,1917.2583333333334
2396.8166666666666,1771.675,6119.925,1916.9250000000002
2403.8166666666666,1806.3416666666665,6208.258333333334,1925.2583333333334
2379.483333333333,1798.3416666666665,6286.591666666667,2006.2583333333334
2366.483333333333,1749.675,6181.258333333334,2015.925
2371.15,1781.3416666666665,6137.925,1911.2583333333332
2403.483333333333,1789.675,6146.591666666667,2000.9250000000002
2379.483333333333,1753.675,6003.591666666667,1974.5916666666665
2327.8166666666666,1803.0083333333332,5935.925,1996.2583333333332
2327.15,1828.675,5836.925,1985.2583333333332
2301.8166666666666,1775.3416666666665,5770.258333333334,1959.5916666666665
2366.8166666666666,1801.3416666666665,5786.591666666667,1984.2583333333332
2315.483333333333,1831.0083333333332,5554.591666666667,1960.5916666666665
2375.8166666666666,1828.0083333333332,5615.591666666667,1943.2583333333332
2370.8166666666666,1773.3416666666665,5558.591666666667,1956.5916666666665
2406.15,1830.675,5494.591666666667,1960.925
2379.15,1784.0083333333332,5451.925,1999.2583333333334
2348.8166666666666,1778.0083333333332,5415.258333333333,1972.2583333333332
2341.8166666666666,1743.0083333333332,5354.591666666666,1982.2583333333332
2341.483333333333,1780.675,5279.591666666666,1953.5916666666665
2390.8166666666666,1767.0083333333332,5172.591666666666,1931.5916666666665
2366.15,1763.3416666666665,5180.925,1931.5916666666665
2362.8166666666666,1754.3416666666665,5086.258333333333,1913.591666666667
2362.8166666666666,1786.675,5113.591666666666,1853.591666666667
2427.15,1803.0083333333332,5023.258333333333,1993.2583333333334
2551.15,1772.3416666666665,5009.925,1918.925
2562.15,1720.0083333333332,4910.258333333333,1956.2583333333332
2527.8166666666666,1791.675,4893.925,1944.5916666666665
2469.8166666666666,1807.3416666666665,4853.591666666666,1902.591666666667
2465.483333333333,1780.675,4846.591666666666,1977.925
2386.483333333333,1755.0083333333332,4862.925,2023.591666666667
2354.15,1724.3416666666665,4771.925,1940.925
2416.8166666666666,1768.3416666666665,4710.925,1990.2583333333332
2462.8166666666666,1839.675,4694.258333333333,1937.925
2477.483333333333,1740.3416666666665,4735.925,1927.2583333333334
2484.483333333333,1786.675,4633.591666666666,1962.925
2493.8166666666666,1740.675,4666.258333333333,1984.925
2511.15,1755.675,4637.591666666666,1945.5916666666665
2473.8166666666666,1828.675,4606.591666666666,1923.9250000000002
2438.483333333333,1816.675,4592.258333333333,1940.2583333333332
2442.15,1758.3416666666665,4563.591666666666,1947.925
2471.483333333333,1765.3416666666665,4509.258333333333,1990.2583333333332
2427.15,1821.675,4463.591666666666,1933.2583333333332
2589.483333333333,1857.675,4486.591666666666,1931.925
2518.483333333333,1815.0083333333332,4416.258333333333,1907.9250000000002
2551.8166666666666,1787.675,4417.258333333333,1971.925
2527.483333333333,1787.0083333333332,4336.591666666666,1975.591666666667
2534.8166666666666,1794.675,4385.258333333333,1935.2583333333332
2549.8166666666666,1816.675,4318.258333333333,1992.5916666666665
2582.483333333333,1843.3416666666665,4336.925,1987.2583333333332
2605.8166666666666,1797.675,4321.925,1974.2583333333332
2650.483333333333,1746.675,4293.925,1970.925
2665.8166666666666,1838.0083333333332,4292.591666666666,1956.925
2530.15,1799.675,4176.591666666666,1978.925
2473.15,1835.0083333333332,4269.258333333333,1980.925
2382.8166666666666,1833.3416666666665,4164.925,1988.925
2331.8166666666666,1846.675,4164.925,1990.2583333333332
2275.483333333333,1845.0083333333332,4209.591666666666,1990.5916666666665
2319.483333333333,1763.675,4130.258333333333,1971.5916666666665
2322.8166666666666,1768.0083333333332,4155.258333333333,1991.5916666666665
2317.8166666666666,1824.0083333333332,4074.5916666666667,1968.2583333333332
2368.483333333333,1858.0083333333332,4130.258333333333,2016.5916666666665
2331.483333333333,1860.675,4080.9249999999997,1962.2583333333332
2290.15,1830.675,4065.5916666666667,1973.5916666666665
2324.483333333333,1843.675,4036.258333333333,1964.925
2335.8166666666666,1829.3416666666665,4005.258333333333,1949.925
2255.483333333333,1829.0083333333332,4005.258333333333,2033.591666666667
2331.8166666666666,1862.0083333333332,4003.258333333333,1960.5916666666665
2330.483333333333,1888.0083333333332,3997.5916666666667,1903.591666666667
2378.8166666666666,1927.0083333333332,3950.5916666666667,1965.9250000000002
2441.15,1902.3416666666665,3899.258333333333,1945.2583333333332
2470.8166666666666,1887.675,3879.258333333333,1931.591666666667
2434.15,1891.0083333333332,3900.9249999999997,1936.2583333333332
2413.8166666666666,1940.675,3922.5916666666667,1973.5916666666665
2359.15,1891.3416666666665,3877.258333333333,1952.925
2359.483333333333,1971.3416666666665,3928.258333333333,1954.5916666666665
2311.15,1919.675,3911.5916666666667,1993.2583333333332
2324.8166666666666,1946.0083333333332,3905.9249999999997,1920.591666666667
2359.483333333333,1965.675,3839.258333333333,1957.2583333333332
2340.15,1933.3416666666665,3831.258333333333,1976.2583333333332
2332.483333333333,1949.675,3818.258333333333,1962.591666666667
2298.15,1947.3416666666665,3857.9249999999997,1968.5916666666665
2372.8166666666666,1984.3416666666665,3772.5916666666667,1948.925
2428.15,1935.675,3850.258333333333,1962.9250000000002
2489.15,1996.0083333333332,3786.5916666666667,1992.5916666666665
2499.483333333333,1996.675,3801.258333333333,1972.5916666666665
2523.15,2079.008333333333,3761.5916666666667,2050.2583333333337
2514.8166666666666,2017.3416666666665,3796.5916666666667,2032.9250000000002
2460.483333333333,2001.0083333333332,3883.258333333333,2013.9250000000002
2458.483333333333,2095.008333333333,3739.9249999999997,2022.2583333333334
2400.483333333333,2102.008333333333,3765.9249999999997,2111.5916666666667
2407.8166666666666,2116.6749999999997,3872.9249999999997,2057.5916666666667
2423.15,2075.6749999999997,3708.9249999999997,2030.591666666667
2422.8166666666666,2084.3416666666667,3725.258333333333,2051.2583333333337
2389.15,2076.008333333333,3772.5916666666667,2104.2583333333337
2457.15,2043.675,3797.5916666666667,2046.2583333333334
2427.483333333333,2029.0083333333332,3732.9249999999997,2095.2583333333337
2479.15,2035.0083333333332,3693.5916666666667,2172.2583333333337
2438.483333333333,2063.6749999999997,3684.5916666666667,2146.925
2496.8166666666666,1995.3416666666665,3636.258333333333,2205.5916666666667
2485.8166666666666,1972.3416666666665,3725.9249999999997,2220.5916666666667
2566.8166666666666,1999.0083333333332,3687.258333333333,2282.2583333333337
2476.8166666666666,1946.3416666666665,3649.9249999999997,2393.925
2445.8166666666666,2025.675,3666.258333333333,2474.5916666666667
2434.483333333333,1961.0083333333332,3644.9249999999997,2460.5916666666667
2420.8166666666666,1948.0083333333332,3640.258333333333,2589.5916666666667
2404.15,1921.3416666666665,3642.258333333333,2612.5916666666667
2487.15,1931.0083333333332,3610.9249999999997,2748.9250000000006
2541.483333333333,1862.0083333333332,3636.258333333333,2733.9250000000006
2584.8166666666666,1919.3416666666665,3654.258333333333,2831.591666666667
2560.8166666666666,1945.0083333333332,3536.258333333333,2892.591666666667
2466.483333333333,1984.675,3582.5916666666667,2950.591666666667
2448.15,1956.0083333333332,3556.258333333333,2955.2583333333337
2434.483333333333,1935.675,3531.258333333333,2938.9250000000006
2362.483333333333,1860.675,3570.5916666666667,2890.9250000000006
2341.483333333333,1847.0083333333332,3514.258333333333,2834.2583333333337
2345.8166666666666,1842.675,3547.258333333333,2809.9250000000006
2406.483333333333,1898.0083333333332,3554.9249999999997,2797.591666666667
2404.483333333333,1816.0083333333332,3541.9249999999997,2643.925
2431.8166666666666,1879.675,3499.9249999999997,2635.2583333333337
2393.15,1842.0083333333332,3505.258333333333,2626.5916666666667
2397.8166666666666,1903.675,3487.5916666666667,2564.925
2355.8166666666666,1836.675,3547.9249999999997,2602.2583333333337
2395.483333333333,1844.675,3470.9249999999997,2673.2583333333337
2423.15,1855.0083333333332,3449.9249999999997,2636.925
2429.8166666666666,1849.3416666666665,3552.5916666666667,2828.591666666667
2523.483333333333,1858.675,3547.258333333333,2803.591666666667
2576.483333333333,1901.675,3508.5916666666667,2868.2583333333337
2566.15,1862.3416666666665,3515.5916666666667,2909.2583333333337
2541.15,1906.675,3480.258333333333,2802.2583333333337
2529.8166666666666,1837.3416666666665,3466.258333333333,2826.9250000000006
2521.15,1856.0083333333332,3507.5916666666667,2746.2583333333337
2536.15,1875.3416666666665,3468.9249999999997,2778.2583333333337
2628.15,1868.675,3444.5916666666667,2803.9250000000006
2654.483333333333,1853.3416666666665,3448.258333333333,2856.2583333333337
2672.15,1879.3416666666665,3417.258333333333,2912.2583333333337
2703.15,1810.0083333333332,3414.9249999999997,2933.591666666667
2686.483333333333,1830.3416666666665,3412.258333333333,2930.2583333333337
2670.483333333333,1791.0083333333332,3462.258333333333,2966.9250000000006
2635.8166666666666,1818.0083333333332,3401.9249999999997,2992.591666666667
2606.15,1801.0083333333332,3406.5916666666667,2890.9250000000006
2623.8166666666666,1815.0083333333332,3421.5916666666667,2907.9250000000006
2670.483333333333,1859.3416666666665,3431.258333333333,2900.9250000000006
2562.483333333333,1825.675,3414.5916666666667,3016.9250000000006
2477.15,1889.675,3422.9249999999997,2900.2583333333337
2443.483333333333,1898.0083333333332,3419.9249999999997,2911.2583333333337
2461.8166666666666,1832.0083333333332,3431.258333333333,2916.591666666667
2415.8166666666666,1786.0083333333332,3393.5916666666667,2891.591666666667
2408.483333333333,1794.0083333333332,3429.9249999999997,2979.591666666667
2468.483333333333,1830.675,3422.9249999999997,2985.2583333333337
2388.8166666666666,1785.675,3389.9249999999997,2957.9250000000006
2424.15,1823.3416666666665,3408.5916666666667,3044.591666666667
2405.15,1809.675,3365.258333333333,3139.2583333333337
2416.8166666666666,1799.0083333333332,3340.9249999999997,3136.2583333333337
2457.483333333333,1803.3416666666665,3374.9249999999997,3107.9250000000006
2426.15,1790.675,3330.5916666666667,3192.9250000000006
2415.15,1798.675,3390.9249999999997,3239.2583333333337
2488.483333333333,1765.3416666666665,3425.258333333333,3166.591666666667
2480.15,1784.675,3389.9249999999997,3182.2583333333337
2431.8166666666666,1813.675,3339.5916666666667,3176.591666666667
2402.15,1823.0083333333332,3408.5916666666667,3177.9250000000006
2374.483333333333,1800.675,3379.258333333333,3234.2583333333337
2366.15,1828.675,3384.5916666666667,3223.2583333333337
2383.15,1840.675,3333.5916666666667,3155.591666666667
2433.8166666666666,1844.675,3342.9249999999997,3205.591666666667
2372.8166666666666,1829.3416666666665,3352.258333333333,3249.9250000000006
2469.15,1825.3416666666665,3392.9249999999997,3218.2583333333337
2388.8166666666666,1824.675,3320.9249999999997,3191.591666666667
2444.483333333333,1733.675,3378.9249999999997,3124.9250000000006
2426.483333333333,1781.0083333333332,3338.258333333333,3159.9250000000006
2436.15,1797.3416666666665,3299.5916666666667,3180.9250000000006
2448.483333333333,1808.0083333333332,3402.5916666666667,3138.591666666667
2446.8166666666666,1827.675,3313.258333333333,3102.2583333333337
2424.8166666666666,1823.3416666666665,3352.258333333333,3166.2583333333337
2468.483333333333,1761.675,3283.258333333333,3237.2583333333337
2410.483333333333,1805.3416666666665,3296.5916666666667,3277.591666666667
2377.15,1818.0083333333332,3273.9249999999997,3162.591666666667
2438.8166666666666,1831.675,3316.258333333333,3231.591666666667
2450.15,1827.0083333333332,3252.258333333333,3506.9250000000006
2424.8166666666666,1819.3416666666665,3264.5916666666667,3458.591666666667
2473.8166666666666,1750.675,3316.9249999999997,3293.9250000000006
2506.483333333333,1721.675,3309.5916666666667,3421.2583333333337
2472.15,1744.3416666666665,3291.5916666666667,3806.591666666667
2433.483333333333,1740.675,3241.5916666666667,3734.591666666667
2473.483333333333,1755.0083333333332,3317.9249999999997,3511.2583333333337
2435.483333333333,1756.3416666666665,3259.258333333333,3767.591666666667
2459.8166666666666,1758.0083333333332,3249.258333333333,4142.591666666667
2542.483333333333,1802.675,3260.5916666666667,4115.925
2467.8166666666666,1754.0083333333332,3242.258333333333,3923.2583333333337
2475.483333333333,1803.3416666666665,3311.5916666666667,4001.9250000000006
2444.8166666666666,1749.675,3232.258333333333,4285.591666666666
2423.8166666666666,1717.675,3184.9249999999997,4230.924999999999
2367.8166666666666,1810.0083333333332,3259.5916666666667,3891.9250000000006
2409.8166666666666,1818.3416666666665,3232.5916666666667,3798.2583333333337
2422.15,1768.675,3210.5916666666667,3828.2583333333337
2401.8166666666666,1807.3416666666665,3236.9249999999997,3868.591666666667
2460.483333333333,1791.675,3196.258333333333,3667.2583333333337
2427.483333333333,1785.675,3238.9249999999997,3662.591666666667
2422.15,1783.3416666666665,3193.258333333333,3830.9250000000006
2428.15,1804.675,3197.258333333333,4116.258333333334
2404.8166666666666,1810.3416666666665,3235.9249999999997,4247.258333333332
2458.15,1752.0083333333332,3156.9249999999997,4106.591666666667
2404.15,1736.3416666666665,3179.5916666666667,4092.9250000000006
2420.15,1756.0083333333332,3168.9249999999997,4169.591666666667
2387.8166666666666,1720.3416666666665,3209.9249999999997,4159.925
2352.15,1702.675,3204.9249999999997,4057.9250000000006
2390.15,1728.0083333333332,3213.258333333333,3869.2583333333337
2429.8166666666666,1814.0083333333332,3195.9249999999997,3851.591666666667
2426.8166666666666,1780.675,3213.9249999999997,4063.2583333333337
2440.8166666666666,1781.0083333333332,3196.258333333333,4359.924999999999
2395.483333333333,1801.675,3190.5916666666667,4211.591666666667
2367.483333333333,1800.675,3126.5916666666667,3938.591666666667
2310.8166666666666,1831.0083333333332,3211.258333333333,4010.2583333333337
2378.483333333333,1711.0083333333332,3139.5916666666667,4165.591666666667
2385.483333333333,1767.3416666666665,3148.9249999999997,4217.258333333334
2435.483333333333,1744.0083333333332,3159.9249999999997,4114.591666666667
2518.15,1691.0083333333332,3150.5916666666667,3972.591666666667
2537.15,1750.675,3208.9249999999997,4153.258333333334
2595.8166666666666,1755.3416666666665,3161.258333333333,4418.258333333332
2504.483333333333,1773.675,3163.9249999999997,4367.591666666666
2478.8166666666666,1832.675,3174.5916666666667,4162.924999999999
2517.483333333333,1785.0083333333332,3170.5916666666667,4112.258333333334
2563.8166666666666,1760.0083333333332,3143.258333333333,4455.924999999999
2574.483333333333,1846.675,3106.5916666666667,4636.924999999999
2597.8166666666666,1771.675,3132.5916666666667,4471.258333333332
2622.483333333333,1768.3416666666665,3123.9249999999997,4204.258333333334
2617.483333333333,1767.675,3147.9249999999997,4199.925
2544.483333333333,1797.0083333333332,3109.5916666666667,4626.924999999999
2509.15,1772.675,3145.9249999999997,4692.258333333332
2415.8166666666666,1821.675,3088.9249999999997,4498.924999999999
2415.15,1781.3416666666665,3125.258333333333,4141.258333333334
2465.15,1785.675,3142.5916666666667,4284.591666666667
2514.8166666666666,1766.3416666666665,3145.5916666666667,4584.591666666666
2567.8166666666666,1755.3416666666665,3120.258333333333,4686.591666666666
2451.8166666666666,1741.3416666666665,3093.258333333333,4494.924999999999
2500.8166666666666,1808.675,3137.9249999999997,4314.591666666667
2423.15,1765.3416666666665,3155.9249999999997,4421.924999999999
2369.8166666666666,1735.0083333333332,3131.5916666666667,4652.258333333332
2375.483333333333,1783.3416666666665,3096.5916666666667,4813.591666666666
2400.15,1787.3416666666665,3083.5916666666667,4595.258333333332
2374.15,1809.3416666666665,3129.5916666666667,4209.591666666667
2368.8166666666666,1770.0083333333332,3093.5916666666667,4306.258333333332
2418.8166666666666,1779.3416666666665,3109.258333333333,4579.591666666666
2452.8166666666666,1769.0083333333332,3113.5916666666667,4792.591666666666
2518.483333333333,1747.675,3090.258333333333,4746.924999999999
2509.483333333333,1760.675,3072.258333333333,4402.591666666666
2514.8166666666666,1772.0083333333332,3127.5916666666667,4319.591666666666
2373.15,1786.3416666666665,3101.5916666666667,4674.258333333332
2324.15,1751.0083333333332,3108.258333333333,4955.591666666666
2325.8166666666666,1776.0083333333332,3131.9249999999997,4840.924999999999
2373.15,1724.3416666666665,3142.258333333333,4690.591666666666
2373.483333333333,1774.0083333333332,3085.258333333333,4324.924999999999
2419.8166666666666,1785.0083333333332,3105.9249999999997,4561.591666666666
2410.483333333333,1735.0083333333332,3082.258333333333,4980.258333333332
2365.483333333333,1719.3416666666665,3125.5916666666667,5041.591666666666
2367.8166666666666,1729.3416666666665,3053.9249999999997,4744.591666666666
2324.483333333333,1737.0083333333332,3134.258333333333,4564.258333333332
2308.483333333333,1749.0083333333332,3071.9249999999997,4597.258333333332
2297.15,1788.0083333333332,3147.258333333333,4857.258333333332
2351.8166666666666,1832.3416666666665,3090.5916666666667,4973.924999999999
2327.8166666666666,1820.675,3118.9249999999997,4924.924999999999
2280.8166666666666,1808.675,3167.9249999999997,4612.591666666666
2235.483333333333,1777.675,3120.9249999999997,4535.258333333332
2266.483333333333,1814.0083333333332,3159.258333333333,4785.258333333332
2307.8166666666666,1802.675,3113.258333333333,5027.591666666666
2254.483333333333,1749.0083333333332,3100.258333333333,4922.258333333332
2306.15,1737.0083333333332,3112.9249999999997,4998.591666666666
2311.15,1782.0083333333332,3093.9249999999997,4788.924999999999
2362.483333333333,1799.675,3054.9249999999997,4828.258333333332
2401.15,1740.675,3046.9249999999997,5029.258333333332
2340.483333333333,1721.675,3120.9249999999997,5208.924999999999
2380.15,1817.3416666666665,3130.5916666666667,5107.258333333332
2451.15,1728.0083333333332,3124.258333333333,4756.924999999999
2352.483333333333,1820.3416666666665,3133.9249999999997,4886.591666666666
2413.8166666666666,1805.0083333333332,3128.258333333333,4932.591666666666
2479.15,1746.0083333333332,3083.5916666666667,5258.924999999999
2421.8166666666666,1853.3416666666665,3157.9249999999997,5424.591666666666
2485.15,1795.675,3152.9249999999997,5066.258333333332
2391.15,1832.0083333333332,3066.9249999999997,5071.924999999999
2345.483333333333,1821.675,3056.5916666666667,4978.258333333332
2333.15,1834.675,3064.9249999999997,5256.591666666666
2315.15,1836.0083333333332,3079.9249999999997,5494.924999999999
2268.483333333333,1796.3416666666665,3104.5916666666667,5527.591666666666
2299.483333333333,1803.3416666666665,3057.5916666666667,5369.258333333332
2336.15,1776.0083333333332,3091.258333333333,5105.924999999999
2323.15,1840.675,3033.9249999999997,5029.591666666666
2431.483333333333,1811.3416666666665,3030.258333333333,5539.591666666666
2410.8166666666666,1845.3416666666665,3058.258333333333,5722.924999999999
2392.15,1814.3416666666665,3033.258333333333,5939.258333333332
2351.8166666666666,1780.0083333333332,3054.9249999999997,5977.924999999999
2395.8166666666666,1764.675,3099.5916666666667,5641.258333333332
2324.8166666666666,1810.3416666666665,3039.5916666666667,5707.924999999999
2263.15,1820.3416666666665,3015.258333333333,5665.258333333332
2237.483333333333,1816.3416666666665,3035.258333333333,6184.258333333332
2189.15,1760.0083333333332,3042.9249999999997,7142.258333333332
2265.8166666666666,1792.675,3044.5916666666667,6803.591666666666
2295.483333333333,1835.675,3093.9249999999997,7083.258333333332
2236.483333333333,1742.675,3016.258333333333,6359.258333333332
2221.8166666666666,1759.0083333333332,3006.258333333333,6290.591666666666
2256.483333333333,1711.3416666666665,3068.258333333333,6702.258333333332
2303.15,1752.0083333333332,3062.9249999999997,6775.591666666666
2348.15,1830.3416666666665,3014.258333333333,7308.924999999999
2389.8166666666666,1860.3416666666665,3095.5916666666667,7302.924999999999
2411.8166666666666,1874.675,3067.258333333333,7218.258333333332
2446.8166666666666,1858.0083333333332,3099.5916666666667,6855.258333333332
2370.15,1886.0083333333332,3056.258333333333,6739.258333333332
2308.8166666666666,1913.3416666666665,3005.5916666666667,6997.591666666666
2281.8166666666666,1900.3416666666665,3041.5916666666667,7495.258333333332
2320.483333333333,1816.675,3044.258333333333,7702.924999999999
2281.15,1800.675,3040.5916666666667,8654.925
2277.483333333333,1853.0083333333332,3058.258333333333,8024.258333333332
2312.8166666666666,1883.3416666666665,3066.9249999999997,7967.591666666666
2310.8166666666666,1814.675,3022.9249999999997,7902.258333333334
2262.483333333333,1766.0083333333332,3051.9249999999997,7200.591666666666
2278.483333333333,1768.3416666666665,3027.9249999999997,7399.258333333332
2286.8166666666666,1803.0083333333332,3007.9249999999997,8551.591666666665
2324.8166666666666,1841.675,3012.258333333333,8248.258333333333
2268.483333333333,1813.675,2999.5916666666667,9280.925
2241.15,1797.3416666666665,3062.258333333333,9689.591666666665
2214.483333333333,1822.0083333333332,3041.5916666666667,8716.925
2235.15,1811.0083333333332,3032.5916666666667,8402.925
2227.483333333333,1858.3416666666665,3068.5916666666667,8063.591666666667
2232.483333333333,1824.675,3038.9249999999997,7859.591666666667
2177.483333333333,1812.0083333333332,3091.5916666666667,7824.258333333332
2208.483333333333,1833.675,3068.258333333333,9446.591666666665
2160.483333333333,1841.3416666666665,3017.258333333333,9359.258333333333
2204.483333333333,1879.675,3046.258333333333,9675.591666666665
2214.15,1856.3416666666665,3069.5916666666667,10653.591666666665
2206.8166666666666,1864.0083333333332,3041.258333333333,9266.591666666665
2224.15,1811.0083333333332,3035.5916666666667,8879.925
2199.483333333333,1818.0083333333332,3023.5916666666667,8666.258333333333
2163.483333333333,1828.675,3063.9249999999997,8479.258333333333
2122.8166666666666,1863.3416666666665,3052.258333333333,8578.925
2195.483333333333,1862.0083333333332,3036.9249999999997,9275.258333333333
2198.15,1917.3416666666665,3085.258333333333,10377.258333333333
2192.8166666666666,1825.0083333333332,3041.258333333333,10405.591666666665
2282.15,1899.675,3015.258333333333,11410.924999999997
2244.483333333333,1891.675,3037.258333333333,11207.924999999997
2260.8166666666666,1869.675,3057.9249999999997,10293.591666666665
2251.8166666666666,1829.3416666666665,3039.9249999999997,10142.258333333333
2210.15,1870.3416666666665,3043.9249999999997,9657.258333333333
2135.483333333333,1835.0083333333332,3072.9249999999997,9667.925
2133.8166666666666,1902.675,3024.5916666666667,9692.591666666665
2122.8166666666666,1872.3416666666665,3096.5916666666667,10858.591666666665
2141.8166666666666,1826.0083333333332,3064.258333333333,12268.591666666665
2184.15,1887.675,3075.258333333333,12023.924999999997
2166.15,1882.675,3077.9249999999997,13223.591666666665
2162.483333333333,1911.3416666666665,2971.258333333333,13812.258333333331
2221.483333333333,1853.675,3112.258333333333,11603.924999999997
2164.8166666666666,1883.3416666666665,3083.5916666666667,11603.591666666665
2178.8166666666666,1920.675,3059.5916666666667,11659.924999999997
2185.483333333333,1836.0083333333332,3084.258333333333,10974.924999999997
2220.483333333333,1892.3416666666665,3068.258333333333,11818.591666666665
2177.15,1882.675,3047.5916666666667,11007.924999999997
2187.15,1875.675,3098.9249999999997,12606.924999999997
2174.483333333333,1902.675,3076.258333333333,15670.924999999997
2205.8166666666666,1924.675,3084.258333333333,14458.591666666665
2160.483333333333,1893.675,3081.9249999999997,14291.258333333331
2230.483333333333,1887.0083333333332,3067.258333333333,16714.92466666667
2231.483333333333,1896.3416666666665,3014.9249999999997,15549.924999999997
2253.15,1964.0083333333332,3108.258333333333,14041.924999999997
2147.483333333333,1924.3416666666665,3066.9249999999997,13786.591666666665
2102.15,1912.675,3034.9249999999997,13505.258333333331
2187.8166666666666,1947.3416666666665,3043.258333333333,13515.591666666665
2186.483333333333,1928.0083333333332,3021.5916666666667,14183.591666666665
2154.483333333333,1965.3416666666665,3074.9249999999997,14093.924999999997
2168.15,1935.0083333333332,3032.9249999999997,15681.258333333331
2144.15,1887.0083333333332,3058.258333333333,18559.258
2159.8166666666666,1873.0083333333332,3014.9249999999997,19996.92466666667
2144.483333333333,1906.0083333333332,3072.5916666666667,19612.92466666667
2173.8166666666666,1861.3416666666665,3063.258333333333,19986.591333333334
2085.8166666666666,1876.675,2991.258333333333,20079.92466666667
2150.8166666666666,1876.675,3007.258333333333,18684.92466666667
2168.483333333333,1893.675,3054.258333333333,17812.258
2094.15,1844.3416666666665,3061.5916666666667,17095.591333333334
2117.483333333333,1869.3416666666665,3083.5916666666667,15371.258333333331
2128.15,1898.3416666666665,3008.258333333333,15894.591666666665
2043.8166666666666,1882.3416666666665,3015.5916666666667,16708.258
2054.483333333333,1933.3416666666665,3030.258333333333,17449.92466666667
2089.15,1939.3416666666665,3044.5916666666667,17880.258
2117.15,1897.0083333333332,3067.9249999999997,19771.258
2122.15,1937.0083333333332,3110.9249999999997,21229.92466666667
2170.483333333333,1875.0083333333332,3071.9249999999997,21972.591333333334
2171.483333333333,1915.3416666666665,3059.9249999999997,22384.92466666667
2153.8166666666666,1944.3416666666665,3044.258333333333,22248.591333333334
2096.483333333333,1890.675,3079.9249999999997,22912.92466666667
2135.483333333333,1917.0083333333332,3074.258333333333,22261.591333333334
2036.1499999999999,1897.3416666666665,3067.5916666666667,20014.591333333334
2149.483333333333,1920.3416666666665,3051.9249999999997,20310.258
2150.15,1903.0083333333332,3101.5916666666667,19504.258
2129.15,1877.675,3095.5916666666667,19567.591333333334
2147.483333333333,1885.0083333333332,2989.258333333333,19631.591333333334
2128.15,1892.3416666666665,3034.5916666666667,20282.591333333334
2143.8166666666666,1901.675,3064.5916666666667,22292.92466666667
2069.483333333333,1920.675,3089.5916666666667,22963.92466666667
2111.15,1951.0083333333332,3059.258333333333,24079.591333333334
2128.8166666666666,1909.0083333333332,3082.5916666666667,22428.258
2130.483333333333,1896.0083333333332,3046.5916666666667,23698.258
2082.8166666666666,1993.3416666666665,3088.258333333333,27831.591333333334
2084.15,1932.675,2982.9249999999997,29269.92466666667
2120.8166666666666,1927.3416666666665,3093.5916666666667,28335.258
2072.8166666666666,1879.675,3077.258333333333,25405.591333333334
2097.15,1912.675,3023.9249999999997,23939.591333333334
2114.8166666666666,1985.0083333333332,3080.258333333333,25982.591333333334
2068.483333333333,1949.675,3042.9249999999997,29673.591333333334
2126.15,1990.3416666666665,2997.5916666666667,30913.591333333334
2112.15,1977.3416666666665,3018.9249999999997,28069.92466666667
2073.15,1942.3416666666665,3108.9249999999997,25202.258
2029.8166666666666,1977.675,3009.258333333333,25093.258
2053.483333333333,1946.3416666666665,3054.258333333333,28236.591333333334
2024.1499999999999,1918.3416666666665,3111.5916666666667,31533.258
2033.1499999999999,1899.3416666666665,3056.258333333333,32131.258
2048.8166666666666,1927.675,3110.9249999999997,29946.258
2035.1499999999999,1952.0083333333332,3087.5916666666667,29873.92466666667
2047.8166666666666,1913.3416666666665,3122.5916666666667,31424.92466666667
2051.15,1971.3416666666665,3141.258333333333,34851.924666666666
2065.15,1934.3416666666665,3057.9249999999997,35386.257333333335
2029.4833333333333,2017.3416666666665,3070.258333333333,32956.258
2040.1499999999999,1955.3416666666665,3096.9249999999997,30534.591333333334
2002.1499999999999,2000.0083333333332,2988.5916666666667,29679.591333333334
1994.8166666666666,1969.0083333333332,3037.258333333333,30301.92466666667
2004.4833333333333,1932.3416666666665,3002.5916666666667,34141.59066666667
1982.1499999999999,1946.0083333333332,3058.5916666666667,40210.924000000006
1998.4833333333333,2012.3416666666665,3020.5916666666667,42909.257333333335
2037.4833333333333,1961.3416666666665,3047.258333333333,41492.924000000006
2004.4833333333333,1935.0083333333332,3126.258333333333,35823.257333333335
1864.8166666666666,1812.0083333333332,2881.9249999999997,28022.591333333334
