Olivine_LIBS_shot01
Integration time [ms]:   1.000
Averaging Nr. [scans]: 1
Smoothing Nr. [pixels]: 0
Data measured with spectrometer [name]: UV1
Wave;Sample;Dark;Reference;Scope Corrected for Dark
 236.38;  166.950;    0.000;    0.000;166.95000
 236.45;  207.950;    0.000;    0.000;207.95000
 236.52;  178.950;    0.000;    0.000;178.95000
 236.59;  191.950;    0.000;    0.000;191.95000
 236.66;  190.950;    0.000;    0.000;190.95000
 236.73;  205.950;    0.000;    0.000;205.95000
 236.80;  208.950;    0.000;    0.000;208.95000
 236.87;  173.950;    0.000;    0.000;173.95000
 236.94;  158.950;    0.000;    0.000;158.95000
 237.01;  179.950;    0.000;    0.000;179.95000
 237.08;  185.950;    0.000;    0.000;185.95000
 237.15;  166.950;    0.000;    0.000;166.95000
 237.22;  187.950;    0.000;    0.000;187.95000
 237.29;  223.950;    0.000;    0.000;223.95000
 237.36;  192.950;    0.000;    0.000;192.95000
 237.43;  147.950;    0.000;    0.000;147.95000
 237.50; 1259.950;    0.000;    0.000;1259.95000
 237.57; 1284.950;    0.000;    0.000;1284.95000
 237.64; 1180.950;    0.000;    0.000;1180.95000
 237.71; 1274.950;    0.000;    0.000;1274.95000
 237.78; 1178.950;    0.000;    0.000;1178.95000
 237.84; 1262.950;    0.000;    0.000;1262.95000
 237.91; 1374.950;    0.000;    0.000;1374.95000
 237.98; 1450.950;    0.000;    0.000;1450.95000
 238.05; 1505.950;    0.000;    0.000;1505.95000
 238.12; 2345.950;    0.000;    0.000;2345.95000
 238.19; 2369.950;    0.000;    0.000;2369.95000
 238.26; 1819.950;    0.000;    0.000;1819.95000
 238.33; 1515.950;    0.000;    0.000;1515.95000
 238.40; 1467.950;    0.000;    0.000;1467.95000
 238.47; 1423.950;    0.000;    0.000;1423.95000
 238.54; 1467.950;    0.000;    0.000;1467.95000
 238.61; 1304.950;    0.000;    0.000;1304.95000
 238.68; 1396.950;    0.000;    0.000;1396.95000
 238.75; 1628.950;    0.000;    0.000;1628.95000
 238.82; 1910.950;    0.000;    0.000;1910.95000
 238.89; 1670.950;    0.000;    0.000;1670.95000
 238.96; 1500.950;    0.000;    0.000;1500.95000
 239.03; 1424.950;    0.000;    0.000;1424.95000
 239.10; 1432.950;    0.000;    0.000;1432.95000
 239.17; 1511.950;    0.000;    0.000;1511.95000
 239.24; 1509.950;    0.000;    0.000;1509.95000
 239.31; 1546.950;    0.000;    0.000;1546.95000
 239.38; 1654.950;    0.000;    0.000;1654.95000
 239.45; 2108.950;    0.000;    0.000;2108.95000
 239.51; 2972.950;    0.000;    0.000;2972.95000
 239.58; 2499.950;    0.000;    0.000;2499.95000
 239.65; 1739.950;    0.000;    0.000;1739.95000
 239.72; 1607.950;    0.000;    0.000;1607.95000
 239.79; 1706.950;    0.000;    0.000;1706.95000
 239.86; 2094.950;    0.000;    0.000;2094.95000
 239.93; 2066.950;    0.000;    0.000;2066.95000
 240.00; 1788.950;    0.000;    0.000;1788.95000
 240.07; 1656.950;    0.000;    0.000;1656.95000
 240.14; 1691.950;    0.000;    0.000;1691.95000
 240.21; 1775.950;    0.000;    0.000;1775.95000
 240.28; 1831.950;    0.000;    0.000;1831.95000
 240.35; 1910.950;    0.000;    0.000;1910.95000
 240.42; 2806.950;    0.000;    0.000;2806.95000
 240.49; 2680.950;    0.000;    0.000;2680.95000
 240.56; 2202.950;    0.000;    0.000;2202.95000
 240.63; 2334.950;    0.000;    0.000;2334.95000
 240.70; 2035.950;    0.000;    0.000;2035.95000
 240.76; 1857.950;    0.000;    0.000;1857.95000
 240.83; 1778.950;    0.000;    0.000;1778.95000
 240.90; 1805.950;    0.000;    0.000;1805.95000
 240.97; 2337.950;    0.000;    0.000;2337.95000
 241.04; 2758.950;    0.000;    0.000;2758.95000
 241.11; 2193.950;    0.000;    0.000;2193.95000
 241.18; 1971.950;    0.000;    0.000;1971.95000
 241.25; 2075.950;    0.000;    0.000;2075.95000
 241.32; 2109.950;    0.000;    0.000;2109.95000
 241.39; 1865.950;    0.000;    0.000;1865.95000
 241.46; 1789.950;    0.000;    0.000;1789.95000
 241.53; 1754.950;    0.000;    0.000;1754.95000
 241.60; 1742.950;    0.000;    0.000;1742.95000
 241.67; 1717.950;    0.000;    0.000;1717.95000
 241.74; 1791.950;    0.000;    0.000;1791.95000
 241.80; 1707.950;    0.000;    0.000;1707.95000
 241.87; 1805.950;    0.000;    0.000;1805.95000
 241.94; 1673.950;    0.000;    0.000;1673.95000
 242.01; 1687.950;    0.000;    0.000;1687.95000
 242.08; 1672.950;    0.000;    0.000;1672.95000
 242.15; 1724.950;    0.000;    0.000;1724.95000
 242.22; 1819.950;    0.000;    0.000;1819.95000
 242.29; 1795.950;    0.000;    0.000;1795.95000
 242.36; 2036.950;    0.000;    0.000;2036.95000
 242.43; 2090.950;    0.000;    0.000;2090.95000
 242.50; 1808.950;    0.000;    0.000;1808.95000
 242.57; 1772.950;    0.000;    0.000;1772.95000
 242.64; 1676.950;    0.000;    0.000;1676.95000
 242.71; 1838.950;    0.000;    0.000;1838.95000
 242.77; 1965.950;    0.000;    0.000;1965.95000
 242.84; 1992.950;    0.000;    0.000;1992.95000
 242.91; 2034.950;    0.000;    0.000;2034.95000
 242.98; 1998.950;    0.000;    0.000;1998.95000
 243.05; 1923.950;    0.000;    0.000;1923.95000
 243.12; 1959.950;    0.000;    0.000;1959.95000
 243.19; 2060.950;    0.000;    0.000;2060.95000
 243.26; 2093.950;    0.000;    0.000;2093.95000
 243.33; 1989.950;    0.000;    0.000;1989.95000
 243.40; 2232.950;    0.000;    0.000;2232.95000
 243.47; 2414.950;    0.000;    0.000;2414.95000
 243.54; 2168.950;    0.000;    0.000;2168.95000
 243.60; 1881.950;    0.000;    0.000;1881.95000
 243.67; 1905.950;    0.000;    0.000;1905.95000
 243.74; 1936.950;    0.000;    0.000;1936.95000
 243.81; 1867.950;    0.000;    0.000;1867.95000
 243.88; 2148.950;    0.000;    0.000;2148.95000
 243.95; 2065.950;    0.000;    0.000;2065.95000
 244.02; 1971.950;    0.000;    0.000;1971.95000
 244.09; 1852.950;    0.000;    0.000;1852.95000
 244.16; 1874.950;    0.000;    0.000;1874.95000
 244.23; 1934.950;    0.000;    0.000;1934.95000
 244.30; 1785.950;    0.000;    0.000;1785.95000
 244.36; 2172.950;    0.000;    0.000;2172.95000
 244.43; 2192.950;    0.000;    0.000;2192.95000
 244.50; 2207.950;    0.000;    0.000;2207.95000
 244.57; 2223.950;    0.000;    0.000;2223.95000
 244.64; 2013.950;    0.000;    0.000;2013.95000
 244.71; 2042.950;    0.000;    0.000;2042.95000
 244.78; 2010.950;    0.000;    0.000;2010.95000
 244.85; 1898.950;    0.000;    0.000;1898.95000
 244.92; 1868.950;    0.000;    0.000;1868.95000
 244.99; 1879.950;    0.000;    0.000;1879.95000
 245.06; 1829.950;    0.000;    0.000;1829.95000
 245.12; 1925.950;    0.000;    0.000;1925.95000
 245.19; 1887.950;    0.000;    0.000;1887.95000
 245.26; 1868.950;    0.000;    0.000;1868.95000
 245.33; 1942.950;    0.000;    0.000;1942.95000
 245.40; 1817.950;    0.000;    0.000;1817.95000
 245.47; 1857.950;    0.000;    0.000;1857.95000
 245.54; 1864.950;    0.000;    0.000;1864.95000
 245.61; 1992.950;    0.000;    0.000;1992.95000
 245.68; 1899.950;    0.000;    0.000;1899.95000
 245.75; 1941.950;    0.000;    0.000;1941.95000
 245.81; 2049.950;    0.000;    0.000;2049.95000
 245.88; 2150.950;    0.000;    0.000;2150.95000
 245.95; 2006.950;    0.000;    0.000;2006.95000
 246.02; 1994.950;    0.000;    0.000;1994.95000
 246.09; 2219.950;    0.000;    0.000;2219.95000
 246.16; 2353.950;    0.000;    0.000;2353.95000
 246.23; 2041.950;    0.000;    0.000;2041.95000
 246.30; 2041.950;    0.000;    0.000;2041.95000
 246.37; 1971.950;    0.000;    0.000;1971.95000
 246.43; 2170.950;    0.000;    0.000;2170.95000
 246.50; 2093.950;    0.000;    0.000;2093.95000
 246.57; 2115.950;    0.000;    0.000;2115.95000
 246.64; 2133.950;    0.000;    0.000;2133.95000
 246.71; 2036.950;    0.000;    0.000;2036.95000
 246.78; 1933.950;    0.000;    0.000;1933.95000
 246.85; 2003.950;    0.000;    0.000;2003.95000
 246.92; 1962.950;    0.000;    0.000;1962.95000
 246.99; 2065.950;    0.000;    0.000;2065.95000
 247.05; 1946.950;    0.000;    0.000;1946.95000
 247.12; 1857.950;    0.000;    0.000;1857.95000
 247.19; 1970.950;    0.000;    0.000;1970.95000
 247.26; 2089.950;    0.000;    0.000;2089.95000
 247.33; 2081.950;    0.000;    0.000;2081.95000
 247.40; 2005.950;    0.000;    0.000;2005.95000
 247.47; 1935.950;    0.000;    0.000;1935.95000
 247.54; 1943.950;    0.000;    0.000;1943.95000
 247.60; 2041.950;    0.000;    0.000;2041.95000
 247.67; 2035.950;    0.000;    0.000;2035.95000
 247.74; 2319.950;    0.000;    0.000;2319.95000
 247.81; 3930.950;    0.000;    0.000;3930.95000
 247.88; 3682.950;    0.000;    0.000;3682.95000
 247.95; 2923.950;    0.000;    0.000;2923.95000
 248.02; 2440.950;    0.000;    0.000;2440.95000
 248.09; 2308.950;    0.000;    0.000;2308.95000
 248.15; 2259.950;    0.000;    0.000;2259.95000
 248.22; 2345.950;    0.000;    0.000;2345.95000
 248.29; 2662.950;    0.000;    0.000;2662.95000
 248.36; 2418.950;    0.000;    0.000;2418.95000
 248.43; 2142.950;    0.000;    0.000;2142.95000
 248.50; 2016.950;    0.000;    0.000;2016.95000
 248.57; 2001.950;    0.000;    0.000;2001.95000
 248.64; 2211.950;    0.000;    0.000;2211.95000
 248.70; 2071.950;    0.000;    0.000;2071.95000
 248.77; 2339.950;    0.000;    0.000;2339.95000
 248.84; 2260.950;    0.000;    0.000;2260.95000
 248.91; 2383.950;    0.000;    0.000;2383.95000
 248.98; 2470.950;    0.000;    0.000;2470.95000
 249.05; 2618.950;    0.000;    0.000;2618.95000
 249.12; 2380.950;    0.000;    0.000;2380.95000
 249.18; 2300.950;    0.000;    0.000;2300.95000
 249.25; 2820.950;    0.000;    0.000;2820.95000
 249.32; 2915.950;    0.000;    0.000;2915.95000
 249.39; 2217.950;    0.000;    0.000;2217.95000
 249.46; 1976.950;    0.000;    0.000;1976.95000
 249.53; 1906.950;    0.000;    0.000;1906.95000
 249.60; 1874.950;    0.000;    0.000;1874.95000
 249.66; 1972.950;    0.000;    0.000;1972.95000
 249.73; 2061.950;    0.000;    0.000;2061.95000
 249.80; 2226.950;    0.000;    0.000;2226.95000
 249.87; 2305.950;    0.000;    0.000;2305.95000
 249.94; 2011.950;    0.000;    0.000;2011.95000
 250.01; 1962.950;    0.000;    0.000;1962.95000
 250.08; 2071.950;    0.000;    0.000;2071.95000
 250.14; 2037.950;    0.000;    0.000;2037.95000
 250.21; 2031.950;    0.000;    0.000;2031.95000
 250.28; 2166.950;    0.000;    0.000;2166.95000
 250.35; 2119.950;    0.000;    0.000;2119.95000
 250.42; 2040.950;    0.000;    0.000;2040.95000
 250.49; 1949.950;    0.000;    0.000;1949.95000
 250.56; 2166.950;    0.000;    0.000;2166.95000
 250.62; 2879.950;    0.000;    0.000;2879.95000
 250.69; 3190.950;    0.000;    0.000;3190.95000
 250.76; 2614.950;    0.000;    0.000;2614.95000
 250.83; 2427.950;    0.000;    0.000;2427.95000
 250.90; 2297.950;    0.000;    0.000;2297.95000
 250.97; 2124.950;    0.000;    0.000;2124.95000
 251.04; 2229.950;    0.000;    0.000;2229.95000
 251.10; 2583.950;    0.000;    0.000;2583.95000
 251.17; 2628.950;    0.000;    0.000;2628.95000
 251.24; 2263.950;    0.000;    0.000;2263.95000
 251.31; 2328.950;    0.000;    0.000;2328.95000
 251.38; 3053.950;    0.000;    0.000;3053.95000
 251.45; 3350.950;    0.000;    0.000;3350.95000
 251.51; 3504.950;    0.000;    0.000;3504.95000
 251.58; 4838.950;    0.000;    0.000;4838.95000
 251.65; 4330.950;    0.000;    0.000;4330.95000
 251.72; 3097.950;    0.000;    0.000;3097.95000
 251.79; 2733.950;    0.000;    0.000;2733.95000
 251.86; 3066.950;    0.000;    0.000;3066.95000
 251.92; 3023.950;    0.000;    0.000;3023.95000
 251.99; 2635.950;    0.000;    0.000;2635.95000
 252.06; 2333.950;    0.000;    0.000;2333.95000
 252.13; 2367.950;    0.000;    0.000;2367.95000
 252.20; 2563.950;    0.000;    0.000;2563.95000
 252.27; 2664.950;    0.000;    0.000;2664.95000
 252.33; 3072.950;    0.000;    0.000;3072.95000
 252.40; 3383.950;    0.000;    0.000;3383.95000
 252.47; 3154.950;    0.000;    0.000;3154.95000
 252.54; 2906.950;    0.000;    0.000;2906.95000
 252.61; 2674.950;    0.000;    0.000;2674.95000
 252.68; 2640.950;    0.000;    0.000;2640.95000
 252.74; 2842.950;    0.000;    0.000;2842.95000
 252.81; 3583.950;    0.000;    0.000;3583.95000
 252.88; 3565.950;    0.000;    0.000;3565.95000
 252.95; 2945.950;    0.000;    0.000;2945.95000
 253.02; 2480.950;    0.000;    0.000;2480.95000
 253.09; 2291.950;    0.000;    0.000;2291.95000
 253.15; 2056.950;    0.000;    0.000;2056.95000
 253.22; 2113.950;    0.000;    0.000;2113.95000
 253.29; 2387.950;    0.000;    0.000;2387.95000
 253.36; 2544.950;    0.000;    0.000;2544.95000
 253.43; 2494.950;    0.000;    0.000;2494.95000
 253.50; 2322.950;    0.000;    0.000;2322.95000
 253.56; 2307.950;    0.000;    0.000;2307.95000
 253.63; 2536.950;    0.000;    0.000;2536.95000
 253.70; 2516.950;    0.000;    0.000;2516.95000
 253.77; 2381.950;    0.000;    0.000;2381.95000
 253.84; 3015.950;    0.000;    0.000;3015.95000
 253.90; 2760.950;    0.000;    0.000;2760.95000
 253.97; 2270.950;    0.000;    0.000;2270.95000
 254.04; 2258.950;    0.000;    0.000;2258.95000
 254.11; 2429.950;    0.000;    0.000;2429.95000
 254.18; 2174.950;    0.000;    0.000;2174.95000
 254.25; 2072.950;    0.000;    0.000;2072.95000
 254.31; 2161.950;    0.000;    0.000;2161.95000
 254.38; 2065.950;    0.000;    0.000;2065.95000
 254.45; 2075.950;    0.000;    0.000;2075.95000
 254.52; 2079.950;    0.000;    0.000;2079.95000
 254.59; 2158.950;    0.000;    0.000;2158.95000
 254.65; 2073.950;    0.000;    0.000;2073.95000
 254.72; 1953.950;    0.000;    0.000;1953.95000
 254.79; 2204.950;    0.000;    0.000;2204.95000
 254.86; 2452.950;    0.000;    0.000;2452.95000
 254.93; 2591.950;    0.000;    0.000;2591.95000
 255.00; 2377.950;    0.000;    0.000;2377.95000
 255.06; 2119.950;    0.000;    0.000;2119.95000
 255.13; 1910.950;    0.000;    0.000;1910.95000
 255.20; 1898.950;    0.000;    0.000;1898.95000
 255.27; 1802.950;    0.000;    0.000;1802.95000
 255.34; 1907.950;    0.000;    0.000;1907.95000
 255.40; 1756.950;    0.000;    0.000;1756.95000
 255.47; 1855.950;    0.000;    0.000;1855.95000
 255.54; 1881.950;    0.000;    0.000;1881.95000
 255.61; 1869.950;    0.000;    0.000;1869.95000
 255.68; 1892.950;    0.000;    0.000;1892.95000
 255.74; 1882.950;    0.000;    0.000;1882.95000
 255.81; 1944.950;    0.000;    0.000;1944.95000
 255.88; 1883.950;    0.000;    0.000;1883.95000
 255.95; 1955.950;    0.000;    0.000;1955.95000
 256.02; 2086.950;    0.000;    0.000;2086.95000
 256.08; 2015.950;    0.000;    0.000;2015.95000
 256.15; 2262.950;    0.000;    0.000;2262.95000
 256.22; 2882.950;    0.000;    0.000;2882.95000
 256.29; 2906.950;    0.000;    0.000;2906.95000
 256.36; 2437.950;    0.000;    0.000;2437.95000
 256.42; 2082.950;    0.000;    0.000;2082.95000
 256.49; 1929.950;    0.000;    0.000;1929.95000
 256.56; 1979.950;    0.000;    0.000;1979.95000
 256.63; 2213.950;    0.000;    0.000;2213.95000
 256.70; 2075.950;    0.000;    0.000;2075.95000
 256.76; 2053.950;    0.000;    0.000;2053.95000
 256.83; 1993.950;    0.000;    0.000;1993.95000
 256.90; 1990.950;    0.000;    0.000;1990.95000
 256.97; 1989.950;    0.000;    0.000;1989.95000
 257.03; 2058.950;    0.000;    0.000;2058.95000
 257.10; 2085.950;    0.000;    0.000;2085.95000
 257.17; 1923.950;    0.000;    0.000;1923.95000
 257.24; 1919.950;    0.000;    0.000;1919.95000
 257.31; 2001.950;    0.000;    0.000;2001.95000
 257.37; 2099.950;    0.000;    0.000;2099.95000
 257.44; 2265.950;    0.000;    0.000;2265.95000
 257.51; 2358.950;    0.000;    0.000;2358.95000
 257.58; 2620.950;    0.000;    0.000;2620.95000
 257.65; 2349.950;    0.000;    0.000;2349.95000
 257.71; 2224.950;    0.000;    0.000;2224.95000
 257.78; 2141.950;    0.000;    0.000;2141.95000
 257.85; 2123.950;    0.000;    0.000;2123.95000
 257.92; 1956.950;    0.000;    0.000;1956.95000
 257.98; 1975.950;    0.000;    0.000;1975.95000
 258.05; 1942.950;    0.000;    0.000;1942.95000
 258.12; 2019.950;    0.000;    0.000;2019.95000
 258.19; 2154.950;    0.000;    0.000;2154.95000
 258.26; 2214.950;    0.000;    0.000;2214.95000
 258.32; 2120.950;    0.000;    0.000;2120.95000
 258.39; 2061.950;    0.000;    0.000;2061.95000
 258.46; 2324.950;    0.000;    0.000;2324.95000
 258.53; 3251.950;    0.000;    0.000;3251.95000
 258.59; 3131.950;    0.000;    0.000;3131.95000
 258.66; 2358.950;    0.000;    0.000;2358.95000
 258.73; 2165.950;    0.000;    0.000;2165.95000
 258.80; 2188.950;    0.000;    0.000;2188.95000
 258.87; 2088.950;    0.000;    0.000;2088.95000
 258.93; 2118.950;    0.000;    0.000;2118.95000
 259.00; 2067.950;    0.000;    0.000;2067.95000
 259.07; 2143.950;    0.000;    0.000;2143.95000
 259.14; 2368.950;    0.000;    0.000;2368.95000
 259.20; 2438.950;    0.000;    0.000;2438.95000
 259.27; 2669.950;    0.000;    0.000;2669.95000
 259.34; 2714.950;    0.000;    0.000;2714.95000
 259.41; 2356.950;    0.000;    0.000;2356.95000
 259.47; 2122.950;    0.000;    0.000;2122.95000
 259.54; 2137.950;    0.000;    0.000;2137.95000
 259.61; 2135.950;    0.000;    0.000;2135.95000
 259.68; 2385.950;    0.000;    0.000;2385.95000
 259.75; 3176.950;    0.000;    0.000;3176.95000
 259.81; 4643.950;    0.000;    0.000;4643.95000
 259.88; 6659.950;    0.000;    0.000;6659.95000
 259.95; 5858.950;    0.000;    0.000;5858.95000
 260.02; 3143.950;    0.000;    0.000;3143.95000
 260.08; 2418.950;    0.000;    0.000;2418.95000
 260.15; 2202.950;    0.000;    0.000;2202.95000
 260.22; 2158.950;    0.000;    0.000;2158.95000
 260.29; 2187.950;    0.000;    0.000;2187.95000
 260.35; 2214.950;    0.000;    0.000;2214.95000
 260.42; 2263.950;    0.000;    0.000;2263.95000
 260.49; 2627.950;    0.000;    0.000;2627.95000
 260.56; 2679.950;    0.000;    0.000;2679.95000
 260.62; 3294.950;    0.000;    0.000;3294.95000
 260.69; 3737.950;    0.000;    0.000;3737.95000
 260.76; 2758.950;    0.000;    0.000;2758.95000
 260.83; 2206.950;    0.000;    0.000;2206.95000
 260.89; 2258.950;    0.000;    0.000;2258.95000
 260.96; 2339.950;    0.000;    0.000;2339.95000
 261.03; 2323.950;    0.000;    0.000;2323.95000
 261.10; 3255.950;    0.000;    0.000;3255.95000
 261.16; 4223.950;    0.000;    0.000;4223.95000
 261.23; 3365.950;    0.000;    0.000;3365.95000
 261.30; 2920.950;    0.000;    0.000;2920.95000
 261.37; 3162.950;    0.000;    0.000;3162.95000
 261.43; 2538.950;    0.000;    0.000;2538.95000
 261.50; 2128.950;    0.000;    0.000;2128.95000
 261.57; 2133.950;    0.000;    0.000;2133.95000
 261.64; 2188.950;    0.000;    0.000;2188.95000
 261.70; 2857.950;    0.000;    0.000;2857.95000
 261.77; 2681.950;    0.000;    0.000;2681.95000
 261.84; 2388.950;    0.000;    0.000;2388.95000
 261.91; 2109.950;    0.000;    0.000;2109.95000
 261.97; 2132.950;    0.000;    0.000;2132.95000
 262.04; 2237.950;    0.000;    0.000;2237.95000
 262.11; 2281.950;    0.000;    0.000;2281.95000
 262.18; 2242.950;    0.000;    0.000;2242.95000
 262.24; 2189.950;    0.000;    0.000;2189.95000
 262.31; 2188.950;    0.000;    0.000;2188.95000
 262.38; 2207.950;    0.000;    0.000;2207.95000
 262.44; 2617.950;    0.000;    0.000;2617.95000
 262.51; 3293.950;    0.000;    0.000;3293.95000
 262.58; 3065.950;    0.000;    0.000;3065.95000
 262.65; 2524.950;    0.000;    0.000;2524.95000
 262.71; 2558.950;    0.000;    0.000;2558.95000
 262.78; 3031.950;    0.000;    0.000;3031.95000
 262.85; 2905.950;    0.000;    0.000;2905.95000
 262.92; 2779.950;    0.000;    0.000;2779.95000
 262.98; 3008.950;    0.000;    0.000;3008.95000
 263.05; 4399.950;    0.000;    0.000;4399.95000
 263.12; 4830.950;    0.000;    0.000;4830.95000
 263.19; 3317.950;    0.000;    0.000;3317.95000
 263.25; 2456.950;    0.000;    0.000;2456.95000
 263.32; 2344.950;    0.000;    0.000;2344.95000
 263.39; 2216.950;    0.000;    0.000;2216.95000
 263.45; 2137.950;    0.000;    0.000;2137.95000
 263.52; 2093.950;    0.000;    0.000;2093.95000
 263.59; 2120.950;    0.000;    0.000;2120.95000
 263.66; 2114.950;    0.000;    0.000;2114.95000
 263.72; 2140.950;    0.000;    0.000;2140.95000
 263.79; 2273.950;    0.000;    0.000;2273.95000
 263.86; 2221.950;    0.000;    0.000;2221.95000
 263.92; 2148.950;    0.000;    0.000;2148.95000
 263.99; 2121.950;    0.000;    0.000;2121.95000
 264.06; 2154.950;    0.000;    0.000;2154.95000
 264.13; 2165.950;    0.000;    0.000;2165.95000
 264.19; 2175.950;    0.000;    0.000;2175.95000
 264.26; 2130.950;    0.000;    0.000;2130.95000
 264.33; 2137.950;    0.000;    0.000;2137.95000
 264.40; 2121.950;    0.000;    0.000;2121.95000
 264.46; 2115.950;    0.000;    0.000;2115.95000
 264.53; 2066.950;    0.000;    0.000;2066.95000
 264.60; 2157.950;    0.000;    0.000;2157.95000
 264.66; 2089.950;    0.000;    0.000;2089.95000
 264.73; 2075.950;    0.000;    0.000;2075.95000
 264.80; 2130.950;    0.000;    0.000;2130.95000
 264.87; 2097.950;    0.000;    0.000;2097.95000
 264.93; 2137.950;    0.000;    0.000;2137.95000
 265.00; 2109.950;    0.000;    0.000;2109.95000
 265.07; 2032.950;    0.000;    0.000;2032.95000
 265.13; 2075.950;    0.000;    0.000;2075.95000
 265.20; 2149.950;    0.000;    0.000;2149.95000
 265.27; 2149.950;    0.000;    0.000;2149.95000
 265.33; 2015.950;    0.000;    0.000;2015.95000
 265.40; 2116.950;    0.000;    0.000;2116.95000
 265.47; 2076.950;    0.000;    0.000;2076.95000
 265.54; 2087.950;    0.000;    0.000;2087.95000
 265.60; 2237.950;    0.000;    0.000;2237.95000
 265.67; 2078.950;    0.000;    0.000;2078.95000
 265.74; 2092.950;    0.000;    0.000;2092.95000
 265.80; 2108.950;    0.000;    0.000;2108.95000
 265.87; 2114.950;    0.000;    0.000;2114.95000
 265.94; 2173.950;    0.000;    0.000;2173.95000
 266.01; 2215.950;    0.000;    0.000;2215.95000
 266.07; 2176.950;    0.000;    0.000;2176.95000
 266.14; 2154.950;    0.000;    0.000;2154.95000
 266.21; 2221.950;    0.000;    0.000;2221.95000
 266.27; 2187.950;    0.000;    0.000;2187.95000
 266.34; 2280.950;    0.000;    0.000;2280.95000
 266.41; 2622.950;    0.000;    0.000;2622.95000
 266.47; 2543.950;    0.000;    0.000;2543.95000
 266.54; 2397.950;    0.000;    0.000;2397.95000
 266.61; 2330.950;    0.000;    0.000;2330.95000
 266.67; 2516.950;    0.000;    0.000;2516.95000
 266.74; 2333.950;    0.000;    0.000;2333.95000
 266.81; 2136.950;    0.000;    0.000;2136.95000
 266.88; 2201.950;    0.000;    0.000;2201.95000
 266.94; 2197.950;    0.000;    0.000;2197.95000
 267.01; 2196.950;    0.000;    0.000;2196.95000
 267.08; 2173.950;    0.000;    0.000;2173.95000
 267.14; 2146.950;    0.000;    0.000;2146.95000
 267.21; 2223.950;    0.000;    0.000;2223.95000
 267.28; 2201.950;    0.000;    0.000;2201.95000
 267.34; 2128.950;    0.000;    0.000;2128.95000
 267.41; 2121.950;    0.000;    0.000;2121.95000
 267.48; 2167.950;    0.000;    0.000;2167.95000
 267.54; 2234.950;    0.000;    0.000;2234.95000
 267.61; 2139.950;    0.000;    0.000;2139.95000
 267.68; 2230.950;    0.000;    0.000;2230.95000
 267.74; 2267.950;    0.000;    0.000;2267.95000
 267.81; 2198.950;    0.000;    0.000;2198.95000
 267.88; 2179.950;    0.000;    0.000;2179.95000
 267.94; 2084.950;    0.000;    0.000;2084.95000
 268.01; 2097.950;    0.000;    0.000;2097.95000
 268.08; 2196.950;    0.000;    0.000;2196.95000
 268.15; 2155.950;    0.000;    0.000;2155.95000
 268.21; 2184.950;    0.000;    0.000;2184.95000
 268.28; 2150.950;    0.000;    0.000;2150.95000
 268.35; 2149.950;    0.000;    0.000;2149.95000
 268.41; 2256.950;    0.000;    0.000;2256.95000
 268.48; 2308.950;    0.000;    0.000;2308.95000
 268.55; 2224.950;    0.000;    0.000;2224.95000
 268.61; 2159.950;    0.000;    0.000;2159.95000
 268.68; 2155.950;    0.000;    0.000;2155.95000
 268.75; 2108.950;    0.000;    0.000;2108.95000
 268.81; 2114.950;    0.000;    0.000;2114.95000
 268.88; 2162.950;    0.000;    0.000;2162.95000
 268.95; 2146.950;    0.000;    0.000;2146.95000
 269.01; 2214.950;    0.000;    0.000;2214.95000
 269.08; 2134.950;    0.000;    0.000;2134.95000
 269.15; 2169.950;    0.000;    0.000;2169.95000
 269.21; 2245.950;    0.000;    0.000;2245.95000
 269.28; 2273.950;    0.000;    0.000;2273.95000
 269.35; 2241.950;    0.000;    0.000;2241.95000
 269.41; 2087.950;    0.000;    0.000;2087.95000
 269.48; 2079.950;    0.000;    0.000;2079.95000
 269.55; 2075.950;    0.000;    0.000;2075.95000
 269.61; 1947.950;    0.000;    0.000;1947.95000
 269.68; 2185.950;    0.000;    0.000;2185.95000
 269.75; 2070.950;    0.000;    0.000;2070.95000
 269.81; 2018.950;    0.000;    0.000;2018.95000
 269.88; 2020.950;    0.000;    0.000;2020.95000
 269.95; 2082.950;    0.000;    0.000;2082.95000
 270.01; 2065.950;    0.000;    0.000;2065.95000
 270.08; 2075.950;    0.000;    0.000;2075.95000
 270.15; 2139.950;    0.000;    0.000;2139.95000
 270.21; 1992.950;    0.000;    0.000;1992.95000
 270.28; 2081.950;    0.000;    0.000;2081.95000
 270.35; 2241.950;    0.000;    0.000;2241.95000
 270.41; 2154.950;    0.000;    0.000;2154.95000
 270.48; 2064.950;    0.000;    0.000;2064.95000
 270.54; 2168.950;    0.000;    0.000;2168.95000
 270.61; 2115.950;    0.000;    0.000;2115.95000
 270.68; 2147.950;    0.000;    0.000;2147.95000
 270.74; 2007.950;    0.000;    0.000;2007.95000
 270.81; 1992.950;    0.000;    0.000;1992.95000
 270.88; 2010.950;    0.000;    0.000;2010.95000
 270.94; 1970.950;    0.000;    0.000;1970.95000
 271.01; 2002.950;    0.000;    0.000;2002.95000
 271.08; 2072.950;    0.000;    0.000;2072.95000
 271.14; 2218.950;    0.000;    0.000;2218.95000
 271.21; 2169.950;    0.000;    0.000;2169.95000
 271.28; 2045.950;    0.000;    0.000;2045.95000
 271.34; 2117.950;    0.000;    0.000;2117.95000
 271.41; 2356.950;    0.000;    0.000;2356.95000
 271.48; 2267.950;    0.000;    0.000;2267.95000
 271.54; 2027.950;    0.000;    0.000;2027.95000
 271.61; 2061.950;    0.000;    0.000;2061.95000
 271.67; 2109.950;    0.000;    0.000;2109.95000
 271.74; 1958.950;    0.000;    0.000;1958.95000
 271.81; 2126.950;    0.000;    0.000;2126.95000
 271.87; 2398.950;    0.000;    0.000;2398.95000
 271.94; 2261.950;    0.000;    0.000;2261.95000
 272.01; 2109.950;    0.000;    0.000;2109.95000
 272.07; 2161.950;    0.000;    0.000;2161.95000
 272.14; 2079.950;    0.000;    0.000;2079.95000
 272.21; 1971.950;    0.000;    0.000;1971.95000
 272.27; 2055.950;    0.000;    0.000;2055.95000
 272.34; 2021.950;    0.000;    0.000;2021.95000
 272.40; 2033.950;    0.000;    0.000;2033.95000
 272.47; 2070.950;    0.000;    0.000;2070.95000
 272.54; 1910.950;    0.000;    0.000;1910.95000
 272.60; 2016.950;    0.000;    0.000;2016.95000
 272.67; 2211.950;    0.000;    0.000;2211.95000
 272.74; 2325.950;    0.000;    0.000;2325.95000
 272.80; 2171.950;    0.000;    0.000;2171.95000
 272.87; 1957.950;    0.000;    0.000;1957.95000
 272.94; 1894.950;    0.000;    0.000;1894.95000
 273.00; 2002.950;    0.000;    0.000;2002.95000
 273.07; 2061.950;    0.000;    0.000;2061.95000
 273.13; 1954.950;    0.000;    0.000;1954.95000
 273.20; 2001.950;    0.000;    0.000;2001.95000
 273.27; 2039.950;    0.000;    0.000;2039.95000
 273.33; 2139.950;    0.000;    0.000;2139.95000
 273.40; 2043.950;    0.000;    0.000;2043.95000
 273.47; 2075.950;    0.000;    0.000;2075.95000
 273.53; 2059.950;    0.000;    0.000;2059.95000
 273.60; 2166.950;    0.000;    0.000;2166.95000
 273.66; 2442.950;    0.000;    0.000;2442.95000
 273.73; 2354.950;    0.000;    0.000;2354.95000
 273.80; 2358.950;    0.000;    0.000;2358.95000
 273.86; 3022.950;    0.000;    0.000;3022.95000
 273.93; 3965.950;    0.000;    0.000;3965.95000
 273.99; 3211.950;    0.000;    0.000;3211.95000
 274.06; 2381.950;    0.000;    0.000;2381.95000
 274.13; 2257.950;    0.000;    0.000;2257.95000
 274.19; 2479.950;    0.000;    0.000;2479.95000
 274.26; 2931.950;    0.000;    0.000;2931.95000
 274.33; 2886.950;    0.000;    0.000;2886.95000
 274.39; 2515.950;    0.000;    0.000;2515.95000
 274.46; 2329.950;    0.000;    0.000;2329.95000
 274.52; 2536.950;    0.000;    0.000;2536.95000
 274.59; 3580.950;    0.000;    0.000;3580.95000
 274.66; 4283.950;    0.000;    0.000;4283.95000
 274.72; 3490.950;    0.000;    0.000;3490.95000
 274.79; 2833.950;    0.000;    0.000;2833.95000
 274.85; 3970.950;    0.000;    0.000;3970.95000
 274.92; 4592.950;    0.000;    0.000;4592.95000
 274.99; 3596.950;    0.000;    0.000;3596.95000
 275.05; 2597.950;    0.000;    0.000;2597.95000
 275.12; 2513.950;    0.000;    0.000;2513.95000
 275.18; 2429.950;    0.000;    0.000;2429.95000
 275.25; 2616.950;    0.000;    0.000;2616.95000
 275.32; 2800.950;    0.000;    0.000;2800.95000
 275.38; 2571.950;    0.000;    0.000;2571.95000
 275.45; 2745.950;    0.000;    0.000;2745.95000
 275.51; 4171.950;    0.000;    0.000;4171.95000
 275.58; 4312.950;    0.000;    0.000;4312.95000
 275.65; 3032.950;    0.000;    0.000;3032.95000
 275.71; 2414.950;    0.000;    0.000;2414.95000
 275.78; 2303.950;    0.000;    0.000;2303.95000
 275.84; 2292.950;    0.000;    0.000;2292.95000
 275.91; 2322.950;    0.000;    0.000;2322.95000
 275.98; 2310.950;    0.000;    0.000;2310.95000
 276.04; 2287.950;    0.000;    0.000;2287.95000
 276.11; 2354.950;    0.000;    0.000;2354.95000
 276.17; 2358.950;    0.000;    0.000;2358.95000
 276.24; 2481.950;    0.000;    0.000;2481.95000
 276.31; 2325.950;    0.000;    0.000;2325.95000
 276.37; 2418.950;    0.000;    0.000;2418.95000
 276.44; 2337.950;    0.000;    0.000;2337.95000
 276.50; 2383.950;    0.000;    0.000;2383.95000
 276.57; 2533.950;    0.000;    0.000;2533.95000
 276.64; 2597.950;    0.000;    0.000;2597.95000
 276.70; 2933.950;    0.000;    0.000;2933.95000
 276.77; 2829.950;    0.000;    0.000;2829.95000
 276.83; 2706.950;    0.000;    0.000;2706.95000
 276.90; 2669.950;    0.000;    0.000;2669.95000
 276.96; 2635.950;    0.000;    0.000;2635.95000
 277.03; 2707.950;    0.000;    0.000;2707.95000
 277.10; 2653.950;    0.000;    0.000;2653.95000
 277.16; 2709.950;    0.000;    0.000;2709.95000
 277.23; 2723.950;    0.000;    0.000;2723.95000
 277.29; 2692.950;    0.000;    0.000;2692.95000
 277.36; 2780.950;    0.000;    0.000;2780.95000
 277.43; 2897.950;    0.000;    0.000;2897.95000
 277.49; 3099.950;    0.000;    0.000;3099.95000
 277.56; 3304.950;    0.000;    0.000;3304.95000
 277.62; 4272.950;    0.000;    0.000;4272.95000
 277.69; 4218.950;    0.000;    0.000;4218.95000
 277.75; 4307.950;    0.000;    0.000;4307.95000
 277.82; 4540.950;    0.000;    0.000;4540.95000
 277.89; 5136.950;    0.000;    0.000;5136.95000
 277.95; 6534.950;    0.000;    0.000;6534.95000
 278.02; 5851.950;    0.000;    0.000;5851.95000
 278.08; 4956.950;    0.000;    0.000;4956.95000
 278.15; 4758.950;    0.000;    0.000;4758.95000
 278.21; 4740.950;    0.000;    0.000;4740.95000
 278.28; 5315.950;    0.000;    0.000;5315.95000
 278.35; 4980.950;    0.000;    0.000;4980.95000
 278.41; 4294.950;    0.000;    0.000;4294.95000
 278.48; 4329.950;    0.000;    0.000;4329.95000
 278.54; 4580.950;    0.000;    0.000;4580.95000
 278.61; 4570.950;    0.000;    0.000;4570.95000
 278.67; 4984.950;    0.000;    0.000;4984.95000
 278.74; 5277.950;    0.000;    0.000;5277.95000
 278.81; 5725.950;    0.000;    0.000;5725.95000
 278.87; 6450.950;    0.000;    0.000;6450.95000
 278.94; 7519.950;    0.000;    0.000;7519.95000
 279.00;10296.950;    0.000;    0.000;10296.95000
 279.07;13969.950;    0.000;    0.000;13969.95000
 279.13;13405.950;    0.000;    0.000;13405.95000
 279.20;11639.950;    0.000;    0.000;11639.95000
 279.26;11768.950;    0.000;    0.000;11768.95000
 279.33;13286.950;    0.000;    0.000;13286.95000
 279.40;17257.950;    0.000;    0.000;17257.95000
 279.46;29283.950;    0.000;    0.000;29283.95000
 279.53;43352.950;    0.000;    0.000;43352.95000
 279.59;35548.950;    0.000;    0.000;35548.95000
 279.66;22147.950;    0.000;    0.000;22147.95000
 279.72;20143.950;    0.000;    0.000;20143.95000
 279.79;22078.950;    0.000;    0.000;22078.95000
 279.85;19386.950;    0.000;    0.000;19386.95000
 279.92;15030.950;    0.000;    0.000;15030.95000
 279.99;13504.950;    0.000;    0.000;13504.95000
 280.05;13468.950;    0.000;    0.000;13468.95000
 280.12;15669.950;    0.000;    0.000;15669.95000
 280.18;25449.950;    0.000;    0.000;25449.95000
 280.25;36647.950;    0.000;    0.000;36647.95000
 280.31;28410.950;    0.000;    0.000;28410.95000
 280.38;16358.950;    0.000;    0.000;16358.95000
 280.44;11853.950;    0.000;    0.000;11853.95000
 280.51; 9715.950;    0.000;    0.000;9715.95000
 280.57; 8542.950;    0.000;    0.000;8542.95000
 280.64; 7751.950;    0.000;    0.000;7751.95000
 280.71; 6969.950;    0.000;    0.000;6969.95000
 280.77; 6551.950;    0.000;    0.000;6551.95000
 280.84; 6074.950;    0.000;    0.000;6074.95000
 280.90; 5811.950;    0.000;    0.000;5811.95000
 280.97; 5650.950;    0.000;    0.000;5650.95000
 281.03; 5309.950;    0.000;    0.000;5309.95000
 281.10; 5060.950;    0.000;    0.000;5060.95000
 281.16; 4971.950;    0.000;    0.000;4971.95000
 281.23; 4870.950;    0.000;    0.000;4870.95000
 281.29; 4757.950;    0.000;    0.000;4757.95000
 281.36; 4589.950;    0.000;    0.000;4589.95000
 281.42; 4470.950;    0.000;    0.000;4470.95000
 281.49; 4238.950;    0.000;    0.000;4238.95000
 281.56; 4211.950;    0.000;    0.000;4211.95000
 281.62; 4165.950;    0.000;    0.000;4165.95000
 281.69; 4215.950;    0.000;    0.000;4215.95000
 281.75; 4119.950;    0.000;    0.000;4119.95000
 281.82; 3943.950;    0.000;    0.000;3943.95000
 281.88; 3886.950;    0.000;    0.000;3886.95000
 281.95; 3729.950;    0.000;    0.000;3729.95000
 282.01; 3824.950;    0.000;    0.000;3824.95000
 282.08; 3666.950;    0.000;    0.000;3666.95000
 282.14; 3618.950;    0.000;    0.000;3618.95000
 282.21; 3541.950;    0.000;    0.000;3541.95000
 282.27; 3697.950;    0.000;    0.000;3697.95000
 282.34; 3538.950;    0.000;    0.000;3538.95000
 282.40; 3473.950;    0.000;    0.000;3473.95000
 282.47; 3419.950;    0.000;    0.000;3419.95000
 282.53; 3519.950;    0.000;    0.000;3519.95000
 282.60; 3337.950;    0.000;    0.000;3337.95000
 282.66; 3331.950;    0.000;    0.000;3331.95000
 282.73; 3333.950;    0.000;    0.000;3333.95000
 282.80; 3346.950;    0.000;    0.000;3346.95000
 282.86; 3436.950;    0.000;    0.000;3436.95000
 282.93; 3407.950;    0.000;    0.000;3407.95000
 282.99; 3382.950;    0.000;    0.000;3382.95000
 283.06; 3507.950;    0.000;    0.000;3507.95000
 283.12; 3481.950;    0.000;    0.000;3481.95000
 283.19; 3392.950;    0.000;    0.000;3392.95000
 283.25; 3362.950;    0.000;    0.000;3362.95000
 283.32; 3309.950;    0.000;    0.000;3309.95000
 283.38; 3330.950;    0.000;    0.000;3330.95000
 283.45; 3343.950;    0.000;    0.000;3343.95000
 283.51; 3476.950;    0.000;    0.000;3476.95000
 283.58; 3547.950;    0.000;    0.000;3547.95000
 283.64; 3361.950;    0.000;    0.000;3361.95000
 283.71; 3359.950;    0.000;    0.000;3359.95000
 283.77; 3408.950;    0.000;    0.000;3408.95000
 283.84; 3356.950;    0.000;    0.000;3356.95000
 283.90; 3418.950;    0.000;    0.000;3418.95000
 283.97; 3425.950;    0.000;    0.000;3425.95000
 284.03; 3424.950;    0.000;    0.000;3424.95000
 284.10; 3448.950;    0.000;    0.000;3448.95000
 284.16; 3370.950;    0.000;    0.000;3370.95000
 284.23; 3459.950;    0.000;    0.000;3459.95000
 284.29; 3411.950;    0.000;    0.000;3411.95000
 284.36; 3434.950;    0.000;    0.000;3434.95000
 284.42; 3340.950;    0.000;    0.000;3340.95000
 284.49; 3435.950;    0.000;    0.000;3435.95000
 284.55; 3446.950;    0.000;    0.000;3446.95000
 284.62; 3434.950;    0.000;    0.000;3434.95000
 284.68; 3621.950;    0.000;    0.000;3621.95000
 284.75; 3660.950;    0.000;    0.000;3660.95000
 284.81; 3858.950;    0.000;    0.000;3858.95000
 284.88; 4153.950;    0.000;    0.000;4153.95000
 284.94; 4473.950;    0.000;    0.000;4473.95000
 285.01; 4997.950;    0.000;    0.000;4997.95000
 285.07; 6346.950;    0.000;    0.000;6346.95000
 285.14;11847.950;    0.000;    0.000;11847.95000
 285.20;17095.950;    0.000;    0.000;17095.95000
 285.27;13301.950;    0.000;    0.000;13301.95000
 285.33; 8029.950;    0.000;    0.000;8029.95000
 285.40; 6049.950;    0.000;    0.000;6049.95000
 285.46; 5212.950;    0.000;    0.000;5212.95000
 285.53; 4726.950;    0.000;    0.000;4726.95000
 285.59; 4311.950;    0.000;    0.000;4311.95000
 285.66; 4071.950;    0.000;    0.000;4071.95000
 285.72; 4015.950;    0.000;    0.000;4015.95000
 285.79; 3864.950;    0.000;    0.000;3864.95000
 285.85; 3787.950;    0.000;    0.000;3787.95000
 285.92; 3628.950;    0.000;    0.000;3628.95000
 285.98; 3472.950;    0.000;    0.000;3472.95000
 286.05; 3378.950;    0.000;    0.000;3378.95000
 286.11; 3358.950;    0.000;    0.000;3358.95000
 286.17; 3298.950;    0.000;    0.000;3298.95000
 286.24; 3272.950;    0.000;    0.000;3272.95000
 286.30; 3296.950;    0.000;    0.000;3296.95000
 286.37; 3237.950;    0.000;    0.000;3237.95000
 286.43; 3155.950;    0.000;    0.000;3155.95000
 286.50; 3075.950;    0.000;    0.000;3075.95000
 286.56; 3258.950;    0.000;    0.000;3258.95000
 286.63; 3154.950;    0.000;    0.000;3154.95000
 286.69; 3179.950;    0.000;    0.000;3179.95000
 286.76; 3198.950;    0.000;    0.000;3198.95000
 286.82; 3138.950;    0.000;    0.000;3138.95000
 286.89; 3029.950;    0.000;    0.000;3029.95000
 286.95; 3035.950;    0.000;    0.000;3035.95000
 287.02; 2998.950;    0.000;    0.000;2998.95000
 287.08; 3131.950;    0.000;    0.000;3131.95000
 287.15; 3073.950;    0.000;    0.000;3073.95000
 287.21; 3055.950;    0.000;    0.000;3055.95000
 287.28; 3144.950;    0.000;    0.000;3144.95000
 287.34; 3175.950;    0.000;    0.000;3175.95000
 287.40; 3136.950;    0.000;    0.000;3136.95000
 287.47; 3045.950;    0.000;    0.000;3045.95000
 287.53; 3086.950;    0.000;    0.000;3086.95000
 287.60; 3014.950;    0.000;    0.000;3014.95000
 287.66; 3062.950;    0.000;    0.000;3062.95000
 287.73; 3058.950;    0.000;    0.000;3058.95000
 287.79; 3015.950;    0.000;    0.000;3015.95000
 287.86; 3143.950;    0.000;    0.000;3143.95000
 287.92; 3055.950;    0.000;    0.000;3055.95000
 287.99; 3403.950;    0.000;    0.000;3403.95000
 288.05; 4173.950;    0.000;    0.000;4173.95000
 288.12; 7360.950;    0.000;    0.000;7360.95000
 288.18; 7932.950;    0.000;    0.000;7932.95000
 288.24; 5844.950;    0.000;    0.000;5844.95000
 288.31; 4470.950;    0.000;    0.000;4470.95000
 288.37; 4065.950;    0.000;    0.000;4065.95000
 288.44; 3716.950;    0.000;    0.000;3716.95000
 288.50; 3442.950;    0.000;    0.000;3442.95000
 288.57; 3394.950;    0.000;    0.000;3394.95000
 288.63; 3381.950;    0.000;    0.000;3381.95000
 288.70; 3279.950;    0.000;    0.000;3279.95000
 288.76; 3146.950;    0.000;    0.000;3146.95000
 288.83; 3103.950;    0.000;    0.000;3103.95000
 288.89; 3093.950;    0.000;    0.000;3093.95000
 288.95; 3165.950;    0.000;    0.000;3165.95000
 289.02; 3110.950;    0.000;    0.000;3110.95000
 289.08; 3035.950;    0.000;    0.000;3035.95000
 289.15; 3064.950;    0.000;    0.000;3064.95000
 289.21; 3085.950;    0.000;    0.000;3085.95000
 289.28; 2985.950;    0.000;    0.000;2985.95000
 289.34; 2953.950;    0.000;    0.000;2953.95000
 289.41; 2912.950;    0.000;    0.000;2912.95000
 289.47; 2974.950;    0.000;    0.000;2974.95000
 289.53; 2979.950;    0.000;    0.000;2979.95000
 289.60; 2939.950;    0.000;    0.000;2939.95000
 289.66; 2933.950;    0.000;    0.000;2933.95000
 289.73; 2950.950;    0.000;    0.000;2950.95000
 289.79; 3025.950;    0.000;    0.000;3025.95000
 289.86; 2980.950;    0.000;    0.000;2980.95000
 289.92; 2876.950;    0.000;    0.000;2876.95000
 289.99; 2867.950;    0.000;    0.000;2867.95000
 290.05; 2857.950;    0.000;    0.000;2857.95000
 290.11; 2869.950;    0.000;    0.000;2869.95000
 290.18; 2820.950;    0.000;    0.000;2820.95000
 290.24; 2866.950;    0.000;    0.000;2866.95000
 290.31; 2918.950;    0.000;    0.000;2918.95000
 290.37; 2899.950;    0.000;    0.000;2899.95000
 290.44; 2845.950;    0.000;    0.000;2845.95000
 290.50; 2782.950;    0.000;    0.000;2782.95000
 290.56; 2913.950;    0.000;    0.000;2913.95000
 290.63; 2819.950;    0.000;    0.000;2819.95000
 290.69; 2922.950;    0.000;    0.000;2922.95000
 290.76; 2877.950;    0.000;    0.000;2877.95000
 290.82; 2745.950;    0.000;    0.000;2745.95000
 290.89; 2779.950;    0.000;    0.000;2779.95000
 290.95; 2874.950;    0.000;    0.000;2874.95000
 291.01; 3027.950;    0.000;    0.000;3027.95000
 291.08; 2855.950;    0.000;    0.000;2855.95000
 291.14; 2941.950;    0.000;    0.000;2941.95000
 291.21; 2914.950;    0.000;    0.000;2914.95000
 291.27; 3013.950;    0.000;    0.000;3013.95000
 291.34; 2934.950;    0.000;    0.000;2934.95000
 291.40; 2998.950;    0.000;    0.000;2998.95000
 291.46; 2957.950;    0.000;    0.000;2957.95000
 291.53; 3069.950;    0.000;    0.000;3069.95000
 291.59; 3039.950;    0.000;    0.000;3039.95000
 291.66; 2983.950;    0.000;    0.000;2983.95000
 291.72; 3023.950;    0.000;    0.000;3023.95000
 291.78; 3003.950;    0.000;    0.000;3003.95000
 291.85; 3039.950;    0.000;    0.000;3039.95000
 291.91; 2868.950;    0.000;    0.000;2868.95000
 291.98; 2990.950;    0.000;    0.000;2990.95000
 292.04; 2934.950;    0.000;    0.000;2934.95000
 292.11; 2980.950;    0.000;    0.000;2980.95000
 292.17; 3036.950;    0.000;    0.000;3036.95000
 292.23; 2998.950;    0.000;    0.000;2998.95000
 292.30; 3141.950;    0.000;    0.000;3141.95000
 292.36; 3003.950;    0.000;    0.000;3003.95000
 292.43; 3058.950;    0.000;    0.000;3058.95000
 292.49; 3224.950;    0.000;    0.000;3224.95000
 292.55; 3059.950;    0.000;    0.000;3059.95000
 292.62; 3325.950;    0.000;    0.000;3325.95000
 292.68; 3486.950;    0.000;    0.000;3486.95000
 292.75; 3635.950;    0.000;    0.000;3635.95000
 292.81; 4172.950;    0.000;    0.000;4172.95000
 292.87; 4936.950;    0.000;    0.000;4936.95000
 292.94; 4943.950;    0.000;    0.000;4943.95000
 293.00; 4661.950;    0.000;    0.000;4661.95000
 293.07; 4438.950;    0.000;    0.000;4438.95000
 293.13; 4154.950;    0.000;    0.000;4154.95000
 293.19; 3980.950;    0.000;    0.000;3980.95000
 293.26; 3972.950;    0.000;    0.000;3972.95000
 293.32; 4067.950;    0.000;    0.000;4067.95000
 293.39; 4025.950;    0.000;    0.000;4025.95000
 293.45; 4201.950;    0.000;    0.000;4201.95000
 293.51; 4316.950;    0.000;    0.000;4316.95000
 293.58; 5162.950;    0.000;    0.000;5162.95000
 293.64; 6532.950;    0.000;    0.000;6532.95000
 293.71; 7017.950;    0.000;    0.000;7017.95000
 293.77; 6335.950;    0.000;    0.000;6335.95000
 293.83; 5616.950;    0.000;    0.000;5616.95000
 293.90; 5341.950;    0.000;    0.000;5341.95000
 293.96; 4928.950;    0.000;    0.000;4928.95000
 294.02; 4475.950;    0.000;    0.000;4475.95000
 294.09; 4454.950;    0.000;    0.000;4454.95000
 294.15; 4200.950;    0.000;    0.000;4200.95000
 294.22; 4053.950;    0.000;    0.000;4053.95000
 294.28; 3966.950;    0.000;    0.000;3966.95000
 294.34; 3856.950;    0.000;    0.000;3856.95000
 294.41; 3781.950;    0.000;    0.000;3781.95000
 294.47; 3690.950;    0.000;    0.000;3690.95000
 294.54; 3621.950;    0.000;    0.000;3621.95000
 294.60; 3509.950;    0.000;    0.000;3509.95000
 294.66; 3414.950;    0.000;    0.000;3414.95000
 294.73; 3613.950;    0.000;    0.000;3613.95000
 294.79; 3573.950;    0.000;    0.000;3573.95000
 294.85; 3673.950;    0.000;    0.000;3673.95000
 294.92; 3591.950;    0.000;    0.000;3591.95000
 294.98; 3275.950;    0.000;    0.000;3275.95000
 295.05; 3229.950;    0.000;    0.000;3229.95000
 295.11; 3257.950;    0.000;    0.000;3257.95000
 295.17; 3033.950;    0.000;    0.000;3033.95000
 295.24; 3024.950;    0.000;    0.000;3024.95000
 295.30; 3072.950;    0.000;    0.000;3072.95000
 295.36; 3287.950;    0.000;    0.000;3287.95000
 295.43; 3279.950;    0.000;    0.000;3279.95000
 295.49; 3027.950;    0.000;    0.000;3027.95000
 295.56; 3088.950;    0.000;    0.000;3088.95000
 295.62; 3086.950;    0.000;    0.000;3086.95000
 295.68; 3016.950;    0.000;    0.000;3016.95000
 295.75; 2984.950;    0.000;    0.000;2984.95000
 295.81; 2964.950;    0.000;    0.000;2964.95000
 295.87; 2892.950;    0.000;    0.000;2892.95000
 295.94; 2841.950;    0.000;    0.000;2841.95000
 296.00; 2908.950;    0.000;    0.000;2908.95000
 296.06; 2848.950;    0.000;    0.000;2848.95000
 296.13; 2872.950;    0.000;    0.000;2872.95000
 296.19; 2792.950;    0.000;    0.000;2792.95000
 296.26; 2743.950;    0.000;    0.000;2743.95000
 296.32; 2730.950;    0.000;    0.000;2730.95000
 296.38; 2818.950;    0.000;    0.000;2818.95000
 296.45; 2776.950;    0.000;    0.000;2776.95000
 296.51; 2842.950;    0.000;    0.000;2842.95000
 296.57; 2858.950;    0.000;    0.000;2858.95000
 296.64; 3041.950;    0.000;    0.000;3041.95000
 296.70; 3005.950;    0.000;    0.000;3005.95000
 296.76; 2798.950;    0.000;    0.000;2798.95000
 296.83; 2815.950;    0.000;    0.000;2815.95000
 296.89; 2751.950;    0.000;    0.000;2751.95000
 296.95; 2879.950;    0.000;    0.000;2879.95000
 297.02; 2933.950;    0.000;    0.000;2933.95000
 297.08; 2731.950;    0.000;    0.000;2731.95000
 297.15; 2796.950;    0.000;    0.000;2796.95000
 297.21; 2746.950;    0.000;    0.000;2746.95000
 297.27; 3116.950;    0.000;    0.000;3116.95000
 297.34; 2913.950;    0.000;    0.000;2913.95000
 297.40; 2708.950;    0.000;    0.000;2708.95000
 297.46; 2684.950;    0.000;    0.000;2684.95000
 297.53; 2625.950;    0.000;    0.000;2625.95000
 297.59; 2628.950;    0.000;    0.000;2628.95000
 297.65; 2695.950;    0.000;    0.000;2695.95000
 297.72; 2630.950;    0.000;    0.000;2630.95000
 297.78; 2674.950;    0.000;    0.000;2674.95000
 297.84; 2691.950;    0.000;    0.000;2691.95000
 297.91; 2708.950;    0.000;    0.000;2708.95000
 297.97; 2720.950;    0.000;    0.000;2720.95000
 298.03; 2613.950;    0.000;    0.000;2613.95000
 298.10; 2763.950;    0.000;    0.000;2763.95000
 298.16; 2756.950;    0.000;    0.000;2756.95000
 298.22; 2646.950;    0.000;    0.000;2646.95000
 298.29; 2814.950;    0.000;    0.000;2814.95000
 298.35; 2929.950;    0.000;    0.000;2929.95000
 298.41; 2798.950;    0.000;    0.000;2798.95000
 298.48; 2808.950;    0.000;    0.000;2808.95000
 298.54; 2891.950;    0.000;    0.000;2891.95000
 298.60; 2787.950;    0.000;    0.000;2787.95000
 298.67; 2855.950;    0.000;    0.000;2855.95000
 298.73; 2749.950;    0.000;    0.000;2749.95000
 298.79; 2706.950;    0.000;    0.000;2706.95000
 298.86; 2576.950;    0.000;    0.000;2576.95000
 298.92; 2540.950;    0.000;    0.000;2540.95000
 298.98; 2616.950;    0.000;    0.000;2616.95000
 299.05; 2483.950;    0.000;    0.000;2483.95000
 299.11; 2507.950;    0.000;    0.000;2507.95000
 299.17; 2530.950;    0.000;    0.000;2530.95000
 299.24; 2564.950;    0.000;    0.000;2564.95000
 299.30; 2490.950;    0.000;    0.000;2490.95000
 299.36; 2658.950;    0.000;    0.000;2658.95000
 299.43; 2894.950;    0.000;    0.000;2894.95000
 299.49; 2647.950;    0.000;    0.000;2647.95000
 299.55; 2548.950;    0.000;    0.000;2548.95000
 299.62; 2563.950;    0.000;    0.000;2563.95000
 299.68; 2493.950;    0.000;    0.000;2493.95000
 299.74; 2505.950;    0.000;    0.000;2505.95000
 299.81; 2528.950;    0.000;    0.000;2528.95000
 299.87; 2610.950;    0.000;    0.000;2610.95000
 299.93; 2562.950;    0.000;    0.000;2562.95000
 299.99; 2589.950;    0.000;    0.000;2589.95000
 300.06; 2827.950;    0.000;    0.000;2827.95000
 300.12; 2650.950;    0.000;    0.000;2650.95000
 300.18; 2521.950;    0.000;    0.000;2521.95000
 300.25; 2671.950;    0.000;    0.000;2671.95000
 300.31; 2577.950;    0.000;    0.000;2577.95000
 300.37; 2494.950;    0.000;    0.000;2494.95000
 300.44; 2491.950;    0.000;    0.000;2491.95000
 300.50; 2459.950;    0.000;    0.000;2459.95000
 300.56; 2450.950;    0.000;    0.000;2450.95000
 300.63; 2531.950;    0.000;    0.000;2531.95000
 300.69; 2649.950;    0.000;    0.000;2649.95000
 300.75; 2528.950;    0.000;    0.000;2528.95000
 300.81; 2598.950;    0.000;    0.000;2598.95000
 300.88; 2617.950;    0.000;    0.000;2617.95000
 300.94; 2514.950;    0.000;    0.000;2514.95000
 301.00; 2453.950;    0.000;    0.000;2453.95000
 301.07; 2554.950;    0.000;    0.000;2554.95000
 301.13; 2517.950;    0.000;    0.000;2517.95000
 301.19; 2495.950;    0.000;    0.000;2495.95000
 301.26; 2447.950;    0.000;    0.000;2447.95000
 301.32; 2503.950;    0.000;    0.000;2503.95000
 301.38; 2441.950;    0.000;    0.000;2441.95000
 301.44; 2489.950;    0.000;    0.000;2489.95000
 301.51; 2468.950;    0.000;    0.000;2468.95000
 301.57; 2424.950;    0.000;    0.000;2424.95000
 301.63; 2448.950;    0.000;    0.000;2448.95000
 301.70; 2447.950;    0.000;    0.000;2447.95000
 301.76; 2487.950;    0.000;    0.000;2487.95000
 301.82; 2468.950;    0.000;    0.000;2468.95000
 301.89; 2574.950;    0.000;    0.000;2574.95000
 301.95; 2508.950;    0.000;    0.000;2508.95000
 302.01; 3184.950;    0.000;    0.000;3184.95000
 302.07; 3402.950;    0.000;    0.000;3402.95000
 302.14; 2946.950;    0.000;    0.000;2946.95000
 302.20; 2429.950;    0.000;    0.000;2429.95000
 302.26; 2392.950;    0.000;    0.000;2392.95000
 302.33; 2494.950;    0.000;    0.000;2494.95000
 302.39; 2475.950;    0.000;    0.000;2475.95000
 302.45; 2535.950;    0.000;    0.000;2535.95000
 302.51; 2499.950;    0.000;    0.000;2499.95000
 302.58; 2494.950;    0.000;    0.000;2494.95000
 302.64; 2525.950;    0.000;    0.000;2525.95000
 302.70; 2354.950;    0.000;    0.000;2354.95000
 302.77; 2438.950;    0.000;    0.000;2438.95000
 302.83; 2426.950;    0.000;    0.000;2426.95000
 302.89; 2335.950;    0.000;    0.000;2335.95000
 302.95; 2425.950;    0.000;    0.000;2425.95000
 303.02; 2505.950;    0.000;    0.000;2505.95000
 303.08; 2459.950;    0.000;    0.000;2459.95000
 303.14; 2443.950;    0.000;    0.000;2443.95000
 303.20; 2396.950;    0.000;    0.000;2396.95000
 303.27; 2341.950;    0.000;    0.000;2341.95000
 303.33; 2403.950;    0.000;    0.000;2403.95000
 303.39; 2368.950;    0.000;    0.000;2368.95000
 303.46; 2432.950;    0.000;    0.000;2432.95000
 303.52; 2434.950;    0.000;    0.000;2434.95000
 303.58; 2345.950;    0.000;    0.000;2345.95000
 303.64; 2470.950;    0.000;    0.000;2470.95000
 303.71; 2524.950;    0.000;    0.000;2524.95000
 303.77; 2566.950;    0.000;    0.000;2566.95000
 303.83; 2355.950;    0.000;    0.000;2355.95000
 303.89; 2429.950;    0.000;    0.000;2429.95000
 303.96; 2373.950;    0.000;    0.000;2373.95000
 304.02; 2466.950;    0.000;    0.000;2466.95000
 304.08; 2433.950;    0.000;    0.000;2433.95000
 304.14; 2388.950;    0.000;    0.000;2388.95000
 304.21; 2491.950;    0.000;    0.000;2491.95000
 304.27; 2413.950;    0.000;    0.000;2413.95000
 304.33; 2439.950;    0.000;    0.000;2439.95000
 304.40; 2315.950;    0.000;    0.000;2315.95000
 304.46; 2428.950;    0.000;    0.000;2428.95000
 304.52; 2430.950;    0.000;    0.000;2430.95000
 304.58; 2461.950;    0.000;    0.000;2461.95000
 304.65; 2342.950;    0.000;    0.000;2342.95000
 304.71; 2632.950;    0.000;    0.000;2632.95000
 304.77; 2548.950;    0.000;    0.000;2548.95000
 304.83; 2457.950;    0.000;    0.000;2457.95000
 304.90; 2469.950;    0.000;    0.000;2469.95000
 304.96; 2349.950;    0.000;    0.000;2349.95000
 305.02; 2462.950;    0.000;    0.000;2462.95000
 305.08; 2422.950;    0.000;    0.000;2422.95000
 305.15; 2471.950;    0.000;    0.000;2471.95000
 305.21; 2365.950;    0.000;    0.000;2365.95000
 305.27; 2313.950;    0.000;    0.000;2313.95000
 305.33; 2443.950;    0.000;    0.000;2443.95000
 305.40; 2429.950;    0.000;    0.000;2429.95000
 305.46; 2476.950;    0.000;    0.000;2476.95000
 305.52; 2449.950;    0.000;    0.000;2449.95000
 305.58; 2421.950;    0.000;    0.000;2421.95000
 305.65; 2452.950;    0.000;    0.000;2452.95000
 305.71; 2651.950;    0.000;    0.000;2651.95000
 305.77; 2712.950;    0.000;    0.000;2712.95000
 305.83; 2645.950;    0.000;    0.000;2645.95000
 305.89; 2657.950;    0.000;    0.000;2657.95000
 305.96; 2594.950;    0.000;    0.000;2594.95000
 306.02; 2462.950;    0.000;    0.000;2462.95000
 306.08; 2378.950;    0.000;    0.000;2378.95000
 306.14; 2397.950;    0.000;    0.000;2397.95000
 306.21; 2483.950;    0.000;    0.000;2483.95000
 306.27; 2481.950;    0.000;    0.000;2481.95000
 306.33; 2397.950;    0.000;    0.000;2397.95000
 306.39; 2319.950;    0.000;    0.000;2319.95000
 306.46; 2491.950;    0.000;    0.000;2491.95000
 306.52; 2550.950;    0.000;    0.000;2550.95000
 306.58; 2675.950;    0.000;    0.000;2675.95000
 306.64; 2663.950;    0.000;    0.000;2663.95000
 306.71; 2608.950;    0.000;    0.000;2608.95000
 306.77; 2492.950;    0.000;    0.000;2492.95000
 306.83; 2573.950;    0.000;    0.000;2573.95000
 306.89; 2394.950;    0.000;    0.000;2394.95000
 306.95; 2436.950;    0.000;    0.000;2436.95000
 307.02; 2464.950;    0.000;    0.000;2464.95000
 307.08; 2450.950;    0.000;    0.000;2450.95000
 307.14; 2609.950;    0.000;    0.000;2609.95000
 307.20; 2605.950;    0.000;    0.000;2605.95000
 307.27; 2750.950;    0.000;    0.000;2750.95000
 307.33; 2622.950;    0.000;    0.000;2622.95000
 307.39; 2531.950;    0.000;    0.000;2531.95000
 307.45; 2703.950;    0.000;    0.000;2703.95000
 307.51; 2807.950;    0.000;    0.000;2807.95000
 307.58; 2777.950;    0.000;    0.000;2777.95000
 307.64; 2663.950;    0.000;    0.000;2663.95000
 307.70; 2604.950;    0.000;    0.000;2604.95000
 307.76; 2776.950;    0.000;    0.000;2776.95000
 307.83; 2898.950;    0.000;    0.000;2898.95000
 307.89; 2859.950;    0.000;    0.000;2859.95000
 307.95; 2672.950;    0.000;    0.000;2672.95000
 308.01; 2612.950;    0.000;    0.000;2612.95000
 308.07; 2726.950;    0.000;    0.000;2726.95000
 308.14; 3023.950;    0.000;    0.000;3023.95000
 308.20; 3806.950;    0.000;    0.000;3806.95000
 308.26; 3554.950;    0.000;    0.000;3554.95000
 308.32; 3176.950;    0.000;    0.000;3176.95000
 308.38; 2841.950;    0.000;    0.000;2841.95000
 308.45; 2772.950;    0.000;    0.000;2772.95000
 308.51; 2701.950;    0.000;    0.000;2701.95000
 308.57; 2741.950;    0.000;    0.000;2741.95000
 308.63; 2820.950;    0.000;    0.000;2820.95000
 308.69; 2839.950;    0.000;    0.000;2839.95000
 308.76; 3218.950;    0.000;    0.000;3218.95000
 308.82; 3141.950;    0.000;    0.000;3141.95000
 308.88; 2849.950;    0.000;    0.000;2849.95000
 308.94; 2874.950;    0.000;    0.000;2874.95000
 309.00; 2848.950;    0.000;    0.000;2848.95000
 309.07; 2891.950;    0.000;    0.000;2891.95000
 309.13; 3009.950;    0.000;    0.000;3009.95000
 309.19; 3757.950;    0.000;    0.000;3757.95000
 309.25; 4951.950;    0.000;    0.000;4951.95000
 309.31; 4608.950;    0.000;    0.000;4608.95000
 309.38; 3734.950;    0.000;    0.000;3734.95000
 309.44; 3265.950;    0.000;    0.000;3265.95000
 309.50; 3063.950;    0.000;    0.000;3063.95000
 309.56; 3062.950;    0.000;    0.000;3062.95000
 309.62; 3132.950;    0.000;    0.000;3132.95000
 309.69; 3207.950;    0.000;    0.000;3207.95000
 309.75; 3063.950;    0.000;    0.000;3063.95000
 309.81; 2866.950;    0.000;    0.000;2866.95000
 309.87; 2893.950;    0.000;    0.000;2893.95000
 309.93; 2808.950;    0.000;    0.000;2808.95000
 309.99; 2972.950;    0.000;    0.000;2972.95000
 310.06; 2974.950;    0.000;    0.000;2974.95000
 310.12; 2859.950;    0.000;    0.000;2859.95000
 310.18; 2793.950;    0.000;    0.000;2793.95000
 310.24; 2818.950;    0.000;    0.000;2818.95000
 310.30; 2892.950;    0.000;    0.000;2892.95000
 310.37; 2829.950;    0.000;    0.000;2829.95000
 310.43; 2774.950;    0.000;    0.000;2774.95000
 310.49; 2791.950;    0.000;    0.000;2791.95000
 310.55; 2833.950;    0.000;    0.000;2833.95000
 310.61; 2860.950;    0.000;    0.000;2860.95000
 310.67; 2841.950;    0.000;    0.000;2841.95000
 310.74; 2671.950;    0.000;    0.000;2671.95000
 310.80; 2694.950;    0.000;    0.000;2694.95000
 310.86; 2707.950;    0.000;    0.000;2707.95000
 310.92; 2732.950;    0.000;    0.000;2732.95000
 310.98; 2693.950;    0.000;    0.000;2693.95000
 311.05; 2812.950;    0.000;    0.000;2812.95000
 311.11; 2729.950;    0.000;    0.000;2729.95000
 311.17; 2614.950;    0.000;    0.000;2614.95000
 311.23; 2682.950;    0.000;    0.000;2682.95000
 311.29; 2651.950;    0.000;    0.000;2651.95000
 311.35; 2710.950;    0.000;    0.000;2710.95000
 311.42; 2755.950;    0.000;    0.000;2755.95000
 311.48; 2727.950;    0.000;    0.000;2727.95000
 311.54; 2725.950;    0.000;    0.000;2725.95000
 311.60; 2716.950;    0.000;    0.000;2716.95000
 311.66; 2707.950;    0.000;    0.000;2707.95000
 311.72; 2864.950;    0.000;    0.000;2864.95000
 311.79; 2744.950;    0.000;    0.000;2744.95000
 311.85; 2695.950;    0.000;    0.000;2695.95000
 311.91; 2808.950;    0.000;    0.000;2808.95000
 311.97; 2766.950;    0.000;    0.000;2766.95000
 312.03; 2770.950;    0.000;    0.000;2770.95000
 312.09; 2778.950;    0.000;    0.000;2778.95000
 312.15; 2754.950;    0.000;    0.000;2754.95000
 312.22; 2762.950;    0.000;    0.000;2762.95000
 312.28; 2699.950;    0.000;    0.000;2699.95000
 312.34; 2655.950;    0.000;    0.000;2655.95000
 312.40; 2883.950;    0.000;    0.000;2883.95000
 312.46; 2709.950;    0.000;    0.000;2709.95000
 312.52; 2803.950;    0.000;    0.000;2803.95000
 312.59; 2782.950;    0.000;    0.000;2782.95000
 312.65; 2670.950;    0.000;    0.000;2670.95000
 312.71; 2748.950;    0.000;    0.000;2748.95000
 312.77; 2729.950;    0.000;    0.000;2729.95000
 312.83; 2764.950;    0.000;    0.000;2764.95000
 312.89; 2747.950;    0.000;    0.000;2747.95000
 312.95; 2799.950;    0.000;    0.000;2799.95000
 313.02; 2888.950;    0.000;    0.000;2888.95000
 313.08; 2793.950;    0.000;    0.000;2793.95000
 313.14; 2868.950;    0.000;    0.000;2868.95000
 313.20; 2804.950;    0.000;    0.000;2804.95000
 313.26; 2888.950;    0.000;    0.000;2888.95000
 313.32; 2870.950;    0.000;    0.000;2870.95000
 313.38; 2781.950;    0.000;    0.000;2781.95000
 313.45; 2862.950;    0.000;    0.000;2862.95000
 313.51; 2780.950;    0.000;    0.000;2780.95000
 313.57; 2876.950;    0.000;    0.000;2876.95000
 313.63; 2805.950;    0.000;    0.000;2805.95000
 313.69; 2761.950;    0.000;    0.000;2761.95000
 313.75; 2753.950;    0.000;    0.000;2753.95000
 313.81; 2682.950;    0.000;    0.000;2682.95000
 313.88; 2828.950;    0.000;    0.000;2828.95000
 313.94; 2817.950;    0.000;    0.000;2817.95000
 314.00; 2843.950;    0.000;    0.000;2843.95000
 314.06; 2751.950;    0.000;    0.000;2751.95000
 314.12; 2819.950;    0.000;    0.000;2819.95000
 314.18; 2846.950;    0.000;    0.000;2846.95000
 314.24; 2867.950;    0.000;    0.000;2867.95000
 314.30; 2930.950;    0.000;    0.000;2930.95000
 314.37; 2920.950;    0.000;    0.000;2920.95000
 314.43; 2954.950;    0.000;    0.000;2954.95000
 314.49; 2827.950;    0.000;    0.000;2827.95000
 314.55; 2812.950;    0.000;    0.000;2812.95000
 314.61; 2913.950;    0.000;    0.000;2913.95000
 314.67; 2818.950;    0.000;    0.000;2818.95000
 314.73; 2861.950;    0.000;    0.000;2861.95000
 314.79; 2782.950;    0.000;    0.000;2782.95000
 314.86; 2970.950;    0.000;    0.000;2970.95000
 314.92; 2965.950;    0.000;    0.000;2965.95000
 314.98; 2915.950;    0.000;    0.000;2915.95000
 315.04; 2869.950;    0.000;    0.000;2869.95000
 315.10; 2925.950;    0.000;    0.000;2925.95000
 315.16; 3063.950;    0.000;    0.000;3063.95000
 315.22; 3001.950;    0.000;    0.000;3001.95000
 315.28; 3024.950;    0.000;    0.000;3024.95000
 315.34; 3109.950;    0.000;    0.000;3109.95000
 315.41; 3135.950;    0.000;    0.000;3135.95000
 315.47; 3234.950;    0.000;    0.000;3234.95000
 315.53; 3265.950;    0.000;    0.000;3265.95000
 315.59; 3236.950;    0.000;    0.000;3236.95000
 315.65; 3485.950;    0.000;    0.000;3485.95000
 315.71; 3574.950;    0.000;    0.000;3574.95000
 315.77; 3985.950;    0.000;    0.000;3985.95000
 315.83; 5017.950;    0.000;    0.000;5017.95000
 315.89; 6324.950;    0.000;    0.000;6324.95000
 315.96; 6119.950;    0.000;    0.000;6119.95000
 316.02; 5349.950;    0.000;    0.000;5349.95000
 316.08; 4865.950;    0.000;    0.000;4865.95000
 316.14; 4635.950;    0.000;    0.000;4635.95000
 316.20; 4348.950;    0.000;    0.000;4348.95000
 316.26; 4196.950;    0.000;    0.000;4196.95000
 316.32; 3941.950;    0.000;    0.000;3941.95000
 316.38; 3727.950;    0.000;    0.000;3727.95000
 316.44; 3580.950;    0.000;    0.000;3580.95000
 316.50; 3564.950;    0.000;    0.000;3564.95000
 316.57; 3512.950;    0.000;    0.000;3512.95000
 316.63; 3445.950;    0.000;    0.000;3445.95000
 316.69; 3458.950;    0.000;    0.000;3458.95000
 316.75; 3430.950;    0.000;    0.000;3430.95000
 316.81; 3622.950;    0.000;    0.000;3622.95000
 316.87; 3528.950;    0.000;    0.000;3528.95000
 316.93; 3411.950;    0.000;    0.000;3411.95000
 316.99; 3327.950;    0.000;    0.000;3327.95000
 317.05; 3395.950;    0.000;    0.000;3395.95000
 317.11; 3309.950;    0.000;    0.000;3309.95000
 317.17; 3408.950;    0.000;    0.000;3408.95000
 317.24; 3394.950;    0.000;    0.000;3394.95000
 317.30; 3354.950;    0.000;    0.000;3354.95000
 317.36; 3396.950;    0.000;    0.000;3396.95000
 317.42; 3421.950;    0.000;    0.000;3421.95000
 317.48; 3576.950;    0.000;    0.000;3576.95000
 317.54; 3649.950;    0.000;    0.000;3649.95000
 317.60; 3673.950;    0.000;    0.000;3673.95000
 317.66; 3838.950;    0.000;    0.000;3838.95000
 317.72; 4035.950;    0.000;    0.000;4035.95000
 317.78; 4616.950;    0.000;    0.000;4616.95000
 317.84; 5521.950;    0.000;    0.000;5521.95000
 317.90; 8067.950;    0.000;    0.000;8067.95000
 317.97; 9257.950;    0.000;    0.000;9257.95000
 318.03; 8234.950;    0.000;    0.000;8234.95000
 318.09; 7450.950;    0.000;    0.000;7450.95000
 318.15; 6687.950;    0.000;    0.000;6687.95000
 318.21; 6162.950;    0.000;    0.000;6162.95000
 318.27; 5585.950;    0.000;    0.000;5585.95000
 318.33; 5021.950;    0.000;    0.000;5021.95000
 318.39; 4771.950;    0.000;    0.000;4771.95000
 318.45; 4422.950;    0.000;    0.000;4422.95000
 318.51; 4247.950;    0.000;    0.000;4247.95000
 318.57; 4161.950;    0.000;    0.000;4161.95000
 318.63; 4075.950;    0.000;    0.000;4075.95000
 318.69; 3932.950;    0.000;    0.000;3932.95000
 318.75; 3811.950;    0.000;    0.000;3811.95000
 318.82; 3734.950;    0.000;    0.000;3734.95000
 318.88; 3689.950;    0.000;    0.000;3689.95000
 318.94; 3608.950;    0.000;    0.000;3608.95000
 319.00; 3622.950;    0.000;    0.000;3622.95000
 319.06; 3846.950;    0.000;    0.000;3846.95000
 319.12; 3701.950;    0.000;    0.000;3701.95000
 319.18; 3563.950;    0.000;    0.000;3563.95000
 319.24; 3492.950;    0.000;    0.000;3492.95000
 319.30; 3401.950;    0.000;    0.000;3401.95000
 319.36; 3455.950;    0.000;    0.000;3455.95000
 319.42; 3305.950;    0.000;    0.000;3305.95000
 319.48; 3350.950;    0.000;    0.000;3350.95000
 319.54; 3236.950;    0.000;    0.000;3236.95000
 319.60; 3283.950;    0.000;    0.000;3283.95000
 319.66; 3262.950;    0.000;    0.000;3262.95000
 319.72; 3161.950;    0.000;    0.000;3161.95000
 319.78; 3151.950;    0.000;    0.000;3151.95000
 319.84; 3086.950;    0.000;    0.000;3086.95000
 319.91; 3078.950;    0.000;    0.000;3078.95000
 319.97; 3093.950;    0.000;    0.000;3093.95000
 320.03; 3167.950;    0.000;    0.000;3167.95000
 320.09; 3202.950;    0.000;    0.000;3202.95000
 320.15; 3085.950;    0.000;    0.000;3085.95000
 320.21; 3173.950;    0.000;    0.000;3173.95000
 320.27; 3119.950;    0.000;    0.000;3119.95000
 320.33; 3132.950;    0.000;    0.000;3132.95000
 320.39; 3043.950;    0.000;    0.000;3043.95000
 320.45; 3013.950;    0.000;    0.000;3013.95000
 320.51; 2973.950;    0.000;    0.000;2973.95000
 320.57; 3090.950;    0.000;    0.000;3090.95000
 320.63; 2964.950;    0.000;    0.000;2964.95000
 320.69; 2876.950;    0.000;    0.000;2876.95000
 320.75; 2937.950;    0.000;    0.000;2937.95000
 320.81; 2959.950;    0.000;    0.000;2959.95000
 320.87; 2995.950;    0.000;    0.000;2995.95000
 320.93; 2974.950;    0.000;    0.000;2974.95000
 320.99; 3008.950;    0.000;    0.000;3008.95000
 321.05; 2993.950;    0.000;    0.000;2993.95000
 321.11; 2900.950;    0.000;    0.000;2900.95000
 321.17; 3012.950;    0.000;    0.000;3012.95000
 321.23; 3003.950;    0.000;    0.000;3003.95000
 321.29; 2922.950;    0.000;    0.000;2922.95000
 321.35; 2933.950;    0.000;    0.000;2933.95000
 321.41; 2992.950;    0.000;    0.000;2992.95000
 321.48; 3052.950;    0.000;    0.000;3052.95000
 321.54; 2942.950;    0.000;    0.000;2942.95000
 321.60; 2893.950;    0.000;    0.000;2893.95000
 321.66; 3049.950;    0.000;    0.000;3049.95000
 321.72; 3030.950;    0.000;    0.000;3030.95000
 321.78; 2966.950;    0.000;    0.000;2966.95000
 321.84; 2913.950;    0.000;    0.000;2913.95000
 321.90; 2933.950;    0.000;    0.000;2933.95000
 321.96; 2965.950;    0.000;    0.000;2965.95000
 322.02; 2981.950;    0.000;    0.000;2981.95000
 322.08; 2895.950;    0.000;    0.000;2895.95000
 322.14; 2927.950;    0.000;    0.000;2927.95000
 322.20; 2963.950;    0.000;    0.000;2963.95000
 322.26; 2971.950;    0.000;    0.000;2971.95000
 322.32; 2803.950;    0.000;    0.000;2803.95000
 322.38; 2870.950;    0.000;    0.000;2870.95000
 322.44; 2878.950;    0.000;    0.000;2878.95000
 322.50; 2864.950;    0.000;    0.000;2864.95000
 322.56; 2930.950;    0.000;    0.000;2930.95000
 322.62; 2862.950;    0.000;    0.000;2862.95000
 322.68; 2821.950;    0.000;    0.000;2821.95000
 322.74; 2811.950;    0.000;    0.000;2811.95000
 322.80; 3022.950;    0.000;    0.000;3022.95000
 322.86; 3187.950;    0.000;    0.000;3187.95000
 322.92; 3077.950;    0.000;    0.000;3077.95000
 322.98; 2973.950;    0.000;    0.000;2973.95000
 323.04; 2928.950;    0.000;    0.000;2928.95000
 323.10; 2915.950;    0.000;    0.000;2915.95000
 323.16; 3032.950;    0.000;    0.000;3032.95000
 323.22; 2947.950;    0.000;    0.000;2947.95000
 323.28; 2951.950;    0.000;    0.000;2951.95000
 323.34; 3228.950;    0.000;    0.000;3228.95000
 323.40; 3862.950;    0.000;    0.000;3862.95000
 323.46; 3846.950;    0.000;    0.000;3846.95000
 323.52; 3450.950;    0.000;    0.000;3450.95000
 323.58; 3436.950;    0.000;    0.000;3436.95000
 323.64; 3624.950;    0.000;    0.000;3624.95000
 323.70; 3333.950;    0.000;    0.000;3333.95000
 323.76; 2913.950;    0.000;    0.000;2913.95000
 323.82; 3031.950;    0.000;    0.000;3031.95000
 323.88; 3428.950;    0.000;    0.000;3428.95000
 323.94; 3188.950;    0.000;    0.000;3188.95000
 324.00; 2977.950;    0.000;    0.000;2977.95000
 324.06; 3009.950;    0.000;    0.000;3009.95000
 324.12; 2992.950;    0.000;    0.000;2992.95000
 324.18; 3086.950;    0.000;    0.000;3086.95000
 324.24; 2934.950;    0.000;    0.000;2934.95000
 324.30; 2755.950;    0.000;    0.000;2755.95000
 324.36; 2771.950;    0.000;    0.000;2771.95000
 324.42; 2766.950;    0.000;    0.000;2766.95000
 324.48; 2773.950;    0.000;    0.000;2773.95000
 324.54; 2631.950;    0.000;    0.000;2631.95000
 324.60; 2700.950;    0.000;    0.000;2700.95000
 324.66; 2744.950;    0.000;    0.000;2744.95000
 324.72; 3205.950;    0.000;    0.000;3205.95000
 324.78; 3357.950;    0.000;    0.000;3357.95000
 324.84; 3078.950;    0.000;    0.000;3078.95000
 324.90; 2974.950;    0.000;    0.000;2974.95000
 324.96; 2754.950;    0.000;    0.000;2754.95000
 325.02; 2743.950;    0.000;    0.000;2743.95000
 325.08; 2765.950;    0.000;    0.000;2765.95000
 325.14; 2735.950;    0.000;    0.000;2735.95000
 325.20; 2821.950;    0.000;    0.000;2821.95000
 325.25; 2845.950;    0.000;    0.000;2845.95000
 325.31; 2874.950;    0.000;    0.000;2874.95000
 325.37; 2825.950;    0.000;    0.000;2825.95000
 325.43; 2828.950;    0.000;    0.000;2828.95000
 325.49; 2727.950;    0.000;    0.000;2727.95000
 325.55; 2639.950;    0.000;    0.000;2639.95000
 325.61; 2715.950;    0.000;    0.000;2715.95000
 325.67; 2605.950;    0.000;    0.000;2605.95000
 325.73; 2648.950;    0.000;    0.000;2648.95000
 325.79; 2594.950;    0.000;    0.000;2594.95000
 325.85; 2664.950;    0.000;    0.000;2664.95000
 325.91; 2658.950;    0.000;    0.000;2658.95000
 325.97; 2737.950;    0.000;    0.000;2737.95000
 326.03; 2674.950;    0.000;    0.000;2674.95000
 326.09; 3073.950;    0.000;    0.000;3073.95000
 326.15; 3058.950;    0.000;    0.000;3058.95000
 326.21; 2883.950;    0.000;    0.000;2883.95000
 326.27; 2767.950;    0.000;    0.000;2767.95000
 326.33; 2737.950;    0.000;    0.000;2737.95000
 326.39; 2647.950;    0.000;    0.000;2647.95000
 326.45; 2789.950;    0.000;    0.000;2789.95000
 326.51; 2634.950;    0.000;    0.000;2634.95000
 326.57; 2624.950;    0.000;    0.000;2624.95000
 326.63; 2641.950;    0.000;    0.000;2641.95000
 326.69; 2464.950;    0.000;    0.000;2464.95000
 326.75; 2505.950;    0.000;    0.000;2505.95000
 326.80; 2597.950;    0.000;    0.000;2597.95000
 326.86; 2514.950;    0.000;    0.000;2514.95000
 326.92; 2551.950;    0.000;    0.000;2551.95000
 326.98; 2574.950;    0.000;    0.000;2574.95000
 327.04; 2523.950;    0.000;    0.000;2523.95000
 327.10; 2621.950;    0.000;    0.000;2621.95000
 327.16; 2553.950;    0.000;    0.000;2553.95000
 327.22; 2654.950;    0.000;    0.000;2654.95000
 327.28; 2563.950;    0.000;    0.000;2563.95000
 327.34; 2738.950;    0.000;    0.000;2738.95000
 327.40; 2763.950;    0.000;    0.000;2763.95000
 327.46; 2707.950;    0.000;    0.000;2707.95000
 327.52; 2493.950;    0.000;    0.000;2493.95000
 327.58; 2470.950;    0.000;    0.000;2470.95000
 327.64; 2523.950;    0.000;    0.000;2523.95000
 327.70; 2532.950;    0.000;    0.000;2532.95000
 327.76; 2606.950;    0.000;    0.000;2606.95000
 327.81; 2539.950;    0.000;    0.000;2539.95000
 327.87; 2611.950;    0.000;    0.000;2611.95000
 327.93; 2524.950;    0.000;    0.000;2524.95000
 327.99; 2538.950;    0.000;    0.000;2538.95000
 328.05; 2533.950;    0.000;    0.000;2533.95000
 328.11; 2588.950;    0.000;    0.000;2588.95000
 328.17; 2518.950;    0.000;    0.000;2518.95000
 328.23; 2554.950;    0.000;    0.000;2554.95000
 328.29; 2491.950;    0.000;    0.000;2491.95000
 328.35; 2505.950;    0.000;    0.000;2505.95000
 328.41; 2530.950;    0.000;    0.000;2530.95000
 328.47; 2431.950;    0.000;    0.000;2431.95000
 328.53; 2425.950;    0.000;    0.000;2425.95000
 328.59; 2434.950;    0.000;    0.000;2434.95000
 328.64; 2555.950;    0.000;    0.000;2555.95000
 328.70; 2601.950;    0.000;    0.000;2601.95000
 328.76; 2696.950;    0.000;    0.000;2696.95000
 328.82; 2491.950;    0.000;    0.000;2491.95000
 328.88; 2525.950;    0.000;    0.000;2525.95000
 328.94; 2432.950;    0.000;    0.000;2432.95000
 329.00; 2413.950;    0.000;    0.000;2413.95000
 329.06; 2400.950;    0.000;    0.000;2400.95000
 329.12; 2420.950;    0.000;    0.000;2420.95000
 329.18; 2455.950;    0.000;    0.000;2455.95000
 329.24; 2474.950;    0.000;    0.000;2474.95000
 329.30; 2485.950;    0.000;    0.000;2485.95000
 329.35; 2462.950;    0.000;    0.000;2462.95000
 329.41; 2364.950;    0.000;    0.000;2364.95000
 329.47; 2328.950;    0.000;    0.000;2328.95000
 329.53; 2383.950;    0.000;    0.000;2383.95000
 329.59; 2379.950;    0.000;    0.000;2379.95000
 329.65; 2363.950;    0.000;    0.000;2363.95000
 329.71; 2388.950;    0.000;    0.000;2388.95000
 329.77; 2272.950;    0.000;    0.000;2272.95000
 329.83; 2372.950;    0.000;    0.000;2372.95000
 329.89; 2284.950;    0.000;    0.000;2284.95000
 329.95; 2404.950;    0.000;    0.000;2404.95000
 330.00; 2420.950;    0.000;    0.000;2420.95000
 330.06; 2298.950;    0.000;    0.000;2298.95000
 330.12; 2316.950;    0.000;    0.000;2316.95000
 330.18; 2380.950;    0.000;    0.000;2380.95000
 330.24; 2408.950;    0.000;    0.000;2408.95000
 330.30; 2274.950;    0.000;    0.000;2274.95000
 330.36; 2445.950;    0.000;    0.000;2445.95000
 330.42; 2256.950;    0.000;    0.000;2256.95000
 330.48; 2366.950;    0.000;    0.000;2366.95000
 330.54; 2414.950;    0.000;    0.000;2414.95000
 330.59; 2397.950;    0.000;    0.000;2397.95000
 330.65; 2341.950;    0.000;    0.000;2341.95000
 330.71; 2362.950;    0.000;    0.000;2362.95000
 330.77; 2269.950;    0.000;    0.000;2269.95000
 330.83; 2313.950;    0.000;    0.000;2313.95000
 330.89; 2223.950;    0.000;    0.000;2223.95000
 330.95; 2315.950;    0.000;    0.000;2315.95000
 331.01; 2303.950;    0.000;    0.000;2303.95000
 331.07; 2223.950;    0.000;    0.000;2223.95000
 331.12; 2359.950;    0.000;    0.000;2359.95000
 331.18; 2348.950;    0.000;    0.000;2348.95000
 331.24; 2292.950;    0.000;    0.000;2292.95000
 331.30; 2292.950;    0.000;    0.000;2292.95000
 331.36; 2322.950;    0.000;    0.000;2322.95000
 331.42; 2316.950;    0.000;    0.000;2316.95000
 331.48; 2320.950;    0.000;    0.000;2320.95000
 331.54; 2322.950;    0.000;    0.000;2322.95000
 331.59; 2230.950;    0.000;    0.000;2230.95000
 331.65; 2229.950;    0.000;    0.000;2229.95000
 331.71; 2204.950;    0.000;    0.000;2204.95000
 331.77; 2360.950;    0.000;    0.000;2360.95000
 331.83; 2299.950;    0.000;    0.000;2299.95000
 331.89; 2305.950;    0.000;    0.000;2305.95000
 331.95; 2279.950;    0.000;    0.000;2279.95000
 332.01; 2408.950;    0.000;    0.000;2408.95000
 332.06; 2304.950;    0.000;    0.000;2304.95000
 332.12; 2388.950;    0.000;    0.000;2388.95000
 332.18; 2409.950;    0.000;    0.000;2409.95000
 332.24; 2478.950;    0.000;    0.000;2478.95000
 332.30; 2446.950;    0.000;    0.000;2446.95000
 332.36; 2512.950;    0.000;    0.000;2512.95000
 332.42; 2376.950;    0.000;    0.000;2376.95000
 332.48; 2363.950;    0.000;    0.000;2363.95000
 332.53; 2367.950;    0.000;    0.000;2367.95000
 332.59; 2371.950;    0.000;    0.000;2371.95000
 332.65; 2390.950;    0.000;    0.000;2390.95000
 332.71; 2428.950;    0.000;    0.000;2428.95000
 332.77; 2420.950;    0.000;    0.000;2420.95000
 332.83; 2424.950;    0.000;    0.000;2424.95000
 332.89; 2602.950;    0.000;    0.000;2602.95000
 332.94; 2493.950;    0.000;    0.000;2493.95000
 333.00; 2570.950;    0.000;    0.000;2570.95000
 333.06; 2478.950;    0.000;    0.000;2478.95000
 333.12; 2510.950;    0.000;    0.000;2510.95000
 333.18; 2573.950;    0.000;    0.000;2573.95000
 333.24; 2539.950;    0.000;    0.000;2539.95000
 333.30; 2603.950;    0.000;    0.000;2603.95000
 333.35; 2557.950;    0.000;    0.000;2557.95000
 333.41; 2571.950;    0.000;    0.000;2571.95000
 333.47; 2693.950;    0.000;    0.000;2693.95000
 333.53; 2710.950;    0.000;    0.000;2710.95000
 333.59; 2642.950;    0.000;    0.000;2642.95000
 333.65; 2601.950;    0.000;    0.000;2601.95000
 333.70; 2602.950;    0.000;    0.000;2602.95000
 333.76; 2581.950;    0.000;    0.000;2581.95000
 333.82; 2599.950;    0.000;    0.000;2599.95000
 333.88; 2503.950;    0.000;    0.000;2503.95000
 333.94; 2593.950;    0.000;    0.000;2593.95000
 334.00; 2599.950;    0.000;    0.000;2599.95000
 334.06; 2655.950;    0.000;    0.000;2655.95000
 334.11; 2842.950;    0.000;    0.000;2842.95000
 334.17; 2970.950;    0.000;    0.000;2970.95000
 334.23; 2773.950;    0.000;    0.000;2773.95000
 334.29; 2606.950;    0.000;    0.000;2606.95000
 334.35; 2592.950;    0.000;    0.000;2592.95000
 334.41; 2595.950;    0.000;    0.000;2595.95000
 334.46; 2583.950;    0.000;    0.000;2583.95000
 334.52; 2621.950;    0.000;    0.000;2621.95000
 334.58; 2537.950;    0.000;    0.000;2537.95000
 334.64; 2556.950;    0.000;    0.000;2556.95000
 334.70; 2520.950;    0.000;    0.000;2520.95000
 334.76; 2634.950;    0.000;    0.000;2634.95000
 334.81; 2871.950;    0.000;    0.000;2871.95000
 334.87; 3589.950;    0.000;    0.000;3589.95000
 334.93; 3884.950;    0.000;    0.000;3884.95000
 334.99; 3204.950;    0.000;    0.000;3204.95000
 335.05; 2659.950;    0.000;    0.000;2659.95000
 335.10; 2558.950;    0.000;    0.000;2558.95000
 335.16; 2465.950;    0.000;    0.000;2465.95000
 335.22; 2536.950;    0.000;    0.000;2536.95000
 335.28; 2508.950;    0.000;    0.000;2508.95000
 335.34; 2544.950;    0.000;    0.000;2544.95000
 335.40; 2507.950;    0.000;    0.000;2507.95000
 335.45; 2469.950;    0.000;    0.000;2469.95000
 335.51; 2514.950;    0.000;    0.000;2514.95000
 335.57; 2440.950;    0.000;    0.000;2440.95000
 335.63; 2430.950;    0.000;    0.000;2430.95000
 335.69; 2402.950;    0.000;    0.000;2402.95000
 335.74; 2505.950;    0.000;    0.000;2505.95000
 335.80; 2409.950;    0.000;    0.000;2409.95000
 335.86; 2462.950;    0.000;    0.000;2462.95000
 335.92; 2479.950;    0.000;    0.000;2479.95000
 335.98; 2545.950;    0.000;    0.000;2545.95000
 336.04; 2803.950;    0.000;    0.000;2803.95000
 336.09; 3123.950;    0.000;    0.000;3123.95000
 336.15; 2945.950;    0.000;    0.000;2945.95000
 336.21; 2586.950;    0.000;    0.000;2586.95000
 336.27; 2447.950;    0.000;    0.000;2447.95000
 336.33; 2422.950;    0.000;    0.000;2422.95000
 336.38; 2426.950;    0.000;    0.000;2426.95000
 336.44; 2397.950;    0.000;    0.000;2397.95000
 336.50; 2403.950;    0.000;    0.000;2403.95000
 336.56; 2386.950;    0.000;    0.000;2386.95000
 336.62; 2421.950;    0.000;    0.000;2421.95000
 336.67; 2351.950;    0.000;    0.000;2351.95000
 336.73; 2337.950;    0.000;    0.000;2337.95000
 336.79; 2338.950;    0.000;    0.000;2338.95000
 336.85; 2371.950;    0.000;    0.000;2371.95000
 336.91; 2371.950;    0.000;    0.000;2371.95000
 336.96; 2444.950;    0.000;    0.000;2444.95000
 337.02; 2341.950;    0.000;    0.000;2341.95000
 337.08; 2567.950;    0.000;    0.000;2567.95000
 337.14; 2492.950;    0.000;    0.000;2492.95000
 337.20; 2626.950;    0.000;    0.000;2626.95000
 337.25; 2952.950;    0.000;    0.000;2952.95000
 337.31; 2661.950;    0.000;    0.000;2661.95000
 337.37; 2416.950;    0.000;    0.000;2416.95000
 337.43; 2332.950;    0.000;    0.000;2332.95000
 337.48; 2245.950;    0.000;    0.000;2245.95000
 337.54; 2284.950;    0.000;    0.000;2284.95000
 337.60; 2235.950;    0.000;    0.000;2235.95000
 337.66; 2260.950;    0.000;    0.000;2260.95000
 337.72; 2302.950;    0.000;    0.000;2302.95000
 337.77; 2265.950;    0.000;    0.000;2265.95000
 337.83; 2220.950;    0.000;    0.000;2220.95000
 337.89; 2184.950;    0.000;    0.000;2184.95000
 337.95; 2384.950;    0.000;    0.000;2384.95000
 338.01; 2363.950;    0.000;    0.000;2363.95000
 338.06; 2291.950;    0.000;    0.000;2291.95000
 338.12; 2252.950;    0.000;    0.000;2252.95000
 338.18; 2258.950;    0.000;    0.000;2258.95000
 338.24; 2290.950;    0.000;    0.000;2290.95000
 338.29; 2546.950;    0.000;    0.000;2546.95000
 338.35; 2692.950;    0.000;    0.000;2692.95000
 338.41; 2448.950;    0.000;    0.000;2448.95000
 338.47; 2247.950;    0.000;    0.000;2247.95000
 338.52; 2187.950;    0.000;    0.000;2187.95000
 338.58; 2173.950;    0.000;    0.000;2173.95000
 338.64; 2218.950;    0.000;    0.000;2218.95000
 338.70; 2260.950;    0.000;    0.000;2260.95000
 338.76; 2244.950;    0.000;    0.000;2244.95000
 338.81; 2216.950;    0.000;    0.000;2216.95000
 338.87; 2235.950;    0.000;    0.000;2235.95000
 338.93; 2061.950;    0.000;    0.000;2061.95000
 338.99; 2166.950;    0.000;    0.000;2166.95000
 339.04; 2142.950;    0.000;    0.000;2142.95000
 339.10; 2112.950;    0.000;    0.000;2112.95000
 339.16; 2198.950;    0.000;    0.000;2198.95000
 339.22; 2297.950;    0.000;    0.000;2297.95000
 339.27; 2251.950;    0.000;    0.000;2251.95000
 339.33; 2247.950;    0.000;    0.000;2247.95000
 339.39; 2280.950;    0.000;    0.000;2280.95000
 339.45; 2205.950;    0.000;    0.000;2205.95000
 339.50; 2237.950;    0.000;    0.000;2237.95000
 339.56; 2114.950;    0.000;    0.000;2114.95000
 339.62; 2142.950;    0.000;    0.000;2142.95000
 339.68; 2150.950;    0.000;    0.000;2150.95000
 339.73; 2121.950;    0.000;    0.000;2121.95000
 339.79; 2123.950;    0.000;    0.000;2123.95000
 339.85; 2105.950;    0.000;    0.000;2105.95000
 339.91; 2145.950;    0.000;    0.000;2145.95000
 339.96; 2139.950;    0.000;    0.000;2139.95000
 340.02; 2121.950;    0.000;    0.000;2121.95000
 340.08; 2086.950;    0.000;    0.000;2086.95000
 340.14; 2199.950;    0.000;    0.000;2199.95000
 340.19; 2153.950;    0.000;    0.000;2153.95000
 340.25; 2062.950;    0.000;    0.000;2062.95000
 340.31; 2129.950;    0.000;    0.000;2129.95000
 340.37; 2025.950;    0.000;    0.000;2025.95000
 340.42; 2144.950;    0.000;    0.000;2144.95000
 340.48; 2147.950;    0.000;    0.000;2147.95000
 340.54; 2023.950;    0.000;    0.000;2023.95000
 340.60; 2081.950;    0.000;    0.000;2081.95000
 340.65; 2153.950;    0.000;    0.000;2153.95000
 340.71; 2154.950;    0.000;    0.000;2154.95000
 340.77; 2274.950;    0.000;    0.000;2274.95000
 340.83; 2182.950;    0.000;    0.000;2182.95000
 340.88; 2151.950;    0.000;    0.000;2151.95000
 340.94; 2119.950;    0.000;    0.000;2119.95000
 341.00; 2115.950;    0.000;    0.000;2115.95000
 341.05; 2037.950;    0.000;    0.000;2037.95000
 341.11; 2087.950;    0.000;    0.000;2087.95000
 341.17; 2136.950;    0.000;    0.000;2136.95000
 341.23; 2132.950;    0.000;    0.000;2132.95000
 341.28; 2096.950;    0.000;    0.000;2096.95000
 341.34; 2135.950;    0.000;    0.000;2135.95000
 341.40; 2088.950;    0.000;    0.000;2088.95000
 341.46; 2208.950;    0.000;    0.000;2208.95000
 341.51; 2216.950;    0.000;    0.000;2216.95000
 341.57; 2134.950;    0.000;    0.000;2134.95000
 341.63; 2156.950;    0.000;    0.000;2156.95000
 341.68; 2094.950;    0.000;    0.000;2094.95000
 341.74; 2186.950;    0.000;    0.000;2186.95000
 341.80; 2086.950;    0.000;    0.000;2086.95000
 341.86; 2089.950;    0.000;    0.000;2089.95000
 341.91; 2062.950;    0.000;    0.000;2062.95000
 341.97; 2085.950;    0.000;    0.000;2085.95000
 342.03; 2099.950;    0.000;    0.000;2099.95000
 342.08; 2071.950;    0.000;    0.000;2071.95000
 342.14; 2113.950;    0.000;    0.000;2113.95000
 342.20; 2137.950;    0.000;    0.000;2137.95000
 342.26; 2089.950;    0.000;    0.000;2089.95000
 342.31; 2098.950;    0.000;    0.000;2098.95000
 342.37; 2140.950;    0.000;    0.000;2140.95000
 342.43; 2135.950;    0.000;    0.000;2135.95000
 342.48; 2113.950;    0.000;    0.000;2113.95000
 342.54; 2127.950;    0.000;    0.000;2127.95000
 342.60; 2159.950;    0.000;    0.000;2159.95000
 342.65; 2228.950;    0.000;    0.000;2228.95000
 342.71; 2156.950;    0.000;    0.000;2156.95000
 342.77; 2183.950;    0.000;    0.000;2183.95000
 342.83; 2166.950;    0.000;    0.000;2166.95000
 342.88; 2152.950;    0.000;    0.000;2152.95000
 342.94; 2074.950;    0.000;    0.000;2074.95000
 343.00; 2184.950;    0.000;    0.000;2184.95000
 343.05; 2182.950;    0.000;    0.000;2182.95000
 343.11; 2179.950;    0.000;    0.000;2179.95000
 343.17; 2052.950;    0.000;    0.000;2052.95000
 343.22; 2139.950;    0.000;    0.000;2139.95000
 343.28; 2214.950;    0.000;    0.000;2214.95000
 343.34; 2137.950;    0.000;    0.000;2137.95000
 343.40; 2268.950;    0.000;    0.000;2268.95000
 343.45; 2230.950;    0.000;    0.000;2230.95000
 343.51; 2226.950;    0.000;    0.000;2226.95000
 343.57; 2291.950;    0.000;    0.000;2291.95000
 343.62; 2289.950;    0.000;    0.000;2289.95000
 343.68; 2338.950;    0.000;    0.000;2338.95000
 343.74; 2335.950;    0.000;    0.000;2335.95000
 343.79; 2379.950;    0.000;    0.000;2379.95000
 343.85; 2456.950;    0.000;    0.000;2456.95000
 343.91; 2405.950;    0.000;    0.000;2405.95000
 343.96; 2503.950;    0.000;    0.000;2503.95000
 344.02; 2740.950;    0.000;    0.000;2740.95000
 344.08; 2874.950;    0.000;    0.000;2874.95000
 344.13; 2664.950;    0.000;    0.000;2664.95000
 344.19; 2465.950;    0.000;    0.000;2465.95000
 344.25; 2418.950;    0.000;    0.000;2418.95000
 344.30; 2342.950;    0.000;    0.000;2342.95000
 344.36; 2437.950;    0.000;    0.000;2437.95000
 344.42; 2456.950;    0.000;    0.000;2456.95000
 344.47; 2441.950;    0.000;    0.000;2441.95000
 344.53; 2345.950;    0.000;    0.000;2345.95000
 344.59; 2365.950;    0.000;    0.000;2365.95000
 344.65; 2335.950;    0.000;    0.000;2335.95000
 344.70; 2312.950;    0.000;    0.000;2312.95000
 344.76; 2311.950;    0.000;    0.000;2311.95000
 344.82; 2239.950;    0.000;    0.000;2239.95000
 344.87; 2223.950;    0.000;    0.000;2223.95000
 344.93; 2344.950;    0.000;    0.000;2344.95000
 344.99; 2216.950;    0.000;    0.000;2216.95000
 345.04; 2282.950;    0.000;    0.000;2282.95000
 345.10; 2238.950;    0.000;    0.000;2238.95000
 345.16; 2286.950;    0.000;    0.000;2286.95000
 345.21; 2220.950;    0.000;    0.000;2220.95000
 345.27; 2208.950;    0.000;    0.000;2208.95000
 345.32; 2275.950;    0.000;    0.000;2275.95000
 345.38; 2291.950;    0.000;    0.000;2291.95000
 345.44; 2165.950;    0.000;    0.000;2165.95000
 345.49; 2208.950;    0.000;    0.000;2208.95000
 345.55; 2354.950;    0.000;    0.000;2354.95000
 345.61; 2252.950;    0.000;    0.000;2252.95000
 345.66; 2298.950;    0.000;    0.000;2298.95000
 345.72; 2239.950;    0.000;    0.000;2239.95000
 345.78; 2184.950;    0.000;    0.000;2184.95000
 345.83; 2181.950;    0.000;    0.000;2181.95000
 345.89; 2262.950;    0.000;    0.000;2262.95000
 345.95; 2245.950;    0.000;    0.000;2245.95000
 346.00; 2286.950;    0.000;    0.000;2286.95000
 346.06; 2200.950;    0.000;    0.000;2200.95000
 346.12; 2291.950;    0.000;    0.000;2291.95000
 346.17; 2219.950;    0.000;    0.000;2219.95000
 346.23; 2275.950;    0.000;    0.000;2275.95000
 346.29; 2217.950;    0.000;    0.000;2217.95000
 346.34; 2230.950;    0.000;    0.000;2230.95000
 346.40; 2230.950;    0.000;    0.000;2230.95000
 346.45; 2242.950;    0.000;    0.000;2242.95000
 346.51; 2294.950;    0.000;    0.000;2294.95000
 346.57; 2301.950;    0.000;    0.000;2301.95000
 346.62; 2243.950;    0.000;    0.000;2243.95000
 346.68; 2217.950;    0.000;    0.000;2217.95000
 346.74; 2299.950;    0.000;    0.000;2299.95000
 346.79; 2297.950;    0.000;    0.000;2297.95000
 346.85; 2241.950;    0.000;    0.000;2241.95000
 346.91; 2214.950;    0.000;    0.000;2214.95000
 346.96; 2237.950;    0.000;    0.000;2237.95000
 347.02; 2208.950;    0.000;    0.000;2208.95000
 347.07; 2235.950;    0.000;    0.000;2235.95000
 347.13; 2245.950;    0.000;    0.000;2245.95000
 347.19; 2189.950;    0.000;    0.000;2189.95000
 347.24; 2247.950;    0.000;    0.000;2247.95000
 347.30; 2238.950;    0.000;    0.000;2238.95000
 347.36; 2258.950;    0.000;    0.000;2258.95000
 347.41; 2249.950;    0.000;    0.000;2249.95000
 347.47; 2299.950;    0.000;    0.000;2299.95000
 347.52; 2406.950;    0.000;    0.000;2406.95000
 347.58; 2425.950;    0.000;    0.000;2425.95000
 347.64; 2329.950;    0.000;    0.000;2329.95000
 347.69; 2279.950;    0.000;    0.000;2279.95000
 347.75; 2260.950;    0.000;    0.000;2260.95000
 347.81; 2215.950;    0.000;    0.000;2215.95000
 347.86; 2289.950;    0.000;    0.000;2289.95000
 347.92; 2287.950;    0.000;    0.000;2287.95000
 347.97; 2318.950;    0.000;    0.000;2318.95000
 348.03; 2286.950;    0.000;    0.000;2286.95000
 348.09; 2292.950;    0.000;    0.000;2292.95000
 348.14; 2361.950;    0.000;    0.000;2361.95000
 348.20; 2264.950;    0.000;    0.000;2264.95000
 348.25; 2321.950;    0.000;    0.000;2321.95000
 348.31; 2281.950;    0.000;    0.000;2281.95000
 348.37; 2256.950;    0.000;    0.000;2256.95000
 348.42; 2225.950;    0.000;    0.000;2225.95000
 348.48; 2264.950;    0.000;    0.000;2264.95000
 348.53; 2267.950;    0.000;    0.000;2267.95000
 348.59; 2251.950;    0.000;    0.000;2251.95000
 348.65; 2314.950;    0.000;    0.000;2314.95000
 348.70; 2313.950;    0.000;    0.000;2313.95000
 348.76; 2248.950;    0.000;    0.000;2248.95000
 348.81; 2344.950;    0.000;    0.000;2344.95000
 348.87; 2306.950;    0.000;    0.000;2306.95000
 348.93; 2317.950;    0.000;    0.000;2317.95000
 348.98; 2361.950;    0.000;    0.000;2361.95000
 349.04; 2350.950;    0.000;    0.000;2350.95000
 349.09; 2362.950;    0.000;    0.000;2362.95000
 349.15; 2267.950;    0.000;    0.000;2267.95000
 349.21; 2265.950;    0.000;    0.000;2265.95000
 349.26; 2311.950;    0.000;    0.000;2311.95000
 349.32; 2315.950;    0.000;    0.000;2315.95000
 349.37; 2283.950;    0.000;    0.000;2283.95000
 349.43; 2314.950;    0.000;    0.000;2314.95000
 349.49; 2273.950;    0.000;    0.000;2273.95000
 349.54; 2392.950;    0.000;    0.000;2392.95000
 349.60; 2252.950;    0.000;    0.000;2252.95000
 349.65; 2236.950;    0.000;    0.000;2236.95000
 349.71; 2273.950;    0.000;    0.000;2273.95000
 349.77; 2351.950;    0.000;    0.000;2351.95000
 349.82; 2374.950;    0.000;    0.000;2374.95000
 349.88; 2230.950;    0.000;    0.000;2230.95000
 349.93; 2210.950;    0.000;    0.000;2210.95000
 349.99; 2307.950;    0.000;    0.000;2307.95000
 350.04; 2350.950;    0.000;    0.000;2350.95000
 350.10; 2323.950;    0.000;    0.000;2323.95000
 350.16; 2217.950;    0.000;    0.000;2217.95000
 350.21; 2261.950;    0.000;    0.000;2261.95000
 350.27; 2236.950;    0.000;    0.000;2236.95000
 350.32; 2271.950;    0.000;    0.000;2271.95000
 350.38; 2382.950;    0.000;    0.000;2382.95000
 350.43; 2463.950;    0.000;    0.000;2463.95000
 350.49; 2353.950;    0.000;    0.000;2353.95000
 350.55; 2356.950;    0.000;    0.000;2356.95000
 350.60; 2254.950;    0.000;    0.000;2254.95000
 350.66; 2277.950;    0.000;    0.000;2277.95000
 350.71; 2254.950;    0.000;    0.000;2254.95000
 350.77; 2263.950;    0.000;    0.000;2263.95000
 350.82; 2274.950;    0.000;    0.000;2274.95000
 350.88; 2233.950;    0.000;    0.000;2233.95000
 350.94; 2309.950;    0.000;    0.000;2309.95000
 350.99; 2319.950;    0.000;    0.000;2319.95000
 351.05; 2434.950;    0.000;    0.000;2434.95000
 351.10; 2327.950;    0.000;    0.000;2327.95000
 351.16; 2273.950;    0.000;    0.000;2273.95000
 351.21; 2261.950;    0.000;    0.000;2261.95000
 351.27; 2288.950;    0.000;    0.000;2288.95000
 351.33; 2297.950;    0.000;    0.000;2297.95000
 351.38; 2306.950;    0.000;    0.000;2306.95000
 351.44; 2339.950;    0.000;    0.000;2339.95000
 351.49; 2283.950;    0.000;    0.000;2283.95000
 351.55; 2306.950;    0.000;    0.000;2306.95000
 351.60; 2275.950;    0.000;    0.000;2275.95000
 351.66; 2259.950;    0.000;    0.000;2259.95000
 351.71; 2326.950;    0.000;    0.000;2326.95000
 351.77; 2222.950;    0.000;    0.000;2222.95000
 351.82; 2261.950;    0.000;    0.000;2261.95000
 351.88; 2288.950;    0.000;    0.000;2288.95000
 351.94; 2202.950;    0.000;    0.000;2202.95000
 351.99; 2421.950;    0.000;    0.000;2421.95000
 352.05; 2359.950;    0.000;    0.000;2359.95000
 352.10; 2319.950;    0.000;    0.000;2319.95000
 352.16; 2270.950;    0.000;    0.000;2270.95000
 352.21; 2221.950;    0.000;    0.000;2221.95000
 352.27; 2255.950;    0.000;    0.000;2255.95000
 352.32; 2170.950;    0.000;    0.000;2170.95000
 352.38; 2330.950;    0.000;    0.000;2330.95000
 352.43; 2239.950;    0.000;    0.000;2239.95000
 352.49; 2443.950;    0.000;    0.000;2443.95000
 352.55; 2472.950;    0.000;    0.000;2472.95000
 352.60; 2435.950;    0.000;    0.000;2435.95000
 352.66; 2355.950;    0.000;    0.000;2355.95000
 352.71; 2258.950;    0.000;    0.000;2258.95000
 352.77; 2240.950;    0.000;    0.000;2240.95000
 352.82; 2256.950;    0.000;    0.000;2256.95000
 352.88; 2308.950;    0.000;    0.000;2308.95000
 352.93; 2380.950;    0.000;    0.000;2380.95000
 352.99; 2277.950;    0.000;    0.000;2277.95000
 353.04; 2334.950;    0.000;    0.000;2334.95000
 353.10; 2226.950;    0.000;    0.000;2226.95000
 353.15; 2244.950;    0.000;    0.000;2244.95000
 353.21; 2212.950;    0.000;    0.000;2212.95000
 353.26; 2355.950;    0.000;    0.000;2355.95000
 353.32; 2293.950;    0.000;    0.000;2293.95000
 353.37; 2279.950;    0.000;    0.000;2279.95000
 353.43; 2310.950;    0.000;    0.000;2310.95000
 353.48; 2416.950;    0.000;    0.000;2416.95000
 353.54; 2400.950;    0.000;    0.000;2400.95000
 353.60; 2383.950;    0.000;    0.000;2383.95000
 353.65; 2360.950;    0.000;    0.000;2360.95000
 353.71; 2405.950;    0.000;    0.000;2405.95000
 353.76; 2214.950;    0.000;    0.000;2214.95000
 353.82; 2348.950;    0.000;    0.000;2348.95000
 353.87; 2312.950;    0.000;    0.000;2312.95000
 353.93; 2350.950;    0.000;    0.000;2350.95000
 353.98; 2335.950;    0.000;    0.000;2335.95000
 354.04; 2335.950;    0.000;    0.000;2335.95000
 354.09; 2358.950;    0.000;    0.000;2358.95000
 354.15; 2356.950;    0.000;    0.000;2356.95000
 354.20; 2381.950;    0.000;    0.000;2381.95000
 354.26; 2310.950;    0.000;    0.000;2310.95000
 354.31; 2310.950;    0.000;    0.000;2310.95000
 354.37; 2357.950;    0.000;    0.000;2357.95000
 354.42; 2322.950;    0.000;    0.000;2322.95000
 354.48; 2277.950;    0.000;    0.000;2277.95000
 354.53; 2361.950;    0.000;    0.000;2361.95000
 354.59; 2319.950;    0.000;    0.000;2319.95000
 354.64; 2357.950;    0.000;    0.000;2357.95000
 354.70; 2289.950;    0.000;    0.000;2289.95000
 354.75; 2363.950;    0.000;    0.000;2363.95000
 354.81; 2337.950;    0.000;    0.000;2337.95000
 354.86; 2352.950;    0.000;    0.000;2352.95000
 354.92; 2309.950;    0.000;    0.000;2309.95000
 354.97; 2365.950;    0.000;    0.000;2365.95000
 355.03; 2332.950;    0.000;    0.000;2332.95000
 355.08; 2313.950;    0.000;    0.000;2313.95000
 355.14; 2320.950;    0.000;    0.000;2320.95000
 355.19; 2311.950;    0.000;    0.000;2311.95000
 355.25; 2355.950;    0.000;    0.000;2355.95000
 355.30; 2404.950;    0.000;    0.000;2404.95000
 355.36; 2371.950;    0.000;    0.000;2371.95000
 355.41; 2454.950;    0.000;    0.000;2454.95000
 355.47; 2400.950;    0.000;    0.000;2400.95000
 355.52; 2394.950;    0.000;    0.000;2394.95000
 355.57; 2244.950;    0.000;    0.000;2244.95000
 355.63; 2256.950;    0.000;    0.000;2256.95000
 355.68; 2387.950;    0.000;    0.000;2387.95000
 355.74; 2316.950;    0.000;    0.000;2316.95000
 355.79; 2401.950;    0.000;    0.000;2401.95000
 355.85; 2540.950;    0.000;    0.000;2540.95000
 355.90; 2376.950;    0.000;    0.000;2376.95000
 355.96; 2280.950;    0.000;    0.000;2280.95000
 356.01; 2304.950;    0.000;    0.000;2304.95000
 356.07; 2297.950;    0.000;    0.000;2297.95000
 356.12; 2342.950;    0.000;    0.000;2342.95000
 356.18; 2412.950;    0.000;    0.000;2412.95000
 356.23; 2296.950;    0.000;    0.000;2296.95000
 356.29; 2308.950;    0.000;    0.000;2308.95000
 356.34; 2321.950;    0.000;    0.000;2321.95000
 356.40; 2331.950;    0.000;    0.000;2331.95000
 356.45; 2490.950;    0.000;    0.000;2490.95000
 356.51; 2644.950;    0.000;    0.000;2644.95000
 356.56; 2648.950;    0.000;    0.000;2648.95000
 356.61; 2453.950;    0.000;    0.000;2453.95000
 356.67; 2388.950;    0.000;    0.000;2388.95000
 356.72; 2393.950;    0.000;    0.000;2393.95000
 356.78; 2318.950;    0.000;    0.000;2318.95000
 356.83; 2292.950;    0.000;    0.000;2292.95000
 356.89; 2469.950;    0.000;    0.000;2469.95000
 356.94; 2820.950;    0.000;    0.000;2820.95000
 357.00; 3137.950;    0.000;    0.000;3137.95000
 357.05; 2899.950;    0.000;    0.000;2899.95000
 357.11; 2520.950;    0.000;    0.000;2520.95000
 357.16; 2405.950;    0.000;    0.000;2405.95000
 357.21; 2400.950;    0.000;    0.000;2400.95000
 357.27; 2425.950;    0.000;    0.000;2425.95000
 357.32; 2374.950;    0.000;    0.000;2374.95000
 357.38; 2404.950;    0.000;    0.000;2404.95000
 357.43; 2377.950;    0.000;    0.000;2377.95000
 357.49; 2398.950;    0.000;    0.000;2398.95000
 357.54; 2357.950;    0.000;    0.000;2357.95000
 357.60; 2419.950;    0.000;    0.000;2419.95000
 357.65; 2438.950;    0.000;    0.000;2438.95000
 357.71; 2429.950;    0.000;    0.000;2429.95000
 357.76; 2423.950;    0.000;    0.000;2423.95000
 357.81; 2547.950;    0.000;    0.000;2547.95000
 357.87; 2648.950;    0.000;    0.000;2648.95000
 357.92; 2573.950;    0.000;    0.000;2573.95000
 357.98; 2435.950;    0.000;    0.000;2435.95000
 358.03; 2784.950;    0.000;    0.000;2784.95000
 358.09; 3512.950;    0.000;    0.000;3512.95000
 358.14; 3374.950;    0.000;    0.000;3374.95000
 358.19; 2909.950;    0.000;    0.000;2909.95000
 358.25; 2618.950;    0.000;    0.000;2618.95000
 358.30; 2556.950;    0.000;    0.000;2556.95000
 358.36; 2516.950;    0.000;    0.000;2516.95000
 358.41; 2611.950;    0.000;    0.000;2611.95000
 358.47; 2533.950;    0.000;    0.000;2533.95000
 358.52; 2735.950;    0.000;    0.000;2735.95000
 358.57; 2756.950;    0.000;    0.000;2756.95000
 358.63; 2620.950;    0.000;    0.000;2620.95000
 358.68; 2608.950;    0.000;    0.000;2608.95000
 358.74; 2613.950;    0.000;    0.000;2613.95000
 358.79; 2526.950;    0.000;    0.000;2526.95000
 358.85; 2536.950;    0.000;    0.000;2536.95000
 358.90; 2500.950;    0.000;    0.000;2500.95000
 358.95; 2468.950;    0.000;    0.000;2468.95000
 359.01; 2377.950;    0.000;    0.000;2377.95000
 359.06; 2497.950;    0.000;    0.000;2497.95000
 359.12; 2378.950;    0.000;    0.000;2378.95000
 359.17; 2456.950;    0.000;    0.000;2456.95000
 359.23; 2428.950;    0.000;    0.000;2428.95000
 359.28; 2389.950;    0.000;    0.000;2389.95000
 359.33; 2505.950;    0.000;    0.000;2505.95000
 359.39; 2421.950;    0.000;    0.000;2421.95000
 359.44; 2334.950;    0.000;    0.000;2334.95000
 359.50; 2306.950;    0.000;    0.000;2306.95000
 359.55; 2409.950;    0.000;    0.000;2409.95000
 359.60; 2313.950;    0.000;    0.000;2313.95000
 359.66; 2321.950;    0.000;    0.000;2321.95000
 359.71; 2323.950;    0.000;    0.000;2323.95000
 359.77; 2319.950;    0.000;    0.000;2319.95000
 359.82; 2341.950;    0.000;    0.000;2341.95000
 359.87; 2403.950;    0.000;    0.000;2403.95000
 359.93; 2417.950;    0.000;    0.000;2417.95000
 359.98; 2354.950;    0.000;    0.000;2354.95000
 360.04; 2332.950;    0.000;    0.000;2332.95000
 360.09; 2273.950;    0.000;    0.000;2273.95000
 360.14; 2222.950;    0.000;    0.000;2222.95000
 360.20; 2325.950;    0.000;    0.000;2325.95000
 360.25; 2329.950;    0.000;    0.000;2329.95000
 360.31; 2358.950;    0.000;    0.000;2358.95000
 360.36; 2405.950;    0.000;    0.000;2405.95000
 360.41; 2277.950;    0.000;    0.000;2277.95000
 360.47; 2359.950;    0.000;    0.000;2359.95000
 360.52; 2409.950;    0.000;    0.000;2409.95000
 360.58; 2497.950;    0.000;    0.000;2497.95000
 360.63; 2443.950;    0.000;    0.000;2443.95000
 360.68; 2455.950;    0.000;    0.000;2455.95000
 360.74; 2372.950;    0.000;    0.000;2372.95000
 360.79; 2367.950;    0.000;    0.000;2367.95000
 360.85; 2599.950;    0.000;    0.000;2599.95000
 360.90; 2682.950;    0.000;    0.000;2682.95000
 360.95; 2478.950;    0.000;    0.000;2478.95000
 361.01; 2372.950;    0.000;    0.000;2372.95000
 361.06; 2412.950;    0.000;    0.000;2412.95000
 361.11; 2302.950;    0.000;    0.000;2302.95000
 361.17; 2275.950;    0.000;    0.000;2275.95000
 361.22; 2295.950;    0.000;    0.000;2295.95000
 361.28; 2300.950;    0.000;    0.000;2300.95000
 361.33; 2292.950;    0.000;    0.000;2292.95000
 361.38; 2237.950;    0.000;    0.000;2237.95000
 361.44; 2360.950;    0.000;    0.000;2360.95000
 361.49; 2212.950;    0.000;    0.000;2212.95000
 361.54; 2312.950;    0.000;    0.000;2312.95000
 361.60; 2284.950;    0.000;    0.000;2284.95000
 361.65; 2253.950;    0.000;    0.000;2253.95000
 361.71; 2284.950;    0.000;    0.000;2284.95000
 361.76; 2372.950;    0.000;    0.000;2372.95000
 361.81; 2624.950;    0.000;    0.000;2624.95000
 361.87; 2750.950;    0.000;    0.000;2750.95000
 361.92; 2641.950;    0.000;    0.000;2641.95000
 361.97; 2472.950;    0.000;    0.000;2472.95000
 362.03; 2348.950;    0.000;    0.000;2348.95000
 362.08; 2318.950;    0.000;    0.000;2318.95000
 362.14; 2361.950;    0.000;    0.000;2361.95000
 362.19; 2335.950;    0.000;    0.000;2335.95000
 362.24; 2374.950;    0.000;    0.000;2374.95000
 362.30; 2272.950;    0.000;    0.000;2272.95000
 362.35; 2239.950;    0.000;    0.000;2239.95000
 362.40; 2407.950;    0.000;    0.000;2407.95000
 362.46; 2262.950;    0.000;    0.000;2262.95000
 362.51; 2331.950;    0.000;    0.000;2331.95000
 362.56; 2194.950;    0.000;    0.000;2194.95000
 362.62; 2220.950;    0.000;    0.000;2220.95000
 362.67; 2224.950;    0.000;    0.000;2224.95000
 362.72; 2305.950;    0.000;    0.000;2305.95000
 362.78; 2284.950;    0.000;    0.000;2284.95000
 362.83; 2289.950;    0.000;    0.000;2289.95000
 362.88; 2200.950;    0.000;    0.000;2200.95000
 362.94; 2212.950;    0.000;    0.000;2212.95000
 362.99;  289.950;    0.000;    0.000;289.95000
 363.05;  254.950;    0.000;    0.000;254.95000
 363.10;  281.950;    0.000;    0.000;281.95000
 363.15;  280.950;    0.000;    0.000;280.95000
 363.21;  250.950;    0.000;    0.000;250.95000
 363.26;  279.950;    0.000;    0.000;279.95000
 363.31;  293.950;    0.000;    0.000;293.95000
 363.37;  299.950;    0.000;    0.000;299.95000
 363.42;  300.950;    0.000;    0.000;300.95000
 363.47;  305.950;    0.000;    0.000;305.95000
 363.53;  300.950;    0.000;    0.000;300.95000
 363.58;  285.950;    0.000;    0.000;285.95000
 363.63;  274.950;    0.000;    0.000;274.95000
 363.69;  288.950;    0.000;    0.000;288.95000
 363.74;  277.950;    0.000;    0.000;277.95000
 363.79;  266.950;    0.000;    0.000;266.95000

