237.496,2.5387786169369045e-06
237.566,1.3289184495487055e-07
237.636,0.0
237.705,0.0
237.775,3.7987801832338e-07
237.845,4.849256605113402e-07
237.914,1.813197523854955e-08
237.984,0.0
238.054,0.0
238.123,1.0978621371470351e-07
238.193,3.293795668666421e-07
238.263,3.759787582794645e-07
238.332,2.497956036928301e-07
238.402,1.0864347794648367e-07
238.471,4.420836713631037e-08
238.541,5.270758524937197e-08
238.611,1.2045916100314094e-07
238.68,2.0716393996335236e-07
238.75,2.7598630028296835e-07
238.819,3.3813767694917567e-07
238.889,3.8900317457579286e-07
238.958,4.036227495277437e-07
239.028,3.667611875972366e-07
239.097,2.781481926102171e-07
239.167,1.5265809876506734e-07
239.237,1.5740960142272943e-08
239.306,0.0
239.376,0.0
239.445,0.0
239.515,0.0
239.584,0.0
239.654,0.0
239.723,0.0
239.793,0.0
239.862,0.0
239.932,0.0
240.001,0.0
240.07,0.0
240.14,0.0
240.209,0.0
240.279,0.0
240.348,0.0
240.418,0.0
240.487,0.0
240.556,0.0
240.626,0.0
240.695,0.0
240.765,0.0
240.834,0.0
240.903,0.0
240.973,0.0
241.042,0.0
241.112,0.0
241.181,0.0
241.25,1.998738827857573e-08
241.32,4.497364652271253e-08
241.389,7.159018761563784e-08
241.458,9.953382161368873e-08
241.528,1.2868100475802598e-07
241.597,1.5909307679968192e-07
241.666,1.906527226264434e-07
241.736,2.2334182251001816e-07
241.805,2.5702796056489567e-07
241.874,2.914029359696943e-07
241.943,3.2598469148760757e-07
242.013,3.6020825312718653e-07
242.082,3.9354568640825135e-07
242.151,4.2558584749858335e-07
242.221,4.560710160814821e-07
242.29,4.84734793442492e-07
242.359,5.113553020608998e-07
242.428,5.357758120571339e-07
242.498,5.58280786924111e-07
242.567,5.790370102753139e-07
242.636,5.982091446036157e-07
242.705,6.159096321980468e-07
242.774,6.321491693343401e-07
242.844,6.469910924818543e-07
242.913,6.604698803326963e-07
242.982,6.725024834256064e-07
243.051,6.832860962023271e-07
243.12,6.929348894556163e-07
243.19,7.014435463418238e-07
243.259,7.085152625831752e-07
243.328,7.140001802741568e-07
243.397,7.178052689455104e-07
243.466,7.198581351727806e-07
243.535,7.200476088158151e-07
243.605,7.182062233502436e-07
243.674,7.142781756427423e-07
243.743,7.08248059877999e-07
243.812,7.001197186956726e-07
243.881,6.89943498056478e-07
243.95,6.776915173181506e-07
244.019,6.633147727984531e-07
244.088,6.468223885931818e-07
244.158,6.283213659841925e-07
244.227,6.079714252217582e-07
244.296,5.859517321772605e-07
244.365,5.624166555842163e-07
244.434,5.374376879850421e-07
244.503,5.11110452584294e-07
244.572,4.836229845450411e-07
244.641,4.5519175996486605e-07
244.71,4.259994452370631e-07
244.779,3.9623656391978326e-07
244.848,3.660257683031506e-07
244.917,3.3547948612998025e-07
244.986,3.047542093316418e-07
245.055,2.739732809688862e-07
245.124,2.4320408153163916e-07
245.193,2.1250195331805629e-07
245.262,1.8185430338360563e-07
245.331,1.5126410705235028e-07
245.4,1.2082544379166692e-07
245.469,9.068360077987008e-08
245.538,6.096405438108974e-08
245.607,3.1797285642706556e-08
245.676,3.293405159574898e-09
245.745,0.0
245.814,0.0
245.883,0.0
245.952,0.0
246.021,0.0
246.09,0.0
246.159,0.0
246.227,0.0
246.296,0.0
246.365,0.0
246.434,0.0
246.503,0.0
246.572,0.0
246.641,0.0
246.71,0.0
246.779,0.0
246.847,0.0
246.916,0.0
246.985,0.0
247.054,0.0
247.123,0.0
247.192,0.0
247.26,0.0
247.329,0.0
247.398,0.0
247.467,0.0
247.536,0.0
247.604,0.0
247.673,0.0
247.742,0.0
247.811,0.0
247.879,0.0
247.948,0.0
248.017,0.0
248.086,0.0
248.154,0.0
248.223,0.0
248.292,0.0
248.361,0.0
248.429,0.0
248.498,0.0
248.567,0.0
248.635,0.0
248.704,0.0
248.773,0.0
248.841,0.0
248.91,0.0
248.979,0.0
249.047,0.0
249.116,0.0
249.185,0.0
249.253,5.1745040004433886e-09
249.322,1.9090242275868637e-08
249.39,3.44845256553275e-08
249.459,5.1394421269431025e-08
249.528,6.980279148544924e-08
249.596,8.966833219506563e-08
249.665,1.1096791585147336e-07
249.733,1.336982365514773e-07
249.802,1.578950736356745e-07
249.871,1.8363047444060736e-07
249.939,2.1095408585684446e-07
250.008,2.399105116335858e-07
250.076,2.7050797984123975e-07
250.145,3.0269441113073216e-07
250.213,3.3640322783997666e-07
250.282,3.7151770003967566e-07
250.35,4.07849402433055e-07
250.419,4.4513296095950135e-07
250.487,4.830995914973487e-07
250.556,5.214761593131985e-07
250.624,5.599932716139931e-07
250.693,5.983736839444836e-07
250.761,6.362835224693501e-07
250.83,6.733850651559555e-07
250.898,7.093454506000731e-07
250.967,7.438366235331131e-07
251.035,7.764892560743753e-07
251.104,8.068854391283765e-07
251.172,8.345930089357656e-07
251.241,8.592016662570609e-07
251.309,8.803293890065682e-07
251.378,8.97607549801245e-07
251.446,9.106917430891284e-07
251.514,9.192707682970038e-07
251.583,9.231030687390198e-07
251.651,9.220335512315599e-07
251.72,9.159625767625447e-07
251.788,9.047946364944623e-07
251.856,8.884131977939995e-07
251.925,8.666818349611173e-07
251.993,8.394592443503665e-07
252.062,8.066125111295231e-07
252.13,7.680733379823783e-07
252.198,7.237918997539547e-07
252.267,6.737514824571367e-07
252.335,6.180257928523379e-07
252.403,5.56735540093343e-07
252.472,4.900732868931765e-07
252.54,4.1829409839807273e-07
252.608,3.4169025483174126e-07
252.677,2.605556033326855e-07
252.745,1.7521237933590322e-07
252.813,8.600950435016685e-08
252.881,0.0
252.95,0.0
253.018,0.0
253.086,0.0
253.155,0.0
253.223,0.0
253.291,0.0
253.359,0.0
253.428,0.0
253.496,0.0
253.564,0.0
253.632,0.0
253.7,0.0
253.769,0.0
253.837,0.0
253.905,0.0
253.973,0.0
254.041,0.0
254.11,0.0
254.178,0.0
254.246,0.0
254.314,0.0
254.382,0.0
254.45,0.0
254.518,0.0
254.587,0.0
254.655,0.0
254.723,0.0
254.791,0.0
254.859,0.0
254.927,0.0
254.995,0.0
255.063,0.0
255.131,0.0
255.199,0.0
255.267,0.0
255.336,0.0
255.404,0.0
255.472,0.0
255.54,0.0
255.608,0.0
255.676,0.0
255.744,0.0
255.812,0.0
255.88,0.0
255.948,0.0
256.016,0.0
256.084,0.0
256.152,0.0
256.22,0.0
256.288,0.0
256.356,0.0
256.424,0.0
256.491,0.0
256.559,0.0
256.627,0.0
256.695,0.0
256.763,0.0
256.831,0.0
256.899,0.0
256.967,0.0
257.035,0.0
257.103,0.0
257.171,0.0
257.238,0.0
257.306,0.0
257.374,0.0
257.442,0.0
257.51,0.0
257.578,0.0
257.646,0.0
257.713,0.0
257.781,0.0
257.849,0.0
257.917,0.0
257.985,0.0
258.052,0.0
258.12,0.0
258.188,0.0
258.256,0.0
258.324,0.0
258.391,0.0
258.459,0.0
258.527,0.0
258.595,0.0
258.662,0.0
258.73,0.0
258.798,0.0
258.865,0.0
258.933,0.0
259.001,0.0
259.069,0.0
259.136,0.0
259.204,0.0
259.272,0.0
259.339,0.0
259.407,0.0
259.475,0.0
259.542,0.0
259.61,0.0
259.677,0.0
259.745,0.0
259.813,0.0
259.88,0.0
259.948,0.0
260.016,0.0
260.083,0.0
260.151,0.0
260.218,0.0
260.286,0.0
260.353,0.0
260.421,0.0
260.489,0.0
260.556,0.0
260.624,0.0
260.691,0.0
260.759,0.0
260.826,0.0
260.894,0.0
260.961,0.0
261.029,0.0
261.096,0.0
261.164,0.0
261.231,0.0
261.299,0.0
261.366,0.0
261.434,0.0
261.501,0.0
261.568,0.0
261.636,0.0
261.703,0.0
261.771,0.0
261.838,0.0
261.906,0.0
261.973,0.0
262.04,0.0
262.108,0.0
262.175,0.0
262.243,3.413698587834654e-09
262.31,8.762962672081448e-09
262.377,1.4701414506003272e-08
262.445,2.1284154699443366e-08
262.512,2.853777079398806e-08
262.579,3.649897188408124e-08
262.647,4.523683577137049e-08
262.714,5.48089964049579e-08
262.781,6.524813678119498e-08
262.849,7.654652571176339e-08
262.916,8.864094089806505e-08
262.983,1.0145305243377712e-07
263.051,1.1491550102197824e-07
263.118,1.2896682072416235e-07
263.185,1.4356356888566905e-07
263.252,1.586730805757537e-07
263.32,1.742352411943626e-07
263.387,1.902040450931306e-07
263.454,2.065085991831752e-07
263.522,2.230300798339192e-07
263.589,2.396679220960987e-07
263.656,2.5628443919130533e-07
263.723,2.726961158013576e-07
263.79,2.8877552978942936e-07
263.858,3.0446875022365496e-07
263.925,3.197926550705689e-07
263.992,3.3489853415386225e-07
264.059,3.499987349285451e-07
264.126,3.653265271891317e-07
264.194,3.8122383442070115e-07
264.261,3.981193419879114e-07
264.328,4.164706397675508e-07
264.395,4.3673084512699736e-07
264.462,4.5928737725836177e-07
264.529,4.844937846710617e-07
264.597,5.127026064720584e-07
264.664,5.442142908543221e-07
264.731,5.792938610087488e-07
264.798,6.181243561723963e-07
264.865,6.608048264613151e-07
264.932,7.074255598455827e-07
264.999,7.579948223765747e-07
265.066,8.124014400162523e-07
265.133,8.704806924510432e-07
265.201,9.319861823334354e-07
265.268,9.965404203363803e-07
265.335,1.063668884224005e-06
265.402,1.1328003041583763e-06
265.469,1.2033087430813442e-06
265.536,1.274631318990774e-06
265.603,1.3463259636729702e-06
265.67,1.4180324317243921e-06
265.737,1.489451486243052e-06
265.804,1.56038123913738e-06
265.871,1.6307193888937133e-06
265.938,1.7004101688290683e-06
266.005,1.769404288018109e-06
266.072,1.8376147897107707e-06
266.139,1.9048682507434093e-06
266.206,1.9709605042095476e-06
266.273,2.0356993370792927e-06
266.34,2.098882744387299e-06
266.407,2.160300040030455e-06
266.474,2.219772367377079e-06
266.541,2.2771898758612625e-06
266.608,2.33248864351484e-06
266.675,2.3855978296372806e-06
266.742,2.4364834284619535e-06
266.808,2.4851623047123666e-06
266.875,2.531603620686582e-06
266.942,2.5757644604342994e-06
267.009,2.6175603592990387e-06
267.076,2.65676193894092e-06
267.143,2.693181351394664e-06
267.21,2.7267191821443658e-06
267.277,2.7571776190539364e-06
267.344,2.784312787277479e-06
267.41,2.807912152709688e-06
267.477,2.827781060636824e-06
267.544,2.843840042931905e-06
267.611,2.8561045319178954e-06
267.678,2.864490261081965e-06
267.745,2.8687718666228375e-06
267.811,2.8686664922948096e-06
267.878,2.863863578568835e-06
267.945,2.854084694663811e-06
268.012,2.839081502387627e-06
268.079,2.8185939289718445e-06
268.145,2.7924116062917432e-06
268.212,2.760399684687414e-06
268.279,2.7225445377558645e-06
268.346,2.67900037071753e-06
268.412,2.630008094405894e-06
268.479,2.5758039127227382e-06
268.546,2.516618977534045e-06
268.613,2.4526589648410457e-06
268.679,2.384083149857222e-06
268.746,2.3111394706856368e-06
268.813,2.2341797315016476e-06
268.879,2.153466162907279e-06
268.946,2.069206011097934e-06
269.013,1.981679196730432e-06
269.079,1.891199504840705e-06
269.146,1.7982016199598254e-06
269.213,1.7032932306504968e-06
269.28,1.6069704648573354e-06
269.346,1.509601253091844e-06
269.413,1.4116801702662136e-06
269.479,1.3137765641797515e-06
269.546,1.2164952144485731e-06
269.613,1.120467243058145e-06
269.679,1.026152885830019e-06
269.746,9.338427279407389e-07
269.813,8.438480073693904e-07
269.879,7.565456461090942e-07
269.946,6.723243242724557e-07
270.012,5.915550453364856e-07
270.079,5.144156117596266e-07
270.145,4.409252445375176e-07
270.212,3.710505457348286e-07
270.279,3.046870766757294e-07
270.345,2.4167839890320647e-07
270.412,1.8179795310701746e-07
270.478,1.2462612834792e-07
270.545,6.967045652933784e-08
270.611,1.645737457268704e-08
270.678,0.0
270.744,0.0
270.811,0.0
270.877,0.0
270.944,0.0
271.01,0.0
271.077,0.0
271.143,0.0
271.21,0.0
271.276,0.0
271.342,0.0
271.409,0.0
271.475,0.0
271.542,0.0
271.608,0.0
271.675,0.0
271.741,0.0
271.807,0.0
271.874,0.0
271.94,0.0
272.007,0.0
272.073,0.0
272.139,0.0
272.206,0.0
272.272,0.0
272.338,0.0
272.405,0.0
272.471,0.0
272.537,0.0
272.604,0.0
272.67,0.0
272.736,0.0
272.802,0.0
272.869,0.0
272.935,0.0
273.001,0.0
273.068,0.0
273.134,0.0
273.2,0.0
273.266,0.0
273.333,0.0
273.399,0.0
273.465,0.0
273.531,0.0
273.597,0.0
273.664,0.0
273.73,0.0
273.796,0.0
273.862,0.0
273.928,0.0
273.995,0.0
274.061,0.0
274.127,0.0
274.193,0.0
274.259,0.0
274.325,0.0
274.391,0.0
274.457,0.0
274.524,0.0
274.59,0.0
274.656,0.0
274.722,0.0
274.788,0.0
274.854,0.0
274.92,0.0
274.986,0.0
275.052,0.0
275.118,1.3391408825745984e-07
275.184,3.050187176968163e-07
275.25,4.980636546743423e-07
275.316,7.13959340547052e-07
275.382,9.55768192005334e-07
275.448,1.2262726359017328e-06
275.514,1.5280656880650291e-06
275.58,1.8637417234024055e-06
275.646,2.2397083632784984e-06
275.712,2.660320506984551e-06
275.778,3.129637522162594e-06
275.844,3.646765818000883e-06
275.91,4.2024047887503575e-06
275.976,4.777333480576284e-06
276.042,5.347225531093823e-06
276.108,5.893282309824406e-06
276.174,6.414135558985389e-06
276.24,6.913349010781686e-06
276.306,7.402810283973963e-06
276.372,7.890441758673987e-06
276.437,8.39896578247166e-06
276.503,8.968504934565962e-06
276.569,9.657746572892572e-06
276.635,1.0516120573652356e-05
276.701,1.1547792702403902e-05
276.767,1.2746710892582456e-05
276.833,1.4028268793020333e-05
276.899,1.539084058480777e-05
276.964,1.6859596049219112e-05
277.03,1.8456893743771564e-05
277.096,2.03281169558668e-05
277.162,2.2283077894879227e-05
277.228,2.4310539844223495e-05
277.293,2.6444504354791027e-05
277.359,2.902006342497853e-05
277.425,3.551172935710275e-05
277.491,4.8209716972894045e-05
277.557,6.275412179600743e-05
277.622,0.0001086302318608488
277.688,0.00010556583349575012
277.754,0.0001095344389483852
277.82,0.00012443546538753634
277.885,0.00015561720516357353
277.951,0.00020910544440006792
278.017,0.0001745126790939559
278.083,0.00013858631001353847
278.148,0.00013570468176766064
278.214,0.00013592640787276673
278.28,0.00014505071122155436
278.345,0.00013336038746109444
278.411,0.00011251536161325955
278.477,0.00011572933330068923
278.542,0.00012904028444551377
278.608,0.00013695894487388601
278.674,0.00016901420356525967
278.739,0.00018632110742588238
278.805,0.0002280065226009556
278.871,0.0002640463116444679
278.936,0.00035717184246904276
279.002,0.0005146827565074845
279.067,0.0006796932989122393
279.133,0.0006777460497959393
279.199,0.0006007357840636655
279.264,0.0006406679601183756
279.33,0.000748244250044381
279.395,0.0009629747296294328
279.461,0.0012023261635862946
279.527,0.0013181467827703055
279.592,0.0012343712166668747
279.658,0.0010570408852410423
279.723,0.0010257718590741742
279.789,0.0010981356275506643
279.854,0.0009394401444672511
279.92,0.0008007314140628931
279.985,0.0007389215963665287
280.051,0.0007514015762238412
280.116,0.000874330537659451
280.182,0.0011547509873189453
280.247,0.0012730203316021931
280.313,0.0011088829599203516
280.378,0.0008035786320108731
280.444,0.0006038338714371122
280.509,0.0004698438267417488
280.574,0.00039679281614353647
280.64,0.00032392053789150657
280.705,0.0002786065481768439
280.771,0.00024906299627081425
280.836,0.00022339316953841852
280.902,0.00020054054113356992
280.967,0.00018295213241345008
281.032,0.0001670918147679844
281.098,0.00014029941845000406
281.163,0.00013478898536221253
281.229,0.00011947692612058973
281.294,0.00010521629044305783
281.359,9.40540435871725e-05
281.425,8.388976508016083e-05
281.49,7.455417827550818e-05
281.555,6.628296123425735e-05
281.621,5.901545479565808e-05
281.686,5.2776845956293695e-05
281.751,4.7391209617184356e-05
281.816,4.2668331309227346e-05
281.882,3.861089190330852e-05
281.947,3.512787969344427e-05
282.012,3.214567021562326e-05
282.078,2.9598708771018263e-05
282.143,2.7180862835273025e-05
282.208,2.4808508783859753e-05
282.273,2.246315132058835e-05
282.339,2.0133936929436906e-05
282.404,1.7957212880510733e-05
282.469,1.5925249338066487e-05
282.534,1.4030759727000346e-05
282.6,1.2268813779342876e-05
282.665,1.063864486876748e-05
282.73,9.151091979662843e-06
282.795,7.794337020123248e-06
282.86,6.562205472403176e-06
282.926,5.426973159597398e-06
282.991,4.391791355814264e-06
283.056,3.46209363053002e-06
283.121,2.6442450743930723e-06
283.186,1.937776381904342e-06
283.251,1.3284627899865567e-06
283.316,8.184024063120033e-07
283.382,4.0360243073026407e-07
283.447,7.343460367019935e-08
283.512,0.0
283.577,0.0
283.642,0.0
283.707,0.0
283.772,0.0
283.837,0.0
283.902,0.0
283.967,0.0
284.032,0.0
284.097,0.0
284.163,0.0
284.228,5.541038704573375e-07
284.293,1.637471643921205e-06
284.358,2.9480133157639997e-06
284.423,4.454819549439078e-06
284.488,6.28949940143536e-06
284.553,8.827001094049937e-06
284.618,1.2465087553117258e-05
284.683,1.7773442751228062e-05
284.748,2.522320867727575e-05
284.812,3.5331573812377555e-05
284.877,4.892412437814604e-05
284.942,7.003455927830444e-05
285.007,0.00010803933338015672
285.072,0.00017072559977637667
285.137,0.00030464468633975
285.202,0.00042836667445545206
285.267,0.0003673633279617661
285.332,0.0002335749848571466
285.397,0.0001480689913776286
285.462,0.00011233166532918737
285.527,7.120113819046708e-05
285.591,5.826955431738024e-05
285.656,4.359537834480542e-05
285.721,3.9123212087536286e-05
285.786,3.001820322174382e-05
285.851,2.4172328548909976e-05
285.916,2.0643476647458575e-05
285.981,1.7979322742852424e-05
286.045,1.5822216476172317e-05
286.11,1.3917140765765029e-05
286.175,1.230389308441781e-05
286.24,9.689409314846543e-06
286.305,6.208269024225475e-06
286.369,4.275601734685429e-06
286.434,3.825585812001036e-06
286.499,3.4076233494202208e-06
286.564,2.9766061168309154e-06
286.628,2.5087175000808067e-06
286.693,1.9718935141355813e-06
286.758,1.5309716106614812e-06
286.823,1.1162764972922244e-06
286.887,5.307744597651016e-07
286.952,0.0
287.017,2.4675170216579795e-07
287.082,1.94636274660822e-06
287.146,0.0
287.211,0.0
287.276,0.0
287.34,0.0
287.405,0.0
287.47,0.0
287.534,0.0
287.599,0.0
287.663,0.0
287.728,0.0
287.793,0.0
287.857,0.0
287.922,0.0
287.987,0.0
288.051,0.0
288.116,0.0
288.18,0.0
288.245,0.0
288.309,0.0
288.374,0.0
288.439,0.0
288.503,0.0
288.568,0.0
288.632,0.0
288.697,0.0
288.761,0.0
288.826,0.0
288.89,0.0
288.955,0.0
289.019,0.0
289.084,0.0
289.148,0.0
289.212,0.0
289.277,0.0
289.341,0.0
289.406,0.0
289.47,0.0
289.535,0.0
289.599,0.0
289.663,0.0
289.728,0.0
289.792,0.0
289.857,2.0158282816458237e-09
289.921,1.043659485454494e-07
289.985,1.986358124266257e-07
290.05,2.8722101635381496e-07
290.114,3.80357666361274e-07
290.178,4.843916701936083e-07
290.243,6.079074917198926e-07
290.307,7.293204913263921e-07
290.371,8.51327744520946e-07
290.436,9.810828824575483e-07
290.5,1.1259712371342215e-06
290.564,1.3195020548059985e-06
290.629,1.5794695260296572e-06
290.693,1.922661732254764e-06
290.757,2.3179403438891802e-06
290.821,2.9120568340269826e-06
290.886,3.7346150482811177e-06
290.95,4.8016677445500674e-06
291.014,5.950545442716452e-06
291.078,6.698817838596408e-06
291.143,8.168836946365733e-06
291.207,1.0302893460029664e-05
291.271,4.58261899810398e-06
291.335,6.362273191729017e-06
291.399,8.581793322079734e-06
291.464,1.1183361393174615e-05
291.528,1.2506852816454842e-05
291.592,1.213392290932525e-05
291.656,1.1531134561093942e-05
291.72,1.0776892740003173e-05
291.784,1.01031898745723e-05
291.849,9.669859002768663e-06
291.913,9.239553431687775e-06
291.977,8.663824238470258e-06
292.041,8.000924950667698e-06
292.105,7.4718680203136114e-06
292.169,7.189240643454659e-06
292.233,8.448838251219754e-06
292.297,1.1234373094866662e-05
292.361,1.196712146817668e-05
292.425,1.0640949116455212e-05
292.49,1.25886267231359e-05
292.554,1.8692139143324626e-05
292.618,2.4963152717133933e-05
292.682,3.1471658385741315e-05
292.746,4.1006919581743543e-05
292.81,8.110413784923206e-05
292.874,0.00011815693770223492
292.938,0.00011248962210885479
293.002,0.00010122036779902912
293.066,8.762182857194065e-05
293.13,7.582648042342166e-05
293.194,6.738597734464234e-05
293.258,6.211609842429565e-05
293.322,6.0473555149781446e-05
293.386,6.338007287593587e-05
293.45,7.233389090780232e-05
293.514,9.208625921676218e-05
293.577,0.00013170423500886687
293.641,0.00020134678870049142
293.705,0.00022099627852059013
293.769,0.00018980773242480018
293.833,0.00015802074074478873
293.897,0.00013251565144277
293.961,0.0001137511221570458
294.025,9.876313883959523e-05
294.089,8.686439091864045e-05
294.152,7.727298082434235e-05
294.216,6.892770103002949e-05
294.28,6.142786812022084e-05
294.344,5.4443728034083445e-05
294.408,4.782886176958408e-05
294.472,4.1932001326343655e-05
294.536,3.7140186873957444e-05
294.599,3.358980472168579e-05
294.663,3.1244485064420814e-05
294.727,2.9638346450677462e-05
294.791,2.815948535653059e-05
294.855,2.6439670250430104e-05
294.918,2.4425445359024606e-05
294.982,2.221799112185714e-05
295.046,1.9977993264626796e-05
295.11,1.7834158801972785e-05
295.173,1.577404599377678e-05
295.237,1.3814684871998277e-05
295.301,1.2022007056534638e-05
295.364,1.041569489599129e-05
295.428,8.991909681449725e-06
295.492,7.734041314405823e-06
295.556,6.6157777077710845e-06
295.619,5.6137415562345575e-06
295.683,4.72975844264673e-06
295.747,3.965596649605254e-06
295.81,3.3031005357088977e-06
295.874,2.737726839496706e-06
295.938,2.263466108488876e-06
296.001,1.8726625406367387e-06
296.065,1.5582057657319034e-06
296.128,1.3127039495798944e-06
296.192,1.1242428192958358e-06
296.256,9.801047245432864e-07
296.319,8.681621203998702e-07
296.383,7.790461803042751e-07
296.447,7.105802826819472e-07
296.51,6.594127332289615e-07
296.574,6.214517171956084e-07
296.637,5.917194414069032e-07
296.701,5.648530223349073e-07
296.764,5.351184741080898e-07
296.828,5.007401891008076e-07
296.891,4.5933360930578497e-07
296.955,4.0774087165165035e-07
297.018,3.45430616549941e-07
297.082,2.7322583710750183e-07
297.145,1.9295158032395718e-07
297.209,1.0744195403844477e-07
297.272,2.0073200719320398e-08
297.336,0.0
297.399,0.0
297.463,0.0
297.526,0.0
297.59,0.0
297.653,0.0
297.717,0.0
297.78,0.0
297.843,0.0
297.907,0.0
297.97,0.0
298.034,0.0
298.097,0.0
298.16,0.0
298.224,0.0
298.287,0.0
298.35,0.0
298.414,0.0
298.477,0.0
298.54,0.0
298.604,0.0
298.667,0.0
298.73,0.0
298.794,0.0
298.857,0.0
298.92,0.0
298.984,0.0
299.047,0.0
299.11,0.0
299.173,0.0
299.237,0.0
299.3,0.0
299.363,0.0
299.426,0.0
299.489,0.0
299.553,0.0
299.616,0.0
299.679,0.0
299.742,0.0
299.805,0.0
299.868,0.0
299.932,0.0
299.995,0.0
300.058,0.0
300.121,0.0
300.184,0.0
300.247,0.0
300.31,0.0
300.374,0.0
300.437,0.0
300.5,0.0
300.563,0.0
300.626,0.0
300.689,0.0
300.752,0.0
300.815,0.0
300.878,0.0
300.941,0.0
301.004,0.0
301.067,0.0
301.13,0.0
301.193,0.0
301.256,0.0
301.319,0.0
301.382,0.0
301.445,0.0
301.508,0.0
301.571,0.0
301.634,0.0
301.697,0.0
301.76,0.0
301.823,0.0
301.885,0.0
301.948,0.0
302.011,0.0
302.074,0.0
302.137,0.0
302.2,0.0
302.263,0.0
302.326,0.0
302.388,0.0
302.451,0.0
302.514,0.0
302.577,0.0
302.64,0.0
302.703,0.0
302.765,0.0
302.828,0.0
302.891,0.0
302.954,0.0
303.016,0.0
303.079,0.0
303.142,0.0
303.205,0.0
303.267,0.0
303.33,0.0
303.393,0.0
303.456,0.0
303.518,0.0
303.581,0.0
303.644,0.0
303.706,0.0
303.769,0.0
303.832,0.0
303.894,0.0
303.957,0.0
304.02,0.0
304.082,0.0
304.145,0.0
304.207,0.0
304.27,0.0
304.333,0.0
304.395,0.0
304.458,0.0
304.52,0.0
304.583,0.0
304.646,0.0
304.708,0.0
304.771,0.0
304.833,0.0
304.896,0.0
304.958,0.0
305.021,0.0
305.083,0.0
305.146,0.0
305.208,0.0
305.271,0.0
305.333,0.0
305.396,0.0
305.458,0.0
305.52,0.0
305.583,0.0
305.645,0.0
305.708,0.0
305.77,0.0
305.833,0.0
305.895,0.0
305.957,0.0
306.02,0.0
306.082,0.0
306.144,0.0
306.207,0.0
306.269,0.0
306.331,0.0
306.394,0.0
306.456,0.0
306.518,0.0
306.581,0.0
306.643,0.0
306.705,0.0
306.768,0.0
306.83,0.0
306.892,0.0
306.954,0.0
307.017,0.0
307.079,0.0
307.141,0.0
307.203,0.0
307.266,0.0
307.328,0.0
307.39,0.0
307.452,0.0
307.514,0.0
307.577,0.0
307.639,0.0
307.701,1.2702234861011993e-07
307.763,2.8545175167774653e-07
307.825,4.5911347452119964e-07
307.887,6.502052368869256e-07
307.949,8.578995955188564e-07
308.012,1.0843992716913177e-06
308.074,1.3319252211323587e-06
308.136,1.602277449081136e-06
308.198,1.8973950423068564e-06
308.26,2.219462825104156e-06
308.322,2.5699469693312604e-06
308.384,2.949626766726586e-06
308.446,3.3616789493518635e-06
308.508,3.804198808669019e-06
308.57,4.2753483792231184e-06
308.632,4.770342464788139e-06
308.694,5.28732728305792e-06
308.756,5.824605872510034e-06
308.818,6.377033602808351e-06
308.88,6.935400230067382e-06
308.942,7.50851506192499e-06
309.004,8.086783176782209e-06
309.066,8.659853503493082e-06
309.128,9.242162984508248e-06
309.19,9.823391859641614e-06
309.252,1.0392191796329586e-05
309.314,1.0939065680936233e-05
309.376,1.1456200677579816e-05
309.438,1.1887783123645155e-05
309.5,1.2233306833910994e-05
309.562,1.2492444305617993e-05
309.624,1.2517848572436855e-05
309.686,1.230761145798147e-05
309.747,1.1862065345541418e-05
309.809,1.1183733031409879e-05
309.871,1.0527612379244931e-05
309.933,9.950500267260542e-06
309.995,9.461106913340983e-06
310.057,9.069090266913435e-06
310.119,8.639086962202487e-06
310.18,8.181366176651985e-06
310.242,7.707335735452671e-06
310.304,7.2268680313657285e-06
310.366,6.748431888429274e-06
310.428,6.26253926291022e-06
310.489,5.7707129496568765e-06
310.551,5.2744445920046475e-06
310.613,4.803467108715052e-06
310.675,4.362813342615032e-06
310.737,3.953905526259166e-06
310.798,3.5781323612784825e-06
310.86,3.234405213480553e-06
310.922,2.918156078219032e-06
310.983,2.6279152307322666e-06
311.045,2.361997248221047e-06
311.107,2.115753805793995e-06
311.169,1.8870941997760094e-06
311.23,1.6735803263250268e-06
311.292,1.4731918484128212e-06
311.354,1.2843317828272361e-06
311.415,1.1084699037490162e-06
311.477,9.465383988001645e-07
311.539,7.993975831313335e-07
311.6,6.655042113427062e-07
311.662,5.433979685358075e-07
311.724,4.3361606140170055e-07
311.785,3.3629519525970263e-07
311.847,2.5125805675621003e-07
311.908,1.7871255000176755e-07
311.97,1.1842928392229389e-07
312.032,6.991749618875368e-08
312.093,3.265593333938903e-08
312.155,5.958742714944359e-09
312.216,0.0
312.278,0.0
312.339,0.0
312.401,0.0
312.462,0.0
312.524,1.3085895328152727e-08
312.585,3.2877305873474694e-08
312.647,5.5392297275965885e-08
312.708,7.971119506610233e-08
312.77,1.0490118737012748e-07
312.831,1.3052337152946537e-07
312.893,1.5623606830412126e-07
312.954,1.8161656130414941e-07
313.016,2.0627328002278372e-07
313.077,2.298777010864929e-07
313.139,2.5219492157895564e-07
313.2,2.731341017627556e-07
313.261,2.9260334919563236e-07
313.323,3.104660928054566e-07
313.384,3.2663274950595043e-07
313.446,3.407495336429946e-07
313.507,3.525182186847531e-07
313.568,3.6216897309091215e-07
313.63,3.7007982096494626e-07
313.691,3.762241961150158e-07
313.752,3.8067168954265247e-07
313.814,3.835862989989165e-07
313.875,3.850181381883544e-07
313.936,3.850873327654636e-07
313.998,3.8402247334007594e-07
314.059,3.819339270679448e-07
314.12,3.789321012579471e-07
314.182,3.751964239387593e-07
314.243,3.707661032213889e-07
314.304,3.656619607609143e-07
314.365,3.60005915962894e-07
314.427,3.5377913101201993e-07
314.488,3.46964143239052e-07
314.549,3.396854334210542e-07
314.61,3.31980881182354e-07
314.672,3.2388154973909884e-07
314.733,3.154812244449403e-07
314.794,3.067382294161601e-07
314.855,2.9763546323027074e-07
314.917,2.8826432472795793e-07
314.978,2.787063846951858e-07
315.039,2.6906118457136137e-07
315.1,2.594322216637629e-07
315.161,2.4982925012463374e-07
315.222,2.402891896101356e-07
315.283,2.3091424460294604e-07
315.345,2.2175741034846046e-07
315.406,2.1289417473995787e-07
315.467,2.0442837249651852e-07
315.528,1.9627180508032274e-07
315.589,1.8826668058105857e-07
315.65,1.8043216298219655e-07
315.711,1.727164365982653e-07
315.772,1.6503811149694463e-07
315.833,1.574313454566787e-07
315.894,1.4982034880475416e-07
315.955,1.4208252821099728e-07
316.016,1.342635689216318e-07
316.078,1.2638812239326072e-07
316.139,1.1843370106760895e-07
316.2,1.1051894867075776e-07
316.261,1.0273928128044715e-07
316.322,9.512946900195858e-08
316.383,8.785178838454423e-08
316.444,8.099636287450163e-08
316.504,7.451960790096593e-08
316.565,6.847378209643604e-08
316.626,6.285238014760563e-08
316.687,5.757428853228189e-08
316.748,5.265560264497076e-08
316.809,4.805001883909348e-08
316.87,4.364262148176369e-08
316.931,3.9393275160565815e-08
316.992,3.523468454733602e-08
317.053,3.1102375892640516e-08
317.114,2.7040081752024566e-08
317.175,2.3056905949904197e-08
317.235,1.9092098951743542e-08
317.296,1.5121401625531137e-08
317.357,1.1064941611052221e-08
317.418,6.777523637334905e-09
317.479,2.237459654856153e-09
317.54,0.0
317.601,0.0
317.661,0.0
317.722,0.0
317.783,0.0
317.844,0.0
317.904,0.0
317.965,0.0
318.026,0.0
318.087,0.0
318.148,0.0
318.208,0.0
318.269,0.0
318.33,0.0
318.39,0.0
318.451,0.0
318.512,0.0
318.572,0.0
318.633,0.0
318.694,0.0
318.754,0.0
318.815,0.0
318.876,0.0
318.936,0.0
318.997,0.0
319.058,0.0
319.118,0.0
319.179,0.0
319.239,0.0
319.3,0.0
319.361,0.0
319.421,0.0
319.482,0.0
319.542,0.0
319.603,0.0
319.663,0.0
319.724,0.0
319.784,0.0
319.845,0.0
319.905,0.0
319.966,0.0
320.026,0.0
320.087,0.0
320.147,0.0
320.208,0.0
320.268,0.0
320.329,0.0
320.389,0.0
320.449,0.0
320.51,0.0
320.57,0.0
320.631,0.0
320.691,0.0
320.751,0.0
320.812,0.0
320.872,0.0
320.932,0.0
320.993,0.0
321.053,0.0
321.113,8.525925702077672e-09
321.174,2.1729499740908903e-08
321.234,3.348762388229083e-08
321.294,4.3683098526828155e-08
321.355,5.2272564024285554e-08
321.415,5.9158071331756374e-08
321.475,6.415517748210565e-08
321.535,6.715904527768618e-08
321.596,6.805958369200675e-08
321.656,6.679460115089497e-08
321.716,6.341650558305246e-08
321.776,5.7963579123853174e-08
321.837,5.041728437286903e-08
321.897,4.0855341717964976e-08
321.957,2.9438401924316575e-08
322.017,1.621807767241542e-08
322.077,1.265376201191935e-09
322.138,0.0
322.198,0.0
322.258,0.0
322.318,0.0
322.378,0.0
322.438,0.0
322.499,0.0
322.559,0.0
322.619,0.0
322.679,0.0
322.739,0.0
322.799,0.0
322.859,0.0
322.919,0.0
322.979,0.0
323.039,0.0
323.099,0.0
323.159,0.0
323.219,0.0
323.279,0.0
323.339,0.0
323.399,0.0
323.459,0.0
323.519,0.0
323.579,0.0
323.639,0.0
323.699,0.0
323.759,0.0
323.819,0.0
323.879,0.0
323.939,0.0
323.999,0.0
324.059,0.0
324.119,8.07622262474815e-09
324.178,5.3772600254884786e-08
324.238,1.0162941509473264e-07
324.298,1.515265376287876e-07
324.358,2.0326276552054702e-07
324.418,2.564773999897873e-07
324.478,3.1079495656235293e-07
324.538,3.6579923907796636e-07
324.597,4.1808800300231845e-07
324.657,4.6725455905279644e-07
324.717,5.129209028234192e-07
324.777,5.546683434517922e-07
324.837,5.921879907936205e-07
324.896,6.25182164314536e-07
324.956,6.533188442030933e-07
325.016,6.76338893941685e-07
325.076,7.182507249271134e-07
325.135,7.787920776256414e-07
325.195,8.577932501080072e-07
325.255,9.550493632173611e-07
325.315,1.0703459252153992e-06
325.374,1.203592303775148e-06
325.434,1.3546946100127354e-06
325.494,1.523510222513197e-06
325.553,1.5643178824997944e-06
325.613,1.4769887694113063e-06
325.673,1.2613820185936755e-06
325.732,9.174950095375991e-07
325.792,6.939398812249815e-07
325.852,5.906270181453798e-07
325.911,6.074933857638852e-07
325.971,7.444362445047561e-07
326.031,8.555812440016789e-07
326.09,9.407820121290457e-07
326.15,9.999203244428083e-07
326.209,1.032858514698571e-06
326.269,1.0395902589513156e-06
326.328,1.0202447881153702e-06
326.388,9.750110130410678e-07
326.448,9.04251766684307e-07
326.507,8.324424125361515e-07
326.567,7.597231314003409e-07
326.626,6.862122465082764e-07
326.686,6.120563272034769e-07
326.745,5.373241324584002e-07
326.805,4.620980885213615e-07
326.864,3.864989006418384e-07
326.924,3.1059372155880026e-07
326.983,2.3161150485206895e-07
327.043,1.4972055923410517e-07
327.102,6.47117557790326e-08
327.161,0.0
327.221,0.0
327.28,0.0
327.34,0.0
327.399,0.0
327.459,0.0
327.518,0.0
327.577,0.0
327.637,0.0
327.696,0.0
327.755,0.0
327.815,0.0
327.874,0.0
327.933,0.0
327.993,0.0
328.052,0.0
328.111,0.0
328.171,0.0
328.23,0.0
328.289,0.0
328.349,0.0
328.408,0.0
328.467,0.0
328.526,0.0
328.586,0.0
328.645,0.0
328.704,0.0
328.763,8.317628259932162e-08
328.822,2.1933910853795277e-07
328.882,3.5311154664163123e-07
328.941,4.947961177926912e-07
329.0,6.421659260948842e-07
329.059,8.106798100955182e-07
329.118,1.0092114827925138e-06
329.177,1.2428417077552506e-06
329.237,1.5395208636896735e-06
329.296,1.896511595013775e-06
329.355,2.3048737491076457e-06
329.414,2.7470088441824937e-06
329.473,3.2202376426526622e-06
329.532,3.7012933485885753e-06
329.591,4.237251254154616e-06
329.65,4.901157642114377e-06
329.709,5.604837855712274e-06
329.768,6.410994493743803e-06
329.827,7.129365882231944e-06
329.886,7.66276325659091e-06
329.945,8.527856948274977e-06
330.004,9.895466991849642e-06
330.063,1.2914272633370256e-05
330.122,1.8373775380537197e-05
330.181,2.2854374546252423e-05
330.24,2.2992784684663844e-05
330.299,1.98616858985145e-05
330.358,1.5445238326533224e-05
330.417,1.0839004623360426e-05
330.476,7.073405041886239e-06
330.535,4.416018295363874e-06
330.594,2.614885100515523e-06
330.653,1.478125951448381e-06
330.712,7.831536887516204e-07
330.771,3.712853409974096e-07
330.83,2.2369005810598e-07
330.889,2.5574576213377607e-07
330.948,3.490562413450271e-07
331.006,4.395780996289681e-07
331.065,4.893122525681679e-07
331.124,4.836550536720192e-07
331.183,4.090844372615159e-07
331.242,3.0007604090874073e-07
331.301,1.556441318521483e-07
331.359,0.0
331.418,0.0
331.477,0.0
331.536,0.0
331.595,0.0
331.653,0.0
331.712,0.0
331.771,0.0
331.83,0.0
331.888,0.0
331.947,0.0
332.006,0.0
332.065,0.0
332.123,0.0
332.182,0.0
332.241,0.0
332.299,0.0
332.358,0.0
332.417,0.0
332.475,0.0
332.534,0.0
332.592,0.0
332.651,0.0
332.71,0.0
332.768,0.0
332.827,0.0
332.885,0.0
332.944,0.0
333.003,1.7429874748743027e-07
333.061,3.65488517965169e-07
333.12,5.480899365774015e-07
333.178,7.215057940820648e-07
333.237,8.85450118941831e-07
333.295,1.0401527833198504e-06
333.354,1.1857843427972294e-06
333.412,1.3224280289655058e-06
333.471,1.4502016347887513e-06
333.529,1.5692286756827696e-06
333.588,1.6791507162973106e-06
333.646,1.7796532733311777e-06
333.705,1.870582791525386e-06
333.763,1.9519061888270712e-06
333.822,2.023803480455773e-06
333.88,2.086711244146642e-06
333.938,2.1410618822962613e-06
333.997,2.1868179887889413e-06
334.055,2.2241179441778184e-06
334.114,2.253149836705801e-06
334.172,2.274176916337469e-06
334.23,2.2876135958865663e-06
334.289,2.2939000652103194e-06
334.347,2.293520957823646e-06
334.405,2.2870657651141215e-06
334.464,2.2751902987262647e-06
334.522,2.2585737910279607e-06
334.58,2.2379395371210825e-06
334.639,2.214001637309805e-06
334.697,2.187377956559395e-06
334.755,2.1586169823835005e-06
334.814,2.1281579862587204e-06
334.872,2.0963724813976828e-06
334.93,2.0635678226228504e-06
334.988,2.0300074846993007e-06
335.047,1.995871782010824e-06
335.105,1.9609367158375106e-06
335.163,1.925339315232657e-06
335.221,1.8892302716311072e-06
335.28,1.8528349692914837e-06
335.338,1.8163147628358268e-06
335.396,1.7797456640005715e-06
335.454,1.743187045362556e-06
335.512,1.7065742968154734e-06
335.57,1.669723908526383e-06
335.629,1.6324134495649509e-06
335.687,1.5943607192733575e-06
335.745,1.555189078551115e-06
335.803,1.5145698895011096e-06
335.861,1.4722924881047737e-06
335.919,1.428155813143927e-06
335.977,1.3821256844467272e-06
336.035,1.3373654297934026e-06
336.094,1.2938793355648648e-06
336.152,1.2516898032731285e-06
336.21,1.2107512145797754e-06
336.268,1.1709666170584375e-06
336.326,1.1322942866729319e-06
336.384,1.0947297001722192e-06
336.442,1.0582543453911028e-06
336.5,1.0228804323740224e-06
336.558,9.886742536345465e-07
336.616,9.557443770195169e-07
336.674,9.243439881638361e-07
336.732,8.947736192485274e-07
336.79,8.672727120477972e-07
336.848,8.420373054192624e-07
336.906,8.191628888918358e-07
336.964,7.799197066886171e-07
337.022,7.242789040262991e-07
337.08,6.522300229244392e-07
337.138,5.63703059914737e-07
337.195,4.587213605113182e-07
337.253,3.373765171451057e-07
337.311,1.9972699960207363e-07
337.369,4.599541880312152e-08
337.427,0.0
337.485,0.0
337.543,0.0
337.601,0.0
337.658,0.0
337.716,0.0
337.774,0.0
337.832,0.0
337.89,0.0
337.947,0.0
338.005,0.0
338.063,0.0
338.121,0.0
338.178,0.0
338.236,0.0
338.294,0.0
338.352,0.0
338.409,0.0
338.467,0.0
338.525,0.0
338.583,0.0
338.64,0.0
338.698,0.0
338.756,0.0
338.813,0.0
338.871,0.0
338.928,0.0
338.986,0.0
339.044,0.0
339.101,0.0
339.159,0.0
339.216,0.0
339.274,0.0
339.332,0.0
339.389,0.0
339.447,0.0
339.504,0.0
339.562,0.0
339.619,0.0
339.677,0.0
339.734,0.0
339.792,0.0
339.849,0.0
339.907,0.0
339.964,0.0
340.022,0.0
340.079,0.0
340.137,0.0
340.194,0.0
340.252,0.0
340.309,0.0
340.366,0.0
340.424,0.0
340.481,0.0
340.538,0.0
340.596,0.0
340.653,0.0
340.711,0.0
340.768,0.0
340.825,0.0
340.883,0.0
340.94,0.0
340.997,0.0
341.054,0.0
341.112,0.0
341.169,0.0
341.226,0.0
341.284,0.0
341.341,0.0
341.398,0.0
341.455,0.0
341.512,0.0
341.57,0.0
341.627,0.0
341.684,0.0
341.741,0.0
341.798,0.0
341.856,0.0
341.913,0.0
341.97,0.0
342.027,0.0
342.084,0.0
342.141,0.0
342.198,0.0
342.255,0.0
342.313,0.0
342.37,0.0
342.427,0.0
342.484,0.0
342.541,0.0
342.598,0.0
342.655,0.0
342.712,0.0
342.769,0.0
342.826,0.0
342.883,0.0
342.94,0.0
342.997,0.0
343.054,0.0
343.111,0.0
343.168,0.0
343.225,0.0
343.282,0.0
343.339,0.0
343.395,0.0
343.452,0.0
343.509,0.0
343.566,0.0
343.623,0.0
343.68,0.0
343.737,0.0
343.794,0.0
343.85,4.23584787332987e-08
343.907,9.275364149953992e-08
343.964,1.4164951772029156e-07
344.021,1.887829502450507e-07
344.078,2.3395638477183926e-07
344.134,2.769589517126349e-07
344.191,3.1758183931805184e-07
344.248,3.5564219648628267e-07
344.305,3.9099870908344336e-07
344.361,4.236345006748828e-07
344.418,4.534960022893303e-07
344.475,4.805001164190023e-07
344.532,5.046466716219057e-07
344.588,5.258868966367238e-07
344.645,5.441956390177776e-07
344.702,5.596375874653795e-07
344.758,5.722866523825098e-07
344.815,5.822377036002098e-07
344.872,5.896904299836305e-07
344.928,5.948590956377283e-07
344.985,5.979221615585648e-07
345.042,5.991941184553198e-07
345.098,5.989831818630578e-07
345.155,5.975846532710879e-07
345.212,5.952898389881891e-07
345.268,5.922757541847782e-07
345.325,5.886760528311745e-07
345.381,5.846205385714663e-07
345.438,5.802672675939557e-07
345.495,5.757828909619005e-07
345.551,5.713602469516709e-07
345.608,5.671541245089782e-07
345.664,5.633218441384823e-07
345.721,5.60054476831794e-07
345.777,5.574489969709027e-07
345.834,5.555499548309602e-07
345.89,5.543016085065399e-07
345.947,5.535669770066594e-07
346.003,5.532005801683231e-07
346.06,5.530412115509001e-07
346.116,5.529608608851871e-07
346.173,5.5275220411517e-07
346.229,5.521954749094475e-07
346.285,5.511012105179948e-07
346.342,5.491919928749708e-07
346.398,5.46237855737728e-07
346.455,5.420393969313241e-07
346.511,5.363724966300049e-07
346.567,5.289697423908323e-07
346.624,5.195570204892494e-07
346.68,5.078703089701274e-07
346.737,4.936671663378659e-07
346.793,4.7683713448174354e-07
346.849,4.572345193052754e-07
346.906,4.346858096723266e-07
346.962,4.09021754421149e-07
347.018,3.801092968636453e-07
347.074,3.480015856165401e-07
347.131,3.128346141319998e-07
347.187,2.747905798362572e-07
347.243,2.340530619382608e-07
347.3,1.907494511400727e-07
347.356,1.450376947206331e-07
347.412,9.716753078838574e-08
347.468,4.744340542541072e-08
347.524,0.0
347.581,0.0
347.637,0.0
347.693,0.0
347.749,0.0
347.805,0.0
347.862,0.0
347.918,0.0
347.974,0.0
348.03,0.0
348.086,0.0
348.142,0.0
348.198,0.0
348.254,0.0
348.311,0.0
348.367,0.0
348.423,0.0
348.479,0.0
348.535,0.0
348.591,0.0
348.647,0.0
348.703,0.0
348.759,0.0
348.815,0.0
348.871,0.0
348.927,0.0
348.983,0.0
349.039,0.0
349.095,0.0
349.151,0.0
349.207,0.0
349.263,0.0
349.319,0.0
349.374,0.0
349.43,0.0
349.486,0.0
349.542,0.0
349.598,0.0
349.654,0.0
349.71,0.0
349.766,0.0
349.821,0.0
349.877,5.818357754298181e-09
349.933,7.988784540665606e-08
349.989,1.5481690271213122e-07
350.045,2.3036108086036568e-07
350.1,3.06241108196969e-07
350.156,3.7868191200553637e-07
350.212,4.441621598289353e-07
350.268,5.023039053154087e-07
350.323,5.527286511620363e-07
350.379,5.951086663414792e-07
350.435,6.291263933094839e-07
350.491,6.544406514655375e-07
350.546,6.707517173340462e-07
350.602,6.810558492814706e-07
350.658,6.88370919137209e-07
350.713,6.925729824199427e-07
350.769,6.935866383762638e-07
350.825,6.913740851557978e-07
350.88,6.859094906955472e-07
350.936,6.77226438209423e-07
350.992,6.653848320649664e-07
351.047,6.706098113165872e-07
351.103,7.113423254797464e-07
351.158,7.875428256084581e-07
351.214,8.991030532129775e-07
351.27,1.0459633124149184e-06
351.325,1.2281276009928966e-06
351.381,1.445589444799134e-06
351.436,1.6983051602129534e-06
351.492,1.932244097725538e-06
351.547,2.0967208914439116e-06
351.603,2.1916165484143764e-06
351.658,2.216918566966656e-06
351.714,2.1726291406411027e-06
351.769,2.0587240376616582e-06
351.825,1.875186314980253e-06
351.88,1.6220948274847748e-06
351.936,1.3530915846006355e-06
351.991,1.0907200034021247e-06
352.047,8.352536595999119e-07
352.102,5.869266305121413e-07
352.158,3.459454978481703e-07
352.213,3.5186940184171616e-07
352.268,6.049826447259694e-07
352.324,1.1055216641626084e-06
352.379,1.8342189129381118e-06
352.434,1.336482791754329e-06
352.49,0.0
352.545,0.0
352.601,0.0
352.656,3.507872520278239e-07
352.711,6.532813777737133e-07
352.767,7.449328862313266e-07
352.822,6.224862447119247e-07
352.877,5.222850668705703e-07
352.932,4.445612926459594e-07
352.988,3.8961864790084694e-07
353.043,3.577106404314324e-07
353.098,3.203086048538513e-07
353.153,2.775652493065131e-07
353.209,2.2964454587547688e-07
353.264,1.800831818133239e-07
353.319,1.3240154862208355e-07
353.374,8.682981035404126e-08
353.43,4.345689162330927e-08
353.485,2.3371131206623697e-09
353.54,0.0
353.595,0.0
353.65,0.0
353.705,0.0
353.761,0.0
353.816,0.0
353.871,0.0
353.926,0.0
353.981,0.0
354.036,0.0
354.091,0.0
354.146,0.0
354.201,0.0
354.256,0.0
354.311,0.0
354.367,0.0
354.422,0.0
354.477,0.0
354.532,0.0
354.587,0.0
354.642,0.0
354.697,0.0
354.751,0.0
354.806,0.0
354.861,0.0
354.916,0.0
354.971,0.0
355.026,0.0
355.081,0.0
355.136,0.0
355.191,0.0
355.246,0.0
355.301,0.0
355.355,2.0521980823967794e-08
355.41,4.474031070415287e-08
355.465,6.955097723184388e-08
355.52,9.485128141831576e-08
355.575,1.2056738823791467e-07
355.63,1.4656010053522114e-07
355.684,1.7263820222730916e-07
355.739,1.9876728913930104e-07
355.794,2.2490388751819604e-07
355.849,2.509249329524821e-07
355.904,2.767825844794336e-07
355.958,3.023919713402998e-07
356.013,3.276308921691507e-07
356.068,3.5247814679049306e-07
356.123,3.768768556304694e-07
356.177,4.00647383302962e-07
356.232,4.236711285158465e-07
356.287,4.4588813769821624e-07
356.341,4.67214633403386e-07
356.396,4.876778196530617e-07
356.451,5.073641634920824e-07
356.505,5.262959566288887e-07
356.56,5.444732454752992e-07
356.615,5.618450223908689e-07
356.669,5.782774646809566e-07
356.724,5.936050637158148e-07
356.778,6.076875468036203e-07
356.833,6.203110129373638e-07
356.888,6.312038361393735e-07
356.942,6.400711286872251e-07
356.997,6.466187109463128e-07
357.051,6.506479119352459e-07
357.106,6.520887150140388e-07
357.16,6.508740382882246e-07
357.215,6.469614199428069e-07
357.269,6.40373784048592e-07
357.324,6.311563573878119e-07
357.378,6.194190841631873e-07
357.433,6.052982088686898e-07
357.487,5.888292411785775e-07
357.542,5.700676671235319e-07
357.596,5.491968510566267e-07
357.651,5.263683092936032e-07
357.705,5.017559242053668e-07
357.76,4.755297133005599e-07
357.814,4.4773216335125203e-07
357.868,4.1847276409475443e-07
357.923,3.8803610230369437e-07
357.977,3.566630189781201e-07
358.032,3.2448248302198126e-07
358.086,2.915166928765287e-07
358.14,2.5763945200480177e-07
358.195,2.227562740443005e-07
358.249,1.8699905816507083e-07
358.303,1.5052726150469746e-07
358.358,1.1349278702294709e-07
358.412,7.602166283086025e-08
358.466,3.817826588998587e-08
358.521,4.657179147499027e-11
358.575,0.0
358.629,0.0
358.683,0.0
358.738,0.0
358.792,0.0
358.846,0.0
358.9,0.0
358.954,0.0
359.009,0.0
359.063,0.0
359.117,0.0
359.171,0.0
359.225,0.0
359.28,0.0
359.334,0.0
359.388,0.0
359.442,0.0
359.496,0.0
359.55,0.0
359.604,0.0
359.658,0.0
359.712,0.0
359.766,0.0
359.82,0.0
359.875,0.0
359.929,0.0
359.983,0.0
360.037,0.0
360.091,0.0
360.145,0.0
360.199,0.0
360.253,1.6210248388001058e-08
360.306,5.5914594956579637e-08
360.36,9.767978776359159e-08
360.414,1.4140005301911596e-07
360.468,1.8712662841889944e-07
360.522,2.3444904296680778e-07
360.576,2.839083018566866e-07
360.63,3.35222505909103e-07
360.684,3.870260196577213e-07
360.738,4.3737322458349183e-07
360.792,4.839224844155544e-07
360.846,5.235314729673392e-07
360.899,5.521129791834294e-07
360.953,5.686172625397375e-07
361.007,5.734014215144025e-07
361.061,5.677863563776213e-07
361.115,5.542306837574328e-07
361.168,5.344418592268207e-07
361.222,5.078712498074913e-07
361.276,4.7305064107168515e-07
361.33,4.2893383762303515e-07
361.384,3.7741505521164776e-07
361.437,3.214664122097839e-07
361.491,2.622424407641406e-07
361.545,1.999765531938113e-07
361.599,1.3818534019184368e-07
361.652,8.411786951940086e-08
361.706,5.64213417691299e-08
361.76,7.780097476561799e-08
361.813,1.5668353738107432e-07
361.867,2.8848061813993494e-07
361.921,4.535559574019923e-07
361.974,6.201461333164276e-07
362.028,7.837072328930296e-07
362.082,9.591396717551672e-07
362.135,1.125380482455237e-06
362.189,1.243069366467597e-06
362.242,1.283647485950427e-06
362.296,1.2210706494271858e-06
362.35,1.1410713107043448e-06
362.403,1.1994806871959266e-06
362.457,1.3944812758717338e-06
362.51,1.503263518483504e-06
362.564,1.3450870880573977e-06
362.617,6.076443126434951e-07
362.671,0.0
362.724,0.0
362.778,0.0
362.831,0.0
362.885,0.0
362.938,0.0
362.998,2.819499587595974e-07
363.06,3.022216005232458e-07
363.122,3.231347528217259e-07
363.184,3.4443017424332553e-07
363.246,3.658956996088409e-07
363.308,3.875802586769144e-07
363.37,4.095917958239903e-07
363.432,4.3182947637251993e-07
363.494,4.541471961763355e-07
363.556,4.7639175284669466e-07
363.618,4.983443296484989e-07
363.68,5.200275478887349e-07
363.742,5.414816745882326e-07
363.804,5.625075292898677e-07
363.866,5.829734497857109e-07
363.928,6.028251680745291e-07
363.99,6.220239373673144e-07
364.052,6.405995583246218e-07
364.114,6.585040467779234e-07
364.176,6.754541085509129e-07
364.238,6.911980173543443e-07
364.3,7.056577975046436e-07
364.362,7.187060634690627e-07
364.424,7.30271130673955e-07
364.486,7.401956079690103e-07
364.548,7.48173342928871e-07
364.609,7.540353962966088e-07
364.671,7.577651395843989e-07
364.733,7.594756883464571e-07
364.795,7.593478556139695e-07
364.857,7.575476193918334e-07
364.919,7.541085747458931e-07
364.981,7.490582210772959e-07
365.042,7.425423544100141e-07
365.104,7.346796034587943e-07
365.166,7.256121226345354e-07
365.228,7.153721869794084e-07
365.29,7.037264867771315e-07
365.351,6.904201255814622e-07
365.413,6.753989130515268e-07
365.475,6.587194827031995e-07
365.537,6.404356702820785e-07
365.598,6.205706511670654e-07
365.66,5.989507229189126e-07
365.722,5.754226515921057e-07
365.784,5.500828321007928e-07
365.845,5.230119171414746e-07
365.907,4.941847383108698e-07
365.969,4.634990235016994e-07
366.03,4.3084380536567916e-07
366.092,3.962882404804894e-07
366.154,3.6012718346257436e-07
366.215,3.22595950726719e-07
366.277,2.8381270047895287e-07
366.339,2.4392223130285776e-07
366.4,2.0302293631928934e-07
366.462,1.613815295293507e-07
366.524,1.1934747087456263e-07
366.585,7.706343041677063e-08
366.647,3.457947234262565e-08
366.708,0.0
366.77,0.0
366.832,0.0
366.893,0.0
366.955,0.0
367.016,0.0
367.078,0.0
367.139,0.0
367.201,0.0
367.262,0.0
367.324,0.0
367.385,0.0
367.447,0.0
367.508,0.0
367.57,0.0
367.631,0.0
367.693,0.0
367.754,0.0
367.816,0.0
367.877,0.0
367.939,0.0
368.0,0.0
368.062,0.0
368.123,0.0
368.184,0.0
368.246,0.0
368.307,0.0
368.369,0.0
368.43,0.0
368.491,0.0
368.553,0.0
368.614,0.0
368.675,0.0
368.737,0.0
368.798,0.0
368.859,0.0
368.921,0.0
368.982,0.0
369.043,0.0
369.104,0.0
369.166,0.0
369.227,0.0
369.288,0.0
369.349,0.0
369.411,0.0
369.472,0.0
369.533,3.287871813841868e-09
369.594,4.6293659723892487e-08
369.656,8.793021002854996e-08
369.717,1.2794309552907568e-07
369.778,1.6615369690946018e-07
369.839,2.0241101667321634e-07
369.9,2.3655355410409681e-07
369.961,2.6856921304313127e-07
370.023,2.987204395955393e-07
370.084,3.27330213789495e-07
370.145,3.5449811510029876e-07
370.206,3.801015708731261e-07
370.267,4.038862380364438e-07
370.328,4.2550656753248397e-07
370.389,4.4471538530362305e-07
370.451,4.613456240265425e-07
370.512,4.751417898948723e-07
370.573,4.858234909076324e-07
370.634,4.931986620449609e-07
370.695,4.970606681006279e-07
370.756,5.027259456086003e-07
370.817,5.103876424557904e-07
370.878,5.201668647921366e-07
370.939,5.320605985494508e-07
371.0,5.460280750647153e-07
371.061,5.618727243537202e-07
371.122,5.795367059707696e-07
371.183,5.991693404117577e-07
371.244,5.759404241534499e-07
371.305,5.099210700915869e-07
371.366,4.0114592510762904e-07
371.427,2.497468046660031e-07
371.488,5.607450273513976e-08
371.549,0.0
371.61,0.0
371.671,0.0
371.732,0.0
371.793,0.0
371.853,0.0
371.914,2.4297840113651545e-07
371.975,6.089339617481329e-07
372.036,7.432317234561845e-07
372.097,6.460226893991209e-07
372.158,3.176199238364946e-07
372.219,2.8209296816079094e-08
372.28,0.0
372.34,0.0
372.401,0.0
372.462,0.0
372.523,0.0
372.584,0.0
372.645,0.0
372.705,0.0
372.766,0.0
372.827,0.0
372.888,0.0
372.948,0.0
373.009,0.0
373.07,0.0
373.131,0.0
373.191,0.0
373.252,0.0
373.313,0.0
373.373,0.0
373.434,0.0
373.495,0.0
373.555,0.0
373.616,0.0
373.677,0.0
373.737,0.0
373.798,0.0
373.859,0.0
373.919,0.0
373.98,0.0
374.041,0.0
374.101,0.0
374.162,0.0
374.222,0.0
374.283,0.0
374.343,0.0
374.404,0.0
374.465,0.0
374.525,0.0
374.586,0.0
374.646,0.0
374.707,0.0
374.767,0.0
374.828,0.0
374.888,1.1430874432545245e-08
374.949,1.8491867876868765e-08
375.009,1.7460679112471212e-08
375.07,8.046504071025407e-09
375.13,0.0
375.19,0.0
375.251,0.0
375.311,0.0
375.372,0.0
375.432,0.0
375.493,0.0
375.553,0.0
375.613,0.0
375.674,0.0
375.734,0.0
375.794,0.0
375.855,0.0
375.915,0.0
375.975,0.0
376.036,0.0
376.096,0.0
376.156,0.0
376.217,0.0
376.277,0.0
376.337,0.0
376.398,0.0
376.458,0.0
376.518,0.0
376.578,0.0
376.639,0.0
376.699,0.0
376.759,0.0
376.819,0.0
376.88,0.0
376.94,0.0
377.0,0.0
377.06,0.0
377.12,0.0
377.18,0.0
377.241,0.0
377.301,0.0
377.361,0.0
377.421,0.0
377.481,0.0
377.541,0.0
377.601,0.0
377.661,0.0
377.722,0.0
377.782,0.0
377.842,0.0
377.902,0.0
377.962,0.0
378.022,0.0
378.082,0.0
378.142,0.0
378.202,0.0
378.262,0.0
378.322,0.0
378.382,0.0
378.442,0.0
378.502,0.0
378.562,0.0
378.622,0.0
378.682,0.0
378.742,0.0
378.802,0.0
378.862,0.0
378.921,0.0
378.981,0.0
379.041,0.0
379.101,0.0
379.161,0.0
379.221,0.0
379.281,0.0
379.341,0.0
379.401,0.0
379.46,0.0
379.52,0.0
379.58,0.0
379.64,0.0
379.7,4.837370203623319e-08
379.759,1.055956457868615e-07
379.819,1.5739971459280378e-07
379.879,2.0376995270817377e-07
379.939,2.4351255226034895e-07
379.999,2.746239295469958e-07
380.058,2.946975644544352e-07
380.118,3.020186777446643e-07
380.178,2.966242582925719e-07
380.237,2.792105876216746e-07
380.297,2.519623790665002e-07
380.357,2.1906991242759005e-07
380.417,1.8368187864001404e-07
380.476,1.495088080042248e-07
380.536,1.2102613015613987e-07
380.596,1.0212503976462463e-07
380.655,9.521144234144081e-08
380.715,1.02738556932633e-07
380.775,1.276996214318435e-07
380.834,1.7059757133204166e-07
380.894,2.358589667644621e-07
380.954,3.2908267558288784e-07
381.013,4.571479462181967e-07
381.073,6.284279905126033e-07
381.132,8.456454402011458e-07
381.192,1.1142344991692016e-06
381.252,1.4373579230728789e-06
381.311,1.8147319151715987e-06
381.371,2.247534488188747e-06
381.43,2.729539368997917e-06
381.49,3.2576966447423967e-06
381.549,3.832601473699262e-06
381.609,4.469973190258639e-06
381.668,5.192341365333518e-06
381.728,6.013932531000273e-06
381.787,6.961897940114355e-06
381.847,8.038513824531883e-06
381.906,9.292990957554355e-06
381.966,1.0744447932146865e-05
382.025,1.241780005518484e-05
382.085,1.4322829833609075e-05
382.144,1.6436027528566933e-05
382.204,1.876643700253202e-05
382.263,2.1324008217686756e-05
382.323,2.428434857570437e-05
382.382,2.7630505297158128e-05
382.441,3.147819740357714e-05
382.501,3.5759687521287705e-05
382.56,4.031943605817214e-05
382.619,4.55277403917237e-05
382.679,5.175592572456758e-05
382.738,6.0116715707272356e-05
382.798,7.208382189788116e-05
382.857,8.845227096789569e-05
382.916,0.0001044073215684691
382.976,0.00010952299520385876
383.035,0.00010586786921231634
383.094,0.0001109882094571421
383.154,0.0001340288160097686
383.213,0.00017122934314212022
383.272,0.00015920326097143607
383.331,0.0001246304057477803
383.391,9.801612406147342e-05
383.45,9.023519514296566e-05
383.509,9.408121707119026e-05
383.568,0.00010093481458633001
383.628,0.0001116574084626755
383.687,0.00013486599588260792
383.746,0.000171447729293406
383.805,0.00020252969035533503
383.864,0.00019835675048625326
383.924,0.0001407029463814394
383.983,9.81572015834725e-05
384.042,7.368810341475677e-05
384.101,5.992585005762395e-05
384.16,4.944332586513245e-05
384.219,4.115795164677862e-05
384.279,3.488755350405147e-05
384.338,2.971243091943915e-05
384.397,2.5448298760029958e-05
384.456,2.1942103144333763e-05
384.515,1.8835975558662734e-05
384.574,1.609542866705978e-05
384.633,1.3684625249093968e-05
384.692,1.1554421403294504e-05
384.751,9.794821872919245e-06
384.81,8.417983194855913e-06
384.869,7.376139639705297e-06
384.929,6.59205919897865e-06
384.988,5.982204567550258e-06
385.047,5.467235012487623e-06
385.106,4.989217805349661e-06
385.165,4.5313031924701065e-06
385.224,4.064881436173439e-06
385.283,3.573562421076583e-06
385.342,3.0657837262560754e-06
385.401,2.5428641748588483e-06
385.459,2.032093656505883e-06
385.518,1.5628687289302435e-06
385.577,1.1532960115986027e-06
385.636,8.097033807087885e-07
385.695,5.360315055497485e-07
385.754,3.3433631364859614e-07
385.813,2.0248894243578327e-07
385.872,1.3669269536315082e-07
385.931,1.2158354114491277e-07
385.99,1.4506445914676607e-07
386.049,1.974659190901479e-07
386.107,2.716713136557961e-07
386.166,3.6248701599394513e-07
386.225,4.648784086623094e-07
386.284,5.700881562968828e-07
386.343,6.751869863207402e-07
386.402,7.754525093525287e-07
386.46,8.659855544426648e-07
386.519,9.425401340385463e-07
386.578,1.0020458985386009e-06
386.637,1.0419550491104135e-06
386.696,1.060037668495481e-06
386.754,1.0551525898067438e-06
386.813,1.0271138935956304e-06
386.872,9.797828153439601e-07
386.931,9.155759660335819e-07
386.989,8.367480010293108e-07
387.048,7.448346153570977e-07
387.107,6.410769121263738e-07
387.165,5.268977677560375e-07
387.224,4.056266127734784e-07
387.283,2.789512329913569e-07
387.342,1.4840798903907675e-07
387.4,1.5458204243405688e-08
387.459,0.0
387.517,0.0
387.576,0.0
387.635,0.0
387.693,0.0
387.752,0.0
387.811,0.0
387.869,0.0
387.928,0.0
387.986,0.0
388.045,0.0
388.103,0.0
388.162,0.0
388.221,0.0
388.279,0.0
388.338,0.0
388.396,0.0
388.455,0.0
388.513,0.0
388.572,0.0
388.63,0.0
388.689,0.0
388.747,0.0
388.806,0.0
388.864,0.0
388.922,0.0
388.981,0.0
389.039,0.0
389.098,0.0
389.156,0.0
389.214,0.0
389.273,0.0
389.331,0.0
389.39,0.0
389.448,0.0
389.506,0.0
389.565,0.0
389.623,0.0
389.681,0.0
389.74,0.0
389.798,0.0
389.856,0.0
389.914,0.0
389.973,0.0
390.031,0.0
390.089,0.0
390.147,0.0
390.206,0.0
390.264,0.0
390.322,0.0
390.38,0.0
390.439,0.0
390.497,0.0
390.555,0.0
390.613,0.0
390.671,0.0
390.729,0.0
390.788,0.0
390.846,0.0
390.904,0.0
390.962,0.0
391.02,0.0
391.078,0.0
391.136,0.0
391.194,0.0
391.253,0.0
391.311,0.0
391.369,0.0
391.427,0.0
391.485,0.0
391.543,0.0
391.601,0.0
391.659,0.0
391.717,0.0
391.775,0.0
391.833,0.0
391.891,0.0
391.949,0.0
392.007,0.0
392.065,0.0
392.123,0.0
392.18,0.0
392.238,0.0
392.296,0.0
392.354,0.0
392.412,0.0
392.47,0.0
392.528,0.0
392.586,0.0
392.644,0.0
392.701,0.0
392.759,0.0
392.817,0.0
392.875,0.0
392.933,0.0
392.991,0.0
393.048,0.0
393.106,0.0
393.164,0.0
393.222,0.0
393.279,0.0
393.337,0.0
393.395,0.0
393.453,0.0
393.51,0.0
393.568,0.0
393.626,0.0
393.684,0.0
393.741,0.0
393.799,0.0
393.857,0.0
393.914,0.0
393.972,0.0
394.03,0.0
394.087,0.0
394.145,0.0
394.202,0.0
394.26,0.0
394.318,0.0
394.375,0.0
394.433,0.0
394.49,0.0
394.548,0.0
394.605,0.0
394.663,0.0
394.72,0.0
394.778,0.0
394.836,0.0
394.893,0.0
394.951,0.0
395.008,3.523292012694403e-06
395.065,0.0
395.123,0.0
395.18,2.2791575009415836e-07
395.238,0.0
395.295,0.0
395.353,0.0
395.41,0.0
395.468,0.0
395.525,0.0
395.582,0.0
395.64,0.0
395.697,0.0
395.754,0.0
395.812,0.0
395.869,0.0
395.927,1.0821561907908825e-08
395.984,4.3242332509150424e-08
396.041,7.137918073658488e-08
396.098,9.534253797909408e-08
396.156,1.1488432735560203e-07
396.213,1.2945541200838873e-07
396.27,1.3848067397175681e-07
396.328,1.415886537687523e-07
396.385,1.3860799719739924e-07
396.442,1.296436389498884e-07
396.499,1.1480664904047708e-07
396.557,9.402046740523531e-08
396.614,6.714266699776955e-08
396.671,3.414160286640197e-08
396.728,0.0
396.785,0.0
396.843,0.0
396.9,0.0
396.957,0.0
397.014,0.0
397.071,0.0
397.128,0.0
397.186,0.0
397.243,0.0
397.3,0.0
397.357,0.0
397.414,0.0
397.471,0.0
397.528,0.0
397.585,0.0
397.642,0.0
397.699,0.0
397.756,0.0
397.814,0.0
397.871,0.0
397.928,0.0
397.985,0.0
398.042,0.0
398.099,0.0
398.156,8.780212560196134e-08
398.212,2.8576368537125863e-07
398.269,5.161716839580927e-07
398.326,7.809613008405884e-07
398.383,1.082588905842031e-06
398.44,1.4233820409711665e-06
398.497,1.805332256516671e-06
398.554,2.226996785059853e-06
398.611,2.6867418394981e-06
398.668,3.18274056857808e-06
398.725,3.7131818000224713e-06
398.782,4.276238818537272e-06
398.839,4.8699807728429935e-06
398.895,5.487103440767257e-06
398.952,6.118862811243469e-06
399.009,6.756206556023214e-06
399.066,7.3904321834982095e-06
399.123,8.01349859420844e-06
399.18,8.617967413050205e-06
399.236,9.193327537571931e-06
399.293,9.728022710045025e-06
399.35,1.0211082287945156e-05
399.407,1.0632193739315553e-05
399.463,1.0989741727225134e-05
399.52,1.1282141296281199e-05
399.577,1.1508021734305713e-05
399.634,1.1666380236034305e-05
399.69,1.1756462807033657e-05
399.747,1.1777798578470201e-05
399.804,1.1733360319702038e-05
399.861,1.1627101437232021e-05
399.917,1.1463273814044965e-05
399.974,1.124622413649951e-05
400.031,1.098017539836367e-05
400.087,1.0669133745674008e-05
400.144,1.0322410498375982e-05
400.201,9.950390586753952e-06
400.257,9.56272312949049e-06
400.314,9.168696596728223e-06
400.37,8.76946890357628e-06
400.427,8.366366314418093e-06
400.484,7.960843817488346e-06
400.54,7.554388861375085e-06
400.597,7.148507190484555e-06
400.653,6.74474211011189e-06
400.71,6.344737813655858e-06
400.766,5.950167627740723e-06
400.823,5.562795164972212e-06
400.879,5.184389582192798e-06
400.936,4.816650754456706e-06
400.993,4.46137939915567e-06
401.049,4.117411831956208e-06
401.105,3.78320407248758e-06
401.162,3.4576195956615117e-06
401.218,3.139630215714779e-06
401.275,2.8310005380694547e-06
401.331,2.5334357282745253e-06
401.388,2.2484682003481547e-06
401.444,1.977353826395803e-06
401.501,1.7212005326712583e-06
401.557,1.4810527103003431e-06
401.614,1.2571411103882696e-06
401.67,1.0493686467346768e-06
401.726,8.575754516076493e-07
401.783,6.81382874985203e-07
401.839,5.202985101939765e-07
401.895,3.7373702516901284e-07
401.952,2.4083605006499527e-07
402.008,1.2056572634722904e-07
402.064,1.2015400081427945e-08
402.121,0.0
402.177,0.0
402.233,0.0
402.29,0.0
402.346,0.0
402.402,0.0
402.458,0.0
402.515,0.0
402.571,0.0
402.627,0.0
402.683,0.0
402.74,0.0
402.796,0.0
402.852,0.0
402.908,0.0
402.964,0.0
403.021,0.0
403.077,0.0
403.133,0.0
403.189,0.0
403.245,0.0
403.301,0.0
403.357,0.0
403.414,0.0
403.47,6.960232818578811e-07
403.526,1.149715802389047e-06
403.582,1.1654787543877186e-06
403.638,7.433169059412079e-07
403.694,0.0
403.75,0.0
403.806,0.0
403.862,0.0
403.918,0.0
403.974,0.0
404.03,7.001672255000899e-07
404.086,1.5199928901848513e-06
404.142,0.0
404.198,0.0
404.254,0.0
404.31,3.2237631958575043e-07
404.366,2.0717584019475944e-06
404.422,1.2388387201864404e-06
404.478,4.334017761760272e-07
404.534,0.0
404.59,0.0
404.646,0.0
404.701,0.0
404.757,0.0
404.813,0.0
404.869,0.0
404.925,0.0
404.981,0.0
405.037,0.0
405.092,0.0
405.148,0.0
405.204,0.0
405.26,0.0
405.316,0.0
405.371,0.0
405.427,0.0
405.483,0.0
405.539,0.0
405.594,5.6912004720800866e-08
405.65,1.635884695650016e-07
405.706,2.8327711871030357e-07
405.761,4.1651542509687786e-07
405.817,5.639855977190455e-07
405.873,7.292236167098649e-07
405.928,9.159654366093816e-07
405.984,1.1285870957390066e-06
406.04,1.371640879986613e-06
406.095,1.6493186230681973e-06
406.151,1.9649849899629328e-06
406.207,2.317795251414073e-06
406.262,2.7064355382911756e-06
406.318,3.1292347043592793e-06
406.374,3.584228005849455e-06
406.429,4.069371479816103e-06
406.485,4.582769792413332e-06
406.54,5.122297550490592e-06
406.596,5.685575090503387e-06
406.651,6.2702890016336155e-06
406.707,6.8740817624572806e-06
406.763,7.489740480353839e-06
406.818,8.109716698791494e-06
406.874,8.722077981051101e-06
406.929,9.313372106381417e-06
406.985,9.871111711599133e-06
407.04,1.0387350717877417e-05
407.095,1.0860542140122021e-05
407.151,1.1289457264118303e-05
407.206,1.1672955196436446e-05
407.262,1.200980563833468e-05
407.317,1.2298915741567379e-05
407.373,1.2539348349414249e-05
407.428,1.2730481063463292e-05
407.484,1.2871894153811539e-05
407.539,1.2963266248642876e-05
407.594,1.3004244787026303e-05
407.65,1.2997364651135272e-05
407.705,1.2945679153199064e-05
407.76,1.2858483563930547e-05
407.816,1.2468975318215257e-05
407.871,1.1786884280044949e-05
407.926,1.3129305704013052e-05
407.982,1.6496211038010285e-05
408.037,8.006385215024248e-06
408.092,1.1350914279458463e-05
408.148,1.2648995495867136e-05
408.203,1.1901103204091096e-05
408.258,1.1421068566103548e-05
408.314,1.120924454891887e-05
408.369,1.0988594706007114e-05
408.424,1.0759770521485193e-05
408.479,1.0523644932413405e-05
408.534,1.0281165563929864e-05
408.59,1.0033108261809567e-05
408.645,9.777121009903715e-06
408.7,9.51059867562973e-06
408.755,9.231455097248988e-06
408.81,8.940677943061431e-06
408.866,8.639257454719674e-06
408.921,8.327953127667468e-06
408.976,8.007326339883857e-06
409.031,7.678107835263188e-06
409.086,7.341054916056849e-06
409.141,6.9969064852579965e-06
409.196,6.646276356693515e-06
409.252,6.2896676919486726e-06
409.307,5.927586560404955e-06
409.362,5.560769484688038e-06
409.417,5.189928436781999e-06
409.472,4.81602052985581e-06
409.527,4.440202806488479e-06
409.582,4.063853879780827e-06
409.637,3.6889013872950597e-06
409.692,3.31795925198959e-06
409.747,2.9546274274393265e-06
409.802,2.6026892581166054e-06
409.857,2.2657326142967124e-06
409.912,1.9469515130652918e-06
409.967,1.649125522507429e-06
410.022,1.374605393668868e-06
410.077,1.125031409043394e-06
410.132,9.011936387359222e-07
410.187,7.031861571828784e-07
410.242,5.302367997256056e-07
410.297,3.808694074113059e-07
410.351,2.5334189853302944e-07
410.406,1.4614418678251347e-07
410.461,5.761692935422007e-08
410.516,0.0
410.571,0.0
410.626,0.0
410.681,0.0
410.736,0.0
410.79,0.0
410.845,0.0
410.9,0.0
410.955,0.0
411.01,0.0
411.064,0.0
411.119,0.0
411.174,0.0
411.229,0.0
411.283,0.0
411.338,0.0
411.393,0.0
411.447,0.0
411.502,0.0
411.557,0.0
411.612,0.0
411.666,0.0
411.721,0.0
411.776,2.3132803758459688e-08
411.83,4.635023260646963e-08
411.885,6.85759281574582e-08
411.939,8.93462190550156e-08
411.994,1.0835213727779091e-07
412.049,1.2549267020027032e-07
412.103,1.406547555636125e-07
412.158,1.5382192578452827e-07
412.212,1.6506877722301654e-07
412.267,1.744576914838427e-07
412.322,1.822282033113164e-07
412.376,1.888146259311023e-07
412.431,1.946219536105342e-07
412.485,1.9994370823047876e-07
412.54,2.0517786236071559e-07
412.594,2.1061395658208714e-07
412.649,2.164885636141674e-07
412.703,2.229880183702403e-07
412.758,2.3009349660334183e-07
412.812,2.3783596287497324e-07
412.866,2.4623809734677655e-07
412.921,2.552636128541245e-07
412.975,2.64840994298507e-07
413.03,2.747922668409198e-07
413.084,2.849540022000049e-07
413.139,2.953538974312209e-07
413.193,3.061886068993364e-07
413.247,3.175120436430005e-07
413.302,3.2934261729269787e-07
413.356,3.417292754618461e-07
413.41,3.5462379801436223e-07
413.465,3.681813217637274e-07
413.519,3.8264245960422377e-07
413.573,3.9814725478515835e-07
413.628,4.148706828311371e-07
413.682,4.3306929710135786e-07
413.736,4.5293189769178183e-07
413.791,4.7457360862492424e-07
413.845,4.981134203030834e-07
413.899,5.234187668194476e-07
413.953,5.502350653447972e-07
414.008,5.783242394017592e-07
414.062,6.073024685605445e-07
414.116,6.367209012735307e-07
414.17,6.661928664146635e-07
414.225,6.952864543623906e-07
414.279,7.234926829917783e-07
414.333,7.505153749042507e-07
414.387,7.761785229553482e-07
414.441,8.004058374574381e-07
414.496,8.232983980903522e-07
414.55,8.447265491037246e-07
414.604,8.644720218334376e-07
414.658,8.824453120644924e-07
414.712,8.985832615145077e-07
414.766,9.129212687464371e-07
414.82,9.254715633721066e-07
414.874,9.360044597351714e-07
414.928,9.441607992772186e-07
414.982,9.49836627524425e-07
415.037,9.529930258210807e-07
415.091,9.536447097376719e-07
415.145,9.519487745173405e-07
415.199,9.477410776385558e-07
415.253,9.407360782408355e-07
415.307,9.307050585941547e-07
415.361,9.173713646982025e-07
415.415,9.0051264355051e-07
415.469,8.799945044346245e-07
415.523,8.556159156279309e-07
415.577,8.271696426953487e-07
415.631,7.947856277247963e-07
415.684,7.587718939186613e-07
415.738,7.195554869716584e-07
415.792,6.836575144006966e-07
415.846,6.516066389983446e-07
415.9,6.238594651157412e-07
415.954,6.009998042508319e-07
416.008,5.836489510988978e-07
416.062,5.722150202214083e-07
416.116,5.670207289577046e-07
416.169,5.682820796747706e-07
416.223,5.267722673889546e-07
416.277,4.429234438108371e-07
416.331,3.173088006010335e-07
416.385,1.5048197296075436e-07
416.439,0.0
416.492,0.0
416.546,0.0
416.6,0.0
416.654,0.0
416.707,0.0
416.761,0.0
416.815,3.608764920512028e-07
416.869,8.225873648890019e-07
416.922,1.0384166283884962e-06
416.976,1.0088758766776206e-06
417.03,7.344847462515039e-07
417.083,5.118963702421743e-07
417.137,3.413796154151174e-07
417.191,2.2303185563054457e-07
417.244,1.5704271155730876e-07
417.298,1.435634829639704e-07
417.352,1.8239352431314295e-07
417.405,2.731848323698503e-07
417.459,4.153536304137207e-07
417.512,5.588214686606203e-07
417.566,7.029850383487045e-07
417.62,8.472940898887141e-07
417.673,9.911160187801851e-07
417.727,1.1338274018583244e-06
417.78,1.2749829231585646e-06
417.834,1.4141089321617036e-06
417.887,1.550803167957808e-06
417.941,1.6906020700452342e-06
417.994,1.832898678957113e-06
418.048,1.9769784336859234e-06
418.101,2.1219776669849213e-06
418.155,2.266946394234635e-06
418.208,2.4110027656525047e-06
418.262,2.5533483270528594e-06
418.315,2.6932061912026217e-06
418.369,2.829787715506234e-06
418.422,2.9623320640987647e-06
418.476,3.0900392764133155e-06
418.529,3.2122933100571373e-06
418.582,3.328538423762151e-06
418.636,3.4379913782552604e-06
418.689,3.539796171584467e-06
418.743,3.6330257200258878e-06
418.796,3.455944160277912e-06
418.849,3.3334005803040515e-06
418.903,5.157803951252871e-06
418.956,6.216307547713939e-06
419.009,0.0
419.063,1.2471223251542915e-05
419.116,1.3149422790733923e-06
419.169,2.62797160444459e-06
419.222,4.513565909637657e-06
419.276,4.259498333047948e-06
419.329,3.950128081798098e-06
419.382,3.911066456218776e-06
419.435,3.861096144562158e-06
419.489,3.80029007515194e-06
419.542,3.7288724406475037e-06
419.595,3.647069489722184e-06
419.648,3.5551109062435305e-06
419.701,3.453441604753107e-06
419.755,3.342637711192528e-06
419.808,3.2235205962702284e-06
419.861,3.096993737245562e-06
419.914,2.963916986470473e-06
419.967,2.8251051824022913e-06
420.02,2.68132315343043e-06
420.073,2.5333343897763816e-06
420.127,2.3819107695338637e-06
420.18,2.227901970106253e-06
420.233,2.072030559028423e-06
420.286,1.915077397866214e-06
420.339,1.7580541371748538e-06
420.392,1.6019749122395802e-06
420.445,1.447853218069261e-06
420.498,1.2965997753315254e-06
420.551,1.1490693331007888e-06
420.604,1.0059666873032896e-06
420.657,8.680311697914554e-07
420.71,7.358954323485763e-07
420.763,6.098364203276182e-07
420.816,4.4152455153096286e-07
420.869,2.3119711243964653e-07
420.922,2.125061035614944e-08
420.975,0.0
421.028,9.264153897773912e-09
421.081,6.133168490070139e-07
421.134,1.2732295755742887e-06
421.187,1.9892111171887074e-06
421.239,3.2897372395359035e-07
421.292,0.0
421.345,0.0
421.398,0.0
421.451,1.4449579664525258e-06
421.504,8.793382785620932e-07
421.557,2.7307034001461763e-07
421.609,0.0
421.662,0.0
421.715,0.0
421.768,0.0
421.821,0.0
421.873,0.0
421.926,0.0
421.979,0.0
422.032,0.0
422.084,0.0
422.137,0.0
422.19,0.0
422.243,0.0
422.295,1.2693903762050998e-06
422.348,2.790155893999814e-06
422.401,0.0
422.453,7.834793990565271e-06
422.506,0.0
422.559,0.0
422.611,6.751275005010916e-07
422.664,4.794819040026974e-07
422.716,2.454730713373557e-07
422.769,2.713870696299798e-07
422.822,2.950258536836245e-07
422.874,3.163356588101451e-07
422.927,3.3528075985441645e-07
422.979,3.5162264251684206e-07
423.032,3.6504258676150925e-07
423.084,3.7553748476855404e-07
423.137,3.8328647593004626e-07
423.189,3.8854309087885163e-07
423.242,3.914415203862264e-07
423.294,3.919485887069927e-07
423.347,3.9005985243467733e-07
423.399,3.8602888737434103e-07
423.452,3.80159520671383e-07
423.504,3.7255446086835363e-07
423.557,3.633464581353563e-07
423.609,3.525835825570416e-07
423.662,3.4029098358054426e-07
423.714,3.268424320703724e-07
423.766,3.126699561935632e-07
423.819,2.979955245231396e-07
423.871,2.831231681761841e-07
423.923,2.6846646086648775e-07
423.976,2.5427637596511014e-07
424.028,2.40957152878485e-07
424.081,2.288741717298664e-07
424.133,2.1798094389048103e-07
424.185,2.081761083322346e-07
424.238,1.992453401800755e-07
424.29,1.9092926159800362e-07
424.342,1.8310567407432818e-07
424.394,1.7579414111782797e-07
424.447,1.6890023314543866e-07
424.499,1.621890930384027e-07
424.551,1.5546701812790368e-07
424.603,1.48522412555843e-07
424.656,1.4144784752838213e-07
424.708,1.3442415515373126e-07
424.76,1.2739620557433555e-07
424.812,1.2022740146808317e-07
424.864,1.1273329128307071e-07
424.917,1.0481914247892225e-07
424.969,9.656452138713648e-08
425.021,8.804537531192877e-08
425.073,7.911106003481989e-08
425.125,6.96150989171042e-08
425.177,5.959784171343576e-08
425.229,4.9028581809717616e-08
425.282,3.7949971638189714e-08
425.334,2.649610591734791e-08
425.386,1.4579153213907962e-08
425.438,2.1273735699534718e-09
425.49,0.0
425.542,0.0
425.594,0.0
425.646,0.0
425.698,0.0
425.75,0.0
425.802,0.0
425.854,0.0
425.906,0.0
425.958,0.0
426.01,0.0
426.062,0.0
426.114,0.0
426.166,0.0
426.218,0.0
426.27,0.0
426.321,0.0
426.373,0.0
426.425,0.0
426.477,0.0
426.529,0.0
426.581,0.0
426.633,0.0
426.684,0.0
426.736,0.0
426.788,0.0
426.84,0.0
426.892,0.0
426.943,0.0
426.995,0.0
427.047,0.0
427.099,0.0
427.15,0.0
427.202,0.0
427.254,0.0
427.306,0.0
427.357,0.0
427.409,0.0
427.461,0.0
427.512,0.0
427.564,0.0
427.616,0.0
427.667,0.0
427.719,0.0
427.77,0.0
427.822,0.0
427.874,0.0
427.925,0.0
427.977,0.0
428.028,0.0
428.08,0.0
428.131,0.0
428.183,0.0
428.234,0.0
428.286,0.0
428.337,0.0
428.389,0.0
428.44,0.0
428.492,0.0
428.543,0.0
428.595,0.0
428.646,0.0
428.697,0.0
428.749,0.0
428.8,0.0
428.852,0.0
428.903,0.0
428.954,0.0
429.006,0.0
429.057,0.0
429.108,0.0
429.16,0.0
429.211,0.0
429.262,0.0
429.314,0.0
429.365,0.0
429.416,0.0
429.467,0.0
429.519,0.0
429.57,0.0
429.621,0.0
429.672,0.0
429.724,0.0
429.775,0.0
429.826,0.0
429.877,0.0
429.928,0.0
429.98,0.0
430.031,0.0
430.082,0.0
430.133,0.0
430.184,0.0
430.235,0.0
430.286,0.0
430.337,0.0
430.388,0.0
430.439,0.0
430.49,0.0
430.542,0.0
430.593,0.0
430.644,0.0
430.695,0.0
430.746,0.0
430.797,0.0
430.848,0.0
430.898,0.0
430.949,0.0
431.0,0.0
431.051,0.0
431.102,0.0
431.153,0.0
431.204,0.0
431.255,0.0
431.306,0.0
431.357,0.0
431.408,5.384823593324593e-08
431.458,1.2446297140322481e-07
431.509,1.8962936518535406e-07
431.56,2.485603532801536e-07
431.611,3.0072257137012144e-07
431.662,3.4573196238475094e-07
431.713,3.8332313988023407e-07
431.763,4.133381178835264e-07
431.814,4.355551839124079e-07
431.865,4.4993939957006043e-07
431.916,4.5687185067241237e-07
431.966,4.5690175156781036e-07
432.017,4.5059269431627876e-07
432.068,4.384845582981503e-07
432.118,4.2085305826220666e-07
432.169,3.9795258590488725e-07
432.22,3.7034753728429776e-07
432.271,3.3862843916844003e-07
432.321,3.0329146953283914e-07
432.372,2.6484398413063247e-07
432.423,2.2370301640466775e-07
432.473,1.8038350845078175e-07
432.524,1.3577285779446287e-07
432.574,9.087146784917015e-08
432.625,4.671927038902651e-08
432.676,4.463007119038958e-09
432.726,0.0
432.777,0.0
432.827,0.0
432.878,0.0
432.928,0.0
432.979,0.0
433.029,0.0
433.08,0.0
433.13,0.0
433.181,0.0
433.231,0.0
433.282,1.6597036929057167e-08
433.332,8.336427171697308e-08
433.383,1.6130045937292247e-07
433.433,2.5020676191046483e-07
433.484,3.496881387830072e-07
433.534,4.5895721035317305e-07
433.585,5.770025352547736e-07
433.635,7.027825125273106e-07
433.685,8.353428055968453e-07
433.736,9.73976498320668e-07
433.786,1.1181017759212944e-06
433.836,1.266897709090902e-06
433.887,1.4194853964121257e-06
433.937,1.5751536076259382e-06
433.987,1.7332846143504646e-06
434.038,1.8934188641030646e-06
434.088,2.055003562419294e-06
434.138,2.217210643524992e-06
434.189,2.3790426857284455e-06
434.239,2.5393451033221074e-06
434.289,2.6970051014371016e-06
434.339,2.8510045382291064e-06
434.389,3.0002864946489245e-06
434.44,3.143800564098575e-06
434.49,3.28055557840043e-06
434.54,3.409497234594405e-06
434.59,3.5296288313194654e-06
434.64,3.640152411787777e-06
434.691,3.7402817499104513e-06
434.741,3.8292275814024e-06
434.791,3.906283907312925e-06
434.841,3.97088026561518e-06
434.891,4.022626974417114e-06
434.941,4.061378566093964e-06
434.991,4.087109857563158e-06
435.042,4.099753300205398e-06
435.092,4.099362765022535e-06
435.142,4.086268920479285e-06
435.192,4.0610403809288835e-06
435.242,4.024273800207497e-06
435.292,3.976487362623212e-06
435.342,3.918109062741789e-06
435.392,3.849415703820702e-06
435.442,3.7708040760517003e-06
435.492,3.6827823360533754e-06
435.542,3.5857100104350585e-06
435.592,3.220300457643953e-06
435.642,2.586772779997666e-06
435.692,3.848676453448069e-06
435.742,7.0065247028968095e-06
435.792,0.0
435.842,2.2266053716127137e-06
435.891,3.4627175003313e-06
435.941,2.7909073865101698e-06
435.991,2.37521701805996e-06
436.041,2.216434594489548e-06
436.091,2.0557521072988865e-06
436.141,1.8940189603355713e-06
436.191,1.73208430144254e-06
436.241,1.57066543619062e-06
436.29,1.41050275942861e-06
436.34,1.2523547591825519e-06
436.39,1.0969131993091399e-06
436.44,9.447847647168789e-07
436.49,7.964437495261618e-07
436.539,6.5222915820721e-07
436.589,5.123846653017291e-07
436.639,3.770991466874724e-07
436.689,2.4647157788682816e-07
436.738,1.2040188750070583e-07
436.788,0.0
436.838,0.0
436.887,0.0
436.937,0.0
436.987,0.0
437.036,0.0
437.086,0.0
437.136,0.0
437.185,0.0
437.235,0.0
437.285,0.0
437.334,0.0
437.384,0.0
437.433,0.0
437.483,0.0
437.532,0.0
437.582,0.0
437.631,0.0
437.681,0.0
437.73,0.0
437.78,0.0
437.829,0.0
437.879,0.0
437.928,0.0
437.978,0.0
438.027,0.0
438.077,0.0
438.126,0.0
438.176,0.0
438.225,0.0
438.274,0.0
438.324,0.0
438.373,0.0
438.422,0.0
438.472,0.0
438.521,0.0
438.57,0.0
438.62,0.0
438.669,0.0
438.718,0.0
438.768,0.0
438.817,0.0
438.866,0.0
438.915,0.0
438.965,0.0
439.014,0.0
439.063,0.0
439.112,0.0
439.162,0.0
439.211,0.0
439.26,0.0
439.309,0.0
439.358,0.0
439.407,0.0
439.456,0.0
439.506,0.0
439.555,0.0
439.604,0.0
439.653,0.0
439.702,0.0
439.751,0.0
439.8,0.0
439.849,0.0
439.898,0.0
439.947,0.0
439.996,0.0
440.045,0.0
440.094,0.0
440.143,0.0
440.192,0.0
440.241,0.0
440.29,0.0
440.339,0.0
440.388,0.0
440.437,0.0
440.486,0.0
440.535,0.0
440.583,0.0
440.632,0.0
440.681,6.158900527496905e-07
440.73,1.362958285722234e-06
440.779,2.132937867596492e-06
440.828,7.348767489052725e-07
440.876,0.0
440.925,0.0
440.974,8.09322355344272e-07
441.023,2.3740171733060127e-06
441.072,1.8863349005285958e-06
441.12,1.3674264213663837e-06
441.169,8.167700090673e-07
441.218,5.990478619260774e-07
441.267,7.13906855732249e-07
441.315,8.239230533659433e-07
441.364,9.286215185595203e-07
441.413,9.83895832769892e-07
441.461,9.895764125557813e-07
441.51,9.857857201087572e-07
441.559,9.721428475495193e-07
441.607,9.483127764505757e-07
441.656,9.140815924972099e-07
441.705,8.693914502453445e-07
441.753,8.1435820138096e-07
441.802,7.493028442669375e-07
441.85,6.746032864491667e-07
441.899,5.907666093811275e-07
441.948,4.984379753117977e-07
441.996,3.982793918877698e-07
442.045,2.9097194341758166e-07
442.093,1.7724657260273322e-07
442.142,5.783489911372459e-08
442.19,0.0
442.239,0.0
442.287,0.0
442.336,0.0
442.384,0.0
442.433,0.0
442.481,0.0
442.529,0.0
442.578,0.0
442.626,0.0
442.675,0.0
442.723,0.0
442.771,0.0
442.82,0.0
442.868,0.0
442.917,0.0
442.965,0.0
443.013,0.0
443.062,0.0
443.11,0.0
443.158,0.0
443.206,0.0
443.255,0.0
443.303,0.0
443.351,0.0
443.399,0.0
443.448,0.0
443.496,0.0
443.544,0.0
443.592,0.0
443.64,0.0
443.689,0.0
443.737,0.0
443.785,0.0
443.833,0.0
443.881,0.0
443.929,0.0
443.977,0.0
444.025,0.0
444.074,0.0
444.122,0.0
444.17,0.0
444.218,0.0
444.266,0.0
444.314,1.2153696931237363e-08
444.362,1.378411474419287e-07
444.41,2.5674279761382724e-07
444.458,3.6785321936972647e-07
444.506,4.7013922442619124e-07
444.554,5.62665732169318e-07
444.602,6.445401346434734e-07
444.65,7.14914314461533e-07
444.698,7.730361936398041e-07
444.746,8.183573246025047e-07
444.793,8.505432816173251e-07
444.841,8.695171962305573e-07
444.889,8.755254113323367e-07
444.937,8.689715209329289e-07
444.985,8.504313031684635e-07
445.033,8.206992047462262e-07
445.081,7.806390448725871e-07
445.129,7.311467885870303e-07
445.176,6.726883119626886e-07
445.224,6.057108689690867e-07
445.272,5.307514496224612e-07
445.32,4.487265320288055e-07
445.368,3.6074476468084425e-07
445.415,2.6800992199893804e-07
445.463,1.7188523441194114e-07
445.511,7.361123878593702e-08
445.559,0.0
445.606,0.0
445.654,0.0
445.702,0.0
445.749,0.0
445.797,0.0
445.845,0.0
445.892,0.0
445.94,0.0
445.988,0.0
446.035,0.0
446.083,0.0
446.13,0.0
446.178,0.0
446.226,0.0
446.273,0.0
446.321,0.0
446.368,2.51011756334835e-07
446.416,5.782143993489967e-07
446.463,9.707848725957283e-07
446.511,1.4336900901200622e-06
446.558,1.9712178325714836e-06
446.606,2.5866931864142163e-06
446.653,3.281834585161046e-06
446.701,4.059738173894862e-06
446.748,5.200979015256124e-06
446.796,6.706212620928076e-06
446.843,6.215207840647741e-06
446.891,3.7234170393153803e-06
446.938,1.3366929146030972e-05
446.985,1.0989470447010508e-05
447.033,1.0732512100505952e-05
447.08,1.259054232193823e-05
447.128,1.4241657285278256e-05
447.175,1.5680487793328552e-05
447.222,1.71851760950624e-05
447.27,1.8756130120480598e-05
447.317,2.0396245643549005e-05
447.364,2.2107165072411537e-05
447.411,2.3891760441046875e-05
447.459,2.5745775946251237e-05
447.506,2.7399560219574174e-05
447.553,2.8837973069369647e-05
447.601,3.0046376844984834e-05
447.648,3.100910235583789e-05
447.695,3.217022005421522e-05
447.742,3.353885451403749e-05
447.789,3.508771000793697e-05
447.837,3.678991722946909e-05
447.884,3.841714970654094e-05
447.931,3.9951979265469405e-05
447.978,4.137868065133296e-05
448.025,4.265605239802883e-05
448.072,4.3683979428170506e-05
448.12,4.4367732350261235e-05
448.167,4.4661772352493516e-05
448.214,4.453850364714154e-05
448.261,4.378582858297995e-05
448.308,4.241607455470442e-05
448.355,4.044244938956742e-05
448.402,3.7927990760767384e-05
448.449,3.5429226406406504e-05
448.496,3.306565315706872e-05
448.543,3.0964367968560946e-05
448.59,2.9243013102664062e-05
448.637,2.7657434313693272e-05
448.684,2.6228324871935892e-05
448.731,2.4975590913919115e-05
448.778,2.388934840372418e-05
448.825,2.294946589786709e-05
448.872,2.2127573771599823e-05
448.919,2.133820723758604e-05
448.966,2.0468099618147035e-05
449.013,1.9564975432104688e-05
449.06,1.8630203953849194e-05
449.107,1.7664644037769244e-05
449.154,1.6668315623459084e-05
449.2,1.563467329442187e-05
449.247,1.4556429870482166e-05
449.294,1.3461797235435185e-05
449.341,1.242505218839381e-05
449.388,1.1438433331917013e-05
449.435,1.0499320365087358e-05
449.481,9.605227392561307e-06
449.528,8.758774384259108e-06
449.575,7.964386022398402e-06
449.622,7.227871216925505e-06
449.668,6.5561834673290675e-06
449.715,5.931074708679977e-06
449.762,5.3543163035388435e-06
449.809,4.826759528937874e-06
449.855,4.348491482159905e-06
449.902,3.918739646551066e-06
449.949,3.5363070942446553e-06
449.995,3.1990738592768897e-06
450.042,2.898353497712646e-06
450.089,2.6251505998632023e-06
450.135,2.3759881268864366e-06
450.182,2.147593707618554e-06
450.229,1.9368645500019427e-06
450.275,1.7403983789331226e-06
450.322,1.5547058383443413e-06
450.368,1.376947518627311e-06
450.415,1.2046513673848424e-06
450.462,1.0400808870968396e-06
450.508,8.817421257996569e-07
450.555,7.287412601493165e-07
450.601,5.802691445333078e-07
450.648,4.357301998213705e-07
450.694,2.950794115592683e-07
450.741,1.5852032398194407e-07
450.787,2.6940102738194512e-08
450.834,0.0
450.88,0.0
450.927,0.0
450.973,0.0
451.019,0.0
451.066,0.0
451.112,0.0
451.159,0.0
451.205,0.0
451.251,0.0
451.298,0.0
451.344,0.0
451.39,0.0
451.437,0.0
451.483,0.0
451.529,0.0
451.576,0.0
451.622,1.585481685614555e-07
451.668,1.0283233385891664e-06
451.714,6.382240583593193e-08
451.761,0.0
451.807,0.0
451.853,0.0
451.899,0.0
451.945,0.0
451.992,0.0
452.038,6.775101188362936e-07
452.084,0.0
452.13,0.0
452.176,0.0
452.222,0.0
452.268,0.0
452.315,0.0
452.361,0.0
452.407,0.0
452.453,0.0
452.499,0.0
452.545,0.0
452.591,0.0
452.637,0.0
452.683,0.0
452.729,0.0
452.775,0.0
452.821,0.0
452.867,0.0
452.913,0.0
452.959,0.0
453.005,0.0
453.051,0.0
453.097,0.0
453.142,0.0
453.188,0.0
453.234,0.0
453.28,0.0
453.18,1.189002892700511e-06
453.319,0.0
453.458,6.751224177997105e-07
453.596,2.990796810061771e-06
453.735,2.492770874207924e-06
453.873,1.0256468606253989e-06
454.012,3.5185334083358594e-07
454.15,0.0
454.289,0.0
454.427,0.0
454.566,0.0
454.704,0.0
454.843,0.0
454.981,0.0
455.12,0.0
455.258,0.0
455.397,0.0
455.535,0.0
455.674,0.0
455.812,9.906159413195889e-08
455.951,3.2166499548874997e-07
456.089,6.326795413783148e-07
456.227,1.051095045314929e-06
456.366,1.5828980232344325e-06
456.504,2.2156513933898973e-06
456.642,2.9162675886204314e-06
456.781,3.6570498639480137e-06
456.919,4.419559839680149e-06
457.057,5.192711005145856e-06
457.196,5.9693528569918375e-06
457.334,6.746356465236263e-06
457.472,7.517392736263981e-06
457.61,8.281568849893574e-06
457.749,9.036480906486128e-06
457.887,9.779678767357419e-06
458.025,1.0513078543136702e-05
458.163,1.123752244133966e-05
458.301,1.195057940936734e-05
458.44,1.2647063764916024e-05
458.578,1.3151467756370987e-05
458.716,1.3462901129559285e-05
458.854,1.500621008887374e-05
458.992,1.7781956383181012e-05
459.13,1.3241504465757869e-05
459.269,1.598051736880742e-05
459.407,1.7452532114034067e-05
459.545,1.766422034290088e-05
459.683,1.8047991268098656e-05
459.821,1.8609803478354953e-05
459.959,1.9185421534428027e-05
460.097,1.977922894406109e-05
460.235,2.0387797484941473e-05
460.373,2.100826382003057e-05
460.511,2.1628188209073496e-05
460.649,2.225362328484104e-05
460.787,2.2897107915822387e-05
460.925,2.357457067815533e-05
461.063,2.4302955405967877e-05
461.201,2.5100713790644247e-05
461.339,2.597021311381617e-05
461.477,2.691811119881708e-05
461.615,2.7957050297516782e-05
461.753,2.904621754862749e-05
461.891,3.0101841645385698e-05
462.029,3.1031753458658585e-05
462.166,3.174786646237249e-05
462.304,3.2151776945442875e-05
462.442,3.2201420133281205e-05
462.58,3.187872071120026e-05
462.718,3.107636473948742e-05
462.856,2.9763548078491357e-05
462.993,2.811624532475988e-05
463.131,2.6091511267924117e-05
463.269,2.4157220750059667e-05
463.407,2.296464608565896e-05
463.545,2.2799900797327135e-05
463.682,2.5260004017102896e-05
463.82,3.004195359401006e-05
463.958,3.4053095749037206e-05
464.095,3.657658769091506e-05
464.233,3.827974454818001e-05
464.371,3.89565816728908e-05
464.509,3.867221170361125e-05
464.646,3.761772316044799e-05
464.784,3.58245402396465e-05
464.921,3.339724418090015e-05
465.059,3.0503721623013412e-05
465.197,2.735083727087014e-05
465.334,2.4146121815323012e-05
465.472,2.1047747127411696e-05
465.609,1.8164721845894657e-05
465.747,1.5559420734853025e-05
465.885,1.3211941094180059e-05
466.022,1.1130215592736999e-05
466.16,9.307073743659234e-06
466.297,7.677909957349701e-06
466.435,6.196561303837587e-06
466.572,4.845699817834993e-06
466.71,3.6051950401932192e-06
466.847,2.4624697309065872e-06
466.985,1.4620543369244483e-06
467.122,6.040152098097335e-07
467.26,0.0
467.397,0.0
467.534,0.0
467.672,0.0
467.809,0.0
467.947,0.0
468.084,2.5136145582157567e-07
468.221,3.66818140197996e-07
468.359,2.497574375223988e-07
468.496,0.0
468.633,0.0
468.771,0.0
468.908,1.7673258742174767e-07
469.045,7.411519401045534e-07
469.183,1.3864042220440093e-06
469.32,2.09928702372983e-06
469.457,2.8662962773582597e-06
469.594,3.6705311125990328e-06
469.732,4.471436456405645e-06
469.869,5.257553104565879e-06
470.006,5.97742837568393e-06
470.143,6.587754269374805e-06
470.28,7.04904503903155e-06
470.417,7.335807206627414e-06
470.555,7.448124774458706e-06
470.692,7.382755174199624e-06
470.829,7.1432024506342505e-06
470.966,6.731140707697837e-06
471.103,6.171603117090294e-06
471.24,5.489669845350042e-06
471.377,4.755013094195819e-06
471.514,4.01613848064628e-06
471.651,3.2842266350678774e-06
471.789,2.571562715425197e-06
471.926,1.8896830896124934e-06
472.063,1.250523302480644e-06
472.2,6.657816231170875e-07
472.337,1.4313678293749728e-07
472.474,0.0
472.611,0.0
472.748,0.0
472.884,0.0
473.021,0.0
473.158,0.0
473.295,0.0
473.432,0.0
473.569,0.0
473.706,0.0
473.843,0.0
473.98,0.0
474.117,0.0
474.253,0.0
474.39,0.0
474.527,0.0
474.664,0.0
474.801,0.0
474.937,0.0
475.074,0.0
475.211,0.0
475.348,0.0
475.484,0.0
475.621,0.0
475.758,0.0
475.894,0.0
476.031,0.0
476.168,0.0
476.304,0.0
476.441,0.0
476.578,0.0
476.714,0.0
476.851,0.0
476.987,0.0
477.124,0.0
477.261,0.0
477.397,0.0
477.534,0.0
477.67,0.0
477.807,1.0639350786569542e-06
477.943,1.938176835412511e-06
478.08,2.5980501751752053e-06
478.216,3.0416020250367683e-06
478.353,3.266925955560696e-06
478.489,3.484914931371294e-06
478.626,3.694086005572792e-06
478.762,3.892987193936233e-06
478.898,4.080294296304478e-06
479.035,4.2870214476112564e-06
479.171,4.511752230188731e-06
479.308,4.75337309543674e-06
479.444,5.0107494690274345e-06
479.58,5.247291622450578e-06
479.717,5.46197564682698e-06
479.853,5.653890168184774e-06
479.989,5.822350870277595e-06
480.126,5.963113268495511e-06
480.262,6.075903319870777e-06
480.398,6.160586433560691e-06
480.535,6.2173401951957095e-06
480.671,6.250884887333517e-06
480.807,6.261908859685712e-06
480.943,6.251288200381719e-06
481.08,6.219876060797654e-06
481.216,6.1684708662034746e-06
481.352,6.097888530887293e-06
481.488,6.00903996129218e-06
481.624,5.90288701324726e-06
481.76,5.780495551068028e-06
481.897,5.643082388893812e-06
482.033,5.491982202145801e-06
482.169,5.328615184863925e-06
482.305,5.154508091484334e-06
482.441,4.971189782921414e-06
482.577,4.780086300116602e-06
482.713,4.582535039071271e-06
482.849,4.379622795339282e-06
482.985,4.172313940936307e-06
483.121,3.9615005147028655e-06
483.258,3.7480571047375056e-06
483.394,3.5328663032866067e-06
483.53,3.316901133821697e-06
483.665,3.101181544322467e-06
483.801,2.8867781541530286e-06
483.937,2.6748561527048104e-06
484.073,2.466555323499837e-06
484.209,2.2630086323593967e-06
484.345,2.0652472049954126e-06
484.481,1.874133405459795e-06
484.617,1.6870819421868657e-06
484.753,1.5047857127736128e-06
484.889,1.3278007199548376e-06
485.025,1.1566718489324906e-06
485.161,9.918434096139377e-07
485.296,8.369466597789764e-07
485.432,6.923233946684936e-07
485.568,5.583001216319559e-07
485.704,4.635336945131429e-07
485.84,4.0830814481401526e-07
485.975,3.9281562901874745e-07
486.111,4.1707331910272756e-07
486.247,4.809698070114049e-07
486.383,5.567958197546872e-07
486.518,6.44199718945172e-07
486.654,7.428589055444795e-07
486.79,6.824931729860301e-07
486.926,4.628030298099813e-07
487.061,8.353619047748965e-08
487.197,0.0
487.333,0.0
487.468,0.0
487.604,0.0
487.74,0.0
487.875,2.728883487863004e-07
488.011,7.120287685238007e-07
488.146,9.91844047020664e-07
488.282,1.1113105071652343e-06
488.417,1.0693293807674435e-06
488.553,1.0293104029334086e-06
488.688,9.901766646289731e-07
488.824,9.508636178553898e-07
488.96,9.386268716324103e-07
489.095,9.524820897763899e-07
489.23,9.91366891980163e-07
489.366,1.2333351318592099e-06
489.501,1.4982955538215076e-06
489.637,2.633727605160813e-07
489.772,0.0
489.908,6.727332164916196e-06
490.043,0.0
490.178,4.939643399717893e-07
490.314,1.8336653035494302e-06
490.449,1.6692430122960537e-06
490.585,1.4901918540750167e-06
490.72,1.4789956337165235e-06
490.855,1.4567483644410112e-06
490.991,1.4227596497242822e-06
491.126,1.3765863880651324e-06
491.261,1.346176415398923e-06
491.396,1.3314631842593337e-06
491.532,1.332821386941345e-06
491.667,1.3501168792309246e-06
491.802,1.1477049411149907e-06
491.937,8.905507516339409e-07
492.073,5.792721251036629e-07
492.208,0.0
492.343,0.0
492.478,3.57796008822333e-06
492.613,1.8208972522373058e-06
492.749,6.398780240963785e-08
492.884,0.0
493.019,0.0
493.154,0.0
493.289,0.0
493.424,0.0
493.559,0.0
493.694,0.0
493.829,0.0
493.964,0.0
494.099,0.0
494.234,0.0
494.369,0.0
494.504,0.0
494.639,0.0
494.774,0.0
494.909,0.0
495.044,0.0
495.179,0.0
495.314,2.370214915084649e-07
495.449,7.175064361272126e-07
495.584,1.3153158015135025e-06
495.719,2.0496972905504416e-06
495.854,2.934397796524401e-06
495.988,3.979157291146664e-06
496.123,5.20063485713104e-06
496.258,6.612900864158943e-06
496.393,8.231789018714444e-06
496.528,1.005726525312458e-05
496.663,1.2083214960068447e-05
496.797,1.4305287790321111e-05
496.932,1.674524596107955e-05
497.067,1.9437360476836742e-05
497.202,2.2416496397062812e-05
497.336,2.5720452109720397e-05
497.471,2.9316580142712273e-05
497.606,3.333369108216094e-05
497.74,3.7904586462880735e-05
497.875,4.311424214955076e-05
498.01,4.889748154695777e-05
498.144,5.46469177848617e-05
498.279,5.973498883106499e-05
498.414,6.3562528376043e-05
498.548,6.618444715516427e-05
498.683,6.829199907384243e-05
498.817,7.060709363794393e-05
498.952,7.408435507380488e-05
499.087,7.881543811400796e-05
499.221,8.459177884187805e-05
499.356,9.119235723636377e-05
499.49,9.797049867794175e-05
499.625,0.00010477756234407886
499.759,0.00011155457331510029
499.894,0.00011817002636529713
500.028,0.00012448510568942864
500.162,0.00013019308739071228
500.297,0.0001347036278262434
500.431,0.00013732232963716088
500.566,0.00013778236373540077
500.7,0.00013588788638785256
500.835,0.0001318865009610736
500.969,0.00012643296180037022
501.103,0.00012001561229190703
501.238,0.00011320298465575361
501.372,0.00010629897069869698
501.506,9.942221949398303e-05
501.641,9.268002549463508e-05
501.775,8.614369278508477e-05
501.909,7.998188981974112e-05
502.043,7.42897759364987e-05
502.178,6.913086340582806e-05
502.312,6.449628930868713e-05
502.446,6.0358348931448616e-05
502.58,5.6708089434527065e-05
502.715,5.347621697465867e-05
502.849,5.058956006983488e-05
502.983,4.796311935159868e-05
503.117,4.551009160644423e-05
503.251,4.319447028348022e-05
503.385,4.10210137004587e-05
503.52,3.8982477874531274e-05
503.654,3.704359724477969e-05
503.788,3.5194036901014805e-05
503.922,3.3431623146095155e-05
504.056,3.178681818647305e-05
504.19,3.0267153549829132e-05
504.324,2.881733942346098e-05
504.458,2.739333963272323e-05
504.592,2.5684861284402336e-05
504.726,2.369050804568608e-05
504.86,2.1757900762788985e-05
504.994,1.9897102281988386e-05
505.128,1.9470129411719495e-05
505.262,2.0485103827410863e-05
505.396,1.8194659686462295e-05
505.53,1.2620409835135834e-05
505.664,1.035047501071838e-05
505.798,1.1393539360769798e-05
505.932,1.1247297857143988e-05
506.066,9.906263908048414e-06
506.199,8.550270143970408e-06
506.333,7.173781727373661e-06
506.467,6.11426692702628e-06
506.601,5.371157565913221e-06
506.735,4.7058887539539025e-06
506.869,4.116668838866151e-06
507.002,3.5573377358004804e-06
507.136,3.0227659274793925e-06
507.27,2.5385117462570084e-06
507.404,2.102434697607967e-06
507.537,1.7130496631756e-06
507.671,1.359837251880137e-06
507.805,1.0280601486841703e-06
507.939,7.096145775522186e-07
508.072,4.030825647465634e-07
508.206,1.105828398147841e-07
508.34,0.0
508.473,0.0
508.607,0.0
508.74,0.0
508.874,0.0
509.008,0.0
509.141,0.0
509.275,0.0
509.408,0.0
509.542,0.0
509.675,0.0
509.809,0.0
509.942,0.0
510.076,0.0
510.209,0.0
510.343,0.0
510.476,0.0
510.61,0.0
510.743,0.0
510.877,0.0
511.01,0.0
511.143,0.0
511.277,0.0
511.41,0.0
511.543,0.0
511.677,0.0
511.81,0.0
511.943,0.0
512.077,0.0
512.21,0.0
512.343,0.0
512.476,0.0
512.61,0.0
512.743,0.0
512.876,0.0
513.009,0.0
513.142,0.0
513.276,1.0414677818726281e-07
513.409,2.5142014875964436e-07
513.542,3.832293714853532e-07
513.675,5.014179695368336e-07
513.808,6.181540416990597e-07
513.941,8.001714992893878e-07
514.074,1.0875823192580485e-06
514.207,1.5081235665954283e-06
514.34,2.1053190183298636e-06
514.474,2.904787434648342e-06
514.607,3.924550974485931e-06
514.74,5.176876364167268e-06
514.873,6.6248919328568075e-06
515.006,8.115534375689434e-06
515.139,9.484188530087193e-06
515.272,1.0652347782864955e-05
515.404,1.1649734188716123e-05
515.537,1.2465755554530956e-05
515.67,1.3409878780272572e-05
515.803,1.4560655827154378e-05
515.936,1.5730223168184612e-05
516.069,1.7708388435222996e-05
516.202,2.0035990755632575e-05
516.335,2.379065066253719e-05
516.468,3.744651409822122e-05
516.6,6.911099161656441e-05
516.733,0.0001202720230463496
516.866,0.00013000633867340543
516.999,0.0001015740471305444
517.132,0.00015357902996711992
517.264,0.00027875029378494827
517.397,0.00028538416564798536
517.53,0.00018546565562081054
517.663,0.00012519353455899324
517.795,9.680952529060468e-05
517.928,8.981141613942675e-05
518.061,9.760412266499936e-05
518.193,0.0001645398132879512
518.326,0.0003605776816135155
518.459,0.00041639496187500586
518.591,0.00028534565082809557
518.724,0.00017294167469710835
518.857,0.00012400531375093526
518.989,9.565231647896749e-05
519.122,7.880666153009542e-05
519.254,6.693169255701061e-05
519.387,5.713428541448997e-05
519.519,4.8658073301806154e-05
519.652,4.1700482201073535e-05
519.784,3.6173210388523335e-05
519.917,3.2078261301195295e-05
520.049,3.09939739558159e-05
520.182,3.090318358713997e-05
520.314,2.2181583883260727e-05
520.447,2.9227380790170117e-05
520.579,2.6462937873868382e-05
520.712,2.3273053962052002e-05
520.844,2.1295856684537595e-05
520.976,1.9069170841637488e-05
521.109,1.6884781456812857e-05
521.241,1.4946970712356593e-05
521.373,1.3307445582873317e-05
521.506,1.1980890199213474e-05
521.638,1.0813711662206922e-05
521.77,9.76480082016993e-06
521.903,8.80553393093911e-06
522.035,7.92556993139216e-06
522.167,7.107468082038506e-06
522.3,6.352992412008088e-06
522.432,5.651165366719699e-06
522.564,4.9942379190845055e-06
522.696,4.403150305222332e-06
522.828,3.891039288872886e-06
522.961,3.4565171659241606e-06
523.093,3.0838174600500815e-06
523.225,2.756372469998162e-06
523.357,2.4582185722263e-06
523.489,2.1818144453018205e-06
523.621,1.924335214029184e-06
523.753,1.6788399531364317e-06
523.885,1.4428767045828798e-06
524.018,1.2110847489728272e-06
524.15,9.82273777340629e-07
524.282,7.575185899755972e-07
524.414,5.373024402123886e-07
524.546,3.199525146649837e-07
524.678,1.0256736919418162e-07
524.81,0.0
524.942,0.0
525.074,0.0
525.206,0.0
525.338,0.0
525.469,0.0
525.601,0.0
525.733,0.0
525.865,0.0
525.997,0.0
526.129,0.0
526.261,0.0
526.393,0.0
526.524,0.0
526.656,0.0
526.788,0.0
526.92,0.0
527.052,0.0
527.183,0.0
527.315,0.0
527.447,0.0
527.578,0.0
527.71,0.0
527.842,0.0
527.973,0.0
528.105,0.0
528.237,0.0
528.368,0.0
528.5,0.0
528.632,0.0
528.763,0.0
528.895,0.0
529.026,0.0
529.158,0.0
529.289,0.0
529.421,0.0
529.552,0.0
529.684,0.0
529.815,0.0
529.947,0.0
530.078,0.0
530.21,0.0
530.341,0.0
530.472,0.0
530.604,0.0
530.735,0.0
530.867,0.0
530.998,0.0
531.129,6.277023945817003e-08
531.26,2.0927784907805844e-07
531.392,3.4865584719027544e-07
531.523,4.800301895239632e-07
531.654,6.026405217690479e-07
531.786,7.158589091734999e-07
531.917,8.19192819528615e-07
532.048,9.123333932913882e-07
532.179,9.951334635342236e-07
532.311,1.0673421858095854e-06
532.442,1.1285813285921198e-06
532.573,1.178388050698982e-06
532.704,1.2162559764459905e-06
532.835,1.2418542746979256e-06
532.966,1.2550869288260304e-06
533.097,1.2559318164077703e-06
533.229,1.2444432119744316e-06
533.36,1.2207927472250987e-06
533.491,1.185056524141201e-06
533.622,1.1374202200108592e-06
533.753,1.0781043063152572e-06
533.884,1.0071836082804887e-06
534.015,9.246345808766398e-07
534.146,8.304004383685489e-07
534.277,7.243860023166165e-07
534.408,6.066671859780095e-07
534.539,4.776111092042126e-07
534.67,3.377146866709752e-07
534.801,1.8761375745032514e-07
534.932,2.804673905643205e-08
535.063,0.0
535.194,0.0
535.324,0.0
535.455,0.0
535.586,0.0
535.717,0.0
535.848,0.0
535.979,0.0
536.109,0.0
536.24,0.0
536.371,0.0
536.502,0.0
536.632,0.0
536.763,0.0
536.894,0.0
537.025,0.0
537.155,0.0
537.286,0.0
537.417,0.0
537.547,0.0
537.678,0.0
537.808,0.0
537.939,0.0
538.07,0.0
538.2,0.0
538.331,0.0
538.461,0.0
538.592,0.0
538.722,0.0
538.853,0.0
538.983,0.0
539.114,0.0
539.244,0.0
539.375,0.0
539.505,0.0
539.636,0.0
539.766,0.0
539.896,0.0
540.027,0.0
540.157,0.0
540.287,0.0
540.418,0.0
540.548,0.0
540.678,0.0
540.809,0.0
540.939,0.0
541.069,0.0
541.2,0.0
541.33,0.0
541.46,0.0
541.59,0.0
541.72,0.0
541.851,0.0
541.981,0.0
542.111,0.0
542.241,2.895253624723362e-07
542.371,6.138843885876272e-07
542.501,9.524223647829833e-07
542.631,1.3036537106051465e-06
542.761,1.6939825336327695e-06
542.891,1.9552627246441224e-06
543.021,2.086371952084185e-06
543.151,2.0863776161029714e-06
543.281,1.9544445128179263e-06
543.411,1.9745905239882373e-06
543.542,2.1461601095761365e-06
543.671,2.468533843070233e-06
543.801,2.774656025567297e-06
543.931,2.89711685821225e-06
544.061,2.835432108543178e-06
544.191,2.5892381561120977e-06
544.321,2.4423959877776627e-06
544.451,2.3948704850304344e-06
544.581,2.4466833419947308e-06
544.711,2.597904082044844e-06
544.841,2.6823047512153595e-06
544.97,2.7280872280649814e-06
545.1,2.7358430375035224e-06
545.23,2.7063413121648586e-06
545.36,2.6405124783201676e-06
545.49,2.539433497513401e-06
545.619,2.4043461713337127e-06
545.749,2.2366659915643726e-06
545.879,2.065655147037753e-06
546.009,1.8895672311277693e-06
546.138,1.7100373055650172e-06
546.268,1.528706215902746e-06
546.398,1.347206157630917e-06
546.527,1.1671013728854145e-06
546.657,9.89914348385915e-07
546.786,8.17145797659162e-07
546.916,6.469084231265674e-07
547.046,4.806335842467706e-07
547.175,3.2014431282862055e-07
547.305,1.672696590198317e-07
547.434,2.3791506686583652e-08
547.564,0.0
547.693,0.0
547.823,0.0
547.953,0.0
548.082,0.0
548.211,0.0
548.341,0.0
548.47,0.0
548.6,0.0
548.729,0.0
548.859,0.0
548.988,0.0
549.117,0.0
549.247,0.0
549.376,0.0
549.505,0.0
549.635,5.0244500221422e-08
549.764,1.6242851232393783e-07
549.893,2.6492165798710916e-07
550.023,3.5281266059328174e-07
550.152,4.2451281190643205e-07
550.281,4.784359991849658e-07
550.41,5.130880844005227e-07
550.539,5.307942161769949e-07
550.669,5.341643336585437e-07
550.798,5.257529063679724e-07
550.927,5.082303606101215e-07
551.056,4.839205641655002e-07
551.185,4.5133459335125465e-07
551.314,4.30855086927003e-07
551.443,4.4532017262164686e-07
551.573,5.187213550144662e-07
551.702,6.738516712497006e-07
551.831,9.327262213635637e-07
551.96,1.3206121313292624e-06
552.089,1.8565630184394556e-06
552.218,2.5391044119959612e-06
552.347,3.329418858554912e-06
552.476,4.1844110299067846e-06
552.605,5.036444801449862e-06
552.734,5.818495041956101e-06
552.863,6.465401517176505e-06
552.992,6.905534223841304e-06
553.121,7.080126015513812e-06
553.249,6.9887761173025055e-06
553.378,6.653306652916056e-06
553.507,6.098453692892234e-06
553.636,5.389025053524822e-06
553.765,4.591509982265399e-06
553.894,3.7711580665059926e-06
554.023,2.99858321890003e-06
554.151,2.3348112120812695e-06
554.28,1.7810725217262447e-06
554.409,1.338601387637448e-06
554.538,1.008597459423313e-06
554.666,7.695843593479681e-07
554.795,5.984576792579422e-07
554.924,4.725043817920273e-07
555.052,3.6794815969420624e-07
555.181,2.631245517186827e-07
555.31,1.5948360711226729e-07
555.439,2.7034920482319457e-08
555.567,0.0
555.696,0.0
555.824,0.0
555.953,0.0
556.082,0.0
556.21,0.0
556.339,4.0235413311535473e-07
556.467,0.0
556.596,0.0
556.724,0.0
556.853,0.0
556.981,0.0
557.11,0.0
557.238,0.0
557.367,0.0
557.495,0.0
557.623,0.0
557.752,0.0
557.88,0.0
558.008,0.0
558.137,0.0
558.265,0.0
558.393,0.0
558.522,0.0
558.65,0.0
558.778,0.0
558.906,0.0
559.035,0.0
559.163,0.0
559.291,0.0
559.419,0.0
559.548,0.0
559.676,0.0
559.804,0.0
559.932,0.0
560.06,0.0
560.188,0.0
560.316,0.0
560.444,0.0
560.572,0.0
560.7,9.140514216562001e-08
560.828,4.0612747098690914e-07
560.956,7.341202030069547e-07
561.085,1.0759658986194387e-06
561.212,1.4324049154572112e-06
561.34,1.803985694520391e-06
561.468,2.1907815964167216e-06
561.596,2.59302850578203e-06
561.724,3.01126293698364e-06
561.852,3.4498755226305344e-06
561.98,3.911585845697625e-06
562.108,4.398557164760117e-06
562.236,4.911620805431225e-06
562.364,5.448761949937905e-06
562.492,6.009038595885507e-06
562.619,6.59222522996693e-06
562.747,7.199030124779618e-06
562.875,7.827999797213013e-06
563.003,8.478877018806037e-06
563.13,9.149474200224553e-06
563.258,9.839054192220363e-06
563.386,1.0550314441000048e-05
563.514,1.129102133748175e-05
563.641,1.2069274432573342e-05
563.769,1.2895625178727361e-05
563.897,1.3755994808697764e-05
564.024,1.4638917072276035e-05
564.152,1.553178425602102e-05
564.28,1.6427301863382378e-05
564.407,1.7337304471871164e-05
564.535,1.8266923940903306e-05
564.662,1.921671989239865e-05
564.79,2.0183774274632185e-05
564.917,2.122740721630224e-05
565.045,2.2406373256848608e-05
565.173,2.378816511362371e-05
565.3,2.542777294710041e-05
565.428,2.7335825014525102e-05
565.555,2.9498776394761844e-05
565.682,3.1905386551928555e-05
565.81,3.454154295916329e-05
565.937,3.7337109910804516e-05
566.065,4.0175300284037586e-05
566.192,4.29443160643647e-05
566.32,4.5539320909195334e-05
566.447,4.787586716523398e-05
566.574,4.9925409305545715e-05
566.702,5.1623554147820435e-05
566.829,5.2939053708339475e-05
566.956,5.38782388284683e-05
567.083,5.46651239694414e-05
567.211,5.559943160933623e-05
567.338,5.659913257676492e-05
567.465,5.778150723127574e-05
567.593,5.882411851544921e-05
567.72,5.890044387771812e-05
567.847,5.9422380523811775e-05
567.974,6.243732788776507e-05
568.101,7.075590327542223e-05
568.228,9.04443525833563e-05
568.356,9.539550038418677e-05
568.483,9.208232926002924e-05
568.61,9.403209958836698e-05
568.737,0.00011046189456948205
568.864,0.00013867770395705245
568.991,0.00013753681857648676
569.118,0.00010951787643922645
569.245,8.901618758537027e-05
569.372,7.390809987805447e-05
569.499,6.251974334272893e-05
569.626,5.4834897122546265e-05
569.753,4.964897470955131e-05
569.88,4.555065715160883e-05
570.007,4.2063397275046106e-05
570.134,3.8942678864099735e-05
570.261,3.613283469783037e-05
570.388,3.363759758417897e-05
570.515,3.1429107906851443e-05
570.642,2.946801636395623e-05
570.768,2.7647613641315283e-05
570.895,2.5937523271636232e-05
571.022,2.433182735897262e-05
571.149,2.281799541410261e-05
571.276,2.1408589053522054e-05
571.402,2.0081384271008463e-05
571.529,1.8801182751007715e-05
571.656,1.755063489404327e-05
571.783,1.6337507682291822e-05
571.909,1.5160225475100705e-05
572.036,1.4017700217710703e-05
572.163,1.2910363433438e-05
572.289,1.1831002118935355e-05
572.416,1.0789022998902102e-05
572.543,9.796530868786907e-06
572.669,8.862204163511107e-06
572.796,7.989968218642118e-06
572.922,7.183969175824196e-06
573.049,6.447521435989562e-06
573.176,5.784782808612367e-06
573.302,5.191376576848485e-06
573.429,4.66095009696225e-06
573.555,4.18686309070926e-06
573.682,3.7621453651095282e-06
573.808,3.380057244625688e-06
573.935,3.0339068772876483e-06
574.061,2.7164236645338656e-06
574.188,2.421559942573699e-06
574.314,2.146445632806139e-06
574.44,1.8867897781838911e-06
574.567,1.6386293576847727e-06
574.693,1.3985307726106293e-06
574.82,1.1633085342207207e-06
574.946,9.300125161764164e-07
575.072,6.964984903367296e-07
575.198,4.5966493406964446e-07
575.325,2.1912657817415297e-07
575.451,0.0
575.577,0.0
575.704,0.0
575.83,0.0
575.956,0.0
576.082,0.0
576.208,0.0
576.335,0.0
576.461,0.0
576.587,0.0
576.713,0.0
576.839,0.0
576.965,0.0
577.091,0.0
577.217,0.0
577.343,0.0
577.469,0.0
577.596,0.0
577.722,0.0
577.848,0.0
577.974,0.0
578.099,0.0
578.225,0.0
578.351,0.0
578.477,0.0
578.603,0.0
578.729,0.0
578.855,0.0
578.981,0.0
579.107,0.0
579.232,0.0
579.358,0.0
579.484,0.0
579.61,0.0
579.735,0.0
579.861,0.0
579.987,0.0
580.113,0.0
580.238,0.0
580.364,0.0
580.49,0.0
580.615,0.0
580.741,0.0
580.867,0.0
580.992,0.0
581.118,0.0
581.243,3.994462067735956e-08
581.369,4.919846725090819e-07
581.494,9.71974896498924e-07
581.62,1.481430997520667e-06
581.745,2.0216247393491244e-06
581.871,2.5938211185864913e-06
581.996,3.1988042451416695e-06
582.122,3.83573375466619e-06
582.247,4.502167855745858e-06
582.373,5.20033317697846e-06
582.498,5.9306064788771446e-06
582.624,6.69760211693488e-06
582.749,7.50510290419841e-06
582.874,8.356993011760814e-06
583.0,9.26021460675297e-06
583.125,1.0223017912344837e-05
583.25,1.1250994231180099e-05
583.376,1.2357593902515094e-05
583.501,1.354749899289805e-05
583.626,1.4822762743516679e-05
583.751,1.618774273474564e-05
583.877,1.764909166965842e-05
584.002,1.9215079345278965e-05
584.127,2.0895574488014982e-05
584.252,2.2701024886877476e-05
584.377,2.4640381118540726e-05
584.503,2.6730917814218686e-05
584.628,2.8965497040592324e-05
584.753,3.134202986570966e-05
584.878,3.386459538215507e-05
585.003,3.6532840177324416e-05
585.128,3.934299163004191e-05
585.253,4.2302510690232015e-05
585.378,4.543652119771671e-05
585.503,4.877082576171557e-05
585.628,5.24075541908911e-05
585.753,5.6451293060424295e-05
585.878,6.0737480492286975e-05
586.003,6.538271969268276e-05
586.128,7.053976878444435e-05
586.253,7.638338532108192e-05
586.378,8.472346001316116e-05
586.503,9.573583164151117e-05
586.628,0.00010679377475753455
586.753,0.00011798353667750856
586.878,0.0001309983358409348
587.003,0.00014595400295630787
587.127,0.0001629516764180768
587.252,0.00018186053120335368
587.377,0.00020248504461436073
587.502,0.00022663750417637485
587.627,0.0002549639470428244
587.751,0.00027979321395598723
587.876,0.00031777845349228415
588.001,0.00036105203741737876
588.125,0.0004112860487881105
588.25,0.0004749174869092982
588.375,0.0005586858743830182
588.499,0.0006717725967951783
588.624,0.000825460142336413
588.749,0.0010257593126313425
588.873,0.0012717886604631484
588.998,0.0015272872256273055
589.122,0.0016021148542676852
589.247,0.0014677787727697294
589.372,0.001314876186926445
589.496,0.0013430167758835666
589.621,0.001467348305619172
589.745,0.0013926813188398415
589.87,0.001149388801601977
589.994,0.0009121579927096424
590.118,0.0007555149560557224
590.243,0.0006455186032332865
590.367,0.0005503063118344329
590.492,0.00047610845598101
590.616,0.00041901975727674844
590.74,0.00037010314202234337
590.865,0.00032847780686892
590.989,0.00030235600714405845
591.114,0.0002725503166130371
591.238,0.00024665094619608866
591.362,0.00022683201732449535
591.486,0.00021067173066784462
591.611,0.0001949920141789833
591.735,0.00017948369495491005
591.859,0.0001652525632175779
591.983,0.0001522024632670776
592.107,0.00013878187090602073
592.232,0.0001250092913026425
592.356,0.00011969939034493172
592.48,0.00010732329481231344
592.604,9.700614035261867e-05
592.728,8.878143462788497e-05
592.852,8.12176053404898e-05
592.976,7.433877739084548e-05
593.1,6.828155623804019e-05
593.224,6.294430577079823e-05
593.349,5.820985847877953e-05
593.473,5.398898680686884e-05
593.597,5.020243191089544e-05
593.721,4.6781647062808145e-05
593.844,4.366258272363045e-05
593.968,4.0786061776770066e-05
594.092,3.811225436771698e-05
594.216,3.561745922898185e-05
594.34,3.329027622580858e-05
594.464,3.110441080701113e-05
594.588,2.9043812633426106e-05
594.712,2.7099448151182352e-05
594.836,2.5261916887800592e-05
594.959,2.3524361485661178e-05
595.083,2.188245834805444e-05
595.207,2.0333078222390574e-05
595.331,1.887311753039972e-05
595.455,1.749807217834699e-05
595.578,1.6196688446571722e-05
595.702,1.4961724436063596e-05
595.826,1.3791643629636212e-05
595.949,1.2683395254891757e-05
596.073,1.1633658443216917e-05
596.197,1.0638326532793335e-05
596.32,9.691612358157965e-06
596.444,8.791942486617378e-06
596.568,7.936740312454236e-06
596.691,7.121647162949813e-06
596.815,6.347018051172418e-06
596.938,5.611562943911988e-06
597.062,4.912637877820283e-06
597.186,4.2478214171626594e-06
597.309,3.6153754961535707e-06
597.433,3.014204105349145e-06
597.556,2.446195094363415e-06
597.68,1.911252718629572e-06
597.803,1.4065376949772532e-06
597.926,9.316053554061716e-07
598.05,4.862738428494088e-07
598.173,7.022718645923225e-08
598.297,0.0
598.42,0.0
598.543,0.0
598.667,0.0
598.79,0.0
598.913,0.0
599.037,0.0
599.16,0.0
599.283,0.0
599.406,0.0
599.53,0.0
599.653,0.0
599.776,0.0
599.899,0.0
600.022,0.0
600.145,0.0
600.269,0.0
600.392,0.0
600.515,0.0
600.638,0.0
600.761,0.0
600.884,0.0
601.007,0.0
601.13,0.0
601.253,0.0
601.376,0.0
601.499,0.0
601.622,0.0
601.745,0.0
601.868,0.0
601.991,0.0
602.113,0.0
602.236,0.0
602.359,0.0
602.482,0.0
602.605,0.0
602.728,0.0
602.85,0.0
602.973,0.0
603.096,0.0
603.219,0.0
603.341,0.0
603.464,0.0
603.587,0.0
603.709,0.0
603.832,0.0
603.955,0.0
604.077,0.0
604.2,0.0
604.323,0.0
604.445,0.0
604.568,0.0
604.69,0.0
604.813,0.0
604.935,0.0
605.058,0.0
605.18,0.0
605.303,0.0
605.425,0.0
605.547,0.0
605.67,0.0
605.792,0.0
605.915,0.0
606.037,0.0
606.159,0.0
606.282,0.0
606.404,0.0
606.526,0.0
606.648,5.294876728590753e-07
606.771,0.0
606.893,6.110092430722062e-07
607.015,0.0
607.137,0.0
607.26,0.0
607.382,0.0
607.504,0.0
607.626,0.0
607.748,0.0
607.87,0.0
607.992,0.0
608.114,0.0
608.237,0.0
608.359,0.0
608.481,0.0
608.603,0.0
608.725,0.0
608.847,0.0
608.969,0.0
609.09,0.0
609.212,0.0
609.334,0.0
609.456,0.0
609.578,0.0
609.7,0.0
609.822,0.0
609.944,0.0
610.065,0.0
610.187,0.0
610.309,0.0
610.431,0.0
610.552,0.0
610.674,0.0
610.796,0.0
610.918,0.0
611.039,0.0
611.161,0.0
611.282,0.0
611.404,0.0
611.526,0.0
611.647,0.0
611.769,0.0
611.89,0.0
612.012,0.0
612.133,0.0
612.255,0.0
612.377,0.0
612.498,0.0
612.619,0.0
612.741,0.0
612.862,0.0
612.984,0.0
613.105,0.0
613.226,0.0
613.348,0.0
613.469,0.0
613.59,0.0
613.712,0.0
613.833,0.0
613.954,0.0
614.076,0.0
614.197,0.0
614.318,3.2005339357370546e-07
614.439,6.995353678970345e-07
614.56,9.999473773119027e-07
614.682,1.1212599655314438e-06
614.803,1.216884719350756e-06
614.924,1.9713944955205466e-06
615.045,3.8777562118311045e-06
615.166,7.269437348528659e-06
615.287,1.3338317840912579e-05
615.408,2.0678841431250896e-05
615.529,2.281572690165906e-05
615.65,1.788152442887967e-05
615.771,1.3452992158607834e-05
615.892,1.6837615792582055e-05
616.013,2.8320004788692642e-05
616.134,4.37127679104895e-05
616.255,3.822713787099051e-05
616.376,2.6209426148584075e-05
616.497,1.8327733263449328e-05
616.618,1.3981260861101136e-05
616.739,1.1243175484050895e-05
616.86,9.77605044490366e-06
616.981,8.796899609076977e-06
617.102,7.859882941282335e-06
617.222,6.974895560172999e-06
617.343,6.214757385456079e-06
617.464,5.572199116674726e-06
617.585,5.044368242066564e-06
617.705,4.5883095232997765e-06
617.826,4.173839357924403e-06
617.947,3.8223683099481375e-06
618.068,3.5384481971835907e-06
618.188,3.3044447343182734e-06
618.309,3.1136579672877236e-06
618.43,2.9555879001435398e-06
618.55,2.8202240997096213e-06
618.671,2.6997928839322297e-06
618.791,2.5833187240123307e-06
618.912,2.4464354527342385e-06
619.033,2.2821533100890085e-06
619.153,2.096342642013658e-06
619.274,1.8826541613936268e-06
619.394,1.6470629930205297e-06
619.515,1.4011385387053028e-06
619.635,1.1542226294511485e-06
619.756,9.11881301201879e-07
619.876,6.797872016896629e-07
619.996,4.6415471990354826e-07
620.117,2.7346016136072017e-07
620.237,1.0862616317799969e-07
620.358,0.0
620.478,0.0
620.598,0.0
620.719,0.0
620.839,0.0
620.959,0.0
621.079,0.0
621.2,0.0
621.32,0.0
621.44,0.0
621.56,0.0
621.681,0.0
621.801,0.0
621.921,0.0
622.041,0.0
622.161,0.0
622.281,0.0
622.401,0.0
622.521,0.0
622.641,0.0
622.761,0.0
622.882,0.0
623.002,0.0
623.121,0.0
623.241,0.0
623.361,0.0
623.481,0.0
623.601,0.0
623.721,0.0
623.841,0.0
623.961,0.0
624.081,0.0
624.201,0.0
624.32,0.0
624.44,0.0
624.56,0.0
624.68,0.0
624.799,0.0
624.919,0.0
625.039,0.0
625.159,0.0
625.278,0.0
625.398,0.0
625.518,0.0
625.637,0.0
625.757,0.0
625.876,0.0
625.996,0.0
626.115,0.0
626.235,0.0
626.354,0.0
626.474,0.0
626.594,0.0
626.713,0.0
626.832,0.0
626.952,0.0
627.071,0.0
627.191,0.0
627.31,0.0
627.429,0.0
627.549,0.0
627.668,0.0
627.787,0.0
627.907,0.0
628.026,0.0
628.145,0.0
628.264,0.0
628.384,0.0
628.503,0.0
628.622,0.0
628.741,0.0
628.86,0.0
628.98,0.0
629.099,0.0
629.218,0.0
629.337,0.0
629.456,3.6965571820788274e-08
629.575,8.105369691027702e-08
629.694,1.236957983686189e-07
629.813,1.647949339437484e-07
629.932,2.0427895172349423e-07
630.051,2.420853866556169e-07
630.17,2.7808371725855463e-07
630.289,3.122283466415889e-07
630.408,3.444548686782411e-07
630.527,3.74611076431344e-07
630.646,4.0252868236660076e-07
630.764,4.279013248749234e-07
630.883,4.503911764199625e-07
631.002,4.6972829634710184e-07
631.121,4.856605391952875e-07
631.24,4.979035875793655e-07
631.359,5.062424045743483e-07
631.477,5.105398672992806e-07
631.596,5.107203729563479e-07
631.715,5.069459458459931e-07
631.834,4.994600296858383e-07
631.952,4.885057490475051e-07
632.071,4.7435679643942576e-07
632.19,4.5721528148624905e-07
632.308,4.3725973551433395e-07
632.427,4.1467625352266715e-07
632.546,3.8966174373097395e-07
632.664,3.623331965715555e-07
632.783,3.327880826542205e-07
632.901,3.011488942495403e-07
633.02,2.675085677924054e-07
633.138,2.3208787537727782e-07
633.257,1.951307972890763e-07
633.375,1.5682227020948885e-07
633.494,1.1733387713396481e-07
633.612,7.674790319220496e-08
633.731,3.5084566772536803e-08
633.849,0.0
633.968,0.0
634.086,0.0
634.204,0.0
634.323,0.0
634.441,0.0
634.559,0.0
634.678,0.0
634.796,0.0
634.914,0.0
635.032,0.0
635.151,0.0
635.269,0.0
635.387,0.0
635.505,0.0
635.623,0.0
635.742,0.0
635.86,0.0
635.978,0.0
636.096,0.0
636.214,0.0
636.332,0.0
636.45,0.0
636.568,0.0
636.686,0.0
636.804,0.0
636.922,0.0
637.04,0.0
637.158,0.0
637.276,0.0
637.394,0.0
637.512,0.0
637.629,0.0
637.747,0.0
637.865,0.0
637.983,0.0
638.101,0.0
638.218,0.0
638.336,0.0
638.454,0.0
638.572,0.0
638.689,0.0
638.807,0.0
638.925,0.0
639.042,0.0
639.16,0.0
639.278,0.0
639.395,0.0
639.513,0.0
639.63,0.0
639.748,0.0
639.865,0.0
639.983,0.0
640.1,0.0
640.218,0.0
640.335,0.0
640.453,0.0
640.57,0.0
640.688,0.0
640.805,0.0
640.922,0.0
641.04,0.0
641.157,0.0
641.274,0.0
641.391,0.0
641.509,0.0
641.626,0.0
641.743,0.0
641.86,0.0
641.978,0.0
642.095,0.0
642.212,0.0
642.329,0.0
642.446,0.0
642.563,0.0
642.681,0.0
642.798,0.0
642.915,0.0
643.032,0.0
643.149,0.0
643.266,0.0
643.383,0.0
643.5,0.0
643.617,0.0
643.734,0.0
643.85,0.0
643.967,0.0
644.084,0.0
644.201,0.0
644.318,0.0
644.435,0.0
644.552,0.0
644.668,0.0
644.785,0.0
644.902,0.0
645.019,0.0
645.135,0.0
645.252,0.0
645.369,0.0
645.485,0.0
645.602,0.0
645.719,0.0
645.835,0.0
645.952,0.0
646.068,0.0
646.185,0.0
646.302,0.0
646.418,0.0
646.535,0.0
646.651,0.0
646.768,0.0
646.884,0.0
647.0,0.0
647.117,0.0
647.233,0.0
647.35,0.0
647.466,0.0
647.582,0.0
647.699,0.0
647.815,0.0
647.931,0.0
648.047,0.0
648.164,0.0
648.28,0.0
648.396,0.0
648.512,0.0
648.629,0.0
648.745,0.0
648.861,0.0
648.977,0.0
649.093,0.0
649.209,0.0
649.325,0.0
649.441,0.0
649.557,0.0
649.673,0.0
649.789,0.0
649.905,0.0
650.021,0.0
650.137,0.0
650.253,0.0
650.369,0.0
650.485,0.0
650.601,0.0
650.717,0.0
650.833,0.0
650.948,0.0
651.064,0.0
651.18,0.0
651.296,0.0
651.411,0.0
651.527,1.1016166704079034e-08
651.643,1.975414042524726e-07
651.759,4.153214097632039e-07
651.874,6.67166034867422e-07
651.99,9.55535978018534e-07
652.105,1.2830492376027908e-06
652.221,1.6569588960255998e-06
652.337,2.0885227734199343e-06
652.452,2.5884929136064945e-06
652.568,3.1632963831906146e-06
652.683,3.818643937668207e-06
652.799,4.56337035568144e-06
652.914,5.4067712219869655e-06
653.03,6.357403947056291e-06
653.145,7.421870455400294e-06
653.261,8.604107352524938e-06
653.376,9.905775869991595e-06
653.492,1.1327276006201242e-05
653.607,1.2871352055289207e-05
653.722,1.45470652868244e-05
653.838,1.6369652759816508e-05
653.953,1.83581464229034e-05
654.068,2.0507470228859406e-05
654.184,2.2800744921182886e-05
654.299,2.52234975493301e-05
654.414,2.77796805049364e-05
654.53,3.0471153136450867e-05
654.645,3.326616546319232e-05
654.76,3.6142116725873786e-05
654.875,3.9080337593597905e-05
654.99,4.212115021691954e-05
655.106,4.5344043188900323e-05
655.221,4.882556934867365e-05
655.336,5.263639656872513e-05
655.451,5.682012102562868e-05
655.566,6.151805321270737e-05
655.681,6.685628300831443e-05
655.796,7.29509526633846e-05
655.911,7.97553973618861e-05
656.026,8.671493159771612e-05
656.141,9.311741790920245e-05
656.256,9.793122205013077e-05
656.371,0.00010034929265983512
656.486,0.00010039748836806884
656.601,9.831814686959872e-05
656.716,9.495677141485137e-05
656.831,9.112201766560756e-05
656.946,8.702852079855723e-05
657.06,8.29183701857351e-05
657.175,7.877260494113391e-05
657.29,7.457037996987695e-05
657.405,7.047590424201462e-05
657.52,6.657832649595692e-05
657.634,6.28910879326114e-05
657.749,5.938566081542076e-05
657.864,5.605791157471975e-05
657.979,5.289117522968537e-05
658.093,4.990528715994791e-05
658.208,4.711570471650806e-05
658.323,4.450134574521951e-05
658.437,4.20396120367556e-05
658.552,3.972293301602697e-05
658.666,3.755326339839607e-05
658.781,3.55185048533031e-05
658.895,3.360366902097415e-05
659.01,3.178772522824741e-05
659.125,3.005102001082104e-05
659.239,2.8375168011435397e-05
659.353,2.6746193598217645e-05
659.468,2.5154659638857032e-05
659.582,2.359469006313861e-05
659.697,2.2061507942240153e-05
659.811,2.055253415194927e-05
659.926,1.9066383475676618e-05
660.04,1.7603888000535223e-05
660.154,1.6167731246501762e-05
660.269,1.4768080230810017e-05
660.383,1.3414448428547195e-05
660.497,1.211419256499614e-05
660.612,1.0878018921291012e-05
660.726,9.715122062984365e-06
660.84,8.632499729342962e-06
660.954,7.6340173020585e-06
661.068,6.723208702547108e-06
661.183,5.900355497617273e-06
661.297,5.162672895339839e-06
661.411,4.504896768962231e-06
661.525,3.920496252237948e-06
661.639,3.402329981588755e-06
661.753,2.9433520473866166e-06
661.867,2.536754474702137e-06
661.981,2.1763010072476883e-06
662.095,1.853532376238423e-06
662.209,1.5611106874318927e-06
662.323,1.2936723251707532e-06
662.437,1.046825767729813e-06
662.551,8.171663061059971e-07
662.665,6.020781281438808e-07
662.779,3.997200122432962e-07
662.893,2.088695313000891e-07
663.007,2.87089840947417e-08
663.121,0.0
663.235,0.0
663.349,0.0
663.462,0.0
663.576,0.0
663.69,0.0
663.804,0.0
663.917,0.0
664.031,0.0
664.145,0.0
664.258,0.0
664.372,0.0
664.486,0.0
664.599,0.0
664.713,0.0
664.827,0.0
664.94,0.0
665.054,0.0
665.167,0.0
665.281,0.0
665.394,0.0
665.508,0.0
665.621,0.0
665.735,0.0
665.848,0.0
665.961,0.0
666.075,0.0
666.188,0.0
666.301,0.0
666.415,0.0
666.528,0.0
666.641,0.0
666.755,0.0
666.868,0.0
666.981,0.0
667.094,0.0
667.207,0.0
667.321,0.0
667.434,0.0
667.547,0.0
667.66,0.0
667.773,0.0
667.886,0.0
667.999,0.0
668.112,0.0
668.225,0.0
668.338,0.0
668.451,0.0
668.564,0.0
668.677,0.0
668.79,0.0
668.903,0.0
669.016,0.0
669.129,0.0
669.242,0.0
669.354,0.0
669.467,0.0
669.58,0.0
669.693,0.0
669.806,0.0
669.918,0.0
670.031,0.0
670.144,0.0
670.256,0.0
670.369,0.0
670.482,0.0
670.594,0.0
670.707,0.0
670.82,0.0
670.932,0.0
671.045,0.0
671.157,0.0
671.27,0.0
671.382,0.0
671.495,0.0
671.607,0.0
671.72,0.0
671.832,0.0
671.944,0.0
672.057,0.0
672.169,0.0
672.281,0.0
672.394,0.0
672.506,0.0
672.618,0.0
672.731,0.0
672.843,0.0
672.955,0.0
673.067,0.0
673.18,0.0
673.292,0.0
673.404,0.0
673.516,0.0
673.628,0.0
673.74,0.0
673.852,0.0
673.964,0.0
674.076,0.0
674.188,0.0
674.3,0.0
674.412,0.0
674.524,0.0
674.636,0.0
674.748,0.0
674.86,0.0
674.972,0.0
675.084,0.0
675.196,0.0
675.307,0.0
675.419,0.0
675.531,0.0
675.643,0.0
675.755,0.0
675.866,0.0
675.978,0.0
676.09,0.0
676.201,0.0
676.313,0.0
676.425,0.0
676.536,0.0
676.648,0.0
676.759,0.0
676.871,0.0
676.983,0.0
677.094,0.0
677.206,0.0
677.317,0.0
677.429,0.0
677.54,0.0
677.651,0.0
677.763,0.0
677.874,0.0
677.986,0.0
678.097,0.0
678.208,0.0
678.32,0.0
678.431,0.0
678.542,0.0
678.653,0.0
678.765,0.0
678.876,0.0
678.987,0.0
679.098,0.0
679.209,0.0
679.32,0.0
679.432,0.0
679.543,0.0
679.654,0.0
679.765,0.0
679.876,0.0
679.987,0.0
680.098,0.0
680.209,0.0
680.32,0.0
680.431,0.0
680.542,0.0
680.653,0.0
680.763,0.0
680.874,0.0
680.985,0.0
681.096,0.0
681.207,0.0
681.318,0.0
681.428,0.0
681.539,0.0
681.65,0.0
681.76,0.0
681.871,0.0
681.982,0.0
682.093,0.0
682.203,0.0
682.314,0.0
682.424,0.0
682.535,0.0
682.646,0.0
682.756,0.0
682.867,0.0
682.977,0.0
683.088,0.0
683.198,0.0
683.308,0.0
683.419,0.0
683.529,0.0
683.64,0.0
683.75,0.0
683.86,0.0
683.971,0.0
684.081,0.0
684.191,0.0
684.301,0.0
684.412,0.0
684.522,0.0
684.632,0.0
684.742,0.0
684.852,0.0
684.963,0.0
685.073,0.0
685.183,0.0
685.293,0.0
685.403,0.0
685.513,0.0
685.623,0.0
685.733,0.0
685.843,0.0
685.953,0.0
686.063,0.0
686.173,0.0
686.283,0.0
686.393,0.0
686.503,0.0
686.612,0.0
686.722,0.0
686.832,0.0
686.942,0.0
687.052,0.0
687.161,2.4025789743315097e-09
687.271,5.925056543827365e-09
687.381,8.661293750971033e-09
687.491,1.0623286118570356e-08
687.6,1.171328267224781e-08
687.71,1.195887691582951e-08
687.82,1.1300075463835513e-08
687.929,9.561383524091836e-09
688.039,6.621957899029632e-09
688.148,2.334555514137175e-09
688.258,0.0
688.367,0.0
688.477,0.0
688.586,0.0
688.696,0.0
688.805,0.0
688.915,0.0
689.024,0.0
689.134,0.0
689.243,0.0
689.352,0.0
689.462,0.0
689.571,0.0
689.68,0.0
689.79,0.0
689.899,0.0
690.008,0.0
690.117,0.0
690.227,0.0
690.336,0.0
690.445,0.0
690.554,0.0
690.663,0.0
690.772,0.0
690.881,0.0
690.99,0.0
691.099,0.0
691.209,0.0
691.318,0.0
691.427,0.0
691.536,0.0
691.644,0.0
691.753,0.0
691.862,0.0
691.971,0.0
692.08,0.0
692.189,0.0
692.298,0.0
692.406,0.0
692.515,0.0
692.624,0.0
692.733,0.0
692.842,0.0
692.95,0.0
693.059,0.0
693.168,0.0
693.276,0.0
693.385,0.0
693.494,0.0
693.602,0.0
693.711,0.0
693.819,0.0
693.928,0.0
694.036,0.0
694.145,0.0
694.253,0.0
694.362,0.0
694.47,0.0
694.579,0.0
694.687,0.0
694.795,0.0
694.693,0.0
694.893,0.0
695.093,0.0
695.293,0.0
695.492,0.0
695.692,5.76396256775307e-07
695.891,1.8018986872492288e-07
696.091,0.0
696.291,0.0
696.49,0.0
696.69,7.762934715408954e-09
696.889,3.060289321989117e-07
697.089,6.12686807378116e-07
697.288,8.894379698455003e-07
697.488,1.0904506310174666e-06
697.687,1.1604400602151483e-06
697.887,1.120352437173132e-06
698.086,1.0168605428788824e-06
698.286,8.518573485497601e-07
698.485,6.766492238463219e-07
698.684,5.103313928654394e-07
698.884,3.648429852438801e-07
699.083,2.64265628718942e-07
699.282,1.9175468465690817e-07
699.482,1.3866631795982927e-07
699.681,9.181152999583509e-08
699.88,5.55788024747707e-08
700.08,5.733837673230155e-08
700.279,9.472959634366834e-08
700.478,1.6406162492159158e-07
700.677,2.407012163988073e-07
700.877,3.169340888120646e-07
701.076,3.9458966626882655e-07
701.275,4.7615873642708123e-07
701.474,5.586965411249158e-07
701.673,6.152033587985224e-07
701.872,6.421792606063879e-07
702.071,6.315877108214569e-07
702.271,5.897580156618582e-07
702.47,5.181073393564879e-07
702.669,4.1728174529202326e-07
702.868,2.9865732402558827e-07
703.067,1.6818081418141058e-07
703.266,2.678614726926259e-08
703.465,0.0
703.664,0.0
703.863,0.0
704.062,0.0
704.26,0.0
704.459,0.0
704.658,0.0
704.857,0.0
705.056,0.0
705.255,0.0
705.454,0.0
705.652,0.0
705.851,0.0
706.05,0.0
706.249,0.0
706.447,0.0
706.646,0.0
706.845,0.0
707.043,0.0
707.242,0.0
707.441,0.0
707.639,0.0
707.838,0.0
708.037,0.0
708.235,0.0
708.434,0.0
708.632,0.0
708.831,0.0
709.029,0.0
709.228,0.0
709.426,0.0
709.625,0.0
709.823,0.0
710.022,0.0
710.22,0.0
710.418,0.0
710.617,0.0
710.815,0.0
711.013,0.0
711.212,0.0
711.41,0.0
711.608,0.0
711.807,4.774681186691461e-08
712.005,1.3307601166697053e-07
712.203,2.1162991931656366e-07
712.401,2.8395925094729194e-07
712.599,3.5374987404048793e-07
712.798,4.2038752228190546e-07
712.996,4.828641710729974e-07
713.194,5.399811150427738e-07
713.392,5.911210942829128e-07
713.59,6.144824433785913e-07
713.788,6.325420262583267e-07
713.986,6.703114339865804e-07
714.184,7.511802996421775e-07
714.382,8.751872425070036e-07
714.58,1.0421433896875287e-06
714.778,1.2515435534419188e-06
714.976,1.502540085685939e-06
715.174,1.9244726420607255e-06
715.372,2.475879818980489e-06
715.57,3.110812422994844e-06
715.768,3.7641421461702167e-06
715.966,4.212081774211373e-06
716.164,4.453819733868586e-06
716.362,4.488907087080678e-06
716.56,4.3171776809223506e-06
716.758,4.069109147177458e-06
716.955,3.768369155719681e-06
717.153,3.441311548048558e-06
717.351,3.1505692601834e-06
717.549,2.896677974486439e-06
717.746,2.680193451887337e-06
717.944,2.501644064529337e-06
718.142,2.3615175050214478e-06
718.34,2.2385843900986145e-06
718.537,2.133375926395981e-06
718.735,2.0463297317507543e-06
718.933,1.9558393237750767e-06
719.13,1.8625387942715243e-06
719.328,1.7671324734080617e-06
719.525,1.670392464341294e-06
719.723,1.5730443245582513e-06
719.92,1.4783542224171045e-06
720.118,1.3832107351921687e-06
720.316,1.2840776637906342e-06
720.513,1.1777483756049838e-06
720.711,1.0650971598254763e-06
720.908,9.470326849127918e-07
721.105,8.245087032589563e-07
721.303,6.985720993075889e-07
721.5,5.702791228751752e-07
721.698,4.407700508136479e-07
721.895,3.112735770171133e-07
722.092,1.8659908700687684e-07
722.29,6.76477380082402e-08
722.487,0.0
722.684,0.0
722.882,0.0
723.079,0.0
723.276,0.0
723.473,0.0
723.671,0.0
723.868,0.0
724.065,0.0
724.262,0.0
724.459,0.0
724.656,0.0
724.854,0.0
725.051,0.0
725.248,0.0
725.445,0.0
725.642,0.0
725.839,0.0
726.036,0.0
726.233,0.0
726.43,0.0
726.627,0.0
726.824,0.0
727.021,0.0
727.218,0.0
727.414,0.0
727.611,0.0
727.808,0.0
728.005,0.0
728.202,0.0
728.399,0.0
728.595,0.0
728.792,0.0
728.989,0.0
729.186,0.0
729.382,0.0
729.579,9.917863255656746e-09
729.776,2.2838444692541524e-08
729.972,2.8339865760137076e-08
730.169,2.6107591318177107e-08
730.366,1.5984260465700458e-08
730.562,0.0
730.759,0.0
730.955,0.0
731.152,0.0
731.348,0.0
731.545,0.0
731.741,0.0
731.938,0.0
732.134,0.0
732.331,0.0
732.527,0.0
732.724,0.0
732.92,0.0
733.116,0.0
733.313,0.0
733.509,0.0
733.705,0.0
733.902,0.0
734.098,0.0
734.294,0.0
734.49,0.0
734.687,0.0
734.883,0.0
735.079,0.0
735.275,0.0
735.471,0.0
735.667,0.0
735.863,0.0
736.06,0.0
736.256,0.0
736.452,0.0
736.648,0.0
736.844,0.0
737.04,0.0
737.236,0.0
737.432,0.0
737.628,0.0
737.824,0.0
738.019,0.0
738.215,0.0
738.411,0.0
738.607,0.0
738.803,0.0
738.999,2.469599535889118e-07
739.195,7.406332123670352e-07
739.39,1.259340935287744e-06
739.586,1.7901525241534288e-06
739.782,2.3024136279283906e-06
739.978,2.7619160573598144e-06
740.173,3.1434966571278225e-06
740.369,3.441244459890989e-06
740.565,3.7069163117914058e-06
740.76,3.996692630831497e-06
740.956,4.386358987967061e-06
741.152,4.926824414753861e-06
741.347,5.6252221281555455e-06
741.543,6.6775551977451165e-06
741.738,8.396097412304969e-06
741.934,1.090916032172153e-05
742.129,1.3905662418988008e-05
742.325,1.7893781286626492e-05
742.52,2.6293542897039892e-05
742.716,2.1127376812357497e-05
742.911,2.0249990964088716e-05
743.107,1.932592922700429e-05
743.302,1.8194462656354653e-05
743.498,1.7319397329153507e-05
743.693,1.7042616325633565e-05
743.888,2.0481164237902808e-05
744.084,3.137997315455881e-05
744.279,4.9881688770825685e-05
744.474,5.321855376924037e-05
744.67,4.052429272052002e-05
744.865,3.0832971446543256e-05
745.06,2.535590260454492e-05
745.255,2.312914404339807e-05
745.451,2.1408165375817535e-05
745.646,1.9665349429576144e-05
745.841,1.8693439471610035e-05
746.036,1.960941458395171e-05
746.231,2.2741084528918253e-05
746.426,2.7609943772379687e-05
746.622,3.914319718035173e-05
746.817,6.523868428337623e-05
747.012,8.548024592401691e-05
747.207,7.069470758805613e-05
747.402,5.9097873694829395e-05
747.597,5.058055850640248e-05
747.792,4.400202209099119e-05
747.987,3.9591922793664704e-05
748.182,3.677499305917343e-05
748.377,3.4253830241317975e-05
748.572,3.1704389874720216e-05
748.767,2.917802380081845e-05
748.961,2.6856485903691247e-05
749.156,2.4821902630803433e-05
749.351,2.3031913806702057e-05
749.546,2.1449163449745567e-05
749.741,2.00254163334987e-05
749.936,1.8759027345326627e-05
750.13,1.7644538476439943e-05
750.325,1.6650499547010228e-05
750.52,1.570066647327282e-05
750.715,1.479051133489086e-05
750.909,1.3899616704021892e-05
751.104,1.2998805074579611e-05
751.299,1.2088531358752835e-05
751.493,1.1164346036019644e-05
751.688,1.0227673655490998e-05
751.882,9.281215430499516e-06
752.077,8.338540513696307e-06
752.272,7.399750508425447e-06
752.466,6.473492921199274e-06
752.661,5.56941879205324e-06
752.855,4.694517378634084e-06
753.05,3.8582495767027816e-06
753.244,3.0721271684608173e-06
753.439,2.3465471406549833e-06
753.633,1.6914759708039428e-06
753.828,1.105549841767949e-06
754.022,5.878738809387857e-07
754.216,1.3931403326699517e-07
754.411,0.0
754.605,0.0
754.799,0.0
754.994,0.0
755.188,0.0
755.382,0.0
755.576,0.0
755.771,0.0
755.965,0.0
756.159,0.0
756.353,0.0
756.547,0.0
756.742,0.0
756.936,0.0
757.13,0.0
757.324,0.0
757.518,0.0
757.712,0.0
757.906,0.0
758.1,0.0
758.294,0.0
758.488,0.0
758.682,0.0
758.876,0.0
759.07,0.0
759.264,0.0
759.458,0.0
759.651,0.0
759.845,0.0
760.039,0.0
760.233,0.0
760.427,0.0
760.62,0.0
760.814,0.0
761.008,0.0
761.202,0.0
761.395,0.0
761.589,0.0
761.783,0.0
761.976,1.0065074158969391e-07
762.17,1.5364133388585568e-07
762.363,1.537337131277557e-07
762.557,1.0855290073746245e-07
762.75,4.7377589398088035e-08
762.944,0.0
763.138,0.0
763.331,0.0
763.524,0.0
763.718,0.0
763.911,0.0
764.105,0.0
764.298,0.0
764.492,0.0
764.685,0.0
764.878,0.0
765.072,0.0
765.265,0.0
765.458,0.0
765.651,0.0
765.845,0.0
766.038,0.0
766.231,7.951174953426345e-06
766.424,4.503343229965947e-05
766.617,5.135037329226661e-05
766.811,3.7571197449403205e-06
767.004,0.0
767.197,0.0
767.39,0.0
767.583,0.0
767.776,0.0
767.969,0.0
768.162,0.0
768.355,0.0
768.548,0.0
768.741,0.0
768.934,0.0
769.127,0.0
769.32,4.007821974184077e-07
769.513,3.0173769091465262e-06
769.706,1.0027950053238038e-05
769.898,4.331547144001136e-05
770.091,2.1236797950067314e-05
770.284,6.687938069352126e-06
770.477,2.2438588088520706e-06
770.67,3.1797547084208734e-06
770.862,3.9391708830843914e-06
771.055,4.287405442053605e-06
771.248,4.774903891171699e-06
771.441,5.101506835438846e-06
771.633,5.697639456957664e-06
771.826,6.562149501245986e-06
772.018,7.461375459941242e-06
772.211,8.425175673667263e-06
772.404,9.347872846567568e-06
772.596,1.0205818960888457e-05
772.789,1.1090305135002982e-05
772.981,1.2059996230508465e-05
773.174,1.3132305229172313e-05
773.366,1.4371495607541799e-05
773.559,1.578822382018492e-05
773.751,1.7388926717081847e-05
773.944,1.936128369193561e-05
774.136,2.169026557167191e-05
774.329,2.338577307812657e-05
774.521,2.5435979066792994e-05
774.713,3.449538526837104e-05
774.906,3.349746907937261e-05
775.098,3.88958154888455e-05
775.29,4.515052886797659e-05
775.483,5.1432389507815966e-05
775.675,5.935869023676031e-05
775.867,6.973147381975005e-05
776.059,8.285370910737867e-05
776.251,9.931753015659516e-05
776.444,0.00012162842652425357
776.636,0.00015621655017140625
776.828,0.00021024589435019215
777.02,0.00031559870407681144
777.212,0.0004972020377796636
777.404,0.0005776344194078368
777.596,0.000527768647793202
777.788,0.00038211199830144783
777.98,0.00027750695767366927
778.172,0.00021605122338759475
778.364,0.00017432327446907376
778.556,0.0001449519225842213
778.748,0.00012241716138475876
778.94,0.00010426291916384425
779.132,8.95838760943564e-05
779.324,7.783641100216327e-05
779.516,6.720308330094424e-05
779.708,5.7127975432392075e-05
779.9,5.421793415246036e-05
780.091,4.629174504934711e-05
780.283,4.014609738019302e-05
780.475,3.5732979810586286e-05
780.667,3.183303759660984e-05
780.859,2.837262020490755e-05
781.05,2.5380016336840413e-05
781.242,2.2728069893003857e-05
781.434,2.0339433362213064e-05
781.625,1.8172620034187155e-05
781.817,1.6195674540605074e-05
782.008,1.4377022753182515e-05
782.2,1.266229001110223e-05
782.392,1.10326406061159e-05
782.583,9.486871150001715e-06
782.775,8.048667816609488e-06
782.966,6.734868860602393e-06
783.158,5.551058644231589e-06
783.349,4.497357970405617e-06
783.541,3.5713441675248087e-06
783.732,2.786592553120574e-06
783.924,2.1433667775762363e-06
784.115,1.6280481879699638e-06
784.306,1.2135278392003517e-06
784.498,8.685406087128796e-07
784.689,5.795808974702706e-07
784.88,3.3922441605380456e-07
785.072,1.4159035643709204e-07
785.263,0.0
785.454,0.0
785.645,0.0
785.837,0.0
786.028,0.0
786.219,0.0
786.41,0.0
786.601,0.0
786.792,0.0
786.984,0.0
787.175,0.0
787.366,0.0
787.557,0.0
787.748,0.0
787.939,0.0
788.13,0.0
788.321,0.0
788.512,0.0
788.703,0.0
788.894,0.0
789.084,0.0
789.275,0.0
789.466,0.0
789.657,0.0
789.848,0.0
790.039,0.0
790.229,0.0
790.42,0.0
790.611,4.598413989030531e-07
790.801,9.555619300530012e-07
790.992,1.4611807504106699e-06
791.183,1.9718723346990524e-06
791.373,2.478691087718821e-06
791.564,3.002949437785837e-06
791.755,3.5677960077084537e-06
791.945,4.179985904339096e-06
792.136,4.844900149092352e-06
792.326,5.502470279038133e-06
792.517,6.151372857600735e-06
792.707,6.832820520337777e-06
792.898,7.632912353235525e-06
793.088,8.519673668844093e-06
793.279,9.447257612469513e-06
793.469,1.045371454673038e-05
793.66,1.1633048306247146e-05
793.85,1.340092989958175e-05
794.04,1.645308896484735e-05
794.231,2.1461980220151297e-05
794.421,2.8670747865292408e-05
794.611,3.885793841913711e-05
794.802,5.112954687741147e-05
794.992,6.013667849627891e-05
795.182,6.117476390443409e-05
795.372,5.4883524868430046e-05
795.563,4.577739763356445e-05
795.753,3.7600682176221984e-05
795.943,3.1052723519587694e-05
796.133,2.598480780445088e-05
796.323,2.2251447229625418e-05
796.513,1.9619120234248613e-05
796.703,1.7712783963936356e-05
796.893,1.612148607696609e-05
797.083,1.4779421634014605e-05
797.273,1.3549363945478323e-05
797.463,1.2387239483678905e-05
797.653,1.1321631985688248e-05
797.843,1.028352748540896e-05
798.033,9.250592496580857e-06
798.223,8.222454549218423e-06
798.413,7.229751756576161e-06
798.603,6.279341646064139e-06
798.793,5.373726074627437e-06
798.983,4.515181812270954e-06
799.172,3.687114178043837e-06
799.362,2.8935181296545247e-06
799.552,2.1344525563407803e-06
799.742,1.406170067294085e-06
799.932,6.932512096301687e-07
800.121,0.0
800.311,0.0
800.501,0.0
800.69,0.0
800.88,0.0
801.07,0.0
801.259,0.0
801.449,0.0
801.638,0.0
801.828,0.0
802.017,0.0
802.207,0.0
802.396,0.0
802.586,0.0
802.775,0.0
802.965,0.0
803.154,0.0
803.343,0.0
803.533,0.0
803.722,0.0
803.911,0.0
804.101,0.0
804.29,0.0
804.479,0.0
804.668,0.0
804.857,0.0
805.047,0.0
805.236,0.0
805.425,0.0
805.614,0.0
805.803,0.0
805.992,0.0
806.181,0.0
806.37,0.0
806.559,0.0
806.748,0.0
806.937,0.0
807.126,0.0
807.315,0.0
807.504,0.0
807.693,0.0
807.882,0.0
808.071,0.0
808.26,0.0
808.448,0.0
808.637,0.0
808.826,0.0
809.015,0.0
809.203,0.0
809.392,0.0
809.581,0.0
809.77,0.0
809.958,0.0
810.147,0.0
810.335,0.0
810.524,0.0
810.713,0.0
810.901,0.0
811.09,0.0
811.278,0.0
811.467,0.0
811.655,8.975860641442354e-08
811.844,3.772799865090974e-07
812.032,6.985231698444177e-07
812.22,1.0718154521559612e-06
812.409,1.5115009680661056e-06
812.597,2.0227409227391143e-06
812.785,2.5940511849291907e-06
812.974,3.2106714446100575e-06
813.162,3.881289896919679e-06
813.35,4.586514888944686e-06
813.539,5.311852189199986e-06
813.727,6.035099698866936e-06
813.915,6.757663190706439e-06
814.103,7.4737109846552835e-06
814.291,8.223381506082836e-06
814.479,9.042460199427323e-06
814.668,9.941906440597566e-06
814.856,1.0979183497026919e-05
815.044,1.2193575893938165e-05
815.232,1.3677659308067639e-05
815.42,1.5408105723981126e-05
815.608,1.7452052159167236e-05
815.796,1.984259805509897e-05
815.984,2.2589258411830766e-05
816.172,2.591461243747593e-05
816.36,2.9909484692155207e-05
816.548,3.48015538582207e-05
816.736,4.067700656108592e-05
816.924,4.774939801293679e-05
817.111,5.5903162797945436e-05
817.299,6.438701910463173e-05
817.487,7.617215671852169e-05
817.675,9.611994933411413e-05
817.863,0.00012355487313722298
818.05,0.0001934203004618308
818.238,0.00038826606058548234
818.426,0.000569262385376452
818.613,0.0004131422023616472
818.801,0.00032400416531865354
818.989,0.0002993252358924492
819.176,0.0003323047249836745
819.364,0.0004995746530165762
819.552,0.0007242151177353265
819.739,0.0005449820217007672
819.927,0.000386492906657162
820.114,0.00031182004270190666
820.302,0.0002591241198172846
820.489,0.00022457150571321443
820.677,0.00020202345574682275
820.864,0.0001868383279165785
821.052,0.00017885889474136355
821.239,0.00017706885531973114
821.426,0.0001777855185293388
821.614,0.00020297371247010964
821.801,0.0002169678080004917
821.988,0.00019025851476103253
822.176,0.00017898174780056443
822.363,0.00017323291113502975
822.55,0.00016217230597924268
822.737,0.00014497598762305342
822.924,0.00012846332064389977
823.112,0.00011575380906532236
823.299,0.00010575573346196138
823.486,9.841286590870401e-05
823.673,9.258975815246906e-05
823.86,8.685143014655905e-05
824.047,8.570020456006447e-05
824.234,9.582835696965791e-05
824.421,9.282070044249676e-05
824.608,8.257596073148208e-05
824.795,7.24733315946496e-05
824.982,6.470795187227096e-05
825.169,5.8480279540895046e-05
825.356,5.3156028743143686e-05
825.543,4.822726100750212e-05
825.73,4.355857419970345e-05
825.917,3.9276633821817935e-05
826.104,3.552318825919441e-05
826.29,3.230381706295887e-05
826.477,2.9515163681995493e-05
826.664,2.6998034120665916e-05
826.851,2.466784678327751e-05
827.038,2.2512038199353793e-05
827.224,2.050572483741224e-05
827.411,1.8629888019043276e-05
827.598,1.685485330270617e-05
827.784,1.5190269631474017e-05
827.971,1.3643541148701545e-05
828.157,1.221411816217878e-05
828.344,1.0885835942244908e-05
828.531,9.635663033020541e-06
828.717,8.458055753846018e-06
828.904,7.349451931792776e-06
829.09,6.317229850568235e-06
829.277,5.3539568874564964e-06
829.463,4.457504788374133e-06
829.65,3.630111286803701e-06
829.836,2.874156628276525e-06
830.022,2.1915956472969692e-06
830.209,1.584719136496378e-06
830.395,1.0572026099745055e-06
830.581,6.057505729557415e-07
830.768,2.1776842847766193e-07
830.954,0.0
831.14,0.0
831.327,0.0
831.513,0.0
831.699,0.0
831.885,0.0
832.071,0.0
832.257,0.0
832.444,0.0
832.63,0.0
832.816,0.0
833.002,0.0
833.188,0.0
833.374,0.0
833.56,0.0
833.746,0.0
833.932,0.0
834.118,0.0
834.303,0.0
834.489,0.0
834.675,0.0
834.861,0.0
835.047,0.0
835.233,0.0
835.418,0.0
835.604,0.0
835.79,0.0
835.976,0.0
836.161,0.0
836.347,0.0
836.533,0.0
836.718,0.0
836.904,0.0
837.089,0.0
837.275,0.0
837.46,0.0
837.646,0.0
837.831,0.0
838.017,0.0
838.202,0.0
838.388,0.0
838.573,0.0
838.759,0.0
838.944,0.0
839.129,0.0
839.315,0.0
839.5,0.0
839.685,0.0
839.87,0.0
840.056,7.929784400887474e-08
840.241,6.876906324623938e-07
840.426,1.2326030230686805e-06
840.611,1.7175297416408328e-06
840.796,2.161306868346694e-06
840.981,2.5917951434561566e-06
841.166,3.0279890949496833e-06
841.352,3.505966078801949e-06
841.537,4.068822249040019e-06
841.722,4.761308405741006e-06
841.907,5.604534845487134e-06
842.092,6.594407614354584e-06
842.277,7.694593221297729e-06
842.461,8.820736656443789e-06
842.646,9.968228033231954e-06
842.831,1.1166847082513425e-05
843.016,1.2500952794640322e-05
843.201,1.422403690647529e-05
843.386,1.6522065047054262e-05
843.571,1.9616105418075948e-05
843.755,2.4063970593785417e-05
843.94,3.0371176017715297e-05
844.125,3.9308484060157514e-05
844.31,5.4228657936564195e-05
844.494,8.143614181859376e-05
844.679,0.0001269543912481103
844.864,0.0001315638203940803
845.048,9.777876965439864e-05
845.233,7.661964109838051e-05
845.418,6.170503712219514e-05
845.602,4.9285147009040425e-05
845.787,4.026832694357571e-05
845.971,3.423871054468075e-05
846.156,2.9543711504321587e-05
846.34,2.5794650765176092e-05
846.525,2.2716954623591728e-05
846.709,2.0082976561338494e-05
846.893,1.7868898627688492e-05
847.078,1.5934834169156517e-05
847.262,1.4206886284848743e-05
847.447,1.2607123579445952e-05
847.631,1.1116606949142872e-05
847.815,9.7333266808522e-06
848.0,8.443425064069938e-06
848.184,7.261467701593973e-06
848.368,6.163084451980756e-06
848.552,5.125726198430561e-06
848.736,4.131654637949005e-06
848.921,3.186626531878622e-06
849.105,2.274581143405153e-06
849.289,1.3799634513018942e-06
849.473,4.935759777611002e-07
849.657,0.0
849.841,0.0
850.025,0.0
850.209,0.0
850.393,0.0
850.577,0.0
850.761,0.0
850.945,0.0
851.129,0.0
851.313,0.0
851.497,0.0
851.68,0.0
851.864,0.0
852.048,0.0
852.232,0.0
852.416,0.0
852.599,0.0
852.783,0.0
852.967,0.0
853.15,0.0
853.334,0.0
853.518,0.0
853.701,0.0
853.885,0.0
854.068,0.0
854.252,0.0
854.435,0.0
854.619,0.0
854.802,0.0
854.986,0.0
855.169,0.0
855.353,0.0
855.536,0.0
855.719,0.0
855.903,0.0
856.086,0.0
856.269,0.0
856.452,0.0
856.636,0.0
856.819,0.0
857.002,0.0
857.185,0.0
857.368,0.0
857.552,0.0
857.735,0.0
857.918,0.0
858.101,0.0
858.284,1.7072027014916227e-07
858.467,6.842307993297247e-07
858.65,1.245909665992842e-06
858.833,1.972841787777096e-06
859.016,2.8591621220338937e-06
859.199,3.821352248128914e-06
859.382,4.78153931537297e-06
859.564,5.444382006221416e-06
859.747,5.73568527273008e-06
859.93,5.650434079995076e-06
860.113,5.194364257559175e-06
860.296,4.5094830742576556e-06
860.478,3.606491480176027e-06
860.661,2.5720585777458742e-06
860.844,1.4563470476661567e-06
861.027,3.535579424179117e-07
861.209,0.0
861.392,0.0
861.575,0.0
861.757,0.0
861.94,0.0
862.122,5.979879171292531e-07
862.305,1.414624290249688e-06
862.487,2.5067595463952466e-06
862.67,7.110081880049419e-06
862.852,1.613198914503657e-05
863.035,2.439473350756806e-05
863.217,2.573372477870201e-05
863.4,2.152103574004747e-05
863.582,1.736783647146891e-05
863.764,1.4543065410430308e-05
863.947,1.2264679552940339e-05
864.129,1.071171974850674e-05
864.311,9.592612167558185e-06
864.493,8.778133344218848e-06
864.676,8.410181004918411e-06
864.858,8.4126290026181e-06
865.04,8.842496000439913e-06
865.222,9.617791052829474e-06
865.404,1.061217177583522e-05
865.587,1.173754817044274e-05
865.769,1.2897933336392927e-05
865.951,1.3968311969303852e-05
866.133,1.4983238727981202e-05
866.315,1.6050302224199443e-05
866.497,1.7202278237314267e-05
866.679,1.877589352149446e-05
866.861,2.079609204781378e-05
867.043,2.339604042668367e-05
867.225,2.763618126281856e-05
867.407,3.3846618757712366e-05
867.589,4.4087164291175756e-05
867.77,6.465886302162568e-05
867.952,9.83920959229882e-05
868.134,0.0001410279452236047
868.316,0.00014508175285840791
868.498,0.00013530693264787822
868.679,0.0001153117021459837
868.861,9.290529476117183e-05
869.043,7.424881637221222e-05
869.224,6.00151168945248e-05
869.406,4.93023792164979e-05
869.588,4.213438980900118e-05
869.769,3.824658038911741e-05
869.951,3.6966398723130906e-05
870.132,3.8955029063014706e-05
870.314,4.303430781079901e-05
870.495,4.377189591491477e-05
870.677,3.991037472107435e-05
870.858,3.783079659604019e-05
871.04,4.136776097233958e-05
871.221,4.640338939471456e-05
871.403,4.7021131961591884e-05
871.584,4.365531415537112e-05
871.765,4.2359047536229014e-05
871.947,4.3015740938275104e-05
872.128,3.918513685204385e-05
872.309,3.138780837672813e-05
872.491,2.5105028628033146e-05
872.672,2.1027181347753102e-05
872.853,1.7767385448618513e-05
873.034,1.5240298459432161e-05
873.215,1.2974670868771095e-05
873.396,1.0770047547257542e-05
873.578,8.907541747355809e-06
873.759,7.344523043939458e-06
873.94,6.064845042449211e-06
874.121,4.970993324065844e-06
874.302,3.947397723479961e-06
874.483,3.005531603635135e-06
874.664,2.1608201912420996e-06
874.845,1.4407555740272592e-06
875.026,8.273975127438287e-07
875.207,3.0336412046566076e-07
875.388,0.0
875.568,0.0
875.749,0.0
875.93,0.0
876.111,0.0
876.292,0.0
876.472,0.0
876.653,0.0
876.834,0.0
877.015,0.0
877.195,0.0
877.376,0.0
877.556,0.0
877.737,0.0
877.918,0.0
878.098,0.0
878.279,0.0
878.459,0.0
878.64,0.0
878.82,0.0
879.0,0.0
879.181,0.0
879.361,0.0
879.542,0.0
879.722,0.0
879.902,0.0
880.083,0.0
880.263,0.0
880.443,4.0637252094937956e-07
880.623,6.248924788816439e-06
880.803,9.806843234041197e-06
880.984,6.860560430873736e-06
881.164,1.646792377567668e-06
881.344,0.0
881.524,0.0
881.704,0.0
881.884,0.0
882.064,1.1168764625316633e-06
882.244,1.8555987493803022e-06
882.424,2.2617626450444764e-06
882.604,2.3494155004841994e-06
882.784,2.305423364986937e-06
882.964,2.2411642179125793e-06
883.144,2.1015298590169577e-06
883.324,1.8871887329637536e-06
883.504,1.642101838527447e-06
883.683,1.4127213657240738e-06
883.863,1.2287937545602507e-06
884.043,1.093820109438863e-06
884.223,9.801242324336093e-07
884.402,8.636772591835091e-07
884.582,7.486156198114994e-07
884.762,6.360858594624945e-07
884.941,5.221010747243269e-07
885.121,3.9831795678187005e-07
885.301,2.624345003189786e-07
885.48,1.1576361847735956e-07
885.66,0.0
885.839,0.0
886.019,0.0
886.198,0.0
886.378,0.0
886.557,0.0
886.737,0.0
886.916,0.0
887.095,0.0
887.275,0.0
887.454,0.0
887.633,0.0
887.813,0.0
887.992,0.0
888.171,0.0
888.35,0.0
888.53,0.0
888.709,0.0
888.888,0.0
889.067,0.0
889.246,0.0
889.425,0.0
889.604,0.0
889.783,0.0
889.962,0.0
890.141,0.0
890.32,0.0
890.499,0.0
890.678,0.0
890.857,0.0
891.036,0.0
891.214,0.0
891.393,0.0
891.572,0.0
891.751,0.0
891.93,0.0
892.108,0.0
892.287,0.0
892.466,0.0
892.644,0.0
892.823,0.0
893.001,0.0
893.18,0.0
893.359,0.0
893.537,0.0
893.716,0.0
893.894,0.0
894.073,0.0
894.251,0.0
894.429,0.0
894.608,0.0
894.786,0.0
894.964,0.0
895.143,0.0
895.321,0.0
895.499,0.0
895.677,0.0
895.856,0.0
896.034,0.0
896.212,0.0
896.39,0.0
896.568,0.0
896.746,0.0
896.924,0.0
897.102,0.0
897.28,0.0
897.458,0.0
897.636,0.0
897.814,0.0
897.992,0.0
898.17,0.0
898.348,0.0
898.526,0.0
898.704,0.0
898.882,0.0
899.059,0.0
899.237,0.0
899.415,0.0
899.593,0.0
899.77,0.0
899.948,0.0
900.125,1.78115950785942e-07
900.303,4.927711118666025e-07
900.481,7.936734998540849e-07
900.658,1.0735621566679697e-06
900.836,1.3306519529657086e-06
901.013,1.5661476133925876e-06
901.191,1.7838399858944275e-06
901.368,1.991761522063846e-06
901.546,2.1963741615311545e-06
901.723,2.4018948763267767e-06
901.901,2.6079421093511238e-06
902.078,2.8116428285574818e-06
902.255,3.0059870708993177e-06
902.433,3.1634358542561554e-06
902.61,3.2632812258108965e-06
902.787,3.295688097875566e-06
902.964,3.2781316902924262e-06
903.142,3.2525667349110884e-06
903.319,3.297635772567528e-06
903.496,3.4932838648338146e-06
903.673,3.877412205377768e-06
903.85,4.599958207065239e-06
904.027,5.891717012744871e-06
904.204,7.91673522207542e-06
904.381,1.0690154766142924e-05
904.558,1.3837559382708526e-05
904.735,1.654096537816537e-05
904.912,1.7948555460518993e-05
905.089,1.7571919750903075e-05
905.266,1.5562618743858566e-05
905.443,1.261327437701187e-05
905.62,9.712892029695104e-06
905.797,7.662969697543348e-06
905.974,6.572501172675673e-06
906.151,6.325572464616111e-06
906.327,6.488085828704341e-06
906.504,6.567225677097342e-06
906.681,6.539192132442751e-06
906.858,6.3587138871091e-06
907.034,6.090198437245531e-06
907.211,5.8271686470422925e-06
907.388,5.5340635278035535e-06
907.564,5.2128414579835495e-06
907.741,4.88319300895062e-06
907.917,4.587164309354598e-06
908.094,4.3297523852785265e-06
908.271,4.113768881500421e-06
908.447,3.918138956287996e-06
908.623,3.7160290012553954e-06
908.8,3.502016710984226e-06
908.976,3.266258173774005e-06
909.153,2.9991892923608273e-06
909.329,2.697907905482946e-06
909.505,2.364383981255512e-06
909.682,2.0006298909558553e-06
909.858,1.6158121560272212e-06
910.034,1.2204547564083999e-06
910.211,8.227366480760668e-07
910.387,4.307958351409332e-07
910.563,5.1530505449005334e-08
910.739,0.0
910.915,0.0
911.091,0.0
911.268,0.0
911.444,0.0
911.62,0.0
911.796,0.0
911.972,0.0
912.148,0.0
912.324,0.0
912.5,0.0
912.676,0.0
912.851,0.0
913.027,0.0
913.203,0.0
913.379,0.0
913.555,0.0
913.73,0.0
913.906,0.0
914.082,0.0
914.258,0.0
914.433,0.0
914.609,0.0
914.784,0.0
914.96,0.0
915.136,0.0
915.311,0.0
915.487,0.0
915.662,0.0
915.838,0.0
916.013,0.0
916.189,0.0
916.364,0.0
916.539,0.0
916.715,0.0
916.89,0.0
917.065,0.0
917.24,0.0
917.416,0.0
917.591,0.0
917.766,0.0
917.941,0.0
918.116,0.0
918.292,0.0
918.467,0.0
918.642,0.0
918.817,0.0
918.992,0.0
919.167,0.0
919.342,0.0
919.517,0.0
919.692,0.0
919.867,0.0
920.041,0.0
920.216,0.0
920.391,0.0
920.566,0.0
920.741,0.0
920.915,1.5625622056869104e-06
921.09,6.079726361541132e-06
921.265,1.360901841701615e-05
921.439,1.7879395300454343e-05
921.614,1.4185281757709162e-05
921.789,7.604589589041042e-06
921.963,3.618756411350523e-06
922.138,2.166498929851381e-06
922.312,2.452160428363427e-06
922.487,4.0496543657066846e-06
922.661,6.091088993156026e-06
922.836,7.94710546556883e-06
923.01,9.251390341278045e-06
923.185,9.982746354444655e-06
923.359,1.0285970493285836e-05
923.534,1.0297517159136012e-05
923.708,1.0121105330178939e-05
923.882,9.736810179660976e-06
924.057,9.196801765495725e-06
924.231,8.568367698106563e-06
924.405,7.89807929908609e-06
924.579,7.263158584359003e-06
924.753,6.713296793883328e-06
924.928,6.285305813284446e-06
925.102,6.026071132184053e-06
925.276,6.004836228910552e-06
925.45,6.239810163632871e-06
925.624,6.721900487106992e-06
925.798,7.444891174643618e-06
925.972,8.335913397582374e-06
926.146,9.314499079224695e-06
926.32,1.0303418863345043e-05
926.494,1.1194943696862667e-05
926.668,1.1882833338712183e-05
926.842,1.2316013069353603e-05
927.016,1.2494422870145456e-05
927.19,1.2417949757926827e-05
927.363,1.2112476765877454e-05
927.537,1.1611001175738481e-05
927.711,1.0948970578762577e-05
927.885,1.0205704236540707e-05
928.058,9.459406578478462e-06
928.232,8.741354762911466e-06
928.406,8.052768508741403e-06
928.579,7.39514188567426e-06
928.753,6.774859499421952e-06
928.927,6.198591442631388e-06
929.1,5.672436861522033e-06
929.274,5.178957761160178e-06
929.447,4.700090049372342e-06
929.621,4.238086993838594e-06
929.794,3.7938199731576997e-06
929.968,3.3679694580532544e-06
930.141,2.956835393807639e-06
930.315,2.555233453207012e-06
930.488,2.1576701500025187e-06
930.661,1.7600168063702475e-06
930.835,1.358453249269667e-06
931.008,9.503161429012232e-07
931.181,5.380731037790087e-07
931.354,1.2489019735883394e-07
931.528,0.0
931.701,0.0
931.874,0.0
932.047,0.0
932.22,0.0
932.393,0.0
932.566,0.0
932.739,0.0
932.912,0.0
933.085,0.0
933.258,0.0
933.431,0.0
933.604,0.0
933.777,0.0
933.95,0.0
934.123,0.0
934.296,0.0
934.468,0.0
934.641,0.0
934.814,0.0
934.987,0.0
935.159,0.0
935.332,0.0
935.505,0.0
935.677,0.0
935.85,0.0
936.022,0.0
936.195,0.0
936.367,0.0
936.54,0.0
936.712,0.0
936.885,0.0
937.057,0.0
937.229,0.0
937.402,0.0
937.574,0.0
937.746,4.318950455716317e-07
937.919,1.6185673707521782e-06
938.091,3.217336833984458e-06
938.263,5.32285884824022e-06
938.435,7.82048271393209e-06
938.608,1.072321260674836e-05
938.78,1.4122945541493631e-05
938.952,1.7772547380812476e-05
939.124,2.2173578791721815e-05
939.296,2.659631769329582e-05
939.468,2.738717936295564e-05
939.64,2.33770276288259e-05
939.812,1.8152299502945626e-05
939.984,1.4529758730751203e-05
940.156,1.2234889147155205e-05
940.328,1.0546792034597422e-05
940.5,9.228877750845432e-06
940.672,8.141016650217631e-06
940.843,7.2877827729199656e-06
941.015,6.688892331241444e-06
941.187,6.3230725592275196e-06
941.359,6.119516854960871e-06
941.531,5.988368872173014e-06
941.702,5.847747030740267e-06
941.874,5.6765711569612655e-06
942.046,5.475052874506382e-06
942.217,5.253763935152278e-06
942.389,5.0428391689395925e-06
942.56,4.8412827859574465e-06
942.732,4.645648781505134e-06
942.904,4.450124442525424e-06
943.075,4.246934362443245e-06
943.247,4.0264968847687515e-06
943.418,3.7796914692997657e-06
943.589,3.50012898721646e-06
943.761,3.1793078915187807e-06
943.932,2.8175291382115754e-06
944.104,2.4256076590916202e-06
944.275,2.016096023784657e-06
944.446,1.6017738222532827e-06
944.617,1.1939352505334788e-06
944.789,8.022183575842281e-07
944.96,4.341569380658199e-07
945.131,9.155534877040417e-08
945.302,0.0
945.473,0.0
945.645,0.0
945.816,0.0
945.987,0.0
946.158,0.0
946.329,0.0
946.5,0.0
946.671,0.0
946.842,0.0
947.013,0.0
947.183,0.0
947.354,0.0
947.525,0.0
947.696,0.0
947.867,0.0
948.037,0.0
948.208,0.0
948.379,0.0
948.55,0.0
948.72,0.0
948.891,0.0
949.061,0.0
949.232,0.0
949.403,0.0
949.573,0.0
949.744,0.0
949.914,0.0
950.085,0.0
950.255,0.0
950.425,0.0
950.596,0.0
950.766,0.0
950.936,0.0
951.107,0.0
951.277,0.0
951.447,0.0
951.617,0.0
951.788,0.0
951.958,0.0
952.128,0.0
952.298,0.0
952.468,0.0
952.638,0.0
952.808,0.0
952.978,0.0
953.148,0.0
953.318,0.0
953.488,0.0
953.658,0.0
953.828,0.0
953.998,0.0
954.167,0.0
954.337,0.0
954.507,0.0
954.677,0.0
954.846,0.0
955.016,0.0
955.186,0.0
955.355,0.0
955.525,0.0
955.695,0.0
955.864,0.0
956.034,0.0
956.203,0.0
956.373,0.0
956.542,0.0
956.711,0.0
956.881,0.0
957.05,0.0
957.22,0.0
957.389,0.0
957.558,0.0
957.727,0.0
957.897,0.0
958.066,0.0
958.235,0.0
958.404,0.0
958.573,0.0
958.743,0.0
958.912,0.0
959.081,0.0
959.25,0.0
959.419,0.0
959.588,0.0
959.757,0.0
959.926,0.0
960.094,0.0
960.263,0.0
960.432,0.0
960.601,0.0
960.77,0.0
960.939,0.0
961.107,0.0
961.276,0.0
961.445,0.0
961.613,0.0
961.782,0.0
961.951,0.0
962.119,0.0
962.288,0.0
962.456,0.0
962.625,0.0
962.793,0.0
962.962,0.0
963.13,0.0
963.298,0.0
963.467,0.0
963.635,0.0
963.803,0.0
963.972,0.0
964.14,0.0
964.308,0.0
964.477,0.0
964.645,0.0
964.813,0.0
964.981,0.0
965.149,0.0
965.317,0.0
965.485,0.0
965.653,0.0
965.821,0.0
965.989,0.0
966.157,0.0
966.325,0.0
966.493,0.0
966.661,0.0
966.829,0.0
966.996,0.0
967.164,0.0
967.332,0.0
967.5,0.0
967.667,0.0
967.835,0.0
968.003,0.0
968.17,0.0
968.338,7.792785777342602e-09
968.505,2.700798196842841e-08
968.673,4.717465559377857e-08
968.841,6.82252084437314e-08
969.008,9.009048992604265e-08
969.175,1.1268609307074855e-07
969.343,1.3589038407987198e-07
969.51,1.5957829598772328e-07
969.678,1.836451905730105e-07
969.845,2.079894444706476e-07
970.012,2.3247800850699205e-07
970.18,2.569348247996783e-07
970.347,2.811397920337718e-07
970.514,3.04872674346664e-07
970.681,3.2793237683006665e-07
970.849,3.501008711569532e-07
971.016,3.711429420412478e-07
971.183,3.907806254122114e-07
971.35,4.087445324155778e-07
971.517,4.2483640853004604e-07
971.684,4.388949090865516e-07
971.851,4.5076477584008553e-07
972.018,4.6027337709721233e-07
972.185,4.672501208514638e-07
972.352,4.7152725134972436e-07
972.519,4.729881704370364e-07
972.686,4.715729910359885e-07
972.853,4.6721330863866845e-07
973.02,4.598573097210681e-07
973.186,4.4948431484845687e-07
973.353,4.3612406927700704e-07
973.52,4.198624518001258e-07
973.687,4.008459343751981e-07
973.853,3.7924141592758006e-07
974.02,3.5517958245935253e-07
974.187,3.287908086724785e-07
974.353,3.0021054357584865e-07
974.52,2.6961680870911144e-07
974.687,2.3725664106372053e-07
974.853,2.0340258851873137e-07
975.02,1.6830197387250829e-07
975.186,1.3216575965161947e-07
975.353,9.520709926142232e-08
975.519,5.767763282493288e-08
975.685,1.9867888791745413e-08
975.852,0.0
976.018,0.0
976.184,0.0
976.351,0.0
976.517,0.0
976.683,0.0
976.849,0.0
977.016,0.0
977.182,0.0
977.348,0.0
977.514,0.0
977.68,0.0
977.846,0.0
978.012,0.0
978.178,0.0
978.344,0.0
978.51,0.0
978.676,0.0
978.842,0.0
979.008,0.0
979.174,0.0
979.34,0.0
979.505,0.0
979.671,0.0
979.837,0.0
980.003,0.0
980.168,0.0
980.334,0.0
980.499,0.0
980.665,0.0
980.831,0.0
980.996,0.0
981.162,0.0
981.327,0.0
981.493,0.0
981.658,0.0
981.823,0.0
981.989,0.0
982.154,0.0
982.319,0.0
982.485,0.0
982.65,0.0
982.815,0.0
982.98,0.0
983.146,0.0
983.311,0.0
983.476,0.0
983.641,0.0
983.806,0.0
983.971,0.0
984.136,0.0
984.301,0.0
984.466,0.0
984.631,0.0
984.796,0.0
984.961,0.0
985.126,0.0
985.291,0.0
985.455,0.0
985.62,0.0
985.785,0.0
985.95,0.0
986.114,0.0
986.279,0.0
986.444,0.0
986.608,0.0
986.773,0.0
986.937,0.0
987.102,0.0
987.266,0.0
987.431,0.0
987.595,0.0
987.76,0.0
987.924,0.0
988.088,0.0
988.253,0.0
988.417,0.0
988.581,0.0
988.746,1.1003469040778302e-08
988.91,3.042264923596625e-08
989.074,5.079327120305456e-08
989.238,7.185327552908134e-08
989.402,9.335761238372908e-08
989.566,1.1504235581048203e-07
989.731,1.365773976586042e-07
989.895,1.577863446370418e-07
990.059,1.7850657561278203e-07
990.223,1.9862919306984672e-07
990.387,2.181022209987878e-07
990.551,2.3684141901117457e-07
990.714,2.546848251696858e-07
990.878,2.7130729181258156e-07
991.042,2.864190319785147e-07
991.206,2.997216779636488e-07
991.37,3.1089904343793084e-07
991.534,3.19523842976572e-07
991.697,3.250650613913005e-07
991.861,3.269774462335562e-07
992.025,3.246866283679956e-07
992.188,3.175836174617367e-07
992.352,3.0498918490240734e-07
992.516,2.86161153373382e-07
992.679,2.6031874028984623e-07
992.843,2.2669230407218687e-07
993.006,1.8453443387283046e-07
993.17,1.3311821312550704e-07
993.333,7.178132477116508e-08
993.497,0.0
993.66,0.0
993.824,0.0
993.987,0.0
994.15,0.0
994.314,0.0
994.477,0.0
994.64,0.0
994.803,0.0
994.967,0.0
995.13,0.0
995.293,0.0
995.456,0.0
995.619,0.0
995.782,0.0
995.945,0.0
996.108,0.0
996.271,0.0
996.434,0.0
996.597,0.0
996.76,0.0
996.923,0.0
997.086,0.0
997.248,0.0
997.411,0.0
997.574,0.0
997.737,0.0
997.899,0.0
998.062,0.0
998.225,0.0
998.387,0.0
998.55,0.0
998.712,0.0
998.875,0.0
999.037,0.0
999.2,0.0
999.362,0.0
999.525,0.0
999.687,0.0
999.849,0.0
