237.496,0.0
237.566,0.0
237.636,0.0
237.705,0.0
237.775,9.814446026078028e-08
237.845,4.853549765225237e-07
237.914,2.2655388547012045e-07
237.984,8.01982215463585e-09
238.054,3.481398422173455e-08
238.123,2.0054607875528493e-07
238.193,3.615851049351049e-07
238.263,4.372843713452145e-07
238.332,4.0005471910456903e-07
238.402,3.0296096754567193e-07
238.471,2.39403305805247e-07
238.541,2.2350618732689014e-07
238.611,2.362267211564968e-07
238.68,2.659067509330944e-07
238.75,3.0193553758504034e-07
238.819,3.31934999864333e-07
238.889,3.5468868613510404e-07
238.958,3.688327202687961e-07
239.028,3.566603570870366e-07
239.097,3.1440539421600297e-07
239.167,2.540263145610293e-07
239.237,1.8385393558120934e-07
239.306,1.104305457539706e-07
239.376,4.311696005473717e-08
239.445,0.0
239.515,0.0
239.584,0.0
239.654,0.0
239.723,0.0
239.793,0.0
239.862,0.0
239.932,0.0
240.001,0.0
240.07,0.0
240.14,0.0
240.209,0.0
240.279,0.0
240.348,0.0
240.418,0.0
240.487,8.42941440452169e-09
240.556,1.6920180466728577e-08
240.626,2.0169290154638345e-08
240.695,1.8417865667080457e-08
240.765,1.3045438871807137e-08
240.834,4.541250916054289e-09
240.903,0.0
240.973,0.0
241.042,0.0
241.112,0.0
241.181,0.0
241.25,0.0
241.32,0.0
241.389,0.0
241.458,0.0
241.528,0.0
241.597,0.0
241.666,0.0
241.736,0.0
241.805,0.0
241.874,0.0
241.943,1.692012338038157e-08
242.013,3.6754006018745985e-08
242.082,5.76254955409476e-08
242.151,7.922166609010936e-08
242.221,1.0134428365661464e-07
242.29,1.2381183233951063e-07
242.359,1.4644378915996417e-07
242.428,1.69198567220142e-07
242.498,1.9211376661466737e-07
242.567,2.154034101496048e-07
242.636,2.3923032714293715e-07
242.705,2.636911974705004e-07
242.774,2.887930387026562e-07
242.844,3.145499736459096e-07
242.913,3.4082432731619817e-07
242.982,3.672669452285146e-07
243.051,3.937388599381134e-07
243.12,4.200481587637803e-07
243.19,4.4598182222401244e-07
243.259,4.713768604567684e-07
243.328,4.958444638826676e-07
243.397,5.190105328383924e-07
243.466,5.405547307767563e-07
243.535,5.601965346119144e-07
243.605,5.777129313939452e-07
243.674,5.930400876992324e-07
243.743,6.060879644827992e-07
243.812,6.167046065920908e-07
243.881,6.24806037121895e-07
243.95,6.303032318467712e-07
244.019,6.331072498876511e-07
244.088,6.332070697302373e-07
244.158,6.306296979160175e-07
244.227,6.25361002323895e-07
244.296,6.174228955787296e-07
244.365,6.068536775911195e-07
244.434,5.936437307466014e-07
244.503,5.778285323842711e-07
244.572,5.59487684492489e-07
244.641,5.386779362629633e-07
244.71,5.154731573431171e-07
244.779,4.899672743438108e-07
244.848,4.6223104269649746e-07
244.917,4.3234860171037666e-07
244.986,4.004605918755773e-07
245.055,3.6667644064854126e-07
245.124,3.3114092292735835e-07
245.193,2.9407941444890373e-07
245.262,2.5569688209530345e-07
245.331,2.16244428798018e-07
245.4,1.760136915315664e-07
245.469,1.3526604299308574e-07
245.538,9.429603284316945e-08
245.607,5.3431525695850605e-08
245.676,1.2966208986045967e-08
245.745,0.0
245.814,0.0
245.883,0.0
245.952,0.0
246.021,0.0
246.09,0.0
246.159,0.0
246.227,0.0
246.296,0.0
246.365,0.0
246.434,0.0
246.503,0.0
246.572,0.0
246.641,0.0
246.71,0.0
246.779,0.0
246.847,0.0
246.916,0.0
246.985,0.0
247.054,0.0
247.123,0.0
247.192,0.0
247.26,0.0
247.329,0.0
247.398,0.0
247.467,0.0
247.536,0.0
247.604,0.0
247.673,0.0
247.742,0.0
247.811,0.0
247.879,0.0
247.948,0.0
248.017,0.0
248.086,0.0
248.154,0.0
248.223,0.0
248.292,0.0
248.361,0.0
248.429,0.0
248.498,0.0
248.567,0.0
248.635,0.0
248.704,0.0
248.773,0.0
248.841,0.0
248.91,0.0
248.979,0.0
249.047,0.0
249.116,1.2715373886556351e-08
249.185,2.806612442912341e-08
249.253,4.373971083825513e-08
249.322,5.980057311279556e-08
249.39,7.634058395285116e-08
249.459,9.341285394586302e-08
249.528,1.1106571751657428e-07
249.596,1.2936392442873998e-07
249.665,1.4835480267118796e-07
249.733,1.6810837005484925e-07
249.802,1.887232259119714e-07
249.871,2.1027390945793643e-07
249.939,2.3278632480552533e-07
250.008,2.562921282666323e-07
250.076,2.807848170667632e-07
250.145,3.0620618308160624e-07
250.213,3.325154216584956e-07
250.282,3.596294344436409e-07
250.35,3.874228675637998e-07
250.419,4.1575254776132457e-07
250.487,4.4444390180691153e-07
250.556,4.7330121226979443e-07
250.624,5.021424186816743e-07
250.693,5.307873301170694e-07
250.761,5.590028413385323e-07
250.83,5.865312882973163e-07
250.898,6.130871588587081e-07
250.967,6.383677760563945e-07
251.035,6.620902103507415e-07
251.104,6.839531478898704e-07
251.172,7.03625046650024e-07
251.241,7.207785066469513e-07
251.309,7.351052350927926e-07
251.378,7.463122144648681e-07
251.446,7.541478354756862e-07
251.514,7.583766801310858e-07
251.583,7.587415644803782e-07
251.651,7.550308953164786e-07
251.72,7.47068928106943e-07
251.788,7.346867179223929e-07
251.856,7.177470427447799e-07
251.925,6.961194160579549e-07
251.993,6.696689794938305e-07
252.062,6.382948680437813e-07
252.13,6.019708116421504e-07
252.198,5.606819404881626e-07
252.267,5.144513007615577e-07
252.335,4.633645834326114e-07
252.403,4.0749468998266327e-07
252.472,3.469655166892166e-07
252.54,2.8195691354455017e-07
252.608,2.1266105032413984e-07
252.677,1.393077836244135e-07
252.745,6.215961427575336e-08
252.813,0.0
252.881,0.0
252.95,0.0
253.018,0.0
253.086,0.0
253.155,0.0
253.223,0.0
253.291,0.0
253.359,0.0
253.428,0.0
253.496,0.0
253.564,0.0
253.632,0.0
253.7,0.0
253.769,0.0
253.837,0.0
253.905,0.0
253.973,0.0
254.041,0.0
254.11,0.0
254.178,0.0
254.246,0.0
254.314,0.0
254.382,0.0
254.45,0.0
254.518,0.0
254.587,0.0
254.655,0.0
254.723,0.0
254.791,0.0
254.859,0.0
254.927,0.0
254.995,0.0
255.063,0.0
255.131,0.0
255.199,0.0
255.267,0.0
255.336,0.0
255.404,0.0
255.472,0.0
255.54,0.0
255.608,0.0
255.676,0.0
255.744,0.0
255.812,0.0
255.88,0.0
255.948,0.0
256.016,0.0
256.084,0.0
256.152,0.0
256.22,0.0
256.288,0.0
256.356,0.0
256.424,0.0
256.491,0.0
256.559,0.0
256.627,0.0
256.695,0.0
256.763,0.0
256.831,0.0
256.899,0.0
256.967,0.0
257.035,0.0
257.103,0.0
257.171,0.0
257.238,0.0
257.306,0.0
257.374,0.0
257.442,0.0
257.51,0.0
257.578,0.0
257.646,0.0
257.713,0.0
257.781,0.0
257.849,0.0
257.917,0.0
257.985,0.0
258.052,0.0
258.12,0.0
258.188,0.0
258.256,0.0
258.324,0.0
258.391,0.0
258.459,0.0
258.527,0.0
258.595,0.0
258.662,0.0
258.73,0.0
258.798,0.0
258.865,0.0
258.933,0.0
259.001,0.0
259.069,0.0
259.136,0.0
259.204,0.0
259.272,0.0
259.339,0.0
259.407,0.0
259.475,0.0
259.542,0.0
259.61,0.0
259.677,0.0
259.745,0.0
259.813,0.0
259.88,0.0
259.948,0.0
260.016,0.0
260.083,0.0
260.151,0.0
260.218,0.0
260.286,0.0
260.353,0.0
260.421,0.0
260.489,0.0
260.556,0.0
260.624,0.0
260.691,0.0
260.759,0.0
260.826,0.0
260.894,0.0
260.961,0.0
261.029,0.0
261.096,0.0
261.164,0.0
261.231,0.0
261.299,0.0
261.366,0.0
261.434,0.0
261.501,0.0
261.568,0.0
261.636,0.0
261.703,0.0
261.771,6.5751599708648235e-09
261.838,1.9603466268702564e-08
261.906,3.1607351367693094e-08
261.973,4.266375953674716e-08
262.04,5.282508788997101e-08
262.108,6.206246030427646e-08
262.175,7.037391655449746e-08
262.243,7.779155987604778e-08
262.31,8.431495245702341e-08
262.377,8.998302633744846e-08
262.445,9.482671072006657e-08
262.512,9.885084559305783e-08
262.579,1.0209696488228854e-07
262.647,1.0466964757805396e-07
262.714,1.0666671256732107e-07
262.781,1.0814937202732687e-07
262.849,1.0918366882454161e-07
262.916,1.097565141643107e-07
262.983,1.0986771465167982e-07
263.051,1.0955350704273942e-07
263.118,1.0881049402603168e-07
263.185,1.0764754230564995e-07
263.252,1.0605101650098453e-07
263.32,1.0401707808767744e-07
263.387,1.0158355543841988e-07
263.454,9.881157243342911e-08
263.522,9.575772666211741e-08
263.589,9.246672811168306e-08
263.656,8.898681405302235e-08
263.723,8.535036588839283e-08
263.79,8.166698777974157e-08
263.858,7.811615156991611e-08
263.925,7.493439581411222e-08
263.992,7.247924936303683e-08
264.059,7.118836378142751e-08
264.126,7.159113405045184e-08
264.194,7.436779743382521e-08
264.261,8.037759462940107e-08
264.328,9.059730762363825e-08
264.395,1.0611764230741664e-07
264.462,1.2814768083646861e-07
264.529,1.579387519010013e-07
264.597,1.9680561275015503e-07
264.664,2.4607902927487703e-07
264.731,3.07009937371946e-07
264.798,3.8067093455206943e-07
264.865,4.679029319855175e-07
264.932,5.692691816512904e-07
264.999,6.849119558748597e-07
265.066,8.145415927122797e-07
265.133,9.573785764497291e-07
265.201,1.112148154736668e-06
265.268,1.2771751322331389e-06
265.335,1.4504398817026855e-06
265.402,1.6297265992040169e-06
265.469,1.812696709790924e-06
265.536,1.997035122108094e-06
265.603,2.180626121320729e-06
265.67,2.3616005355997903e-06
265.737,2.538380442307083e-06
265.804,2.7097212249893463e-06
265.871,2.8747025474398606e-06
265.938,3.0326529779482942e-06
266.005,3.1831777266686137e-06
266.072,3.32607083546947e-06
266.139,3.4611857866588408e-06
266.206,3.5884930316071704e-06
266.273,3.70804431345269e-06
266.34,3.819907630234761e-06
266.407,3.924180016053526e-06
266.474,4.020983048717326e-06
266.541,4.110429757567056e-06
266.608,4.192649405246224e-06
266.675,4.267804778668683e-06
266.742,4.336062280230061e-06
266.808,4.397611209603225e-06
266.875,4.452632583779311e-06
266.942,4.501286001993291e-06
267.009,4.543702339781301e-06
267.076,4.5799256107428745e-06
267.143,4.609995506843151e-06
267.21,4.633970243262606e-06
267.277,4.651871043279228e-06
267.344,4.663668542179534e-06
267.41,4.669310026224238e-06
267.477,4.668739389661372e-06
267.544,4.661887503015422e-06
267.611,4.64877639276355e-06
267.678,4.629443445494537e-06
267.745,4.603825079286219e-06
267.811,4.571853311454414e-06
267.878,4.5334737912538916e-06
267.945,4.488602732103948e-06
268.012,4.437180238564441e-06
268.079,4.37917701571523e-06
268.145,4.314490914342443e-06
268.212,4.243039747867166e-06
268.279,4.164848535554139e-06
268.346,4.079955409713855e-06
268.412,3.9884406022743645e-06
268.479,3.890438328123856e-06
268.546,3.786059704430123e-06
268.613,3.675444137320203e-06
268.679,3.5587959560179574e-06
268.746,3.436347233234543e-06
268.813,3.30840436576673e-06
268.879,3.1753238082641945e-06
268.946,3.0374750347885208e-06
269.013,2.8953626092826765e-06
269.079,2.749665030989709e-06
269.146,2.6012269030040675e-06
269.213,2.4511371065095723e-06
269.28,2.300612983069747e-06
269.346,2.1509040033894736e-06
269.413,2.0033888429456984e-06
269.479,1.8595652736364323e-06
269.546,1.7208910778539577e-06
269.613,1.5887054135362608e-06
269.679,1.4641399521899568e-06
269.746,1.347909725013015e-06
269.813,1.2403817511836285e-06
269.879,1.1416631385287223e-06
269.946,1.0514813120888245e-06
270.012,9.692103325384715e-07
270.079,8.94000504831644e-07
270.145,8.247767261364327e-07
270.212,7.603444214602843e-07
270.279,6.995686969749051e-07
270.345,6.413231455580785e-07
270.412,5.845250731546493e-07
270.478,5.282436967237902e-07
270.545,4.7168102730145153e-07
270.611,4.1414994018478466e-07
270.678,3.5518732868286715e-07
270.744,2.9445536653988274e-07
270.811,2.317050507783972e-07
270.877,1.667823116409744e-07
270.944,9.957954267792711e-08
271.01,3.0110728649867106e-08
271.077,0.0
271.143,0.0
271.21,0.0
271.276,0.0
271.342,0.0
271.409,0.0
271.475,0.0
271.542,0.0
271.608,0.0
271.675,0.0
271.741,0.0
271.807,0.0
271.874,0.0
271.94,0.0
272.007,0.0
272.073,0.0
272.139,0.0
272.206,0.0
272.272,0.0
272.338,0.0
272.405,0.0
272.471,0.0
272.537,0.0
272.604,0.0
272.67,0.0
272.736,0.0
272.802,0.0
272.869,0.0
272.935,0.0
273.001,0.0
273.068,0.0
273.134,0.0
273.2,0.0
273.266,0.0
273.333,0.0
273.399,0.0
273.465,0.0
273.531,0.0
273.597,0.0
273.664,0.0
273.73,0.0
273.796,0.0
273.862,0.0
273.928,0.0
273.995,0.0
274.061,0.0
274.127,0.0
274.193,0.0
274.259,0.0
274.325,0.0
274.391,0.0
274.457,0.0
274.524,0.0
274.59,0.0
274.656,0.0
274.722,0.0
274.788,0.0
274.854,0.0
274.92,0.0
274.986,1.6060917461186783e-07
275.052,5.456889689615315e-07
275.118,6.807691709375164e-07
275.184,1.2246038107317964e-06
275.25,2.180677507600062e-06
275.316,0.0
275.382,5.382993583117665e-07
275.448,1.0046851477905275e-06
275.514,1.0216870035759907e-06
275.58,1.2470424673121283e-06
275.646,1.5841090589968884e-06
275.712,1.959489599746205e-06
275.778,2.380028969169613e-06
275.844,2.845755783554605e-06
275.91,3.3335016348296477e-06
275.976,3.840163766902342e-06
276.042,4.359465862040986e-06
276.108,4.888300240268675e-06
276.174,5.4421211381172575e-06
276.24,6.020654878186082e-06
276.306,6.612883230433541e-06
276.372,7.2217518135815945e-06
276.437,7.943596254800525e-06
276.503,8.794792989191843e-06
276.569,9.15050473273837e-06
276.635,9.035492700751043e-06
276.701,1.2399652024587799e-05
276.767,1.249157554091519e-05
276.833,1.3267813101940135e-05
276.899,1.4696212985149048e-05
276.964,1.6172367976225263e-05
277.03,1.772672922807049e-05
277.096,1.946701207631862e-05
277.162,2.14915758049405e-05
277.228,2.351641102987471e-05
277.293,2.5729673943991218e-05
277.359,2.8565151198597857e-05
277.425,3.200634106289811e-05
277.491,3.719606126277636e-05
277.557,5.8651010961396265e-05
277.622,9.557354808510367e-05
277.688,9.4709360523324e-05
277.754,0.00010010515791357411
277.82,0.00011365626132989137
277.885,0.00014817678412316443
277.951,0.00020105387787476063
278.017,0.00015895871693535516
278.083,0.00013332938643378675
278.148,0.0001236140248493812
278.214,0.00012650887992896466
278.28,0.0001401443297319451
278.345,0.00011777333282481132
278.411,0.0001077393056603786
278.477,0.00011044210747113754
278.542,0.00012223592001991642
278.608,0.00013880238820837651
278.674,0.00016002860050911842
278.739,0.0001865860985519763
278.805,0.0002182519815612584
278.871,0.0002760855464154266
278.936,0.00036670584045906985
279.002,0.000567073688830579
279.067,0.0007622596883771597
279.133,0.0007575919281352318
279.199,0.0006789470187292722
279.264,0.0007188532066472126
279.33,0.0008482501215444831
279.395,0.001126416231781005
279.461,0.0014394214010630551
279.527,0.0015979095921281252
279.592,0.0015061573557171646
279.658,0.0012618883269762116
279.723,0.0012225252464521876
279.789,0.0012733732942144535
279.854,0.0011364119089984032
279.92,0.0009233924694654148
279.985,0.0008284623076902046
280.051,0.0008467405386130532
280.116,0.0010151839307899588
280.182,0.0013519410917284887
280.247,0.0015433470236559672
280.313,0.00130498108440132
280.378,0.0009048729049426855
280.444,0.0006396479954595837
280.509,0.0004916230222432751
280.574,0.0003962154238708728
280.64,0.0003266440429668797
280.705,0.00028603241791377106
280.771,0.00024919857410239156
280.836,0.00021797248128553145
280.902,0.00019361482358717577
280.967,0.00017497002915154236
281.032,0.00015868508042580462
281.098,0.00014011927956317452
281.163,0.00012674849993146736
281.229,0.00011422012145766684
281.294,0.00010235053880779064
281.359,9.179972320688658e-05
281.425,8.226395304209587e-05
281.49,7.35802217157383e-05
281.555,6.582749980295036e-05
281.621,5.8949874065744534e-05
281.686,5.2967900718233326e-05
281.751,4.781011432385228e-05
281.816,4.3281846057634495e-05
281.882,3.923374367617025e-05
281.947,3.554718766733694e-05
282.012,3.2241284861213745e-05
282.078,2.9423813820209802e-05
282.143,2.6425528489305576e-05
282.208,2.3203634571499132e-05
282.273,2.3704873535325477e-05
282.339,2.0335080695347175e-05
282.404,1.705998303640445e-05
282.469,1.5214175015804656e-05
282.534,1.412194891028255e-05
282.6,1.2963578005501559e-05
282.665,1.1788415006958453e-05
282.73,1.0591526041502173e-05
282.795,9.362794387188394e-06
282.86,8.225330745593755e-06
282.926,7.175083672705491e-06
282.991,6.199014616500497e-06
283.056,5.2857433627595e-06
283.121,4.426141087675516e-06
283.186,3.6271136797921225e-06
283.251,2.8836631476158208e-06
283.316,2.1921221822074273e-06
283.382,1.5486633386994477e-06
283.447,9.61245838853063e-07
283.512,4.411321671608036e-07
283.577,0.0
283.642,0.0
283.707,0.0
283.772,0.0
283.837,0.0
283.902,0.0
283.967,0.0
284.032,0.0
284.097,1.1189225946590301e-07
284.163,0.0
284.228,0.0
284.293,9.561759286833904e-07
284.358,2.5705188666507295e-06
284.423,4.379197048721695e-06
284.488,6.317809878643011e-06
284.553,8.384079145716126e-06
284.618,1.1188889288289262e-05
284.683,1.5533448924842275e-05
284.748,2.0913228274538552e-05
284.812,2.5203778167118178e-05
284.877,4.194497446036057e-05
284.942,6.046490829295267e-05
285.007,8.582695938193357e-05
285.072,0.00015514289539857472
285.137,0.0003042170523858727
285.202,0.0004292444350680501
285.267,0.00035943404508693554
285.332,0.00021676452002277765
285.397,0.0001357099163262112
285.462,9.431672457017014e-05
285.527,6.655302559267747e-05
285.591,4.857413070261356e-05
285.656,3.695561275885953e-05
285.721,2.8919330774571384e-05
285.786,2.3053169755159163e-05
285.851,1.8944693653456814e-05
285.916,1.5818983649236215e-05
285.981,1.3245755497139086e-05
286.045,1.1075650544493352e-05
286.11,9.080128984910866e-06
286.175,7.3499551813157975e-06
286.24,5.937173046108852e-06
286.305,4.818129382361873e-06
286.369,3.978808549345414e-06
286.434,3.3213927531291682e-06
286.499,2.759474754996678e-06
286.564,2.2621109635791736e-06
286.628,1.8248902028206272e-06
286.693,1.4252855078673876e-06
286.758,1.0450918440247679e-06
286.823,6.789619484027358e-07
286.887,2.3304853631156225e-07
286.952,0.0
287.017,0.0
287.082,6.163039940731184e-07
287.146,0.0
287.211,0.0
287.276,0.0
287.34,0.0
287.405,0.0
287.47,0.0
287.534,0.0
287.599,0.0
287.663,0.0
287.728,0.0
287.793,0.0
287.857,0.0
287.922,0.0
287.987,0.0
288.051,0.0
288.116,0.0
288.18,0.0
288.245,0.0
288.309,0.0
288.374,0.0
288.439,0.0
288.503,0.0
288.568,0.0
288.632,0.0
288.697,0.0
288.761,0.0
288.826,0.0
288.89,0.0
288.955,0.0
289.019,1.533099627925462e-07
289.084,0.0
289.148,0.0
289.212,0.0
289.277,0.0
289.341,0.0
289.406,0.0
289.47,0.0
289.535,0.0
289.599,0.0
289.663,0.0
289.728,0.0
289.792,1.247605162973312e-06
289.857,3.856413240612841e-07
289.921,1.0047492571938865e-07
289.985,3.8960087357547417e-07
290.05,5.905247830118394e-07
290.114,7.079015058606373e-07
290.178,8.290005264270237e-07
290.243,9.630704379968269e-07
290.307,1.1165524210306792e-06
290.371,1.2924599723103958e-06
290.436,1.492815764096598e-06
290.5,1.738478685609319e-06
290.564,2.03203055849354e-06
290.629,2.372265246930986e-06
290.693,2.744026805495341e-06
290.757,3.1250181389270548e-06
290.821,3.5098168514390143e-06
290.886,3.909739490222207e-06
290.95,4.35946779436765e-06
291.014,4.784950003539401e-06
291.078,5.202909835670448e-06
291.143,5.5973727946176e-06
291.207,6.067117241417262e-06
291.271,6.933793200666317e-06
291.335,8.238627099989354e-06
291.399,9.93942888929613e-06
291.464,1.1620609018774045e-05
291.528,1.2645432061789207e-05
291.592,1.2731407174991888e-05
291.656,1.1896836256107321e-05
291.72,1.0553753447858835e-05
291.784,9.238644116356562e-06
291.849,8.310442949536645e-06
291.913,7.831627237697063e-06
291.977,7.728499531950551e-06
292.041,7.86997864237195e-06
292.105,8.098101094510014e-06
292.169,8.460196237833004e-06
292.233,9.030083255328917e-06
292.297,1.0050077592397389e-05
292.361,1.188449606371712e-05
292.425,1.4457799097010105e-05
292.49,1.771729192269006e-05
292.554,2.1103324823115916e-05
292.618,2.407308457299526e-05
292.682,3.106417429385625e-05
292.746,4.950302127717442e-05
292.81,8.056461022345722e-05
292.874,0.00012066058293772806
292.938,0.00012834641880639524
293.002,0.00010860787746006172
293.066,9.355503037307947e-05
293.13,8.209789146207012e-05
293.194,7.345047435096742e-05
293.258,6.839251465596856e-05
293.322,6.634010473510644e-05
293.386,6.74463773414142e-05
293.45,7.59728293356288e-05
293.514,9.743077629599332e-05
293.577,0.00014612669790846908
293.641,0.00021628199879272826
293.705,0.00023807291126094304
293.769,0.00020843178609728156
293.833,0.00017643865683793206
293.897,0.00014725972950913074
293.961,0.000123698460187724
294.025,0.00010530039605529206
294.089,9.106785780525658e-05
294.152,7.987134734951845e-05
294.216,7.06509266429155e-05
294.28,6.2804055188647e-05
294.344,5.593368947199083e-05
294.408,4.9892208843055096e-05
294.472,4.458294419231171e-05
294.536,3.9895152706818846e-05
294.599,3.575391526400307e-05
294.663,3.207756629243539e-05
294.727,2.884227715006531e-05
294.791,2.6018404658929866e-05
294.855,2.3544392178979884e-05
294.918,2.134937986670862e-05
294.982,1.937387984945204e-05
295.046,1.7569207919971375e-05
295.11,1.5902518816390065e-05
295.173,1.4353334485959243e-05
295.237,1.2895734784912502e-05
295.301,1.1514228191535053e-05
295.364,1.0208583471389174e-05
295.428,8.985989485804829e-06
295.492,7.852939960347984e-06
295.556,6.818174165432764e-06
295.619,5.884268597625399e-06
295.683,5.050381941029612e-06
295.747,4.316294954266295e-06
295.81,3.6787816438108437e-06
295.874,3.130061777219408e-06
295.938,2.6598388867264533e-06
296.001,2.25724617196193e-06
296.065,1.91018418049449e-06
296.128,1.611829064466267e-06
296.192,1.3569638779823647e-06
296.256,1.1414355492849733e-06
296.319,9.618488127092907e-07
296.383,8.150143475510501e-07
296.447,6.968319142625646e-07
296.51,6.042431760205452e-07
296.574,5.32698934335616e-07
296.637,4.770602400590023e-07
296.701,4.3182345574153695e-07
296.764,3.9163963288171875e-07
296.828,3.5246675149832875e-07
296.891,3.1191532379078946e-07
296.955,2.6865875816366214e-07
297.018,2.220863934414164e-07
297.082,1.7348739618565684e-07
297.145,1.2287763854763508e-07
297.209,7.06381231419526e-08
297.272,1.722560223468682e-08
297.336,0.0
297.399,0.0
297.463,0.0
297.526,0.0
297.59,0.0
297.653,0.0
297.717,0.0
297.78,0.0
297.843,0.0
297.907,0.0
297.97,0.0
298.034,0.0
298.097,0.0
298.16,0.0
298.224,0.0
298.287,0.0
298.35,0.0
298.414,0.0
298.477,0.0
298.54,0.0
298.604,0.0
298.667,0.0
298.73,0.0
298.794,0.0
298.857,0.0
298.92,0.0
298.984,0.0
299.047,0.0
299.11,0.0
299.173,0.0
299.237,0.0
299.3,0.0
299.363,0.0
299.426,0.0
299.489,0.0
299.553,0.0
299.616,0.0
299.679,0.0
299.742,0.0
299.805,0.0
299.868,0.0
299.932,0.0
299.995,0.0
300.058,0.0
300.121,0.0
300.184,0.0
300.247,0.0
300.31,0.0
300.374,0.0
300.437,0.0
300.5,0.0
300.563,0.0
300.626,0.0
300.689,0.0
300.752,0.0
300.815,0.0
300.878,0.0
300.941,0.0
301.004,0.0
301.067,0.0
301.13,0.0
301.193,0.0
301.256,0.0
301.319,0.0
301.382,0.0
301.445,0.0
301.508,0.0
301.571,0.0
301.634,0.0
301.697,0.0
301.76,0.0
301.823,0.0
301.885,0.0
301.948,0.0
302.011,0.0
302.074,0.0
302.137,0.0
302.2,0.0
302.263,0.0
302.326,0.0
302.388,0.0
302.451,0.0
302.514,0.0
302.577,0.0
302.64,0.0
302.703,0.0
302.765,0.0
302.828,0.0
302.891,0.0
302.954,0.0
303.016,0.0
303.079,0.0
303.142,0.0
303.205,0.0
303.267,0.0
303.33,0.0
303.393,0.0
303.456,0.0
303.518,0.0
303.581,0.0
303.644,0.0
303.706,0.0
303.769,0.0
303.832,0.0
303.894,0.0
303.957,0.0
304.02,0.0
304.082,0.0
304.145,0.0
304.207,0.0
304.27,0.0
304.333,0.0
304.395,0.0
304.458,0.0
304.52,0.0
304.583,0.0
304.646,0.0
304.708,0.0
304.771,0.0
304.833,0.0
304.896,0.0
304.958,0.0
305.021,0.0
305.083,0.0
305.146,0.0
305.208,0.0
305.271,0.0
305.333,0.0
305.396,0.0
305.458,0.0
305.52,0.0
305.583,0.0
305.645,0.0
305.708,0.0
305.77,0.0
305.833,0.0
305.895,0.0
305.957,0.0
306.02,0.0
306.082,0.0
306.144,0.0
306.207,0.0
306.269,0.0
306.331,0.0
306.394,0.0
306.456,0.0
306.518,0.0
306.581,0.0
306.643,0.0
306.705,0.0
306.768,0.0
306.83,0.0
306.892,0.0
306.954,0.0
307.017,0.0
307.079,0.0
307.141,0.0
307.203,0.0
307.266,0.0
307.328,0.0
307.39,4.5693800970714416e-08
307.452,1.1440463138348152e-07
307.514,1.9044495060083524e-07
307.577,2.71900584441754e-07
307.639,3.5858129969507224e-07
307.701,4.501219399022479e-07
307.763,5.459814509279707e-07
307.825,6.455394187648388e-07
307.887,7.504914688619138e-07
307.949,8.656746127596041e-07
308.012,9.97819450653588e-07
308.074,1.148855831002806e-06
308.136,1.3205492586117908e-06
308.198,1.514541819146482e-06
308.26,1.7325945958715994e-06
308.322,1.9760688854303356e-06
308.384,2.245434062301155e-06
308.446,2.54331457935066e-06
308.508,2.856130979047484e-06
308.57,3.1933564428881153e-06
308.632,3.5537567382260644e-06
308.694,3.936044639385875e-06
308.756,4.33891321422563e-06
308.818,4.768489294267081e-06
308.88,5.2191867663607585e-06
308.942,5.6665990101919805e-06
309.004,6.187379241243308e-06
309.066,6.662968754369667e-06
309.128,7.084541724446247e-06
309.19,8.205901610107576e-06
309.252,9.779634149916163e-06
309.314,7.2068700308007675e-06
309.376,9.041712630115194e-06
309.438,1.0783404261676013e-05
309.5,7.981941755033088e-06
309.562,9.130188641226538e-06
309.624,9.70446959766316e-06
309.686,9.464160833439888e-06
309.747,9.1634086910395e-06
309.809,8.81490604057866e-06
309.871,8.331275346071515e-06
309.933,7.828476386333812e-06
309.995,7.3219772482348644e-06
310.057,6.81998754543943e-06
310.119,6.3311609991229385e-06
310.18,5.863966013706344e-06
310.242,5.427076141678283e-06
310.304,5.028293201246e-06
310.366,4.673253122678905e-06
310.428,4.338671435914132e-06
310.489,4.014374611500742e-06
310.551,3.6997661329165503e-06
310.613,3.396110029978752e-06
310.675,3.10470256739794e-06
310.737,2.826867065609777e-06
310.798,2.562213420599676e-06
310.86,2.312080555584883e-06
310.922,2.077801030359658e-06
310.983,1.858693602346088e-06
311.045,1.6535095486647858e-06
311.107,1.4606490325074115e-06
311.169,1.2784856228996719e-06
311.23,1.1052968507343554e-06
311.292,9.395683317065117e-07
311.354,7.804960817587545e-07
311.415,6.293958611368078e-07
311.477,4.891966031027301e-07
311.539,3.6082377404727635e-07
311.6,2.449797208346372e-07
311.662,1.422685709401958e-07
311.724,5.314906115749433e-08
311.785,0.0
311.847,0.0
311.908,0.0
311.97,0.0
312.032,0.0
312.093,0.0
312.155,0.0
312.216,0.0
312.278,0.0
312.339,0.0
312.401,0.0
312.462,0.0
312.524,0.0
312.585,0.0
312.647,2.3445632510459266e-08
312.708,7.09087138317254e-08
312.77,1.192776938871345e-07
312.831,1.6759491279431956e-07
312.893,2.1522050801430184e-07
312.954,2.6159542066046655e-07
313.016,3.0637625655672563e-07
313.077,3.493968378755665e-07
313.139,3.905245912130015e-07
313.2,4.2966709808257154e-07
313.261,4.6671410180498314e-07
313.323,5.014266301651938e-07
313.384,5.336487886484875e-07
313.446,5.630333971518484e-07
313.507,5.892421860641094e-07
313.568,6.119684204465475e-07
313.63,6.309433535889643e-07
313.691,6.45988612198176e-07
313.752,6.570810225625489e-07
313.814,6.643174862901345e-07
313.875,6.678402839518527e-07
313.936,6.678285793263986e-07
313.998,6.645095718609902e-07
314.059,6.581060333406338e-07
314.12,6.489003447189509e-07
314.182,6.371712743446157e-07
314.243,6.231321670628968e-07
314.304,6.069724062662459e-07
314.365,5.888554273390915e-07
314.427,5.689643811075452e-07
314.488,5.475604794718012e-07
314.549,5.250133354259061e-07
314.61,5.016332800089712e-07
314.672,4.777176164578574e-07
314.733,4.536108253852334e-07
314.794,4.296036859014463e-07
314.855,4.05972173583291e-07
314.917,3.829656661066104e-07
314.978,3.606767020518813e-07
315.039,3.3909125215697145e-07
315.1,3.181866872126472e-07
315.161,2.9795262138851514e-07
315.222,2.784325401486056e-07
315.283,2.5973949338685004e-07
315.345,2.419305873181443e-07
315.406,2.2507283920515082e-07
315.467,2.0926115112662918e-07
315.528,1.9458402423130431e-07
315.589,1.8117303977189952e-07
315.65,1.691267500222592e-07
315.711,1.5845316234635463e-07
315.772,1.4911108146773955e-07
315.833,1.4103271584866107e-07
315.894,1.3415609619041153e-07
315.955,1.2845967188236287e-07
316.016,1.2395484591873042e-07
316.078,1.2059543259889854e-07
316.139,1.183240640862772e-07
316.2,1.1710734961833531e-07
316.261,1.1691124974443503e-07
316.322,1.177251738556858e-07
316.383,1.195142188258353e-07
316.444,1.2214970667857086e-07
316.504,1.25401851064076e-07
316.565,1.2905874234604383e-07
316.626,1.3292685441242077e-07
316.687,1.3680501486578995e-07
316.748,1.4054200777920897e-07
316.809,1.4396631185865278e-07
316.87,1.469264529070364e-07
316.931,1.4938640680519704e-07
316.992,1.5138503602323957e-07
317.053,1.5299554909478138e-07
317.114,1.542720512321391e-07
317.175,1.5519745102195558e-07
317.235,1.5569834040587295e-07
317.296,1.5572240626528753e-07
317.357,1.5522338916948573e-07
317.418,1.541532544553269e-07
317.479,1.5247890689219659e-07
317.54,1.5010687419863225e-07
317.601,1.4696620140971953e-07
317.661,1.4305800904731043e-07
317.722,1.3840568261478452e-07
317.783,1.3308404356354267e-07
317.844,1.2715193510401456e-07
317.904,1.205849826261035e-07
317.965,1.1332855047083043e-07
318.026,1.0535360060620622e-07
318.087,9.666016852721622e-08
318.148,8.727304164555931e-08
318.208,7.722539162746527e-08
318.269,6.652520031543797e-08
318.33,5.52074443749533e-08
318.39,4.339205014482508e-08
318.451,3.128550330405191e-08
318.512,1.9131345438484815e-08
318.572,7.148123068006989e-09
318.633,0.0
318.694,0.0
318.754,0.0
318.815,0.0
318.876,0.0
318.936,0.0
318.997,0.0
319.058,0.0
319.118,0.0
319.179,0.0
319.239,0.0
319.3,0.0
319.361,0.0
319.421,0.0
319.482,0.0
319.542,0.0
319.603,0.0
319.663,0.0
319.724,0.0
319.784,0.0
319.845,0.0
319.905,0.0
319.966,0.0
320.026,0.0
320.087,0.0
320.147,0.0
320.208,0.0
320.268,0.0
320.329,0.0
320.389,0.0
320.449,0.0
320.51,0.0
320.57,0.0
320.631,0.0
320.691,0.0
320.751,0.0
320.812,0.0
320.872,0.0
320.932,0.0
320.993,0.0
321.053,0.0
321.113,0.0
321.174,0.0
321.234,0.0
321.294,0.0
321.355,0.0
321.415,0.0
321.475,0.0
321.535,0.0
321.596,0.0
321.656,0.0
321.716,0.0
321.776,0.0
321.837,0.0
321.897,0.0
321.957,0.0
322.017,0.0
322.077,0.0
322.138,0.0
322.198,0.0
322.258,0.0
322.318,0.0
322.378,0.0
322.438,0.0
322.499,0.0
322.559,0.0
322.619,0.0
322.679,0.0
322.739,0.0
322.799,0.0
322.859,0.0
322.919,0.0
322.979,0.0
323.039,0.0
323.099,0.0
323.159,0.0
323.219,0.0
323.279,0.0
323.339,0.0
323.399,0.0
323.459,0.0
323.519,0.0
323.579,0.0
323.639,0.0
323.699,9.887943474890071e-09
323.759,3.580872314101289e-08
323.819,6.182225861946904e-08
323.879,8.779991180080484e-08
323.939,1.1360020323320861e-07
323.999,1.3913412722162344e-07
324.059,1.6436969737234684e-07
324.119,1.892842925854743e-07
324.178,2.138020142976497e-07
324.238,2.3781399402791182e-07
324.298,2.611945204859274e-07
324.358,2.838976237163876e-07
324.418,3.058911796754333e-07
324.478,3.270985250382003e-07
324.538,3.4744113903388306e-07
324.597,3.667981407061793e-07
324.657,3.851249860995069e-07
324.717,4.0245876759094174e-07
324.777,4.1884448183891785e-07
324.837,4.3431627370915755e-07
324.896,4.488786098140284e-07
324.956,4.6255409735263756e-07
325.016,4.753788037663055e-07
325.076,4.87415915798576e-07
325.135,4.98798326896087e-07
325.195,5.096931485348469e-07
325.255,5.202414983554186e-07
325.315,5.305338377873884e-07
325.374,5.406700316518e-07
325.434,5.50695001869041e-07
325.494,5.606066922841346e-07
325.553,5.703957426188616e-07
325.613,5.798637804147599e-07
325.673,5.887289291143024e-07
325.732,5.96715155323446e-07
325.792,6.036144578062385e-07
325.852,6.092575650767169e-07
325.911,6.134576890572613e-07
325.971,6.159600039823477e-07
326.031,6.167063295360029e-07
326.09,6.156830323588791e-07
326.15,6.126552395870247e-07
326.209,6.074353802924191e-07
326.269,5.998352292285805e-07
326.328,5.896777384416307e-07
326.388,5.76874618427175e-07
326.448,5.614340287705548e-07
326.507,5.435821034917446e-07
326.567,5.232625807873084e-07
326.626,5.002977221298752e-07
326.686,4.745299303332744e-07
326.745,4.457894800727684e-07
326.805,4.139436002891332e-07
326.864,3.788534329551951e-07
326.924,3.403576223615106e-07
326.983,2.9805533752238696e-07
327.043,2.5136810074849035e-07
327.102,1.9971624671273223e-07
327.161,1.426445606893221e-07
327.221,8.004666414393799e-08
327.28,1.1651508651609962e-08
327.34,0.0
327.399,0.0
327.459,0.0
327.518,0.0
327.577,0.0
327.637,0.0
327.696,0.0
327.755,0.0
327.815,0.0
327.874,0.0
327.933,0.0
327.993,0.0
328.052,0.0
328.111,0.0
328.171,0.0
328.23,0.0
328.289,0.0
328.349,0.0
328.408,0.0
328.467,0.0
328.526,0.0
328.586,0.0
328.645,0.0
328.704,0.0
328.763,0.0
328.822,0.0
328.882,3.623414647229975e-09
328.941,5.3766253837925375e-08
329.0,9.370605788482831e-08
329.059,1.2682022587669352e-07
329.118,1.611114231307721e-07
329.177,2.0486475216745272e-07
329.237,2.8102985267246085e-07
329.296,4.0277978117135176e-07
329.355,6.013221156818065e-07
329.414,8.818994787561564e-07
329.473,1.2215147275740137e-06
329.532,1.6179424668037348e-06
329.591,2.1127119845771246e-06
329.65,2.721414498452688e-06
329.709,3.5058684338028122e-06
329.768,4.393464151337535e-06
329.827,5.156355625870608e-06
329.886,5.801145508328221e-06
329.945,6.01138307757732e-06
330.004,6.35108823768842e-06
330.063,9.187098499443616e-06
330.122,1.545727453652533e-05
330.181,2.204769673123412e-05
330.24,2.334377994999394e-05
330.299,1.5056124494853755e-05
330.358,9.074660005880818e-06
330.417,5.050997453644112e-06
330.476,2.591805517315834e-06
330.535,1.3836668540033801e-06
330.594,1.0318621692967587e-06
330.653,9.353598192830038e-07
330.712,8.301532651228912e-07
330.771,6.695722041344716e-07
330.83,4.344378189891637e-07
330.889,1.7299837690558274e-07
330.948,0.0
331.006,0.0
331.065,0.0
331.124,0.0
331.183,0.0
331.242,0.0
331.301,0.0
331.359,0.0
331.418,0.0
331.477,0.0
331.536,0.0
331.595,0.0
331.653,0.0
331.712,0.0
331.771,0.0
331.83,0.0
331.888,0.0
331.947,0.0
332.006,0.0
332.065,0.0
332.123,0.0
332.182,0.0
332.241,0.0
332.299,0.0
332.358,0.0
332.417,0.0
332.475,0.0
332.534,0.0
332.592,0.0
332.651,0.0
332.71,1.3157298936170566e-08
332.768,2.1946380115294194e-07
332.827,4.283896959586996e-07
332.885,6.375856785850209e-07
332.944,8.275622963782481e-07
333.003,9.960903890215257e-07
333.061,1.141594662081702e-06
333.12,1.26283390264848e-06
333.178,1.359283520396895e-06
333.237,1.4310463972793527e-06
333.295,1.478351934070217e-06
333.354,1.5013636823255312e-06
333.412,1.602992400920416e-06
333.471,1.7833464841007344e-06
333.529,2.042512202826251e-06
333.588,2.380330107390182e-06
333.646,2.621166966594698e-06
333.705,2.764913023011512e-06
333.763,2.811628840744261e-06
333.822,2.761492316656706e-06
333.88,2.7176612428661234e-06
333.938,2.6806023698154473e-06
333.997,2.650719445816355e-06
334.055,2.6281978176672313e-06
334.114,2.613432149935444e-06
334.172,2.6068999767981175e-06
334.23,2.6087969704561083e-06
334.289,2.619417153279604e-06
334.347,2.6218829904819628e-06
334.405,2.6164885755840652e-06
334.464,2.6038666805094272e-06
334.522,2.5846275491963453e-06
334.58,2.5594123211622717e-06
334.639,2.528895755325703e-06
334.697,2.493724957226175e-06
334.755,2.454477038584793e-06
334.814,2.4137490759458276e-06
334.872,2.3720108022986243e-06
334.93,2.3296093621404258e-06
334.988,2.2868761887475397e-06
335.047,2.2439947567699335e-06
335.105,2.201035918162069e-06
335.163,2.1580514069841945e-06
335.221,2.1150870794874807e-06
335.28,2.0722283665574777e-06
335.338,2.0295704593264856e-06
335.396,1.9871791898505617e-06
335.454,1.9450584727891085e-06
335.512,1.9031789182672654e-06
335.57,1.861459785689482e-06
335.629,1.819727484997908e-06
335.687,1.7777911593673596e-06
335.745,1.7353811723893807e-06
335.803,1.692200942214035e-06
335.861,1.6480086076328627e-06
335.919,1.6026171854840216e-06
335.977,1.5558939018036134e-06
336.035,1.5077740847943718e-06
336.094,1.4582796304374928e-06
336.152,1.4074184923929674e-06
336.21,1.355250827047547e-06
336.268,1.3018559102182394e-06
336.326,1.2472951272663395e-06
336.384,1.1917153337027195e-06
336.442,1.1352492815467732e-06
336.5,1.0780200632148278e-06
336.558,1.034995904649732e-06
336.616,1.00635536281526e-06
336.674,9.923013200603745e-07
336.732,9.930525341114342e-07
336.79,8.852772323716763e-07
336.848,6.690959779105862e-07
336.906,3.446182163469574e-07
336.964,0.0
337.022,1.1222872710359619e-07
337.08,9.455421158715676e-07
337.138,1.1467254512402826e-06
337.195,7.156408363769109e-07
337.253,3.9337693344388707e-07
337.311,1.7981142095735402e-07
337.369,7.486513563887656e-08
337.427,7.84973895211969e-08
337.485,6.718708528124766e-08
337.543,4.094923434041551e-08
337.601,0.0
337.658,0.0
337.716,0.0
337.774,0.0
337.832,0.0
337.89,0.0
337.947,0.0
338.005,0.0
338.063,0.0
338.121,0.0
338.178,0.0
338.236,0.0
338.294,0.0
338.352,0.0
338.409,0.0
338.467,0.0
338.525,0.0
338.583,0.0
338.64,0.0
338.698,0.0
338.756,0.0
338.813,0.0
338.871,0.0
338.928,0.0
338.986,0.0
339.044,0.0
339.101,0.0
339.159,0.0
339.216,0.0
339.274,0.0
339.332,0.0
339.389,0.0
339.447,0.0
339.504,0.0
339.562,0.0
339.619,0.0
339.677,0.0
339.734,0.0
339.792,0.0
339.849,0.0
339.907,0.0
339.964,0.0
340.022,0.0
340.079,0.0
340.137,0.0
340.194,0.0
340.252,0.0
340.309,0.0
340.366,0.0
340.424,0.0
340.481,0.0
340.538,0.0
340.596,0.0
340.653,0.0
340.711,0.0
340.768,0.0
340.825,0.0
340.883,0.0
340.94,0.0
340.997,0.0
341.054,0.0
341.112,0.0
341.169,0.0
341.226,0.0
341.284,0.0
341.341,0.0
341.398,0.0
341.455,0.0
341.512,0.0
341.57,0.0
341.627,0.0
341.684,0.0
341.741,0.0
341.798,0.0
341.856,0.0
341.913,0.0
341.97,0.0
342.027,0.0
342.084,0.0
342.141,0.0
342.198,0.0
342.255,0.0
342.313,0.0
342.37,0.0
342.427,0.0
342.484,0.0
342.541,0.0
342.598,0.0
342.655,0.0
342.712,0.0
342.769,0.0
342.826,0.0
342.883,0.0
342.94,0.0
342.997,0.0
343.054,0.0
343.111,0.0
343.168,0.0
343.225,0.0
343.282,0.0
343.339,1.0052138211573644e-07
343.395,2.0158363334775343e-07
343.452,3.0056358450737423e-07
343.509,3.9685621370132517e-07
343.566,4.898641241352916e-07
343.623,5.789612994375647e-07
343.68,6.635568543757583e-07
343.737,7.430693093378594e-07
343.794,8.168751063539314e-07
343.85,8.862494176683922e-07
343.907,9.506231585166532e-07
343.964,1.0094765350616281e-06
344.021,1.062379781342432e-06
344.078,1.1090376930136848e-06
344.134,1.1491705105502753e-06
344.191,1.1825354792996667e-06
344.248,1.2090082641412945e-06
344.305,1.2284924573096918e-06
344.361,1.240960061585157e-06
344.418,1.2464847532846572e-06
344.475,1.2451889624374387e-06
344.532,1.2372492254109238e-06
344.588,1.2228924249164581e-06
344.645,1.2023787966538005e-06
344.702,1.175988651440702e-06
344.758,1.1440832341781617e-06
344.815,1.1070956042899363e-06
344.872,1.0654576908618927e-06
344.928,1.0195967933446635e-06
344.985,9.699410977813347e-07
345.042,9.169750364600783e-07
345.098,8.61246811808914e-07
345.155,8.033213833016687e-07
345.212,7.437322323605703e-07
345.268,6.829706700203607e-07
345.325,6.214904040756954e-07
345.381,5.597233516373992e-07
345.438,4.981035603990563e-07
345.495,4.370129757909836e-07
345.551,3.7683872969794226e-07
345.608,3.180278768606974e-07
345.664,2.610403242703363e-07
345.721,2.0629795751750242e-07
345.777,1.5418213221956277e-07
345.834,1.0502571677053182e-07
345.89,5.906568325708217e-08
345.947,1.6528153741214435e-08
346.003,0.0
346.06,0.0
346.116,0.0
346.173,0.0
346.229,0.0
346.285,0.0
346.342,0.0
346.398,0.0
346.455,0.0
346.511,0.0
346.567,0.0
346.624,0.0
346.68,0.0
346.737,0.0
346.793,0.0
346.849,0.0
346.906,0.0
346.962,0.0
347.018,0.0
347.074,0.0
347.131,0.0
347.187,0.0
347.243,0.0
347.3,0.0
347.356,0.0
347.412,0.0
347.468,0.0
347.524,0.0
347.581,0.0
347.637,0.0
347.693,0.0
347.749,0.0
347.805,0.0
347.862,0.0
347.918,0.0
347.974,0.0
348.03,0.0
348.086,0.0
348.142,0.0
348.198,0.0
348.254,0.0
348.311,0.0
348.367,0.0
348.423,0.0
348.479,0.0
348.535,0.0
348.591,0.0
348.647,0.0
348.703,0.0
348.759,0.0
348.815,0.0
348.871,0.0
348.927,0.0
348.983,0.0
349.039,0.0
349.095,0.0
349.151,0.0
349.207,0.0
349.263,0.0
349.319,0.0
349.374,0.0
349.43,0.0
349.486,1.421275744292594e-08
349.542,3.866119485518632e-08
349.598,6.331529842990626e-08
349.654,8.807282427572906e-08
349.71,1.1288408065105712e-07
349.766,1.376804939853865e-07
349.821,1.6237957326526368e-07
349.877,1.8693321138053256e-07
349.933,2.1130786143918926e-07
349.989,2.354688981824735e-07
350.045,2.593955773621205e-07
350.1,2.830346300518175e-07
350.156,3.062782565042686e-07
350.212,3.2902027154729546e-07
350.268,3.511296306826489e-07
350.323,3.724687098861723e-07
350.379,3.928993176814488e-07
350.435,4.122415195015971e-07
350.491,4.3036530423009896e-07
350.546,4.472219022832935e-07
350.602,4.627628299467948e-07
350.658,4.769582900117462e-07
350.713,4.898075558073315e-07
350.769,5.012861491687599e-07
350.825,5.114233798199026e-07
350.88,5.203259418060232e-07
350.936,5.280499912563841e-07
350.992,5.345984547965281e-07
351.047,5.399831806877968e-07
351.103,5.441814678975385e-07
351.158,5.47163744349446e-07
351.214,5.489763055774375e-07
351.27,5.496670615036828e-07
351.325,5.492288246499605e-07
351.381,5.476664863416962e-07
351.436,5.449753606413493e-07
351.492,5.411136731516923e-07
351.547,5.360646623996234e-07
351.603,5.298234333752079e-07
351.658,5.223475225755463e-07
351.714,5.135706401614136e-07
351.769,5.034471655859809e-07
351.825,4.919399140165994e-07
351.88,4.790515203868924e-07
351.936,4.6482130315501615e-07
351.991,4.492914134246954e-07
352.047,4.3256432809929797e-07
352.102,4.147474011847298e-07
352.158,3.959674757829346e-07
352.213,3.764014526175714e-07
352.268,3.5616265545361926e-07
352.324,3.3530918585163055e-07
352.379,3.1392671041726827e-07
352.434,2.920952686152622e-07
352.49,2.6988461118668424e-07
352.545,2.4742018289925385e-07
352.601,2.2480623734660514e-07
352.656,2.0209308055386628e-07
352.711,1.7938690362425575e-07
352.767,1.5684358577568474e-07
352.822,1.3460828242183575e-07
352.877,1.1284525666151132e-07
352.932,9.169373318861315e-08
352.988,7.119618955207152e-08
353.043,5.136504002243329e-08
353.098,3.224824410499154e-08
353.153,1.389634924856154e-08
353.209,0.0
353.264,0.0
353.319,0.0
353.374,0.0
353.43,0.0
353.485,0.0
353.54,0.0
353.595,0.0
353.65,0.0
353.705,0.0
353.761,0.0
353.816,0.0
353.871,0.0
353.926,0.0
353.981,0.0
354.036,0.0
354.091,0.0
354.146,0.0
354.201,0.0
354.256,0.0
354.311,0.0
354.367,0.0
354.422,0.0
354.477,0.0
354.532,0.0
354.587,0.0
354.642,0.0
354.697,0.0
354.751,0.0
354.806,0.0
354.861,0.0
354.916,0.0
354.971,6.717208509436247e-09
355.026,0.0
355.081,0.0
355.136,2.2838722043754106e-07
355.191,1.251975508997032e-06
355.246,0.0
355.301,0.0
355.355,3.306585757400025e-07
355.41,2.612525872386127e-07
355.465,3.49569783312946e-07
355.52,0.0
355.575,0.0
355.63,1.3211606185001135e-06
355.684,3.47316511559704e-07
355.739,0.0
355.794,1.120451792104506e-07
355.849,2.0168237965868704e-07
355.904,2.131770716937871e-07
355.958,2.2433812581046422e-07
356.013,2.3510463385228855e-07
356.068,2.454747621961399e-07
356.123,2.554636115903169e-07
356.177,2.650576451313514e-07
356.232,2.742559357357951e-07
356.287,2.830841147529356e-07
356.341,2.915585261695778e-07
356.396,2.99701507873141e-07
356.451,3.0751918360807224e-07
356.505,3.149820265662145e-07
356.56,3.2203171800468125e-07
356.615,3.286097411435094e-07
356.669,3.3464940155797056e-07
356.724,3.4006028502853905e-07
356.778,3.447949496239897e-07
356.833,3.487937769355885e-07
356.888,3.5200699012082716e-07
356.942,3.543918848180713e-07
356.997,3.5587337630026147e-07
357.051,3.563834044170109e-07
357.106,3.559240437528807e-07
357.16,3.545267186311171e-07
357.215,3.522179244624891e-07
357.269,3.490037126155929e-07
357.324,3.448723646485371e-07
357.378,3.398461294236376e-07
357.433,3.340056373513549e-07
357.487,3.2744129771822414e-07
357.542,3.202338833608398e-07
357.596,3.1248032603652413e-07
357.651,3.042561246733157e-07
357.705,2.9566488695452876e-07
357.76,2.8683521261424795e-07
357.814,2.7788108541515204e-07
357.868,2.6891547847116685e-07
357.923,2.6004700223518757e-07
357.977,2.5135010364777516e-07
358.032,2.428333032865372e-07
358.086,2.3448240306941835e-07
358.14,2.2626338688330657e-07
358.195,2.1816687820595705e-07
358.249,2.1024493979528136e-07
358.303,2.025592942992085e-07
358.358,1.9511715176596142e-07
358.412,1.8789375220802502e-07
358.466,1.8087335986632543e-07
358.521,1.7397058688508595e-07
358.575,1.6737191071618834e-07
358.629,1.612498202523369e-07
358.683,1.557334415311584e-07
358.738,1.509299987165346e-07
358.792,1.4691770205782792e-07
358.846,1.435545963554705e-07
358.9,1.4080199483409952e-07
358.954,1.387722621126016e-07
359.009,1.3763321371028756e-07
359.063,1.3757412023622838e-07
359.117,1.3859135089687395e-07
359.171,1.407133380612503e-07
359.225,1.438613225952378e-07
359.28,1.4785525526887967e-07
359.334,1.5248317814409355e-07
359.388,1.574685466649574e-07
359.442,1.6246109880523417e-07
359.496,1.6707488420865064e-07
359.55,1.7086930838266614e-07
359.604,1.7336536468713715e-07
359.658,1.7418758011393221e-07
359.712,1.7311489375274996e-07
359.766,1.7014478574214108e-07
359.82,1.654424214736852e-07
359.875,1.5937633835376526e-07
359.929,1.5196148558288544e-07
359.983,1.4286695652146596e-07
360.037,1.3184469231838478e-07
360.091,1.1919825395753594e-07
360.145,1.055075366086666e-07
360.199,9.14405918490404e-08
360.253,7.806598162946351e-08
360.306,6.50304697240167e-08
360.36,5.227186025303683e-08
360.414,4.00932045282851e-08
360.468,2.91062047412569e-08
360.522,1.9636979340213833e-08
360.576,1.2756140549448672e-08
360.63,8.58176000243624e-09
360.684,6.239162219111834e-09
360.738,4.074433584505172e-09
360.792,1.4936243054515293e-09
360.846,0.0
360.899,0.0
360.953,0.0
361.007,0.0
361.061,0.0
361.115,0.0
361.168,0.0
361.222,0.0
361.276,0.0
361.33,0.0
361.384,0.0
361.437,0.0
361.491,0.0
361.545,0.0
361.599,0.0
361.652,0.0
361.706,0.0
361.76,6.750218308018266e-09
361.813,5.645418786483962e-08
361.867,1.247069370517751e-07
361.921,2.065402917452796e-07
361.974,2.986894110746555e-07
362.028,3.9407573724813834e-07
362.082,4.97407584362202e-07
362.135,5.933312468371622e-07
362.189,6.500507113960169e-07
362.242,6.442706949885057e-07
362.296,5.907064096855517e-07
362.35,4.975241785133889e-07
362.403,4.07200231312425e-07
362.457,2.892868914761578e-07
362.51,4.434784002125868e-08
362.564,0.0
362.617,0.0
362.671,0.0
362.724,0.0
362.778,1.777621339189614e-07
362.831,8.830068550030739e-07
362.885,4.4584353169492475e-07
362.938,0.0
362.998,8.25790779914636e-07
363.06,8.382441812594153e-07
363.122,8.480225286426759e-07
363.184,8.549007523421294e-07
363.246,8.587564095234286e-07
363.308,8.594608158961479e-07
363.37,8.569898635292516e-07
363.432,8.512436066484166e-07
363.494,8.420387179194958e-07
363.556,8.293577820993672e-07
363.618,8.132582460290679e-07
363.68,7.938939500926714e-07
363.742,7.714140182008692e-07
363.804,7.45908556267044e-07
363.866,7.175324889546469e-07
363.928,6.865683211864809e-07
363.99,6.533675730456843e-07
364.052,6.182428752420436e-07
364.114,5.815565913983083e-07
364.176,5.435582537180638e-07
364.238,5.045033031553606e-07
364.3,4.64837322565462e-07
364.362,4.2490551211873833e-07
364.424,3.8500450710745043e-07
364.486,3.4540193359601635e-07
364.548,3.0625286310320624e-07
364.609,2.676175161042396e-07
364.671,2.2961820423021536e-07
364.733,1.9248142067375775e-07
364.795,1.5631155756582766e-07
364.857,1.2128796595365793e-07
364.919,8.762437262859901e-08
364.981,5.54693299299149e-08
365.042,2.5088629330423008e-08
365.104,0.0
365.166,0.0
365.228,0.0
365.29,0.0
365.351,0.0
365.413,0.0
365.475,0.0
365.537,0.0
365.598,0.0
365.66,0.0
365.722,0.0
365.784,0.0
365.845,0.0
365.907,0.0
365.969,0.0
366.03,0.0
366.092,0.0
366.154,0.0
366.215,0.0
366.277,0.0
366.339,0.0
366.4,0.0
366.462,0.0
366.524,0.0
366.585,0.0
366.647,0.0
366.708,0.0
366.77,0.0
366.832,0.0
366.893,0.0
366.955,0.0
367.016,0.0
367.078,0.0
367.139,0.0
367.201,0.0
367.262,0.0
367.324,0.0
367.385,0.0
367.447,0.0
367.508,0.0
367.57,0.0
367.631,0.0
367.693,0.0
367.754,0.0
367.816,0.0
367.877,0.0
367.939,0.0
368.0,0.0
368.062,0.0
368.123,0.0
368.184,0.0
368.246,0.0
368.307,0.0
368.369,0.0
368.43,0.0
368.491,0.0
368.553,0.0
368.614,0.0
368.675,0.0
368.737,0.0
368.798,0.0
368.859,0.0
368.921,0.0
368.982,0.0
369.043,0.0
369.104,2.273489575758375e-08
369.166,5.089154425551372e-08
369.227,7.9806918193051e-08
369.288,1.0917652750117476e-07
369.349,1.3878606538398037e-07
369.411,1.6844509611893828e-07
369.472,1.9787654800759386e-07
369.533,2.2675424344735804e-07
369.594,2.548128954477219e-07
369.656,2.8199631901959065e-07
369.717,3.0837995103680437e-07
369.778,3.3387460303191745e-07
369.839,3.581772272991525e-07
369.9,3.8086130607268507e-07
369.961,4.015657759314717e-07
370.023,4.20118069971808e-07
370.084,4.363649133525527e-07
370.145,4.499521938204868e-07
370.206,4.604426612712585e-07
370.267,4.6748763625589454e-07
370.328,4.7090272353359205e-07
370.389,4.7077874253719626e-07
370.451,4.6730225258587715e-07
370.512,4.6051914100529947e-07
370.573,4.5034684672807384e-07
370.634,4.366466575548368e-07
370.695,4.1932763103733977e-07
370.756,3.983500903452219e-07
370.817,3.7373008453581005e-07
370.878,3.45372361430354e-07
370.939,3.1302059947058295e-07
371.0,2.765768232358348e-07
371.061,2.3611621046995e-07
371.122,1.9196261477052733e-07
371.183,1.4461610352065644e-07
371.244,9.450731920647343e-08
371.305,4.1941210046901874e-08
371.366,0.0
371.427,0.0
371.488,0.0
371.549,0.0
371.61,0.0
371.671,0.0
371.732,0.0
371.793,0.0
371.853,0.0
371.914,0.0
371.975,0.0
372.036,0.0
372.097,0.0
372.158,0.0
372.219,0.0
372.28,0.0
372.34,0.0
372.401,0.0
372.462,0.0
372.523,0.0
372.584,0.0
372.645,0.0
372.705,0.0
372.766,0.0
372.827,0.0
372.888,0.0
372.948,0.0
373.009,0.0
373.07,0.0
373.131,0.0
373.191,0.0
373.252,0.0
373.313,0.0
373.373,0.0
373.434,0.0
373.495,0.0
373.555,0.0
373.616,0.0
373.677,0.0
373.737,0.0
373.798,0.0
373.859,0.0
373.919,0.0
373.98,0.0
374.041,3.4224786586843645e-08
374.101,1.1512321225739349e-07
374.162,1.940744061957182e-07
374.222,2.7033740401251314e-07
374.283,3.431022071835548e-07
374.343,4.118026185144243e-07
374.404,4.7590003468131004e-07
374.465,5.348023849374134e-07
374.525,5.881372960962985e-07
374.586,6.355248025765186e-07
374.646,6.763203779928991e-07
374.707,7.099947154583135e-07
374.767,7.360371731784545e-07
374.828,7.537440681475356e-07
374.888,7.62637221050843e-07
374.949,7.623745255289223e-07
375.009,7.526580153449104e-07
375.07,7.334607018154012e-07
375.13,7.049027766612793e-07
375.19,6.670342566314524e-07
375.251,6.200517321808295e-07
375.311,5.643361853697799e-07
375.372,5.001363916977313e-07
375.432,4.2782108036820853e-07
375.493,3.4772839880286173e-07
375.553,2.599301982681907e-07
375.613,1.6471843387864143e-07
375.674,6.256530718598078e-08
375.734,0.0
375.794,0.0
375.855,0.0
375.915,0.0
375.975,0.0
376.036,0.0
376.096,0.0
376.156,0.0
376.217,0.0
376.277,0.0
376.337,0.0
376.398,0.0
376.458,0.0
376.518,0.0
376.578,0.0
376.639,0.0
376.699,0.0
376.759,0.0
376.819,0.0
376.88,0.0
376.94,0.0
377.0,0.0
377.06,0.0
377.12,0.0
377.18,0.0
377.241,0.0
377.301,0.0
377.361,0.0
377.421,0.0
377.481,0.0
377.541,0.0
377.601,0.0
377.661,0.0
377.722,0.0
377.782,0.0
377.842,0.0
377.902,0.0
377.962,0.0
378.022,0.0
378.082,0.0
378.142,0.0
378.202,0.0
378.262,0.0
378.322,0.0
378.382,0.0
378.442,0.0
378.502,0.0
378.562,0.0
378.622,0.0
378.682,0.0
378.742,0.0
378.802,0.0
378.862,0.0
378.921,0.0
378.981,0.0
379.041,0.0
379.101,0.0
379.161,0.0
379.221,0.0
379.281,0.0
379.341,0.0
379.401,0.0
379.46,0.0
379.52,0.0
379.58,0.0
379.64,0.0
379.7,0.0
379.759,0.0
379.819,8.503110955183588e-09
379.879,8.275502999093036e-08
379.939,1.5126252932536913e-07
379.999,2.121288898682184e-07
380.058,2.6258322085761805e-07
380.118,3.002832764163539e-07
380.178,3.248836457794159e-07
380.237,3.3669952477043773e-07
380.297,3.3684983272909094e-07
380.357,3.285663307000836e-07
380.417,3.1343331476736375e-07
380.476,2.9420160680563885e-07
380.536,2.7491263349550706e-07
380.596,2.593105587935806e-07
380.655,2.495371689963759e-07
380.715,2.469703572198789e-07
380.775,2.541134349210715e-07
380.834,2.7194276341000143e-07
380.894,3.038142460716801e-07
380.954,3.5747888196869315e-07
381.013,4.4194922414182344e-07
381.073,5.65992644562541e-07
381.132,7.317054030420823e-07
381.192,9.481226112929773e-07
381.252,1.222407119010677e-06
381.311,1.5595262861164888e-06
381.371,1.965189674944301e-06
381.43,2.432825994681606e-06
381.49,2.951948709506141e-06
381.549,3.5217114445297358e-06
381.609,4.157106582208225e-06
381.668,4.845074483133685e-06
381.728,5.597211477237199e-06
381.787,6.433582041733755e-06
381.847,7.358248553718501e-06
381.906,8.4227679634829e-06
381.966,9.68802623456392e-06
382.025,1.1175941681631199e-05
382.085,1.2902624076983961e-05
382.144,1.5055695452877683e-05
382.204,1.7616254565637283e-05
382.263,2.0561759483112073e-05
382.323,2.4054178665393458e-05
382.382,2.7622221892374762e-05
382.441,3.103733817747657e-05
382.501,3.422558520162916e-05
382.56,3.680961688828023e-05
382.619,3.951526405380123e-05
382.679,4.3706929294477e-05
382.738,5.068227575535046e-05
382.798,6.306784273910318e-05
382.857,8.161167330452138e-05
382.916,9.71353059094187e-05
382.976,9.903766354799516e-05
383.035,9.427931992273615e-05
383.094,0.00010033065371126833
383.154,0.0001255744173998129
383.213,0.00016949772177867934
383.272,0.0001659525619835777
383.331,0.00011032879727792631
383.391,8.353779304227204e-05
383.45,7.789071171436418e-05
383.509,8.219362992684343e-05
383.568,8.881412809718177e-05
383.628,9.99772594428663e-05
383.687,0.00012427073160819395
383.746,0.00016342211784574999
383.805,0.00020769668657192304
383.864,0.00019970011484905534
383.924,0.00012522420865686886
383.983,8.54296436174082e-05
384.042,6.487519158653484e-05
384.101,5.259311967583213e-05
384.16,4.3260197796536714e-05
384.219,3.5857796236105504e-05
384.279,3.0258385767268167e-05
384.338,2.588513953275112e-05
384.397,2.2553562728568613e-05
384.456,1.9983099958273194e-05
384.515,1.773147832242805e-05
384.574,1.5627835835904187e-05
384.633,1.3592669897750009e-05
384.692,1.1674178956688371e-05
384.751,1.00086852711484e-05
384.81,8.628757164329396e-06
384.869,7.538721726233407e-06
384.929,6.687249490431639e-06
384.988,5.989028115666264e-06
385.047,5.427650766969669e-06
385.106,4.950632549486571e-06
385.165,4.521026906605097e-06
385.224,4.0977341308462085e-06
385.283,3.6586484636279506e-06
385.342,3.195206034212185e-06
385.401,2.718622051173414e-06
385.459,2.2608244592795644e-06
385.518,1.823704504083126e-06
385.577,1.4299109976936402e-06
385.636,1.08777456087161e-06
385.695,8.052997270890717e-07
385.754,5.887757228639291e-07
385.813,4.353346653336119e-07
385.872,3.350244713132124e-07
385.931,2.7817636328048756e-07
385.99,2.5491386605013566e-07
386.049,2.5866086542608577e-07
386.107,2.859772984296796e-07
386.166,3.3306091530447465e-07
386.225,3.9125065720614835e-07
386.284,4.553424032511006e-07
386.343,5.221484339343664e-07
386.402,5.869560104399691e-07
386.46,6.500459501102745e-07
386.519,7.065147191251654e-07
386.578,7.519859675328381e-07
386.637,7.824233231740626e-07
386.696,7.942534821389563e-07
386.754,7.862303621263564e-07
386.813,7.597118917027937e-07
386.872,7.158380268876322e-07
386.931,6.562090818528706e-07
386.989,5.822570923710585e-07
387.048,4.952194305866306e-07
387.107,3.968162245708066e-07
387.165,2.914518985317117e-07
387.224,1.817085983227453e-07
387.283,6.884114611213634e-08
387.342,0.0
387.4,0.0
387.459,0.0
387.517,0.0
387.576,0.0
387.635,0.0
387.693,0.0
387.752,0.0
387.811,0.0
387.869,0.0
387.928,0.0
387.986,0.0
388.045,0.0
388.103,0.0
388.162,0.0
388.221,0.0
388.279,0.0
388.338,0.0
388.396,0.0
388.455,0.0
388.513,0.0
388.572,0.0
388.63,0.0
388.689,0.0
388.747,0.0
388.806,0.0
388.864,0.0
388.922,0.0
388.981,0.0
389.039,0.0
389.098,0.0
389.156,0.0
389.214,0.0
389.273,0.0
389.331,0.0
389.39,0.0
389.448,0.0
389.506,0.0
389.565,0.0
389.623,0.0
389.681,0.0
389.74,0.0
389.798,0.0
389.856,0.0
389.914,0.0
389.973,0.0
390.031,0.0
390.089,0.0
390.147,0.0
390.206,0.0
390.264,0.0
390.322,0.0
390.38,0.0
390.439,0.0
390.497,0.0
390.555,0.0
390.613,0.0
390.671,0.0
390.729,0.0
390.788,0.0
390.846,0.0
390.904,0.0
390.962,0.0
391.02,0.0
391.078,0.0
391.136,0.0
391.194,0.0
391.253,0.0
391.311,0.0
391.369,0.0
391.427,0.0
391.485,0.0
391.543,0.0
391.601,0.0
391.659,0.0
391.717,0.0
391.775,0.0
391.833,0.0
391.891,0.0
391.949,0.0
392.007,0.0
392.065,0.0
392.123,0.0
392.18,0.0
392.238,0.0
392.296,0.0
392.354,0.0
392.412,0.0
392.47,0.0
392.528,0.0
392.586,0.0
392.644,0.0
392.701,0.0
392.759,0.0
392.817,0.0
392.875,0.0
392.933,0.0
392.991,0.0
393.048,0.0
393.106,0.0
393.164,0.0
393.222,0.0
393.279,0.0
393.337,0.0
393.395,0.0
393.453,0.0
393.51,0.0
393.568,0.0
393.626,0.0
393.684,0.0
393.741,0.0
393.799,0.0
393.857,0.0
393.914,0.0
393.972,0.0
394.03,0.0
394.087,0.0
394.145,0.0
394.202,0.0
394.26,0.0
394.318,0.0
394.375,0.0
394.433,0.0
394.49,0.0
394.548,0.0
394.605,0.0
394.663,0.0
394.72,0.0
394.778,0.0
394.836,0.0
394.893,0.0
394.951,0.0
395.008,0.0
395.065,0.0
395.123,0.0
395.18,0.0
395.238,0.0
395.295,0.0
395.353,0.0
395.41,0.0
395.468,0.0
395.525,0.0
395.582,0.0
395.64,0.0
395.697,0.0
395.754,0.0
395.812,0.0
395.869,0.0
395.927,0.0
395.984,0.0
396.041,0.0
396.098,0.0
396.156,0.0
396.213,0.0
396.27,0.0
396.328,0.0
396.385,0.0
396.442,0.0
396.499,0.0
396.557,0.0
396.614,0.0
396.671,3.996513639655575e-08
396.728,8.850012773523097e-07
396.785,1.294129743659431e-06
396.843,1.2671191481779459e-06
396.9,8.438496220799795e-07
396.957,2.544282192612701e-08
397.014,0.0
397.071,0.0
397.128,3.660527210367834e-07
397.186,1.2049517799173572e-06
397.243,4.675668902280086e-07
397.3,0.0
397.357,0.0
397.414,3.8194572795686684e-06
397.471,2.317373311202815e-06
397.528,5.274315504652744e-07
397.585,4.2150093961247176e-07
397.642,8.071891930589574e-08
397.699,0.0
397.756,0.0
397.814,2.7733062632572964e-08
397.871,1.2526342696248328e-07
397.928,1.932051709868102e-07
397.985,2.347243267654749e-07
398.042,2.9261926847675903e-07
398.099,3.767112478263903e-07
398.156,4.926459611941622e-07
398.212,6.502441759282726e-07
398.269,8.534653490514782e-07
398.326,1.1064497982841913e-06
398.383,1.4189128807436922e-06
398.44,1.7948096974886182e-06
398.497,2.2374526328388327e-06
398.554,2.749527677749361e-06
398.611,3.333569691982964e-06
398.668,3.990892333993219e-06
398.725,4.719306769398434e-06
398.782,5.541513160625376e-06
398.839,6.455023551536303e-06
398.895,7.4511846985793994e-06
398.952,8.520148593145654e-06
399.009,9.647052492093633e-06
399.066,1.0812915170877932e-05
399.123,1.199828263133567e-05
399.18,1.3186920748351371e-05
399.236,1.4319053814865609e-05
399.293,1.5374111382352416e-05
399.35,1.6335127625222682e-05
399.407,1.718654485673034e-05
399.463,1.791399641731983e-05
399.52,1.8502853582732288e-05
399.577,1.8941166694045808e-05
399.634,1.9223999456854127e-05
399.69,1.9375283900679848e-05
399.747,1.9394217800624752e-05
399.804,1.928384645024809e-05
399.861,1.9048279430716136e-05
399.917,1.869276985497897e-05
399.974,1.822891403743168e-05
400.031,1.766927128960988e-05
400.087,1.7026796084370414e-05
400.144,1.631570437012489e-05
400.201,1.5550817660516028e-05
400.257,1.4747055389499553e-05
400.314,1.391829726691741e-05
400.37,1.3077924081598109e-05
400.427,1.2240520287643284e-05
400.484,1.1418692124315346e-05
400.54,1.0620333355652762e-05
400.597,9.843300469614412e-06
400.653,9.089833621615238e-06
400.71,8.362492650706017e-06
400.766,7.66405161444755e-06
400.823,6.997958345262748e-06
400.879,6.3644557161582085e-06
400.936,5.7635522561431035e-06
400.993,5.194730320956528e-06
401.049,4.657112733955769e-06
401.105,4.150013249970966e-06
401.162,3.6718395387590442e-06
401.218,3.221200363063846e-06
401.275,2.7966962863047634e-06
401.331,2.39603472694626e-06
401.388,2.0173537920432817e-06
401.444,1.6592997529059404e-06
401.501,1.3241280145285798e-06
401.557,1.013454504119153e-06
401.614,7.280606783988368e-07
401.67,4.682287752865524e-07
401.726,2.339201580466446e-07
401.783,2.4842903142253775e-08
401.839,0.0
401.895,0.0
401.952,0.0
402.008,0.0
402.064,0.0
402.121,0.0
402.177,0.0
402.233,0.0
402.29,0.0
402.346,0.0
402.402,0.0
402.458,0.0
402.515,0.0
402.571,0.0
402.627,0.0
402.683,0.0
402.74,0.0
402.796,0.0
402.852,0.0
402.908,0.0
402.964,0.0
403.021,0.0
403.077,0.0
403.133,0.0
403.189,0.0
403.245,4.974195620232656e-08
403.301,1.2841448063616968e-07
403.357,2.0303322061865197e-07
403.414,2.7247507325525146e-07
403.47,3.3585818480958305e-07
403.526,3.9241612117151123e-07
403.582,4.415301398015531e-07
403.638,4.827831927324928e-07
403.694,5.16042770954866e-07
403.75,5.4133263559404e-07
403.806,5.587376732443666e-07
403.862,5.682753523677806e-07
403.918,5.699773183736732e-07
403.974,5.639877768553737e-07
404.03,5.504998369885419e-07
404.086,5.297828481841159e-07
404.142,5.019576674427999e-07
404.198,4.666651107422604e-07
404.254,4.2382647522875043e-07
404.31,3.7353247452884874e-07
404.366,3.159384553971311e-07
404.422,2.513611941792214e-07
404.478,1.8024479329014563e-07
404.534,1.0368563333578744e-07
404.59,2.3044404885231897e-08
404.646,0.0
404.701,0.0
404.757,0.0
404.813,0.0
404.869,0.0
404.925,0.0
404.981,0.0
405.037,0.0
405.092,0.0
405.148,0.0
405.204,0.0
405.26,0.0
405.316,0.0
405.371,0.0
405.427,0.0
405.483,0.0
405.539,0.0
405.594,0.0
405.65,0.0
405.706,0.0
405.761,1.5456279349296115e-07
405.817,3.7284453635363555e-07
405.873,6.161026381445823e-07
405.928,8.840580253982537e-07
405.984,1.179018950105167e-06
406.04,1.5029090579525931e-06
406.095,1.8576230658282309e-06
406.151,2.2456236464293154e-06
406.207,2.6684397243573177e-06
406.262,3.1270331154505426e-06
406.318,3.6188011444938163e-06
406.374,4.140919042205317e-06
406.429,4.690633721091201e-06
406.485,5.269533905029437e-06
406.54,5.879143460029303e-06
406.596,6.5218636205990386e-06
406.651,7.195159154958361e-06
406.707,7.896417936376408e-06
406.763,8.623213876235907e-06
406.818,9.373166233744216e-06
406.874,1.0138649681203943e-05
406.929,1.090846497669389e-05
406.985,1.1670960273228896e-05
407.04,1.2409173629139853e-05
407.095,1.315109152310214e-05
407.151,1.3886193777630932e-05
407.206,1.4609594617719456e-05
407.262,1.5319956808287094e-05
407.317,1.568205660117513e-05
407.373,1.5669355135466812e-05
407.428,1.5256198887878053e-05
407.484,1.4412599551092135e-05
407.539,1.5140944171729304e-05
407.594,1.7440850220027617e-05
407.65,1.789353559464758e-05
407.705,1.6498714673773825e-05
407.76,1.526270055400776e-05
407.816,1.4237880459724159e-05
407.871,1.347598815364617e-05
407.926,1.3063877725255704e-05
407.982,1.2678243670370085e-05
408.037,1.2328121502528912e-05
408.092,1.2019856929508389e-05
408.148,1.1754370799010985e-05
408.203,1.1572606440858414e-05
408.258,1.1450364747536916e-05
408.314,1.136396610393668e-05
408.369,1.1240273537378736e-05
408.424,1.1080499437726441e-05
408.479,1.0886043735791822e-05
408.534,1.0658265670649107e-05
408.59,1.0398690125372086e-05
408.645,1.0108733090734387e-05
408.7,9.786461818110264e-06
408.755,9.430112137376671e-06
408.81,9.063959838792839e-06
408.866,8.68581727722303e-06
408.921,8.293998348578374e-06
408.976,7.886481627781377e-06
409.031,7.464215390421777e-06
409.086,7.028412495976366e-06
409.141,6.584570618313816e-06
409.196,6.137852640061851e-06
409.252,5.694252246037598e-06
409.307,5.254947570855579e-06
409.362,4.821202824605207e-06
409.417,4.394745286125524e-06
409.472,3.977674195131605e-06
409.527,3.5715949399655703e-06
409.582,3.1784020983820556e-06
409.637,2.800515803044883e-06
409.692,2.436018955263278e-06
409.747,2.087717766727476e-06
409.802,1.7585788596601398e-06
409.857,1.4516280830766642e-06
409.912,1.1696148711879588e-06
409.967,9.14735426852706e-07
410.022,6.878030004488372e-07
410.077,4.889501653301054e-07
410.132,3.1760289642491705e-07
410.187,1.729529578296417e-07
410.242,5.3638808154549936e-08
410.297,0.0
410.351,0.0
410.406,0.0
410.461,0.0
410.516,0.0
410.571,0.0
410.626,0.0
410.681,0.0
410.736,0.0
410.79,0.0
410.845,0.0
410.9,0.0
410.955,0.0
411.01,0.0
411.064,0.0
411.119,0.0
411.174,0.0
411.229,0.0
411.283,0.0
411.338,4.6639883587793727e-07
411.393,8.29287715584219e-07
411.447,1.048069059626419e-06
411.502,1.1222002701770644e-06
411.557,1.0511668032094502e-06
411.612,1.0492526348021264e-06
411.666,1.0724208113061553e-06
411.721,1.1201717529961795e-06
411.776,1.1923001442264908e-06
411.83,1.2886460031497454e-06
411.885,1.1642730962783012e-06
411.939,8.190758092345221e-07
411.994,2.528399204497172e-07
412.049,0.0
412.103,0.0
412.158,0.0
412.212,0.0
412.267,3.5761663430733147e-07
412.322,9.553423763187393e-07
412.376,1.285829702051975e-06
412.431,1.349700123888786e-06
412.485,1.1518915398955612e-06
412.54,9.541405184272732e-07
412.594,7.572261616013488e-07
412.649,5.61804352119213e-07
412.703,3.6836010720131317e-07
412.758,2.1811900666562143e-07
412.812,1.1149708525252767e-07
412.866,4.892588353995605e-08
412.921,3.086618158170497e-08
412.975,1.4208578718140898e-08
413.03,0.0
413.084,0.0
413.139,0.0
413.193,0.0
413.247,0.0
413.302,0.0
413.356,0.0
413.41,0.0
413.465,0.0
413.519,0.0
413.573,0.0
413.628,0.0
413.682,0.0
413.736,0.0
413.791,1.4002502144236552e-08
413.845,4.7010313642835796e-08
413.899,8.47936540066296e-08
413.953,1.271459871034208e-07
414.008,1.7378269747822056e-07
414.062,2.19001846928669e-07
414.116,2.6231145445463255e-07
414.17,3.030563059970798e-07
414.225,3.4044212854865615e-07
414.279,3.736025476969661e-07
414.333,4.017371140240563e-07
414.387,4.2422672894814425e-07
414.441,4.405911372231136e-07
414.496,4.94640758707468e-07
414.55,5.859557610197458e-07
414.604,7.14000179048338e-07
414.658,8.782984198298562e-07
414.712,1.0784417703604109e-06
414.766,1.3140181997973383e-06
414.82,1.584492348620316e-06
414.874,1.8891402932344363e-06
414.928,1.9622285727369597e-06
414.982,1.803294628931069e-06
415.037,1.412101820971565e-06
415.091,7.886338493218697e-07
415.145,3.852734759982578e-07
415.199,2.02008590289369e-07
415.253,2.3896776385917047e-07
415.307,4.964290378375715e-07
415.361,7.095990268961738e-07
415.415,8.786444693807566e-07
415.469,1.0036628483034853e-06
415.523,1.0846255200411078e-06
415.577,1.121504314968636e-06
415.631,1.11451071559066e-06
415.684,1.063923969514267e-06
415.738,9.70086275439303e-07
415.792,8.777015553326313e-07
415.846,7.873028583752998e-07
415.9,6.994816369172718e-07
415.954,6.149870557386078e-07
416.008,5.346482746600526e-07
416.062,4.592293856011615e-07
416.116,3.8939998059291725e-07
416.169,3.2580318929450197e-07
416.223,2.6365226226818504e-07
416.277,2.0355324485021783e-07
416.331,1.4625315738854428e-07
416.385,9.242702448169445e-08
416.439,4.276034558258163e-08
416.492,0.0
416.546,0.0
416.6,0.0
416.654,0.0
416.707,0.0
416.761,0.0
416.815,0.0
416.869,0.0
416.922,0.0
416.976,0.0
417.03,0.0
417.083,2.7836865966596075e-08
417.137,8.596070124705902e-08
417.191,1.5325228737641812e-07
417.244,2.295667283910899e-07
417.298,3.147436916200395e-07
417.352,4.4540142699969247e-07
417.405,6.21017329617062e-07
417.459,8.41072622204709e-07
417.512,1.1049125946889907e-06
417.566,1.1028429147364688e-06
417.62,8.343258322589542e-07
417.673,2.9872626991441865e-07
417.727,0.0
417.78,2.7837623700975045e-07
417.834,2.6471359604811008e-06
417.887,3.4355015358024004e-06
417.941,2.6429063730963067e-06
417.994,2.12346750352805e-06
418.048,1.8764844079013028e-06
418.101,1.901358318890472e-06
418.155,2.1974213575023653e-06
418.208,2.4547943356850333e-06
418.262,2.67273850496922e-06
418.315,2.850509553340404e-06
418.369,2.987292830698859e-06
418.422,3.1195480733243973e-06
418.476,3.2465855020024103e-06
418.529,3.3676124224167945e-06
418.582,3.482000520848752e-06
418.636,3.5890557802248082e-06
418.689,3.688171889083078e-06
418.743,3.778908479636343e-06
418.796,3.860772947475882e-06
418.849,3.933181035431872e-06
418.903,3.995684273805925e-06
418.956,4.0478970744311194e-06
419.009,4.089523556802063e-06
419.063,4.1205881283550755e-06
419.116,4.141069463715469e-06
419.169,4.150869277438388e-06
419.222,4.149929267396976e-06
419.276,4.138109707984215e-06
419.329,4.115309165810972e-06
419.382,4.081543479804197e-06
419.435,4.036877364587401e-06
419.489,3.977061938833484e-06
419.542,3.902287296169764e-06
419.595,3.812894486193975e-06
419.648,3.709188035946135e-06
419.701,3.596114141201253e-06
419.755,3.4742014799345824e-06
419.808,3.3439088279188514e-06
419.861,3.2058060813876177e-06
419.914,3.0963226712161434e-06
419.967,3.015997677346948e-06
420.02,2.9654119853482535e-06
420.073,2.9452856066723363e-06
420.127,2.918991656234091e-06
420.18,2.887340156862798e-06
420.233,2.851330571452155e-06
420.286,2.8118549621319737e-06
420.339,2.554915280892565e-06
420.392,2.0814796250927747e-06
420.445,1.3923928390886845e-06
420.498,4.88579310875683e-07
420.551,0.0
420.604,0.0
420.657,4.105471172118859e-08
420.71,6.489443522783386e-07
420.763,1.0395513948787876e-06
420.816,1.2132777594224134e-06
420.869,1.170589032504524e-06
420.922,9.119789706603195e-07
420.975,6.615808820336117e-07
421.028,4.198651204500517e-07
421.081,1.8718925006362208e-07
421.134,0.0
421.187,0.0
421.239,0.0
421.292,0.0
421.345,0.0
421.398,0.0
421.451,0.0
421.504,0.0
421.557,0.0
421.609,0.0
421.662,0.0
421.715,0.0
421.768,0.0
421.821,0.0
421.873,0.0
421.926,0.0
421.979,0.0
422.032,0.0
422.084,0.0
422.137,0.0
422.19,0.0
422.243,0.0
422.295,0.0
422.348,0.0
422.401,0.0
422.453,0.0
422.506,0.0
422.559,0.0
422.611,0.0
422.664,0.0
422.716,0.0
422.769,0.0
422.822,2.131230498449699e-08
422.874,4.9796412035296575e-08
422.927,7.685755420412693e-08
422.979,1.0234051043320669e-07
423.032,1.262113564125246e-07
423.084,1.4859095954902557e-07
423.137,1.6957743317179585e-07
423.189,1.893031058339543e-07
423.242,2.0788253304627218e-07
423.294,2.2522929123862457e-07
423.347,2.4123925458236697e-07
423.399,2.559239547863273e-07
423.452,2.6935768687615256e-07
423.504,2.815963655368164e-07
423.557,2.9273419707757004e-07
423.609,3.0283498441570275e-07
423.662,3.119649520986461e-07
423.714,3.2037518132755516e-07
423.766,3.2837593985662265e-07
423.819,3.3625949504660173e-07
423.871,3.4433286594945885e-07
423.923,3.52808219745039e-07
423.976,3.6178295120015575e-07
424.028,3.713433245743469e-07
424.081,3.813788993205352e-07
424.133,3.916608227804656e-07
424.185,4.020327819464552e-07
424.238,4.1220744522610703e-07
424.29,4.2190928315379264e-07
424.342,4.3100301147493026e-07
424.394,4.392437727705762e-07
424.447,4.4640258713370154e-07
424.499,4.52460280794162e-07
424.551,4.572610844592519e-07
424.603,4.6058976168171827e-07
424.656,4.6238785537508927e-07
424.708,4.625308722351594e-07
424.76,4.60904334719758e-07
424.812,4.57476678586587e-07
424.864,4.5214039368054277e-07
424.917,4.4478842738692683e-07
424.969,4.3546047323586133e-07
425.021,4.242170388483573e-07
425.073,4.110708811274296e-07
425.125,3.9603656638849783e-07
425.177,3.7910133432710826e-07
425.229,3.602575599661393e-07
425.282,3.395770882869168e-07
425.334,3.17092721869901e-07
425.386,2.927844236812901e-07
425.438,2.6660110855077525e-07
425.49,2.3847595850117013e-07
425.542,2.0835549478633402e-07
425.594,1.7621826493885084e-07
425.646,1.4212818504022583e-07
425.698,1.0617973178616423e-07
425.75,6.862923862965412e-08
425.802,2.981596748951027e-08
425.854,0.0
425.906,0.0
425.958,0.0
426.01,0.0
426.062,0.0
426.114,0.0
426.166,0.0
426.218,0.0
426.27,0.0
426.321,0.0
426.373,0.0
426.425,0.0
426.477,0.0
426.529,0.0
426.581,0.0
426.633,0.0
426.684,0.0
426.736,0.0
426.788,0.0
426.84,0.0
426.892,0.0
426.943,0.0
426.995,0.0
427.047,0.0
427.099,0.0
427.15,0.0
427.202,0.0
427.254,0.0
427.306,0.0
427.357,0.0
427.409,0.0
427.461,0.0
427.512,0.0
427.564,0.0
427.616,0.0
427.667,0.0
427.719,0.0
427.77,0.0
427.822,0.0
427.874,0.0
427.925,0.0
427.977,0.0
428.028,0.0
428.08,0.0
428.131,0.0
428.183,0.0
428.234,0.0
428.286,0.0
428.337,0.0
428.389,0.0
428.44,0.0
428.492,0.0
428.543,0.0
428.595,0.0
428.646,0.0
428.697,0.0
428.749,0.0
428.8,0.0
428.852,0.0
428.903,0.0
428.954,0.0
429.006,0.0
429.057,0.0
429.108,0.0
429.16,0.0
429.211,0.0
429.262,0.0
429.314,0.0
429.365,0.0
429.416,0.0
429.467,0.0
429.519,0.0
429.57,0.0
429.621,0.0
429.672,0.0
429.724,0.0
429.775,0.0
429.826,0.0
429.877,0.0
429.928,0.0
429.98,0.0
430.031,0.0
430.082,0.0
430.133,0.0
430.184,0.0
430.235,0.0
430.286,0.0
430.337,0.0
430.388,0.0
430.439,0.0
430.49,0.0
430.542,0.0
430.593,0.0
430.644,0.0
430.695,0.0
430.746,0.0
430.797,0.0
430.848,0.0
430.898,0.0
430.949,0.0
431.0,0.0
431.051,2.5848484263972825e-06
431.102,2.340177545452493e-06
431.153,7.687863400786296e-07
431.204,0.0
431.255,0.0
431.306,0.0
431.357,0.0
431.408,0.0
431.458,6.536472761353637e-08
431.509,1.4162864224849832e-07
431.56,1.7540469639524316e-07
431.611,2.0383263967031867e-07
431.662,2.2658971805870055e-07
431.713,2.4342868918292054e-07
431.763,2.5425777902383026e-07
431.814,2.5904204778069236e-07
431.865,2.577129078848597e-07
431.916,2.502801747906511e-07
431.966,2.368884888579768e-07
432.017,2.1768986715608245e-07
432.068,1.9296313221274427e-07
432.118,1.6303467415453614e-07
432.169,1.282808728066421e-07
432.22,8.942482917048371e-08
432.271,4.7310346430369965e-08
432.321,2.8133997979989068e-09
432.372,0.0
432.423,0.0
432.473,0.0
432.524,0.0
432.574,0.0
432.625,0.0
432.676,0.0
432.726,0.0
432.777,0.0
432.827,0.0
432.878,0.0
432.928,0.0
432.979,0.0
433.029,0.0
433.08,0.0
433.13,0.0
433.181,0.0
433.231,0.0
433.282,0.0
433.332,0.0
433.383,9.06361588130983e-08
433.433,2.0300343905864278e-07
433.484,3.2692746473330426e-07
433.534,4.6188869591223685e-07
433.585,6.071963705606499e-07
433.635,7.62116882149262e-07
433.685,9.258086451454707e-07
433.736,1.0974254206392356e-06
433.786,1.2761214309093224e-06
433.836,1.460711737036703e-06
433.887,1.649920068247472e-06
433.937,1.8424624696804828e-06
433.987,2.036963649351683e-06
434.038,2.232182781185056e-06
434.088,2.427032490450109e-06
434.138,2.620424047778234e-06
434.189,2.81126327322435e-06
434.239,2.9985121770121403e-06
434.289,3.181085159995236e-06
434.339,3.3579600416894176e-06
434.389,3.528303727888886e-06
434.44,3.691266227683031e-06
434.49,3.845917658340388e-06
434.54,3.991257623144491e-06
434.59,4.126337271325521e-06
434.64,4.250360667610435e-06
434.691,4.362685679609046e-06
434.741,4.462732571563802e-06
434.791,4.549878821249232e-06
434.841,4.6236445395468665e-06
434.891,4.683690626118734e-06
434.941,4.7298784107987915e-06
434.991,4.762199293436655e-06
435.042,4.780593187460472e-06
435.092,4.785080764823904e-06
435.142,4.775827770051457e-06
435.192,4.75317827226537e-06
435.242,4.717527636000285e-06
435.292,4.669338036516521e-06
435.342,4.609043321290428e-06
435.392,4.537016629291138e-06
435.442,4.453912602259824e-06
435.492,4.360470969009948e-06
435.542,4.25743108572481e-06
435.592,4.145639268182223e-06
435.642,4.025780070725815e-06
435.692,3.898453087961982e-06
435.742,3.7643314492024207e-06
435.792,3.6241389839947367e-06
435.842,3.478651734733616e-06
435.891,3.3286672089721944e-06
435.941,3.174889701291277e-06
435.991,3.017852222815719e-06
436.041,2.858204622075524e-06
436.091,2.6967254232715845e-06
436.141,2.5342841955226515e-06
436.191,2.371746682726659e-06
436.241,2.209748279719205e-06
436.29,2.048820272481821e-06
436.34,1.88955058345047e-06
436.39,1.7326234179251085e-06
436.44,1.5786199958910772e-06
436.49,1.427985041462796e-06
436.539,1.28099024357809e-06
436.589,1.137803158250311e-06
436.639,9.98685234629382e-07
436.689,8.638417902974973e-07
436.738,7.332978966595704e-07
436.788,6.06895061618656e-07
436.838,4.84360000223817e-07
436.887,3.653578235793667e-07
436.937,2.495806578131177e-07
436.987,1.367574281434592e-07
437.036,2.644443460575542e-08
437.086,0.0
437.136,0.0
437.185,0.0
437.235,0.0
437.285,0.0
437.334,0.0
437.384,0.0
437.433,0.0
437.483,0.0
437.532,0.0
437.582,0.0
437.631,0.0
437.681,0.0
437.73,0.0
437.78,0.0
437.829,0.0
437.879,0.0
437.928,0.0
437.978,0.0
438.027,0.0
438.077,0.0
438.126,0.0
438.176,0.0
438.225,0.0
438.274,0.0
438.324,0.0
438.373,0.0
438.422,0.0
438.472,0.0
438.521,0.0
438.57,0.0
438.62,0.0
438.669,0.0
438.718,0.0
438.768,0.0
438.817,0.0
438.866,0.0
438.915,0.0
438.965,0.0
439.014,0.0
439.063,0.0
439.112,0.0
439.162,0.0
439.211,0.0
439.26,0.0
439.309,0.0
439.358,0.0
439.407,0.0
439.456,0.0
439.506,0.0
439.555,0.0
439.604,0.0
439.653,0.0
439.702,0.0
439.751,0.0
439.8,0.0
439.849,0.0
439.898,0.0
439.947,0.0
439.996,0.0
440.045,0.0
440.094,0.0
440.143,0.0
440.192,0.0
440.241,0.0
440.29,0.0
440.339,0.0
440.388,0.0
440.437,0.0
440.486,0.0
440.535,0.0
440.583,1.8959076515075814e-07
440.632,4.375583294017237e-07
440.681,7.183136168409268e-07
440.73,7.209422945025793e-07
440.779,4.449455039771298e-07
440.828,0.0
440.876,0.0
440.925,0.0
440.974,2.1298598987101865e-06
441.023,2.8596197474946053e-06
441.072,1.990374078522559e-06
441.12,1.3838174715099004e-06
441.169,1.0394015027312538e-06
441.218,9.56712678046229e-07
441.267,1.1353544891829895e-06
441.315,1.2645660593362144e-06
441.364,1.3440937784180161e-06
441.413,1.3738081834512263e-06
441.461,1.3536030620378458e-06
441.51,1.3206486999938183e-06
441.559,1.2748491898870384e-06
441.607,1.2161805947898879e-06
441.656,1.1448628556698767e-06
441.705,1.06125268732157e-06
441.753,9.657800626074726e-07
441.802,8.58899032479434e-07
441.85,7.411756434204396e-07
441.899,6.13537306683746e-07
441.948,4.770892988973913e-07
441.996,3.3296861194995776e-07
442.045,1.823044034678311e-07
442.093,2.6157819661828495e-08
442.142,0.0
442.19,0.0
442.239,0.0
442.287,0.0
442.336,0.0
442.384,0.0
442.433,0.0
442.481,0.0
442.529,0.0
442.578,0.0
442.626,0.0
442.675,0.0
442.723,0.0
442.771,0.0
442.82,0.0
442.868,0.0
442.917,0.0
442.965,0.0
443.013,0.0
443.062,0.0
443.11,0.0
443.158,0.0
443.206,0.0
443.255,0.0
443.303,0.0
443.351,0.0
443.399,0.0
443.448,0.0
443.496,0.0
443.544,0.0
443.592,0.0
443.64,0.0
443.689,0.0
443.737,0.0
443.785,0.0
443.833,0.0
443.881,0.0
443.929,0.0
443.977,0.0
444.025,1.3439887846088293e-07
444.074,3.2416819415251404e-07
444.122,5.097109892074223e-07
444.17,6.894664493231581e-07
444.218,8.620488090409284e-07
444.266,1.0262124130068962e-06
444.314,1.1807877037779616e-06
444.362,1.3246241036972367e-06
444.41,1.4566406969576747e-06
444.458,1.5757161900723007e-06
444.506,1.6808216153668652e-06
444.554,1.7710090511416546e-06
444.602,1.8453176566712122e-06
444.65,1.9027621248309563e-06
444.698,1.942601786802419e-06
444.746,1.9644410541693556e-06
444.793,1.968136530264873e-06
444.841,1.95382850936384e-06
444.889,1.921843527660013e-06
444.937,1.8727713224839508e-06
444.985,1.8075798608381868e-06
445.033,1.7275465541327272e-06
445.081,1.634144320153144e-06
445.129,1.5282341883078878e-06
445.176,1.410622960273513e-06
445.224,1.2822925392955666e-06
445.272,1.144322323076368e-06
445.32,9.979547629952453e-07
445.368,8.445109381895223e-07
445.415,6.852675500458893e-07
445.463,5.216199205329815e-07
445.511,3.552952875747145e-07
445.559,1.880790417905313e-07
445.606,2.1787207786385972e-08
445.654,0.0
445.702,0.0
445.749,0.0
445.797,0.0
445.845,0.0
445.892,0.0
445.94,0.0
445.988,0.0
446.035,0.0
446.083,0.0
446.13,0.0
446.178,0.0
446.226,0.0
446.273,0.0
446.321,0.0
446.368,0.0
446.416,1.970011497393193e-07
446.463,6.328783024677135e-07
446.511,1.1481883571475856e-06
446.558,1.746203943514345e-06
446.606,2.428882558475832e-06
446.653,3.1999775599164493e-06
446.701,4.0581395783611185e-06
446.748,5.0004510400155414e-06
446.796,6.022198268577722e-06
446.843,7.120844044653106e-06
446.891,8.291974768112492e-06
446.938,9.530718092781293e-06
446.985,1.083165118285435e-05
447.033,1.2188738075425455e-05
447.08,1.3596845378816818e-05
447.128,1.505155602906396e-05
447.175,1.6548724773604995e-05
447.222,1.8089650553011176e-05
447.27,1.9676296833418023e-05
447.317,2.1308117395470986e-05
447.364,2.298550239118334e-05
447.411,2.4703056202132e-05
447.459,2.6479069932100253e-05
447.506,2.832374610055899e-05
447.553,3.024397029202982e-05
447.601,3.221969574355208e-05
447.648,3.4229862691471306e-05
447.695,3.625025380075269e-05
447.742,3.8255647453427e-05
447.789,4.022164895944951e-05
447.837,4.2079414586651896e-05
447.884,4.3760606930151076e-05
447.931,4.520113856512303e-05
447.978,4.635577220039018e-05
448.025,4.718167155668317e-05
448.072,4.764182021149053e-05
448.12,4.770143174064075e-05
448.167,4.7333487542013186e-05
448.214,4.6541852634930074e-05
448.261,4.536607339934861e-05
448.308,4.3847339470692004e-05
448.355,4.2048085432625046e-05
448.402,4.003612978175383e-05
448.449,3.788927330389422e-05
448.496,3.568648686226269e-05
448.543,3.350722142020198e-05
448.59,3.142609009399966e-05
448.637,2.9469095574598866e-05
448.684,2.766404421303768e-05
448.731,2.601214779210173e-05
448.778,2.450555455133728e-05
448.825,2.3126017994621847e-05
448.872,2.1853467801456662e-05
448.919,2.066143801097715e-05
448.966,1.9522622931808343e-05
449.013,1.8433641155066506e-05
449.06,1.739035203349414e-05
449.107,1.6391900241034177e-05
449.154,1.5436929057735223e-05
449.2,1.4522635081356084e-05
449.247,1.3645263169220537e-05
449.294,1.2800668533386422e-05
449.341,1.198427633591083e-05
449.388,1.1192114235307675e-05
449.435,1.041525496971591e-05
449.481,9.649163974454334e-06
449.528,8.896260538571065e-06
449.575,8.16094174027292e-06
449.622,7.448722723837898e-06
449.668,6.7681977328811875e-06
449.715,6.127482528505783e-06
449.762,5.529331261895544e-06
449.809,4.97552505527736e-06
449.855,4.466438053811194e-06
449.902,4.0014317862238406e-06
449.949,3.5787355595577768e-06
449.995,3.195906928623247e-06
450.042,2.849742245931745e-06
450.089,2.536218400815914e-06
450.135,2.2511554605981856e-06
450.182,1.9935075453905163e-06
450.229,1.7619383110241095e-06
450.275,1.5523275454183045e-06
450.322,1.361290887842751e-06
450.368,1.18549801248301e-06
450.415,1.0217666858813834e-06
450.462,8.672614060331981e-07
450.508,7.205783143427671e-07
450.555,5.807801334041614e-07
450.601,4.4711132412032227e-07
450.648,3.1886849673015695e-07
450.694,1.957802857360306e-07
450.741,7.780218869567797e-08
450.787,0.0
450.834,0.0
450.88,0.0
450.927,0.0
450.973,0.0
451.019,0.0
451.066,0.0
451.112,0.0
451.159,0.0
451.205,0.0
451.251,0.0
451.298,0.0
451.344,0.0
451.39,0.0
451.437,0.0
451.483,0.0
451.529,0.0
451.576,0.0
451.622,0.0
451.668,0.0
451.714,0.0
451.761,0.0
451.807,0.0
451.853,0.0
451.899,0.0
451.945,0.0
451.992,0.0
452.038,3.7191271086086556e-07
452.084,0.0
452.13,0.0
452.176,0.0
452.222,0.0
452.268,0.0
452.315,0.0
452.361,0.0
452.407,0.0
452.453,0.0
452.499,0.0
452.545,0.0
452.591,0.0
452.637,0.0
452.683,0.0
452.729,0.0
452.775,0.0
452.821,0.0
452.867,0.0
452.913,0.0
452.959,0.0
453.005,0.0
453.051,0.0
453.097,0.0
453.142,0.0
453.188,0.0
453.234,0.0
453.28,0.0
453.18,0.0
453.319,3.642017674902963e-07
453.458,1.929657511281489e-06
453.596,1.8518529260112557e-06
453.735,1.077761099724451e-06
453.873,7.511020169691768e-07
454.012,8.077592808699254e-07
454.15,6.605385840276896e-07
454.289,1.5980473714456705e-07
454.427,0.0
454.566,0.0
454.704,0.0
454.843,0.0
454.981,0.0
455.12,0.0
455.258,0.0
455.397,0.0
455.535,0.0
455.674,0.0
455.812,0.0
455.951,0.0
456.089,6.305665108841441e-08
456.227,4.491953033479279e-07
456.366,9.513281335741154e-07
456.504,1.561605461184925e-06
456.642,2.2634931490971526e-06
456.781,3.027891280457827e-06
456.919,3.835509228817465e-06
457.057,4.675242861129482e-06
457.196,5.539900633038833e-06
457.334,6.423039700821835e-06
457.472,7.3172436328587846e-06
457.61,8.221729832838277e-06
457.749,9.137340021767092e-06
457.887,1.0065069494920013e-05
458.025,1.1003826442001157e-05
458.163,1.1949717611841368e-05
458.301,1.2902414464773314e-05
458.44,1.3860213957482016e-05
458.578,1.4822541851776059e-05
458.716,1.578737712112211e-05
458.854,1.6752223647044245e-05
458.992,1.7716152001314636e-05
459.13,1.8676954734120808e-05
459.269,1.963540435443105e-05
459.407,2.059166377401262e-05
459.545,2.1547758352865167e-05
459.683,2.2505827958787714e-05
459.821,2.346612211760725e-05
459.959,2.441047526299191e-05
460.097,2.532024747410424e-05
460.235,2.618206441500684e-05
460.373,2.699723032873026e-05
460.511,2.7764679025240584e-05
460.649,2.8473078404680063e-05
460.787,2.910814245120572e-05
460.925,2.9683300260395195e-05
461.063,3.0252558769397286e-05
461.201,3.087791778196555e-05
461.339,3.161724092949428e-05
461.477,3.2471198184723476e-05
461.615,3.343925454859802e-05
461.753,3.454462816198485e-05
461.891,3.581532877122595e-05
462.029,3.719293119856274e-05
462.166,3.859435866068857e-05
462.304,3.989113520046064e-05
462.442,4.093829092124425e-05
462.58,4.171529291736367e-05
462.718,4.223990530966046e-05
462.856,4.233701883626794e-05
462.993,4.17860738077982e-05
463.131,4.049466627926187e-05
463.269,3.828195338084351e-05
463.407,3.5875204284184374e-05
463.545,3.442798185790033e-05
463.682,3.529408283566897e-05
463.82,4.0114911950959785e-05
463.958,4.6160900934716464e-05
464.095,4.823065319775075e-05
464.233,4.6945715230495386e-05
464.371,4.575034937148371e-05
464.509,4.475091626635132e-05
464.646,4.33570904774003e-05
464.784,4.157721603155518e-05
464.921,3.8997291710834226e-05
465.059,3.575545001878936e-05
465.197,3.2066795591986105e-05
465.334,2.8120836907732597e-05
465.472,2.437949907094371e-05
465.609,2.096839710372826e-05
465.747,1.793328259735528e-05
465.885,1.5298724816926247e-05
466.022,1.2941065176030634e-05
466.16,1.0866891979531602e-05
466.297,9.09706631809573e-06
466.435,7.590269009479751e-06
466.572,6.290736864664431e-06
466.71,5.118209228402693e-06
466.847,4.0263380745310115e-06
466.985,3.008536967295635e-06
467.122,2.096762410031623e-06
467.26,1.2867607809263357e-06
467.397,5.651299784622047e-07
467.534,0.0
467.672,0.0
467.809,0.0
467.947,0.0
468.084,0.0
468.221,0.0
468.359,0.0
468.496,0.0
468.633,0.0
468.771,0.0
468.908,5.031151509919748e-07
469.045,1.064849927866541e-06
469.183,1.673518422845571e-06
469.32,2.316544730730993e-06
469.457,2.979422155530543e-06
469.594,3.6474867180981784e-06
469.732,4.304036550133922e-06
469.869,4.930314514804784e-06
470.006,5.5057324449966325e-06
470.143,6.011286111237423e-06
470.28,6.4325698687600134e-06
470.417,6.757287578709441e-06
470.555,6.98176473797675e-06
470.692,7.103624100589557e-06
470.829,7.124043776720749e-06
470.966,7.044148612760094e-06
471.103,6.868143702445146e-06
471.24,6.597745040166441e-06
471.377,6.236770065645639e-06
471.514,5.790330638259713e-06
471.651,5.269212912952928e-06
471.789,4.684660730010167e-06
471.926,4.048382090895814e-06
472.063,3.3740200513785503e-06
472.2,2.6768439038462453e-06
472.337,1.9726575894011357e-06
472.474,1.2762172208216388e-06
472.611,6.005549425632053e-07
472.748,0.0
472.884,0.0
473.021,0.0
473.158,0.0
473.295,0.0
473.432,0.0
473.569,0.0
473.706,0.0
473.843,0.0
473.98,0.0
474.117,0.0
474.253,0.0
474.39,0.0
474.527,0.0
474.664,0.0
474.801,0.0
474.937,0.0
475.074,0.0
475.211,0.0
475.348,0.0
475.484,0.0
475.621,0.0
475.758,0.0
475.894,0.0
476.031,0.0
476.168,0.0
476.304,0.0
476.441,0.0
476.578,0.0
476.714,0.0
476.851,0.0
476.987,0.0
477.124,1.8425060242560402e-07
477.261,7.075208882953917e-07
477.397,1.2902320188166963e-06
477.534,1.9291783687226737e-06
477.67,2.64882697190366e-06
477.807,3.4710364143015294e-06
477.943,4.39265922322574e-06
478.08,5.363314839549255e-06
478.216,6.3318928582935024e-06
478.353,7.2348702858702786e-06
478.489,8.0398847265077e-06
478.626,8.73903475209251e-06
478.762,9.159441834721563e-06
478.898,9.149499425861705e-06
479.035,8.724955613692245e-06
479.171,7.949718445721184e-06
479.308,7.154254594971245e-06
479.444,6.7600369061411745e-06
479.58,6.9106826624667894e-06
479.717,7.605556009293974e-06
479.853,8.677764505971157e-06
479.989,9.725329813813663e-06
480.126,1.0472974289164668e-05
480.262,1.0873479412702319e-05
480.398,1.0910382762547549e-05
480.535,1.07347368646618e-05
480.671,1.0495363838896081e-05
480.807,1.0196817822130707e-05
480.943,9.871104932017755e-06
481.08,9.544863298803428e-06
481.216,9.236492852956323e-06
481.352,8.962221332491765e-06
481.488,8.720623880486671e-06
481.624,8.485805070877662e-06
481.76,8.235447360420533e-06
481.897,7.971400560079635e-06
482.033,7.692256110436551e-06
482.169,7.396952535027793e-06
482.305,7.087329876384006e-06
482.441,6.768036131567916e-06
482.577,6.443417193134999e-06
482.713,6.117867642025542e-06
482.849,5.795695642259422e-06
482.985,5.478237707777639e-06
483.121,5.166585724519482e-06
483.258,4.8616139944431294e-06
483.394,4.5613438387513655e-06
483.53,4.263999194769434e-06
483.665,3.970749899527065e-06
483.801,3.682708488994729e-06
483.937,3.4006979958082815e-06
484.073,3.1255184887344853e-06
484.209,2.8580839793187192e-06
484.345,2.599418192978524e-06
484.481,2.3504469633358598e-06
484.617,2.111669140792742e-06
484.753,1.8835549073660284e-06
484.889,1.666254671660201e-06
485.025,1.4597895237532514e-06
485.161,1.2641643308875085e-06
485.296,1.0793624944273314e-06
485.432,9.057370192869736e-07
485.568,7.439945591756118e-07
485.704,5.948266059769354e-07
485.84,4.58486741799768e-07
485.975,3.3520065851955533e-07
486.111,2.2506678875800606e-07
486.247,1.2803857078666015e-07
486.383,4.3901417132070966e-08
486.518,0.0
486.654,0.0
486.79,0.0
486.926,0.0
487.061,0.0
487.197,0.0
487.333,0.0
487.468,0.0
487.604,0.0
487.74,0.0
487.875,0.0
488.011,0.0
488.146,0.0
488.282,0.0
488.417,1.4021122571344107e-08
488.553,6.820130478678399e-08
488.688,1.251913174778925e-07
488.824,1.844248293432778e-07
488.96,2.453220500308704e-07
489.095,3.0717265230017037e-07
489.23,3.69410653515032e-07
489.366,4.315210035483476e-07
489.501,4.929847518293995e-07
489.637,5.533903053478191e-07
489.772,6.123118164767432e-07
489.908,6.692192678505048e-07
490.043,7.23490219098684e-07
490.178,7.744734119173773e-07
490.314,8.214255936163128e-07
490.449,8.637130272601801e-07
490.585,9.007564589497854e-07
490.72,9.320037598500946e-07
490.855,9.569598901571186e-07
490.991,9.750689257480707e-07
491.126,9.857716634789249e-07
491.261,9.881654185810346e-07
491.396,9.815370880824554e-07
491.532,9.660240415203163e-07
491.667,9.414644738378912e-07
491.802,9.076394609230264e-07
491.937,8.643783479428422e-07
492.073,8.118044607916392e-07
492.208,7.506872470430895e-07
492.343,6.821406683745577e-07
492.478,6.042091969302718e-07
492.613,5.182366820751995e-07
492.749,4.254359123639009e-07
492.884,3.2745442839190426e-07
493.019,2.2645890163291537e-07
493.154,1.214623104707691e-07
493.289,1.1567966711893419e-08
493.424,0.0
493.559,0.0
493.694,0.0
493.829,0.0
493.964,0.0
494.099,0.0
494.234,0.0
494.369,0.0
494.504,0.0
494.639,0.0
494.774,0.0
494.909,0.0
495.044,0.0
495.179,0.0
495.314,0.0
495.449,0.0
495.584,0.0
495.719,1.1696634809635829e-07
495.854,6.970517199581677e-07
495.988,1.4351684834693619e-06
496.123,2.3510741205141257e-06
496.258,3.466950369137345e-06
496.393,4.803269347361361e-06
496.528,6.39619996588546e-06
496.663,8.284582573158904e-06
496.797,1.0529765359714292e-05
496.932,1.3162625722735721e-05
497.067,1.619602058649615e-05
497.202,1.9670463668751526e-05
497.336,2.3598777439239782e-05
497.471,2.7963370413569012e-05
497.606,3.269860543604202e-05
497.74,3.771385816269809e-05
497.875,4.290895169894589e-05
498.01,4.8221822778228596e-05
498.144,5.3640501838784695e-05
498.279,5.8984931203036606e-05
498.414,6.423654335661658e-05
498.548,6.942278144917158e-05
498.683,7.463497712974824e-05
498.817,8.030382640242469e-05
498.952,8.643004563565011e-05
499.087,9.312025236953602e-05
499.221,0.00010145884377439205
499.356,0.00011124684327067883
499.49,0.0001161091828262132
499.625,0.00012705995959185097
499.759,0.00013758120180195637
499.894,0.00014743444410070212
500.028,0.0001571200152593503
500.162,0.00016579734346211438
500.297,0.00017252844695364169
500.431,0.0001765465076465729
500.566,0.00017733087814361895
500.7,0.0001748087275081254
500.835,0.0001691224117843764
500.969,0.00016088101890795109
501.103,0.00015081877930124308
501.238,0.00013967673232424715
501.372,0.00012831051449544516
501.506,0.00011728971431567438
501.641,0.0001072565652367292
501.775,9.853899436697858e-05
501.909,9.114878250819786e-05
502.043,8.501222384872081e-05
502.178,7.966320093167963e-05
502.312,7.487701874709976e-05
502.446,7.051859239650601e-05
502.58,6.647183208986542e-05
502.715,6.277896456440784e-05
502.849,5.934304405088037e-05
502.983,5.607536719691848e-05
503.117,5.292480272301372e-05
503.251,5.0085566280248624e-05
503.385,4.745300768457926e-05
503.52,4.365733642039792e-05
503.654,3.986890922016264e-05
503.788,4.443180369446226e-05
503.922,3.598089456580332e-05
504.056,3.4929406226261814e-05
504.19,3.421165639984052e-05
504.324,3.238002206817609e-05
504.458,3.056228439076337e-05
504.592,2.8863768685177984e-05
504.726,2.7143516011965356e-05
504.86,2.540765227362741e-05
504.994,2.3662361918594792e-05
505.128,2.191754041376811e-05
505.262,2.0178146167432564e-05
505.396,1.8460369466820612e-05
505.53,1.6781642863406335e-05
505.664,1.519270852343853e-05
505.798,1.3695226070775613e-05
505.932,1.2291271731486628e-05
506.066,1.0979757034677365e-05
506.199,9.75872900840777e-06
506.333,8.631172774461725e-06
506.467,7.599772957153684e-06
506.601,6.662034237315597e-06
506.735,5.7976898487833005e-06
506.869,5.0040670119165e-06
507.002,4.278316504155613e-06
507.136,3.617246783110608e-06
507.27,3.0164095071395477e-06
507.404,2.473426176434957e-06
507.537,1.9847551967050424e-06
507.671,1.5471427330985748e-06
507.805,1.1521615888935498e-06
507.939,7.932428274064992e-07
508.072,4.64410699470274e-07
508.206,1.6472064902142152e-07
508.34,0.0
508.473,0.0
508.607,0.0
508.74,0.0
508.874,0.0
509.008,0.0
509.141,0.0
509.275,0.0
509.408,0.0
509.542,0.0
509.675,0.0
509.809,0.0
509.942,0.0
510.076,0.0
510.209,0.0
510.343,0.0
510.476,0.0
510.61,0.0
510.743,0.0
510.877,0.0
511.01,0.0
511.143,0.0
511.277,0.0
511.41,0.0
511.543,0.0
511.677,0.0
511.81,0.0
511.943,0.0
512.077,0.0
512.21,0.0
512.343,0.0
512.476,0.0
512.61,0.0
512.743,0.0
512.876,0.0
513.009,0.0
513.142,0.0
513.276,0.0
513.409,6.3309405752044255e-09
513.542,2.280916885134987e-07
513.675,4.6615894316661134e-07
513.808,7.344676289225515e-07
513.941,1.0380457146131346e-06
514.074,1.4320757178968551e-06
514.207,1.942762715211818e-06
514.34,2.6209350321036546e-06
514.474,3.481169219892569e-06
514.607,4.551552665674037e-06
514.74,5.841485843872928e-06
514.873,7.307671263179256e-06
515.006,8.867547362029262e-06
515.139,1.0340698524563176e-05
515.272,1.164255755146615e-05
515.404,1.2754356194949141e-05
515.537,1.386618400693325e-05
515.67,1.5167549986326264e-05
515.803,1.664426624661589e-05
515.936,1.8174680775403734e-05
516.069,1.9141891574342974e-05
516.202,1.9421334771090663e-05
516.335,2.2337392068132984e-05
516.468,3.548119407087806e-05
516.6,6.483439591549156e-05
516.733,0.0001108356486663297
516.866,0.00011856146363444521
516.999,9.494767903664467e-05
517.132,0.00014452604171713858
517.264,0.00026849025955577853
517.397,0.0002541292300184936
517.53,0.0001602716920158516
517.663,0.0001102865127381669
517.795,8.944998777631715e-05
517.928,8.407648359088112e-05
518.061,9.014012810910324e-05
518.193,0.00015808470709624352
518.326,0.0003334166131384263
518.459,0.00037675484776749946
518.591,0.00023799042573938495
518.724,0.00014433231559826356
518.857,0.00010599192976038996
518.989,8.304059192596388e-05
519.122,6.896124583097952e-05
519.254,5.889404774653655e-05
519.387,5.0596577902839306e-05
519.519,4.358604994839262e-05
519.652,3.832068907600671e-05
519.784,3.447462259091352e-05
519.917,3.147785440575993e-05
520.049,2.910398377645085e-05
520.182,2.697020746545862e-05
520.314,2.4971044053159048e-05
520.447,2.3181104808917188e-05
520.579,2.1551357011179992e-05
520.712,2.0106106043190132e-05
520.844,1.8769935598334926e-05
520.976,1.7466444480253247e-05
521.109,1.616480753005837e-05
521.241,1.4863494457135041e-05
521.373,1.357593611071431e-05
521.506,1.2305051405804301e-05
521.638,1.1076542783829935e-05
521.77,9.894423322165132e-06
521.903,8.770501043217779e-06
522.035,7.729280072153652e-06
522.167,6.789174042922662e-06
522.3,5.957552454995145e-06
522.432,5.231875940899043e-06
522.564,4.604970672861387e-06
522.696,4.06399521744643e-06
522.828,3.6018931497861696e-06
522.961,3.21601952953382e-06
523.093,2.8875288553365216e-06
523.225,2.600290480838928e-06
523.357,2.3412813089917755e-06
523.489,2.104099989443231e-06
523.621,1.8841887337765342e-06
523.753,1.6748173455459714e-06
523.885,1.4701607124453006e-06
524.018,1.2641905783969624e-06
524.15,1.0549429218193479e-06
524.282,8.424726712973359e-07
524.414,6.261363143087958e-07
524.546,4.033823738717515e-07
524.678,1.723508405107004e-07
524.81,0.0
524.942,0.0
525.074,0.0
525.206,0.0
525.338,0.0
525.469,0.0
525.601,0.0
525.733,0.0
525.865,0.0
525.997,0.0
526.129,0.0
526.261,0.0
526.393,0.0
526.524,0.0
526.656,0.0
526.788,0.0
526.92,0.0
527.052,0.0
527.183,0.0
527.315,0.0
527.447,0.0
527.578,0.0
527.71,0.0
527.842,0.0
527.973,0.0
528.105,0.0
528.237,0.0
528.368,0.0
528.5,0.0
528.632,0.0
528.763,0.0
528.895,0.0
529.026,0.0
529.158,0.0
529.289,0.0
529.421,0.0
529.552,0.0
529.684,0.0
529.815,0.0
529.947,0.0
530.078,0.0
530.21,0.0
530.341,0.0
530.472,0.0
530.604,0.0
530.735,1.1105022324972439e-07
530.867,3.8325469863628383e-07
530.998,6.503052624768252e-07
531.129,9.106141881322554e-07
531.26,1.1627651958286193e-06
531.392,1.4055868002574738e-06
531.523,1.6380432680044072e-06
531.654,1.839755936749174e-06
531.786,1.9888803647780837e-06
531.917,2.0694460460434524e-06
532.048,2.080987868641308e-06
532.179,2.0231673866481255e-06
532.311,1.8955910071194708e-06
532.442,1.6977846157171604e-06
532.573,1.4293215328054307e-06
532.704,1.1230821894672547e-06
532.835,8.362904088558279e-07
532.966,6.218345588917774e-07
533.097,4.962912441460084e-07
533.229,4.596212089770378e-07
533.36,5.11805551195478e-07
533.491,6.528215203463571e-07
533.622,8.827260032103813e-07
533.753,1.1820503767723025e-06
533.884,1.4931018050749677e-06
534.015,1.7431248338278384e-06
534.146,1.9038237462671043e-06
534.277,1.975394351387546e-06
534.408,1.9582682914230114e-06
534.539,1.8531195934377012e-06
534.67,1.6606781161317846e-06
534.801,1.381819817350791e-06
534.932,1.0390009209433462e-06
535.063,6.84583806246135e-07
535.194,3.365299611234509e-07
535.324,0.0
535.455,0.0
535.586,0.0
535.717,0.0
535.848,0.0
535.979,0.0
536.109,0.0
536.24,0.0
536.371,0.0
536.502,0.0
536.632,0.0
536.763,0.0
536.894,0.0
537.025,0.0
537.155,0.0
537.286,0.0
537.417,0.0
537.547,0.0
537.678,0.0
537.808,0.0
537.939,0.0
538.07,0.0
538.2,0.0
538.331,0.0
538.461,0.0
538.592,0.0
538.722,0.0
538.853,0.0
538.983,0.0
539.114,0.0
539.244,0.0
539.375,0.0
539.505,0.0
539.636,0.0
539.766,0.0
539.896,0.0
540.027,0.0
540.157,0.0
540.287,0.0
540.418,0.0
540.548,0.0
540.678,0.0
540.809,0.0
540.939,0.0
541.069,0.0
541.2,0.0
541.33,0.0
541.46,0.0
541.59,0.0
541.72,0.0
541.851,0.0
541.981,1.022604025508626e-07
542.111,4.976777742937203e-07
542.241,9.009689951620149e-07
542.371,1.3104537751543081e-06
542.501,1.6767122434440276e-06
542.631,1.9832243373719745e-06
542.761,2.214990215219028e-06
542.891,2.3735973045336384e-06
543.021,2.4579172534779638e-06
543.151,2.466943283725664e-06
543.281,2.399797253119377e-06
543.411,2.2557380126733727e-06
543.542,2.081691927005034e-06
543.671,1.9269332769646855e-06
543.801,1.8382300907889571e-06
543.931,1.8337635834704769e-06
544.061,1.9131704416973775e-06
544.191,2.076182329822025e-06
544.321,2.322655979314686e-06
544.451,2.6525594261682832e-06
544.581,3.0485654051570527e-06
544.711,3.442142023555655e-06
544.841,3.766808777464549e-06
544.97,3.9744067054235365e-06
545.1,4.065755909140862e-06
545.23,4.041858918455323e-06
545.36,3.903924855692766e-06
545.49,3.6533523205355847e-06
545.619,3.2887548692200323e-06
545.749,2.8621633766265088e-06
545.879,2.425103651901857e-06
546.009,2.0261607828566235e-06
546.138,1.666641813655376e-06
546.268,1.3478465977118636e-06
546.398,1.071041771793136e-06
546.527,8.374540335706012e-07
546.657,6.510821378063652e-07
546.786,4.976390377202792e-07
546.916,3.634333765178242e-07
547.046,2.3343586960606444e-07
547.175,1.097020918202414e-07
547.305,0.0
547.434,0.0
547.564,0.0
547.693,0.0
547.823,0.0
547.953,0.0
548.082,0.0
548.211,0.0
548.341,0.0
548.47,0.0
548.6,0.0
548.729,0.0
548.859,0.0
548.988,0.0
549.117,0.0
549.247,0.0
549.376,0.0
549.505,8.311626741742038e-08
549.635,2.1422521015256145e-07
549.764,3.4261411480524126e-07
549.893,4.6378165459827245e-07
550.023,5.763917104200249e-07
550.152,6.654919044319842e-07
550.281,7.359803795967009e-07
550.41,7.965362986522237e-07
550.539,8.489067272652594e-07
550.669,8.977940838244836e-07
550.798,9.453354295594113e-07
550.927,9.881584464148034e-07
551.056,1.0212473529059721e-06
551.185,1.09012428344432e-06
551.314,1.191249274934271e-06
551.443,1.3159311916084612e-06
551.573,1.4850745075725038e-06
551.702,1.7184918868104764e-06
551.831,2.06138630236823e-06
551.96,2.568474847519492e-06
552.089,3.2626165203678453e-06
552.218,4.084547344588936e-06
552.347,5.140704298247649e-06
552.476,6.554835991746592e-06
552.605,8.27742575735301e-06
552.734,1.0243097983760904e-05
552.863,1.196910881034474e-05
552.992,1.285749370694492e-05
553.121,1.2761145103674504e-05
553.249,1.1698585155701187e-05
553.378,1.0096061615068189e-05
553.507,8.58093542577689e-06
553.636,7.426257838053712e-06
553.765,6.685379470966521e-06
553.894,6.271864299217549e-06
554.023,5.9861654346316225e-06
554.151,5.683090032900027e-06
554.28,5.375242300713843e-06
554.409,5.046021745182123e-06
554.538,4.65606089696463e-06
554.666,4.2160454171001835e-06
554.795,3.718204240330463e-06
554.924,3.1792937752004645e-06
555.052,2.646691974796834e-06
555.181,2.1464166412611504e-06
555.31,1.6769559994780033e-06
555.439,1.2391117032398187e-06
555.567,8.341864066427981e-07
555.696,4.6009252811203583e-07
555.824,1.1502473277445243e-07
555.953,0.0
556.082,0.0
556.21,0.0
556.339,0.0
556.467,0.0
556.596,0.0
556.724,0.0
556.853,0.0
556.981,0.0
557.11,0.0
557.238,0.0
557.367,0.0
557.495,0.0
557.623,0.0
557.752,0.0
557.88,0.0
558.008,0.0
558.137,0.0
558.265,0.0
558.393,0.0
558.522,0.0
558.65,0.0
558.778,0.0
558.906,0.0
559.035,0.0
559.163,0.0
559.291,0.0
559.419,0.0
559.548,0.0
559.676,0.0
559.804,0.0
559.932,3.1873246273434033e-07
560.06,0.0
560.188,0.0
560.316,0.0
560.444,0.0
560.572,0.0
560.7,0.0
560.828,2.422556645177518e-07
560.956,5.299136056430235e-07
561.085,8.252188144571079e-07
561.212,1.1294638692777136e-06
561.34,1.4433098034131339e-06
561.468,1.7676367335452918e-06
561.596,2.103773456178283e-06
561.724,2.4574551088273246e-06
561.852,2.835174402866209e-06
561.98,3.241353830277392e-06
562.108,3.6788504634579327e-06
562.236,4.149787294519614e-06
562.364,4.654296588771238e-06
562.492,5.193626529549171e-06
562.619,5.769684373617893e-06
562.747,6.403674671935457e-06
562.875,7.115071460589743e-06
563.003,7.9020649945613e-06
563.13,8.763565026131164e-06
563.258,9.699823628559714e-06
563.386,1.0713115306929317e-05
563.514,1.1806612623034403e-05
563.641,1.2985652620728687e-05
563.769,1.4199520646796754e-05
563.897,1.538836158965525e-05
564.024,1.6534683568343e-05
564.152,1.762690901933828e-05
564.28,1.865612087764148e-05
564.407,1.9626340578521733e-05
564.535,2.0541085074122225e-05
564.662,2.140376386706163e-05
564.79,2.2279995556810623e-05
564.917,2.326622613378147e-05
565.045,2.443451586140754e-05
565.173,2.584696179650254e-05
565.3,2.7555755763368323e-05
565.428,2.957616265146818e-05
565.555,3.1917059496676106e-05
565.682,3.458206578887456e-05
565.81,3.75318460048393e-05
565.937,4.0684597606221675e-05
566.065,4.394544522807749e-05
566.192,4.722622627383478e-05
566.32,5.044153320834743e-05
566.447,5.352871269731424e-05
566.574,5.6430909567856316e-05
566.702,5.907015248969895e-05
566.829,6.136730095396483e-05
566.956,6.333069492402965e-05
567.083,6.501133963643965e-05
567.211,6.632971882285386e-05
567.338,6.731529358542798e-05
567.465,6.800058241696017e-05
567.593,6.82760797555297e-05
567.72,6.917693349837017e-05
567.847,7.112755802318049e-05
567.974,7.277002971198225e-05
568.101,7.86835489340036e-05
568.228,9.928737832643913e-05
568.356,0.00010377608932384491
568.483,9.201459272914913e-05
568.61,9.531216971667462e-05
568.737,0.00011572742873525921
568.864,0.00014996466897987984
568.991,0.00013362336287935276
569.118,0.00010255915009988495
569.245,8.056257144882728e-05
569.372,6.568354028505732e-05
569.499,5.49026346273289e-05
569.626,4.7618642772695066e-05
569.753,4.297978841485259e-05
569.88,3.9496507597797144e-05
570.007,3.665529265802479e-05
570.134,3.425009343680777e-05
570.261,3.2125902036100154e-05
570.388,3.0236959465255425e-05
570.515,2.8475383457779382e-05
570.642,2.6744055416875323e-05
570.768,2.5001351284684514e-05
570.895,2.3263825118546802e-05
571.022,2.1568092344941197e-05
571.149,1.991271651403718e-05
571.276,1.8291806517089572e-05
571.402,1.672451382704973e-05
571.529,1.5229305980968531e-05
571.656,1.383472081527224e-05
571.783,1.254594243737614e-05
571.909,1.1352338495005989e-05
572.036,1.0243043186085054e-05
572.163,9.216605035347555e-06
572.289,8.274687811891873e-06
572.416,7.413067738405471e-06
572.543,6.626100031860926e-06
572.669,5.903239560022805e-06
572.796,5.246445796032083e-06
572.922,4.657248303559959e-06
573.049,4.13585157385016e-06
573.176,3.6830825835210116e-06
573.302,3.292273253818359e-06
573.429,2.9521488847215738e-06
573.555,2.651803380580251e-06
573.682,2.3820905489744915e-06
573.808,2.1354120653152313e-06
573.935,1.905611033933126e-06
574.061,1.6869199408328613e-06
574.188,1.4741221595837698e-06
574.314,1.2637552225220438e-06
574.44,1.0546975741998472e-06
574.567,8.46643561860655e-07
574.693,6.397167679194817e-07
574.82,4.3155989893845134e-07
574.946,2.2027337217682297e-07
575.072,4.507612656973636e-09
575.198,0.0
575.325,0.0
575.451,0.0
575.577,0.0
575.704,0.0
575.83,0.0
575.956,0.0
576.082,0.0
576.208,0.0
576.335,0.0
576.461,0.0
576.587,0.0
576.713,0.0
576.839,0.0
576.965,0.0
577.091,0.0
577.217,0.0
577.343,0.0
577.469,0.0
577.596,0.0
577.722,0.0
577.848,0.0
577.974,0.0
578.099,0.0
578.225,0.0
578.351,0.0
578.477,0.0
578.603,0.0
578.729,0.0
578.855,0.0
578.981,0.0
579.107,0.0
579.232,0.0
579.358,0.0
579.484,0.0
579.61,0.0
579.735,0.0
579.861,0.0
579.987,0.0
580.113,0.0
580.238,0.0
580.364,0.0
580.49,0.0
580.615,0.0
580.741,0.0
580.867,0.0
580.992,0.0
581.118,0.0
581.243,0.0
581.369,0.0
581.494,0.0
581.62,1.1834553686586709e-08
581.745,3.705861265029087e-07
581.871,7.433524518902662e-07
581.996,1.1315228176892855e-06
582.122,1.5346862875636532e-06
582.247,1.9557638410577143e-06
582.373,2.3985446204605132e-06
582.498,2.8657291915860177e-06
582.624,3.3618453827506095e-06
582.749,3.894649941242377e-06
582.874,4.4717994156519005e-06
583.0,5.0990738672666995e-06
583.125,5.780714366763696e-06
583.25,6.516890601031934e-06
583.376,7.31656234738709e-06
583.501,8.184936431770402e-06
583.626,9.125713915311914e-06
583.751,1.0117161699653416e-05
583.877,1.1164282635929984e-05
584.002,1.2272154933133397e-05
584.127,1.3447263407781002e-05
584.252,1.4721786441161842e-05
584.377,1.6102463371476144e-05
584.503,1.7600278442825018e-05
584.628,1.9213854107999296e-05
584.753,2.1087918382801403e-05
584.878,2.321966859646479e-05
585.003,2.5604597017599407e-05
585.128,2.8256378755512354e-05
585.253,3.077653456754502e-05
585.378,3.317718353458883e-05
585.503,3.5470501447712466e-05
585.628,3.770861921713477e-05
585.753,4.0389706369464584e-05
585.878,4.360420194720213e-05
586.003,4.746809004943346e-05
586.128,5.206645798872611e-05
586.253,5.7372910238831803e-05
586.378,6.35190489259925e-05
586.503,7.066586327765872e-05
586.628,7.895458855398921e-05
586.753,8.837116715052104e-05
586.878,9.893031439068515e-05
587.003,0.00011064803414594398
587.127,0.0001236704515547233
587.252,0.00013827203652350912
587.377,0.000155004343155288
587.502,0.00017431637050223592
587.627,0.0001968626721609306
587.751,0.00022388665898413144
587.876,0.0002559039110411343
588.001,0.00029533008291021077
588.125,0.00034607850684701297
588.25,0.00041087060149220503
588.375,0.000497285001530177
588.499,0.0006181962203713674
588.624,0.0007826998147062956
588.749,0.0010493023082425103
588.873,0.0013569508671393432
588.998,0.001596002333182291
589.122,0.0016524894332847798
589.247,0.001474833013189148
589.372,0.0013151727830076024
589.496,0.0014024534454164172
589.621,0.0015391776677859616
589.745,0.0014240431453515603
589.87,0.0011032774049594804
589.994,0.0008373510718577901
590.118,0.0006683397779687685
590.243,0.0005494583847678798
590.367,0.00046414613545284005
590.492,0.0003973418311507801
590.616,0.00034362962862965953
590.74,0.0003011580493615689
590.865,0.0002673462536418241
590.989,0.00024131209373038615
591.114,0.0002208647213618855
591.238,0.00020198202095693692
591.362,0.00018408747433611567
591.486,0.0001680789291149629
591.611,0.0001539553041662809
591.735,0.00014173937049214745
591.859,0.00013099305636684266
591.983,0.00012134740820626233
592.107,0.0001125564026042098
592.232,0.00010445439638444634
592.356,9.704860182863877e-05
592.48,9.024811791043603e-05
592.604,8.392491920977562e-05
592.728,7.797962628904189e-05
592.852,7.239817153016711e-05
592.976,6.717620534613094e-05
593.1,6.234711657385986e-05
593.224,5.7933294653854466e-05
593.349,5.391173260057229e-05
593.473,5.0261491733508965e-05
593.597,4.6971427215859654e-05
593.721,4.40133586606934e-05
593.844,4.133659319870482e-05
593.968,3.8892049314496524e-05
594.092,3.6633341534519856e-05
594.216,3.452120019554855e-05
594.34,3.253140613820566e-05
594.464,3.064723612677356e-05
594.588,2.8846168393659515e-05
594.712,2.711421846561668e-05
594.836,2.544316309937355e-05
594.959,2.3830052569449384e-05
595.083,2.2273813700079327e-05
595.207,2.077507845150055e-05
595.331,1.9334217189455543e-05
595.455,1.7951115225293863e-05
595.578,1.6623074974998825e-05
595.702,1.5345061685316817e-05
595.826,1.4117002641350176e-05
595.949,1.2937909636659054e-05
596.073,1.1806797131883066e-05
596.197,1.0723424590520255e-05
596.32,9.686810533008487e-06
596.444,8.69490987738969e-06
596.568,7.752055349121143e-06
596.691,6.861027306472551e-06
596.815,6.022422211875144e-06
596.938,5.234667264615424e-06
597.062,4.494962222088161e-06
597.186,3.800434457528623e-06
597.309,3.1491693572498794e-06
597.433,2.539720545258049e-06
597.556,1.97114369433354e-06
597.68,1.443679906795406e-06
597.803,9.542004412461562e-07
597.926,5.017667602347324e-07
598.05,8.576316935840623e-08
598.173,0.0
598.297,0.0
598.42,0.0
598.543,0.0
598.667,0.0
598.79,0.0
598.913,0.0
599.037,0.0
599.16,0.0
599.283,0.0
599.406,0.0
599.53,0.0
599.653,0.0
599.776,0.0
599.899,1.225087390273111e-06
600.022,0.0
600.145,0.0
600.269,0.0
600.392,0.0
600.515,0.0
600.638,0.0
600.761,0.0
600.884,0.0
601.007,0.0
601.13,0.0
601.253,0.0
601.376,0.0
601.499,0.0
601.622,0.0
601.745,0.0
601.868,0.0
601.991,0.0
602.113,0.0
602.236,0.0
602.359,0.0
602.482,0.0
602.605,0.0
602.728,0.0
602.85,0.0
602.973,0.0
603.096,0.0
603.219,0.0
603.341,0.0
603.464,0.0
603.587,0.0
603.709,0.0
603.832,0.0
603.955,0.0
604.077,0.0
604.2,0.0
604.323,0.0
604.445,0.0
604.568,0.0
604.69,0.0
604.813,0.0
604.935,0.0
605.058,0.0
605.18,0.0
605.303,0.0
605.425,0.0
605.547,0.0
605.67,0.0
605.792,0.0
605.915,0.0
606.037,0.0
606.159,0.0
606.282,0.0
606.404,0.0
606.526,0.0
606.648,0.0
606.771,0.0
606.893,0.0
607.015,0.0
607.137,0.0
607.26,0.0
607.382,0.0
607.504,0.0
607.626,0.0
607.748,0.0
607.87,0.0
607.992,0.0
608.114,0.0
608.237,0.0
608.359,0.0
608.481,0.0
608.603,0.0
608.725,0.0
608.847,0.0
608.969,0.0
609.09,0.0
609.212,0.0
609.334,0.0
609.456,0.0
609.578,0.0
609.7,0.0
609.822,0.0
609.944,0.0
610.065,0.0
610.187,0.0
610.309,0.0
610.431,0.0
610.552,0.0
610.674,0.0
610.796,0.0
610.918,0.0
611.039,0.0
611.161,0.0
611.282,0.0
611.404,0.0
611.526,0.0
611.647,0.0
611.769,0.0
611.89,0.0
612.012,0.0
612.133,0.0
612.255,0.0
612.377,0.0
612.498,0.0
612.619,0.0
612.741,0.0
612.862,0.0
612.984,0.0
613.105,0.0
613.226,0.0
613.348,0.0
613.469,0.0
613.59,0.0
613.712,0.0
613.833,0.0
613.954,0.0
614.076,0.0
614.197,0.0
614.318,0.0
614.439,0.0
614.56,0.0
614.682,0.0
614.803,5.634227874643351e-07
614.924,1.5972994810866217e-06
615.045,3.450681880846474e-06
615.166,6.331597632146668e-06
615.287,1.1503267522888085e-05
615.408,1.8896694036468744e-05
615.529,2.2441444032298453e-05
615.65,1.359901236867573e-05
615.771,1.1150560846029512e-05
615.892,1.7206562113188123e-05
616.013,3.055235784073403e-05
616.134,3.895675148771485e-05
616.255,3.35528099035742e-05
616.376,2.2018278358877345e-05
616.497,1.4918849994312005e-05
616.618,1.2281400049934572e-05
616.739,1.0222067495655884e-05
616.86,8.214691170776255e-06
616.981,6.9052235866839725e-06
617.102,5.956781890702506e-06
617.222,5.318375209406861e-06
617.343,5.058833835765723e-06
617.464,4.880571428348214e-06
617.585,4.759622847273581e-06
617.705,4.667917081624904e-06
617.826,4.536848288478096e-06
617.947,4.3835811743109335e-06
618.068,4.219876951330758e-06
618.188,4.0465986747650245e-06
618.309,3.8552947879306326e-06
618.43,3.6607059955923253e-06
618.55,3.454675943359985e-06
618.671,3.229397355094016e-06
618.791,2.9964942576471457e-06
618.912,2.7526227332533674e-06
619.033,2.4914123700430824e-06
619.153,2.2115169990313113e-06
619.274,1.9145896379861143e-06
619.394,1.6075750699348518e-06
619.515,1.3021977121377836e-06
619.635,1.007829221118165e-06
619.756,7.297402841308043e-07
619.876,4.734585339332272e-07
619.996,2.44158741636515e-07
620.117,4.8564661626339895e-08
620.237,0.0
620.358,0.0
620.478,0.0
620.598,0.0
620.719,0.0
620.839,0.0
620.959,0.0
621.079,0.0
621.2,0.0
621.32,0.0
621.44,0.0
621.56,0.0
621.681,0.0
621.801,0.0
621.921,0.0
622.041,0.0
622.161,0.0
622.281,0.0
622.401,0.0
622.521,0.0
622.641,0.0
622.761,0.0
622.882,0.0
623.002,0.0
623.121,0.0
623.241,0.0
623.361,0.0
623.481,0.0
623.601,0.0
623.721,0.0
623.841,0.0
623.961,0.0
624.081,0.0
624.201,0.0
624.32,0.0
624.44,0.0
624.56,0.0
624.68,0.0
624.799,0.0
624.919,0.0
625.039,0.0
625.159,0.0
625.278,0.0
625.398,0.0
625.518,0.0
625.637,0.0
625.757,0.0
625.876,0.0
625.996,0.0
626.115,0.0
626.235,0.0
626.354,0.0
626.474,0.0
626.594,0.0
626.713,0.0
626.832,0.0
626.952,0.0
627.071,0.0
627.191,0.0
627.31,0.0
627.429,0.0
627.549,0.0
627.668,0.0
627.787,0.0
627.907,0.0
628.026,0.0
628.145,0.0
628.264,0.0
628.384,0.0
628.503,0.0
628.622,0.0
628.741,0.0
628.86,0.0
628.98,0.0
629.099,0.0
629.218,0.0
629.337,0.0
629.456,0.0
629.575,0.0
629.694,0.0
629.813,0.0
629.932,0.0
630.051,0.0
630.17,0.0
630.289,0.0
630.408,0.0
630.527,0.0
630.646,0.0
630.764,0.0
630.883,0.0
631.002,0.0
631.121,0.0
631.24,0.0
631.359,0.0
631.477,0.0
631.596,0.0
631.715,0.0
631.834,0.0
631.952,0.0
632.071,0.0
632.19,0.0
632.308,0.0
632.427,0.0
632.546,0.0
632.664,0.0
632.783,0.0
632.901,0.0
633.02,0.0
633.138,0.0
633.257,0.0
633.375,0.0
633.494,0.0
633.612,0.0
633.731,0.0
633.849,0.0
633.968,0.0
634.086,0.0
634.204,0.0
634.323,0.0
634.441,0.0
634.559,0.0
634.678,0.0
634.796,0.0
634.914,0.0
635.032,0.0
635.151,0.0
635.269,0.0
635.387,0.0
635.505,0.0
635.623,0.0
635.742,0.0
635.86,0.0
635.978,0.0
636.096,0.0
636.214,0.0
636.332,0.0
636.45,0.0
636.568,0.0
636.686,0.0
636.804,0.0
636.922,0.0
637.04,0.0
637.158,0.0
637.276,0.0
637.394,0.0
637.512,0.0
637.629,0.0
637.747,0.0
637.865,0.0
637.983,0.0
638.101,0.0
638.218,0.0
638.336,0.0
638.454,0.0
638.572,0.0
638.689,0.0
638.807,0.0
638.925,0.0
639.042,0.0
639.16,0.0
639.278,0.0
639.395,0.0
639.513,0.0
639.63,0.0
639.748,0.0
639.865,0.0
639.983,0.0
640.1,0.0
640.218,0.0
640.335,0.0
640.453,0.0
640.57,0.0
640.688,0.0
640.805,0.0
640.922,0.0
641.04,0.0
641.157,0.0
641.274,0.0
641.391,0.0
641.509,0.0
641.626,0.0
641.743,0.0
641.86,0.0
641.978,0.0
642.095,0.0
642.212,0.0
642.329,0.0
642.446,0.0
642.563,0.0
642.681,0.0
642.798,0.0
642.915,0.0
643.032,0.0
643.149,0.0
643.266,0.0
643.383,0.0
643.5,0.0
643.617,0.0
643.734,0.0
643.85,0.0
643.967,0.0
644.084,0.0
644.201,0.0
644.318,0.0
644.435,0.0
644.552,0.0
644.668,0.0
644.785,0.0
644.902,0.0
645.019,0.0
645.135,0.0
645.252,0.0
645.369,0.0
645.485,0.0
645.602,0.0
645.719,0.0
645.835,0.0
645.952,0.0
646.068,0.0
646.185,0.0
646.302,0.0
646.418,0.0
646.535,0.0
646.651,0.0
646.768,0.0
646.884,0.0
647.0,0.0
647.117,0.0
647.233,0.0
647.35,0.0
647.466,0.0
647.582,0.0
647.699,0.0
647.815,0.0
647.931,0.0
648.047,0.0
648.164,0.0
648.28,0.0
648.396,0.0
648.512,0.0
648.629,0.0
648.745,0.0
648.861,0.0
648.977,0.0
649.093,0.0
649.209,0.0
649.325,0.0
649.441,0.0
649.557,0.0
649.673,0.0
649.789,0.0
649.905,0.0
650.021,0.0
650.137,0.0
650.253,0.0
650.369,0.0
650.485,0.0
650.601,0.0
650.717,0.0
650.833,0.0
650.948,0.0
651.064,0.0
651.18,0.0
651.296,0.0
651.411,0.0
651.527,0.0
651.643,0.0
651.759,4.3869142704603013e-08
651.874,2.793118557948494e-07
651.99,5.508015028095703e-07
652.105,8.642874177020227e-07
652.221,1.2263944706120295e-06
652.337,1.6439730096675955e-06
652.452,2.126959572518595e-06
652.568,2.68368862014307e-06
652.683,3.3187971057788077e-06
652.799,4.036182054885463e-06
652.914,4.843236632029199e-06
653.03,5.744563949942172e-06
653.145,6.74445910355866e-06
653.261,7.846004428465223e-06
653.376,9.050552430028905e-06
653.492,1.0360211878816735e-05
653.607,1.17833588371248e-05
653.722,1.3331598636880686e-05
653.838,1.5021604615960362e-05
653.953,1.6849519324813897e-05
654.068,1.8805462283564168e-05
654.184,2.0881249585790544e-05
654.299,2.3063949024258683e-05
654.414,2.534153285100192e-05
654.53,2.7691011179839396e-05
654.645,3.0094605048160964e-05
654.76,3.253583412868057e-05
654.875,3.518966758329517e-05
654.99,3.8143399630453496e-05
655.106,4.037535784576192e-05
655.221,4.196602941090313e-05
655.336,4.9633901616346914e-05
655.451,5.225347816293349e-05
655.566,5.660491978134e-05
655.681,6.280445680318712e-05
655.796,6.977126408846539e-05
655.911,7.696148150322622e-05
656.026,8.383399065895418e-05
656.141,8.966183893942612e-05
656.256,9.353134685830618e-05
656.371,9.525295005236465e-05
656.486,9.495306304463414e-05
656.601,9.288418659724639e-05
656.716,8.975862368707161e-05
656.831,8.603262297806453e-05
656.946,8.1931321366601e-05
657.06,7.770772777165366e-05
657.175,7.341224187528283e-05
657.29,6.909707565954955e-05
657.405,6.492490721864913e-05
657.52,6.100357780724824e-05
657.634,5.735750877270076e-05
657.749,5.3993972743097344e-05
657.864,5.0906408134920666e-05
657.979,4.807393115921862e-05
658.093,4.550063321387237e-05
658.208,4.3157550189059704e-05
658.323,4.098565852744822e-05
658.437,3.892818384965658e-05
658.552,3.697285916364897e-05
658.666,3.5114367144782596e-05
658.781,3.3338585712569095e-05
658.895,3.162860572030623e-05
659.01,2.996286383783825e-05
659.125,2.834039624368881e-05
659.239,2.6764038278169042e-05
659.353,2.5239826520593737e-05
659.468,2.3756618857028005e-05
659.582,2.230670523832742e-05
659.697,2.0884459625822603e-05
659.811,1.9486825610441537e-05
659.926,1.8113895857956304e-05
660.04,1.6767035257267982e-05
660.154,1.5448507714037914e-05
660.269,1.4161874782272709e-05
660.383,1.2915890915593295e-05
660.497,1.1717719092768725e-05
660.612,1.0577292024500505e-05
660.726,9.50350969910577e-06
660.84,8.503472123384094e-06
660.954,7.578711358733071e-06
661.068,6.730399122426793e-06
661.183,5.9569921226165586e-06
661.297,5.257774530433732e-06
661.411,4.6294098265886235e-06
661.525,4.066901340477491e-06
661.639,3.5640312316612773e-06
661.753,3.1138780040302774e-06
661.867,2.709831050003023e-06
661.981,2.346038241909356e-06
662.095,2.0176544076076776e-06
662.209,1.717514096685538e-06
662.323,1.440457915237466e-06
662.437,1.1823962902092277e-06
662.551,9.402094515305937e-07
662.665,7.115498295245339e-07
662.779,4.950449954663738e-07
662.893,2.8983447933258213e-07
663.007,9.54128869497122e-08
663.121,0.0
663.235,0.0
663.349,0.0
663.462,0.0
663.576,0.0
663.69,0.0
663.804,0.0
663.917,0.0
664.031,0.0
664.145,0.0
664.258,0.0
664.372,0.0
664.486,0.0
664.599,0.0
664.713,0.0
664.827,0.0
664.94,0.0
665.054,0.0
665.167,0.0
665.281,0.0
665.394,0.0
665.508,0.0
665.621,0.0
665.735,0.0
665.848,0.0
665.961,0.0
666.075,0.0
666.188,0.0
666.301,0.0
666.415,0.0
666.528,0.0
666.641,0.0
666.755,0.0
666.868,0.0
666.981,0.0
667.094,0.0
667.207,0.0
667.321,0.0
667.434,0.0
667.547,0.0
667.66,0.0
667.773,0.0
667.886,0.0
667.999,0.0
668.112,0.0
668.225,0.0
668.338,0.0
668.451,0.0
668.564,0.0
668.677,0.0
668.79,0.0
668.903,0.0
669.016,0.0
669.129,0.0
669.242,0.0
669.354,0.0
669.467,0.0
669.58,0.0
669.693,0.0
669.806,0.0
669.918,0.0
670.031,0.0
670.144,0.0
670.256,0.0
670.369,0.0
670.482,0.0
670.594,0.0
670.707,0.0
670.82,0.0
670.932,0.0
671.045,0.0
671.157,0.0
671.27,0.0
671.382,0.0
671.495,0.0
671.607,0.0
671.72,0.0
671.832,0.0
671.944,0.0
672.057,0.0
672.169,0.0
672.281,0.0
672.394,0.0
672.506,0.0
672.618,0.0
672.731,0.0
672.843,0.0
672.955,0.0
673.067,0.0
673.18,0.0
673.292,0.0
673.404,0.0
673.516,0.0
673.628,0.0
673.74,0.0
673.852,0.0
673.964,0.0
674.076,0.0
674.188,0.0
674.3,0.0
674.412,0.0
674.524,0.0
674.636,0.0
674.748,0.0
674.86,0.0
674.972,0.0
675.084,0.0
675.196,0.0
675.307,0.0
675.419,0.0
675.531,0.0
675.643,0.0
675.755,0.0
675.866,0.0
675.978,0.0
676.09,0.0
676.201,0.0
676.313,0.0
676.425,0.0
676.536,0.0
676.648,0.0
676.759,0.0
676.871,0.0
676.983,0.0
677.094,0.0
677.206,0.0
677.317,0.0
677.429,0.0
677.54,0.0
677.651,0.0
677.763,0.0
677.874,0.0
677.986,0.0
678.097,0.0
678.208,0.0
678.32,0.0
678.431,0.0
678.542,0.0
678.653,0.0
678.765,0.0
678.876,0.0
678.987,0.0
679.098,0.0
679.209,0.0
679.32,0.0
679.432,0.0
679.543,0.0
679.654,0.0
679.765,0.0
679.876,0.0
679.987,0.0
680.098,0.0
680.209,0.0
680.32,0.0
680.431,0.0
680.542,0.0
680.653,0.0
680.763,0.0
680.874,0.0
680.985,0.0
681.096,0.0
681.207,0.0
681.318,0.0
681.428,0.0
681.539,0.0
681.65,0.0
681.76,0.0
681.871,0.0
681.982,0.0
682.093,0.0
682.203,0.0
682.314,0.0
682.424,0.0
682.535,0.0
682.646,0.0
682.756,0.0
682.867,0.0
682.977,0.0
683.088,0.0
683.198,0.0
683.308,0.0
683.419,0.0
683.529,0.0
683.64,0.0
683.75,0.0
683.86,0.0
683.971,0.0
684.081,0.0
684.191,0.0
684.301,0.0
684.412,0.0
684.522,0.0
684.632,0.0
684.742,0.0
684.852,0.0
684.963,0.0
685.073,0.0
685.183,0.0
685.293,0.0
685.403,0.0
685.513,0.0
685.623,0.0
685.733,0.0
685.843,0.0
685.953,0.0
686.063,0.0
686.173,0.0
686.283,3.3127122583392963e-09
686.393,7.768707664257404e-09
686.503,1.2237495130150293e-08
686.612,1.66984178952691e-08
686.722,2.113348690828594e-08
686.832,2.543223584765762e-08
686.942,2.9527451362450158e-08
687.052,3.339137285842678e-08
687.161,3.6969236298139915e-08
687.271,4.025685993433816e-08
687.381,4.328832946062752e-08
687.491,4.60096720887244e-08
687.6,4.8381970065369774e-08
687.71,5.038958987907551e-08
687.82,5.1904026817120417e-08
687.929,5.288033486530779e-08
688.039,5.3319667545693796e-08
688.148,5.312025867797509e-08
688.258,5.220871312015746e-08
688.367,5.053064017627911e-08
688.477,4.798899704967836e-08
688.586,4.4584996593559235e-08
688.696,4.043719907046811e-08
688.805,3.557478196834157e-08
688.915,3.002192693541002e-08
689.024,2.3869852684779995e-08
689.134,1.7153589821235623e-08
689.243,9.943247854120945e-09
689.352,2.341549052582101e-09
689.462,0.0
689.571,0.0
689.68,0.0
689.79,0.0
689.899,0.0
690.008,0.0
690.117,0.0
690.227,0.0
690.336,0.0
690.445,0.0
690.554,0.0
690.663,0.0
690.772,0.0
690.881,0.0
690.99,0.0
691.099,0.0
691.209,0.0
691.318,0.0
691.427,0.0
691.536,0.0
691.644,0.0
691.753,0.0
691.862,0.0
691.971,0.0
692.08,0.0
692.189,0.0
692.298,0.0
692.406,0.0
692.515,0.0
692.624,0.0
692.733,0.0
692.842,0.0
692.95,0.0
693.059,0.0
693.168,0.0
693.276,0.0
693.385,0.0
693.494,0.0
693.602,0.0
693.711,0.0
693.819,0.0
693.928,0.0
694.036,0.0
694.145,0.0
694.253,0.0
694.362,0.0
694.47,0.0
694.579,0.0
694.687,0.0
694.795,0.0
694.693,0.0
694.893,0.0
695.093,1.165672698845823e-07
695.293,0.0
695.492,0.0
695.692,0.0
695.891,0.0
696.091,0.0
696.291,0.0
696.49,0.0
696.69,0.0
696.889,0.0
697.089,2.218696662754763e-07
697.288,4.637386342382921e-07
697.488,7.090718023503193e-07
697.687,8.37066829308236e-07
697.887,8.542040550911621e-07
698.086,7.9736236953848e-07
698.286,6.656574397918921e-07
698.485,5.1261373375665e-07
698.684,3.579906679876989e-07
698.884,2.1893584362383872e-07
699.083,1.165817978598546e-07
699.282,7.657302621479234e-08
699.482,9.124234879290248e-08
699.681,1.4853801788107466e-07
699.88,2.443970573501771e-07
700.08,3.926559180385004e-07
700.279,5.880797309460678e-07
700.478,8.041111261974941e-07
700.677,1.0205589409216442e-06
700.877,1.224463738124034e-06
701.076,1.4118545515402924e-06
701.275,1.5788049633030338e-06
701.474,1.7201377836659043e-06
701.673,1.8157770189217162e-06
701.872,1.863713314050903e-06
702.071,1.8749624375753595e-06
702.271,1.854064423186551e-06
702.47,1.7863071755612445e-06
702.669,1.6735420966526543e-06
702.868,1.5249428553286421e-06
703.067,1.34485316839557e-06
703.266,1.1329832504553298e-06
703.465,8.858206617265541e-07
703.664,6.000629980432307e-07
703.863,2.789170626975874e-07
704.062,0.0
704.26,0.0
704.459,0.0
704.658,0.0
704.857,0.0
705.056,0.0
705.255,0.0
705.454,0.0
705.652,0.0
705.851,0.0
706.05,0.0
706.249,0.0
706.447,0.0
706.646,0.0
706.845,0.0
707.043,0.0
707.242,0.0
707.441,0.0
707.639,0.0
707.838,0.0
708.037,0.0
708.235,0.0
708.434,0.0
708.632,0.0
708.831,0.0
709.029,0.0
709.228,0.0
709.426,0.0
709.625,0.0
709.823,0.0
710.022,0.0
710.22,0.0
710.418,0.0
710.617,0.0
710.815,0.0
711.013,0.0
711.212,0.0
711.41,0.0
711.608,4.846330100201123e-08
711.807,1.675160285728025e-07
712.005,2.7737781710283105e-07
712.203,3.807642642702923e-07
712.401,4.816263965944622e-07
712.599,5.80603041525541e-07
712.798,6.776643943537081e-07
712.996,7.714314204096621e-07
713.194,8.377967723662642e-07
713.392,8.456527980101906e-07
713.59,7.913370793291682e-07
713.788,6.982068416518468e-07
713.986,5.93581896877538e-07
714.184,5.261146953808272e-07
714.382,5.374921952146885e-07
714.58,6.273664887165217e-07
714.778,9.310459404642479e-07
714.976,1.6288050114953246e-06
715.174,2.818449679079176e-06
715.372,4.4378783186562276e-06
715.57,6.1831580516802826e-06
715.768,7.538409136445376e-06
715.966,8.095355927351904e-06
716.164,7.853261018080574e-06
716.362,6.947759504333318e-06
716.56,5.794537971429819e-06
716.758,4.7601832873380015e-06
716.955,3.903631045771407e-06
717.153,3.2933438092530217e-06
717.351,2.858907684385782e-06
717.549,2.531258283723248e-06
717.746,2.311030341731715e-06
717.944,2.1761972293321098e-06
718.142,2.0972268267244005e-06
718.34,2.0532397554742614e-06
718.537,2.024381154407652e-06
718.735,1.98747437806916e-06
718.933,1.9424092970045223e-06
719.13,1.889643592124742e-06
719.328,1.830195094341772e-06
719.525,1.7677867026689471e-06
719.723,1.7069866824702078e-06
719.92,1.6482268416788908e-06
720.118,1.5884297108475957e-06
720.316,1.5238401242318683e-06
720.513,1.4482504540733467e-06
720.711,1.3565687200129608e-06
720.908,1.2497310211467244e-06
721.105,1.1287868399332835e-06
721.303,9.948456643000191e-07
721.5,8.490510079283689e-07
721.698,6.960556477804261e-07
721.895,5.410547493596596e-07
722.092,3.8913781237757426e-07
722.29,2.4487306371918586e-07
722.487,1.0901391365850576e-07
722.684,0.0
722.882,0.0
723.079,0.0
723.276,0.0
723.473,0.0
723.671,0.0
723.868,0.0
724.065,0.0
724.262,0.0
724.459,0.0
724.656,0.0
724.854,0.0
725.051,0.0
725.248,0.0
725.445,0.0
725.642,0.0
725.839,0.0
726.036,0.0
726.233,0.0
726.43,0.0
726.627,0.0
726.824,0.0
727.021,0.0
727.218,0.0
727.414,0.0
727.611,0.0
727.808,0.0
728.005,0.0
728.202,0.0
728.399,0.0
728.595,0.0
728.792,0.0
728.989,0.0
729.186,1.1865928428627406e-08
729.382,3.426021809540778e-08
729.579,5.028056730847293e-08
729.776,5.9066200976118484e-08
729.972,5.992544976979937e-08
730.169,5.2375557427992844e-08
730.366,3.612004094585912e-08
730.562,1.1223183527768377e-08
730.759,0.0
730.955,0.0
731.152,0.0
731.348,0.0
731.545,0.0
731.741,0.0
731.938,0.0
732.134,0.0
732.331,0.0
732.527,0.0
732.724,0.0
732.92,0.0
733.116,0.0
733.313,0.0
733.509,0.0
733.705,0.0
733.902,0.0
734.098,0.0
734.294,0.0
734.49,0.0
734.687,0.0
734.883,0.0
735.079,0.0
735.275,0.0
735.471,0.0
735.667,0.0
735.863,0.0
736.06,0.0
736.256,0.0
736.452,0.0
736.648,0.0
736.844,0.0
737.04,0.0
737.236,0.0
737.432,0.0
737.628,0.0
737.824,0.0
738.019,0.0
738.215,0.0
738.411,0.0
738.607,0.0
738.803,5.5327470044724935e-08
738.999,6.13890339663907e-07
739.195,1.2377485747847488e-06
739.39,1.9404075711359536e-06
739.586,2.7054540735690633e-06
739.782,3.491420457354162e-06
739.978,4.239541166320397e-06
740.173,4.905607223971087e-06
740.369,5.476851328546627e-06
740.565,5.906709270655017e-06
740.76,6.140576856065091e-06
740.956,6.0877319167316284e-06
741.152,5.812353413770673e-06
741.347,5.534148280892567e-06
741.543,5.754637060320693e-06
741.738,7.212959247525669e-06
741.934,1.026085530961236e-05
742.129,1.5756696826173863e-05
742.325,2.3490429673437394e-05
742.52,2.8862924366555097e-05
742.716,2.805600989523133e-05
742.911,2.3963507664451968e-05
743.107,2.075918780068555e-05
743.302,1.907556327879071e-05
743.498,1.874091346062761e-05
743.693,2.0169704187370205e-05
743.888,2.52235464970121e-05
744.084,3.7541175919582434e-05
744.279,5.960613841369258e-05
744.474,6.241423665194686e-05
744.67,4.7101538884056575e-05
744.865,3.881034313928839e-05
745.06,3.326756382317538e-05
745.255,2.8079642220627857e-05
745.451,2.432139880930555e-05
745.646,2.2231045257306e-05
745.841,2.1387151836622696e-05
746.036,2.193471046409494e-05
746.231,2.3975136426492346e-05
746.426,3.036257473584452e-05
746.622,4.769526810627152e-05
746.817,8.206806392035177e-05
747.012,0.00010244013096417015
747.207,8.246038033313832e-05
747.402,6.730740197778013e-05
747.597,5.709305617402416e-05
747.792,5.010566069397065e-05
747.987,4.472863278663182e-05
748.182,4.043965345541945e-05
748.377,3.669282034164366e-05
748.572,3.3207595510401586e-05
748.767,3.0020855108753477e-05
748.961,2.718111565697766e-05
749.156,2.4789001350908568e-05
749.351,2.2804010931422323e-05
749.546,2.1126663229954867e-05
749.741,1.9676691633151578e-05
749.936,1.8365824130821784e-05
750.13,1.7180788460253e-05
750.325,1.6102529586232953e-05
750.52,1.5087341687761697e-05
750.715,1.411538910390393e-05
750.909,1.3148492236012503e-05
751.104,1.2170660813699098e-05
751.299,1.1186921551793251e-05
751.493,1.021220099926732e-05
751.688,9.241362758433955e-06
751.882,8.271909259614891e-06
752.077,7.309842381322083e-06
752.272,6.3548295321672345e-06
752.466,5.417071712211809e-06
752.661,4.509177298230113e-06
752.855,3.6407818520474954e-06
753.05,2.8218346585524594e-06
753.244,2.0660109427485136e-06
753.439,1.383564535956362e-06
753.633,7.838662914012692e-07
753.828,2.643983449260501e-07
754.022,0.0
754.216,0.0
754.411,0.0
754.605,0.0
754.799,0.0
754.994,0.0
755.188,0.0
755.382,0.0
755.576,0.0
755.771,0.0
755.965,0.0
756.159,0.0
756.353,0.0
756.547,0.0
756.742,0.0
756.936,0.0
757.13,0.0
757.324,0.0
757.518,0.0
757.712,0.0
757.906,0.0
758.1,0.0
758.294,0.0
758.488,0.0
758.682,0.0
758.876,0.0
759.07,0.0
759.264,0.0
759.458,0.0
759.651,0.0
759.845,0.0
760.039,0.0
760.233,0.0
760.427,0.0
760.62,0.0
760.814,0.0
761.008,0.0
761.202,0.0
761.395,0.0
761.589,0.0
761.783,0.0
761.976,0.0
762.17,4.0048252109405664e-08
762.363,8.298979560516828e-08
762.557,9.211835059930007e-08
762.75,7.450759506803993e-08
762.944,2.6750593281159853e-08
763.138,0.0
763.331,0.0
763.524,0.0
763.718,0.0
763.911,0.0
764.105,0.0
764.298,0.0
764.492,0.0
764.685,0.0
764.878,0.0
765.072,0.0
765.265,0.0
765.458,0.0
765.651,0.0
765.845,0.0
766.038,0.0
766.231,5.049700554980505e-06
766.424,4.04488274545475e-05
766.617,4.435054443502316e-05
766.811,1.3471043623173963e-06
767.004,0.0
767.197,3.167752073241918e-07
767.39,0.0
767.583,0.0
767.776,0.0
767.969,0.0
768.162,0.0
768.355,0.0
768.548,0.0
768.741,3.282787776496463e-08
768.934,6.235819968360799e-07
769.127,6.559540702876059e-07
769.32,0.0
769.513,1.2710810902089815e-06
769.706,1.2435225008517043e-05
769.898,3.973158523923124e-05
770.091,1.799516877891944e-05
770.284,5.050538743446009e-06
770.477,3.2535206163270505e-06
770.67,2.0770740624110474e-06
770.862,2.1101666967809326e-06
771.055,3.019725308916002e-06
771.248,3.947277321012529e-06
771.441,4.588669662687012e-06
771.633,5.178342148767556e-06
771.826,5.746281213898887e-06
772.018,6.390606605837932e-06
772.211,7.168518591653556e-06
772.404,8.04910763991319e-06
772.596,9.02446552202617e-06
772.789,1.0080752927029387e-05
772.981,1.12455741104266e-05
773.174,1.2550474744722745e-05
773.366,1.4015143340300704e-05
773.559,1.5640266195913632e-05
773.751,1.7436077550510803e-05
773.944,1.944658011849104e-05
774.136,2.160115955252975e-05
774.329,2.3891918413755395e-05
774.521,2.7048785824563538e-05
774.713,3.113699989223063e-05
774.906,3.22810358022389e-05
775.098,3.773163036645086e-05
775.29,4.373100397231017e-05
775.483,5.0543860341199006e-05
775.675,5.932441249366501e-05
775.867,6.973306126000975e-05
776.059,8.200197789064341e-05
776.251,9.952080316611994e-05
776.444,0.00012546939330719653
776.636,0.00015945192999320141
776.828,0.0002192808470950519
777.02,0.000338689748255013
777.212,0.0005426944697580918
777.404,0.0006182717580229923
777.596,0.000566987504300437
777.788,0.0004048164042085661
777.98,0.0002916617468882697
778.172,0.0002248340338580743
778.364,0.00017820714918847616
778.556,0.00014616443608181045
778.748,0.00012230266602913876
778.94,0.00010401800633940855
779.132,9.278250271564577e-05
779.324,7.955941926649168e-05
779.516,6.845647776100686e-05
779.708,5.96362869331562e-05
779.9,5.2055948795065655e-05
780.091,4.552192445928228e-05
780.283,3.984048646218991e-05
780.475,3.486083626713439e-05
780.667,3.055782702239607e-05
780.859,2.6901490389049262e-05
781.05,2.378897819216884e-05
781.242,2.1122310711324493e-05
781.434,1.8807311275644157e-05
781.625,1.6763698647798206e-05
781.817,1.4949107944154627e-05
782.008,1.3316617418566044e-05
782.2,1.1795648396205054e-05
782.392,1.0353373732224995e-05
782.583,8.992619807795733e-06
782.775,7.701644284692759e-06
782.966,6.499149740218266e-06
783.158,5.397217061016163e-06
783.349,4.3974104699420635e-06
783.541,3.50111872132418e-06
783.732,2.7228283716414484e-06
783.924,2.0625273834090933e-06
784.115,1.502914645386612e-06
784.306,1.0349717267891456e-06
784.498,6.386891449517459e-07
784.689,3.014925817680356e-07
784.88,1.6218389483891975e-08
785.072,0.0
785.263,0.0
785.454,0.0
785.645,0.0
785.837,0.0
786.028,0.0
786.219,0.0
786.41,0.0
786.601,0.0
786.792,0.0
786.984,0.0
787.175,0.0
787.366,0.0
787.557,0.0
787.748,0.0
787.939,0.0
788.13,0.0
788.321,0.0
788.512,0.0
788.703,0.0
788.894,0.0
789.084,0.0
789.275,0.0
789.466,0.0
789.657,0.0
789.848,0.0
790.039,6.816057299638487e-08
790.229,6.399227482162626e-07
790.42,1.2054721936648776e-06
790.611,1.759589244780562e-06
790.801,2.3135148603265783e-06
790.992,2.865243230231551e-06
791.183,3.4126001008048898e-06
791.373,3.96188058551792e-06
791.564,4.51980138243855e-06
791.755,5.101834243874133e-06
791.945,5.722234785431415e-06
792.136,6.38725326002397e-06
792.326,7.06277204564111e-06
792.517,7.74462835954222e-06
792.707,8.464024087189304e-06
792.898,9.198993482756432e-06
793.088,9.986147299642953e-06
793.279,1.0823213207910189e-05
793.469,1.1720238539736366e-05
793.66,1.2983288957126346e-05
793.85,1.4949342952820199e-05
794.04,1.842537668001831e-05
794.231,2.4241176776114794e-05
794.421,3.164521100930389e-05
794.611,4.140048558599925e-05
794.802,5.772530762334142e-05
794.992,6.620632610212211e-05
795.182,6.735530078177563e-05
795.372,6.160149651296567e-05
795.563,5.1171066815817624e-05
795.753,4.0515304675915594e-05
795.943,3.263635174092438e-05
796.133,2.7227566838502916e-05
796.323,2.3439361615714624e-05
796.513,2.0801460090761387e-05
796.703,1.8812573624110772e-05
796.893,1.7132273200601293e-05
797.083,1.5554844760438285e-05
797.273,1.4045293067604354e-05
797.463,1.2581016598697318e-05
797.653,1.118658870593471e-05
797.843,9.891498094967624e-06
798.033,8.680615462204674e-06
798.223,7.552795870737202e-06
798.413,6.498518771603485e-06
798.603,5.541909634790372e-06
798.793,4.666923624005976e-06
798.983,3.859953433062986e-06
799.172,3.0992337496249005e-06
799.362,2.3644052016780697e-06
799.552,1.6493931328822728e-06
799.742,9.497626129517543e-07
799.932,2.6396098411218376e-07
800.121,0.0
800.311,0.0
800.501,0.0
800.69,0.0
800.88,0.0
801.07,0.0
801.259,0.0
801.449,0.0
801.638,0.0
801.828,0.0
802.017,0.0
802.207,0.0
802.396,0.0
802.586,0.0
802.775,0.0
802.965,0.0
803.154,0.0
803.343,0.0
803.533,0.0
803.722,0.0
803.911,0.0
804.101,0.0
804.29,0.0
804.479,0.0
804.668,0.0
804.857,0.0
805.047,0.0
805.236,0.0
805.425,0.0
805.614,0.0
805.803,0.0
805.992,0.0
806.181,0.0
806.37,0.0
806.559,0.0
806.748,0.0
806.937,0.0
807.126,0.0
807.315,0.0
807.504,0.0
807.693,0.0
807.882,0.0
808.071,0.0
808.26,0.0
808.448,0.0
808.637,0.0
808.826,0.0
809.015,0.0
809.203,0.0
809.392,0.0
809.581,0.0
809.77,0.0
809.958,0.0
810.147,0.0
810.335,0.0
810.524,0.0
810.713,0.0
810.901,0.0
811.09,0.0
811.278,0.0
811.467,0.0
811.655,0.0
811.844,0.0
812.032,0.0
812.22,5.5119273884787287e-08
812.409,3.5820580167072144e-07
812.597,7.524458468492726e-07
812.785,1.227040487715964e-06
812.974,1.7658138253916229e-06
813.162,2.368005991186871e-06
813.35,3.017361020729858e-06
813.539,3.6890072734302997e-06
813.727,4.361810359353844e-06
813.915,5.033920723445169e-06
814.103,5.692721076602843e-06
814.291,6.380967547934278e-06
814.479,7.141129263110178e-06
814.668,7.982381848180338e-06
814.856,8.953922385016034e-06
815.044,1.0082001338143324e-05
815.232,1.1442144326402532e-05
815.42,1.302460684142675e-05
815.608,1.4900640006151928e-05
815.796,1.7078243449853485e-05
815.984,1.94872959531329e-05
816.172,2.2265567075752527e-05
816.36,2.553037391167274e-05
816.548,2.9442304079012316e-05
816.736,3.430963524318691e-05
816.924,4.036083379497538e-05
817.111,4.722350017427545e-05
817.299,5.466649766323644e-05
817.487,6.436471318337948e-05
817.675,7.99754624429493e-05
817.863,0.00010524568913684076
818.05,0.0001726399870974897
818.238,0.0003704954554532081
818.426,0.0005572355679980724
818.613,0.0003709350122772963
818.801,0.0002925196340027514
818.989,0.00027351870909126145
819.176,0.0002998815792990824
819.364,0.0004804115178061528
819.552,0.0007271558000955935
819.739,0.0004997680795020082
819.927,0.00033647654375147543
820.114,0.000265166193906242
820.302,0.0002252311911636957
820.489,0.0001976230168564219
820.677,0.00017931355197190653
820.864,0.00016470230134787747
821.052,0.00016367459869326209
821.239,0.00016877011038385088
821.426,0.0001735454057853808
821.614,0.00020888173697401877
821.801,0.0002263766411769075
821.988,0.0001936878458413963
822.176,0.00018044438607734065
822.363,0.0001832991288706087
822.55,0.0001641153599461719
822.737,0.00014025719657522796
822.924,0.0001268683296856837
823.112,0.00011667183038638912
823.299,0.0001061683740242402
823.486,9.627993226549796e-05
823.673,8.737957826295223e-05
823.86,8.141656547122512e-05
824.047,8.346981322349643e-05
824.234,9.863259310158374e-05
824.421,9.899327123748137e-05
824.608,8.175698811792718e-05
824.795,6.890461628750545e-05
824.982,5.872529434057848e-05
825.169,5.477257841899909e-05
825.356,4.838041396520693e-05
825.543,4.31467704557209e-05
825.73,3.9257427155931015e-05
825.917,3.578977121946691e-05
826.104,3.2713292508111554e-05
826.29,3.0103730997236968e-05
826.477,2.7795731878867437e-05
826.664,2.5740755516311585e-05
826.851,2.386598543890467e-05
827.038,2.2092277745846705e-05
827.224,2.040027470787347e-05
827.411,1.8781600823984882e-05
827.598,1.7234398216127124e-05
827.784,1.5768273076084164e-05
827.971,1.4367683486396118e-05
828.157,1.3021505453719665e-05
828.344,1.1725093328431933e-05
828.531,1.0484528605495727e-05
828.717,9.297144671089332e-06
828.904,8.16229628226067e-06
829.09,7.084062553324768e-06
829.277,6.055970309611917e-06
829.463,5.079035191428495e-06
829.65,4.158251491958042e-06
829.836,3.3021916701651354e-06
830.022,2.522118045079294e-06
830.209,1.8282020868829868e-06
830.395,1.2226488950991037e-06
830.581,6.989148161592054e-07
830.768,2.5170771985620214e-07
830.954,0.0
831.14,0.0
831.327,0.0
831.513,0.0
831.699,0.0
831.885,0.0
832.071,0.0
832.257,0.0
832.444,0.0
832.63,0.0
832.816,0.0
833.002,0.0
833.188,0.0
833.374,0.0
833.56,0.0
833.746,0.0
833.932,0.0
834.118,0.0
834.303,0.0
834.489,0.0
834.675,0.0
834.861,0.0
835.047,0.0
835.233,0.0
835.418,0.0
835.604,0.0
835.79,0.0
835.976,0.0
836.161,0.0
836.347,0.0
836.533,0.0
836.718,0.0
836.904,0.0
837.089,0.0
837.275,0.0
837.46,0.0
837.646,0.0
837.831,0.0
838.017,0.0
838.202,0.0
838.388,0.0
838.573,0.0
838.759,0.0
838.944,0.0
839.129,0.0
839.315,0.0
839.5,0.0
839.685,0.0
839.87,0.0
840.056,0.0
840.241,3.313642051101094e-07
840.426,8.797780600625267e-07
840.611,1.4010422260515626e-06
840.796,1.9147088798498444e-06
840.981,2.4463561955830577e-06
841.166,3.01009070208599e-06
841.352,3.614627861224476e-06
841.537,4.266138324622956e-06
841.722,5.022858198295229e-06
841.907,5.908664074138492e-06
842.092,6.911620082775563e-06
842.277,7.990061559447106e-06
842.461,9.052972599950236e-06
842.646,1.0114290458290593e-05
842.831,1.1230788853911071e-05
843.016,1.2502093587039165e-05
843.201,1.4187987409984358e-05
843.386,1.6429198010087044e-05
843.571,1.9500967106943458e-05
843.755,2.417226608788248e-05
843.94,3.101970230571026e-05
844.125,4.107450822928957e-05
844.31,5.8221723122786955e-05
844.494,8.931417757041767e-05
844.679,0.00014103895667074258
844.864,0.00013807332155510186
845.048,0.00010390441950943141
845.233,7.995361215260944e-05
845.418,6.380911882077871e-05
845.602,5.179131033289623e-05
845.787,4.233553574841302e-05
845.971,3.5123621953385795e-05
846.156,2.953732022618112e-05
846.34,2.5181878073689732e-05
846.525,2.173937845774447e-05
846.709,1.8902531837621366e-05
846.893,1.6485502406301575e-05
847.078,1.4363824517694022e-05
847.262,1.2472731176956966e-05
847.447,1.0742819586839419e-05
847.631,9.181356667844851e-06
847.815,7.786072999391994e-06
848.0,6.542557398567838e-06
848.184,5.466810070279039e-06
848.368,4.5237259206830935e-06
848.552,3.68214990502834e-06
848.736,2.920169667219183e-06
848.921,2.2260801621789255e-06
849.105,1.5791833618245927e-06
849.289,9.608922903301e-07
849.473,3.594379303425661e-07
849.657,0.0
849.841,0.0
850.025,0.0
850.209,0.0
850.393,0.0
850.577,0.0
850.761,0.0
850.945,0.0
851.129,0.0
851.313,0.0
851.497,0.0
851.68,0.0
851.864,0.0
852.048,0.0
852.232,0.0
852.416,0.0
852.599,0.0
852.783,0.0
852.967,0.0
853.15,0.0
853.334,0.0
853.518,0.0
853.701,0.0
853.885,0.0
854.068,0.0
854.252,0.0
854.435,0.0
854.619,0.0
854.802,0.0
854.986,0.0
855.169,0.0
855.353,0.0
855.536,0.0
855.719,0.0
855.903,0.0
856.086,0.0
856.269,0.0
856.452,0.0
856.636,0.0
856.819,4.099589380427474e-07
857.002,6.797360322180195e-07
857.185,4.6179123027968236e-07
857.368,0.0
857.552,0.0
857.735,0.0
857.918,0.0
858.101,0.0
858.284,0.0
858.467,0.0
858.65,0.0
858.833,8.587096644328436e-07
859.016,2.3840245478859018e-06
859.199,5.007490000779663e-06
859.382,8.95776465809867e-06
859.564,1.2258749981209193e-05
859.747,1.2345869564857218e-05
859.93,1.001974489621769e-05
860.113,7.847166997586974e-06
860.296,6.367875424835215e-06
860.478,5.16320324178452e-06
860.661,4.1757214108098804e-06
860.844,3.230565167532457e-06
861.027,2.260045528585292e-06
861.209,1.3740055121258725e-06
861.392,6.31333679848274e-07
861.575,1.382856089100248e-07
861.757,0.0
861.94,0.0
862.122,3.904319959148814e-07
862.305,1.5242065493977572e-06
862.487,4.054416601103867e-06
862.67,1.023860081598537e-05
862.852,2.0835040796204183e-05
863.035,3.400918414377452e-05
863.217,3.427681216700482e-05
863.4,2.4612808030285847e-05
863.582,2.048362112622653e-05
863.764,1.7250964231670158e-05
863.947,1.3947485912480038e-05
864.129,1.172879086214118e-05
864.311,1.0220820904797591e-05
864.493,9.123974420816419e-06
864.676,8.618607916624695e-06
864.858,8.570734135483628e-06
865.04,9.08959294297977e-06
865.222,1.0150324191369257e-05
865.404,1.1571885383379113e-05
865.587,1.3224251148706675e-05
865.769,1.4748485042539607e-05
865.951,1.5973672596102617e-05
866.133,1.6947599586064018e-05
866.315,1.781730806991903e-05
866.497,1.9003166857170395e-05
866.679,2.0872039283695786e-05
866.861,2.3469886886677988e-05
867.043,2.685479895852218e-05
867.225,3.105143048724761e-05
867.407,3.7396410168098676e-05
867.589,4.958415262374539e-05
867.77,7.016394440640754e-05
867.952,0.00011611998873318077
868.134,0.0001690969041264356
868.316,0.00016933053997311164
868.498,0.0001579187014987066
868.679,0.00013480536388609375
868.861,0.00010636086472213051
869.043,8.144760585550291e-05
869.224,6.466584452056175e-05
869.406,5.4417773560023855e-05
869.588,4.783720509578596e-05
869.769,4.3648101255376824e-05
869.951,4.160571918583894e-05
870.132,4.375747118203405e-05
870.314,5.265768251884449e-05
870.495,5.331773841678857e-05
870.677,4.414253457335272e-05
870.858,4.266942830942345e-05
871.04,4.712510293951599e-05
871.221,5.6342806555188885e-05
871.403,5.357829403064712e-05
871.584,4.465864479044414e-05
871.765,4.608421239380162e-05
871.947,5.385662745224408e-05
872.128,4.281025822935065e-05
872.309,3.3718660805272505e-05
872.491,2.7384334310223162e-05
872.672,2.2628977364372368e-05
872.853,1.9011761600456405e-05
873.034,1.6392199048211448e-05
873.215,1.3919689716525727e-05
873.396,1.1562212813007236e-05
873.578,9.51664243625878e-06
873.759,7.77413688491951e-06
873.94,6.4142205096001424e-06
874.121,5.319858487464293e-06
874.302,4.359157915726577e-06
874.483,3.501410980447603e-06
874.664,2.7585281312070636e-06
874.845,2.100394418920508e-06
875.026,1.5264975314563635e-06
875.207,1.0161621475775828e-06
875.388,5.44750941571095e-07
875.568,1.138358276548793e-07
875.749,0.0
875.93,0.0
876.111,0.0
876.292,0.0
876.472,0.0
876.653,0.0
876.834,0.0
877.015,0.0
877.195,0.0
877.376,0.0
877.556,0.0
877.737,0.0
877.918,0.0
878.098,0.0
878.279,0.0
878.459,0.0
878.64,0.0
878.82,0.0
879.0,0.0
879.181,0.0
879.361,0.0
879.542,0.0
879.722,0.0
879.902,0.0
880.083,0.0
880.263,0.0
880.443,3.1865285193403814e-07
880.623,6.193020892742995e-06
880.803,9.69989485240322e-06
880.984,3.831090274451723e-06
881.164,3.2258417206740515e-07
881.344,0.0
881.524,0.0
881.704,0.0
881.884,0.0
882.064,1.6243657902914497e-06
882.244,2.560946955174059e-06
882.424,2.558413331973084e-06
882.604,2.3609571957256715e-06
882.784,2.124388982546047e-06
882.964,1.945665487390679e-06
883.144,1.801258574029542e-06
883.324,1.5903655937644975e-06
883.504,1.3531416026955737e-06
883.683,1.1282265670516247e-06
883.863,9.342492770848303e-07
884.043,7.889431478676535e-07
884.223,6.68258941001494e-07
884.402,5.507789412481344e-07
884.582,4.376478490991732e-07
884.762,3.27726566999339e-07
884.941,2.144235646002367e-07
885.121,9.146894733608531e-08
885.301,0.0
885.48,0.0
885.66,0.0
885.839,0.0
886.019,0.0
886.198,0.0
886.378,0.0
886.557,0.0
886.737,0.0
886.916,0.0
887.095,0.0
887.275,0.0
887.454,0.0
887.633,0.0
887.813,0.0
887.992,0.0
888.171,0.0
888.35,0.0
888.53,0.0
888.709,0.0
888.888,0.0
889.067,0.0
889.246,0.0
889.425,0.0
889.604,0.0
889.783,0.0
889.962,0.0
890.141,0.0
890.32,0.0
890.499,0.0
890.678,0.0
890.857,0.0
891.036,0.0
891.214,0.0
891.393,0.0
891.572,0.0
891.751,0.0
891.93,0.0
892.108,0.0
892.287,0.0
892.466,0.0
892.644,0.0
892.823,0.0
893.001,0.0
893.18,0.0
893.359,0.0
893.537,0.0
893.716,0.0
893.894,0.0
894.073,0.0
894.251,0.0
894.429,0.0
894.608,0.0
894.786,0.0
894.964,0.0
895.143,0.0
895.321,0.0
895.499,0.0
895.677,0.0
895.856,0.0
896.034,0.0
896.212,0.0
896.39,0.0
896.568,0.0
896.746,0.0
896.924,0.0
897.102,0.0
897.28,0.0
897.458,0.0
897.636,0.0
897.814,0.0
897.992,0.0
898.17,0.0
898.348,0.0
898.526,0.0
898.704,0.0
898.882,0.0
899.059,0.0
899.237,0.0
899.415,0.0
899.593,0.0
899.77,0.0
899.948,3.2281328995452504e-08
900.125,4.697377299610567e-07
900.303,9.101058888730368e-07
900.481,1.3393100721988697e-06
900.658,1.7460476103781574e-06
900.836,2.1246355097728455e-06
901.013,2.476837278892254e-06
901.191,2.8073170782612505e-06
901.368,3.1257486552730097e-06
901.546,3.4193311030023e-06
901.723,3.6882129333361e-06
901.901,3.934131009373685e-06
902.078,4.171868009638864e-06
902.255,4.398913181473769e-06
902.433,4.5772862931486995e-06
902.61,4.674089725378014e-06
902.787,4.6734668640376425e-06
902.964,4.653877918331216e-06
903.142,4.616522914864061e-06
903.319,4.5400253800362e-06
903.496,4.416305013728277e-06
903.673,4.10504053893051e-06
903.85,3.836817576222943e-06
904.027,4.252312287930523e-06
904.204,5.6425927877840435e-06
904.381,8.512069783251117e-06
904.558,1.3995244531813007e-05
904.735,2.2880204682057413e-05
904.912,2.1085920094840743e-05
905.089,2.1090592462180566e-05
905.266,1.9340420046781206e-05
905.443,1.5969954205329442e-05
905.62,1.2823135946371459e-05
905.797,1.0397798248346449e-05
905.974,8.755960248536015e-06
906.151,7.81596520031155e-06
906.327,7.210290035828775e-06
906.504,6.816802992151303e-06
906.681,6.523703730811418e-06
906.858,6.275661013298599e-06
907.034,6.093303484739007e-06
907.211,5.920456252576919e-06
907.388,5.716808682112772e-06
907.564,5.478510825719859e-06
907.741,5.2183369878169015e-06
907.917,4.947875156813796e-06
908.094,4.690235657728382e-06
908.271,4.450266812571586e-06
908.447,4.212828978176103e-06
908.623,3.975256305616365e-06
908.8,3.731435904623241e-06
908.976,3.469721997467228e-06
909.153,3.1788125930440404e-06
909.329,2.8532086599296956e-06
909.505,2.493232450953159e-06
909.682,2.1012145551859854e-06
909.858,1.6869140908169959e-06
910.034,1.258744090597271e-06
910.211,8.258219947590747e-07
910.387,3.977906739786043e-07
910.563,0.0
910.739,0.0
910.915,0.0
911.091,0.0
911.268,0.0
911.444,0.0
911.62,0.0
911.796,0.0
911.972,0.0
912.148,0.0
912.324,0.0
912.5,0.0
912.676,0.0
912.851,0.0
913.027,0.0
913.203,0.0
913.379,0.0
913.555,0.0
913.73,0.0
913.906,0.0
914.082,0.0
914.258,0.0
914.433,0.0
914.609,0.0
914.784,0.0
914.96,0.0
915.136,0.0
915.311,0.0
915.487,0.0
915.662,0.0
915.838,0.0
916.013,0.0
916.189,0.0
916.364,0.0
916.539,0.0
916.715,0.0
916.89,0.0
917.065,0.0
917.24,0.0
917.416,0.0
917.591,0.0
917.766,0.0
917.941,0.0
918.116,0.0
918.292,0.0
918.467,0.0
918.642,0.0
918.817,0.0
918.992,0.0
919.167,0.0
919.342,0.0
919.517,0.0
919.692,0.0
919.867,0.0
920.041,0.0
920.216,0.0
920.391,0.0
920.566,0.0
920.741,1.8349563821935242e-07
920.915,1.9394570322955906e-06
921.09,4.856347816439335e-06
921.265,1.0054868545137547e-05
921.439,1.730461608707576e-05
921.614,1.0026822079624518e-05
921.789,6.247254112510793e-06
921.963,4.278344895597278e-06
922.138,3.1800715183620537e-06
922.312,3.342352385864517e-06
922.487,4.636970271460856e-06
922.661,6.806497998579088e-06
922.836,9.189489264892389e-06
923.01,1.0176753413528922e-05
923.185,9.035762527834033e-06
923.359,7.10752483741893e-06
923.534,6.7344602429705465e-06
923.708,8.745677094754171e-06
923.882,1.0942184946537456e-05
924.057,1.0780741091148611e-05
924.231,9.06837984033662e-06
924.405,7.772648542951658e-06
924.579,7.05041742482796e-06
924.753,6.549409991810754e-06
924.928,6.179041056738406e-06
925.102,5.875716760905522e-06
925.276,5.728690629999158e-06
925.45,5.8184550739502255e-06
925.624,6.189313990906011e-06
925.798,7.0133068972924536e-06
925.972,8.410914164505107e-06
926.146,1.0363872405815336e-05
926.32,1.2757526853022897e-05
926.494,1.5183049578933419e-05
926.668,1.7043315504294836e-05
926.842,1.794013506008202e-05
927.016,1.781144639403283e-05
927.19,1.681871319802697e-05
927.363,1.5411024596095487e-05
927.537,1.3981893948644817e-05
927.711,1.2615277800120522e-05
927.885,1.1413042516033848e-05
928.058,1.0345057125945897e-05
928.232,9.376081370816899e-06
928.406,8.56892551584435e-06
928.579,7.898401355780018e-06
928.753,7.338218454152357e-06
928.927,6.855140935225291e-06
929.1,6.4304770388841055e-06
929.274,6.037130499702419e-06
929.447,5.669304545148074e-06
929.621,5.320161504562873e-06
929.794,4.96741070225509e-06
929.968,4.614818278600454e-06
930.141,4.2618099797470885e-06
930.315,3.9048383267488735e-06
930.488,3.5375448492489036e-06
930.661,3.153008747131572e-06
930.835,2.7436831741753356e-06
931.008,2.304481196704207e-06
931.181,1.8349715603184865e-06
931.354,1.3391105698792182e-06
931.528,8.210736545160743e-07
931.701,2.885929570698403e-07
931.874,0.0
932.047,0.0
932.22,0.0
932.393,0.0
932.566,0.0
932.739,0.0
932.912,0.0
933.085,0.0
933.258,0.0
933.431,0.0
933.604,0.0
933.777,0.0
933.95,0.0
934.123,0.0
934.296,0.0
934.468,0.0
934.641,0.0
934.814,0.0
934.987,0.0
935.159,0.0
935.332,0.0
935.505,0.0
935.677,0.0
935.85,0.0
936.022,0.0
936.195,0.0
936.367,0.0
936.54,0.0
936.712,0.0
936.885,0.0
937.057,0.0
937.229,0.0
937.402,0.0
937.574,5.461848293513287e-07
937.746,1.6084701980064286e-06
937.919,3.068209060419688e-06
938.091,5.228261975992561e-06
938.263,8.216620384951599e-06
938.435,1.2563080607419095e-05
938.608,1.818926974515892e-05
938.78,2.332815375460706e-05
938.952,2.6575675797185823e-05
939.124,2.7125446247819447e-05
939.296,3.767336331725971e-05
939.468,3.944337398786454e-05
939.64,3.106532383189599e-05
939.812,2.469415401915315e-05
939.984,1.984697939109339e-05
940.156,1.6133322841570795e-05
940.328,1.3489725192191832e-05
940.5,1.1600920825827131e-05
940.672,1.0102920164715722e-05
940.843,8.857628902090627e-06
941.015,7.942581396806596e-06
941.187,7.3321914150015464e-06
941.359,6.937585958589013e-06
941.531,6.70485655338361e-06
941.702,6.509188515474432e-06
941.874,6.2904517507561224e-06
942.046,6.015327777197792e-06
942.217,5.696751971670878e-06
942.389,5.344622718374718e-06
942.56,4.956760489331623e-06
942.732,4.547563909035741e-06
942.904,4.121528524243621e-06
943.075,3.697496170662653e-06
943.247,3.2859926835531593e-06
943.418,2.8878234214166465e-06
943.589,2.486676072892684e-06
943.761,2.072503825951984e-06
943.932,1.6461192689198418e-06
944.104,1.2122492479485908e-06
944.275,7.795980856997377e-07
944.446,3.5526479950182113e-07
944.617,0.0
944.789,0.0
944.96,0.0
945.131,0.0
945.302,0.0
945.473,0.0
945.645,0.0
945.816,0.0
945.987,0.0
946.158,0.0
946.329,0.0
946.5,0.0
946.671,0.0
946.842,0.0
947.013,0.0
947.183,0.0
947.354,0.0
947.525,0.0
947.696,0.0
947.867,0.0
948.037,0.0
948.208,0.0
948.379,0.0
948.55,0.0
948.72,0.0
948.891,0.0
949.061,0.0
949.232,0.0
949.403,0.0
949.573,0.0
949.744,0.0
949.914,0.0
950.085,0.0
950.255,0.0
950.425,0.0
950.596,0.0
950.766,0.0
950.936,0.0
951.107,0.0
951.277,0.0
951.447,0.0
951.617,0.0
951.788,0.0
951.958,0.0
952.128,0.0
952.298,0.0
952.468,0.0
952.638,0.0
952.808,0.0
952.978,0.0
953.148,0.0
953.318,0.0
953.488,0.0
953.658,0.0
953.828,0.0
953.998,0.0
954.167,0.0
954.337,0.0
954.507,0.0
954.677,0.0
954.846,0.0
955.016,0.0
955.186,0.0
955.355,0.0
955.525,0.0
955.695,0.0
955.864,0.0
956.034,0.0
956.203,0.0
956.373,0.0
956.542,0.0
956.711,0.0
956.881,0.0
957.05,0.0
957.22,0.0
957.389,0.0
957.558,0.0
957.727,0.0
957.897,0.0
958.066,0.0
958.235,0.0
958.404,0.0
958.573,0.0
958.743,0.0
958.912,0.0
959.081,0.0
959.25,0.0
959.419,0.0
959.588,0.0
959.757,0.0
959.926,0.0
960.094,0.0
960.263,0.0
960.432,0.0
960.601,0.0
960.77,0.0
960.939,0.0
961.107,0.0
961.276,0.0
961.445,0.0
961.613,0.0
961.782,0.0
961.951,0.0
962.119,0.0
962.288,0.0
962.456,0.0
962.625,0.0
962.793,0.0
962.962,0.0
963.13,0.0
963.298,0.0
963.467,0.0
963.635,0.0
963.803,0.0
963.972,0.0
964.14,0.0
964.308,0.0
964.477,0.0
964.645,0.0
964.813,0.0
964.981,0.0
965.149,0.0
965.317,0.0
965.485,0.0
965.653,0.0
965.821,0.0
965.989,0.0
966.157,0.0
966.325,0.0
966.493,0.0
966.661,0.0
966.829,0.0
966.996,0.0
967.164,0.0
967.332,0.0
967.5,0.0
967.667,0.0
967.835,0.0
968.003,0.0
968.17,1.2619733642681983e-08
968.338,3.4791581536017094e-08
968.505,5.698232989982984e-08
968.673,7.915831648843407e-08
968.841,1.012794413164128e-07
969.008,1.2331307792675238e-07
969.175,1.452325236253239e-07
969.343,1.6699859587910398e-07
969.51,1.8854994227721078e-07
969.678,2.097861353704153e-07
969.845,2.3059160783987955e-07
970.012,2.5085425852337815e-07
970.18,2.704532769979313e-07
970.347,2.89260678428619e-07
970.514,3.071639503770333e-07
970.681,3.24035466043808e-07
970.849,3.3972884815865376e-07
971.016,3.5413489012640814e-07
971.183,3.6712782402161943e-07
971.35,3.785612912806341e-07
971.517,3.883148445149578e-07
971.684,3.9625780570484344e-07
971.851,4.0225172767222526e-07
972.018,4.0619450928318e-07
972.185,4.08014277131925e-07
972.352,4.076293734785163e-07
972.519,4.049836597017375e-07
972.686,4.0005393967167964e-07
972.853,3.928141258812972e-07
973.02,3.8328657394696007e-07
973.186,3.715155677558279e-07
973.353,3.5753779430445244e-07
973.52,3.414038958927945e-07
973.687,3.23164272548293e-07
973.853,3.028878173123147e-07
974.02,2.8065942577611713e-07
974.187,2.5658817141233747e-07
974.353,2.3079057813108732e-07
974.52,2.033898565712032e-07
974.687,1.7454435576284104e-07
974.853,1.4443694084608226e-07
975.02,1.1329476557481934e-07
975.186,8.13630638320974e-08
975.353,4.8879748302017926e-08
975.519,1.608589241129316e-08
975.685,0.0
975.852,0.0
976.018,0.0
976.184,0.0
976.351,0.0
976.517,0.0
976.683,0.0
976.849,0.0
977.016,0.0
977.182,0.0
977.348,0.0
977.514,0.0
977.68,0.0
977.846,0.0
978.012,0.0
978.178,0.0
978.344,0.0
978.51,0.0
978.676,0.0
978.842,0.0
979.008,0.0
979.174,0.0
979.34,0.0
979.505,0.0
979.671,0.0
979.837,0.0
980.003,0.0
980.168,0.0
980.334,0.0
980.499,0.0
980.665,0.0
980.831,0.0
980.996,0.0
981.162,0.0
981.327,0.0
981.493,0.0
981.658,0.0
981.823,0.0
981.989,0.0
982.154,0.0
982.319,0.0
982.485,0.0
982.65,1.2190060935796972e-08
982.815,2.933425580619909e-08
982.98,4.504408240398393e-08
983.146,5.9205675861571844e-08
983.311,7.176811227853861e-08
983.476,8.270126526015175e-08
983.641,9.201458356772969e-08
983.806,9.975353395278941e-08
983.971,1.0594820244625259e-07
984.136,1.1062289444267706e-07
984.301,1.138136340767999e-07
984.466,1.155858281989976e-07
984.631,1.1600970698884839e-07
984.796,1.15172994268828e-07
984.961,1.1316934425271043e-07
985.126,1.1009027617668854e-07
985.291,1.0608009540142537e-07
985.455,1.0131539875868742e-07
985.62,9.597903323707865e-08
985.785,9.024088774465253e-08
985.95,8.423045742583606e-08
986.114,7.805062781596445e-08
986.279,7.181273125614548e-08
986.444,6.56243705749101e-08
986.608,5.956514041696283e-08
986.773,5.371427659170806e-08
986.937,4.814629514693692e-08
987.102,4.2943803512972276e-08
987.266,3.824475053873051e-08
987.431,3.420485758640698e-08
987.595,3.0958794408718973e-08
987.76,2.86262388409731e-08
987.924,2.7293924550703485e-08
988.088,2.7009729409951153e-08
988.253,2.7818470850127823e-08
988.417,2.9757931996663642e-08
988.581,3.2813120690486696e-08
988.746,3.692701418508927e-08
988.91,4.199129437988516e-08
989.074,4.786266369952487e-08
989.238,5.4415016107378135e-08
989.402,6.151649212770316e-08
989.566,6.899869458089004e-08
989.731,7.664806368910882e-08
989.895,8.4225411379921e-08
990.059,9.147701067291811e-08
990.223,9.816130039786123e-08
990.387,1.0403406765197739e-07
990.551,1.0878958438126776e-07
990.714,1.120936302191307e-07
990.878,1.1361757719637856e-07
991.042,1.130486102349916e-07
991.206,1.100967486429625e-07
991.37,1.0446249436493757e-07
991.534,9.577912547004855e-08
991.697,8.361935483028105e-08
991.861,6.752790844881643e-08
992.025,4.700362599932133e-08
992.188,2.1504063647024568e-08
992.352,0.0
992.516,0.0
992.679,0.0
992.843,0.0
993.006,0.0
993.17,0.0
993.333,0.0
993.497,0.0
993.66,0.0
993.824,0.0
993.987,0.0
994.15,0.0
994.314,0.0
994.477,0.0
994.64,0.0
994.803,0.0
994.967,0.0
995.13,0.0
995.293,0.0
995.456,0.0
995.619,0.0
995.782,0.0
995.945,0.0
996.108,0.0
996.271,0.0
996.434,0.0
996.597,0.0
996.76,0.0
996.923,0.0
997.086,0.0
997.248,0.0
997.411,0.0
997.574,0.0
997.737,0.0
997.899,0.0
998.062,0.0
998.225,0.0
998.387,0.0
998.55,0.0
998.712,0.0
998.875,0.0
999.037,0.0
999.2,0.0
999.362,0.0
999.525,0.0
999.687,0.0
999.849,0.0
