237.496,2.4822733676894463e-07
237.566,2.0535717520743993e-06
237.636,1.5852617184449866e-06
237.705,1.241360608963433e-07
237.775,1.9821107817127694e-07
237.845,6.531414788557322e-07
237.914,2.94080907418614e-07
237.984,1.144812638215239e-07
238.054,1.261776858543416e-07
238.123,1.1824368179419386e-07
238.193,1.9197193274015672e-07
238.263,1.396546921909908e-07
238.332,0.0
238.402,0.0
238.471,0.0
238.541,0.0
238.611,0.0
238.68,0.0
238.75,7.548046276867735e-08
238.819,1.5428103492877914e-07
238.889,2.2489160578365256e-07
238.958,2.5899080906851537e-07
239.028,2.409971779153137e-07
239.097,1.6988368013703192e-07
239.167,5.957289257158763e-08
239.237,0.0
239.306,0.0
239.376,0.0
239.445,0.0
239.515,0.0
239.584,0.0
239.654,0.0
239.723,0.0
239.793,0.0
239.862,0.0
239.932,0.0
240.001,0.0
240.07,0.0
240.14,0.0
240.209,0.0
240.279,0.0
240.348,0.0
240.418,0.0
240.487,0.0
240.556,0.0
240.626,0.0
240.695,0.0
240.765,0.0
240.834,0.0
240.903,0.0
240.973,0.0
241.042,0.0
241.112,1.7206315817384618e-09
241.181,2.748192878346412e-08
241.25,5.3876660089230895e-08
241.32,8.125919758514984e-08
241.389,1.0974640547150664e-07
241.458,1.3895725978832764e-07
241.528,1.6870344931074035e-07
241.597,1.9900988641123772e-07
241.666,2.300573795956157e-07
241.736,2.6180771290650345e-07
241.805,2.940773665605824e-07
241.874,3.264942386365179e-07
241.943,3.5857673109744037e-07
242.013,3.898481340396604e-07
242.082,4.1988208851808905e-07
242.151,4.483365846598837e-07
242.221,4.749829387425654e-07
242.29,4.995953849401367e-07
242.359,5.219517901635434e-07
242.428,5.419649217617402e-07
242.498,5.599815402345326e-07
242.567,5.762394821354197e-07
242.636,5.909410672563752e-07
242.705,6.042544847288089e-07
242.774,6.1626709967031e-07
242.844,6.271707818173205e-07
242.913,6.371139668505505e-07
242.982,6.460521695113853e-07
243.051,6.54160768325358e-07
243.12,6.615213190690945e-07
243.19,6.681452020513027e-07
243.259,6.737607704207266e-07
243.328,6.781927462049655e-07
243.397,6.812760375270663e-07
243.466,6.828427769403801e-07
243.535,6.827413662551556e-07
243.605,6.808382977509137e-07
243.674,6.771343839453169e-07
243.743,6.716582698486319e-07
243.812,6.644317596416907e-07
243.881,6.554642515001011e-07
243.95,6.447521582943219e-07
244.019,6.322776263634426e-07
244.088,6.180540847551461e-07
244.158,6.021662945542552e-07
244.227,5.846735616663323e-07
244.296,5.65616765444216e-07
244.365,5.450546579728189e-07
244.434,5.229988576043187e-07
244.503,4.995304084138137e-07
244.572,4.7482970026077915e-07
244.641,4.4905225418428317e-07
244.71,4.2227917230737704e-07
244.779,3.946296558217308e-07
244.848,3.6618933559406825e-07
244.917,3.3701098674724e-07
244.986,3.0721252148804815e-07
245.055,2.7681332300550427e-07
245.124,2.4577543710692e-07
245.193,2.141803763967308e-07
245.262,1.8208461178160373e-07
245.331,1.4957670673852332e-07
245.4,1.1681828759611788e-07
245.469,8.39833125260268e-08
245.538,5.121428158007597e-08
245.607,1.8710127004414032e-08
245.676,0.0
245.745,0.0
245.814,0.0
245.883,0.0
245.952,0.0
246.021,0.0
246.09,0.0
246.159,0.0
246.227,0.0
246.296,0.0
246.365,0.0
246.434,0.0
246.503,0.0
246.572,0.0
246.641,0.0
246.71,0.0
246.779,0.0
246.847,0.0
246.916,0.0
246.985,0.0
247.054,0.0
247.123,0.0
247.192,0.0
247.26,0.0
247.329,0.0
247.398,0.0
247.467,0.0
247.536,0.0
247.604,0.0
247.673,0.0
247.742,0.0
247.811,0.0
247.879,0.0
247.948,0.0
248.017,0.0
248.086,0.0
248.154,0.0
248.223,0.0
248.292,0.0
248.361,0.0
248.429,0.0
248.498,0.0
248.567,0.0
248.635,0.0
248.704,0.0
248.773,0.0
248.841,0.0
248.91,0.0
248.979,0.0
249.047,0.0
249.116,0.0
249.185,1.239895648500898e-08
249.253,2.8657677926240435e-08
249.322,4.557056500945562e-08
249.39,6.324830597500309e-08
249.459,8.174787991807913e-08
249.528,1.0108589849448851e-07
249.596,1.2136559569548892e-07
249.665,1.4265799169419808e-07
249.733,1.6503431426878772e-07
249.802,1.8861576356073183e-07
249.871,2.1345994922191046e-07
249.939,2.3958560823497927e-07
250.008,2.6705132354188116e-07
250.076,2.9587126110571827e-07
250.145,3.259770129472729e-07
250.213,3.573405503149343e-07
250.282,3.8989632799926847e-07
250.35,4.234951335335864e-07
250.419,4.579922016019957e-07
250.487,4.932099931587502e-07
250.556,5.289410062120352e-07
250.624,5.649968562663557e-07
250.693,6.011262701003643e-07
250.761,6.369749450560654e-07
250.83,6.721889383304327e-07
250.898,7.064451783840096e-07
250.967,7.394384783821363e-07
251.035,7.708779563088206e-07
251.104,8.00411165031951e-07
251.172,8.276372143689458e-07
251.241,8.522062841179955e-07
251.309,8.738160524084948e-07
251.378,8.921815269134529e-07
251.446,9.070199180179314e-07
251.514,9.18025455230719e-07
251.583,9.248751540644441e-07
251.651,9.273183209449591e-07
251.72,9.251584581531855e-07
251.788,9.181663022570687e-07
251.856,9.061412017610159e-07
251.925,8.888925826584643e-07
251.993,8.662161016490218e-07
252.062,8.379921739183023e-07
252.13,8.041853177302796e-07
252.198,7.647407186771767e-07
252.267,7.196506367554674e-07
252.335,6.690054594114864e-07
252.403,6.128706627099321e-07
252.472,5.513596594329024e-07
252.54,4.846752020838655e-07
252.608,4.129998732276252e-07
252.677,3.365541724805063e-07
252.745,2.556315601690626e-07
252.813,1.7052886556156285e-07
252.881,8.159797816242704e-08
252.95,0.0
253.018,0.0
253.086,0.0
253.155,0.0
253.223,0.0
253.291,0.0
253.359,0.0
253.428,0.0
253.496,0.0
253.564,0.0
253.632,0.0
253.7,0.0
253.769,0.0
253.837,0.0
253.905,0.0
253.973,0.0
254.041,0.0
254.11,0.0
254.178,0.0
254.246,0.0
254.314,0.0
254.382,0.0
254.45,0.0
254.518,0.0
254.587,0.0
254.655,0.0
254.723,0.0
254.791,0.0
254.859,0.0
254.927,0.0
254.995,0.0
255.063,0.0
255.131,0.0
255.199,0.0
255.267,0.0
255.336,0.0
255.404,0.0
255.472,0.0
255.54,0.0
255.608,0.0
255.676,0.0
255.744,0.0
255.812,0.0
255.88,0.0
255.948,0.0
256.016,0.0
256.084,0.0
256.152,0.0
256.22,0.0
256.288,0.0
256.356,0.0
256.424,0.0
256.491,0.0
256.559,0.0
256.627,0.0
256.695,0.0
256.763,0.0
256.831,0.0
256.899,0.0
256.967,0.0
257.035,0.0
257.103,0.0
257.171,0.0
257.238,0.0
257.306,0.0
257.374,0.0
257.442,0.0
257.51,0.0
257.578,0.0
257.646,0.0
257.713,0.0
257.781,0.0
257.849,0.0
257.917,0.0
257.985,0.0
258.052,0.0
258.12,0.0
258.188,0.0
258.256,0.0
258.324,0.0
258.391,0.0
258.459,0.0
258.527,0.0
258.595,0.0
258.662,0.0
258.73,1.1883154373294726e-06
258.798,0.0
258.865,0.0
258.933,0.0
259.001,0.0
259.069,0.0
259.136,0.0
259.204,0.0
259.272,0.0
259.339,0.0
259.407,0.0
259.475,0.0
259.542,0.0
259.61,0.0
259.677,0.0
259.745,0.0
259.813,0.0
259.88,0.0
259.948,0.0
260.016,0.0
260.083,0.0
260.151,0.0
260.218,0.0
260.286,0.0
260.353,0.0
260.421,0.0
260.489,0.0
260.556,0.0
260.624,0.0
260.691,0.0
260.759,0.0
260.826,0.0
260.894,0.0
260.961,1.1889140705018665e-08
261.029,2.655597266178585e-08
261.096,3.898582123039314e-08
261.164,4.927883990223126e-08
261.231,5.760355226434592e-08
261.299,6.412185374673613e-08
261.366,6.903733172940407e-08
261.434,7.256713979809014e-08
261.501,7.491382273755224e-08
261.568,7.636364794433226e-08
261.636,7.725411832844676e-08
261.703,7.78389397314901e-08
261.771,7.830029034326468e-08
261.838,7.878451818982585e-08
261.906,7.938430299208034e-08
261.973,8.022464877810065e-08
262.04,8.144980020164539e-08
262.108,8.312099105466526e-08
262.175,8.523996700760325e-08
262.243,8.78408081719441e-08
262.31,9.099945977783768e-08
262.377,9.483644880045318e-08
262.445,9.949787064166759e-08
262.512,1.0504947616397619e-07
262.579,1.1146424315801968e-07
262.647,1.1873273746750986e-07
262.714,1.2683314066616938e-07
262.781,1.3572563182714416e-07
262.849,1.4542502869407787e-07
262.916,1.5587500215980284e-07
262.983,1.6699477875228038e-07
263.051,1.787541573436019e-07
263.118,1.911428768246785e-07
263.185,2.042239223881283e-07
263.252,2.1810150367496932e-07
263.32,2.328148074371746e-07
263.387,2.483132003822259e-07
263.454,2.645103209735085e-07
263.522,2.8124942927509084e-07
263.589,2.9835942759648046e-07
263.656,3.156664037986345e-07
263.723,3.328959267020693e-07
263.79,3.4977496149403153e-07
263.858,3.6612914488968056e-07
263.925,3.8187908609124937e-07
263.992,3.9705425235234156e-07
264.059,4.1176018200780604e-07
264.126,4.2609185344003015e-07
264.194,4.401488430456757e-07
264.261,4.5409281054447425e-07
264.328,4.6809707706948195e-07
264.395,4.822936538465865e-07
264.462,4.967627496449504e-07
264.529,5.115259932654152e-07
264.597,5.266022235310729e-07
264.664,5.420755686114091e-07
264.731,5.581178059571419e-07
264.798,5.749352795642709e-07
264.865,5.927464884732005e-07
264.932,6.117758107222282e-07
264.999,6.321752790317122e-07
265.066,6.541012088566716e-07
265.133,6.776927340881823e-07
265.201,7.030127057775719e-07
265.268,7.300589814055615e-07
265.335,7.586988274677224e-07
265.402,7.88739122473221e-07
265.469,8.200244459147388e-07
265.536,8.52477687293311e-07
265.603,8.861116948077144e-07
265.67,9.21029751625684e-07
265.737,9.573438172200638e-07
265.804,9.951656530263415e-07
265.871,1.034672905436471e-06
265.938,1.075991214749986e-06
266.005,1.1191766442773836e-06
266.072,1.1642228471165678e-06
266.139,1.2109690800783313e-06
266.206,1.2591578186623237e-06
266.273,1.3085266949049652e-06
266.34,1.358809678067632e-06
266.407,1.409766450792327e-06
266.474,1.4612083306450768e-06
266.541,1.5129486592561785e-06
266.608,1.5648046167065509e-06
266.675,1.616613337603042e-06
266.742,1.6681874738111149e-06
266.808,1.7193089593862324e-06
266.875,1.7696844865884478e-06
266.942,1.8189240095717072e-06
267.009,1.8666167915719536e-06
267.076,1.912346394182397e-06
267.143,1.9557565530276423e-06
267.21,1.9965420780404795e-06
267.277,2.0344269252292504e-06
267.344,2.0691655790861413e-06
267.41,2.1005651381425927e-06
267.477,2.12856470893132e-06
267.544,2.153132948623235e-06
267.611,2.1742309307915557e-06
267.678,2.1917714057957183e-06
267.745,2.205530425706745e-06
267.811,2.2152032071480214e-06
267.878,2.2205020090065774e-06
267.945,2.2211613383601946e-06
268.012,2.216920274880902e-06
268.079,2.2075941826336837e-06
268.145,2.1930214827961447e-06
268.212,2.173070289062139e-06
268.279,2.1477804984313212e-06
268.346,2.1173141789734607e-06
268.412,2.0818786361351144e-06
268.479,2.0416884239441816e-06
268.546,1.996854159438686e-06
268.613,1.9474318876211897e-06
268.679,1.8935408375915455e-06
268.746,1.8353771584495998e-06
268.813,1.7732053905860347e-06
268.879,1.7073122411558786e-06
268.946,1.6379655919660797e-06
269.013,1.565487686273918e-06
269.079,1.4903056123746028e-06
269.146,1.4128753071156468e-06
269.213,1.3336628968482386e-06
269.28,1.2530634542928889e-06
269.346,1.171369924868654e-06
269.413,1.0888545870379663e-06
269.479,1.0058105522990078e-06
269.546,9.225026306716257e-07
269.613,8.391103778587665e-07
269.679,7.557800349382702e-07
269.746,6.725992612321201e-07
269.813,5.896587567973651e-07
269.879,5.071567225151464e-07
269.946,4.2532645318936264e-07
270.012,3.4438704288708235e-07
270.079,2.6448973940908866e-07
270.145,1.8573355029217615e-07
270.212,1.0816374139196597e-07
270.279,3.1805815834614343e-08
270.345,0.0
270.412,0.0
270.478,0.0
270.545,0.0
270.611,0.0
270.678,0.0
270.744,0.0
270.811,0.0
270.877,0.0
270.944,0.0
271.01,0.0
271.077,0.0
271.143,0.0
271.21,0.0
271.276,0.0
271.342,0.0
271.409,0.0
271.475,0.0
271.542,0.0
271.608,0.0
271.675,0.0
271.741,0.0
271.807,0.0
271.874,0.0
271.94,0.0
272.007,0.0
272.073,0.0
272.139,0.0
272.206,0.0
272.272,0.0
272.338,0.0
272.405,0.0
272.471,0.0
272.537,0.0
272.604,0.0
272.67,0.0
272.736,0.0
272.802,0.0
272.869,0.0
272.935,0.0
273.001,0.0
273.068,0.0
273.134,0.0
273.2,0.0
273.266,0.0
273.333,0.0
273.399,0.0
273.465,0.0
273.531,0.0
273.597,0.0
273.664,0.0
273.73,0.0
273.796,0.0
273.862,0.0
273.928,0.0
273.995,0.0
274.061,0.0
274.127,0.0
274.193,0.0
274.259,0.0
274.325,0.0
274.391,0.0
274.457,0.0
274.524,0.0
274.59,0.0
274.656,0.0
274.722,0.0
274.788,0.0
274.854,0.0
274.92,0.0
274.986,0.0
275.052,0.0
275.118,2.1800189960924677e-08
275.184,1.071410875938999e-07
275.25,2.0088469040210372e-07
275.316,3.04328306409437e-07
275.382,4.2156589960833825e-07
275.448,5.572492897630914e-07
275.514,7.172609241107135e-07
275.58,9.117963610766066e-07
275.646,1.1497486618763841e-06
275.712,1.4369687276803292e-06
275.778,1.7775627491367425e-06
275.844,2.174590129190481e-06
275.91,2.62005712010575e-06
275.976,3.0960770729780005e-06
276.042,3.5984137446942727e-06
276.108,4.1271070179318e-06
276.174,4.679585486380575e-06
276.24,5.258553825223438e-06
276.306,5.8775034409667795e-06
276.372,6.54511096994869e-06
276.437,7.279775797245326e-06
276.503,8.113219846549392e-06
276.569,9.05857892740025e-06
276.635,1.0117104801860691e-05
276.701,1.1283694409295761e-05
276.767,1.2546657505776812e-05
276.833,1.3815181999325845e-05
276.899,1.5091798312834348e-05
276.964,1.6420977911605177e-05
277.03,1.7857950083102098e-05
277.096,1.9713720798720247e-05
277.162,2.1879426747806328e-05
277.228,2.431032648692613e-05
277.293,2.710174726350544e-05
277.359,2.9949901918416112e-05
277.425,3.59301428242287e-05
277.491,4.874116310503917e-05
277.557,6.563101591763542e-05
277.622,0.00011241633316693347
277.688,0.00011095282747297773
277.754,0.00011846679043540116
277.82,0.00013460321125388704
277.885,0.0001666554862371254
277.951,0.00022094205842516557
278.017,0.00018055432599642566
278.083,0.0001527776349975085
278.148,0.00014290864784799549
278.214,0.0001480849955456358
278.28,0.00016145608363741148
278.345,0.00014217928987105927
278.411,0.00012123860766178666
278.477,0.00012357603040529956
278.542,0.0001430640546521926
278.608,0.00015107493331891096
278.674,0.00018286719206344376
278.739,0.00020242888161706502
278.805,0.0002442701311830654
278.871,0.0002842631789627441
278.936,0.00038407753173881317
279.002,0.0005522533561241267
279.067,0.0007266865174456938
279.133,0.0007113955758514426
279.199,0.0006268227440440967
279.264,0.0006639045242165208
279.33,0.0007782248985827643
279.395,0.0009761185007379298
279.461,0.001189735741085512
279.527,0.0012827642995908105
279.592,0.0012250209815843722
279.658,0.0010838969141705051
279.723,0.0010634353391789256
279.789,0.0011299154117912396
279.854,0.0009736527336081291
279.92,0.0008271840430885204
279.985,0.0007598585027453127
280.051,0.0007740268953448942
280.116,0.0009022791473089689
280.182,0.0011519735154910478
280.247,0.001260402825418652
280.313,0.001114008744177035
280.378,0.0008446107722463252
280.444,0.0006389114514407774
280.509,0.0005007508930424087
280.574,0.00042705627616075744
280.64,0.0003546230619854707
280.705,0.0003059252511384098
280.771,0.0002709850104390997
280.836,0.00024109655749937205
280.902,0.0002157237665586032
280.967,0.00019723276964692671
281.032,0.00018169474229200327
281.098,0.00015588546106830574
281.163,0.00015189332988596263
281.229,0.00013652994520122735
281.294,0.00012169112575305016
281.359,0.00010952681037980194
281.425,9.78375875504463e-05
281.49,8.663854245581279e-05
281.555,7.626843178270898e-05
281.621,6.68116115710143e-05
281.686,5.959749757537817e-05
281.751,5.459722105985426e-05
281.816,4.921772997270345e-05
281.882,4.341396566422994e-05
281.947,3.856555054430232e-05
282.012,3.453120082666485e-05
282.078,3.240779729769819e-05
282.143,3.187193752409981e-05
282.208,2.93243480010406e-05
282.273,2.469514453964828e-05
282.339,2.1328345258934814e-05
282.404,1.935571239442501e-05
282.469,1.7523099783237637e-05
282.534,1.5821613004969793e-05
282.6,1.4044635368929437e-05
282.665,1.2186509982886748e-05
282.73,1.0464204479300014e-05
282.795,8.884414863272016e-06
282.86,7.464329121589015e-06
282.926,6.176593787607271e-06
282.991,4.99813359322768e-06
283.056,3.933185061419095e-06
283.121,2.985877570023603e-06
283.186,2.1551331924788854e-06
283.251,1.4257276969711007e-06
283.316,8.057587483822609e-07
283.382,2.959569173883698e-07
283.447,0.0
283.512,0.0
283.577,0.0
283.642,0.0
283.707,0.0
283.772,0.0
283.837,0.0
283.902,0.0
283.967,0.0
284.032,0.0
284.097,0.0
284.163,0.0
284.228,4.0167288180639214e-07
284.293,1.3345288604451865e-06
284.358,2.484413719950834e-06
284.423,3.843042114416594e-06
284.488,5.4885918782624665e-06
284.553,7.780131039454493e-06
284.618,1.1107308342606489e-05
284.683,1.6093941372750158e-05
284.748,2.357778867625729e-05
284.812,3.424092716484338e-05
284.877,4.9104290632296715e-05
284.942,7.187945975356013e-05
285.007,0.00011002072880030096
285.072,0.00017104639167496238
285.137,0.00029507816028085163
285.202,0.0004215604641506673
285.267,0.00036813407847408806
285.332,0.00024280328615947092
285.397,0.00014926536270990168
285.462,0.00011607085669232112
285.527,7.448854445173216e-05
285.591,5.917829613593506e-05
285.656,4.579681929753948e-05
285.721,4.165923371228349e-05
285.786,2.807239808890499e-05
285.851,2.3699302728603268e-05
285.916,2.050808301720697e-05
285.981,1.716195255334338e-05
286.045,1.4478857002660602e-05
286.11,1.210162509935293e-05
286.175,9.877978208657135e-06
286.24,7.872288885988609e-06
286.305,6.199036901666224e-06
286.369,4.890277929743656e-06
286.434,3.853555453513095e-06
286.499,2.996223159869349e-06
286.564,2.2755728877736336e-06
286.628,1.6807340309797955e-06
286.693,1.0533525129886266e-06
286.758,3.592698402086399e-07
286.823,6.723327794352529e-07
286.887,1.9649330104838673e-06
286.952,0.0
287.017,0.0
287.082,0.0
287.146,0.0
287.211,0.0
287.276,0.0
287.34,0.0
287.405,0.0
287.47,0.0
287.534,0.0
287.599,0.0
287.663,0.0
287.728,0.0
287.793,0.0
287.857,0.0
287.922,0.0
287.987,0.0
288.051,0.0
288.116,0.0
288.18,0.0
288.245,0.0
288.309,0.0
288.374,0.0
288.439,0.0
288.503,0.0
288.568,0.0
288.632,0.0
288.697,0.0
288.761,0.0
288.826,0.0
288.89,0.0
288.955,0.0
289.019,0.0
289.084,0.0
289.148,0.0
289.212,0.0
289.277,0.0
289.341,0.0
289.406,0.0
289.47,0.0
289.535,0.0
289.599,0.0
289.663,0.0
289.728,0.0
289.792,0.0
289.857,0.0
289.921,2.439746161726656e-09
289.985,1.1126947473567887e-07
290.05,2.135130648200415e-07
290.114,3.138294118759003e-07
290.178,4.1910926103398653e-07
290.243,5.384103012950328e-07
290.307,6.793676437394725e-07
290.371,8.446946150942722e-07
290.436,1.0424473588737037e-06
290.5,1.280745433740986e-06
290.564,1.5664971269010617e-06
290.629,1.9014520014375044e-06
290.693,2.285083709853633e-06
290.757,2.6855875288087647e-06
290.821,3.0745967109193567e-06
290.886,3.4998915860951187e-06
290.95,3.982435999674263e-06
291.014,4.372360329144149e-06
291.078,4.675182124600628e-06
291.143,6.003041541542937e-06
291.207,8.32675339626835e-06
291.271,3.48956100941909e-06
291.335,5.7833769215893825e-06
291.399,8.382301825124103e-06
291.464,1.1215811809560388e-05
291.528,1.2692171059724816e-05
291.592,1.2502800219821196e-05
291.656,1.2016330368540687e-05
291.72,1.1270154161625298e-05
291.784,1.0507917243901395e-05
291.849,9.970588194235434e-06
291.913,9.46505964285803e-06
291.977,9.087856484428218e-06
292.041,8.898771827131372e-06
292.105,8.836174353258312e-06
292.169,8.9766251229921e-06
292.233,9.24141531259057e-06
292.297,9.62559971792343e-06
292.361,1.0548859126336122e-05
292.425,1.217631629319538e-05
292.49,1.5358941102429243e-05
292.554,2.1018602849731013e-05
292.618,2.756503272712041e-05
292.682,3.4260254888204944e-05
292.746,4.3991019316088753e-05
292.81,8.758283382747036e-05
292.874,0.000129877246335564
292.938,0.00012869334466760588
293.002,0.00010919132706736078
293.066,9.491897447505672e-05
293.13,8.31117508858936e-05
293.194,7.403033058158227e-05
293.258,6.89156581749306e-05
293.322,6.84473945725167e-05
293.386,7.242513139801371e-05
293.45,7.787430070546313e-05
293.514,0.00010560279587423599
293.577,0.00015584285042129616
293.641,0.00023258891000531897
293.705,0.0002516904078665585
293.769,0.00021105452862565162
293.833,0.0001744335692727078
293.897,0.00014578418028135767
293.961,0.00012481861821066125
294.025,0.00010809636890307964
294.089,9.447869696074964e-05
294.152,8.334512831673302e-05
294.216,7.379066245827457e-05
294.28,6.559431422845242e-05
294.344,5.8449712619587284e-05
294.408,5.207097792020754e-05
294.472,4.648032314001781e-05
294.536,4.174132437230433e-05
294.599,3.797740743446105e-05
294.663,3.5157253820358275e-05
294.727,3.298769583978578e-05
294.791,3.104991719056448e-05
294.855,2.896787125824789e-05
294.918,2.6694574147515523e-05
294.982,2.4310592964594102e-05
295.046,2.1962466592665408e-05
295.11,1.9773352052116743e-05
295.173,1.772223693591903e-05
295.237,1.5818638479489507e-05
295.301,1.406661519386547e-05
295.364,1.248330887903172e-05
295.428,1.1042450914848556e-05
295.492,9.735484052695534e-06
295.556,8.571855724770741e-06
295.619,7.531519102041636e-06
295.683,6.8276761535282e-06
295.747,6.320475662763243e-06
295.81,5.772334991922904e-06
295.874,5.178404113209903e-06
295.938,3.2816436746199746e-06
296.001,3.2180358263180463e-07
296.065,0.0
296.128,1.8895446066105878e-06
296.192,2.6975093694797828e-06
296.256,2.1269986019470456e-06
296.319,1.6045309600303163e-06
296.383,1.1207763386505974e-06
296.447,8.810388381109551e-07
296.51,8.808555087167763e-07
296.574,8.750879456159381e-07
296.637,8.579925639140963e-07
296.701,7.986995792536793e-07
296.764,7.158848084870117e-07
296.828,6.343300260518948e-07
296.891,5.516780026643162e-07
296.955,4.6519498222853475e-07
297.018,3.7486848624956654e-07
297.082,2.8215294808132837e-07
297.145,1.8748351068262966e-07
297.209,9.229083355131194e-08
297.272,0.0
297.336,0.0
297.399,0.0
297.463,0.0
297.526,0.0
297.59,0.0
297.653,0.0
297.717,0.0
297.78,0.0
297.843,0.0
297.907,0.0
297.97,0.0
298.034,0.0
298.097,0.0
298.16,0.0
298.224,0.0
298.287,0.0
298.35,0.0
298.414,0.0
298.477,0.0
298.54,0.0
298.604,0.0
298.667,0.0
298.73,0.0
298.794,0.0
298.857,0.0
298.92,0.0
298.984,0.0
299.047,0.0
299.11,0.0
299.173,0.0
299.237,0.0
299.3,0.0
299.363,0.0
299.426,0.0
299.489,0.0
299.553,0.0
299.616,0.0
299.679,0.0
299.742,0.0
299.805,0.0
299.868,0.0
299.932,0.0
299.995,0.0
300.058,0.0
300.121,0.0
300.184,0.0
300.247,0.0
300.31,0.0
300.374,0.0
300.437,0.0
300.5,0.0
300.563,0.0
300.626,0.0
300.689,0.0
300.752,0.0
300.815,0.0
300.878,0.0
300.941,0.0
301.004,0.0
301.067,0.0
301.13,0.0
301.193,0.0
301.256,0.0
301.319,0.0
301.382,0.0
301.445,0.0
301.508,0.0
301.571,0.0
301.634,0.0
301.697,0.0
301.76,0.0
301.823,0.0
301.885,0.0
301.948,0.0
302.011,0.0
302.074,0.0
302.137,0.0
302.2,0.0
302.263,0.0
302.326,0.0
302.388,0.0
302.451,0.0
302.514,0.0
302.577,0.0
302.64,0.0
302.703,0.0
302.765,0.0
302.828,0.0
302.891,0.0
302.954,0.0
303.016,0.0
303.079,0.0
303.142,0.0
303.205,0.0
303.267,0.0
303.33,0.0
303.393,0.0
303.456,0.0
303.518,0.0
303.581,0.0
303.644,0.0
303.706,0.0
303.769,0.0
303.832,0.0
303.894,0.0
303.957,0.0
304.02,0.0
304.082,0.0
304.145,0.0
304.207,0.0
304.27,0.0
304.333,0.0
304.395,0.0
304.458,0.0
304.52,0.0
304.583,0.0
304.646,0.0
304.708,0.0
304.771,0.0
304.833,0.0
304.896,0.0
304.958,0.0
305.021,0.0
305.083,0.0
305.146,0.0
305.208,0.0
305.271,0.0
305.333,0.0
305.396,0.0
305.458,0.0
305.52,0.0
305.583,0.0
305.645,0.0
305.708,0.0
305.77,0.0
305.833,0.0
305.895,0.0
305.957,0.0
306.02,0.0
306.082,0.0
306.144,0.0
306.207,0.0
306.269,0.0
306.331,0.0
306.394,0.0
306.456,0.0
306.518,0.0
306.581,0.0
306.643,0.0
306.705,0.0
306.768,0.0
306.83,0.0
306.892,0.0
306.954,0.0
307.017,0.0
307.079,0.0
307.141,0.0
307.203,0.0
307.266,0.0
307.328,0.0
307.39,0.0
307.452,0.0
307.514,0.0
307.577,2.3165851648469518e-08
307.639,1.7364981134310406e-07
307.701,3.3906956893119123e-07
307.763,5.189010646009559e-07
307.825,7.150544278110964e-07
307.887,9.298965726683412e-07
307.949,1.1654883359732754e-06
308.012,1.4236893039755478e-06
308.074,1.7062140351562565e-06
308.136,2.0145415407347823e-06
308.198,2.3504829978914436e-06
308.26,2.7160205853279626e-06
308.322,3.1126171525943525e-06
308.384,3.5411635234160037e-06
308.446,3.9998216979743865e-06
308.508,4.4867095491550405e-06
308.57,4.99999849844963e-06
308.632,5.534792829911303e-06
308.694,6.089285551971918e-06
308.756,6.661727635345746e-06
308.818,7.245966471420923e-06
308.88,7.832423773279313e-06
308.942,8.412080894866496e-06
309.004,8.976124600304441e-06
309.066,9.515334553120089e-06
309.128,1.0045919319063539e-05
309.19,1.0557416599117343e-05
309.252,1.103898203076227e-05
309.314,1.148118899568239e-05
309.376,1.18758493361234e-05
309.438,1.2219810626568625e-05
309.5,1.2510351653147659e-05
309.562,1.2744939250084842e-05
309.624,1.2768378041514197e-05
309.686,1.2580690127916558e-05
309.747,1.2182170108837643e-05
309.809,1.1575886344042122e-05
309.871,1.1030607221607892e-05
309.933,1.0554035020874695e-05
309.995,1.0153825933888848e-05
310.057,9.838399712433038e-06
310.119,9.463971100445616e-06
310.18,9.040953871247282e-06
310.242,8.580149887876846e-06
310.304,8.091199721258196e-06
310.366,7.582820473510026e-06
310.428,7.060521185483684e-06
310.489,6.529524578751868e-06
310.551,5.994937547792421e-06
310.613,5.487425732466966e-06
310.675,5.0085411417383184e-06
310.737,4.559757643255892e-06
310.798,4.1425100064132e-06
310.86,3.7557445229120828e-06
310.922,3.3985181898585327e-06
310.983,3.069992428885838e-06
311.045,2.7690862941592853e-06
311.107,2.4912477044733523e-06
311.169,2.2344214713829828e-06
311.23,1.996492714792271e-06
311.292,1.7757203040937964e-06
311.354,1.5706632654582104e-06
311.415,1.3801908970149106e-06
311.477,1.2032054695830266e-06
311.539,1.0386299509901613e-06
311.6,8.853216921596295e-07
311.662,7.44090941732116e-07
311.724,6.156543650508335e-07
311.785,5.002063963296352e-07
311.847,3.9772015690562695e-07
311.908,3.0812871994472497e-07
311.97,2.3122621481001654e-07
312.032,1.665674686305205e-07
312.093,1.1357595797648e-07
312.155,7.144897925135802e-08
312.216,3.916589752523226e-08
312.278,1.564759432877049e-08
312.339,0.0
312.401,0.0
312.462,0.0
312.524,0.0
312.585,0.0
312.647,5.202811541087344e-09
312.708,1.6535267528629396e-08
312.77,2.9019028527976695e-08
312.831,4.217628671045037e-08
312.893,5.5494697804982745e-08
312.954,6.840032049440917e-08
313.016,8.040627864315633e-08
313.077,9.123268519205703e-08
313.139,1.0078627296379136e-07
313.2,1.0907153911826575e-07
313.261,1.1608221535837414e-07
313.323,1.2176809134926815e-07
313.384,1.2607335289871614e-07
313.446,1.2902784921758383e-07
313.507,1.3068922961245567e-07
313.568,1.312211746552795e-07
313.63,1.3056762873381504e-07
313.691,1.286382267643714e-07
313.752,1.2541893182972812e-07
313.814,1.2096796101935525e-07
313.875,1.153909037347277e-07
313.936,1.0890863768365066e-07
313.998,1.0181164788409711e-07
314.059,9.431805829433998e-08
314.12,8.661114252388231e-08
314.182,7.889895078340716e-08
314.243,7.134724110265144e-08
314.304,6.408350745553939e-08
314.365,5.714264728734029e-08
314.427,5.047684031053982e-08
314.488,4.4047481612791e-08
314.549,3.791104143642847e-08
314.61,3.213611477478027e-08
314.672,2.6790389952279592e-08
314.733,2.197041699236305e-08
314.794,1.774807529564739e-08
314.855,1.423217777911426e-08
314.917,1.1570186968371645e-08
314.978,9.856663187323739e-09
315.039,9.100351853783012e-09
315.1,9.263079136333422e-09
315.161,1.0241089959473678e-08
315.222,1.1944472939713389e-08
315.283,1.4338671224965467e-08
315.345,1.7401192403629463e-08
315.406,2.1122014487521857e-08
315.467,2.5536158810599706e-08
315.528,3.060012583271389e-08
315.589,3.6260683761021156e-08
315.65,4.2570836819292187e-08
315.711,4.954854983812333e-08
315.772,5.7146061131482036e-08
315.833,6.527004149180054e-08
315.894,7.37026915445003e-08
315.955,8.221757657882769e-08
316.016,9.072091100987576e-08
316.078,9.916291411925897e-08
316.139,1.074760100689365e-07
316.2,1.1564929824295835e-07
316.261,1.2369627351882778e-07
316.322,1.316743635053584e-07
316.383,1.397132006718864e-07
316.444,1.478804695283532e-07
316.504,1.5615960865221005e-07
316.565,1.6451358731672258e-07
316.626,1.728476416018934e-07
316.687,1.810090940869975e-07
316.748,1.8882197241793603e-07
316.809,1.9610134012082793e-07
316.87,2.0269865371877495e-07
316.931,2.085503211700009e-07
316.992,2.136298365863782e-07
317.053,2.1793550791286788e-07
317.114,2.2152628220681295e-07
317.175,2.2444683022665478e-07
317.235,2.2670495481424098e-07
317.296,2.2828436738935888e-07
317.357,2.2910550316339063e-07
317.418,2.2902243302614993e-07
317.479,2.279459607947666e-07
317.54,2.258079235208796e-07
317.601,2.2246060282246916e-07
317.661,2.178436271436092e-07
317.722,2.119738381305321e-07
317.783,2.0490784453224235e-07
317.844,3.383403497194983e-07
317.904,6.124015457991234e-07
317.965,0.0
318.026,0.0
318.087,2.27837805462711e-06
318.148,4.7310042727575135e-07
318.208,0.0
318.269,0.0
318.33,1.0012752659929085e-07
318.39,8.420426567687966e-08
318.451,6.765247340461165e-08
318.512,5.064839890719774e-08
318.572,3.3438868254929643e-08
318.633,1.6294489374791046e-08
318.694,0.0
318.754,0.0
318.815,0.0
318.876,0.0
318.936,0.0
318.997,0.0
319.058,0.0
319.118,0.0
319.179,0.0
319.239,0.0
319.3,0.0
319.361,0.0
319.421,0.0
319.482,0.0
319.542,0.0
319.603,0.0
319.663,0.0
319.724,0.0
319.784,0.0
319.845,0.0
319.905,0.0
319.966,0.0
320.026,0.0
320.087,0.0
320.147,0.0
320.208,0.0
320.268,0.0
320.329,0.0
320.389,0.0
320.449,0.0
320.51,0.0
320.57,0.0
320.631,0.0
320.691,5.562300251914772e-09
320.751,1.523912124845454e-08
320.812,2.3524238744834127e-08
320.872,3.027623555750051e-08
320.932,3.5406219514025974e-08
320.993,3.8905742428126015e-08
321.053,4.0737979353198135e-08
321.113,4.09181673963383e-08
321.174,3.944672300381147e-08
321.234,3.632410281359549e-08
321.294,3.160438374467099e-08
321.355,2.5366471027071644e-08
321.415,1.765122122295108e-08
321.475,8.475703625134377e-09
321.535,0.0
321.596,0.0
321.656,0.0
321.716,0.0
321.776,0.0
321.837,0.0
321.897,0.0
321.957,0.0
322.017,0.0
322.077,0.0
322.138,0.0
322.198,0.0
322.258,0.0
322.318,0.0
322.378,0.0
322.438,0.0
322.499,0.0
322.559,0.0
322.619,0.0
322.679,0.0
322.739,0.0
322.799,0.0
322.859,0.0
322.919,0.0
322.979,0.0
323.039,0.0
323.099,0.0
323.159,0.0
323.219,0.0
323.279,0.0
323.339,6.186904957466681e-09
323.399,2.045222301351686e-06
323.459,0.0
323.519,0.0
323.579,2.0184001447680407e-07
323.639,0.0
323.699,0.0
323.759,0.0
323.819,0.0
323.879,0.0
323.939,0.0
323.999,0.0
324.059,3.513103556241404e-08
324.119,8.494750153451976e-08
324.178,1.3661333086725264e-07
324.238,1.8981446743155962e-07
324.298,2.44276460490081e-07
324.358,2.9970510803451264e-07
324.418,3.5575069755131975e-07
324.478,4.120180823554018e-07
324.538,4.68086467624931e-07
324.597,5.23457405165692e-07
324.657,5.777991021786193e-07
324.717,6.30871165265582e-07
324.777,6.824081545355911e-07
324.837,7.321997408580533e-07
324.896,7.799688021671438e-07
324.956,8.254678190607361e-07
325.016,8.685472669226493e-07
325.076,9.090969357279519e-07
325.135,9.470564752525022e-07
325.195,9.82350548664263e-07
325.255,1.0148741678489185e-06
325.315,1.0445225547550835e-06
325.374,1.0712250206590451e-06
325.434,1.0947790032152135e-06
325.494,1.1149459827977823e-06
325.553,1.131492111902483e-06
325.613,1.1440525533957788e-06
325.673,1.1523554179742348e-06
325.732,1.1562345444169903e-06
325.792,1.155532838852918e-06
325.852,1.1501158876417487e-06
325.911,1.1398736587695566e-06
325.971,1.1246860366232383e-06
326.031,1.104412186847334e-06
326.09,1.0790193089155208e-06
326.15,1.0484986921798631e-06
326.209,1.0128270979413725e-06
326.269,9.720395295493287e-07
326.328,9.262376399695635e-07
326.388,8.756536006602299e-07
326.448,8.20671996941322e-07
326.507,7.618317388670692e-07
326.567,6.992776696937815e-07
326.626,6.330559889013641e-07
326.686,5.632866615022192e-07
326.745,4.900528338652009e-07
326.805,4.1353491162528306e-07
326.864,3.3392542077923557e-07
326.924,2.513188867895646e-07
326.983,1.657777887076438e-07
327.043,7.736922768075925e-08
327.102,0.0
327.161,0.0
327.221,0.0
327.28,0.0
327.34,0.0
327.399,0.0
327.459,0.0
327.518,0.0
327.577,0.0
327.637,0.0
327.696,0.0
327.755,0.0
327.815,0.0
327.874,0.0
327.933,0.0
327.993,0.0
328.052,0.0
328.111,0.0
328.171,0.0
328.23,0.0
328.289,0.0
328.349,0.0
328.408,0.0
328.467,0.0
328.526,0.0
328.586,0.0
328.645,0.0
328.704,0.0
328.763,0.0
328.822,0.0
328.882,0.0
328.941,0.0
329.0,0.0
329.059,0.0
329.118,1.611351985499757e-07
329.177,3.72991275983205e-07
329.237,6.240277178222963e-07
329.296,9.136566586480642e-07
329.355,1.2405594791729943e-06
329.414,1.583551166978578e-06
329.473,1.917751490242356e-06
329.532,2.2295116323686913e-06
329.591,2.535835598892746e-06
329.65,2.9075089022552432e-06
329.709,3.405256187954466e-06
329.768,4.069737169185646e-06
329.827,4.891741288996366e-06
329.886,5.822672901479979e-06
329.945,7.056934136462034e-06
330.004,8.69624230121243e-06
330.063,1.0642195095510599e-05
330.122,1.3468669615276045e-05
330.181,1.631864673052181e-05
330.24,1.6482377579941392e-05
330.299,1.3960284539226872e-05
330.358,1.0564068436350182e-05
330.417,7.164028013765271e-06
330.476,4.4560528968884865e-06
330.535,2.5700109571205758e-06
330.594,1.2413722786389465e-06
330.653,2.95712203381718e-07
330.712,0.0
330.771,0.0
330.83,0.0
330.889,0.0
330.948,0.0
331.006,0.0
331.065,0.0
331.124,0.0
331.183,0.0
331.242,0.0
331.301,0.0
331.359,0.0
331.418,0.0
331.477,0.0
331.536,0.0
331.595,0.0
331.653,0.0
331.712,0.0
331.771,0.0
331.83,0.0
331.888,0.0
331.947,0.0
332.006,0.0
332.065,0.0
332.123,0.0
332.182,0.0
332.241,0.0
332.299,0.0
332.358,0.0
332.417,0.0
332.475,0.0
332.534,0.0
332.592,0.0
332.651,0.0
332.71,0.0
332.768,0.0
332.827,0.0
332.885,0.0
332.944,0.0
333.003,5.323465903755927e-08
333.061,2.185539248766084e-07
333.12,3.7631252347039123e-07
333.178,5.240361668840126e-07
333.237,6.61533984780411e-07
333.295,7.891088011030987e-07
333.354,9.072279030206739e-07
333.412,1.0161190818853432e-06
333.471,1.1160161284677456e-06
333.529,1.2072320832357696e-06
333.588,1.2895674238586263e-06
333.646,1.362819316341961e-06
333.705,1.4269291610753341e-06
333.763,1.481885976239742e-06
333.822,1.52777133871169e-06
333.88,1.5649880924701326e-06
333.938,1.5939040130662115e-06
333.997,1.6145850913685745e-06
334.055,1.627270076713984e-06
334.114,1.635816842314296e-06
334.172,1.6405629143079026e-06
334.23,1.641951351773776e-06
334.289,1.6403910018789035e-06
334.347,1.6362729339229424e-06
334.405,1.6300853838825006e-06
334.464,1.6223163494947054e-06
334.522,1.613398073129082e-06
334.58,1.6038896940041133e-06
334.639,1.5943375346324553e-06
334.697,1.5852183561205467e-06
334.755,1.5770255377471234e-06
334.814,1.570128743192858e-06
334.872,1.5647495105728976e-06
334.93,1.5611458871732871e-06
334.988,1.559558289184264e-06
335.047,1.5579434413397272e-06
335.105,1.55630677626256e-06
335.163,1.55455492230962e-06
335.221,1.5525197770122943e-06
335.28,1.550188253015399e-06
335.338,1.5475480789036394e-06
335.396,1.5445308485257522e-06
335.454,1.5410696570786355e-06
335.512,1.5369972506308285e-06
335.57,1.5320475736291955e-06
335.629,1.5259603363369196e-06
335.687,1.5184546250425172e-06
335.745,1.5091402607032144e-06
335.803,1.4976881420907139e-06
335.861,1.4837996403919262e-06
335.919,1.4671117785589651e-06
335.977,1.4474501525162813e-06
336.035,1.424678129973723e-06
336.094,1.398673233907288e-06
336.152,1.3694422449312972e-06
336.21,1.3369375237029422e-06
336.268,1.3010490528336498e-06
336.326,1.2617832111482984e-06
336.384,1.219221608526291e-06
336.442,1.1733503498751145e-06
336.5,1.1241895154297946e-06
336.558,1.0717461690621012e-06
336.616,1.0159495805803041e-06
336.674,9.568613813933412e-07
336.732,8.946010794772896e-07
336.79,8.292068162375993e-07
336.848,7.607196464682557e-07
336.906,6.896020152858881e-07
336.964,6.159818437964286e-07
337.022,5.400780977542528e-07
337.08,4.6218549508670415e-07
337.138,3.825169926944941e-07
337.195,3.0133734145692913e-07
337.253,2.1896792483057888e-07
337.311,1.3572049279391677e-07
337.369,5.203771148116011e-08
337.427,0.0
337.485,0.0
337.543,0.0
337.601,0.0
337.658,0.0
337.716,0.0
337.774,0.0
337.832,0.0
337.89,0.0
337.947,0.0
338.005,0.0
338.063,0.0
338.121,0.0
338.178,0.0
338.236,0.0
338.294,0.0
338.352,0.0
338.409,0.0
338.467,0.0
338.525,0.0
338.583,0.0
338.64,0.0
338.698,0.0
338.756,0.0
338.813,0.0
338.871,0.0
338.928,0.0
338.986,0.0
339.044,0.0
339.101,0.0
339.159,0.0
339.216,0.0
339.274,0.0
339.332,0.0
339.389,0.0
339.447,0.0
339.504,0.0
339.562,0.0
339.619,0.0
339.677,0.0
339.734,0.0
339.792,0.0
339.849,0.0
339.907,0.0
339.964,0.0
340.022,0.0
340.079,0.0
340.137,0.0
340.194,0.0
340.252,0.0
340.309,0.0
340.366,0.0
340.424,0.0
340.481,0.0
340.538,0.0
340.596,0.0
340.653,0.0
340.711,0.0
340.768,0.0
340.825,0.0
340.883,0.0
340.94,0.0
340.997,0.0
341.054,0.0
341.112,0.0
341.169,0.0
341.226,0.0
341.284,0.0
341.341,0.0
341.398,0.0
341.455,0.0
341.512,0.0
341.57,0.0
341.627,0.0
341.684,0.0
341.741,0.0
341.798,0.0
341.856,0.0
341.913,0.0
341.97,0.0
342.027,0.0
342.084,0.0
342.141,0.0
342.198,0.0
342.255,0.0
342.313,0.0
342.37,0.0
342.427,0.0
342.484,0.0
342.541,0.0
342.598,0.0
342.655,0.0
342.712,0.0
342.769,0.0
342.826,0.0
342.883,0.0
342.94,0.0
342.997,0.0
343.054,0.0
343.111,0.0
343.168,0.0
343.225,0.0
343.282,0.0
343.339,8.840756732559149e-09
343.395,5.29251555157071e-08
343.452,6.593047913761726e-08
343.509,2.2078243827538582e-08
343.566,0.0
343.623,0.0
343.68,0.0
343.737,0.0
343.794,0.0
343.85,0.0
343.907,1.3501290428617426e-06
343.964,2.7363520089327897e-06
344.021,0.0
344.078,0.0
344.134,2.429194276302979e-07
344.191,6.344149055474469e-07
344.248,9.965835648687375e-07
344.305,1.1789953566282127e-06
344.361,1.0441440298561617e-06
344.418,8.042540299347798e-07
344.475,4.591457368008406e-07
344.532,2.6496816556539204e-07
344.588,2.1856446198199976e-07
344.645,2.943969636012659e-07
344.702,4.9249647412287e-07
344.758,6.626645478464952e-07
344.815,8.047912579453769e-07
344.872,9.18886722125293e-07
344.928,1.004989374718526e-06
344.985,1.0631765104338142e-06
345.042,1.0966984150854844e-06
345.098,1.1058160751530506e-06
345.155,1.0907083844178643e-06
345.212,1.0766234293204677e-06
345.268,1.0637149088189682e-06
345.325,1.0520563910954866e-06
345.381,1.0417180752410395e-06
345.438,1.0327401070205715e-06
345.495,1.0253921212331474e-06
345.551,1.0196102604213209e-06
345.608,1.0125584458220162e-06
345.664,1.0013216300520764e-06
345.721,9.861078205524073e-07
345.777,9.67110989009153e-07
345.834,9.444602916751485e-07
345.89,9.182266967596308e-07
345.947,8.881388209723726e-07
346.003,8.542812517438922e-07
346.06,8.405879956642206e-07
346.116,8.470583003956652e-07
346.173,8.735463878146043e-07
346.229,9.199157543031772e-07
346.285,9.861034045097498e-07
346.342,1.071967447334987e-06
346.398,1.1773831352002975e-06
346.455,1.3021940735644852e-06
346.511,1.3027340167099802e-06
346.567,1.1788113860109986e-06
346.624,9.303247369035848e-07
346.68,5.571464968340526e-07
346.737,3.0393616314906595e-07
346.793,1.7061308146068367e-07
346.849,1.5694895977191488e-07
346.906,2.6271583720705233e-07
346.962,3.4434755261426464e-07
347.018,4.017515872300844e-07
347.074,4.349751407112055e-07
347.131,4.4416494868530003e-07
347.187,4.295227116516182e-07
347.243,3.912896892806706e-07
347.3,3.2981386442327226e-07
347.356,2.45484727534707e-07
347.412,1.6258157580054152e-07
347.468,8.145589559289274e-08
347.524,2.347100510294797e-09
347.581,0.0
347.637,0.0
347.693,0.0
347.749,0.0
347.805,0.0
347.862,0.0
347.918,0.0
347.974,0.0
348.03,0.0
348.086,0.0
348.142,0.0
348.198,0.0
348.254,0.0
348.311,0.0
348.367,0.0
348.423,3.0850496082155e-06
348.479,0.0
348.535,0.0
348.591,0.0
348.647,0.0
348.703,0.0
348.759,0.0
348.815,0.0
348.871,0.0
348.927,0.0
348.983,0.0
349.039,0.0
349.095,0.0
349.151,0.0
349.207,0.0
349.263,0.0
349.319,0.0
349.374,0.0
349.43,0.0
349.486,0.0
349.542,0.0
349.598,0.0
349.654,0.0
349.71,0.0
349.766,0.0
349.821,0.0
349.877,0.0
349.933,0.0
349.989,0.0
350.045,8.416060845766628e-08
350.1,1.773585064563787e-07
350.156,2.7167399247788564e-07
350.212,3.6660686820304835e-07
350.268,4.616249371160435e-07
350.323,5.561147205144981e-07
350.379,6.495297869615928e-07
350.435,7.412354849633402e-07
350.491,8.30565351720523e-07
350.546,9.169571176480485e-07
350.602,9.998632499424234e-07
350.658,1.0788240309861436e-06
350.713,1.153458431009235e-06
350.769,1.2234431321889228e-06
350.825,1.2885007734009212e-06
350.88,1.3484500757268211e-06
350.936,1.4031719550276243e-06
350.992,1.4525504505193524e-06
351.047,1.496529166400647e-06
351.103,1.5350091144074317e-06
351.158,1.5678424592507268e-06
351.214,1.5948399955486132e-06
351.27,1.615824555895746e-06
351.325,1.6307217359968873e-06
351.381,1.6395130574340268e-06
351.436,1.6421945890259314e-06
351.492,1.6386740247178315e-06
351.547,1.628806625902495e-06
351.603,1.6124753368420307e-06
351.658,1.5896612452170405e-06
351.714,1.5604613356812404e-06
351.769,1.524955622664469e-06
351.825,1.4832180780617883e-06
351.88,1.4353913668732906e-06
351.936,1.3817358891795014e-06
351.991,1.3226158907341466e-06
352.047,1.2585087327381151e-06
352.102,1.1899657020470014e-06
352.158,1.1174838896612782e-06
352.213,1.041642844624968e-06
352.268,9.63037110723269e-07
352.324,8.821864181396323e-07
352.379,7.996834340853004e-07
352.434,7.161065881597544e-07
352.49,6.319740063220154e-07
352.545,5.477823758852459e-07
352.601,4.640117389932236e-07
352.656,3.8107577603935516e-07
352.711,2.9937119194591546e-07
352.767,2.1933042154255945e-07
352.822,1.413076044585714e-07
352.877,6.565926866093494e-08
352.932,0.0
352.988,0.0
353.043,0.0
353.098,0.0
353.153,0.0
353.209,0.0
353.264,0.0
353.319,0.0
353.374,0.0
353.43,0.0
353.485,0.0
353.54,0.0
353.595,0.0
353.65,0.0
353.705,0.0
353.761,0.0
353.816,0.0
353.871,0.0
353.926,0.0
353.981,0.0
354.036,0.0
354.091,0.0
354.146,0.0
354.201,0.0
354.256,0.0
354.311,0.0
354.367,0.0
354.422,0.0
354.477,0.0
354.532,0.0
354.587,0.0
354.642,0.0
354.697,0.0
354.751,0.0
354.806,0.0
354.861,0.0
354.916,0.0
354.971,0.0
355.026,2.75334604136433e-08
355.081,5.9069318068672706e-08
355.136,8.99446432205883e-08
355.191,1.2023510083446294e-07
355.246,1.500669733689679e-07
355.301,1.7951521724745172e-07
355.355,2.085666330461894e-07
355.41,2.372107968632298e-07
355.465,2.653634349549767e-07
355.52,2.9295379489624015e-07
355.575,3.200144392523054e-07
355.63,3.465773512976556e-07
355.684,3.72660448005294e-07
355.739,3.9834910225062343e-07
355.794,4.2370476951755386e-07
355.849,4.486906428792808e-07
355.904,4.733435337537001e-07
355.958,4.977045056870563e-07
356.013,5.217753341791084e-07
356.068,5.456355104197554e-07
356.123,5.693315068982451e-07
356.177,5.928012948106453e-07
356.232,6.159761605850953e-07
356.287,6.388429912809512e-07
356.341,6.61375071128871e-07
356.396,6.836149111522151e-07
356.451,7.056408474046976e-07
356.505,7.273852706722996e-07
356.56,7.48745659261066e-07
356.615,7.695956742963913e-07
356.669,7.897798319682849e-07
356.724,8.091788048747485e-07
356.778,8.276209186108141e-07
356.833,8.448050707505347e-07
356.888,8.603672666053021e-07
356.942,8.739612336777562e-07
356.997,8.852676212635458e-07
357.051,8.94086608827074e-07
357.106,9.00312554573518e-07
357.16,9.037896905652257e-07
357.215,9.044340477946808e-07
357.269,9.022284396404742e-07
357.324,8.971524853247519e-07
357.378,8.892488534937516e-07
357.433,8.785359520780956e-07
357.487,8.649751847156993e-07
357.542,8.485179166455855e-07
357.596,8.292388633923868e-07
357.651,8.072433489922341e-07
357.705,7.82643702059863e-07
357.76,7.555731767914158e-07
357.814,7.260474035009373e-07
357.868,6.941347410069579e-07
357.923,6.600482099946205e-07
357.977,6.240060615747032e-07
358.032,5.861654184561564e-07
358.086,5.466008579540583e-07
358.14,5.052350112012312e-07
358.195,4.620108729635679e-07
358.249,4.171069791429502e-07
358.303,3.708080327558414e-07
358.358,3.2336630424599235e-07
358.412,2.7500428647715695e-07
358.466,2.2581745822523946e-07
358.521,1.7591488197351245e-07
358.575,1.259127989541579e-07
358.629,7.644793187519433e-08
358.683,2.8085122166696424e-08
358.738,0.0
358.792,0.0
358.846,0.0
358.9,0.0
358.954,0.0
359.009,0.0
359.063,0.0
359.117,0.0
359.171,0.0
359.225,0.0
359.28,0.0
359.334,0.0
359.388,0.0
359.442,0.0
359.496,0.0
359.55,0.0
359.604,0.0
359.658,0.0
359.712,0.0
359.766,0.0
359.82,0.0
359.875,0.0
359.929,0.0
359.983,0.0
360.037,0.0
360.091,0.0
360.145,0.0
360.199,0.0
360.253,0.0
360.306,1.9573803843094875e-07
360.36,6.165451410957361e-07
360.414,1.022795464571217e-06
360.468,5.449422084400144e-08
360.522,0.0
360.576,0.0
360.63,2.7846166116171226e-07
360.684,1.3206797651697167e-06
360.738,9.131259875642783e-07
360.792,5.198137674898914e-07
360.846,1.377159169388823e-07
360.899,0.0
360.953,7.339365512651391e-08
361.007,1.4459036898029964e-07
361.061,2.038684238104797e-07
361.115,2.2627157576040196e-07
361.168,2.145095402857949e-07
361.222,1.976795227357957e-07
361.276,1.7487673235951654e-07
361.33,1.4442920522972138e-07
361.384,1.0333014163587532e-07
361.437,5.404188630790613e-08
361.491,0.0
361.545,0.0
361.599,0.0
361.652,0.0
361.706,0.0
361.76,0.0
361.813,0.0
361.867,0.0
361.921,2.856359995263942e-08
361.974,1.7169891477317735e-07
362.028,3.117242243039011e-07
362.082,4.6318865944238176e-07
362.135,5.975735767399374e-07
362.189,6.724040753660305e-07
362.242,6.6820880936531e-07
362.296,5.598259593722918e-07
362.35,4.406649296345183e-07
362.403,4.866303194530741e-07
362.457,6.705327333624989e-07
362.51,7.782032753860736e-07
362.564,6.063031193158322e-07
362.617,0.0
362.671,0.0
362.724,0.0
362.778,0.0
362.831,7.628727996948065e-07
362.885,1.6597774407522077e-06
362.938,0.0
362.998,4.1950219578113213e-07
363.06,4.5371264008394737e-07
363.122,4.867326444365771e-07
363.184,5.180756234010069e-07
363.246,5.474335591514404e-07
363.308,5.746751658846879e-07
363.37,5.99762039905319e-07
363.432,6.225121185001573e-07
363.494,6.427193463739425e-07
363.556,6.602656905277027e-07
363.618,6.751338188575686e-07
363.68,6.875043803502226e-07
363.742,6.975066336991036e-07
363.804,7.049861127926999e-07
363.866,7.09723861037181e-07
363.928,7.116527234641516e-07
363.99,7.107828534538535e-07
364.052,7.072312301723931e-07
364.114,7.012305414479454e-07
364.176,6.92813925489928e-07
364.238,6.820060335732084e-07
364.3,6.691603482494205e-07
364.362,6.547045357028875e-07
364.424,6.390117569299188e-07
364.486,6.223554088578355e-07
364.548,6.047473634670094e-07
364.609,5.860027072926631e-07
364.671,5.660955142557072e-07
364.733,5.452764264288312e-07
364.795,5.237922126018502e-07
364.857,5.018308288009377e-07
364.919,4.795765529931671e-07
364.981,4.571651441584878e-07
365.042,4.348765418702714e-07
365.104,4.1319732741027646e-07
365.166,3.9252836297951983e-07
365.228,3.729947738763061e-07
365.29,3.544645650762638e-07
365.351,3.367233337266259e-07
365.413,3.196373939758731e-07
365.475,3.0312039418848905e-07
365.537,2.8709113945808036e-07
365.598,2.714055187660078e-07
365.66,2.55797382913762e-07
365.722,2.400845547587331e-07
365.784,2.2431926640258367e-07
365.845,2.0863008667563684e-07
365.907,1.930168831940324e-07
365.969,1.774362080941189e-07
366.03,1.618131236460796e-07
366.092,1.4597650465533267e-07
366.154,1.2991151502314726e-07
366.215,1.1358968892165807e-07
366.277,9.674704807387076e-08
366.339,7.911532926823853e-08
366.4,6.053687246814568e-08
366.462,4.104100809280677e-08
366.524,2.0839391723756614e-08
366.585,2.5754890698808015e-10
366.647,0.0
366.708,0.0
366.77,0.0
366.832,0.0
366.893,0.0
366.955,0.0
367.016,0.0
367.078,0.0
367.139,0.0
367.201,0.0
367.262,0.0
367.324,0.0
367.385,0.0
367.447,0.0
367.508,0.0
367.57,0.0
367.631,0.0
367.693,0.0
367.754,0.0
367.816,0.0
367.877,0.0
367.939,0.0
368.0,0.0
368.062,0.0
368.123,0.0
368.184,0.0
368.246,0.0
368.307,0.0
368.369,0.0
368.43,0.0
368.491,0.0
368.553,0.0
368.614,0.0
368.675,0.0
368.737,0.0
368.798,0.0
368.859,0.0
368.921,0.0
368.982,0.0
369.043,0.0
369.104,0.0
369.166,0.0
369.227,0.0
369.288,0.0
369.349,0.0
369.411,0.0
369.472,4.753574530078855e-09
369.533,3.921320509960018e-08
369.594,7.360563825161569e-08
369.656,1.0772962003610889e-07
369.717,1.4147719653048042e-07
369.778,1.7480083046728703e-07
369.839,2.0760238267866343e-07
369.9,2.3973363347834686e-07
369.961,2.7110545124286347e-07
370.023,3.016729236511007e-07
370.084,3.3152600483612106e-07
370.145,3.6063061317350937e-07
370.206,3.887166655928331e-07
370.267,4.153937787018068e-07
370.328,4.402261492225377e-07
370.389,4.628418681561066e-07
370.451,4.829035626414663e-07
370.512,5.000927383454254e-07
370.573,5.139232041707806e-07
370.634,5.239216450982199e-07
370.695,5.297769511380801e-07
370.756,5.313494771682054e-07
370.817,5.287878742000189e-07
370.878,5.22197359624935e-07
370.939,5.115620881094772e-07
371.0,4.968217472390143e-07
371.061,4.77829281562911e-07
371.122,4.5460285567351045e-07
371.183,4.2737153409562134e-07
371.244,3.9628398021513794e-07
371.305,3.6136683401010835e-07
371.366,3.2258195205644184e-07
371.427,2.7977501886011094e-07
371.488,2.3298620947196203e-07
371.549,1.8261414771118162e-07
371.61,1.2903815057732406e-07
371.671,7.257732153799335e-08
371.732,1.3449402260423922e-08
371.793,0.0
371.853,0.0
371.914,0.0
371.975,0.0
372.036,0.0
372.097,0.0
372.158,0.0
372.219,0.0
372.28,0.0
372.34,0.0
372.401,0.0
372.462,0.0
372.523,0.0
372.584,0.0
372.645,0.0
372.705,0.0
372.766,0.0
372.827,0.0
372.888,0.0
372.948,0.0
373.009,0.0
373.07,0.0
373.131,0.0
373.191,0.0
373.252,0.0
373.313,0.0
373.373,0.0
373.434,0.0
373.495,0.0
373.555,0.0
373.616,0.0
373.677,0.0
373.737,0.0
373.798,0.0
373.859,0.0
373.919,0.0
373.98,0.0
374.041,0.0
374.101,0.0
374.162,0.0
374.222,0.0
374.283,0.0
374.343,0.0
374.404,0.0
374.465,0.0
374.525,0.0
374.586,0.0
374.646,0.0
374.707,0.0
374.767,0.0
374.828,0.0
374.888,6.795399955984368e-09
374.949,1.7533827155425988e-08
375.009,1.9620251018059265e-08
375.07,1.2797512364775617e-08
375.13,0.0
375.19,0.0
375.251,0.0
375.311,0.0
375.372,0.0
375.432,0.0
375.493,0.0
375.553,0.0
375.613,0.0
375.674,0.0
375.734,0.0
375.794,0.0
375.855,0.0
375.915,0.0
375.975,0.0
376.036,0.0
376.096,0.0
376.156,0.0
376.217,0.0
376.277,0.0
376.337,0.0
376.398,0.0
376.458,0.0
376.518,0.0
376.578,0.0
376.639,0.0
376.699,0.0
376.759,0.0
376.819,0.0
376.88,0.0
376.94,0.0
377.0,0.0
377.06,0.0
377.12,0.0
377.18,0.0
377.241,0.0
377.301,0.0
377.361,0.0
377.421,0.0
377.481,0.0
377.541,0.0
377.601,0.0
377.661,0.0
377.722,0.0
377.782,0.0
377.842,0.0
377.902,0.0
377.962,0.0
378.022,0.0
378.082,0.0
378.142,0.0
378.202,0.0
378.262,0.0
378.322,0.0
378.382,0.0
378.442,0.0
378.502,0.0
378.562,0.0
378.622,0.0
378.682,0.0
378.742,0.0
378.802,0.0
378.862,0.0
378.921,0.0
378.981,0.0
379.041,0.0
379.101,0.0
379.161,0.0
379.221,0.0
379.281,0.0
379.341,0.0
379.401,0.0
379.46,0.0
379.52,0.0
379.58,0.0
379.64,0.0
379.7,0.0
379.759,0.0
379.819,0.0
379.879,0.0
379.939,5.0289918454443376e-08
379.999,1.2448861186870454e-07
380.058,1.8847233624455527e-07
380.118,2.395308978694341e-07
380.178,2.7708332994500935e-07
380.237,3.015693602489735e-07
380.297,3.145974285622158e-07
380.357,3.206285157643082e-07
380.417,3.2416580948845856e-07
380.476,3.3064810596937534e-07
380.536,3.457034518523695e-07
380.596,3.7349614080638254e-07
380.655,4.171018699338331e-07
380.715,4.787700291121656e-07
380.775,5.614082660149732e-07
380.834,6.658405698226655e-07
380.894,7.980281766155205e-07
380.954,9.66819913180114e-07
381.013,1.1823122728390231e-06
381.073,1.4532097258856542e-06
381.132,1.7802438628407026e-06
381.192,2.1683820726034572e-06
381.252,2.623855152012911e-06
381.311,3.143968120983498e-06
381.371,3.7253063558452483e-06
381.43,4.351899934613927e-06
381.49,5.014168979185044e-06
381.549,5.711044487537034e-06
381.609,6.459104214241379e-06
381.668,7.2864309332881925e-06
381.728,8.209839425018303e-06
381.787,9.258980257953461e-06
381.847,1.043588307495577e-05
381.906,1.1786277438875466e-05
381.966,1.3317506061153397e-05
382.025,1.5058438546299949e-05
382.085,1.7030364750788165e-05
382.144,1.918639190790421e-05
382.204,2.150827116289807e-05
382.263,2.4007138769747665e-05
382.323,2.6811002962846922e-05
382.382,2.9947336183713053e-05
382.441,3.3611444699107e-05
382.501,3.7725529782836086e-05
382.56,4.247714819225211e-05
382.619,4.83586939086356e-05
382.679,5.589506627561927e-05
382.738,6.660979771532309e-05
382.798,7.997353311718043e-05
382.857,9.716698745695806e-05
382.916,0.00011941554144718779
382.976,0.0001321721452572813
383.035,0.00011479621920625736
383.094,0.00012216018738252308
383.154,0.0001502353078855808
383.213,0.00019908017992667967
383.272,0.00019153808999377013
383.331,0.00013678331441563447
383.391,0.00010467359247414714
383.45,9.63741346645625e-05
383.509,0.00010141751384568013
383.568,0.00010823148977862879
383.628,0.00011879339630005289
383.687,0.0001430399224157995
383.746,0.0001848755645447954
383.805,0.00024150425626963537
383.864,0.00023722534824164465
383.924,0.00015933630793585186
383.983,0.00010574455752343204
384.042,7.489370766950498e-05
384.101,6.09591296433988e-05
384.16,5.2640807196787416e-05
384.219,4.5424255564402734e-05
384.279,3.956761411168142e-05
384.338,3.4116803046673657e-05
384.397,2.9468625178188362e-05
384.456,2.5898789846748215e-05
384.515,2.2804180290935834e-05
384.574,2.003067999198602e-05
384.633,1.737706623022905e-05
384.692,1.4823392671311874e-05
384.751,1.2576160450533373e-05
384.81,1.068051705120833e-05
384.869,9.092497543645117e-06
384.929,7.758931526349849e-06
384.988,6.642852946299294e-06
385.047,5.729401752197114e-06
385.106,4.9685684644640505e-06
385.165,4.318586041789775e-06
385.224,3.7282371164297884e-06
385.283,3.170968685230659e-06
385.342,2.6485274630182797e-06
385.401,2.166920206262806e-06
385.459,1.7325372542272706e-06
385.518,1.3451955216442052e-06
385.577,1.0237962855425922e-06
385.636,7.707666164748714e-07
385.695,5.863041797274452e-07
385.754,4.7042048600068844e-07
385.813,4.182888731942891e-07
385.872,4.1664039554129e-07
385.931,4.4402411507476837e-07
385.99,4.864644615896609e-07
386.049,5.368388811273223e-07
386.107,5.926621188412995e-07
386.166,6.531053698424375e-07
386.225,7.160129729717551e-07
386.284,7.740451179266405e-07
386.343,8.251444294094697e-07
386.402,8.691685439010785e-07
386.46,9.06220331427386e-07
386.519,9.30764952231395e-07
386.578,9.393530240823888e-07
386.637,9.291789242328659e-07
386.696,8.978787596278648e-07
386.754,8.445999482010684e-07
386.813,7.704834580411639e-07
386.872,6.808991172809202e-07
386.931,5.78330608228467e-07
386.989,4.6443079347276265e-07
387.048,3.403468574728141e-07
387.107,2.0663183214043933e-07
387.165,6.413289946898948e-08
387.224,0.0
387.283,0.0
387.342,0.0
387.4,0.0
387.459,0.0
387.517,0.0
387.576,0.0
387.635,0.0
387.693,0.0
387.752,0.0
387.811,0.0
387.869,0.0
387.928,0.0
387.986,0.0
388.045,0.0
388.103,0.0
388.162,0.0
388.221,0.0
388.279,0.0
388.338,0.0
388.396,0.0
388.455,0.0
388.513,0.0
388.572,0.0
388.63,0.0
388.689,0.0
388.747,0.0
388.806,0.0
388.864,0.0
388.922,0.0
388.981,0.0
389.039,0.0
389.098,0.0
389.156,0.0
389.214,0.0
389.273,0.0
389.331,0.0
389.39,0.0
389.448,0.0
389.506,0.0
389.565,0.0
389.623,0.0
389.681,0.0
389.74,0.0
389.798,0.0
389.856,0.0
389.914,0.0
389.973,0.0
390.031,0.0
390.089,0.0
390.147,0.0
390.206,0.0
390.264,0.0
390.322,0.0
390.38,0.0
390.439,0.0
390.497,0.0
390.555,0.0
390.613,0.0
390.671,0.0
390.729,0.0
390.788,0.0
390.846,0.0
390.904,0.0
390.962,0.0
391.02,0.0
391.078,0.0
391.136,0.0
391.194,0.0
391.253,0.0
391.311,0.0
391.369,0.0
391.427,0.0
391.485,0.0
391.543,0.0
391.601,0.0
391.659,0.0
391.717,0.0
391.775,0.0
391.833,0.0
391.891,0.0
391.949,0.0
392.007,0.0
392.065,0.0
392.123,0.0
392.18,0.0
392.238,0.0
392.296,0.0
392.354,0.0
392.412,0.0
392.47,0.0
392.528,0.0
392.586,0.0
392.644,0.0
392.701,0.0
392.759,0.0
392.817,0.0
392.875,0.0
392.933,0.0
392.991,0.0
393.048,2.0496227508022524e-07
393.106,3.2243482053016746e-06
393.164,4.344000349540031e-06
393.222,3.955275865968469e-06
393.279,1.0105365179949945e-05
393.337,2.391046348922238e-05
393.395,3.1101690276228876e-05
393.453,2.3160037176136036e-05
393.51,9.944090416452244e-06
393.568,2.4500413008807996e-06
393.626,1.114034875267469e-07
393.684,0.0
393.741,0.0
393.799,0.0
393.857,0.0
393.914,0.0
393.972,0.0
394.03,0.0
394.087,9.740627900232149e-08
394.145,4.5492992659337454e-07
394.202,6.186707351345446e-07
394.26,6.58500903560743e-07
394.318,6.332917306609599e-07
394.375,5.453480557913063e-07
394.433,3.984838196890412e-07
394.49,2.266201658359335e-07
394.548,6.970907961813777e-08
394.605,0.0
394.663,0.0
394.72,0.0
394.778,0.0
394.836,0.0
394.893,0.0
394.951,0.0
395.008,0.0
395.065,0.0
395.123,0.0
395.18,0.0
395.238,0.0
395.295,0.0
395.353,0.0
395.41,0.0
395.468,0.0
395.525,0.0
395.582,0.0
395.64,0.0
395.697,0.0
395.754,0.0
395.812,0.0
395.869,0.0
395.927,0.0
395.984,0.0
396.041,0.0
396.098,0.0
396.156,0.0
396.213,0.0
396.27,0.0
396.328,0.0
396.385,0.0
396.442,0.0
396.499,0.0
396.557,0.0
396.614,9.267189057006297e-07
396.671,3.1874799573527617e-06
396.728,5.96713445256633e-06
396.785,8.220297525440519e-06
396.843,9.88405630395256e-06
396.9,8.197540136812745e-06
396.957,3.1615619262118286e-06
397.014,5.736648888148347e-07
397.071,5.335032826773398e-07
397.128,4.2975443524116356e-07
397.186,3.999633415660082e-07
397.243,1.0949463182918164e-07
397.3,0.0
397.357,0.0
397.414,0.0
397.471,0.0
397.528,0.0
397.585,0.0
397.642,0.0
397.699,2.4750600509088658e-08
397.756,1.3795107657295132e-07
397.814,2.570461830456343e-07
397.871,3.83091961774927e-07
397.928,5.165047419189172e-07
397.985,6.523073598918159e-07
398.042,8.15968960941419e-07
398.099,9.978665736224445e-07
398.156,1.182334033878974e-06
398.212,1.3625530697005676e-06
398.269,1.5376354395814356e-06
398.326,1.7070651772361764e-06
398.383,1.8812383027137452e-06
398.44,2.065834840844171e-06
398.497,2.2675570992625404e-06
398.554,2.4926804589874557e-06
398.611,2.735534910116369e-06
398.668,2.995157809943455e-06
398.725,3.2705577649749224e-06
398.782,3.560212914285101e-06
398.839,3.5436777170254224e-06
398.895,3.219435212633151e-06
398.952,5.240976191588393e-06
399.009,9.607033346184276e-06
399.066,3.537805463771115e-07
399.123,4.7226913989606294e-06
399.18,6.748951921841546e-06
399.236,6.4303209959067235e-06
399.293,6.418395819877869e-06
399.35,6.710495122386599e-06
399.407,6.98466195798541e-06
399.463,7.2375089290651235e-06
399.52,7.4671176847042565e-06
399.577,7.671630162407231e-06
399.634,7.849462556008162e-06
399.69,7.999445836727512e-06
399.747,8.120694866092165e-06
399.804,8.21250177523349e-06
399.861,8.275093598039676e-06
399.917,8.308326610797136e-06
399.974,8.312140138686875e-06
400.031,8.286760122397281e-06
400.087,8.23266718223498e-06
400.144,8.15025839233789e-06
400.201,8.04331333105719e-06
400.257,7.912102734364577e-06
400.314,7.756792652788468e-06
400.37,7.577777291707386e-06
400.427,7.376596018318028e-06
400.484,7.154256028908403e-06
400.54,6.911734617804947e-06
400.597,6.650207118674576e-06
400.653,6.371140182212457e-06
400.71,6.0763534784523046e-06
400.766,5.7679865509921655e-06
400.823,5.448163910135975e-06
400.879,5.118819204202348e-06
400.936,4.7817402725723485e-06
400.993,4.438872213809112e-06
401.049,4.092322497056042e-06
401.105,3.7441975176895287e-06
401.162,3.396673190074101e-06
401.218,3.0519459979557063e-06
401.275,2.7121946979549655e-06
401.331,2.3794488180358107e-06
401.388,2.055753424072578e-06
401.444,1.7429868723699561e-06
401.501,1.4427031026948457e-06
401.557,1.15622093980456e-06
401.614,8.84502911042688e-07
401.67,6.281008300290525e-07
401.726,3.875818410732113e-07
401.783,1.635608689913328e-07
401.839,0.0
401.895,0.0
401.952,0.0
402.008,0.0
402.064,0.0
402.121,0.0
402.177,0.0
402.233,0.0
402.29,0.0
402.346,0.0
402.402,0.0
402.458,0.0
402.515,0.0
402.571,0.0
402.627,0.0
402.683,0.0
402.74,0.0
402.796,0.0
402.852,0.0
402.908,0.0
402.964,0.0
403.021,0.0
403.077,0.0
403.133,0.0
403.189,0.0
403.245,0.0
403.301,0.0
403.357,0.0
403.414,0.0
403.47,0.0
403.526,0.0
403.582,0.0
403.638,0.0
403.694,0.0
403.75,0.0
403.806,0.0
403.862,0.0
403.918,0.0
403.974,0.0
404.03,0.0
404.086,0.0
404.142,0.0
404.198,0.0
404.254,0.0
404.31,0.0
404.366,0.0
404.422,0.0
404.478,0.0
404.534,0.0
404.59,0.0
404.646,0.0
404.701,0.0
404.757,0.0
404.813,0.0
404.869,0.0
404.925,0.0
404.981,0.0
405.037,0.0
405.092,0.0
405.148,0.0
405.204,0.0
405.26,0.0
405.316,0.0
405.371,0.0
405.427,0.0
405.483,0.0
405.539,0.0
405.594,1.0324205402431063e-07
405.65,2.56108752663624e-07
405.706,4.292974637792529e-07
405.761,6.230399229734814e-07
405.817,8.373154529363236e-07
405.873,1.071777255160921e-06
405.928,1.3257923888061058e-06
405.984,1.5985173819555502e-06
406.04,1.8921909685639951e-06
406.095,2.2055740571562055e-06
406.151,2.5373297039841452e-06
406.207,2.885620485391813e-06
406.262,3.2482920625619925e-06
406.318,3.62303569291261e-06
406.374,4.00743260043161e-06
406.429,4.3991987721858335e-06
406.485,4.796220511359396e-06
406.54,5.196207151089792e-06
406.596,5.596703867918103e-06
406.651,5.995405594017934e-06
406.707,6.390171806950906e-06
406.763,6.779087862498167e-06
406.818,7.160432477602813e-06
406.874,7.53249654240976e-06
406.929,7.887713864366136e-06
406.985,8.224557366390528e-06
407.04,8.54178287312866e-06
407.095,8.838267355793177e-06
407.151,9.112958960969896e-06
407.206,9.364823636496391e-06
407.262,9.592810583377083e-06
407.317,9.796040322172397e-06
407.373,9.973834565906889e-06
407.428,1.0125941592632019e-05
407.484,1.0252404105838467e-05
407.539,1.0353491062252121e-05
407.594,1.0429450571444307e-05
407.65,1.048041707947972e-05
407.705,1.05066440963877e-05
407.76,1.0508373185102534e-05
407.816,1.04894276654952e-05
407.871,1.0449968201868186e-05
407.926,1.0389898881993151e-05
407.982,1.0309302999065536e-05
408.037,1.0208567922640337e-05
408.092,1.00884161204547e-05
408.148,9.9497479653739e-06
408.203,9.79344271520979e-06
408.258,9.620164063127722e-06
408.314,9.430634142444884e-06
408.369,9.225903578856848e-06
408.424,9.007005001130927e-06
408.479,8.775115050173249e-06
408.534,8.531328454832883e-06
408.59,8.276516507206507e-06
408.645,8.011652376210248e-06
408.7,7.737893698973762e-06
408.755,7.456482389981646e-06
408.81,7.168594305419399e-06
408.866,6.875406595063349e-06
408.921,6.5779729543656034e-06
408.976,6.277279341056724e-06
409.031,5.974524385551414e-06
409.086,5.6708457197941666e-06
409.141,5.08033537937065e-06
409.196,4.203767026295429e-06
409.252,5.432857607384903e-06
409.307,8.767195810124352e-06
409.362,0.0
409.417,3.1951163377066974e-06
409.472,4.429401861754189e-06
409.527,3.5627195055136854e-06
409.582,2.9869525156162535e-06
409.637,2.7035795181893126e-06
409.692,2.4275795684521477e-06
409.747,2.1609191379855006e-06
409.802,1.9053638022581428e-06
409.857,1.6622328992266984e-06
409.912,1.4324469579619419e-06
409.967,1.2166748998459458e-06
410.022,1.0156011071965878e-06
410.077,8.29689428445904e-07
410.132,6.588493255015659e-07
410.187,5.03407138027333e-07
410.242,3.6273546503067534e-07
410.297,2.3604414873155663e-07
410.351,1.2269103953605238e-07
410.406,2.1819523009310195e-08
410.461,0.0
410.516,0.0
410.571,0.0
410.626,0.0
410.681,0.0
410.736,0.0
410.79,0.0
410.845,0.0
410.9,0.0
410.955,0.0
411.01,0.0
411.064,0.0
411.119,0.0
411.174,0.0
411.229,0.0
411.283,0.0
411.338,0.0
411.393,0.0
411.447,0.0
411.502,0.0
411.557,0.0
411.612,0.0
411.666,0.0
411.721,0.0
411.776,0.0
411.83,1.5881930960730048e-08
411.885,9.858373105149e-07
411.939,1.6661132120371575e-06
411.994,2.049272782806134e-06
412.049,2.134796407789372e-06
412.103,1.9220265947350367e-06
412.158,1.7486996662062552e-06
412.212,1.6146281736188986e-06
412.267,1.5196610233133774e-06
412.322,1.4636670151241174e-06
412.376,1.4467019963864934e-06
412.431,1.4688579128685353e-06
412.485,1.530213530296226e-06
412.54,1.6311731146478005e-06
412.594,1.7155676921032176e-06
412.649,1.7834821865295567e-06
412.703,1.8349581645046983e-06
412.758,1.8695812782275466e-06
412.812,1.8974072906223609e-06
412.866,1.9219034176409924e-06
412.921,1.942414103685025e-06
412.975,1.958281207865933e-06
413.03,1.975667668463725e-06
413.084,1.993915060399092e-06
413.139,2.012582245975136e-06
413.193,2.031679774571281e-06
413.247,2.0510458248811833e-06
413.302,2.070509398964973e-06
413.356,2.089849852353366e-06
413.41,2.1085422158544086e-06
413.465,2.126200910786276e-06
413.519,2.1426312521032964e-06
413.573,2.1576731233033866e-06
413.628,2.171194034555705e-06
413.682,2.179490774850817e-06
413.736,2.182806740281821e-06
413.791,2.181457728785252e-06
413.845,2.1758889663107868e-06
413.899,2.1663010927128033e-06
413.953,2.1527725566569896e-06
414.008,2.135357004313945e-06
414.062,2.1140235716313276e-06
414.116,2.088673616971689e-06
414.17,2.3997675599014388e-06
414.225,3.0470456558511948e-06
414.279,1.1913943474663089e-06
414.333,0.0
414.387,7.002792800942996e-06
414.441,2.6341495630998468e-06
414.496,7.591463402022159e-07
414.55,1.377551193764773e-06
414.604,1.6504624390851818e-06
414.658,1.8670410882910552e-06
414.712,2.024725578996325e-06
414.766,0.0
414.82,0.0
414.874,1.0748032745142272e-05
414.928,0.0
414.982,0.0
415.037,1.749222788623567e-06
415.091,1.2627446258380125e-06
415.145,8.319243712201447e-07
415.199,7.458873183447651e-07
415.253,6.611977087744597e-07
415.307,5.783195020821553e-07
415.361,4.975733725023782e-07
415.415,4.1972371106075245e-07
415.469,3.447380305388283e-07
415.523,2.723818702918926e-07
415.577,1.961727692447665e-07
415.631,1.160457615847578e-07
415.684,3.2046652832052446e-08
415.738,0.0
415.792,0.0
415.846,0.0
415.9,0.0
415.954,0.0
416.008,0.0
416.062,0.0
416.116,8.401491573052777e-07
416.169,2.2464884892405045e-06
416.223,1.5457405922676204e-06
416.277,0.0
416.331,0.0
416.385,0.0
416.439,2.0486435619950222e-07
416.492,2.8785160500738414e-07
416.546,0.0
416.6,0.0
416.654,0.0
416.707,0.0
416.761,0.0
416.815,0.0
416.869,1.754272694680057e-07
416.922,6.572552458857774e-07
416.976,8.212983556966742e-07
417.03,6.675716281149525e-07
417.083,5.206276890030146e-07
417.137,3.806746850136014e-07
417.191,2.4805010798171306e-07
417.244,1.2325058066732724e-07
417.298,5.770393238832171e-08
417.352,5.154308764673797e-08
417.405,1.047573673097474e-07
417.459,2.171262813750796e-07
417.512,3.3400063429769446e-07
417.566,4.5487364941446397e-07
417.62,5.791593718027399e-07
417.673,7.061023650946975e-07
417.727,8.289092931393618e-07
417.78,9.472352766922908e-07
417.834,1.0607789023310236e-06
417.887,1.1692470043327613e-06
417.941,1.2791092196626358e-06
417.994,1.3901341404019101e-06
418.048,1.5019250018852974e-06
418.101,1.6141544466097492e-06
418.155,1.72634984795002e-06
418.208,1.8378595613965196e-06
418.262,1.948220891027659e-06
418.315,2.057145346514082e-06
418.369,2.1641707598487227e-06
418.422,2.319048823780868e-06
418.476,2.5216128623010283e-06
418.529,2.7716523978940726e-06
418.582,3.0691679758052833e-06
418.636,2.99717719766662e-06
418.689,2.555218645206515e-06
418.743,1.7426608216954705e-06
418.796,1.6311517354296517e-07
418.849,6.489047795991059e-07
418.903,6.4961336440559465e-06
418.956,1.0666341310380333e-05
419.009,0.0
419.063,7.506778653825679e-06
419.116,4.913056977057849e-06
419.169,2.213106491141481e-06
419.222,2.703881439914489e-06
419.276,3.199037127061103e-06
419.329,3.3029600953647914e-06
419.382,3.3481766531053636e-06
419.435,3.3348827239005923e-06
419.489,3.3130535515095478e-06
419.542,3.2827634843216606e-06
419.595,3.2441677253384946e-06
419.648,3.1972592754660685e-06
419.701,3.142240265981929e-06
419.755,3.0794596533095427e-06
419.808,3.00926480915921e-06
419.861,2.9321373597162303e-06
419.914,2.8486631463977183e-06
419.967,2.7592185436093536e-06
420.02,2.6639726970519225e-06
420.073,2.5631711726958082e-06
420.127,2.457001932649469e-06
420.18,2.3456904007458305e-06
420.233,2.229574403609987e-06
420.286,2.1089664110568904e-06
420.339,1.984340568082205e-06
420.392,1.8564289820588409e-06
420.445,1.7261341929716512e-06
420.498,1.5944471066233016e-06
420.551,1.462471029196181e-06
420.604,1.3312102033738815e-06
420.657,1.2017099850857502e-06
420.71,1.0750472449825647e-06
420.763,9.519311785300564e-07
420.816,8.330621427806188e-07
420.869,7.191266119789045e-07
420.922,6.106775793674269e-07
420.975,5.083032840045816e-07
421.028,4.1260491900940353e-07
421.081,3.239404138821731e-07
421.134,2.4242532672634417e-07
421.187,1.6827286372779344e-07
421.239,1.0152443249925485e-07
421.292,4.2149265748566046e-08
421.345,0.0
421.398,0.0
421.451,0.0
421.504,0.0
421.557,0.0
421.609,0.0
421.662,0.0
421.715,0.0
421.768,0.0
421.821,0.0
421.873,0.0
421.926,0.0
421.979,0.0
422.032,0.0
422.084,0.0
422.137,0.0
422.19,0.0
422.243,0.0
422.295,0.0
422.348,0.0
422.401,6.987004442909707e-08
422.453,4.243336490686016e-07
422.506,8.703104320082423e-07
422.559,1.40725688249216e-06
422.611,2.034632477194211e-06
422.664,2.4187206027673795e-06
422.716,2.2498145862506305e-06
422.769,1.5276855244092203e-06
422.822,2.5251817277521263e-07
422.874,0.0
422.927,0.0
422.979,0.0
423.032,0.0
423.084,0.0
423.137,0.0
423.189,0.0
423.242,2.3405370730497054e-07
423.294,4.3115191340729987e-07
423.347,5.32091140679924e-07
423.399,5.371224375945305e-07
423.452,4.465626236606522e-07
423.504,3.1620108364809646e-07
423.557,1.9790853126118766e-07
423.609,9.201373603946734e-08
423.662,0.0
423.714,0.0
423.766,0.0
423.819,0.0
423.871,0.0
423.923,0.0
423.976,0.0
424.028,0.0
424.081,0.0
424.133,0.0
424.185,0.0
424.238,0.0
424.29,0.0
424.342,0.0
424.394,0.0
424.447,0.0
424.499,0.0
424.551,0.0
424.603,0.0
424.656,0.0
424.708,0.0
424.76,0.0
424.812,0.0
424.864,0.0
424.917,0.0
424.969,0.0
425.021,6.534336252792247e-07
425.073,4.44541113724413e-06
425.125,0.0
425.177,0.0
425.229,9.640666931757473e-07
425.282,3.940731290135999e-07
425.334,1.1891451196973151e-07
425.386,1.383520617246401e-07
425.438,1.5523495632204873e-07
425.49,1.6934076404065477e-07
425.542,1.8037927065254635e-07
425.594,1.879608713780254e-07
425.646,1.9174150031330995e-07
425.698,1.914628030645755e-07
425.75,1.8689357269964349e-07
425.802,1.780152558067957e-07
425.854,1.6498378916780402e-07
425.906,1.4806104809147904e-07
425.958,1.2761091158553065e-07
426.01,1.0410616465918243e-07
426.062,7.80251145673205e-08
426.114,4.985314297843867e-08
426.166,2.0223997234575645e-08
426.218,0.0
426.27,0.0
426.321,0.0
426.373,0.0
426.425,0.0
426.477,0.0
426.529,0.0
426.581,0.0
426.633,0.0
426.684,0.0
426.736,0.0
426.788,0.0
426.84,0.0
426.892,0.0
426.943,0.0
426.995,0.0
427.047,0.0
427.099,0.0
427.15,0.0
427.202,0.0
427.254,0.0
427.306,0.0
427.357,0.0
427.409,0.0
427.461,0.0
427.512,0.0
427.564,0.0
427.616,2.5014507094743452e-08
427.667,6.63069531438177e-08
427.719,3.870003491858671e-07
427.77,9.8654798965871e-07
427.822,0.0
427.874,0.0
427.925,4.131944725672467e-06
427.977,0.0
428.028,2.56087885650949e-07
428.08,4.904954181723149e-06
428.131,0.0
428.183,0.0
428.234,1.4068991709334798e-06
428.286,7.801428603678755e-07
428.337,4.6889953179963475e-07
428.389,4.731461228459798e-07
428.44,4.724634235341389e-07
428.492,4.670298653887739e-07
428.543,4.5692020762806535e-07
428.595,4.421942332164443e-07
428.646,4.2309896787437563e-07
428.697,3.999973022988403e-07
428.749,3.7320639193427313e-07
428.8,3.428878498946168e-07
428.852,6.025405499938173e-07
428.903,1.1521516969627297e-06
428.954,0.0
429.006,0.0
429.057,4.542288959794999e-06
429.108,7.746392021403594e-07
429.16,0.0
429.211,0.0
429.262,0.0
429.314,0.0
429.365,0.0
429.416,0.0
429.467,0.0
429.519,0.0
429.57,0.0
429.621,0.0
429.672,0.0
429.724,0.0
429.775,0.0
429.826,0.0
429.877,0.0
429.928,0.0
429.98,0.0
430.031,0.0
430.082,0.0
430.133,0.0
430.184,0.0
430.235,0.0
430.286,0.0
430.337,0.0
430.388,0.0
430.439,0.0
430.49,0.0
430.542,0.0
430.593,0.0
430.644,0.0
430.695,0.0
430.746,0.0
430.797,0.0
430.848,0.0
430.898,0.0
430.949,0.0
431.0,0.0
431.051,1.1522189561164845e-06
431.102,2.0650473699383998e-06
431.153,8.194395021150777e-07
431.204,0.0
431.255,0.0
431.306,0.0
431.357,0.0
431.408,0.0
431.458,0.0
431.509,0.0
431.56,0.0
431.611,0.0
431.662,0.0
431.713,0.0
431.763,0.0
431.814,0.0
431.865,0.0
431.916,0.0
431.966,0.0
432.017,0.0
432.068,0.0
432.118,0.0
432.169,0.0
432.22,0.0
432.271,0.0
432.321,0.0
432.372,0.0
432.423,0.0
432.473,0.0
432.524,0.0
432.574,0.0
432.625,0.0
432.676,0.0
432.726,0.0
432.777,0.0
432.827,0.0
432.878,0.0
432.928,0.0
432.979,0.0
433.029,0.0
433.08,0.0
433.13,0.0
433.181,0.0
433.231,0.0
433.282,0.0
433.332,0.0
433.383,0.0
433.433,0.0
433.484,0.0
433.534,1.119900697469314e-07
433.585,2.7051124240615363e-07
433.635,4.37336706999006e-07
433.685,6.11559372188146e-07
433.736,7.922555093369805e-07
433.786,9.786110071041144e-07
433.836,1.1696313862538127e-06
433.887,1.3643236989799324e-06
433.937,1.5618302543086373e-06
433.987,1.7611857774267442e-06
434.038,1.9614472208663027e-06
434.088,2.1616599457645208e-06
434.138,2.3607574737008703e-06
434.189,2.5576957680206833e-06
434.239,2.75139755437482e-06
434.289,2.940687330471623e-06
434.339,3.1245488095445327e-06
434.389,3.302098117036e-06
434.44,3.4723194289200103e-06
434.49,3.6342759506956583e-06
434.54,3.787017933219652e-06
434.59,3.9295152304448784e-06
434.64,4.060943658995792e-06
434.691,4.180565878569514e-06
434.741,4.287520689983298e-06
434.791,4.380920013605025e-06
434.841,4.4601334643827896e-06
434.891,4.524751469762544e-06
434.941,4.574576902194318e-06
434.991,4.609609819467505e-06
435.042,4.629796830462433e-06
435.092,4.6351127584458915e-06
435.142,4.625765621535742e-06
435.192,4.602178260020893e-06
435.242,4.564775355239125e-06
435.292,4.513989557627446e-06
435.342,4.450322257873599e-06
435.392,4.374224014042628e-06
435.442,4.28626102101013e-06
435.492,4.187080451408723e-06
435.542,4.077280707998538e-06
435.592,3.957514417283777e-06
435.642,3.828315224271513e-06
435.692,3.6902420343241985e-06
435.742,3.5439713796956672e-06
435.792,3.3901477481679196e-06
435.842,3.22956805813416e-06
435.891,3.0631106216550756e-06
435.941,2.8914230334169113e-06
435.991,2.7150854541198882e-06
436.041,2.534888367271957e-06
436.091,2.351596008310062e-06
436.141,2.166028877686888e-06
436.191,1.9791446420283656e-06
436.241,1.7917301172469093e-06
436.29,1.6045515309166224e-06
436.34,1.4186449342081569e-06
436.39,1.2351182858359571e-06
436.44,1.0549275958020941e-06
436.49,8.788889478800256e-07
436.539,7.076160807115098e-07
436.589,5.416086923455748e-07
436.639,3.814056185609334e-07
436.689,2.2756072505955395e-07
436.738,8.048905927153836e-08
436.788,0.0
436.838,0.0
436.887,0.0
436.937,0.0
436.987,0.0
437.036,0.0
437.086,0.0
437.136,0.0
437.185,0.0
437.235,0.0
437.285,0.0
437.334,0.0
437.384,0.0
437.433,0.0
437.483,0.0
437.532,0.0
437.582,0.0
437.631,0.0
437.681,0.0
437.73,0.0
437.78,0.0
437.829,0.0
437.879,0.0
437.928,0.0
437.978,0.0
438.027,0.0
438.077,0.0
438.126,0.0
438.176,0.0
438.225,0.0
438.274,0.0
438.324,0.0
438.373,0.0
438.422,0.0
438.472,0.0
438.521,0.0
438.57,0.0
438.62,0.0
438.669,0.0
438.718,0.0
438.768,0.0
438.817,0.0
438.866,0.0
438.915,0.0
438.965,0.0
439.014,0.0
439.063,0.0
439.112,0.0
439.162,0.0
439.211,0.0
439.26,0.0
439.309,0.0
439.358,0.0
439.407,0.0
439.456,0.0
439.506,0.0
439.555,0.0
439.604,0.0
439.653,0.0
439.702,0.0
439.751,0.0
439.8,0.0
439.849,0.0
439.898,0.0
439.947,0.0
439.996,0.0
440.045,0.0
440.094,0.0
440.143,0.0
440.192,0.0
440.241,0.0
440.29,0.0
440.339,0.0
440.388,0.0
440.437,0.0
440.486,0.0
440.535,0.0
440.583,0.0
440.632,0.0
440.681,0.0
440.73,0.0
440.779,0.0
440.828,1.2087397252505343e-08
440.876,9.881180647360383e-08
440.925,1.83953179305253e-07
440.974,2.671775487904392e-07
441.023,3.4779436737598763e-07
441.072,4.2493053435316124e-07
441.12,4.977941820865303e-07
441.169,5.656691265310404e-07
441.218,6.280421797507687e-07
441.267,6.844758726680985e-07
441.315,7.343375879532086e-07
441.364,7.770968899035868e-07
441.413,8.123644423474552e-07
441.461,8.396834132189547e-07
441.51,8.586816151544716e-07
441.559,8.68962705986417e-07
441.607,8.699699082991215e-07
441.656,8.613808549632856e-07
441.705,8.430492653898202e-07
441.753,8.147270189668454e-07
441.802,7.763478126805202e-07
441.85,7.280789480539095e-07
441.899,6.701455020519477e-07
441.948,6.029172604782039e-07
441.996,5.269182438221077e-07
442.045,4.426615679841387e-07
442.093,3.507476561075734e-07
442.142,2.5193605164521786e-07
442.19,1.4683317585188425e-07
442.239,3.578244080033496e-08
442.287,0.0
442.336,0.0
442.384,0.0
442.433,0.0
442.481,0.0
442.529,0.0
442.578,0.0
442.626,0.0
442.675,0.0
442.723,0.0
442.771,0.0
442.82,0.0
442.868,0.0
442.917,0.0
442.965,0.0
443.013,0.0
443.062,0.0
443.11,0.0
443.158,0.0
443.206,0.0
443.255,0.0
443.303,0.0
443.351,0.0
443.399,0.0
443.448,0.0
443.496,0.0
443.544,0.0
443.592,0.0
443.64,0.0
443.689,0.0
443.737,0.0
443.785,0.0
443.833,0.0
443.881,0.0
443.929,0.0
443.977,0.0
444.025,0.0
444.074,0.0
444.122,0.0
444.17,0.0
444.218,0.0
444.266,0.0
444.314,0.0
444.362,0.0
444.41,0.0
444.458,0.0
444.506,0.0
444.554,1.0504197594128256e-08
444.602,1.071941378660668e-07
444.65,1.9538560433016793e-07
444.698,2.740249993760515e-07
444.746,3.4233091322542665e-07
444.793,3.9971327271688113e-07
444.841,3.8899643654085033e-07
444.889,3.09940901937346e-07
444.937,1.6269506311372223e-07
444.985,0.0
445.033,1.3865288113963906e-07
445.081,7.361105328528185e-07
445.129,1.7410734763328664e-06
445.176,3.153922353511575e-06
445.224,2.140477429237702e-06
445.272,0.0
445.32,0.0
445.368,0.0
445.415,2.4591005084268998e-08
445.463,5.688156331790553e-07
445.511,6.936504383233452e-07
445.559,4.0005026483087483e-07
445.606,1.615011550303142e-07
445.654,0.0
445.702,0.0
445.749,0.0
445.797,0.0
445.845,0.0
445.892,0.0
445.94,0.0
445.988,0.0
446.035,0.0
446.083,0.0
446.13,0.0
446.178,0.0
446.226,0.0
446.273,5.132633587491737e-08
446.321,2.568754168455054e-07
446.368,5.141646458988312e-07
446.416,8.291543206978186e-07
446.463,1.2079430133528707e-06
446.511,1.6563116490320131e-06
446.558,2.179322296463409e-06
446.606,2.7818890407165984e-06
446.653,3.4682309916605074e-06
446.701,4.239439229475771e-06
446.748,5.1026636458121805e-06
446.796,6.063558213981599e-06
446.843,7.1250378754251434e-06
446.891,8.29337075788016e-06
446.938,9.565942962664203e-06
446.985,1.093760916495552e-05
447.033,1.2401626702537237e-05
447.08,1.3951244638128413e-05
447.128,1.557803108294588e-05
447.175,1.7272747278670523e-05
447.222,1.90262468458935e-05
447.27,2.077855829623067e-05
447.317,2.252559184861557e-05
447.364,2.4266405161238524e-05
447.411,2.6001437775471327e-05
447.459,2.7758196563565654e-05
447.506,2.952287178408147e-05
447.553,3.127583479903486e-05
447.601,3.29973482714019e-05
447.648,3.497320455440969e-05
447.695,3.718067245757974e-05
447.742,3.991107846433425e-05
447.789,4.28588627612903e-05
447.837,4.2781307874147396e-05
447.884,4.198367506991064e-05
447.931,5.623265904419364e-05
447.978,4.457737064308087e-05
448.025,4.6972137662165254e-05
448.072,4.9387847298550264e-05
448.12,4.914567420737514e-05
448.167,4.85340063116513e-05
448.214,4.786220440701017e-05
448.261,4.685809562143824e-05
448.308,4.5538773059356326e-05
448.355,4.39227505247242e-05
448.402,4.197880419065468e-05
448.449,3.979242104173776e-05
448.496,3.7463177548449e-05
448.543,3.508808637908791e-05
448.59,3.2812503996741724e-05
448.637,3.0670386363087556e-05
448.684,2.8691194953165594e-05
448.731,2.6902454906288336e-05
448.778,2.5328979829910962e-05
448.825,2.3948408607560983e-05
448.872,2.2731544974936482e-05
448.919,2.164883379695079e-05
448.966,2.0595089107509818e-05
449.013,1.9574841923838774e-05
449.06,1.858825115989521e-05
449.107,1.7634868191059657e-05
449.154,1.6713779926095645e-05
449.2,1.5822034098168206e-05
449.247,1.4955241148771855e-05
449.294,1.4108570577831362e-05
449.341,1.3305155628500987e-05
449.388,1.2532317674520295e-05
449.435,1.177926646171998e-05
449.481,1.1035721812909089e-05
449.528,1.0299620515410617e-05
449.575,9.576150740625809e-06
449.622,8.871821608083578e-06
449.668,8.194105168788435e-06
449.715,7.554519947931798e-06
449.762,6.955714392122352e-06
449.809,6.399211371088212e-06
449.855,5.885551423372911e-06
449.902,5.41404303838397e-06
449.949,4.982636428279373e-06
449.995,4.588185290282407e-06
450.042,4.226495583926028e-06
450.089,3.890194980680758e-06
450.135,3.578378569906431e-06
450.182,3.2901428502552918e-06
450.229,3.024894797851655e-06
450.275,2.7787614896880757e-06
450.322,2.5477155922912103e-06
450.368,2.327889696746059e-06
450.415,2.1160122775997664e-06
450.462,1.909070620137272e-06
450.508,1.7050790390482524e-06
450.555,1.5029280512872613e-06
450.601,1.3017277013556704e-06
450.648,1.1009883965618464e-06
450.694,9.011229735987709e-07
450.741,7.02858014974119e-07
450.787,5.069482620828261e-07
450.834,3.152150354103962e-07
450.88,1.2855612132115574e-07
450.927,0.0
450.973,0.0
451.019,0.0
451.066,0.0
451.112,0.0
451.159,0.0
451.205,0.0
451.251,0.0
451.298,0.0
451.344,0.0
451.39,0.0
451.437,0.0
451.483,0.0
451.529,0.0
451.576,0.0
451.622,0.0
451.668,0.0
451.714,0.0
451.761,0.0
451.807,0.0
451.853,0.0
451.899,0.0
451.945,0.0
451.992,0.0
452.038,0.0
452.084,0.0
452.13,0.0
452.176,0.0
452.222,0.0
452.268,0.0
452.315,0.0
452.361,0.0
452.407,0.0
452.453,0.0
452.499,0.0
452.545,0.0
452.591,0.0
452.637,0.0
452.683,0.0
452.729,0.0
452.775,0.0
452.821,0.0
452.867,0.0
452.913,0.0
452.959,0.0
453.005,0.0
453.051,0.0
453.097,0.0
453.142,0.0
453.188,1.7618161377946752e-07
453.234,7.825480075714186e-07
453.28,0.0
453.18,0.0
453.319,1.2279463202509418e-06
453.458,1.3490152662711414e-06
453.596,7.625989843037764e-07
453.735,2.2409920656548386e-07
453.873,2.0276010208908714e-07
454.012,5.309930748751667e-07
454.15,5.143150060626387e-07
454.289,1.2873563770039234e-08
454.427,0.0
454.566,0.0
454.704,0.0
454.843,0.0
454.981,0.0
455.12,0.0
455.258,0.0
455.397,0.0
455.535,0.0
455.674,0.0
455.812,5.081233208118296e-08
455.951,2.3767615180499876e-07
456.089,4.909898619321086e-07
456.227,8.333698243787955e-07
456.366,1.2724871683953426e-06
456.504,1.8022100823858115e-06
456.642,2.4147045875129006e-06
456.781,3.081747288920665e-06
456.919,3.784682775008053e-06
457.057,4.511391667810684e-06
457.196,5.25298610452526e-06
457.334,6.002698737207975e-06
457.472,6.753382350347218e-06
457.61,7.504754079412573e-06
457.749,8.260823174372683e-06
457.887,9.01914751585494e-06
458.025,9.776062650831437e-06
458.163,1.0532130618760184e-05
458.301,1.128436696779899e-05
458.44,1.2031441296889068e-05
458.578,1.2773104904590902e-05
458.716,1.3510078244723625e-05
458.854,1.423913778759827e-05
458.992,1.496404134534964e-05
459.13,1.5686786805699612e-05
459.269,1.6408975349174848e-05
459.407,1.713949028775219e-05
459.545,1.788728870368531e-05
459.683,1.8657202744039847e-05
459.821,1.945142507159502e-05
459.959,2.0270246743474943e-05
460.097,2.111618319357691e-05
460.235,2.1988194404000456e-05
460.373,2.288285558173199e-05
460.511,2.376108528786692e-05
460.649,2.4583174632530918e-05
460.787,2.533667959321381e-05
460.925,2.6010392727812083e-05
461.063,2.6619129592508132e-05
461.201,2.7161057574794023e-05
461.339,2.7640949133153338e-05
461.477,2.8062506034376677e-05
461.615,2.857670237764122e-05
461.753,2.9316980751583904e-05
461.891,3.0254039209420404e-05
462.029,3.136057777381368e-05
462.166,3.227824589254155e-05
462.304,3.2679369013886644e-05
462.442,3.2529273048981164e-05
462.58,3.1798332584938284e-05
462.718,3.0747607021618974e-05
462.856,2.965864273433938e-05
462.993,2.8646735861815285e-05
463.131,2.780997407727165e-05
463.269,2.72521634186934e-05
463.407,2.721584068284852e-05
463.545,2.7911181469083298e-05
463.682,2.9493908978788137e-05
463.82,3.1800193678979186e-05
463.958,3.430489333401144e-05
464.095,3.643164433493303e-05
464.233,3.773215650306945e-05
464.371,3.805691722121265e-05
464.509,3.745616086046963e-05
464.646,3.6122534998830906e-05
464.784,3.422157964052336e-05
464.921,3.184236923828279e-05
465.059,2.9145934385631263e-05
465.197,2.6301479379434936e-05
465.334,2.3439643901148818e-05
465.472,2.0687184165486403e-05
465.609,1.8133660953471476e-05
465.747,1.5807682576192992e-05
465.885,1.3706235176911025e-05
466.022,1.1834844279259339e-05
466.16,1.014832866478674e-05
466.297,8.597862302024887e-06
466.435,7.171144207313159e-06
466.572,5.854370189812613e-06
466.71,4.636813867905108e-06
466.847,3.5168915041271158e-06
466.985,2.5130234784456483e-06
467.122,1.6255572725807467e-06
467.26,8.691458299009031e-07
467.397,2.5293466407467665e-07
467.534,0.0
467.672,0.0
467.809,0.0
467.947,0.0
468.084,0.0
468.221,0.0
468.359,0.0
468.496,0.0
468.633,0.0
468.771,0.0
468.908,0.0
469.045,0.0
469.183,3.6257792738133704e-07
469.32,7.68939234102828e-07
469.457,1.1926369558567625e-06
469.594,1.621791927273659e-06
469.732,2.2052048936679705e-06
469.869,2.7775207369892662e-06
470.006,1.9888633177077845e-06
470.143,1.1044216668710948e-06
470.28,8.144454193756034e-06
470.417,1.7449302169950186e-06
470.555,3.001313713393641e-06
470.692,4.250984876751103e-06
470.829,4.1539246815366185e-06
470.966,3.984619413970096e-06
471.103,3.901814734001003e-06
471.24,3.7542327479549423e-06
471.377,3.544719336916437e-06
471.514,3.276703978291308e-06
471.651,2.9544454552464416e-06
471.789,2.582998420087897e-06
471.926,2.1729597883136966e-06
472.063,1.7356102064637227e-06
472.2,1.282604023041171e-06
472.337,8.247374294407376e-07
472.474,3.698926321844403e-07
472.611,0.0
472.748,0.0
472.884,0.0
473.021,0.0
473.158,0.0
473.295,0.0
473.432,0.0
473.569,0.0
473.706,0.0
473.843,0.0
473.98,0.0
474.117,0.0
474.253,0.0
474.39,0.0
474.527,0.0
474.664,0.0
474.801,0.0
474.937,0.0
475.074,0.0
475.211,0.0
475.348,0.0
475.484,0.0
475.621,0.0
475.758,0.0
475.894,0.0
476.031,0.0
476.168,0.0
476.304,0.0
476.441,0.0
476.578,0.0
476.714,0.0
476.851,0.0
476.987,0.0
477.124,0.0
477.261,2.1371131789491838e-07
477.397,5.051813168968905e-07
477.534,8.035360782716469e-07
477.67,1.1064545028656124e-06
477.807,1.436787189799124e-06
477.943,1.7919217267555201e-06
478.08,2.1693225422975114e-06
478.216,2.566424777849155e-06
478.353,2.953156471827017e-06
478.489,3.3276889516696606e-06
478.626,3.688424087438e-06
478.762,4.033976491905685e-06
478.898,4.360136397612191e-06
479.035,4.665916129876112e-06
479.171,4.950395943322434e-06
479.308,5.212340761973715e-06
479.444,5.453901165596448e-06
479.58,5.673960783990667e-06
479.717,5.87158081485508e-06
479.853,6.04594961512037e-06
479.989,6.1964413109717075e-06
480.126,6.322665415363975e-06
480.262,6.424516056014196e-06
480.398,6.502110705586608e-06
480.535,6.555883732955261e-06
480.671,6.586521407064011e-06
480.807,6.594847065045828e-06
480.943,6.581860817350517e-06
481.08,6.548660912752073e-06
481.216,6.49628352569588e-06
481.352,6.4257034590683345e-06
481.488,6.3378711733345825e-06
481.624,6.233665094790546e-06
481.76,6.114027641535765e-06
481.897,5.980073285097918e-06
482.033,5.833017022853833e-06
482.169,5.674205627047166e-06
482.305,5.505074436488088e-06
482.441,5.32701717687215e-06
482.577,5.141416032877302e-06
482.713,4.949601197479377e-06
482.849,4.752694235993335e-06
482.985,4.551690630852826e-06
483.121,4.347405766414218e-06
483.258,4.1405411728038295e-06
483.394,3.9318230710355836e-06
483.53,3.5729153029891646e-06
483.665,3.064719360765498e-06
483.801,3.6511836336335045e-06
483.937,5.3332830586575555e-06
484.073,6.540214903299782e-07
484.209,2.3425555677129236e-06
484.345,2.941927266575711e-06
484.481,2.452891819282274e-06
484.617,2.119058597705454e-06
484.753,1.9408964855102444e-06
484.889,1.7695821889982073e-06
485.025,1.6054140593139405e-06
485.161,1.4486638661043964e-06
485.296,1.29955798018094e-06
485.432,1.158360391499787e-06
485.568,1.025425893896068e-06
485.704,9.011696484510534e-07
485.84,7.860553181190925e-07
485.975,6.805721156315817e-07
486.111,5.85077593570957e-07
486.247,4.998146957562637e-07
486.383,4.248618261127589e-07
486.518,3.601299524863208e-07
486.654,3.054825043116598e-07
486.79,2.6081120215000735e-07
486.926,2.2598618288499188e-07
487.061,2.0085978895625608e-07
487.197,1.8523805637866422e-07
487.333,1.7896825009896156e-07
487.468,1.8196906081022263e-07
487.604,1.9408232830305794e-07
487.74,2.1488764057829798e-07
487.875,2.437176190899195e-07
488.011,2.7969396899571294e-07
488.146,3.2178374802468816e-07
488.282,3.689368086169116e-07
488.417,4.200747652794763e-07
488.553,4.7397356681823866e-07
488.688,5.294634108424215e-07
488.824,5.855444032357674e-07
488.96,6.41255522498629e-07
489.095,6.957666510379169e-07
489.23,7.482694386718068e-07
489.366,7.982465840441307e-07
489.501,8.4522380871598e-07
489.637,8.8868278839976e-07
489.772,9.279156429864153e-07
489.908,9.6214829189647e-07
490.043,9.906455937401336e-07
490.178,1.0126459836807291e-06
490.314,1.0273684722753925e-06
490.449,1.0342699274155601e-06
490.585,1.0328225791437308e-06
490.72,1.0226826355188843e-06
490.855,1.003707257504599e-06
490.991,9.756576707800938e-07
491.126,9.37984670131059e-07
491.261,8.902876140367156e-07
491.396,8.324240479992842e-07
491.532,7.646973468706595e-07
491.667,6.870142765249379e-07
491.802,5.993080197324795e-07
491.937,5.017186570948893e-07
492.073,3.949045144975729e-07
492.208,2.7985335191922804e-07
492.343,1.579257390185063e-07
492.478,3.07903874220715e-08
492.613,0.0
492.749,0.0
492.884,0.0
493.019,0.0
493.154,0.0
493.289,0.0
493.424,0.0
493.559,0.0
493.694,0.0
493.829,0.0
493.964,0.0
494.099,0.0
494.234,0.0
494.369,0.0
494.504,0.0
494.639,0.0
494.774,0.0
494.909,0.0
495.044,1.775172552264305e-06
495.179,0.0
495.314,0.0
495.449,1.1566110923817062e-06
495.584,1.417336597116868e-06
495.719,1.9346730994835557e-06
495.854,2.72033755253756e-06
495.988,3.6428073664687175e-06
496.123,4.718201884189865e-06
496.258,5.961629381169282e-06
496.393,7.388996565374483e-06
496.528,8.987307331936981e-06
496.663,1.073816666674886e-05
496.797,1.2653157155050946e-05
496.932,1.47453977670927e-05
497.067,1.705372984554698e-05
497.202,1.961880995542641e-05
497.336,2.2471038774410175e-05
497.471,2.5608980748761523e-05
497.606,2.916751318602087e-05
497.74,3.329784111020936e-05
497.875,3.796264807682852e-05
498.01,4.3147510443717085e-05
498.144,4.837826703279264e-05
498.279,5.310636501505308e-05
498.414,5.716221120260385e-05
498.548,6.055327666702095e-05
498.683,6.376877203027725e-05
498.817,6.738298685338875e-05
498.952,7.174052404084243e-05
499.087,7.686395702097211e-05
499.221,8.258941974152251e-05
499.356,8.88908915062148e-05
499.49,9.556866283443422e-05
499.625,0.00010131521643991195
499.759,0.00010606891662353017
499.894,0.00011688061754287814
500.028,0.00012124364385847895
500.162,0.00012603791580086747
500.297,0.00013082544663542599
500.431,0.0001336780712943247
500.566,0.00013429673335680592
500.7,0.0001327488828446031
500.835,0.00012897688213308464
500.969,0.00012380522578260921
501.103,0.00011806461463273911
501.238,0.00011202693066911415
501.372,0.00010724804352802721
501.506,0.00010326740563945245
501.641,9.604558876616552e-05
501.775,8.584287589335228e-05
501.909,7.738568073146365e-05
502.043,7.272413270278751e-05
502.178,7.022308783203003e-05
502.312,6.70457487185208e-05
502.446,6.271146918065038e-05
502.58,5.870649935516107e-05
502.715,5.529564781838685e-05
502.849,5.2377560267544046e-05
502.983,4.9890901068333424e-05
503.117,4.7489230752077045e-05
503.251,4.51267843907819e-05
503.385,4.2815753636114814e-05
503.52,4.058591055366543e-05
503.654,3.847448210760885e-05
503.788,3.645555766783656e-05
503.922,3.453139783983612e-05
504.056,3.2702871169482276e-05
504.19,3.0973201921211424e-05
504.324,2.9330543158730594e-05
504.458,2.7703415797916733e-05
504.592,2.6085509349448854e-05
504.726,2.4471151620118634e-05
504.86,2.2861893781791572e-05
504.994,2.1267704985017512e-05
505.128,1.969707616967804e-05
505.262,1.8155771590761232e-05
505.396,1.6644300493062245e-05
505.53,1.5339747268073155e-05
505.664,1.4237751252838676e-05
505.798,1.3336444518416544e-05
505.932,1.2633763287262884e-05
506.066,1.1857945822913113e-05
506.199,1.1003220283861936e-05
506.333,1.0064350226704865e-05
506.467,9.04001400047506e-06
506.601,8.084269416562216e-06
506.735,7.195358489161388e-06
506.869,6.371926245625082e-06
507.002,5.6127786394091415e-06
507.136,4.9132802113389414e-06
507.27,4.269971073688248e-06
507.404,3.6808160874445674e-06
507.537,3.1450305572387173e-06
507.671,2.6322190716740474e-06
507.805,2.142694810873557e-06
507.939,1.6768296144585104e-06
508.072,1.2355072750984344e-06
508.206,8.206402164833941e-07
508.34,4.3409617307261724e-07
508.473,7.70804239396388e-08
508.607,0.0
508.74,0.0
508.874,0.0
509.008,0.0
509.141,0.0
509.275,0.0
509.408,0.0
509.542,0.0
509.675,0.0
509.809,0.0
509.942,0.0
510.076,0.0
510.209,0.0
510.343,0.0
510.476,0.0
510.61,0.0
510.743,0.0
510.877,0.0
511.01,0.0
511.143,0.0
511.277,0.0
511.41,0.0
511.543,0.0
511.677,0.0
511.81,0.0
511.943,0.0
512.077,0.0
512.21,0.0
512.343,0.0
512.476,0.0
512.61,0.0
512.743,0.0
512.876,0.0
513.009,0.0
513.142,0.0
513.276,0.0
513.409,0.0
513.542,5.734756152545315e-08
513.675,2.575218109417521e-07
513.808,4.859415504199783e-07
513.941,7.535356861983613e-07
514.074,1.1059030211630283e-06
514.207,1.5749320322225332e-06
514.34,2.2045119643671918e-06
514.474,2.996219643745581e-06
514.607,3.965234462587555e-06
514.74,5.124554798773777e-06
514.873,6.4346492158866306e-06
515.006,7.76921446275465e-06
515.139,8.961598825003696e-06
515.272,9.932008169625914e-06
515.404,1.0722221891545707e-05
515.537,1.1619499329743552e-05
515.67,1.2829846116952044e-05
515.803,1.4296487980878838e-05
515.936,1.5860727647641052e-05
516.069,1.686741323156024e-05
516.202,1.7490051927544262e-05
516.335,2.2013704649307824e-05
516.468,3.8593690684062225e-05
516.6,7.317808928175729e-05
516.733,0.00012598269171724082
516.866,0.00013557192314417785
516.999,0.00010711676279933846
517.132,0.00016325785765312643
517.264,0.0002966405748324915
517.397,0.000301712925875616
517.53,0.00019027947527687684
517.663,0.00012669138319105689
517.795,9.857601542320466e-05
517.928,9.158831613641794e-05
518.061,9.839100361892832e-05
518.193,0.00017741297631343093
518.326,0.0003762530863955107
518.459,0.00042853533627624835
518.591,0.0002859851244734615
518.724,0.00017678556398811066
518.857,0.00012808655990001296
518.989,9.871155817640013e-05
519.122,8.040024155283553e-05
519.254,6.771854128730597e-05
519.387,5.790788964294219e-05
519.519,4.993116247418685e-05
519.652,4.393670514083835e-05
519.784,3.938005723891927e-05
519.917,3.569956840200937e-05
520.049,3.275028862214419e-05
520.182,3.0077674026222643e-05
520.314,2.7594103325679366e-05
520.447,2.5347082584825798e-05
520.579,2.3261041508665814e-05
520.712,2.14015743514922e-05
520.844,1.97230972334018e-05
520.976,1.81405556938778e-05
521.109,1.6611903917557596e-05
521.241,1.5151975728586663e-05
521.373,1.3776888768754976e-05
521.506,1.2488642807611898e-05
521.638,1.1298848473589513e-05
521.77,1.0162780849297863e-05
521.903,9.081724008420902e-06
522.035,8.078367344170883e-06
522.167,7.171075149079845e-06
522.3,6.360451574862314e-06
522.432,5.638250871580974e-06
522.564,4.995693930350938e-06
522.696,4.424454168487383e-06
522.828,3.937070353424659e-06
522.961,3.5287994313315225e-06
523.093,3.1802407705237805e-06
523.225,2.8719017509262925e-06
523.357,2.5885523249741158e-06
523.489,2.3237129766386183e-06
523.621,2.0750636191339397e-06
523.753,1.8402659422146874e-06
523.885,1.6179144512285723e-06
524.018,1.4025375857727524e-06
524.15,1.1920783304315863e-06
524.282,9.86802609346076e-07
524.414,7.868801498009761e-07
524.546,5.902142519264018e-07
524.678,3.9389762703322844e-07
524.81,1.9534181256226228e-07
524.942,0.0
525.074,0.0
525.206,0.0
525.338,0.0
525.469,0.0
525.601,0.0
525.733,0.0
525.865,0.0
525.997,0.0
526.129,0.0
526.261,0.0
526.393,0.0
526.524,0.0
526.656,0.0
526.788,0.0
526.92,0.0
527.052,0.0
527.183,0.0
527.315,0.0
527.447,0.0
527.578,0.0
527.71,0.0
527.842,0.0
527.973,0.0
528.105,0.0
528.237,0.0
528.368,0.0
528.5,0.0
528.632,0.0
528.763,0.0
528.895,0.0
529.026,0.0
529.158,0.0
529.289,0.0
529.421,0.0
529.552,0.0
529.684,0.0
529.815,0.0
529.947,0.0
530.078,0.0
530.21,0.0
530.341,0.0
530.472,0.0
530.604,0.0
530.735,0.0
530.867,0.0
530.998,0.0
531.129,0.0
531.26,0.0
531.392,0.0
531.523,0.0
531.654,0.0
531.786,1.9723295408062862e-08
531.917,1.2517642677653296e-07
532.048,2.239157276903353e-07
532.179,3.156458733862759e-07
532.311,3.999199102420927e-07
532.442,4.76111634485831e-07
532.573,5.434725134329936e-07
532.704,6.013165812755866e-07
532.835,6.491774943459818e-07
532.966,6.867173268580144e-07
533.097,7.136648379909748e-07
533.229,7.298693315582759e-07
533.36,7.35268490323941e-07
533.491,7.298014653610254e-07
533.622,7.136118097709862e-07
533.753,6.867884722556035e-07
533.884,6.492316329875229e-07
534.015,6.007948796800517e-07
534.146,5.413248584870525e-07
534.277,4.7068417760387635e-07
534.408,3.889457659062099e-07
534.539,2.963974383229836e-07
534.67,1.9338473957022341e-07
534.801,8.041652965362328e-08
534.932,0.0
535.063,0.0
535.194,0.0
535.324,0.0
535.455,0.0
535.586,0.0
535.717,0.0
535.848,0.0
535.979,0.0
536.109,0.0
536.24,0.0
536.371,0.0
536.502,0.0
536.632,0.0
536.763,0.0
536.894,0.0
537.025,0.0
537.155,0.0
537.286,0.0
537.417,0.0
537.547,0.0
537.678,0.0
537.808,0.0
537.939,0.0
538.07,0.0
538.2,0.0
538.331,0.0
538.461,0.0
538.592,0.0
538.722,0.0
538.853,0.0
538.983,0.0
539.114,0.0
539.244,0.0
539.375,0.0
539.505,0.0
539.636,0.0
539.766,0.0
539.896,0.0
540.027,0.0
540.157,0.0
540.287,0.0
540.418,0.0
540.548,0.0
540.678,0.0
540.809,0.0
540.939,0.0
541.069,0.0
541.2,0.0
541.33,0.0
541.46,0.0
541.59,0.0
541.72,0.0
541.851,0.0
541.981,0.0
542.111,0.0
542.241,0.0
542.371,1.75529971484829e-07
542.501,3.5726323035592004e-07
542.631,5.319599373833018e-07
542.761,6.987992667126427e-07
542.891,8.569351671747772e-07
543.021,1.0055572213552946e-06
543.151,1.3091603743923962e-06
543.281,1.7671021903042097e-06
543.411,1.0022211836368961e-06
543.542,0.0
543.671,4.062820669801608e-06
543.801,2.0503638993162176e-06
543.931,1.2365428863398708e-06
544.061,1.6210493065866816e-06
544.191,1.8270617328444564e-06
544.321,1.8546520363687112e-06
544.451,1.8690423109873041e-06
544.581,1.870215530366952e-06
544.711,1.858325556768805e-06
544.841,1.833686818500675e-06
544.97,1.7968410370174042e-06
545.1,1.748502161780695e-06
545.23,1.6894179248049133e-06
545.36,1.6204045753823347e-06
545.49,1.5424257657357299e-06
545.619,1.4565757417508595e-06
545.749,1.3641262863608244e-06
545.879,1.2664623635681745e-06
546.009,1.1648641483470074e-06
546.138,1.0600444649629494e-06
546.268,9.527052054668997e-07
546.398,8.435184622749533e-07
546.527,7.331727956846141e-07
546.657,6.223440923492137e-07
546.786,5.115838987475693e-07
546.916,4.01854335754274e-07
547.046,2.9419236797663145e-07
547.175,1.8964435127976397e-07
547.305,8.974379106522016e-08
547.434,0.0
547.564,0.0
547.693,0.0
547.823,0.0
547.953,0.0
548.082,0.0
548.211,0.0
548.341,0.0
548.47,0.0
548.6,0.0
548.729,0.0
548.859,0.0
548.988,0.0
549.117,0.0
549.247,0.0
549.376,2.5846850806620825e-08
549.505,1.2774413928637407e-07
549.635,2.2979358551434805e-07
549.764,3.2666234096963695e-07
549.893,4.1265206473595204e-07
550.023,4.828974230913444e-07
550.152,5.36009416021428e-07
550.281,5.778413535312819e-07
550.41,6.147505613966091e-07
550.539,6.556332008342799e-07
550.669,7.059599503835613e-07
550.798,7.681433118621333e-07
550.927,8.436117073900723e-07
551.056,9.303273117781248e-07
551.185,1.0270348294362742e-06
551.314,1.098093113466682e-06
551.443,1.1265925607258406e-06
551.573,1.102885749969624e-06
551.702,1.0491490080902803e-06
551.831,1.0173640174061078e-06
551.96,1.0696203960842706e-06
552.089,1.261079179444696e-06
552.218,1.5877339815238702e-06
552.347,2.246397684702787e-06
552.476,3.419572995106718e-06
552.605,5.226962534857945e-06
552.734,7.599310965869214e-06
552.863,9.94316451208359e-06
552.992,1.1571586446273987e-05
553.121,1.1895670906330383e-05
553.249,1.0914977601590394e-05
553.378,9.121906483714608e-06
553.507,7.147884607525037e-06
553.636,5.605674730845124e-06
553.765,4.5587040484712344e-06
553.894,3.906229211948363e-06
554.023,3.4946792618876814e-06
554.151,3.1655640231865423e-06
554.28,2.924777467763887e-06
554.409,2.747503756964627e-06
554.538,2.6000922890390903e-06
554.666,2.4344423093547903e-06
554.795,2.2315306660790568e-06
554.924,1.999667611329172e-06
555.052,1.7549644937866895e-06
555.181,1.5137189190328165e-06
555.31,1.2772600057950968e-06
555.439,1.0509549672868557e-06
555.567,8.369466133566319e-07
555.696,6.365726229562928e-07
555.824,4.4732625958668435e-07
555.953,2.6304399064690127e-07
556.082,7.617467866656174e-08
556.21,0.0
556.339,0.0
556.467,0.0
556.596,0.0
556.724,0.0
556.853,0.0
556.981,0.0
557.11,0.0
557.238,3.0907074687890056e-07
557.367,0.0
557.495,0.0
557.623,0.0
557.752,0.0
557.88,0.0
558.008,0.0
558.137,0.0
558.265,0.0
558.393,0.0
558.522,0.0
558.65,0.0
558.778,0.0
558.906,0.0
559.035,0.0
559.163,0.0
559.291,0.0
559.419,0.0
559.548,0.0
559.676,0.0
559.804,0.0
559.932,0.0
560.06,0.0
560.188,0.0
560.316,0.0
560.444,0.0
560.572,0.0
560.7,0.0
560.828,2.64548752793921e-07
560.956,5.683700371560932e-07
561.085,8.856734282233987e-07
561.212,1.2166207209355832e-06
561.34,1.560882913386801e-06
561.468,1.9182937719786567e-06
561.596,2.2887660618735248e-06
561.724,2.6725301556907076e-06
561.852,3.069925086687021e-06
561.98,3.483637408329887e-06
562.108,3.915648757773206e-06
562.236,4.364584479000126e-06
562.364,4.829743474570167e-06
562.492,5.311221440738558e-06
562.619,5.8099143487403864e-06
562.747,6.32810568480108e-06
562.875,6.868342940804147e-06
563.003,7.431169018950877e-06
563.13,8.018074565603031e-06
563.258,8.632554496503256e-06
563.386,9.282877062128683e-06
563.514,9.976609746483716e-06
563.641,1.0720397884700082e-05
563.769,1.1519532844031968e-05
563.897,1.2377371857157099e-05
564.024,1.3281131353205614e-05
564.152,1.4219698393340452e-05
564.28,1.5200418126665224e-05
564.407,1.6226599110958764e-05
564.535,1.7298222345640264e-05
564.662,1.8413389985860155e-05
564.79,1.956811695841613e-05
564.917,2.0759910076697453e-05
565.045,2.20420550789433e-05
565.173,2.3464575547931455e-05
565.3,2.50384489618077e-05
565.428,2.674860118657355e-05
565.555,2.8582932376200882e-05
565.682,3.0530618321896e-05
565.81,3.25823844174786e-05
565.937,3.473557083315259e-05
566.065,3.688995942647986e-05
566.192,3.895713626229014e-05
566.32,4.0857591819745566e-05
566.447,4.257259612203784e-05
566.574,4.4083877860822986e-05
566.702,4.536714637301261e-05
566.829,4.6412518229482976e-05
566.956,4.720389369109561e-05
567.083,4.79146559070438e-05
567.211,4.853585034212505e-05
567.338,4.912400550950283e-05
567.465,4.971702275138158e-05
567.593,4.9999116942541446e-05
567.72,5.051127766028766e-05
567.847,5.205871633832578e-05
567.974,5.501892850156405e-05
568.101,6.170019714583803e-05
568.228,7.116254230869541e-05
568.356,7.458519771656668e-05
568.483,7.050947957674163e-05
568.61,7.085435495604353e-05
568.737,8.262650661545711e-05
568.864,0.0001026318760467951
568.991,9.392758973517465e-05
569.118,7.501699824978226e-05
569.245,6.184378181994479e-05
569.372,5.3931957098438565e-05
569.499,4.672151983299834e-05
569.626,4.062253220110966e-05
569.753,3.61795140259996e-05
569.88,3.271169271167261e-05
570.007,2.997497112711234e-05
570.134,2.7771697380410932e-05
570.261,2.5795500531674677e-05
570.388,2.4051363035401644e-05
570.515,2.2533750214008638e-05
570.642,2.1096498927962698e-05
570.768,1.970272187314796e-05
570.895,1.833404759935018e-05
571.022,1.7002094122675468e-05
571.149,1.5750235180986468e-05
571.276,1.4594738644762132e-05
571.402,1.3514928467463597e-05
571.529,1.2478949624572946e-05
571.656,1.1500752083409495e-05
571.783,1.0586469264016354e-05
571.909,9.730993505342495e-06
572.036,8.927702867443443e-06
572.163,8.155405796732031e-06
572.289,7.40800658690175e-06
572.416,6.690924576999372e-06
572.543,6.011050890834996e-06
572.669,5.369433048348495e-06
572.796,4.76859789133092e-06
572.922,4.2157232823329e-06
573.049,3.715339787375749e-06
573.176,3.2662050296235184e-06
573.302,2.862579468474336e-06
573.429,2.4997103908320694e-06
573.555,2.173667926004171e-06
573.682,1.8797571190937555e-06
573.808,1.6127329420011552e-06
573.935,1.3685293957805922e-06
574.061,1.1430745910257212e-06
574.188,9.358920641584047e-07
574.314,7.451528992804802e-07
574.44,5.680538171669068e-07
574.567,4.0208928714442624e-07
574.693,2.451845509752771e-07
574.82,9.506968909896384e-08
574.946,0.0
575.072,0.0
575.198,0.0
575.325,0.0
575.451,0.0
575.577,0.0
575.704,0.0
575.83,0.0
575.956,0.0
576.082,0.0
576.208,0.0
576.335,0.0
576.461,0.0
576.587,0.0
576.713,0.0
576.839,0.0
576.965,0.0
577.091,0.0
577.217,0.0
577.343,0.0
577.469,0.0
577.596,0.0
577.722,0.0
577.848,0.0
577.974,0.0
578.099,0.0
578.225,0.0
578.351,0.0
578.477,0.0
578.603,0.0
578.729,0.0
578.855,0.0
578.981,0.0
579.107,0.0
579.232,0.0
579.358,0.0
579.484,0.0
579.61,0.0
579.735,0.0
579.861,0.0
579.987,0.0
580.113,0.0
580.238,0.0
580.364,0.0
580.49,0.0
580.615,0.0
580.741,0.0
580.867,0.0
580.992,0.0
581.118,0.0
581.243,0.0
581.369,0.0
581.494,0.0
581.62,0.0
581.745,1.0158938810069198e-07
581.871,3.697431380783784e-07
581.996,6.533811391616721e-07
582.122,9.530208757259775e-07
582.247,1.2730306845392583e-06
582.373,1.6178961541165198e-06
582.498,1.990230070168643e-06
582.624,2.3944031136887403e-06
582.749,2.8345621112832675e-06
582.874,3.314766692094871e-06
583.0,3.840615513924638e-06
583.125,4.419017196818695e-06
583.25,5.054515857609611e-06
583.376,5.754797724227809e-06
583.501,6.522146631728007e-06
583.626,7.358009029724939e-06
583.751,8.264984151069936e-06
583.877,9.246843523249267e-06
584.002,1.0307451070050004e-05
584.127,1.145079750043325e-05
584.252,1.2678327934551613e-05
584.377,1.3992054628004249e-05
584.503,1.539939885692639e-05
584.628,1.6895401058350636e-05
584.753,1.8476179486683024e-05
584.878,2.0140664601114864e-05
585.003,2.1882958281879953e-05
585.128,2.369688021876169e-05
585.253,2.557835032538927e-05
585.378,2.7536163247975625e-05
585.503,2.959332570784266e-05
585.628,3.180692259304558e-05
585.753,3.423778155849838e-05
585.878,3.6944792318298146e-05
586.003,4.0018335045159384e-05
586.128,4.3549866907903474e-05
586.253,4.766844406482499e-05
586.378,5.248119656030583e-05
586.503,5.807342187660435e-05
586.628,6.451736288328021e-05
586.753,7.189958943421704e-05
586.878,8.03238379654937e-05
587.003,8.982430281888814e-05
587.127,0.00010056598547455516
587.252,0.00011252346843818481
587.377,0.0001259408851101764
587.502,0.00014125786207831408
587.627,0.00015884062894150878
587.751,0.00017983000670647315
587.876,0.00020448096372483392
588.001,0.00023396711417990378
588.125,0.00027265722956279715
588.25,0.0003236870862049035
588.375,0.0003870622407362019
588.499,0.0004617733857348423
588.624,0.0005914598910475552
588.749,0.0007836474974980293
588.873,0.0010476434661632087
588.998,0.001289973216644166
589.122,0.0013252028626556138
589.247,0.0011567319603108313
589.372,0.0010161769083916895
589.496,0.001094977825209518
589.621,0.001214766037121381
589.745,0.00112522042952846
589.87,0.0008702029319161698
589.994,0.0006575696238206186
590.118,0.0005335864742427119
590.243,0.0004405166884695698
590.367,0.00037243555259117
590.492,0.0003203996737981861
590.616,0.0002785770750450455
590.74,0.00024356413597802996
590.865,0.0002154017222094963
590.989,0.000199984845668694
591.114,0.00018012069736595782
591.238,0.00016125554714998443
591.362,0.00014465785652238947
591.486,0.00013599017847810255
591.611,0.0001231587909183542
591.735,0.00011323709100861715
591.859,0.000105475955055914
591.983,9.838983664321929e-05
592.107,9.170331172817391e-05
592.232,8.535196617511112e-05
592.356,7.939089151703898e-05
592.48,7.369960428196371e-05
592.604,6.818967253831884e-05
592.728,6.2825336271502e-05
592.852,5.761043560947868e-05
592.976,5.261651851794934e-05
593.1,4.79388679142086e-05
593.224,4.3657708221404095e-05
593.349,3.9787567162578137e-05
593.473,3.634663458839422e-05
593.597,3.332238514870912e-05
593.721,3.0689063204709435e-05
593.844,2.841116842608816e-05
593.968,2.6432138419402067e-05
594.092,2.4687042617980765e-05
594.216,2.311704214596758e-05
594.34,2.1681432601970676e-05
594.464,2.0353162897243715e-05
594.588,1.9111353648040055e-05
594.712,1.7940549989602524e-05
594.836,1.682909428127334e-05
594.959,1.5767025532688922e-05
595.083,1.4747598202870844e-05
595.207,1.3766581491288909e-05
595.331,1.2821493538338649e-05
595.455,1.1908470847287937e-05
595.578,1.1024779220241427e-05
595.702,1.0165932642555717e-05
595.826,9.474777257477704e-06
595.949,8.952727642207987e-06
596.073,7.398585489031746e-06
596.197,4.8150498639521334e-06
596.32,8.427528500811185e-06
596.444,5.905230468278038e-06
596.568,4.475255530422038e-06
596.691,4.139792683084492e-06
596.815,3.69561711762679e-06
596.938,3.1422806505261983e-06
597.062,2.6225616496932044e-06
597.186,2.1347368032949172e-06
597.309,1.6776234970110574e-06
597.433,1.2505989666255186e-06
597.556,8.530089160721299e-07
597.68,4.850096307772688e-07
597.803,1.4398614571075675e-07
597.926,0.0
598.05,0.0
598.173,0.0
598.297,0.0
598.42,0.0
598.543,0.0
598.667,0.0
598.79,0.0
598.913,0.0
599.037,0.0
599.16,0.0
599.283,0.0
599.406,0.0
599.53,0.0
599.653,0.0
599.776,0.0
599.899,0.0
600.022,0.0
600.145,0.0
600.269,0.0
600.392,0.0
600.515,0.0
600.638,0.0
600.761,0.0
600.884,0.0
601.007,0.0
601.13,0.0
601.253,0.0
601.376,0.0
601.499,0.0
601.622,0.0
601.745,0.0
601.868,0.0
601.991,0.0
602.113,0.0
602.236,0.0
602.359,0.0
602.482,0.0
602.605,0.0
602.728,0.0
602.85,0.0
602.973,0.0
603.096,0.0
603.219,0.0
603.341,0.0
603.464,0.0
603.587,0.0
603.709,0.0
603.832,0.0
603.955,0.0
604.077,0.0
604.2,0.0
604.323,0.0
604.445,0.0
604.568,0.0
604.69,0.0
604.813,0.0
604.935,0.0
605.058,0.0
605.18,0.0
605.303,0.0
605.425,0.0
605.547,0.0
605.67,0.0
605.792,0.0
605.915,0.0
606.037,0.0
606.159,0.0
606.282,0.0
606.404,0.0
606.526,0.0
606.648,0.0
606.771,0.0
606.893,0.0
607.015,0.0
607.137,0.0
607.26,0.0
607.382,0.0
607.504,0.0
607.626,0.0
607.748,0.0
607.87,0.0
607.992,0.0
608.114,0.0
608.237,0.0
608.359,0.0
608.481,0.0
608.603,0.0
608.725,0.0
608.847,0.0
608.969,0.0
609.09,0.0
609.212,0.0
609.334,0.0
609.456,0.0
609.578,0.0
609.7,0.0
609.822,0.0
609.944,0.0
610.065,0.0
610.187,0.0
610.309,0.0
610.431,0.0
610.552,0.0
610.674,0.0
610.796,0.0
610.918,0.0
611.039,0.0
611.161,0.0
611.282,0.0
611.404,0.0
611.526,0.0
611.647,0.0
611.769,0.0
611.89,0.0
612.012,0.0
612.133,0.0
612.255,0.0
612.377,0.0
612.498,0.0
612.619,0.0
612.741,0.0
612.862,0.0
612.984,0.0
613.105,0.0
613.226,0.0
613.348,0.0
613.469,0.0
613.59,0.0
613.712,0.0
613.833,0.0
613.954,0.0
614.076,0.0
614.197,0.0
614.318,0.0
614.439,4.926192788963544e-08
614.56,4.7323991724643665e-07
614.682,9.671329162123882e-07
614.803,1.4444582809882367e-06
614.924,1.9687346541275242e-06
615.045,2.9579285129718955e-06
615.166,4.7403767725850605e-06
615.287,8.192902275033095e-06
615.408,1.2855805060382843e-05
615.529,1.3927203405552439e-05
615.65,1.0192041758528796e-05
615.771,7.727574890549162e-06
615.892,1.019809196657462e-05
616.013,1.727371633111336e-05
616.134,2.9781518752330946e-05
616.255,2.673354133518343e-05
616.376,1.777874357324412e-05
616.497,1.263293399038632e-05
616.618,1.1371907177019608e-05
616.739,9.940315288601526e-06
616.86,8.205773246977936e-06
616.981,6.804273293586185e-06
617.102,5.4619749059532715e-06
617.222,4.463319747279198e-06
617.343,3.870764849243605e-06
617.464,3.4664342639468306e-06
617.585,3.1706754388158478e-06
617.705,2.851453633255936e-06
617.826,2.4838299892956976e-06
617.947,2.1159299850332598e-06
618.068,1.7798667484503246e-06
618.188,1.4930621206768754e-06
618.309,1.2513290284383542e-06
618.43,1.0487447607705935e-06
618.55,8.831851922644159e-07
618.671,7.550980296224478e-07
618.791,6.566806548287519e-07
618.912,5.738938514623732e-07
619.033,4.919571804220329e-07
619.153,4.009732887609896e-07
619.274,2.9769873344642425e-07
619.394,1.8629180540534208e-07
619.515,7.030404962619152e-08
619.635,0.0
619.756,0.0
619.876,0.0
619.996,0.0
620.117,0.0
620.237,0.0
620.358,0.0
620.478,0.0
620.598,0.0
620.719,0.0
620.839,0.0
620.959,1.535008032200317e-06
621.079,0.0
621.2,0.0
621.32,0.0
621.44,0.0
621.56,0.0
621.681,0.0
621.801,0.0
621.921,0.0
622.041,0.0
622.161,0.0
622.281,0.0
622.401,0.0
622.521,0.0
622.641,0.0
622.761,0.0
622.882,0.0
623.002,0.0
623.121,0.0
623.241,0.0
623.361,0.0
623.481,0.0
623.601,0.0
623.721,0.0
623.841,0.0
623.961,0.0
624.081,0.0
624.201,0.0
624.32,0.0
624.44,0.0
624.56,0.0
624.68,0.0
624.799,0.0
624.919,0.0
625.039,0.0
625.159,0.0
625.278,0.0
625.398,0.0
625.518,0.0
625.637,0.0
625.757,0.0
625.876,0.0
625.996,0.0
626.115,0.0
626.235,0.0
626.354,0.0
626.474,0.0
626.594,0.0
626.713,0.0
626.832,0.0
626.952,0.0
627.071,0.0
627.191,0.0
627.31,0.0
627.429,0.0
627.549,0.0
627.668,0.0
627.787,0.0
627.907,0.0
628.026,0.0
628.145,0.0
628.264,0.0
628.384,0.0
628.503,0.0
628.622,0.0
628.741,0.0
628.86,0.0
628.98,0.0
629.099,0.0
629.218,0.0
629.337,0.0
629.456,0.0
629.575,0.0
629.694,0.0
629.813,0.0
629.932,0.0
630.051,0.0
630.17,0.0
630.289,0.0
630.408,1.5433674068453255e-08
630.527,5.826385658004391e-08
630.646,1.0047284371477415e-07
630.764,1.4177317150409037e-07
630.883,1.8182585242530831e-07
631.002,2.2026855288690481e-07
631.121,2.5684703268251443e-07
631.24,2.9128359878407264e-07
631.359,3.2321657499399895e-07
631.477,3.523764751735797e-07
631.596,3.785504779075079e-07
631.715,4.0150275137987206e-07
631.834,4.2115973139508017e-07
631.952,4.375294219542384e-07
632.071,4.5058349963492355e-07
632.19,4.603740020227731e-07
632.308,4.6695673837107737e-07
632.427,4.703612749355982e-07
632.546,4.7064140259891104e-07
632.664,4.6784142786843697e-07
632.783,4.619838582785655e-07
632.901,4.5307367211162835e-07
633.02,4.41085933054656e-07
633.138,4.2604111369093323e-07
633.257,4.080375734059578e-07
633.375,3.8713892782138176e-07
633.494,3.634200092432764e-07
633.612,3.3697253009296e-07
633.731,3.078420282798278e-07
633.849,2.7612646168662444e-07
633.968,2.419784697377723e-07
634.086,2.055209361035801e-07
634.204,1.668476059313664e-07
634.323,1.2608826620391174e-07
634.441,8.347099301298316e-08
634.559,3.925718375758092e-08
634.678,0.0
634.796,0.0
634.914,0.0
635.032,0.0
635.151,0.0
635.269,0.0
635.387,0.0
635.505,0.0
635.623,0.0
635.742,0.0
635.86,0.0
635.978,0.0
636.096,0.0
636.214,0.0
636.332,0.0
636.45,0.0
636.568,0.0
636.686,0.0
636.804,0.0
636.922,0.0
637.04,0.0
637.158,0.0
637.276,0.0
637.394,0.0
637.512,0.0
637.629,0.0
637.747,0.0
637.865,0.0
637.983,0.0
638.101,0.0
638.218,0.0
638.336,0.0
638.454,0.0
638.572,0.0
638.689,0.0
638.807,0.0
638.925,0.0
639.042,0.0
639.16,0.0
639.278,0.0
639.395,0.0
639.513,0.0
639.63,0.0
639.748,0.0
639.865,0.0
639.983,0.0
640.1,0.0
640.218,0.0
640.335,0.0
640.453,0.0
640.57,0.0
640.688,0.0
640.805,0.0
640.922,0.0
641.04,0.0
641.157,0.0
641.274,0.0
641.391,0.0
641.509,0.0
641.626,0.0
641.743,0.0
641.86,0.0
641.978,0.0
642.095,0.0
642.212,0.0
642.329,0.0
642.446,0.0
642.563,0.0
642.681,0.0
642.798,0.0
642.915,0.0
643.032,0.0
643.149,0.0
643.266,0.0
643.383,0.0
643.5,0.0
643.617,0.0
643.734,0.0
643.85,0.0
643.967,0.0
644.084,0.0
644.201,0.0
644.318,0.0
644.435,0.0
644.552,0.0
644.668,0.0
644.785,0.0
644.902,0.0
645.019,0.0
645.135,0.0
645.252,0.0
645.369,0.0
645.485,0.0
645.602,0.0
645.719,0.0
645.835,0.0
645.952,0.0
646.068,0.0
646.185,0.0
646.302,0.0
646.418,0.0
646.535,0.0
646.651,0.0
646.768,0.0
646.884,0.0
647.0,0.0
647.117,0.0
647.233,0.0
647.35,0.0
647.466,0.0
647.582,0.0
647.699,0.0
647.815,0.0
647.931,0.0
648.047,0.0
648.164,0.0
648.28,0.0
648.396,0.0
648.512,0.0
648.629,0.0
648.745,0.0
648.861,0.0
648.977,0.0
649.093,0.0
649.209,0.0
649.325,0.0
649.441,0.0
649.557,0.0
649.673,0.0
649.789,0.0
649.905,0.0
650.021,0.0
650.137,0.0
650.253,0.0
650.369,0.0
650.485,0.0
650.601,0.0
650.717,0.0
650.833,0.0
650.948,0.0
651.064,0.0
651.18,6.001065274842971e-08
651.296,2.1780757992445022e-07
651.411,3.955989363712683e-07
651.527,5.961926277036413e-07
651.643,8.228838704610157e-07
651.759,1.0788916333938557e-06
651.874,1.3673737725807901e-06
651.99,1.6913767067519808e-06
652.105,2.053903236089129e-06
652.221,2.462714253628645e-06
652.337,2.926488524332644e-06
652.452,3.456306795872255e-06
652.568,4.0594066227709644e-06
652.683,4.74270136656808e-06
652.799,5.518254834521769e-06
652.914,6.397415629665351e-06
653.03,7.389151034913755e-06
653.145,8.500125256092543e-06
653.261,9.735265267183572e-06
653.376,1.1096681722330447e-05
653.492,1.2584400555719077e-05
653.607,1.4199670864381407e-05
653.722,1.5949280746435854e-05
653.838,1.78425168507931e-05
653.953,1.9893296706725152e-05
654.068,2.2091421490041426e-05
654.184,2.442392712320823e-05
654.299,2.687614199748861e-05
654.414,2.9451875279131034e-05
654.53,3.215168205322751e-05
654.645,3.495873406213113e-05
654.76,3.786467509196787e-05
654.875,4.086426009480425e-05
654.99,4.40092081748226e-05
655.106,4.737533958362233e-05
655.221,5.1033700280784584e-05
655.336,5.5037910618408534e-05
655.451,5.942081110207622e-05
655.566,6.430610585601188e-05
655.681,6.974584634639689e-05
655.796,7.579216478045714e-05
655.911,8.235610276270574e-05
656.026,8.888339973831993e-05
656.141,9.479566251375577e-05
656.256,9.925747584648667e-05
656.371,0.00010159880539642194
656.486,0.00010173708947377543
656.601,9.984856299097588e-05
656.716,9.657764990724711e-05
656.831,9.261201454140462e-05
656.946,8.84389078132583e-05
657.06,8.429603872399124e-05
657.175,8.026231334799588e-05
657.29,7.63431472842875e-05
657.405,7.250939637905449e-05
657.52,6.885434079605357e-05
657.634,6.540249109268404e-05
657.749,6.213357387169234e-05
657.864,5.904361974376758e-05
657.979,5.611277115754749e-05
658.093,5.3306283160690385e-05
658.208,5.0631233685972486e-05
658.323,4.80942759232769e-05
658.437,4.567191456125695e-05
658.552,4.33538866640424e-05
658.666,4.114079233827558e-05
658.781,3.902002516678053e-05
658.895,3.6976497742439854e-05
659.01,3.501057015008267e-05
659.125,3.310469099289402e-05
659.239,3.124528633421103e-05
659.353,2.9420092178774873e-05
659.468,2.7620758853981477e-05
659.582,2.5842436810066614e-05
659.697,2.4082479099706818e-05
659.811,2.234195570559001e-05
659.926,2.0625385578450017e-05
660.04,1.8938811909765992e-05
660.154,1.7289658771315805e-05
660.269,1.5692012551417352e-05
660.383,1.4159382533615198e-05
660.497,1.2702786856784475e-05
660.612,1.1335544603665191e-05
660.726,1.0068315583009306e-05
660.84,8.904948136027336e-06
660.954,7.848171582242765e-06
661.068,6.89620860009819e-06
661.183,6.046396355396967e-06
661.297,5.292976353200158e-06
661.411,4.627909375885109e-06
661.525,4.042165301595895e-06
661.639,3.5262589422352176e-06
661.753,3.0711307255450726e-06
661.867,2.668635577514741e-06
661.981,2.311662388351687e-06
662.095,1.9917053673935925e-06
662.209,1.701520467837268e-06
662.323,1.4359354370466065e-06
662.437,1.1908985911235914e-06
662.551,9.632477349962493e-07
662.665,7.508603624558124e-07
662.779,5.518689701032905e-07
662.893,3.6488778662324933e-07
663.007,1.8893573901227268e-07
663.121,2.336728719636999e-08
663.235,0.0
663.349,0.0
663.462,0.0
663.576,0.0
663.69,0.0
663.804,0.0
663.917,0.0
664.031,0.0
664.145,0.0
664.258,0.0
664.372,0.0
664.486,0.0
664.599,0.0
664.713,0.0
664.827,0.0
664.94,0.0
665.054,0.0
665.167,0.0
665.281,0.0
665.394,0.0
665.508,0.0
665.621,0.0
665.735,0.0
665.848,0.0
665.961,0.0
666.075,0.0
666.188,0.0
666.301,0.0
666.415,0.0
666.528,0.0
666.641,0.0
666.755,0.0
666.868,0.0
666.981,0.0
667.094,0.0
667.207,0.0
667.321,0.0
667.434,0.0
667.547,0.0
667.66,0.0
667.773,0.0
667.886,0.0
667.999,0.0
668.112,0.0
668.225,0.0
668.338,0.0
668.451,0.0
668.564,0.0
668.677,0.0
668.79,0.0
668.903,0.0
669.016,0.0
669.129,0.0
669.242,0.0
669.354,0.0
669.467,0.0
669.58,0.0
669.693,0.0
669.806,0.0
669.918,0.0
670.031,0.0
670.144,0.0
670.256,0.0
670.369,0.0
670.482,0.0
670.594,0.0
670.707,0.0
670.82,0.0
670.932,0.0
671.045,0.0
671.157,0.0
671.27,0.0
671.382,0.0
671.495,0.0
671.607,0.0
671.72,0.0
671.832,0.0
671.944,0.0
672.057,0.0
672.169,0.0
672.281,0.0
672.394,0.0
672.506,0.0
672.618,0.0
672.731,0.0
672.843,0.0
672.955,0.0
673.067,0.0
673.18,0.0
673.292,0.0
673.404,0.0
673.516,0.0
673.628,0.0
673.74,0.0
673.852,0.0
673.964,0.0
674.076,0.0
674.188,0.0
674.3,0.0
674.412,0.0
674.524,0.0
674.636,0.0
674.748,0.0
674.86,0.0
674.972,0.0
675.084,0.0
675.196,0.0
675.307,0.0
675.419,0.0
675.531,0.0
675.643,0.0
675.755,0.0
675.866,0.0
675.978,0.0
676.09,0.0
676.201,0.0
676.313,0.0
676.425,0.0
676.536,0.0
676.648,0.0
676.759,0.0
676.871,0.0
676.983,0.0
677.094,0.0
677.206,0.0
677.317,0.0
677.429,0.0
677.54,0.0
677.651,0.0
677.763,0.0
677.874,0.0
677.986,0.0
678.097,0.0
678.208,0.0
678.32,0.0
678.431,0.0
678.542,0.0
678.653,0.0
678.765,0.0
678.876,0.0
678.987,0.0
679.098,0.0
679.209,0.0
679.32,0.0
679.432,0.0
679.543,0.0
679.654,0.0
679.765,0.0
679.876,0.0
679.987,0.0
680.098,0.0
680.209,0.0
680.32,0.0
680.431,0.0
680.542,0.0
680.653,0.0
680.763,0.0
680.874,0.0
680.985,0.0
681.096,0.0
681.207,0.0
681.318,0.0
681.428,0.0
681.539,0.0
681.65,0.0
681.76,0.0
681.871,0.0
681.982,0.0
682.093,0.0
682.203,0.0
682.314,0.0
682.424,0.0
682.535,0.0
682.646,0.0
682.756,0.0
682.867,0.0
682.977,0.0
683.088,0.0
683.198,0.0
683.308,0.0
683.419,0.0
683.529,0.0
683.64,0.0
683.75,0.0
683.86,2.9126575037665795e-09
683.971,6.67254400004731e-09
684.081,8.532717711825187e-09
684.191,8.718126917353349e-09
684.301,7.502424012230467e-09
684.412,5.263312886940898e-09
684.522,2.307389683316793e-09
684.632,0.0
684.742,0.0
684.852,0.0
684.963,0.0
685.073,0.0
685.183,0.0
685.293,0.0
685.403,0.0
685.513,0.0
685.623,0.0
685.733,0.0
685.843,0.0
685.953,0.0
686.063,0.0
686.173,0.0
686.283,0.0
686.393,0.0
686.503,0.0
686.612,0.0
686.722,0.0
686.832,0.0
686.942,0.0
687.052,0.0
687.161,0.0
687.271,0.0
687.381,2.9170569670631012e-09
687.491,7.3245498783059335e-09
687.6,1.1805911776698876e-08
687.71,1.6199886866691e-08
687.82,2.024783106728988e-08
687.929,2.3637878089260296e-08
688.039,2.6141020024802798e-08
688.148,2.75687420378875e-08
688.258,2.779750454980508e-08
688.367,2.680663465731188e-08
688.477,2.4560064156083205e-08
688.586,2.1030784354967426e-08
688.696,1.6265871941595077e-08
688.805,1.0316074341537323e-08
688.915,3.2476767833104788e-09
689.024,0.0
689.134,0.0
689.243,0.0
689.352,0.0
689.462,0.0
689.571,0.0
689.68,0.0
689.79,0.0
689.899,0.0
690.008,0.0
690.117,0.0
690.227,0.0
690.336,0.0
690.445,0.0
690.554,0.0
690.663,0.0
690.772,0.0
690.881,0.0
690.99,0.0
691.099,0.0
691.209,0.0
691.318,0.0
691.427,0.0
691.536,0.0
691.644,0.0
691.753,0.0
691.862,0.0
691.971,0.0
692.08,0.0
692.189,0.0
692.298,0.0
692.406,0.0
692.515,0.0
692.624,0.0
692.733,0.0
692.842,0.0
692.95,0.0
693.059,0.0
693.168,0.0
693.276,0.0
693.385,0.0
693.494,0.0
693.602,0.0
693.711,0.0
693.819,0.0
693.928,0.0
694.036,0.0
694.145,0.0
694.253,0.0
694.362,0.0
694.47,0.0
694.579,0.0
694.687,0.0
694.795,0.0
694.693,0.0
694.893,0.0
695.093,0.0
695.293,0.0
695.492,0.0
695.692,3.1645566168309237e-09
695.891,0.0
696.091,0.0
696.291,0.0
696.49,0.0
696.69,0.0
696.889,3.067872533076224e-07
697.089,6.865188871676944e-07
697.288,1.0447895100112323e-06
697.488,1.330859778937591e-06
697.687,1.464029264916962e-06
697.887,1.4503994732916222e-06
698.086,1.3465703616716329e-06
698.286,1.1559809483949655e-06
698.485,9.375671438737028e-07
698.684,7.114757005926111e-07
698.884,4.972260017537367e-07
699.083,3.2615619591858036e-07
699.282,1.8778065157229533e-07
699.482,7.819902475341792e-08
699.681,0.0
699.88,0.0
700.08,0.0
700.279,0.0
700.478,4.1387095521460434e-08
700.677,1.3782318561857608e-07
700.877,2.3597397908651967e-07
701.076,3.352103009060145e-07
701.275,4.3858576117144713e-07
701.474,5.456429196773354e-07
701.673,6.258405366664684e-07
701.872,6.758653360931085e-07
702.071,6.904305486952731e-07
702.271,6.772293317838327e-07
702.47,6.370353197579417e-07
702.669,5.704355283837735e-07
702.868,4.781292523406237e-07
703.067,3.6745467440287887e-07
703.266,2.395953253116012e-07
703.465,9.084380918084599e-08
703.664,0.0
703.863,0.0
704.062,0.0
704.26,0.0
704.459,0.0
704.658,0.0
704.857,0.0
705.056,0.0
705.255,0.0
705.454,0.0
705.652,0.0
705.851,0.0
706.05,0.0
706.249,0.0
706.447,0.0
706.646,0.0
706.845,0.0
707.043,0.0
707.242,0.0
707.441,0.0
707.639,0.0
707.838,0.0
708.037,0.0
708.235,0.0
708.434,0.0
708.632,0.0
708.831,0.0
709.029,0.0
709.228,0.0
709.426,0.0
709.625,0.0
709.823,0.0
710.022,0.0
710.22,0.0
710.418,0.0
710.617,0.0
710.815,0.0
711.013,0.0
711.212,0.0
711.41,0.0
711.608,0.0
711.807,0.0
712.005,3.7628647598052214e-08
712.203,1.0493398210277611e-07
712.401,1.6853771851682865e-07
712.599,2.325610392639596e-07
712.798,2.96459091976677e-07
712.996,3.5924988186613056e-07
713.194,4.196898365402942e-07
713.392,4.551373377923085e-07
713.59,4.657684244378879e-07
713.788,4.736288480183505e-07
713.986,5.036803378502828e-07
714.184,5.807745678231789e-07
714.382,7.052699444198376e-07
714.58,8.772994423179975e-07
714.778,1.0966141060823487e-06
714.976,1.4951978402926853e-06
715.174,2.0719947236033338e-06
715.372,2.7865159266610185e-06
715.57,3.569949094925103e-06
715.768,4.126669773562557e-06
715.966,4.4556194160298895e-06
716.164,4.555996089415238e-06
716.362,4.42737152013656e-06
716.56,4.202307742703301e-06
716.758,3.880851888113035e-06
716.955,3.4861553569817608e-06
717.153,3.083946364155177e-06
717.351,2.7411666364584504e-06
717.549,2.4582565258715067e-06
717.746,2.2356968013340734e-06
717.944,2.073906192171086e-06
718.142,1.9511322101770176e-06
718.34,1.8677767054431558e-06
718.537,1.8242278757494796e-06
718.735,1.7977352198763385e-06
718.933,1.7648015300678372e-06
719.13,1.7259609015566383e-06
719.328,1.681841200077803e-06
719.525,1.633182126584754e-06
719.723,1.5833011213290353e-06
719.92,1.532750401281588e-06
720.118,1.4784294767578606e-06
720.316,1.4167316432866377e-06
720.513,1.344110144787013e-06
720.711,1.261273579888606e-06
720.908,1.1689276391505607e-06
721.105,1.0678367838588693e-06
721.303,9.589235442236174e-07
721.5,8.431698559317418e-07
721.698,7.216178551794485e-07
721.895,5.992287323541461e-07
722.092,4.80958092488636e-07
722.29,3.6756648667034363e-07
722.487,2.5975006594380355e-07
722.684,1.5804813596858424e-07
722.882,6.278470618574304e-08
723.079,0.0
723.276,0.0
723.473,0.0
723.671,0.0
723.868,0.0
724.065,0.0
724.262,0.0
724.459,0.0
724.656,0.0
724.854,0.0
725.051,0.0
725.248,0.0
725.445,0.0
725.642,0.0
725.839,0.0
726.036,0.0
726.233,0.0
726.43,0.0
726.627,0.0
726.824,0.0
727.021,0.0
727.218,0.0
727.414,0.0
727.611,0.0
727.808,0.0
728.005,0.0
728.202,0.0
728.399,0.0
728.595,0.0
728.792,0.0
728.989,0.0
729.186,0.0
729.382,0.0
729.579,0.0
729.776,0.0
729.972,0.0
730.169,0.0
730.366,0.0
730.562,0.0
730.759,0.0
730.955,0.0
731.152,0.0
731.348,0.0
731.545,0.0
731.741,0.0
731.938,0.0
732.134,0.0
732.331,0.0
732.527,0.0
732.724,0.0
732.92,0.0
733.116,0.0
733.313,0.0
733.509,0.0
733.705,0.0
733.902,0.0
734.098,0.0
734.294,0.0
734.49,0.0
734.687,0.0
734.883,0.0
735.079,0.0
735.275,0.0
735.471,0.0
735.667,0.0
735.863,0.0
736.06,0.0
736.256,0.0
736.452,0.0
736.648,0.0
736.844,0.0
737.04,0.0
737.236,0.0
737.432,0.0
737.628,0.0
737.824,0.0
738.019,0.0
738.215,0.0
738.411,0.0
738.607,0.0
738.803,0.0
738.999,4.088119635265573e-07
739.195,8.893564365164648e-07
739.39,1.3937922871404025e-06
739.586,1.9101973800192863e-06
739.782,2.430595241185782e-06
739.978,2.9183102869804067e-06
740.173,3.3487569003401498e-06
740.369,3.7133227671101446e-06
740.565,4.057823563743946e-06
740.76,4.440171155708362e-06
740.956,4.930475331961834e-06
741.152,5.572654513008953e-06
741.347,6.260375840854967e-06
741.543,7.198518553841664e-06
741.738,8.715990692678948e-06
741.934,1.0978711383128642e-05
742.129,1.3614861040348156e-05
742.325,1.69782805425392e-05
742.52,2.582226933474288e-05
742.716,2.0957228287141587e-05
742.911,1.9699769987482464e-05
743.107,1.8632782588992576e-05
743.302,1.7394397190992197e-05
743.498,1.6099073615777228e-05
743.693,1.6114386977424926e-05
743.888,2.043138274054847e-05
744.084,3.0608172756161484e-05
744.279,4.726618634406584e-05
744.474,4.966676650075709e-05
744.67,3.7777002746398115e-05
744.865,3.0572685544660933e-05
745.06,2.5731843816158384e-05
745.255,2.217148867679331e-05
745.451,2.0178381512605205e-05
745.646,1.910643290283744e-05
745.841,1.8616023019421624e-05
746.036,1.9016757019456025e-05
746.231,2.0429675081644435e-05
746.426,2.5072330879334853e-05
746.622,3.840017098128212e-05
746.817,6.421316080557249e-05
747.012,7.651524263765859e-05
747.207,6.601429429899827e-05
747.402,5.590041666895382e-05
747.597,4.8408635645638076e-05
747.792,4.37079928779506e-05
747.987,3.970158710338396e-05
748.182,3.581604410482647e-05
748.377,3.2281508650646516e-05
748.572,2.891935507698665e-05
748.767,2.6092103302449538e-05
748.961,2.3966294115378933e-05
749.156,2.2281271026673796e-05
749.351,2.095749236418657e-05
749.546,1.9807606686023317e-05
749.741,1.8766156139156224e-05
749.936,1.782593146689193e-05
750.13,1.6964736190023265e-05
750.325,1.6142798456614342e-05
750.52,1.5290168968765853e-05
750.715,1.4430756352859032e-05
750.909,1.3553467303473378e-05
751.104,1.2657775785294463e-05
751.299,1.1749178687417316e-05
751.493,1.0829898939205847e-05
751.688,9.905549198998644e-06
751.882,8.981527202891719e-06
752.077,8.069719741369985e-06
752.272,7.166635241167959e-06
752.466,6.279039103005395e-06
752.661,5.412587247117228e-06
752.855,4.574645062942643e-06
753.05,3.7750518492941307e-06
753.244,3.024761271458542e-06
753.439,2.3330047284254652e-06
753.633,1.7088233928102198e-06
753.828,1.1506837335300455e-06
754.022,6.586373171037136e-07
754.216,2.3321067938844678e-07
754.411,0.0
754.605,0.0
754.799,0.0
754.994,0.0
755.188,0.0
755.382,0.0
755.576,0.0
755.771,0.0
755.965,0.0
756.159,0.0
756.353,0.0
756.547,0.0
756.742,0.0
756.936,0.0
757.13,0.0
757.324,0.0
757.518,0.0
757.712,0.0
757.906,0.0
758.1,0.0
758.294,0.0
758.488,0.0
758.682,0.0
758.876,0.0
759.07,0.0
759.264,0.0
759.458,0.0
759.651,0.0
759.845,0.0
760.039,0.0
760.233,0.0
760.427,0.0
760.62,0.0
760.814,0.0
761.008,0.0
761.202,0.0
761.395,0.0
761.589,0.0
761.783,1.0161402922498833e-07
761.976,2.5361232023350465e-07
762.17,3.509868360621962e-07
762.363,3.93851658149057e-07
762.557,3.9024049975239834e-07
762.75,3.7164139833285695e-07
762.944,3.188953853515282e-07
763.138,2.3951999303156007e-07
763.331,1.527425269162725e-07
763.524,8.676164687285572e-08
763.718,1.7427531340779584e-08
763.911,0.0
764.105,0.0
764.298,0.0
764.492,0.0
764.685,0.0
764.878,0.0
765.072,0.0
765.265,0.0
765.458,0.0
765.651,0.0
765.845,0.0
766.038,0.0
766.231,7.155541857848144e-06
766.424,4.868855512582898e-05
766.617,5.617998997884351e-05
766.811,5.456866961236664e-06
767.004,0.0
767.197,0.0
767.39,0.0
767.583,0.0
767.776,0.0
767.969,0.0
768.162,0.0
768.355,0.0
768.548,0.0
768.741,0.0
768.934,0.0
769.127,0.0
769.32,4.148437597101603e-07
769.513,3.4336589122961586e-06
769.706,9.793674964542737e-06
769.898,4.7444061060101306e-05
770.091,2.5188810549540606e-05
770.284,2.966715107361068e-06
770.477,3.122756635013219e-06
770.67,2.3451344950238203e-06
770.862,1.944899092201785e-06
771.055,2.7406833264921716e-06
771.248,3.8036974772088967e-06
771.441,4.537857415103314e-06
771.633,5.420983022853331e-06
771.826,6.476598006046023e-06
772.018,7.508645735212183e-06
772.211,8.539994193123752e-06
772.404,9.498624031276524e-06
772.596,1.0366327982879432e-05
772.789,1.1248861622717088e-05
772.981,1.2210565293308222e-05
773.174,1.3288561328525013e-05
773.366,1.449840172838248e-05
773.559,1.587240916801677e-05
773.751,1.742567683061311e-05
773.944,1.9189013372340885e-05
774.136,2.125194036263151e-05
774.329,2.3712930985051836e-05
774.521,2.659730200638517e-05
774.713,2.9924027015232387e-05
774.906,3.3658271038776304e-05
775.098,3.782470191381416e-05
775.29,4.268997248736157e-05
775.483,4.866223160809294e-05
775.675,5.630860106081578e-05
775.867,6.610167581343397e-05
776.059,7.822093851574362e-05
776.251,9.273230743713838e-05
776.444,0.00011168542652356127
776.636,0.00014210598942141468
776.828,0.00019327381133427146
777.02,0.00029349858063955814
777.212,0.0004617637590943105
777.404,0.0005288681287939932
777.596,0.00048678941133395475
777.788,0.00035319441466966377
777.98,0.0002595186438253887
778.172,0.0002055166588850314
778.364,0.00016667161959986763
778.556,0.00013836674239749646
778.748,0.00011660080767633033
778.94,9.895496859505663e-05
779.132,8.458447320255501e-05
779.324,7.301582971694595e-05
779.516,6.372344209094408e-05
779.708,5.616917192659789e-05
779.9,4.9831535321253754e-05
780.091,4.440187324437261e-05
780.283,3.951438576533247e-05
780.475,3.511601843802316e-05
780.667,3.124363221917369e-05
780.859,2.781777898537192e-05
781.05,2.4871541148774096e-05
781.242,2.2285185303287147e-05
781.434,1.998222780450393e-05
781.625,1.7915225988436786e-05
781.817,1.6049312024214878e-05
782.008,1.4354357064682258e-05
782.2,1.2762698190583574e-05
782.392,1.125714230634416e-05
782.583,9.810146895999536e-06
782.775,8.443507365004316e-06
782.966,7.175524442431218e-06
783.158,6.015076816296188e-06
783.349,4.9651758370182085e-06
783.541,4.02527685961737e-06
783.732,3.210858950119818e-06
783.924,2.5226276030866795e-06
784.115,1.953280432568356e-06
784.306,1.4796125614449232e-06
784.498,1.0747908032956264e-06
784.689,7.281894187095736e-07
784.88,4.336122586925517e-07
785.072,1.8595347883543822e-07
785.263,0.0
785.454,0.0
785.645,0.0
785.837,0.0
786.028,0.0
786.219,0.0
786.41,0.0
786.601,0.0
786.792,0.0
786.984,0.0
787.175,0.0
787.366,0.0
787.557,0.0
787.748,0.0
787.939,0.0
788.13,0.0
788.321,0.0
788.512,0.0
788.703,0.0
788.894,0.0
789.084,0.0
789.275,0.0
789.466,0.0
789.657,0.0
789.848,0.0
790.039,0.0
790.229,1.7532987611156956e-07
790.42,6.54620885876444e-07
790.611,1.1308940312868093e-06
790.801,1.6158410132508046e-06
790.992,2.1073448429219153e-06
791.183,2.60311606302352e-06
791.373,3.095206440424936e-06
791.564,3.5946840669983127e-06
791.755,4.114969051585671e-06
791.945,4.662504294200662e-06
792.136,5.234057352593349e-06
792.326,5.799759125104243e-06
792.517,6.3616143512466605e-06
792.707,6.951121171041841e-06
792.898,7.640762613822589e-06
793.088,8.434641371770397e-06
793.279,9.333407354943043e-06
793.469,1.0368251307457984e-05
793.66,1.1628958414661112e-05
793.85,1.3420593266650162e-05
794.04,1.6262913860248855e-05
794.231,2.0768023989475657e-05
794.421,2.7186963608136057e-05
794.611,3.6029915180585866e-05
794.802,4.666643788825965e-05
794.992,5.477403821953181e-05
795.182,5.588789476093488e-05
795.372,4.994775951873039e-05
795.563,4.1143165745967084e-05
795.753,3.36233416307848e-05
795.943,2.8046537092057104e-05
796.133,2.3912362848518583e-05
796.323,2.1073422046992213e-05
796.513,1.906604688513864e-05
796.703,1.746573379995042e-05
796.893,1.6000111244603365e-05
797.083,1.461439221949208e-05
797.273,1.3313283188122035e-05
797.463,1.208117982444958e-05
797.653,1.0927519707931693e-05
797.843,9.794410793991105e-06
798.033,8.677577592406473e-06
798.223,7.617292678433409e-06
798.413,6.636265184629954e-06
798.603,5.7403036673975615e-06
798.793,4.910675909981909e-06
798.983,4.144309250503574e-06
799.172,3.4274893207222087e-06
799.362,2.762336333378402e-06
799.552,2.1436974992657276e-06
799.742,1.5449512394013918e-06
799.932,9.52838046796742e-07
800.121,3.6465655495179227e-07
800.311,0.0
800.501,0.0
800.69,0.0
800.88,0.0
801.07,0.0
801.259,0.0
801.449,0.0
801.638,0.0
801.828,0.0
802.017,0.0
802.207,0.0
802.396,0.0
802.586,0.0
802.775,0.0
802.965,0.0
803.154,0.0
803.343,0.0
803.533,0.0
803.722,0.0
803.911,0.0
804.101,0.0
804.29,0.0
804.479,0.0
804.668,0.0
804.857,0.0
805.047,0.0
805.236,0.0
805.425,0.0
805.614,0.0
805.803,0.0
805.992,0.0
806.181,0.0
806.37,0.0
806.559,0.0
806.748,0.0
806.937,0.0
807.126,0.0
807.315,0.0
807.504,0.0
807.693,0.0
807.882,0.0
808.071,0.0
808.26,0.0
808.448,0.0
808.637,0.0
808.826,0.0
809.015,0.0
809.203,0.0
809.392,0.0
809.581,0.0
809.77,0.0
809.958,0.0
810.147,0.0
810.335,0.0
810.524,0.0
810.713,0.0
810.901,0.0
811.09,0.0
811.278,0.0
811.467,0.0
811.655,0.0
811.844,0.0
812.032,0.0
812.22,0.0
812.409,6.390628623018244e-08
812.597,4.189398803231632e-07
812.785,8.121845811908853e-07
812.974,1.2308730427864311e-06
813.162,1.6837179468192576e-06
813.35,2.1567966440481555e-06
813.539,2.6269826372406175e-06
813.727,3.074463192245042e-06
813.915,3.4996058908391783e-06
814.103,3.891992363713207e-06
814.291,4.308964507069519e-06
814.479,4.782156864960177e-06
814.668,5.318438276799929e-06
814.856,5.960857648904795e-06
815.044,6.737514439105261e-06
815.232,7.719021985949753e-06
815.42,8.86142001687235e-06
815.608,1.0222037848137013e-05
815.796,1.1698313196766313e-05
815.984,1.3272775162453244e-05
816.172,1.5265470148208654e-05
816.36,1.7744388150441342e-05
816.548,2.0952506986089475e-05
816.736,2.5010922903463697e-05
816.924,2.9254165506421076e-05
817.111,3.358467249088996e-05
817.299,3.992094625282204e-05
817.487,5.0245889254041094e-05
817.675,6.498583547960302e-05
817.863,8.461608863844208e-05
818.05,0.00013592194211538113
818.238,0.00028889523452787857
818.426,0.0004375499037997269
818.613,0.0003002834288357704
818.801,0.00023431833579534242
818.989,0.00022107155641447795
819.176,0.00023673161291237196
819.364,0.00037449517230533035
819.552,0.0005763831911634325
819.739,0.00040465031110541606
819.927,0.0002728509248686927
820.114,0.00021850626987672731
820.302,0.00018181690212004998
820.489,0.00015716737510508918
820.677,0.0001404821346092806
820.864,0.0001306547232065002
821.052,0.00012756836661684118
821.239,0.00012991000019499632
821.426,0.00013964868143350576
821.614,0.00016367110435281182
821.801,0.0001802473545642691
821.988,0.0001551003706132375
822.176,0.000145582319215103
822.363,0.00014625410918077928
822.55,0.00013375260797159438
822.737,0.00011782372892744862
822.924,0.00010511028038339367
823.112,9.445456400169408e-05
823.299,8.492819403259806e-05
823.486,7.768227486447388e-05
823.673,7.236405633348566e-05
823.86,6.763200854872415e-05
824.047,6.728801371586838e-05
824.234,8.009538469558677e-05
824.421,8.144099188893144e-05
824.608,6.876160115119775e-05
824.795,6.002876399626663e-05
824.982,5.291693277863273e-05
825.169,4.6925532125261805e-05
825.356,4.228165952146598e-05
825.543,3.8460158817567646e-05
825.73,3.4996798970400834e-05
825.917,3.17518527779612e-05
826.104,2.8866811248844988e-05
826.29,2.6341256286305608e-05
826.477,2.4091887055979347e-05
826.664,2.2094044209931115e-05
826.851,2.0232900009389842e-05
827.038,1.848528986541953e-05
827.224,1.681581230394766e-05
827.411,1.5209568294851715e-05
827.598,1.3684033530844865e-05
827.784,1.2260994327155897e-05
827.971,1.09594668590609e-05
828.157,9.757544956868023e-06
828.344,8.645910173798042e-06
828.531,7.60755800589925e-06
828.717,6.6357619277750975e-06
828.904,5.7322561575106154e-06
829.09,4.883602610392896e-06
829.277,4.083754279894397e-06
829.463,3.330719552900332e-06
829.65,2.6288109460956807e-06
829.836,1.9825513737422346e-06
830.022,1.4004848668924883e-06
830.209,8.905504995155743e-07
830.395,4.5509405780900734e-07
830.581,8.992244327751332e-08
830.768,0.0
830.954,0.0
831.14,0.0
831.327,0.0
831.513,0.0
831.699,0.0
831.885,0.0
832.071,0.0
832.257,0.0
832.444,0.0
832.63,0.0
832.816,0.0
833.002,0.0
833.188,0.0
833.374,0.0
833.56,0.0
833.746,0.0
833.932,0.0
834.118,0.0
834.303,0.0
834.489,0.0
834.675,0.0
834.861,0.0
835.047,0.0
835.233,0.0
835.418,0.0
835.604,0.0
835.79,0.0
835.976,0.0
836.161,0.0
836.347,0.0
836.533,0.0
836.718,0.0
836.904,0.0
837.089,0.0
837.275,0.0
837.46,0.0
837.646,0.0
837.831,0.0
838.017,0.0
838.202,0.0
838.388,0.0
838.573,0.0
838.759,0.0
838.944,0.0
839.129,0.0
839.315,0.0
839.5,0.0
839.685,0.0
839.87,0.0
840.056,4.400929277536769e-07
840.241,1.0225431978452466e-06
840.426,1.5372978382548232e-06
840.611,1.991341938704335e-06
840.796,2.4055048519093094e-06
840.981,2.807459981628013e-06
841.166,3.216289273471782e-06
841.352,3.6650025063337137e-06
841.537,4.194320064054728e-06
841.722,4.851599860439001e-06
841.907,5.658652125984164e-06
842.092,6.604856249573994e-06
842.277,7.648288339798532e-06
842.461,8.705519107759684e-06
842.646,9.770900145156514e-06
842.831,1.0885047107203031e-05
843.016,1.2113604019715015e-05
843.201,1.3638740473012227e-05
843.386,1.5613716665113543e-05
843.571,1.8215145602722425e-05
843.755,2.1993242596977444e-05
843.94,2.7617962224503672e-05
844.125,3.5863375959671596e-05
844.31,4.95804018081243e-05
844.494,7.42924135693397e-05
844.679,0.00011583676456361242
844.864,0.00011886712881274451
845.048,8.914452103660626e-05
845.233,6.89720394211367e-05
845.418,5.596169038814211e-05
845.602,4.6478946323243615e-05
845.787,3.875308294183356e-05
845.971,3.253355604319499e-05
846.156,2.769768413125218e-05
846.34,2.3937206644436193e-05
846.525,2.1010482612348553e-05
846.709,1.8694372697209456e-05
846.893,1.6742088698014987e-05
847.078,1.5035601635267912e-05
847.262,1.3515818480777813e-05
847.447,1.2109694039769034e-05
847.631,1.0813411865498253e-05
847.815,9.611019887673873e-06
848.0,8.484983364942e-06
848.184,7.448944542239726e-06
848.368,6.482344949150636e-06
848.552,5.560579630422761e-06
848.736,4.663214642239818e-06
848.921,3.7950451004315525e-06
849.105,2.943449182028823e-06
849.289,2.097670704929602e-06
849.473,1.2512434757759487e-06
849.657,4.0213196837829853e-07
849.841,0.0
850.025,0.0
850.209,0.0
850.393,0.0
850.577,0.0
850.761,0.0
850.945,0.0
851.129,0.0
851.313,0.0
851.497,0.0
851.68,0.0
851.864,0.0
852.048,0.0
852.232,0.0
852.416,0.0
852.599,0.0
852.783,0.0
852.967,0.0
853.15,0.0
853.334,0.0
853.518,0.0
853.701,0.0
853.885,0.0
854.068,0.0
854.252,0.0
854.435,0.0
854.619,0.0
854.802,0.0
854.986,0.0
855.169,0.0
855.353,0.0
855.536,0.0
855.719,0.0
855.903,0.0
856.086,0.0
856.269,0.0
856.452,0.0
856.636,0.0
856.819,0.0
857.002,0.0
857.185,0.0
857.368,0.0
857.552,0.0
857.735,0.0
857.918,0.0
858.101,0.0
858.284,0.0
858.467,3.831397574631502e-07
858.65,8.817849924635046e-07
858.833,1.5383522687842797e-06
859.016,2.348523335575581e-06
859.199,3.2429038900317225e-06
859.382,4.152868239275375e-06
859.564,4.801058264867943e-06
859.747,5.120179753846433e-06
859.93,5.086877376193596e-06
860.113,4.706308150622066e-06
860.296,4.113514411757203e-06
860.478,3.3182684663990535e-06
860.661,2.3870058632864377e-06
860.844,1.3780650127869475e-06
861.027,3.7131510844268256e-07
861.209,0.0
861.392,0.0
861.575,0.0
861.757,0.0
861.94,0.0
862.122,1.258831441522556e-07
862.305,1.2888890492239738e-06
862.487,3.44880917401777e-06
862.67,7.727543241674354e-06
862.852,1.500006773176403e-05
863.035,2.1828504841299704e-05
863.217,2.3047951495519573e-05
863.4,1.9761349111867517e-05
863.582,1.6472364421422506e-05
863.764,1.4077096336979453e-05
863.947,1.2073286601840889e-05
864.129,1.0670613682120918e-05
864.311,9.645241654222478e-06
864.493,8.93947391558242e-06
864.676,8.659208568912048e-06
864.858,8.722487301652237e-06
865.04,9.181406660448697e-06
865.222,9.964943375218592e-06
865.404,1.0946700322834698e-05
865.587,1.2042606061858005e-05
865.769,1.3144406610743656e-05
865.951,1.413424631889313e-05
866.133,1.5045215897910803e-05
866.315,1.5962986418834985e-05
866.497,1.7074246181017184e-05
866.679,1.87098329495984e-05
866.861,2.0926822862880142e-05
867.043,2.389039708367774e-05
867.225,2.7642741838020362e-05
867.407,3.2385589795247054e-05
867.589,4.14989185673392e-05
867.77,6.072871247964909e-05
867.952,9.217377511104597e-05
868.134,0.00013312056540263557
868.316,0.0001362021833550324
868.498,0.0001285785217030904
868.679,0.00011131942361927828
868.861,8.924658767792747e-05
869.043,6.935391218859121e-05
869.224,5.6000002239427217e-05
869.406,4.79201595146703e-05
869.588,4.222233064995772e-05
869.769,3.852876417906927e-05
869.951,3.7026544448369805e-05
870.132,3.840462878897024e-05
870.314,4.1818176286235425e-05
870.495,4.232118448455532e-05
870.677,3.8630589416759494e-05
870.858,3.697773264573079e-05
871.04,4.0775985169999244e-05
871.221,4.462138862851565e-05
871.403,4.359050056937993e-05
871.584,4.101667369182701e-05
871.765,4.147405831840337e-05
871.947,4.209981369654567e-05
872.128,3.793360236987148e-05
872.309,3.068187858101415e-05
872.491,2.4865105396276227e-05
872.672,2.1112087265653854e-05
872.853,1.8241706344553177e-05
873.034,1.595513647162868e-05
873.215,1.3855959720653038e-05
873.396,1.1753338367901073e-05
873.578,9.888520709560865e-06
873.759,8.243722617236021e-06
873.94,6.796614253697192e-06
874.121,5.5187691355236484e-06
874.302,4.345227818489969e-06
874.483,3.290907460916618e-06
874.664,2.3715001427395576e-06
874.845,1.6110670389656078e-06
875.026,9.934193846499598e-07
875.207,5.040997954021765e-07
875.388,1.2545711215444374e-07
875.568,0.0
875.749,0.0
875.93,0.0
876.111,0.0
876.292,0.0
876.472,0.0
876.653,0.0
876.834,0.0
877.015,0.0
877.195,0.0
877.376,0.0
877.556,0.0
877.737,0.0
877.918,0.0
878.098,0.0
878.279,0.0
878.459,0.0
878.64,0.0
878.82,0.0
879.0,0.0
879.181,0.0
879.361,0.0
879.542,0.0
879.722,0.0
879.902,0.0
880.083,0.0
880.263,0.0
880.443,0.0
880.623,6.776611971158608e-06
880.803,1.6444397818841214e-05
880.984,6.579553500503842e-06
881.164,1.877927630882616e-06
881.344,0.0
881.524,0.0
881.704,0.0
881.884,4.3080005205525815e-07
882.064,1.5170673301429757e-06
882.244,2.194012689455667e-06
882.424,2.551883445486548e-06
882.604,2.603053819247784e-06
882.784,2.519242561456152e-06
882.964,2.395248626349017e-06
883.144,2.1713759820845203e-06
883.324,1.8746766400127832e-06
883.504,1.5539770462434979e-06
883.683,1.259006374438197e-06
883.863,1.0224045997729413e-06
884.043,8.486480180219327e-07
884.223,7.12987775151737e-07
884.402,5.924434319751974e-07
884.582,4.872347232598752e-07
884.762,3.9103987301058627e-07
884.941,2.9510123466760227e-07
885.121,1.8959762554424852e-07
885.301,7.184325291529277e-08
885.48,0.0
885.66,0.0
885.839,0.0
886.019,0.0
886.198,0.0
886.378,0.0
886.557,0.0
886.737,0.0
886.916,0.0
887.095,0.0
887.275,0.0
887.454,0.0
887.633,0.0
887.813,0.0
887.992,0.0
888.171,0.0
888.35,0.0
888.53,0.0
888.709,0.0
888.888,0.0
889.067,0.0
889.246,0.0
889.425,0.0
889.604,0.0
889.783,0.0
889.962,0.0
890.141,0.0
890.32,0.0
890.499,0.0
890.678,0.0
890.857,0.0
891.036,0.0
891.214,0.0
891.393,0.0
891.572,0.0
891.751,0.0
891.93,0.0
892.108,0.0
892.287,0.0
892.466,0.0
892.644,0.0
892.823,0.0
893.001,0.0
893.18,0.0
893.359,0.0
893.537,0.0
893.716,0.0
893.894,0.0
894.073,0.0
894.251,0.0
894.429,0.0
894.608,0.0
894.786,0.0
894.964,0.0
895.143,0.0
895.321,0.0
895.499,0.0
895.677,0.0
895.856,0.0
896.034,0.0
896.212,0.0
896.39,0.0
896.568,0.0
896.746,0.0
896.924,0.0
897.102,0.0
897.28,0.0
897.458,0.0
897.636,0.0
897.814,0.0
897.992,0.0
898.17,0.0
898.348,0.0
898.526,0.0
898.704,0.0
898.882,0.0
899.059,0.0
899.237,0.0
899.415,0.0
899.593,0.0
899.77,0.0
899.948,0.0
900.125,0.0
900.303,2.0589275353218985e-07
900.481,4.825459879261229e-07
900.658,7.426776859446613e-07
900.836,9.846681777592263e-07
901.013,1.2096926598709817e-06
901.191,1.4206599870888299e-06
901.368,1.6244364000572446e-06
901.546,1.8241471682430718e-06
901.723,2.0232438969981855e-06
901.901,2.221605673063718e-06
902.078,2.416537378643335e-06
902.255,2.6024516894010757e-06
902.433,2.7537207952585023e-06
902.61,2.854663850294862e-06
902.787,2.899237084617692e-06
902.964,2.9381754691847404e-06
903.142,3.0070886852830055e-06
903.319,3.1698217341858687e-06
903.496,3.4915784911504057e-06
903.673,3.855424255331411e-06
903.85,4.400767965955826e-06
904.027,5.311079699950018e-06
904.204,6.719107920663777e-06
904.381,9.398898614497067e-06
904.558,1.3011024463098557e-05
904.735,1.5417394909452665e-05
904.912,1.5938286560009102e-05
905.089,1.5262341415065555e-05
905.266,1.3530571871633918e-05
905.443,1.1296116938856737e-05
905.62,9.260610091610237e-06
905.797,7.667279357007058e-06
905.974,6.608981295013633e-06
906.151,6.001005969715571e-06
906.327,5.673267916176199e-06
906.504,5.467823775822588e-06
906.681,5.362422900156623e-06
906.858,5.320644653823157e-06
907.034,5.282542087544578e-06
907.211,5.220243452965953e-06
907.388,5.1035927748376275e-06
907.564,4.931675580362578e-06
907.741,4.7215391800467925e-06
907.917,4.504438846405357e-06
908.094,4.2849832436668105e-06
908.271,4.065469135292676e-06
908.447,3.846660456718755e-06
908.623,3.6244145659197628e-06
908.8,3.3942260380526544e-06
908.976,3.1482235194254965e-06
909.153,2.8787920183757653e-06
909.329,2.5841918381769367e-06
909.505,2.2662953718658126e-06
909.682,1.9269713708934165e-06
909.858,1.5723715118194214e-06
910.034,1.2092045544849588e-06
910.211,8.444812425062475e-07
910.387,4.852410987945844e-07
910.563,1.37162829770312e-07
910.739,0.0
910.915,0.0
911.091,0.0
911.268,0.0
911.444,0.0
911.62,0.0
911.796,0.0
911.972,0.0
912.148,0.0
912.324,0.0
912.5,0.0
912.676,0.0
912.851,0.0
913.027,0.0
913.203,0.0
913.379,0.0
913.555,0.0
913.73,0.0
913.906,0.0
914.082,0.0
914.258,0.0
914.433,0.0
914.609,0.0
914.784,0.0
914.96,0.0
915.136,0.0
915.311,0.0
915.487,0.0
915.662,0.0
915.838,0.0
916.013,0.0
916.189,0.0
916.364,0.0
916.539,0.0
916.715,0.0
916.89,0.0
917.065,0.0
917.24,0.0
917.416,0.0
917.591,0.0
917.766,0.0
917.941,0.0
918.116,0.0
918.292,0.0
918.467,0.0
918.642,0.0
918.817,0.0
918.992,0.0
919.167,0.0
919.342,0.0
919.517,0.0
919.692,0.0
919.867,0.0
920.041,0.0
920.216,0.0
920.391,0.0
920.566,0.0
920.741,0.0
920.915,0.0
921.09,3.0391968411086234e-06
921.265,9.172283268277796e-06
921.439,1.2857149693269655e-05
921.614,1.0545458489067369e-05
921.789,5.82514931538816e-06
921.963,2.8896170591807297e-06
922.138,1.8693064907071673e-06
922.312,2.0655907227215765e-06
922.487,3.2197365263589815e-06
922.661,5.468805488098262e-06
922.836,8.10845030476983e-06
923.01,9.397516836809578e-06
923.185,9.319733588338853e-06
923.359,8.879968465067611e-06
923.534,8.43644336711645e-06
923.708,8.068047036248124e-06
923.882,7.755135646672042e-06
924.057,7.398033723553949e-06
924.231,6.927548793343317e-06
924.405,6.35851812825473e-06
924.579,5.73996008850634e-06
924.753,5.1372265765543386e-06
924.928,4.591978967037503e-06
925.102,4.159871454718496e-06
925.276,3.909266513139047e-06
925.45,3.857749787257693e-06
925.624,4.018525177631128e-06
925.798,4.515579632811517e-06
925.972,5.408341604993575e-06
926.146,6.6230281827328655e-06
926.32,8.081526981172097e-06
926.494,9.452244579366329e-06
926.668,1.0413307651365497e-05
926.842,1.09166312084829e-05
927.016,1.0959514902963086e-05
927.19,1.0670876870310745e-05
927.363,1.0203611124315802e-05
927.537,9.5879360634546e-06
927.711,8.857714058184418e-06
927.885,8.091714134406784e-06
928.058,7.36366347984192e-06
928.232,6.702813163672304e-06
928.406,6.110195023428507e-06
928.579,5.565558121696376e-06
928.753,5.053196023864326e-06
928.927,4.578942032131796e-06
929.1,4.148671771166173e-06
929.274,3.7447459216330275e-06
929.447,3.3502358534990964e-06
929.621,2.9670899323973002e-06
929.794,2.5971896950635947e-06
929.968,2.2436796276040375e-06
930.141,1.9049427336367565e-06
930.315,1.5759723036721486e-06
930.488,1.2512952414683095e-06
930.661,9.266906699437073e-07
930.835,5.984712031079031e-07
931.008,2.640412338360384e-07
931.181,0.0
931.354,0.0
931.528,0.0
931.701,0.0
931.874,0.0
932.047,0.0
932.22,0.0
932.393,0.0
932.566,0.0
932.739,0.0
932.912,0.0
933.085,0.0
933.258,0.0
933.431,0.0
933.604,0.0
933.777,0.0
933.95,0.0
934.123,0.0
934.296,0.0
934.468,0.0
934.641,0.0
934.814,0.0
934.987,0.0
935.159,0.0
935.332,0.0
935.505,0.0
935.677,0.0
935.85,0.0
936.022,0.0
936.195,0.0
936.367,0.0
936.54,0.0
936.712,0.0
936.885,0.0
937.057,0.0
937.229,0.0
937.402,0.0
937.574,0.0
937.746,0.0
937.919,8.774202456209856e-07
938.091,2.368712981166903e-06
938.263,4.385203276325925e-06
938.435,6.791153232681064e-06
938.608,9.59660985222862e-06
938.78,1.279367911413632e-05
938.952,1.6103656228044972e-05
939.124,2.0046647096209564e-05
939.296,2.391370806628831e-05
939.468,2.4183175124913972e-05
939.64,1.9881417102603258e-05
939.812,1.4886879558302173e-05
939.984,1.1778528130503485e-05
940.156,9.945599648669868e-06
940.328,8.73423891279954e-06
940.5,7.867250268139323e-06
940.672,7.165398067797972e-06
940.843,6.6429168537089314e-06
941.015,6.318477307153559e-06
941.187,6.16086318937677e-06
941.359,6.102880340434221e-06
941.531,6.080327782070612e-06
941.702,6.020167890668057e-06
941.874,5.911767899090034e-06
942.046,5.76733601462484e-06
942.217,5.598504380704874e-06
942.389,5.429040034762592e-06
942.56,5.2577179515142965e-06
942.732,5.081104597167387e-06
942.904,4.891209862219716e-06
943.075,4.680483992020964e-06
943.247,4.439349535800235e-06
943.418,4.159349786537109e-06
943.589,3.8382890359714615e-06
943.761,3.4759807856140996e-06
943.932,3.0799448067265112e-06
944.104,2.660270006676261e-06
944.275,2.228175781748306e-06
944.446,1.7951710298017042e-06
944.617,1.3711846858795492e-06
944.789,9.641059860527023e-07
944.96,5.803638486884379e-07
945.131,2.2162808166161612e-07
945.302,0.0
945.473,0.0
945.645,0.0
945.816,0.0
945.987,0.0
946.158,0.0
946.329,0.0
946.5,0.0
946.671,0.0
946.842,0.0
947.013,0.0
947.183,0.0
947.354,0.0
947.525,0.0
947.696,0.0
947.867,0.0
948.037,0.0
948.208,0.0
948.379,0.0
948.55,0.0
948.72,0.0
948.891,0.0
949.061,0.0
949.232,0.0
949.403,0.0
949.573,0.0
949.744,0.0
949.914,0.0
950.085,0.0
950.255,0.0
950.425,0.0
950.596,0.0
950.766,0.0
950.936,0.0
951.107,0.0
951.277,0.0
951.447,0.0
951.617,0.0
951.788,0.0
951.958,0.0
952.128,0.0
952.298,0.0
952.468,0.0
952.638,0.0
952.808,0.0
952.978,0.0
953.148,0.0
953.318,0.0
953.488,0.0
953.658,0.0
953.828,0.0
953.998,0.0
954.167,0.0
954.337,0.0
954.507,0.0
954.677,0.0
954.846,0.0
955.016,0.0
955.186,0.0
955.355,0.0
955.525,0.0
955.695,0.0
955.864,0.0
956.034,0.0
956.203,0.0
956.373,0.0
956.542,0.0
956.711,0.0
956.881,0.0
957.05,0.0
957.22,0.0
957.389,0.0
957.558,0.0
957.727,0.0
957.897,0.0
958.066,0.0
958.235,0.0
958.404,0.0
958.573,0.0
958.743,0.0
958.912,0.0
959.081,0.0
959.25,0.0
959.419,0.0
959.588,0.0
959.757,0.0
959.926,0.0
960.094,0.0
960.263,0.0
960.432,0.0
960.601,0.0
960.77,0.0
960.939,0.0
961.107,0.0
961.276,0.0
961.445,0.0
961.613,0.0
961.782,0.0
961.951,0.0
962.119,0.0
962.288,0.0
962.456,0.0
962.625,0.0
962.793,0.0
962.962,0.0
963.13,0.0
963.298,0.0
963.467,0.0
963.635,0.0
963.803,0.0
963.972,0.0
964.14,0.0
964.308,0.0
964.477,0.0
964.645,0.0
964.813,0.0
964.981,0.0
965.149,0.0
965.317,0.0
965.485,0.0
965.653,0.0
965.821,0.0
965.989,0.0
966.157,0.0
966.325,0.0
966.493,0.0
966.661,0.0
966.829,0.0
966.996,0.0
967.164,0.0
967.332,0.0
967.5,0.0
967.667,0.0
967.835,0.0
968.003,3.1802492616768245e-10
968.17,2.7662355634814908e-08
968.338,5.5869696119248394e-08
968.505,8.488149408406463e-08
968.673,1.1467418266103672e-07
968.841,1.4520576011985809e-07
969.008,1.763493616335496e-07
969.175,2.0793530286739424e-07
969.343,2.397621098214124e-07
969.51,2.715890928574499e-07
969.678,3.031994000270801e-07
969.845,3.344100933813056e-07
970.012,3.650066108095096e-07
970.18,3.947510866054157e-07
970.347,4.2341743187504095e-07
970.514,4.507812124368653e-07
970.681,4.766437703830716e-07
970.849,5.008335489149717e-07
971.016,5.231522808556185e-07
971.183,5.433433910831379e-07
971.35,5.611637952347372e-07
971.517,5.764472131849455e-07
971.684,5.890782401974064e-07
971.851,5.989674900118942e-07
972.018,6.060023490071855e-07
972.185,6.100369505303316e-07
972.352,6.109433728051954e-07
972.519,6.086521838239226e-07
972.686,6.031625495152215e-07
972.853,5.944578229255635e-07
973.02,5.824722727629622e-07
973.186,5.671541634523847e-07
973.353,5.484828398722536e-07
973.52,5.264847120068814e-07
973.687,5.012652138218999e-07
973.853,4.7297274951499614e-07
974.02,4.4173079184871085e-07
974.187,4.076751408471836e-07
974.353,3.709891314706314e-07
974.52,3.3189145812476037e-07
974.687,2.906887905427894e-07
974.853,2.4776686017182587e-07
975.02,2.0348484175306402e-07
975.186,1.5814656573001077e-07
975.353,1.1204307422733172e-07
975.519,6.549248309039904e-08
975.685,1.8853072653121516e-08
975.852,0.0
976.018,0.0
976.184,0.0
976.351,0.0
976.517,0.0
976.683,0.0
976.849,0.0
977.016,0.0
977.182,0.0
977.348,0.0
977.514,0.0
977.68,0.0
977.846,0.0
978.012,0.0
978.178,0.0
978.344,0.0
978.51,0.0
978.676,0.0
978.842,0.0
979.008,0.0
979.174,0.0
979.34,0.0
979.505,0.0
979.671,0.0
979.837,0.0
980.003,0.0
980.168,0.0
980.334,0.0
980.499,0.0
980.665,0.0
980.831,0.0
980.996,0.0
981.162,0.0
981.327,0.0
981.493,0.0
981.658,0.0
981.823,0.0
981.989,0.0
982.154,0.0
982.319,0.0
982.485,0.0
982.65,0.0
982.815,0.0
982.98,0.0
983.146,0.0
983.311,0.0
983.476,0.0
983.641,0.0
983.806,0.0
983.971,0.0
984.136,0.0
984.301,0.0
984.466,0.0
984.631,0.0
984.796,0.0
984.961,0.0
985.126,0.0
985.291,0.0
985.455,0.0
985.62,0.0
985.785,0.0
985.95,0.0
986.114,0.0
986.279,0.0
986.444,0.0
986.608,0.0
986.773,0.0
986.937,0.0
987.102,0.0
987.266,0.0
987.431,0.0
987.595,0.0
987.76,0.0
987.924,0.0
988.088,0.0
988.253,0.0
988.417,0.0
988.581,0.0
988.746,0.0
988.91,0.0
989.074,0.0
989.238,1.5489327341468365e-08
989.402,3.6775359150551764e-08
989.566,5.843370806554085e-08
989.731,8.024918324620647e-08
989.895,1.0200213479163121e-07
990.059,1.2348859319315812e-07
990.223,1.445457970194659e-07
990.387,1.6507218174885503e-07
990.551,1.8494096478925396e-07
990.714,2.0393232084595623e-07
990.878,2.2163835849206276e-07
991.042,2.3770372806625385e-07
991.206,2.5177127747917174e-07
991.37,2.6349422494364935e-07
991.534,2.724731769481768e-07
991.697,2.781766242255658e-07
991.861,2.8003884168527177e-07
992.025,2.7747839114123947e-07
992.188,2.699073643806805e-07
992.352,2.5669245139629056e-07
992.516,2.3715298239487283e-07
992.679,2.1055031611056445e-07
992.843,1.7611426602563352e-07
993.006,1.3314138194321504e-07
993.17,8.096550621790064e-08
993.333,1.898467609623392e-08
993.497,0.0
993.66,0.0
993.824,0.0
993.987,0.0
994.15,0.0
994.314,0.0
994.477,0.0
994.64,0.0
994.803,0.0
994.967,0.0
995.13,0.0
995.293,0.0
995.456,0.0
995.619,0.0
995.782,0.0
995.945,0.0
996.108,0.0
996.271,0.0
996.434,0.0
996.597,0.0
996.76,0.0
996.923,0.0
997.086,0.0
997.248,0.0
997.411,0.0
997.574,0.0
997.737,0.0
997.899,0.0
998.062,0.0
998.225,0.0
998.387,0.0
998.55,0.0
998.712,0.0
998.875,0.0
999.037,0.0
999.2,0.0
999.362,0.0
999.525,0.0
999.687,0.0
999.849,0.0
