237.496,6.953470548572474e-08
237.566,0.0
237.636,0.0
237.705,0.0
237.775,0.0
237.845,0.0
237.914,0.0
237.984,0.0
238.054,0.0
238.123,3.2058827571562164e-07
238.193,5.662340733132772e-07
238.263,6.336543979610837e-07
238.332,4.976334572628762e-07
238.402,3.08308932665623e-07
238.471,1.4985431341601805e-07
238.541,3.9562056962042404e-08
238.611,0.0
238.68,0.0
238.75,0.0
238.819,2.8205242862662387e-08
238.889,8.531437081337736e-08
238.958,1.41355151081098e-07
239.028,1.7878017643878365e-07
239.097,1.949368642584613e-07
239.167,1.9009937515985963e-07
239.237,1.6988393948880676e-07
239.306,1.3956420175403308e-07
239.376,1.0958711522184491e-07
239.445,8.515985447637645e-08
239.515,6.7757383473231e-08
239.584,5.8477343296426666e-08
239.654,5.513824539860801e-08
239.723,5.6160062111769016e-08
239.793,5.939270209806189e-08
239.862,6.319644532476878e-08
239.932,6.703161113559233e-08
240.001,7.145760310486278e-08
240.07,7.56393511939219e-08
240.14,8.025966359940653e-08
240.209,8.499888270369744e-08
240.279,8.991232575802013e-08
240.348,9.552181245556844e-08
240.418,1.0100845810962336e-07
240.487,1.0402158632371735e-07
240.556,1.030083177406194e-07
240.626,9.7296390399826e-08
240.695,8.72463261571064e-08
240.765,7.444762753773471e-08
240.834,5.9577337985944355e-08
240.903,4.3453129996443395e-08
240.973,2.6740091433993307e-08
241.042,9.820387533639588e-09
241.112,0.0
241.181,0.0
241.25,0.0
241.32,0.0
241.389,0.0
241.458,0.0
241.528,0.0
241.597,0.0
241.666,0.0
241.736,0.0
241.805,0.0
241.874,0.0
241.943,0.0
242.013,0.0
242.082,0.0
242.151,0.0
242.221,0.0
242.29,1.2550465472538438e-08
242.359,2.8700463424991523e-08
242.428,4.5616044060218415e-08
242.498,6.335557144248286e-08
242.567,8.199879575355855e-08
242.636,1.0179343104097336e-07
242.705,1.2290292242222465e-07
242.774,1.4541510552839182e-07
242.844,1.6933168978126484e-07
242.913,1.9445247831360213e-07
242.982,2.2040672446861936e-07
243.051,2.470229745587379e-07
243.12,2.741257761676776e-07
243.19,3.0154390739619137e-07
243.259,3.2912253969573706e-07
243.328,3.5671415826829156e-07
243.397,3.839693600523328e-07
243.466,4.1058958836710483e-07
243.535,4.3630143218188404e-07
243.605,4.6091919091720714e-07
243.674,4.84327450879682e-07
243.743,5.063843243495738e-07
243.812,5.269096614180727e-07
243.881,5.457094975885596e-07
243.95,5.625681657925972e-07
244.019,5.773674140592296e-07
244.088,5.900363415372548e-07
244.158,6.004877284515007e-07
244.227,6.086522373293598e-07
244.296,6.144508192548983e-07
244.365,6.177953914449131e-07
244.434,6.186514145540868e-07
244.503,6.169816754731718e-07
244.572,6.126776339188359e-07
244.641,6.056419491492363e-07
244.71,5.957846371123131e-07
244.779,5.830183126596733e-07
244.848,5.672914303889029e-07
244.917,5.485851948173128e-07
244.986,5.269194244423542e-07
245.055,5.023839858781791e-07
245.124,4.7513566120466104e-07
245.193,4.453672270015635e-07
245.262,4.1327709240948595e-07
245.331,3.790938176580505e-07
245.4,3.430454828975166e-07
245.469,3.0537222020804754e-07
245.538,2.663124451358903e-07
245.607,2.2611613002775074e-07
245.676,1.850408745548321e-07
245.745,1.4335133508264344e-07
245.814,1.0127551391298667e-07
245.883,5.902141217424126e-08
245.952,1.682294010002969e-08
246.021,0.0
246.09,0.0
246.159,0.0
246.227,0.0
246.296,0.0
246.365,0.0
246.434,0.0
246.503,0.0
246.572,0.0
246.641,0.0
246.71,0.0
246.779,0.0
246.847,0.0
246.916,0.0
246.985,0.0
247.054,0.0
247.123,0.0
247.192,0.0
247.26,0.0
247.329,0.0
247.398,0.0
247.467,0.0
247.536,0.0
247.604,0.0
247.673,0.0
247.742,0.0
247.811,0.0
247.879,0.0
247.948,0.0
248.017,0.0
248.086,0.0
248.154,0.0
248.223,0.0
248.292,0.0
248.361,0.0
248.429,0.0
248.498,0.0
248.567,0.0
248.635,0.0
248.704,0.0
248.773,0.0
248.841,0.0
248.91,0.0
248.979,0.0
249.047,1.6522116657077697e-08
249.116,4.204339997925876e-08
249.185,6.68798675398168e-08
249.253,9.093891175133497e-08
249.322,1.1413488839338625e-07
249.39,1.3641540643321904e-07
249.459,1.5779673092681614e-07
249.528,1.7830870882280858e-07
249.596,1.9797389908228983e-07
249.665,2.1684464741179295e-07
249.733,2.3496567599256938e-07
249.802,2.523684423199577e-07
249.871,2.691210176575647e-07
249.939,2.8529310816789753e-07
250.008,3.009411089260574e-07
250.076,3.161353720612434e-07
250.145,3.309200853152518e-07
250.213,3.452932714085262e-07
250.282,3.5927738060827024e-07
250.35,3.7291163571537684e-07
250.419,3.861989239017031e-07
250.487,3.991286942516455e-07
250.556,4.1165418992535487e-07
250.624,4.236928905575924e-07
250.693,4.351892677647687e-07
250.761,4.4609020237359493e-07
250.83,4.562978639977292e-07
250.898,4.656792672346316e-07
250.967,4.7406629972820114e-07
251.035,4.812796213468725e-07
251.104,4.871678083930047e-07
251.172,4.915802525829563e-07
251.241,4.943565532475962e-07
251.309,4.953546819065914e-07
251.378,4.944428730334478e-07
251.446,4.914954389094271e-07
251.514,4.864098924389376e-07
251.583,4.790790903898737e-07
251.651,4.693683728092681e-07
251.72,4.571553955824225e-07
251.788,4.423216758995368e-07
251.856,4.247237195893863e-07
251.925,4.0424101557519774e-07
251.993,3.8076429217890827e-07
252.062,3.5417066974743833e-07
252.13,3.243563938767487e-07
252.198,2.9123575358679076e-07
252.267,2.5474373896525775e-07
252.335,2.148616591792243e-07
252.403,1.716136604279732e-07
252.472,1.2501990612656855e-07
252.54,7.511950793823572e-08
252.608,2.2000731431695758e-08
252.677,0.0
252.745,0.0
252.813,0.0
252.881,0.0
252.95,0.0
253.018,0.0
253.086,0.0
253.155,0.0
253.223,0.0
253.291,0.0
253.359,0.0
253.428,0.0
253.496,0.0
253.564,0.0
253.632,0.0
253.7,0.0
253.769,0.0
253.837,0.0
253.905,0.0
253.973,0.0
254.041,0.0
254.11,0.0
254.178,0.0
254.246,0.0
254.314,0.0
254.382,0.0
254.45,0.0
254.518,0.0
254.587,0.0
254.655,0.0
254.723,0.0
254.791,0.0
254.859,0.0
254.927,0.0
254.995,0.0
255.063,0.0
255.131,0.0
255.199,0.0
255.267,0.0
255.336,0.0
255.404,0.0
255.472,0.0
255.54,0.0
255.608,0.0
255.676,0.0
255.744,0.0
255.812,0.0
255.88,0.0
255.948,0.0
256.016,0.0
256.084,0.0
256.152,0.0
256.22,0.0
256.288,0.0
256.356,0.0
256.424,0.0
256.491,0.0
256.559,0.0
256.627,0.0
256.695,0.0
256.763,0.0
256.831,0.0
256.899,0.0
256.967,0.0
257.035,0.0
257.103,0.0
257.171,0.0
257.238,0.0
257.306,0.0
257.374,0.0
257.442,0.0
257.51,0.0
257.578,0.0
257.646,0.0
257.713,0.0
257.781,0.0
257.849,0.0
257.917,0.0
257.985,0.0
258.052,0.0
258.12,0.0
258.188,0.0
258.256,0.0
258.324,0.0
258.391,0.0
258.459,0.0
258.527,0.0
258.595,0.0
258.662,0.0
258.73,0.0
258.798,0.0
258.865,0.0
258.933,0.0
259.001,0.0
259.069,0.0
259.136,0.0
259.204,0.0
259.272,0.0
259.339,0.0
259.407,0.0
259.475,0.0
259.542,0.0
259.61,0.0
259.677,0.0
259.745,0.0
259.813,0.0
259.88,0.0
259.948,0.0
260.016,0.0
260.083,0.0
260.151,0.0
260.218,0.0
260.286,0.0
260.353,0.0
260.421,0.0
260.489,0.0
260.556,0.0
260.624,0.0
260.691,0.0
260.759,0.0
260.826,0.0
260.894,0.0
260.961,0.0
261.029,0.0
261.096,0.0
261.164,0.0
261.231,0.0
261.299,0.0
261.366,0.0
261.434,0.0
261.501,0.0
261.568,0.0
261.636,0.0
261.703,0.0
261.771,0.0
261.838,6.094737607029635e-10
261.906,2.6704720610924528e-08
261.973,5.180925016311143e-08
262.04,7.583183851426874e-08
262.108,9.872842287090838e-08
262.175,1.2043044027415546e-07
262.243,1.408244230812032e-07
262.31,1.597809230660478e-07
262.377,1.7712769388941728e-07
262.445,1.9273724409290575e-07
262.512,2.0656219866683447e-07
262.579,2.1856788750959063e-07
262.647,2.2870636410640855e-07
262.714,2.3694953424934606e-07
262.781,2.4328323569215136e-07
262.849,2.4771623823490236e-07
262.916,2.5036225965793005e-07
262.983,2.5132468253176664e-07
263.051,2.5068408414985586e-07
263.118,2.485384682343835e-07
263.185,2.449171394712685e-07
263.252,2.398592918859513e-07
263.32,2.3344032466131887e-07
263.387,2.2571348738042033e-07
263.454,2.1671421690580704e-07
263.522,2.064966682534417e-07
263.589,1.950946567343803e-07
263.656,1.8256527466813327e-07
263.723,1.6907130039923267e-07
263.79,1.547565430793172e-07
263.858,1.3975960645278946e-07
263.925,1.2424806850597817e-07
263.992,1.0836416450548097e-07
264.059,9.231655648909084e-08
264.126,7.636452712748689e-08
264.194,6.07572476933755e-08
264.261,4.5739399949133275e-08
264.328,3.158513030850718e-08
264.395,1.8659658026032972e-08
264.462,7.443162176033621e-09
264.529,0.0
264.597,0.0
264.664,0.0
264.731,0.0
264.798,1.001482090504779e-09
264.865,1.5927509132933514e-08
264.932,3.906865193182308e-08
264.999,7.186656298380108e-08
265.066,1.1576232179664313e-07
265.133,1.7219823467428523e-07
265.201,2.425822099948621e-07
265.268,3.281748032182779e-07
265.335,4.3001005600178334e-07
265.402,5.486984331810671e-07
265.469,6.843149277716964e-07
265.536,8.363718827368175e-07
265.603,1.0037846668940283e-06
265.67,1.18489446832318e-06
265.737,1.3775576227454897e-06
265.804,1.5791897782923238e-06
265.871,1.7868733234909205e-06
265.938,1.9976334581616115e-06
266.005,2.2085863682011263e-06
266.072,2.4170923396168212e-06
266.139,2.620895053513505e-06
266.206,2.818066635666534e-06
266.273,3.007068250275572e-06
266.34,3.18679936722411e-06
266.407,3.356547861802532e-06
266.474,3.5159648022526567e-06
266.541,3.6649319223229493e-06
266.608,3.80345094821797e-06
266.675,3.9316250015367175e-06
266.742,4.0496742400095e-06
266.808,4.157902533131612e-06
266.875,4.2566718801786264e-06
266.942,4.346336105728191e-06
267.009,4.4271655285364565e-06
267.076,4.499454896742688e-06
267.143,4.563528914899741e-06
267.21,4.619730676840201e-06
267.277,4.66843826846189e-06
267.344,4.709964874488501e-06
267.41,4.744545173009743e-06
267.477,4.772377928886193e-06
267.544,4.793646488265151e-06
267.611,4.808516081026746e-06
267.678,4.817132141221448e-06
267.745,4.8196045549780365e-06
267.811,4.815981212808756e-06
267.878,4.806275414305293e-06
267.945,4.7905434326774545e-06
268.012,4.768897364034603e-06
268.079,4.7414591971091634e-06
268.145,4.708346888744475e-06
268.212,4.6696172376279605e-06
268.279,4.6252601864455095e-06
268.346,4.575285234139553e-06
268.412,4.519700894396956e-06
268.479,4.458473569523177e-06
268.546,4.391521512547037e-06
268.613,4.318694694029106e-06
268.679,4.239870166678757e-06
268.746,4.155016216689491e-06
268.813,4.06415803025934e-06
268.879,3.967353952015688e-06
268.946,3.864679637129422e-06
269.013,3.7562140861526703e-06
269.079,3.642119422365285e-06
269.146,3.522693268048234e-06
269.213,3.398243063733943e-06
269.28,3.2691215072291e-06
269.346,3.1357718542638464e-06
269.413,2.9986819536944504e-06
269.479,2.858525722180207e-06
269.546,2.7161858226672006e-06
269.613,2.572662104369873e-06
269.679,2.429095491408346e-06
269.746,2.2867335493708735e-06
269.813,2.146845486529389e-06
269.879,2.0107014938439323e-06
269.946,1.87952295343156e-06
270.012,1.7543855262467624e-06
270.079,1.6360622466173764e-06
270.145,1.524952108819918e-06
270.212,1.4210496270274578e-06
270.279,1.3240080651229778e-06
270.345,1.2332208409704047e-06
270.412,1.1478833795004984e-06
270.478,1.0670357499546992e-06
270.545,9.896654483582304e-07
270.611,9.147584981969593e-07
270.678,8.414459625080389e-07
270.744,7.690435200084465e-07
270.811,6.969732008222561e-07
270.877,6.247414751810775e-07
270.944,5.519497516637887e-07
271.01,4.782991075115663e-07
271.077,4.0361601582873794e-07
271.143,3.278325604526675e-07
271.21,2.508883264418258e-07
271.276,1.727438536493536e-07
271.342,9.343221319546939e-08
271.409,1.304460616740078e-08
271.475,0.0
271.542,0.0
271.608,0.0
271.675,0.0
271.741,0.0
271.807,0.0
271.874,0.0
271.94,0.0
272.007,0.0
272.073,0.0
272.139,0.0
272.206,0.0
272.272,0.0
272.338,0.0
272.405,0.0
272.471,0.0
272.537,0.0
272.604,0.0
272.67,0.0
272.736,0.0
272.802,0.0
272.869,0.0
272.935,0.0
273.001,0.0
273.068,0.0
273.134,0.0
273.2,0.0
273.266,0.0
273.333,0.0
273.399,0.0
273.465,0.0
273.531,0.0
273.597,0.0
273.664,0.0
273.73,0.0
273.796,0.0
273.862,0.0
273.928,0.0
273.995,0.0
274.061,0.0
274.127,0.0
274.193,0.0
274.259,0.0
274.325,0.0
274.391,0.0
274.457,0.0
274.524,0.0
274.59,0.0
274.656,0.0
274.722,0.0
274.788,0.0
274.854,0.0
274.92,0.0
274.986,0.0
275.052,0.0
275.118,0.0
275.184,6.934812189664381e-08
275.25,2.0236418989884648e-07
275.316,3.4899296347572605e-07
275.382,5.095356072377983e-07
275.448,6.852692102692487e-07
275.514,8.798686123294383e-07
275.58,1.0953689797533138e-06
275.646,1.3355857342815316e-06
275.712,1.6037580100465594e-06
275.778,1.9059373461786517e-06
275.844,2.2424545036855194e-06
275.91,2.608326249302001e-06
275.976,2.9906538795554204e-06
276.042,3.371005377280518e-06
276.108,3.73560347897265e-06
276.174,4.081607897776543e-06
276.24,4.408678402963679e-06
276.306,4.703969799988361e-06
276.372,4.979795023429179e-06
276.437,5.255009018228788e-06
276.503,5.561725596537739e-06
276.569,5.945188996431394e-06
276.635,6.445897186501903e-06
276.701,7.071502433441004e-06
276.767,7.814734483406985e-06
276.833,8.717026684932941e-06
276.899,9.754552736172567e-06
276.964,1.0955460845897665e-05
277.03,1.2335613408095702e-05
277.096,1.3886382864425826e-05
277.162,1.5641200426507193e-05
277.228,1.748711289783016e-05
277.293,1.959794982616632e-05
277.359,2.1842730355617742e-05
277.425,2.4300385186914836e-05
277.491,3.0357585760793834e-05
277.557,4.656215493706327e-05
277.622,7.847629454032216e-05
277.688,7.54746807386776e-05
277.754,7.890862109400015e-05
277.82,9.242996999153804e-05
277.885,0.00012171096056326623
277.951,0.00017176060335928806
278.017,0.00013331006247202344
278.083,0.00010876391172556625
278.148,9.956247282242582e-05
278.214,0.0001021305551094769
278.28,0.00010993831253206174
278.345,9.32865897098038e-05
278.411,8.125911006892483e-05
278.477,8.415429328915137e-05
278.542,9.429390194564133e-05
278.608,0.0001068853543709306
278.674,0.00012351997220186293
278.739,0.00014577673894647345
278.805,0.0001713870734085168
278.871,0.0002127288099471782
278.936,0.00028931044683284425
279.002,0.000467925692973049
279.067,0.0006485921903974818
279.133,0.0006351903349255821
279.199,0.0005700756456357954
279.264,0.0006005185071515766
279.33,0.0007430750770598538
279.395,0.0010321084756764933
279.461,0.0014396483425201303
279.527,0.0016719108237174406
279.592,0.0014993957915203854
279.658,0.0011844786838411617
279.723,0.0011053639955707142
279.789,0.001157362820231596
279.854,0.0010187151025680425
279.92,0.0008035179321188633
279.985,0.0007178683301843793
280.051,0.0007253269483914067
280.116,0.000904920798841324
280.182,0.0013129266522812278
280.247,0.0015438753836534184
280.313,0.0012546172345294408
280.378,0.0008095691460643749
280.444,0.0005479111848088229
280.509,0.0004040981139347187
280.574,0.00032666863966241896
280.64,0.0002639165351644117
280.705,0.00023023198145968068
280.771,0.00020033364373240716
280.836,0.00017548875696820213
280.902,0.00015565030925648442
280.967,0.00013938499968185912
281.032,0.00012552494889222653
281.098,0.00011352676006342281
281.163,0.00010276579338194454
281.229,9.274080056377992e-05
281.294,8.327103831009248e-05
281.359,7.432939840663956e-05
281.425,6.594629231487675e-05
281.49,5.8245287890929224e-05
281.555,5.133785427487821e-05
281.621,4.528621489993877e-05
281.686,4.0111663251720726e-05
281.751,3.5742867894799625e-05
281.816,3.206659390943051e-05
281.882,2.8947882829638352e-05
281.947,2.6257130081430104e-05
282.012,2.4001314117137276e-05
282.078,2.2094833937813572e-05
282.143,2.0388962100809826e-05
282.208,1.8849185947622153e-05
282.273,1.6723466403368233e-05
282.339,1.399751929944187e-05
282.404,1.2076676408893958e-05
282.469,1.0958085394263384e-05
282.534,9.910702900373838e-06
282.6,8.935824885061935e-06
282.665,7.937676348161176e-06
282.73,6.9102832814412774e-06
282.795,5.96584085599212e-06
282.86,5.09788964137623e-06
282.926,4.303724911026837e-06
282.991,3.5889709942472903e-06
283.056,2.9340761970312957e-06
283.121,2.3365501790221885e-06
283.186,1.8130126093077636e-06
283.251,1.350159729480527e-06
283.316,9.44563814413032e-07
283.382,5.91289365658556e-07
283.447,2.78064971389362e-07
283.512,0.0
283.577,0.0
283.642,0.0
283.707,0.0
283.772,0.0
283.837,0.0
283.902,0.0
283.967,0.0
284.032,0.0
284.097,0.0
284.163,0.0
284.228,6.768199367808677e-07
284.293,1.8128794566123638e-06
284.358,3.061980447340052e-06
284.423,4.21134927209624e-06
284.488,5.28400191151403e-06
284.553,6.419557074509468e-06
284.618,8.048488700349987e-06
284.683,1.0902402259038687e-05
284.748,1.5174624178231381e-05
284.812,2.0925414223363492e-05
284.877,3.011437631848806e-05
284.942,4.656764158731205e-05
285.007,7.30465736316017e-05
285.072,0.00013817444730922478
285.137,0.0003034749879662358
285.202,0.00043480282881009816
285.267,0.00034045641566816064
285.332,0.00018901324556865298
285.397,0.00010924538005261914
285.462,7.69573616302154e-05
285.527,5.617560668472847e-05
285.591,4.288228463470021e-05
285.656,3.3920804583593286e-05
285.721,2.696876903132878e-05
285.786,2.1275080955251843e-05
285.851,1.6959388367782688e-05
285.916,1.3668139482190492e-05
285.981,1.1108177984470745e-05
286.045,9.179262444951682e-06
286.11,7.677316460506637e-06
286.175,6.453443462756997e-06
286.24,5.501929212950658e-06
286.305,4.751158950465831e-06
286.369,4.157298393735052e-06
286.434,3.710886959422808e-06
286.499,3.332320266723694e-06
286.564,2.977561656236672e-06
286.628,2.6312242009872953e-06
286.693,2.282873856597065e-06
286.758,1.931016693827091e-06
286.823,1.5831361694779057e-06
286.887,1.2349365608417903e-06
286.952,8.961205449522602e-07
287.017,5.794218436741091e-07
287.082,3.056442857537228e-07
287.146,8.037883512245069e-08
287.211,0.0
287.276,0.0
287.34,0.0
287.405,0.0
287.47,0.0
287.534,0.0
287.599,0.0
287.663,0.0
287.728,0.0
287.793,0.0
287.857,0.0
287.922,0.0
287.987,0.0
288.051,0.0
288.116,0.0
288.18,0.0
288.245,0.0
288.309,0.0
288.374,0.0
288.439,0.0
288.503,0.0
288.568,0.0
288.632,0.0
288.697,0.0
288.761,0.0
288.826,0.0
288.89,0.0
288.955,0.0
289.019,0.0
289.084,0.0
289.148,0.0
289.212,0.0
289.277,0.0
289.341,0.0
289.406,0.0
289.47,0.0
289.535,0.0
289.599,0.0
289.663,0.0
289.728,0.0
289.792,0.0
289.857,0.0
289.921,0.0
289.985,9.960438324786398e-08
290.05,2.1958987086632857e-07
290.114,3.444678581160676e-07
290.178,4.802470795047236e-07
290.243,6.333494820908825e-07
290.307,8.069844424936642e-07
290.371,1.0029065598501743e-06
290.436,1.2118191734770803e-06
290.5,1.4349077445112587e-06
290.564,1.6730340169827965e-06
290.629,1.9252305684075776e-06
290.693,2.1704727317443587e-06
290.757,2.3988461765496537e-06
290.821,2.6075624875225713e-06
290.886,2.8053150739150764e-06
290.95,3.043365566510806e-06
291.014,3.3485453196650415e-06
291.078,3.7254191508771993e-06
291.143,4.163417875848262e-06
291.207,4.754254418321441e-06
291.271,5.565097749768167e-06
291.335,6.571444494778241e-06
291.399,7.741228943155426e-06
291.464,8.723288534037555e-06
291.528,9.173574530391681e-06
291.592,9.015368494907393e-06
291.656,8.261211855732238e-06
291.72,7.238985313619351e-06
291.784,6.332390539114946e-06
291.849,5.754315792131401e-06
291.913,5.551345781767331e-06
291.977,5.656099694123154e-06
292.041,5.942216540979351e-06
292.105,6.261109233227142e-06
292.169,6.648475603177335e-06
292.233,7.125620200800086e-06
292.297,7.827063945196675e-06
292.361,8.897000763044934e-06
292.425,1.0282651885319272e-05
292.49,1.1996047302030062e-05
292.554,1.395714834893473e-05
292.618,1.7471997178433992e-05
292.682,2.483024848633327e-05
292.746,3.452322652035579e-05
292.81,6.247190102695895e-05
292.874,9.119758529870648e-05
292.938,9.589520855576144e-05
293.002,7.999245183390922e-05
293.066,6.819257859394267e-05
293.13,5.891500909129484e-05
293.194,5.157651008934983e-05
293.258,4.687254785230545e-05
293.322,4.542632436121192e-05
293.386,4.775280995194195e-05
293.45,5.427770847451203e-05
293.514,6.679423750217588e-05
293.577,0.00010665568198057234
293.641,0.00015965257368710182
293.705,0.0001773363396468
293.769,0.00015883011428500892
293.833,0.00012960741208489963
293.897,0.00010543354303133029
293.961,8.726648397151587e-05
294.025,7.388502197195254e-05
294.089,6.346945441164297e-05
294.152,5.521011270655132e-05
294.216,4.8620442873766406e-05
294.28,4.312875441892794e-05
294.344,3.840126887546387e-05
294.408,3.4270921925495874e-05
294.472,3.057052579664965e-05
294.536,2.7242932333643087e-05
294.599,2.4254841928870807e-05
294.663,2.1553351648814175e-05
294.727,1.9156232420873445e-05
294.791,1.7060395315971722e-05
294.855,1.5238238566745283e-05
294.918,1.3655502319336475e-05
294.982,1.2266612424029886e-05
295.046,1.102788079893699e-05
295.11,9.906427581415725e-06
295.173,8.883108214392082e-06
295.237,7.93215239275666e-06
295.301,7.037386582316452e-06
295.364,6.194464404409932e-06
295.428,5.405457050049902e-06
295.492,4.678344599177376e-06
295.556,4.021863491941404e-06
295.619,3.4400676856891823e-06
295.683,2.931248907785414e-06
295.747,2.4141664251094495e-06
295.81,1.885603190654675e-06
295.874,1.997431792157902e-06
295.938,2.7392825137042687e-06
296.001,1.45867698770976e-07
296.065,9.58042631163919e-07
296.128,1.215043881843537e-06
296.192,9.136854260932651e-07
296.256,7.109117176715517e-07
296.319,6.048511767465956e-07
296.383,5.154079724445292e-07
296.447,4.405009862804954e-07
296.51,3.779831324254434e-07
296.574,3.247603910300564e-07
296.637,2.771528039433637e-07
296.701,2.3379862358354323e-07
296.764,1.9365854584756837e-07
296.828,1.5409433285803804e-07
296.891,1.1386507666465101e-07
296.955,7.275230600738078e-08
297.018,3.084865656505215e-08
297.082,0.0
297.145,0.0
297.209,0.0
297.272,0.0
297.336,0.0
297.399,0.0
297.463,0.0
297.526,0.0
297.59,0.0
297.653,0.0
297.717,0.0
297.78,0.0
297.843,0.0
297.907,0.0
297.97,0.0
298.034,0.0
298.097,0.0
298.16,0.0
298.224,0.0
298.287,0.0
298.35,0.0
298.414,0.0
298.477,0.0
298.54,0.0
298.604,0.0
298.667,0.0
298.73,0.0
298.794,0.0
298.857,0.0
298.92,0.0
298.984,0.0
299.047,0.0
299.11,0.0
299.173,0.0
299.237,0.0
299.3,0.0
299.363,0.0
299.426,0.0
299.489,0.0
299.553,0.0
299.616,0.0
299.679,0.0
299.742,0.0
299.805,0.0
299.868,0.0
299.932,0.0
299.995,0.0
300.058,0.0
300.121,0.0
300.184,0.0
300.247,0.0
300.31,0.0
300.374,0.0
300.437,0.0
300.5,0.0
300.563,0.0
300.626,0.0
300.689,0.0
300.752,0.0
300.815,0.0
300.878,0.0
300.941,0.0
301.004,0.0
301.067,0.0
301.13,0.0
301.193,0.0
301.256,0.0
301.319,0.0
301.382,0.0
301.445,0.0
301.508,0.0
301.571,0.0
301.634,0.0
301.697,0.0
301.76,0.0
301.823,0.0
301.885,0.0
301.948,0.0
302.011,0.0
302.074,0.0
302.137,0.0
302.2,0.0
302.263,0.0
302.326,0.0
302.388,0.0
302.451,0.0
302.514,0.0
302.577,0.0
302.64,0.0
302.703,0.0
302.765,0.0
302.828,0.0
302.891,0.0
302.954,0.0
303.016,0.0
303.079,0.0
303.142,0.0
303.205,0.0
303.267,0.0
303.33,0.0
303.393,0.0
303.456,0.0
303.518,0.0
303.581,0.0
303.644,0.0
303.706,0.0
303.769,0.0
303.832,0.0
303.894,0.0
303.957,0.0
304.02,0.0
304.082,0.0
304.145,0.0
304.207,0.0
304.27,0.0
304.333,0.0
304.395,0.0
304.458,0.0
304.52,0.0
304.583,0.0
304.646,0.0
304.708,0.0
304.771,0.0
304.833,0.0
304.896,0.0
304.958,0.0
305.021,0.0
305.083,0.0
305.146,0.0
305.208,0.0
305.271,0.0
305.333,0.0
305.396,0.0
305.458,0.0
305.52,0.0
305.583,0.0
305.645,0.0
305.708,0.0
305.77,0.0
305.833,0.0
305.895,0.0
305.957,0.0
306.02,0.0
306.082,0.0
306.144,0.0
306.207,0.0
306.269,0.0
306.331,0.0
306.394,0.0
306.456,0.0
306.518,0.0
306.581,0.0
306.643,0.0
306.705,0.0
306.768,0.0
306.83,0.0
306.892,0.0
306.954,0.0
307.017,0.0
307.079,0.0
307.141,0.0
307.203,0.0
307.266,0.0
307.328,0.0
307.39,5.123758520267189e-08
307.452,1.4147449466455117e-07
307.514,2.4059398973394217e-07
307.577,3.4825816464400093e-07
307.639,4.6402011625988886e-07
307.701,5.8738169001014e-07
307.763,7.192904865909736e-07
307.825,8.607209804354775e-07
307.887,1.0127370001362669e-06
307.949,1.1763651108237136e-06
308.012,1.352536786368485e-06
308.074,1.5421979099700024e-06
308.136,1.7462561476294452e-06
308.198,1.965671401527801e-06
308.26,2.2013805258934273e-06
308.322,2.4541035302027338e-06
308.384,2.7243599403716684e-06
308.446,3.011104320591005e-06
308.508,3.3132352575278063e-06
308.57,3.6296564604039028e-06
308.632,3.959270986774779e-06
308.694,4.300978749938583e-06
308.756,4.6510658211539235e-06
308.818,5.0055381555972635e-06
308.88,5.358278180891804e-06
308.942,5.702990337873378e-06
309.004,6.033548084628167e-06
309.066,6.343742571105605e-06
309.128,6.627342447006926e-06
309.19,6.877970073855748e-06
309.252,7.089408502736213e-06
309.314,7.256054068362948e-06
309.376,7.373045492549035e-06
309.438,7.440109250608588e-06
309.5,7.457105449556361e-06
309.562,7.424030996497602e-06
309.624,7.340995636737012e-06
309.686,7.208177775862894e-06
309.747,7.027459812529341e-06
309.809,6.801087678209293e-06
309.871,6.534692237072932e-06
309.933,6.234366110177578e-06
309.995,5.9062242286994075e-06
310.057,5.556579548731866e-06
310.119,5.192065403601553e-06
310.18,4.819694995571861e-06
310.242,4.446381580285843e-06
310.304,4.078573518535915e-06
310.366,3.7220180474673945e-06
310.428,3.3777975263106e-06
310.489,3.04704066779299e-06
310.551,2.7308946141566928e-06
310.613,2.4305354433251846e-06
310.675,2.147141778881112e-06
310.737,1.8818440904666721e-06
310.798,1.635769013589495e-06
310.86,1.4083031324922096e-06
310.922,1.1986215534651208e-06
310.983,1.005869039480202e-06
311.045,8.291071664848718e-07
311.107,6.671172188513994e-07
311.169,5.184532445726386e-07
311.23,3.817195898131547e-07
311.292,2.5559606049079295e-07
311.354,1.39001767129781e-07
311.415,3.264896184732833e-08
311.477,0.0
311.539,0.0
311.6,0.0
311.662,0.0
311.724,0.0
311.785,0.0
311.847,0.0
311.908,0.0
311.97,0.0
312.032,0.0
312.093,0.0
312.155,0.0
312.216,0.0
312.278,0.0
312.339,0.0
312.401,0.0
312.462,0.0
312.524,0.0
312.585,1.339617897102206e-08
312.647,7.986784939281712e-08
312.708,1.4766617323709467e-07
312.77,2.1594599072272375e-07
312.831,2.8416034473364875e-07
312.893,3.518480548487188e-07
312.954,4.1858293647986507e-07
313.016,4.839632212369608e-07
313.077,5.47691968732377e-07
313.139,6.095738284987036e-07
313.2,6.694013613499874e-07
313.261,7.26982873811751e-07
313.323,7.820805368399618e-07
313.384,8.341737445742311e-07
313.446,8.828427464601297e-07
313.507,9.277308505294221e-07
313.568,9.685603259736454e-07
313.63,1.0050575189926343e-06
313.691,1.036978972991388e-06
313.752,1.0641698193497801e-06
313.814,1.0865883670098789e-06
313.875,1.104263708653871e-06
313.936,1.1172660104843e-06
313.998,1.1257082616116983e-06
314.059,1.1296487679398122e-06
314.12,1.129161867043456e-06
314.182,1.124404078153154e-06
314.243,1.115528818908047e-06
314.304,1.102719728444754e-06
314.365,1.086167232241645e-06
314.427,1.06605719408053e-06
314.488,1.0425783589752877e-06
314.549,1.0159881352482496e-06
314.61,9.866078601144046e-07
314.672,9.547382374922981e-07
314.733,9.206992869724183e-07
314.794,8.847590525979389e-07
314.855,8.471450928935971e-07
314.917,8.081146372760993e-07
314.978,7.679151283761376e-07
315.039,7.267479127990298e-07
315.1,6.847838954623861e-07
315.161,6.422158101475064e-07
315.222,5.992595393096814e-07
315.283,5.562039448858187e-07
315.345,5.133743062115811e-07
315.406,4.710036778322487e-07
315.467,4.293235331402101e-07
315.528,3.885050823354185e-07
315.589,3.4871603429957144e-07
315.65,3.102071309870289e-07
315.711,2.73197029367414e-07
315.772,2.3783633649730155e-07
315.833,1.906405736545959e-07
315.894,1.317234425811277e-07
315.955,6.116848122703386e-08
316.016,0.0
316.078,0.0
316.139,1.2187937777926848e-07
316.2,3.467560295721829e-07
316.261,6.739669117711461e-07
316.322,4.226272284937154e-07
316.383,0.0
316.444,0.0
316.504,0.0
316.565,0.0
316.626,6.336588185569933e-08
316.687,1.0662998648491027e-07
316.748,5.1787898731880506e-08
316.809,1.2230641368444446e-08
316.87,0.0
316.931,0.0
316.992,0.0
317.053,0.0
317.114,0.0
317.175,4.787471866453562e-09
317.235,1.3066124868947146e-08
317.296,2.147849905936973e-08
317.357,2.9841837182407845e-08
317.418,3.795756226249835e-08
317.479,6.082694217793887e-08
317.54,9.834743406290219e-08
317.601,1.2988287611090022e-07
317.661,1.5522194147187092e-07
317.722,6.312066498930765e-08
317.783,0.0
317.844,0.0
317.904,0.0
317.965,1.7021451409315248e-07
318.026,1.4325623015616133e-06
318.087,1.0662859446016675e-06
318.148,0.0
318.208,0.0
318.269,0.0
318.33,5.13110243732916e-07
318.39,3.9825788999423715e-07
318.451,2.2752135107808147e-07
318.512,1.1056097439520021e-09
318.572,0.0
318.633,0.0
318.694,0.0
318.754,0.0
318.815,0.0
318.876,0.0
318.936,0.0
318.997,0.0
319.058,0.0
319.118,0.0
319.179,0.0
319.239,0.0
319.3,0.0
319.361,0.0
319.421,0.0
319.482,0.0
319.542,0.0
319.603,0.0
319.663,0.0
319.724,0.0
319.784,0.0
319.845,0.0
319.905,0.0
319.966,0.0
320.026,0.0
320.087,0.0
320.147,0.0
320.208,0.0
320.268,0.0
320.329,0.0
320.389,0.0
320.449,0.0
320.51,0.0
320.57,0.0
320.631,0.0
320.691,0.0
320.751,0.0
320.812,4.1420826637902835e-09
320.872,2.4502932779940152e-08
320.932,4.385290974572667e-08
320.993,6.197653204791826e-08
321.053,7.865993392433024e-08
321.113,9.364034931980387e-08
321.174,1.0666549705503536e-07
321.234,1.1755385175771352e-07
321.294,1.2617889645349583e-07
321.355,1.3253544452387843e-07
321.415,1.3666507343537365e-07
321.475,1.3852983996569285e-07
321.535,1.381486495346419e-07
321.596,1.355910612663721e-07
321.656,1.3090782493574903e-07
321.716,1.2421741527977877e-07
321.776,1.1563452470886485e-07
321.837,1.0514749347942915e-07
321.897,9.273696190500494e-08
321.957,7.849237273968757e-08
322.017,6.251560881120495e-08
322.077,4.496570159300997e-08
322.138,2.610637861168265e-08
322.198,6.1347816943193825e-09
322.258,0.0
322.318,0.0
322.378,0.0
322.438,0.0
322.499,0.0
322.559,0.0
322.619,0.0
322.679,0.0
322.739,0.0
322.799,0.0
322.859,0.0
322.919,0.0
322.979,0.0
323.039,0.0
323.099,0.0
323.159,0.0
323.219,0.0
323.279,0.0
323.339,0.0
323.399,0.0
323.459,0.0
323.519,0.0
323.579,0.0
323.639,0.0
323.699,0.0
323.759,0.0
323.819,0.0
323.879,0.0
323.939,0.0
323.999,1.6578819526781146e-08
324.059,4.828625682931528e-08
324.119,8.082445026029659e-08
324.178,1.139733554276333e-07
324.238,1.4746352679945318e-07
324.298,1.809928799041846e-07
324.358,2.1426893342255485e-07
324.418,2.470136993613603e-07
324.478,2.7898588235306226e-07
324.538,3.099703764998045e-07
324.597,3.3977097790246953e-07
324.657,3.6814359660510385e-07
324.717,3.9479857259879297e-07
324.777,4.194521795581874e-07
324.837,4.418812068343971e-07
324.896,4.618644651733534e-07
324.956,4.792190522568523e-07
325.016,4.938310135974011e-07
325.076,5.056218980133291e-07
325.135,5.14607030192705e-07
325.195,5.209157171723559e-07
325.255,5.247050016612971e-07
325.315,5.261047518477099e-07
325.374,5.252587542905402e-07
325.434,5.222994315707379e-07
325.494,5.172745353296722e-07
325.553,5.101312361795813e-07
325.613,5.010322440331817e-07
325.673,4.901265385087432e-07
325.732,4.775184203876742e-07
325.792,4.633563356508632e-07
325.852,4.4785508867599297e-07
325.911,4.3122782702110773e-07
325.971,4.1375398215052194e-07
326.031,3.957467234643891e-07
326.09,3.774516035774367e-07
326.15,3.5909869568751574e-07
326.209,3.4094236914092696e-07
326.269,3.23215602097975e-07
326.328,3.0615488455335403e-07
326.388,2.8977684766215354e-07
326.448,2.742077097081016e-07
326.507,2.594214871347227e-07
326.567,2.4534474445868687e-07
326.626,2.31912762228295e-07
326.686,2.1909566078870306e-07
326.745,2.068389638195008e-07
326.805,1.9505988333245156e-07
326.864,1.8364697020224145e-07
326.924,1.7242558934073502e-07
326.983,1.6116846720325027e-07
327.043,1.4932439900765346e-07
327.102,1.3616117212891877e-07
327.161,1.2093431229366726e-07
327.221,1.030514937500585e-07
327.28,8.205525461296776e-08
327.34,5.7730164905586185e-08
327.399,3.046780066760255e-08
327.459,1.4306180431964601e-09
327.518,0.0
327.577,0.0
327.637,0.0
327.696,0.0
327.755,0.0
327.815,0.0
327.874,0.0
327.933,0.0
327.993,0.0
328.052,0.0
328.111,0.0
328.171,0.0
328.23,0.0
328.289,0.0
328.349,0.0
328.408,0.0
328.467,0.0
328.526,0.0
328.586,0.0
328.645,0.0
328.704,0.0
328.763,0.0
328.822,0.0
328.882,0.0
328.941,0.0
329.0,0.0
329.059,0.0
329.118,0.0
329.177,0.0
329.237,3.39157970376903e-08
329.296,3.9373033590903546e-07
329.355,8.430031531934e-07
329.414,1.361545640323082e-06
329.473,1.9282292816361605e-06
329.532,2.5489397128429425e-06
329.591,3.3084839832087676e-06
329.65,4.147517188611614e-06
329.709,4.9796749239017425e-06
329.768,5.74872108817611e-06
329.827,6.337251874887772e-06
329.886,7.048319830431182e-06
329.945,8.618141166783229e-06
330.004,1.162791324654612e-05
330.063,1.6454037655364373e-05
330.122,2.3561825248352717e-05
330.181,3.308286539813633e-05
330.24,3.232907664598925e-05
330.299,2.4752644076091895e-05
330.358,1.58947465218527e-05
330.417,9.589249688707558e-06
330.476,5.839004182112508e-06
330.535,3.6264280019160436e-06
330.594,2.5483128128581885e-06
330.653,1.9698968828215846e-06
330.712,1.5554549076971428e-06
330.771,1.245843954289211e-06
330.83,9.969483796780615e-07
330.889,8.295405753180081e-07
330.948,7.122767537378417e-07
331.006,6.051391280552092e-07
331.065,4.7378871792384895e-07
331.124,3.2796749603211813e-07
331.183,1.7414866219964757e-07
331.242,1.2780816988373558e-08
331.301,0.0
331.359,0.0
331.418,0.0
331.477,0.0
331.536,0.0
331.595,0.0
331.653,0.0
331.712,0.0
331.771,0.0
331.83,0.0
331.888,0.0
331.947,0.0
332.006,0.0
332.065,0.0
332.123,0.0
332.182,0.0
332.241,0.0
332.299,0.0
332.358,0.0
332.417,0.0
332.475,0.0
332.534,0.0
332.592,0.0
332.651,0.0
332.71,0.0
332.768,0.0
332.827,0.0
332.885,0.0
332.944,1.896187651475286e-08
333.003,1.4931105621006652e-07
333.061,2.614483937346628e-07
333.12,3.5383926620790496e-07
333.178,4.2589176647581034e-07
333.237,4.779677864283035e-07
333.295,5.107143368320239e-07
333.354,5.248304096820546e-07
333.412,6.100690197928012e-07
333.471,7.670196154845092e-07
333.529,9.961940452653938e-07
333.588,1.2869246470920806e-06
333.646,1.4871298771534336e-06
333.705,1.596746458129634e-06
333.763,1.6156521426285966e-06
333.822,1.543881204218517e-06
333.88,1.4708597213267606e-06
333.938,1.3970379807991854e-06
333.997,1.3227947331939662e-06
334.055,1.266895386898278e-06
334.114,1.229681758843481e-06
334.172,1.2112859422948774e-06
334.23,1.2117503117382704e-06
334.289,1.2311053491442247e-06
334.347,1.2546032223159059e-06
334.405,1.282384394614941e-06
334.464,1.3146245951083233e-06
334.522,1.3405462940179788e-06
334.58,1.3603137368728895e-06
334.639,1.3762782430594732e-06
334.697,1.38899021998282e-06
334.755,1.3987964188888624e-06
334.814,1.407787196363402e-06
334.872,1.413979885710893e-06
334.93,1.4177421695622928e-06
334.988,1.4193295276957348e-06
335.047,1.418905759260428e-06
335.105,1.4010777610023045e-06
335.163,1.365848841463943e-06
335.221,1.3131703758393715e-06
335.28,1.2429528751385986e-06
335.338,1.173647999778066e-06
335.396,1.1052474976645544e-06
335.454,1.0396168030470919e-06
335.512,9.767740181939476e-07
335.57,1.0093017376994746e-06
335.629,1.1370199407192936e-06
335.687,1.3596755491269237e-06
335.745,1.6770274401204756e-06
335.803,1.8196559868476531e-06
335.861,1.787334841618002e-06
335.919,1.5798471178075324e-06
335.977,1.1969878108907364e-06
336.035,9.20894405966295e-07
336.094,7.515784953881232e-07
336.152,6.891106965450089e-07
336.21,7.335487984746291e-07
336.268,7.738104666581143e-07
336.326,8.098828924327254e-07
336.384,8.415954717714202e-07
336.442,8.689914969761224e-07
336.5,8.766098522238391e-07
336.558,8.64413235972835e-07
336.616,8.323405486159729e-07
336.674,7.803714695085778e-07
336.732,7.270749168287963e-07
336.79,6.725295292218693e-07
336.848,6.1685716347164e-07
336.906,5.601936671414516e-07
336.964,5.045483544030867e-07
337.022,4.5008855262912707e-07
337.08,3.970250788729248e-07
337.138,3.4557007748782444e-07
337.195,2.9367352530099055e-07
337.253,2.4146216354794525e-07
337.311,1.89002124034727e-07
337.369,1.3639173581321398e-07
337.427,8.380842859439728e-08
337.485,3.149690789987733e-08
337.543,0.0
337.601,0.0
337.658,0.0
337.716,0.0
337.774,0.0
337.832,0.0
337.89,0.0
337.947,0.0
338.005,0.0
338.063,0.0
338.121,0.0
338.178,0.0
338.236,0.0
338.294,0.0
338.352,0.0
338.409,0.0
338.467,0.0
338.525,0.0
338.583,0.0
338.64,0.0
338.698,0.0
338.756,0.0
338.813,0.0
338.871,0.0
338.928,0.0
338.986,0.0
339.044,0.0
339.101,0.0
339.159,0.0
339.216,0.0
339.274,0.0
339.332,0.0
339.389,0.0
339.447,0.0
339.504,0.0
339.562,0.0
339.619,0.0
339.677,0.0
339.734,0.0
339.792,0.0
339.849,0.0
339.907,0.0
339.964,0.0
340.022,0.0
340.079,0.0
340.137,0.0
340.194,0.0
340.252,0.0
340.309,0.0
340.366,0.0
340.424,0.0
340.481,0.0
340.538,0.0
340.596,0.0
340.653,0.0
340.711,0.0
340.768,0.0
340.825,0.0
340.883,0.0
340.94,0.0
340.997,0.0
341.054,0.0
341.112,0.0
341.169,0.0
341.226,0.0
341.284,0.0
341.341,0.0
341.398,0.0
341.455,0.0
341.512,0.0
341.57,0.0
341.627,0.0
341.684,0.0
341.741,0.0
341.798,0.0
341.856,0.0
341.913,0.0
341.97,0.0
342.027,0.0
342.084,0.0
342.141,0.0
342.198,0.0
342.255,0.0
342.313,0.0
342.37,0.0
342.427,0.0
342.484,0.0
342.541,0.0
342.598,0.0
342.655,0.0
342.712,0.0
342.769,0.0
342.826,0.0
342.883,0.0
342.94,0.0
342.997,0.0
343.054,0.0
343.111,0.0
343.168,0.0
343.225,0.0
343.282,0.0
343.339,6.791588073896805e-09
343.395,8.645042410848422e-08
343.452,1.6561434156583848e-07
343.509,2.4370257442105215e-07
343.566,3.2016446351602705e-07
343.623,3.944658197126057e-07
343.68,4.66135804931614e-07
343.737,5.347492310960168e-07
343.794,5.998237865418988e-07
343.85,6.608399347806598e-07
343.907,7.173435152569091e-07
343.964,7.688992301711238e-07
344.021,8.151439643133633e-07
344.078,8.558111941440301e-07
344.134,8.90622322552481e-07
344.191,9.193708959036526e-07
344.248,9.419984420050171e-07
344.305,9.585201941241346e-07
344.361,9.690327668292978e-07
344.418,9.73719387298988e-07
344.475,9.727852539073106e-07
344.532,9.664644105530761e-07
344.588,9.550766285038305e-07
344.645,9.389748356099076e-07
344.702,9.185052799093279e-07
344.758,8.940491699608813e-07
344.815,8.659547878792353e-07
344.872,8.345139023732071e-07
344.928,8.00036750223059e-07
344.985,7.628853614815861e-07
345.042,7.234690009173015e-07
345.098,6.822770335140777e-07
345.155,6.398196112908537e-07
345.212,5.965333057340683e-07
345.268,5.528406124403974e-07
345.325,5.091546651863498e-07
345.381,4.658558561431413e-07
345.438,4.2330134979763924e-07
345.495,3.818016638209013e-07
345.551,3.4161210699193335e-07
345.608,3.030159232718487e-07
345.664,2.663298704549522e-07
345.721,2.3184225932027637e-07
345.777,1.9985803977686082e-07
345.834,1.7063854639934678e-07
345.89,1.443562028231918e-07
345.947,1.2115660745758716e-07
346.003,1.0110961072189403e-07
346.06,8.418170031901633e-08
346.116,7.031080246292136e-08
346.173,5.93838338165582e-08
346.229,5.11941312064686e-08
346.285,4.5511851264186234e-08
346.342,4.2092759298353106e-08
346.398,4.0615242026494464e-08
346.455,4.0746531061884856e-08
346.511,4.216344455272975e-08
346.567,4.450037271419875e-08
346.624,4.744175121768359e-08
346.68,5.076397244967233e-08
346.737,5.4259867693150736e-08
346.793,5.772241902691379e-08
346.849,6.097451105357466e-08
346.906,6.380153311357655e-08
346.962,6.597700488738704e-08
347.018,6.736404559907781e-08
347.074,6.784983694314127e-08
347.131,6.733230959184449e-08
347.187,6.576824247260979e-08
347.243,6.314420128927235e-08
347.3,5.9481495700933605e-08
347.356,5.487299014748279e-08
347.412,4.940870695002678e-08
347.468,4.313905843251467e-08
347.524,3.609082611216267e-08
347.581,2.821588460431677e-08
347.637,1.9453498530154145e-08
347.693,9.800666705471612e-09
347.749,0.0
347.805,0.0
347.862,0.0
347.918,0.0
347.974,0.0
348.03,0.0
348.086,0.0
348.142,0.0
348.198,0.0
348.254,0.0
348.311,0.0
348.367,0.0
348.423,0.0
348.479,0.0
348.535,0.0
348.591,0.0
348.647,0.0
348.703,0.0
348.759,0.0
348.815,0.0
348.871,0.0
348.927,0.0
348.983,0.0
349.039,0.0
349.095,0.0
349.151,0.0
349.207,0.0
349.263,0.0
349.319,0.0
349.374,0.0
349.43,0.0
349.486,0.0
349.542,0.0
349.598,0.0
349.654,0.0
349.71,0.0
349.766,0.0
349.821,0.0
349.877,0.0
349.933,0.0
349.989,0.0
350.045,0.0
350.1,0.0
350.156,7.769701016856783e-10
350.212,1.885158375135476e-08
350.268,3.773022660635722e-08
350.323,5.731521638618631e-08
350.379,7.750618069766783e-08
350.435,9.828537305807867e-08
350.491,1.1959019438734215e-07
350.546,1.413273864997033e-07
350.602,1.6348053528793716e-07
350.658,1.860357847535092e-07
350.713,2.0900158176252545e-07
350.769,2.3243416825093261e-07
350.825,2.5633026324803885e-07
350.88,2.806737874368364e-07
350.936,3.0547494487657193e-07
350.992,3.306950463972247e-07
351.047,3.5628205130917834e-07
351.103,3.821403669744853e-07
351.158,4.080673732896169e-07
351.214,4.338548564667919e-07
351.27,4.593484117822496e-07
351.325,4.843605176470518e-07
351.381,5.086986423871476e-07
351.436,5.321894136054411e-07
351.492,5.545731692535669e-07
351.547,5.755632450126542e-07
351.603,5.949659802963028e-07
351.658,6.125642471347758e-07
351.714,6.280921059198789e-07
351.769,6.413438932122024e-07
351.825,6.520658131090225e-07
351.88,6.599819494831973e-07
351.936,6.649583815678084e-07
351.991,6.669558575052629e-07
352.047,6.659644948047322e-07
352.102,6.620462541393378e-07
352.158,6.552495955183042e-07
352.213,6.455460429628032e-07
352.268,6.32963395049755e-07
352.324,6.175540635498256e-07
352.379,5.993468664650885e-07
352.434,5.784150771085639e-07
352.49,5.548131299872317e-07
352.545,5.285781076327696e-07
352.601,4.998608285408839e-07
352.656,4.6883923014394046e-07
352.711,4.3569259959110084e-07
352.767,4.00688751959506e-07
352.822,3.6407249211153867e-07
352.877,3.2607782460268e-07
352.932,2.8700574799810747e-07
352.988,2.471203133021964e-07
353.043,2.0661976149698828e-07
353.098,1.657440442684154e-07
353.153,1.2473610430459005e-07
353.209,8.380543708660861e-08
353.264,4.3237185371424134e-08
353.319,3.3561521940624327e-09
353.374,0.0
353.43,0.0
353.485,0.0
353.54,0.0
353.595,0.0
353.65,0.0
353.705,0.0
353.761,0.0
353.816,0.0
353.871,0.0
353.926,0.0
353.981,0.0
354.036,0.0
354.091,0.0
354.146,0.0
354.201,0.0
354.256,0.0
354.311,0.0
354.367,0.0
354.422,0.0
354.477,0.0
354.532,0.0
354.587,0.0
354.642,0.0
354.697,0.0
354.751,0.0
354.806,0.0
354.861,0.0
354.916,0.0
354.971,0.0
355.026,0.0
355.081,0.0
355.136,0.0
355.191,1.1774312299861451e-08
355.246,4.468102926035767e-08
355.301,7.803679309879767e-08
355.355,1.1169868981801271e-07
355.41,1.454962872567475e-07
355.465,1.7925470591735157e-07
355.52,2.128097084163167e-07
355.575,2.4601868741615446e-07
355.63,2.787615953853244e-07
355.684,3.108729994844423e-07
355.739,3.4213527616279585e-07
355.794,3.7235250109569205e-07
355.849,4.0132473120383393e-07
355.904,4.289160289011361e-07
355.958,4.5508880719644033e-07
356.013,4.798134307484634e-07
356.068,5.030521099830884e-07
356.123,5.24808537893636e-07
356.177,5.450551343927093e-07
356.232,5.637425124045334e-07
356.287,5.809133287869422e-07
356.341,5.96595690437411e-07
356.396,6.107567072145134e-07
356.451,6.233471006607973e-07
356.505,6.342696223535265e-07
356.56,6.433993924355565e-07
356.615,6.506709036989162e-07
356.669,6.560670651618384e-07
356.724,6.595257905247975e-07
356.778,6.609564591740865e-07
356.833,6.602895158303251e-07
356.888,6.57431026812335e-07
356.942,6.525362103253679e-07
356.997,6.45579280156742e-07
357.051,6.365289789879728e-07
357.106,6.253916761337152e-07
357.16,6.121931637492966e-07
357.215,5.970260776557907e-07
357.269,5.800222010447813e-07
357.324,5.613373546589629e-07
357.378,5.411656381383814e-07
357.433,5.196909967770358e-07
357.487,4.971199872270129e-07
357.542,4.7366748352130866e-07
357.596,4.49575386506795e-07
357.651,4.2505784830833524e-07
357.705,4.0026478073151347e-07
357.76,3.753069024950438e-07
357.814,3.4857223213415414e-07
357.868,3.202041032255187e-07
357.923,2.90377208596114e-07
357.977,2.5929366861557215e-07
358.032,2.270626605028633e-07
358.086,1.9372645776317585e-07
358.14,1.5935016805689008e-07
358.195,1.240566502439031e-07
358.249,8.801778758310288e-08
358.303,5.143975790452511e-08
358.358,1.4433265545314527e-08
358.412,0.0
358.466,0.0
358.521,0.0
358.575,0.0
358.629,0.0
358.683,0.0
358.738,0.0
358.792,0.0
358.846,0.0
358.9,0.0
358.954,0.0
359.009,0.0
359.063,0.0
359.117,0.0
359.171,0.0
359.225,0.0
359.28,0.0
359.334,0.0
359.388,0.0
359.442,0.0
359.496,0.0
359.55,0.0
359.604,0.0
359.658,0.0
359.712,0.0
359.766,0.0
359.82,0.0
359.875,0.0
359.929,0.0
359.983,0.0
360.037,0.0
360.091,0.0
360.145,0.0
360.199,0.0
360.253,0.0
360.306,0.0
360.36,0.0
360.414,0.0
360.468,0.0
360.522,0.0
360.576,0.0
360.63,0.0
360.684,0.0
360.738,0.0
360.792,0.0
360.846,0.0
360.899,0.0
360.953,2.3954379012499664e-08
361.007,6.081686310357098e-08
361.061,9.992571184427099e-08
361.115,1.409018563563694e-07
361.168,1.8108635397127767e-07
361.222,2.1920632320982003e-07
361.276,2.538673352811233e-07
361.33,2.8266289083533343e-07
361.384,3.0407566162037396e-07
361.437,3.1638562459809446e-07
361.491,3.203196803756969e-07
361.545,3.1508398190303297e-07
361.599,3.048734118988406e-07
361.652,3.0262218617187085e-07
361.706,3.138587372517226e-07
361.76,3.4515338079885585e-07
361.813,3.9504311302048103e-07
361.867,4.5694558510898275e-07
361.921,5.110897409912556e-07
361.974,5.553484236563295e-07
362.028,5.880575025061489e-07
362.082,5.901194371922214e-07
362.135,5.46557171505728e-07
362.189,4.3577960910817697e-07
362.242,2.6851616723169643e-07
362.296,7.835397967025072e-08
362.35,0.0
362.403,0.0
362.457,2.3707153507958142e-08
362.51,1.1151625551651122e-07
362.564,1.181519032745995e-07
362.617,4.301415279595016e-08
362.671,0.0
362.724,3.9976671925205027e-07
362.778,1.7439145867511007e-06
362.831,2.0119301582857276e-06
362.885,0.0
362.938,0.0
362.998,5.644596928460452e-07
363.06,5.609292996403464e-07
363.122,5.573537944429319e-07
363.184,5.537368094226249e-07
363.246,5.499858738682142e-07
363.308,5.460945734951821e-07
363.37,5.421054044294414e-07
363.432,5.380565664927228e-07
363.494,5.340150515163758e-07
363.556,5.300518833493126e-07
363.618,5.262304542461301e-07
363.68,5.226542915495801e-07
363.742,5.194669630587312e-07
363.804,5.167776360505714e-07
363.866,5.146504624417957e-07
363.928,5.131359265572332e-07
363.99,5.122371350576861e-07
364.052,5.119584772548344e-07
364.114,5.12296092112226e-07
364.176,5.132530003604224e-07
364.238,5.148436462116036e-07
364.3,5.170621984991133e-07
364.362,5.199073976191515e-07
364.424,5.233520310095265e-07
364.486,5.274316126118942e-07
364.548,5.321703709078834e-07
364.609,5.375315967724751e-07
364.671,5.43375169059865e-07
364.733,5.494849996678296e-07
364.795,5.557324708842356e-07
364.857,5.620656130178362e-07
364.919,5.684308496033324e-07
364.981,5.746777343491826e-07
365.042,5.805951295416708e-07
365.104,5.860104816108172e-07
365.166,5.909117629664392e-07
365.228,5.953850572075447e-07
365.29,5.99437663980889e-07
365.351,6.029510793406677e-07
365.413,6.057382685971358e-07
365.475,6.076149632087588e-07
365.537,6.08460232204413e-07
365.598,6.081599492002976e-07
365.66,6.065475665481863e-07
365.722,6.034809919354301e-07
365.784,5.988084149952186e-07
365.845,5.92431065186528e-07
365.907,5.843614999251306e-07
365.969,5.74649850429101e-07
366.03,5.633536731297151e-07
366.092,5.505525893523375e-07
366.154,5.3625199423546e-07
366.215,5.203452862888509e-07
366.277,5.027073791831404e-07
366.339,4.83233588735963e-07
366.4,4.6185498125796625e-07
366.462,4.3846780115749127e-07
366.524,4.129625604489406e-07
366.585,3.85286740198026e-07
366.647,3.555003160177718e-07
366.708,3.237295617177241e-07
366.77,2.901099038655886e-07
366.832,2.5470104548823133e-07
366.893,2.1751573722948065e-07
366.955,1.7872379646830488e-07
367.016,1.3857821763556488e-07
367.078,9.728365596410471e-08
367.139,5.4954164300815496e-08
367.201,1.1683808099094862e-08
367.262,0.0
367.324,0.0
367.385,0.0
367.447,0.0
367.508,0.0
367.57,0.0
367.631,0.0
367.693,0.0
367.754,0.0
367.816,0.0
367.877,0.0
367.939,0.0
368.0,0.0
368.062,0.0
368.123,0.0
368.184,0.0
368.246,0.0
368.307,0.0
368.369,0.0
368.43,0.0
368.491,0.0
368.553,0.0
368.614,0.0
368.675,0.0
368.737,0.0
368.798,0.0
368.859,0.0
368.921,0.0
368.982,0.0
369.043,0.0
369.104,0.0
369.166,0.0
369.227,0.0
369.288,0.0
369.349,0.0
369.411,0.0
369.472,0.0
369.533,0.0
369.594,0.0
369.656,0.0
369.717,0.0
369.778,0.0
369.839,0.0
369.9,0.0
369.961,0.0
370.023,0.0
370.084,2.7026276018207802e-08
370.145,6.619802519866588e-08
370.206,1.0476644622507205e-07
370.267,1.425228178509261e-07
370.328,1.7929568627281983e-07
370.389,2.1496377326020716e-07
370.451,2.4942739924066304e-07
370.512,2.825807146394928e-07
370.573,3.1433356252430396e-07
370.634,3.445509772044187e-07
370.695,3.731131504785364e-07
370.756,3.998720540279719e-07
370.817,4.2454654180861685e-07
370.878,4.4685875701978516e-07
370.939,4.665889246877847e-07
371.0,4.835442688277457e-07
371.061,4.9758131990966e-07
371.122,5.086666116371961e-07
371.183,5.168078365655084e-07
371.244,5.221145931454759e-07
371.305,5.24829013540489e-07
371.366,5.251660797956483e-07
371.427,5.232325840343427e-07
371.488,5.190911107895839e-07
371.549,5.12827383131167e-07
371.61,5.04482134435155e-07
371.671,4.940978389463539e-07
371.732,4.81666621058158e-07
371.793,4.6705088680890183e-07
371.853,4.501985726958446e-07
371.914,4.3124221931121117e-07
371.975,4.103479776373803e-07
372.036,3.8771742083142366e-07
372.097,3.635909513467317e-07
372.158,3.381284674971686e-07
372.219,3.114722862985851e-07
372.28,2.83760923949084e-07
372.34,2.5501351148371345e-07
372.401,2.2525056544743729e-07
372.462,1.9460808933547534e-07
372.523,1.632329879504653e-07
372.584,1.3134363833310394e-07
372.645,9.922132657032905e-08
372.705,6.715588046793584e-08
372.766,3.5573910479696724e-08
372.827,4.975572200041468e-09
372.888,0.0
372.948,0.0
373.009,0.0
373.07,0.0
373.131,0.0
373.191,0.0
373.252,0.0
373.313,0.0
373.373,0.0
373.434,0.0
373.495,0.0
373.555,0.0
373.616,0.0
373.677,0.0
373.737,0.0
373.798,0.0
373.859,0.0
373.919,0.0
373.98,0.0
374.041,0.0
374.101,0.0
374.162,0.0
374.222,0.0
374.283,0.0
374.343,0.0
374.404,0.0
374.465,9.946056136218758e-09
374.525,2.5720225023947167e-08
374.586,3.992473683293932e-08
374.646,5.209839591824015e-08
374.707,6.170277647240403e-08
374.767,6.81554739661601e-08
374.828,7.101099324494909e-08
374.888,6.993581043526698e-08
374.949,6.45185558461989e-08
375.009,5.43198703128905e-08
375.07,3.8896898373791095e-08
375.13,1.786360974301602e-08
375.19,0.0
375.251,0.0
375.311,0.0
375.372,0.0
375.432,0.0
375.493,0.0
375.553,0.0
375.613,0.0
375.674,0.0
375.734,0.0
375.794,0.0
375.855,0.0
375.915,0.0
375.975,0.0
376.036,0.0
376.096,0.0
376.156,0.0
376.217,0.0
376.277,0.0
376.337,0.0
376.398,0.0
376.458,0.0
376.518,0.0
376.578,0.0
376.639,0.0
376.699,0.0
376.759,0.0
376.819,0.0
376.88,0.0
376.94,0.0
377.0,0.0
377.06,0.0
377.12,0.0
377.18,0.0
377.241,0.0
377.301,0.0
377.361,0.0
377.421,0.0
377.481,0.0
377.541,0.0
377.601,0.0
377.661,0.0
377.722,0.0
377.782,0.0
377.842,0.0
377.902,0.0
377.962,0.0
378.022,0.0
378.082,0.0
378.142,0.0
378.202,0.0
378.262,0.0
378.322,0.0
378.382,0.0
378.442,0.0
378.502,0.0
378.562,0.0
378.622,0.0
378.682,0.0
378.742,0.0
378.802,0.0
378.862,0.0
378.921,0.0
378.981,0.0
379.041,0.0
379.101,0.0
379.161,0.0
379.221,0.0
379.281,1.771697282081651e-08
379.341,8.106811264196343e-08
379.401,1.3759442380459658e-07
379.46,1.8720284842720868e-07
379.52,2.296551426050799e-07
379.58,2.648020031261298e-07
379.64,2.9249002889936443e-07
379.7,3.12582336667956e-07
379.759,3.251744815046847e-07
379.819,3.3053583530201963e-07
379.879,3.2894637655199435e-07
379.939,3.1988923044405035e-07
379.999,3.0217652778164986e-07
380.058,2.7409835714923526e-07
380.118,2.343409504908741e-07
380.178,1.8270334749356055e-07
380.237,1.1994678065803806e-07
380.297,4.756479899542671e-08
380.357,0.0
380.417,0.0
380.476,0.0
380.536,0.0
380.596,0.0
380.655,0.0
380.715,0.0
380.775,0.0
380.834,0.0
380.894,0.0
380.954,0.0
381.013,0.0
381.073,0.0
381.132,0.0
381.192,2.05403459300533e-07
381.252,4.7439138585921026e-07
381.311,8.013571409555053e-07
381.371,1.1831560004216257e-06
381.43,1.6178276803064436e-06
381.49,2.100319075699603e-06
381.549,2.6310691236315643e-06
381.609,3.216546113151262e-06
381.668,3.865571142906721e-06
381.728,4.588943913748244e-06
381.787,5.404257156489062e-06
381.847,6.316706705983962e-06
381.906,7.332175076048818e-06
381.966,8.457333132878329e-06
382.025,9.705424857160938e-06
382.085,1.1093338254610953e-05
382.144,1.263972857868115e-05
382.204,1.4330217095062566e-05
382.263,1.61612265357777e-05
382.323,1.8238258633957394e-05
382.382,2.0654753854526874e-05
382.441,2.350234768945722e-05
382.501,2.676630299847961e-05
382.56,3.0143667366444946e-05
382.619,3.378409915485541e-05
382.679,3.7994831987436284e-05
382.738,4.349091222441552e-05
382.798,5.211103397891283e-05
382.857,6.300480038633105e-05
382.916,7.199632154876989e-05
382.976,7.58960998294418e-05
383.035,7.77259579726438e-05
383.094,8.72567801826049e-05
383.154,0.00010723392888600911
383.213,0.00012413246347045288
383.272,0.00012055640993087069
383.331,9.683352091704976e-05
383.391,7.414916052613629e-05
383.45,7.328449251843185e-05
383.509,6.073681095060419e-05
383.568,6.757649734008018e-05
383.628,8.236430951171331e-05
383.687,0.0001019607940570227
383.746,0.0001299216237458416
383.805,0.00016688778987777287
383.864,0.00016049855605558682
383.924,0.00010307746315588957
383.983,7.00504501780801e-05
384.042,5.27932912933856e-05
384.101,4.278608910166211e-05
384.16,3.5106350860281176e-05
384.219,2.910107644183068e-05
384.279,2.4704405347187482e-05
384.338,2.1317993094873053e-05
384.397,1.8819145866868816e-05
384.456,1.6936615429791084e-05
384.515,1.527778823895162e-05
384.574,1.3751451514269794e-05
384.633,1.2288407901319023e-05
384.692,1.0906500846364746e-05
384.751,9.707654421869599e-06
384.81,8.723896486408733e-06
384.869,7.939417083749362e-06
384.929,7.321738331560198e-06
384.988,6.817529034016835e-06
385.047,6.369387925094801e-06
385.106,5.940640690764255e-06
385.165,5.5115190491845274e-06
385.224,5.055059453019972e-06
385.283,4.557934126121447e-06
385.342,4.021651508628036e-06
385.401,3.455160337670351e-06
385.459,2.886029630456125e-06
385.518,2.344521107728096e-06
385.577,1.850570063301546e-06
385.636,1.4139333813932287e-06
385.695,1.0433608007605182e-06
385.754,7.446025396793854e-07
385.813,5.221450032634401e-07
385.872,3.6877996135431294e-07
385.931,2.7181965910979674e-07
385.99,2.2255302391218632e-07
386.049,2.135112515378363e-07
386.107,2.350660768885421e-07
386.166,2.7862007922884364e-07
386.225,3.3541348425869e-07
386.284,3.9877795189628946e-07
386.343,4.6570185930333554e-07
386.402,5.317180372832662e-07
386.46,5.920639572381649e-07
386.519,6.426312473430463e-07
386.578,6.793144496545815e-07
386.637,6.98560846650776e-07
386.696,6.981796077415003e-07
386.754,6.751807914369559e-07
386.813,6.308916959704809e-07
386.872,5.690124711873625e-07
386.931,4.913888577062038e-07
386.989,3.996776778307754e-07
387.048,2.983662694682291e-07
387.107,1.9188393524691474e-07
387.165,8.371425095458343e-08
387.224,0.0
387.283,0.0
387.342,0.0
387.4,0.0
387.459,0.0
387.517,0.0
387.576,0.0
387.635,0.0
387.693,0.0
387.752,0.0
387.811,0.0
387.869,0.0
387.928,0.0
387.986,0.0
388.045,0.0
388.103,0.0
388.162,0.0
388.221,0.0
388.279,0.0
388.338,0.0
388.396,0.0
388.455,0.0
388.513,0.0
388.572,0.0
388.63,0.0
388.689,0.0
388.747,0.0
388.806,0.0
388.864,0.0
388.922,0.0
388.981,0.0
389.039,0.0
389.098,0.0
389.156,0.0
389.214,0.0
389.273,0.0
389.331,0.0
389.39,0.0
389.448,0.0
389.506,0.0
389.565,0.0
389.623,0.0
389.681,0.0
389.74,0.0
389.798,0.0
389.856,0.0
389.914,0.0
389.973,0.0
390.031,0.0
390.089,0.0
390.147,0.0
390.206,0.0
390.264,0.0
390.322,0.0
390.38,0.0
390.439,0.0
390.497,0.0
390.555,0.0
390.613,0.0
390.671,0.0
390.729,0.0
390.788,0.0
390.846,0.0
390.904,0.0
390.962,0.0
391.02,0.0
391.078,0.0
391.136,0.0
391.194,0.0
391.253,0.0
391.311,0.0
391.369,0.0
391.427,0.0
391.485,0.0
391.543,0.0
391.601,0.0
391.659,0.0
391.717,0.0
391.775,0.0
391.833,0.0
391.891,0.0
391.949,0.0
392.007,0.0
392.065,0.0
392.123,0.0
392.18,0.0
392.238,0.0
392.296,0.0
392.354,0.0
392.412,0.0
392.47,0.0
392.528,0.0
392.586,0.0
392.644,0.0
392.701,0.0
392.759,0.0
392.817,0.0
392.875,0.0
392.933,0.0
392.991,0.0
393.048,0.0
393.106,0.0
393.164,0.0
393.222,2.4423621944078643e-07
393.279,1.5744641979601186e-06
393.337,2.728497488473861e-06
393.395,3.1057062358867533e-06
393.453,2.7066802460800166e-06
393.51,1.5323016817772774e-06
393.568,1.5214863567089975e-07
393.626,0.0
393.684,0.0
393.741,0.0
393.799,0.0
393.857,0.0
393.914,0.0
393.972,0.0
394.03,0.0
394.087,0.0
394.145,0.0
394.202,0.0
394.26,0.0
394.318,0.0
394.375,0.0
394.433,0.0
394.49,0.0
394.548,0.0
394.605,0.0
394.663,0.0
394.72,0.0
394.778,0.0
394.836,0.0
394.893,0.0
394.951,0.0
395.008,0.0
395.065,1.8643898035125874e-07
395.123,0.0
395.18,0.0
395.238,3.391332684284006e-06
395.295,2.4756354381946384e-07
395.353,0.0
395.41,0.0
395.468,0.0
395.525,0.0
395.582,0.0
395.64,4.6007224428791214e-08
395.697,9.752753084444092e-08
395.754,1.432218900716948e-07
395.812,1.825937817540653e-07
395.869,2.1512124667440536e-07
395.927,2.4038850419800557e-07
395.984,2.579892415463739e-07
396.041,2.6702988366830537e-07
396.098,2.6720620509688153e-07
396.156,2.578497095486165e-07
396.213,2.382668364677304e-07
396.27,2.079828871261736e-07
396.328,1.666769609083235e-07
396.385,1.3649951715349135e-07
396.442,1.175789210664083e-07
396.499,1.1010975802276469e-07
396.557,1.1436228920692055e-07
396.614,1.3071991823134348e-07
396.671,1.5943653492628614e-07
396.728,2.0079609989653878e-07
396.785,2.551502989630002e-07
396.843,2.8476523999885287e-07
396.9,2.9055989995298807e-07
396.957,2.736849170314389e-07
397.014,2.3537610669757628e-07
397.071,1.7704914154373683e-07
397.128,1.0046266179213786e-07
397.186,7.46693868149108e-09
397.243,0.0
397.3,0.0
397.357,0.0
397.414,0.0
397.471,0.0
397.528,0.0
397.585,0.0
397.642,0.0
397.699,0.0
397.756,0.0
397.814,0.0
397.871,0.0
397.928,0.0
397.985,1.1543664973346002e-09
398.042,1.7774984923941108e-07
398.099,3.88281582808726e-07
398.156,6.358695924314856e-07
398.212,9.195152195417962e-07
398.269,1.241115790426219e-06
398.326,1.6022543066586453e-06
398.383,2.0040482111662542e-06
398.44,2.4474774842309617e-06
398.497,2.933878444481688e-06
398.554,3.464195433072454e-06
398.611,4.039139943967762e-06
398.668,4.659661231466834e-06
398.725,5.32356948851538e-06
398.782,6.028500158002118e-06
398.839,6.772056913357781e-06
398.895,7.546942461039278e-06
398.952,8.34436067723355e-06
399.009,9.154997455498398e-06
399.066,9.96864165181206e-06
399.123,1.077586344193512e-05
399.18,1.1567951285920257e-05
399.236,1.2333598404175423e-05
399.293,1.3065256606635745e-05
399.35,1.375266905306332e-05
399.407,1.4384314545513096e-05
399.463,1.4949954896301869e-05
399.52,1.543933080112095e-05
399.577,1.584131001332902e-05
399.634,1.6150495518834792e-05
399.69,1.6362022104503405e-05
399.747,1.647221838750315e-05
399.804,1.6483462459254503e-05
399.861,1.6399136274859588e-05
399.917,1.622321456154752e-05
399.974,1.5960488627291934e-05
400.031,1.5615857223147194e-05
400.087,1.5193949118373799e-05
400.144,1.4704470220261678e-05
400.201,1.4151740024349575e-05
400.257,1.35451143618016e-05
400.314,1.2895859118660818e-05
400.37,1.22143424027243e-05
400.427,1.151162279782046e-05
400.484,1.0800069547084305e-05
400.54,1.0088488540160253e-05
400.597,9.385257201448954e-06
400.653,8.697461211047416e-06
400.71,8.027437257505573e-06
400.766,7.377715841514486e-06
400.823,6.750781959852524e-06
400.879,6.149139676216704e-06
400.936,5.5752853267443236e-06
400.993,5.031646917877587e-06
401.049,4.517834001390275e-06
401.105,4.0364000829180305e-06
401.162,3.5868465086656233e-06
401.218,3.1677323614215727e-06
401.275,2.777829323936376e-06
401.331,2.415507055975539e-06
401.388,2.0785792388100864e-06
401.444,1.7650370990467889e-06
401.501,1.472923932837734e-06
401.557,1.2006460604550748e-06
401.614,9.48672269354662e-07
401.67,7.171695525161608e-07
401.726,5.061377955021852e-07
401.783,3.1529512015972914e-07
401.839,1.4416379716382832e-07
401.895,0.0
401.952,0.0
402.008,0.0
402.064,0.0
402.121,0.0
402.177,0.0
402.233,0.0
402.29,0.0
402.346,0.0
402.402,0.0
402.458,0.0
402.515,0.0
402.571,0.0
402.627,0.0
402.683,0.0
402.74,0.0
402.796,0.0
402.852,0.0
402.908,0.0
402.964,0.0
403.021,0.0
403.077,0.0
403.133,0.0
403.189,0.0
403.245,0.0
403.301,0.0
403.357,0.0
403.414,0.0
403.47,0.0
403.526,0.0
403.582,0.0
403.638,0.0
403.694,0.0
403.75,0.0
403.806,0.0
403.862,0.0
403.918,0.0
403.974,0.0
404.03,0.0
404.086,0.0
404.142,0.0
404.198,0.0
404.254,0.0
404.31,0.0
404.366,0.0
404.422,0.0
404.478,0.0
404.534,0.0
404.59,0.0
404.646,0.0
404.701,0.0
404.757,0.0
404.813,0.0
404.869,0.0
404.925,0.0
404.981,0.0
405.037,0.0
405.092,0.0
405.148,0.0
405.204,0.0
405.26,0.0
405.316,0.0
405.371,0.0
405.427,0.0
405.483,0.0
405.539,0.0
405.594,0.0
405.65,0.0
405.706,9.012053518744726e-08
405.761,2.5642191246481014e-07
405.817,4.4758218301831187e-07
405.873,6.634476238188772e-07
405.928,9.036879711960806e-07
405.984,1.1709837960598331e-06
406.04,1.4681306318562692e-06
406.095,1.7981836692426327e-06
406.151,2.163842100196627e-06
406.207,2.5669311135242427e-06
406.262,3.009274004067854e-06
406.318,3.4928322024234398e-06
406.374,4.019329760988312e-06
406.429,4.5900654603370284e-06
406.485,5.20545531394484e-06
406.54,5.8625227533069385e-06
406.596,6.5581886012294805e-06
406.651,7.289407813914113e-06
406.707,8.047774832080142e-06
406.763,8.830405213297934e-06
406.818,9.634570622667134e-06
406.874,1.0452121546752852e-05
406.929,1.1274573703212651e-05
406.985,1.2092698168360009e-05
407.04,1.2897385962927793e-05
407.095,1.368073457867533e-05
407.151,1.4434644215736553e-05
407.206,1.5147291572620141e-05
407.262,1.5806460050583418e-05
407.317,1.64000838684051e-05
407.373,1.6917404391872274e-05
407.428,1.7354023689363846e-05
407.484,1.7708625183206644e-05
407.539,1.798008710320638e-05
407.594,1.8170799911819173e-05
407.65,1.8280215346362925e-05
407.705,1.830789616976256e-05
407.76,1.825689490759806e-05
407.816,1.813072638464393e-05
407.871,1.793351495091308e-05
407.926,1.7669573249690877e-05
407.982,1.7342666344794017e-05
408.037,1.6956818092399103e-05
408.092,1.6521989277850715e-05
408.148,1.604918046225174e-05
408.203,1.554985145697526e-05
408.258,1.5034743602938636e-05
408.314,1.451042043801976e-05
408.369,1.3978793137350546e-05
408.424,1.3441796038238982e-05
408.479,1.2901378832096724e-05
408.534,1.2359373128116439e-05
408.59,1.1817527911563323e-05
408.645,1.1277606726254795e-05
408.7,1.0741325326224824e-05
408.755,1.0210379142727288e-05
408.81,9.686444258817654e-06
408.866,9.171217524919373e-06
408.921,8.666382174918781e-06
408.976,8.170420959655719e-06
409.031,7.681279081335239e-06
409.086,7.196580931076829e-06
409.141,6.7141497795501505e-06
409.196,6.232488045165005e-06
409.252,5.752871046516499e-06
409.307,5.276790340836653e-06
409.362,4.805352705866508e-06
409.417,4.340572430545214e-06
409.472,3.884922731808946e-06
409.527,3.440543239367819e-06
409.582,3.0098626736804082e-06
409.637,2.595613735403703e-06
409.692,2.2007662811376222e-06
409.747,1.828480885934472e-06
409.802,1.481825719761151e-06
409.857,1.1634826913937602e-06
409.912,8.755590015678664e-07
409.967,6.196076675003544e-07
410.022,3.9648299471118127e-07
410.077,2.066120589825794e-07
410.132,4.9559750630542994e-08
410.187,0.0
410.242,0.0
410.297,0.0
410.351,0.0
410.406,0.0
410.461,0.0
410.516,0.0
410.571,0.0
410.626,0.0
410.681,0.0
410.736,0.0
410.79,0.0
410.845,1.6297365516732566e-08
410.9,8.695961864029943e-08
410.955,1.604666090472218e-07
411.01,2.3582970569478542e-07
411.064,3.1211359783080775e-07
411.119,3.8846400433122333e-07
411.174,4.6386591040985534e-07
411.229,5.372468625177936e-07
411.283,6.078068579725901e-07
411.338,6.749129379970965e-07
411.393,7.380623715855012e-07
411.447,7.967513379194926e-07
411.502,8.505290504241314e-07
411.557,8.990358870804932e-07
411.612,9.419354495383538e-07
411.666,9.790389235372052e-07
411.721,1.0101576680505321e-06
411.776,1.0350524558268154e-06
411.83,1.0533782499340382e-06
411.885,1.0648787832807683e-06
411.939,1.069485023816993e-06
411.994,1.0671824105892855e-06
412.049,1.0581180401748268e-06
412.103,1.0424757564089258e-06
412.158,1.020368277810837e-06
412.212,9.920875560530719e-07
412.267,9.581900404430646e-07
412.322,9.193321355877547e-07
412.376,8.761812604241011e-07
412.431,8.29425912780996e-07
412.485,7.79531195614791e-07
412.54,7.269312023002995e-07
412.594,6.722433610156744e-07
412.649,6.15991746695113e-07
412.703,5.585617177098817e-07
412.758,5.002524013345559e-07
412.812,4.41331267745651e-07
412.866,3.822466340150935e-07
412.921,3.2367219509577355e-07
412.975,2.663703075185805e-07
413.03,2.110377846756235e-07
413.084,1.58246385752222e-07
413.139,1.0835099907235386e-07
413.193,6.181681028134422e-08
413.247,1.916744913085356e-08
413.302,0.0
413.356,0.0
413.41,6.01271605507256e-07
413.465,4.284320335421163e-06
413.519,0.0
413.573,0.0
413.628,7.378671357975341e-07
413.682,1.5426839369574538e-07
413.736,0.0
413.791,0.0
413.845,0.0
413.899,0.0
413.953,0.0
414.008,1.6227724476744162e-08
414.062,6.363337963048542e-08
414.116,1.1568897694503882e-07
414.17,1.7163604119054406e-07
414.225,2.308737041527552e-07
414.279,2.9279929144815084e-07
414.333,3.5660983522661885e-07
414.387,4.216411210963319e-07
414.441,4.872954019428768e-07
414.496,5.530743078557606e-07
414.55,6.185908295881847e-07
414.604,6.83296461339709e-07
414.658,7.464422305908774e-07
414.712,8.07269025763681e-07
414.766,8.650385711484508e-07
414.82,9.190919745905778e-07
414.874,9.69032557930817e-07
414.928,1.0143521036354142e-06
414.982,1.0544330309314768e-06
415.037,1.088829719625969e-06
415.091,1.1171381008333798e-06
415.145,1.1390430815351428e-06
415.199,1.154414332878471e-06
415.253,1.1629510025647775e-06
415.307,1.164057291894148e-06
415.361,1.1572625004797244e-06
415.415,1.1422978644230982e-06
415.469,1.1190050373756534e-06
415.523,1.087531668308919e-06
415.577,1.0481491962528356e-06
415.631,1.0010690446220987e-06
415.684,9.467897667448282e-07
415.738,8.860742715564767e-07
415.792,8.197691112611713e-07
415.846,7.488378541722309e-07
415.9,6.743679835401063e-07
415.954,5.973329254456239e-07
416.008,5.187766545979846e-07
416.062,4.399432250011014e-07
416.116,3.619408635422582e-07
416.169,2.8589980175055886e-07
416.223,2.1295784898485346e-07
416.277,1.4413527612430895e-07
416.331,8.051075466849478e-08
416.385,2.3296458784054925e-08
416.439,0.0
416.492,0.0
416.546,0.0
416.6,0.0
416.654,0.0
416.707,0.0
416.761,0.0
416.815,0.0
416.869,0.0
416.922,0.0
416.976,5.060049867776084e-08
417.03,1.238209519324208e-07
417.083,2.0934490292584242e-07
417.137,3.069000914817675e-07
417.191,4.161659907529139e-07
417.244,5.365839518693804e-07
417.298,6.674813645819416e-07
417.352,8.082914412209795e-07
417.405,9.58205722220112e-07
417.459,1.1162314324563226e-06
417.512,1.2814530244159489e-06
417.566,1.452885755202267e-06
417.62,1.6294097361043688e-06
417.673,1.8100599649688112e-06
417.727,1.993789086630314e-06
417.78,2.1793677238774247e-06
417.834,2.365744482507958e-06
417.887,2.551858584434536e-06
417.941,2.7365711863543597e-06
417.994,2.9188815848428196e-06
418.048,3.097783486982224e-06
418.101,3.272148539987285e-06
418.155,3.4410896206398805e-06
418.208,3.6038589974145355e-06
418.262,3.7596555404185536e-06
418.315,3.9077684545871685e-06
418.369,4.0473705336643535e-06
418.422,4.177500872103345e-06
418.476,4.2974429708683514e-06
418.529,4.406583145235029e-06
418.582,4.504205704469826e-06
418.636,4.589717514539166e-06
418.689,4.662424351563295e-06
418.743,4.7214950254273905e-06
418.796,4.766420216219473e-06
418.849,4.796911244539565e-06
418.903,4.812620052183482e-06
418.956,4.813425577633049e-06
419.009,4.79932528417536e-06
419.063,4.770202212011787e-06
419.116,4.726206307121036e-06
419.169,4.667716549955837e-06
419.222,4.595007678948122e-06
419.276,4.508493407454501e-06
419.329,4.4087955807048175e-06
419.382,4.296429008764651e-06
419.435,4.172149501099481e-06
419.489,4.0369759330155e-06
419.542,3.891777482158371e-06
419.595,3.737493618515169e-06
419.648,3.5751717035344897e-06
419.701,3.4057095335385647e-06
419.755,3.2301062739525076e-06
419.808,3.0494839595271625e-06
419.861,2.86461042622492e-06
419.914,2.6761734826986155e-06
419.967,2.485017064180533e-06
420.02,2.291957416351017e-06
420.073,2.0980514812774257e-06
420.127,1.9044952742873127e-06
420.18,1.7121605983400775e-06
420.233,1.5219049192398934e-06
420.286,1.3348132551057042e-06
420.339,1.1518711482121988e-06
420.392,9.741373370438733e-07
420.445,8.027463331884387e-07
420.498,6.38401976699331e-07
420.551,4.816896498891516e-07
420.604,3.3335632052839764e-07
420.657,1.939336564667419e-07
420.71,6.396897755882916e-08
420.763,0.0
420.816,0.0
420.869,0.0
420.922,0.0
420.975,0.0
421.028,0.0
421.081,0.0
421.134,0.0
421.187,0.0
421.239,0.0
421.292,0.0
421.345,0.0
421.398,0.0
421.451,0.0
421.504,0.0
421.557,0.0
421.609,0.0
421.662,0.0
421.715,0.0
421.768,0.0
421.821,0.0
421.873,0.0
421.926,0.0
421.979,0.0
422.032,0.0
422.084,0.0
422.137,3.050132025886281e-08
422.19,9.619677583850633e-08
422.243,1.6110345479211193e-07
422.295,2.247805072384388e-07
422.348,2.8694676734079813e-07
422.401,3.471407800675524e-07
422.453,4.048056197923221e-07
422.506,4.5963708274189176e-07
422.559,5.114187542311653e-07
422.611,5.598704341035711e-07
422.664,6.047469203835705e-07
422.716,6.457420846562561e-07
422.769,6.824654415544174e-07
422.822,7.149469284911977e-07
422.874,7.434551510996699e-07
422.927,7.680569010706507e-07
422.979,7.888605206905577e-07
423.032,8.05830957306104e-07
423.084,8.188672429694925e-07
423.137,8.281559463774622e-07
423.189,8.338508473934936e-07
423.242,8.358903746256126e-07
423.294,8.341284448825606e-07
423.347,8.284742362754205e-07
423.399,8.189449096474566e-07
423.452,8.058090612244476e-07
423.504,7.893538627168915e-07
423.557,7.696933748387323e-07
423.609,7.47058649380221e-07
423.662,7.216691089363895e-07
423.714,6.93739820601974e-07
423.766,6.636241950928466e-07
423.819,6.315561360498906e-07
423.871,5.975838872080451e-07
423.923,5.61764539347295e-07
423.976,5.241314061998757e-07
424.028,4.846827012113371e-07
424.081,4.436487305784172e-07
424.133,4.01379564779256e-07
424.185,3.5809504653550766e-07
424.238,3.139342226745694e-07
424.29,2.6901746973125825e-07
424.342,2.2355623448860428e-07
424.394,1.7789526967271395e-07
424.447,1.3244147224699828e-07
424.499,8.736177494220826e-08
424.551,4.2534792767893385e-08
424.603,0.0
424.656,0.0
424.708,0.0
424.76,0.0
424.812,3.7989970024447624e-07
424.864,3.3487757850083227e-06
424.917,0.0
424.969,0.0
425.021,3.83432293014659e-07
425.073,0.0
425.125,0.0
425.177,0.0
425.229,0.0
425.282,0.0
425.334,0.0
425.386,0.0
425.438,0.0
425.49,0.0
425.542,0.0
425.594,0.0
425.646,0.0
425.698,0.0
425.75,0.0
425.802,0.0
425.854,0.0
425.906,0.0
425.958,0.0
426.01,0.0
426.062,0.0
426.114,0.0
426.166,0.0
426.218,0.0
426.27,0.0
426.321,0.0
426.373,0.0
426.425,0.0
426.477,0.0
426.529,0.0
426.581,0.0
426.633,0.0
426.684,0.0
426.736,1.5597210347893583e-09
426.788,6.535181865599424e-08
426.84,1.3108734418859598e-07
426.892,1.9862795974922077e-07
426.943,2.678898488295466e-07
426.995,3.3868257647743037e-07
427.047,4.1076473624626724e-07
427.099,4.6179716532491586e-07
427.15,4.913840641738821e-07
427.202,4.99225413155884e-07
427.254,4.850345405703097e-07
427.306,4.483640596518816e-07
427.357,3.888822824276073e-07
427.409,3.062892728874805e-07
427.461,2.0050686061279375e-07
427.512,1.0941127182043733e-07
427.564,3.3065951949489914e-08
427.616,0.0
427.667,0.0
427.719,0.0
427.77,0.0
427.822,0.0
427.874,0.0
427.925,0.0
427.977,0.0
428.028,0.0
428.08,0.0
428.131,0.0
428.183,0.0
428.234,0.0
428.286,0.0
428.337,0.0
428.389,0.0
428.44,0.0
428.492,0.0
428.543,0.0
428.595,0.0
428.646,0.0
428.697,0.0
428.749,0.0
428.8,0.0
428.852,0.0
428.903,0.0
428.954,0.0
429.006,0.0
429.057,0.0
429.108,0.0
429.16,0.0
429.211,0.0
429.262,0.0
429.314,0.0
429.365,0.0
429.416,0.0
429.467,0.0
429.519,0.0
429.57,0.0
429.621,0.0
429.672,0.0
429.724,0.0
429.775,0.0
429.826,0.0
429.877,0.0
429.928,0.0
429.98,0.0
430.031,0.0
430.082,0.0
430.133,0.0
430.184,0.0
430.235,0.0
430.286,0.0
430.337,0.0
430.388,0.0
430.439,0.0
430.49,0.0
430.542,0.0
430.593,0.0
430.644,0.0
430.695,0.0
430.746,0.0
430.797,0.0
430.848,0.0
430.898,0.0
430.949,0.0
431.0,0.0
431.051,0.0
431.102,0.0
431.153,0.0
431.204,0.0
431.255,0.0
431.306,0.0
431.357,5.7711032097596106e-08
431.408,1.225426616325945e-07
431.458,1.835093129380525e-07
431.509,2.4007749952296184e-07
431.56,2.9194014847243026e-07
431.611,3.3897842952654263e-07
431.662,3.809617345243016e-07
431.713,4.1756465067399647e-07
431.763,4.485297524603821e-07
431.814,4.735921866223993e-07
431.865,4.926297246336149e-07
431.916,5.056843359003528e-07
431.966,5.127565271562811e-07
432.017,5.134412495062552e-07
432.068,5.075024096195628e-07
432.118,4.948404399699153e-07
432.169,4.7527281609643575e-07
432.22,4.4905471702104265e-07
432.271,4.1694464220861906e-07
432.321,3.7976839942957655e-07
432.372,3.385897490079585e-07
432.423,2.9433952330717734e-07
432.473,2.479588860180518e-07
432.524,2.005157562865301e-07
432.574,1.5299973343991632e-07
432.625,1.0630786389422227e-07
432.676,6.143300682366098e-08
432.726,1.9292972015047094e-08
432.777,0.0
432.827,0.0
432.878,0.0
432.928,0.0
432.979,0.0
433.029,0.0
433.08,0.0
433.13,0.0
433.181,0.0
433.231,0.0
433.282,0.0
433.332,3.808176501645242e-08
433.383,9.875446256503083e-08
433.433,1.6874174426023254e-07
433.484,2.476944206668428e-07
433.534,3.351289829578537e-07
433.585,4.3063686975618445e-07
433.635,5.365237744025284e-07
433.685,6.552353486874123e-07
433.736,7.889416200311194e-07
433.786,9.404687735361302e-07
433.836,1.1116221304052363e-06
433.887,1.3012637240937111e-06
433.937,1.5081671363449358e-06
433.987,1.7309417363105153e-06
434.038,1.9684092680682186e-06
434.088,2.219467251522647e-06
434.138,2.4829206605326875e-06
434.189,2.757630778865103e-06
434.239,3.042501872778118e-06
434.289,3.3363872811898598e-06
434.339,3.6382941422155763e-06
434.389,3.947240249785919e-06
434.44,4.257198349238516e-06
434.49,4.56160955340309e-06
434.54,4.8543818826606406e-06
434.59,5.128162411521525e-06
434.64,5.377073334937677e-06
434.691,5.600224036453314e-06
434.741,5.796614428441034e-06
434.791,5.965592072224203e-06
434.841,6.106710996403474e-06
434.891,6.21944385578611e-06
434.941,6.303459342780877e-06
434.991,6.35855699871063e-06
435.042,6.384421230634133e-06
435.092,6.380844224575266e-06
435.142,6.3477058928587525e-06
435.192,6.284862750854343e-06
435.242,6.195161515315e-06
435.292,6.0821132555603895e-06
435.342,5.949043183227912e-06
435.392,5.799973073950615e-06
435.442,5.638465395805267e-06
435.492,5.465348545149184e-06
435.542,5.281634255558885e-06
435.592,5.088397929835312e-06
435.642,4.886513891367307e-06
435.692,4.641393591278483e-06
435.742,4.353885279566617e-06
435.792,4.024898328800076e-06
435.842,3.6554867880393882e-06
435.891,3.5416789486209008e-06
435.941,3.684380828770524e-06
435.991,4.0845687434025165e-06
436.041,4.743433725653142e-06
436.091,3.8923746646838256e-06
436.141,1.5325947532743867e-06
436.191,6.857385065271104e-07
436.241,1.3527699251380425e-06
436.29,1.7648849348315035e-06
436.34,1.9231758634782774e-06
436.39,1.828497881178331e-06
436.44,1.4816213618779285e-06
436.49,1.1783164576751002e-06
436.539,9.192027603356048e-07
436.589,7.048226331848536e-07
436.639,5.357629729881931e-07
436.689,3.7712047673048795e-07
436.738,2.2930681790476928e-07
436.788,9.267495441357234e-08
436.838,0.0
436.887,0.0
436.937,0.0
436.987,0.0
437.036,0.0
437.086,0.0
437.136,0.0
437.185,0.0
437.235,0.0
437.285,0.0
437.334,0.0
437.384,0.0
437.433,0.0
437.483,0.0
437.532,0.0
437.582,0.0
437.631,0.0
437.681,0.0
437.73,0.0
437.78,0.0
437.829,0.0
437.879,0.0
437.928,0.0
437.978,0.0
438.027,0.0
438.077,0.0
438.126,0.0
438.176,0.0
438.225,0.0
438.274,0.0
438.324,0.0
438.373,0.0
438.422,0.0
438.472,0.0
438.521,0.0
438.57,0.0
438.62,0.0
438.669,0.0
438.718,0.0
438.768,0.0
438.817,0.0
438.866,0.0
438.915,0.0
438.965,0.0
439.014,0.0
439.063,0.0
439.112,0.0
439.162,0.0
439.211,0.0
439.26,0.0
439.309,0.0
439.358,0.0
439.407,0.0
439.456,0.0
439.506,0.0
439.555,0.0
439.604,0.0
439.653,0.0
439.702,0.0
439.751,0.0
439.8,0.0
439.849,0.0
439.898,0.0
439.947,0.0
439.996,0.0
440.045,0.0
440.094,0.0
440.143,0.0
440.192,0.0
440.241,0.0
440.29,0.0
440.339,0.0
440.388,0.0
440.437,0.0
440.486,0.0
440.535,0.0
440.583,0.0
440.632,0.0
440.681,0.0
440.73,0.0
440.779,0.0
440.828,0.0
440.876,0.0
440.925,0.0
440.974,2.5535182448648486e-08
441.023,1.2916626313430452e-07
441.072,2.2869517899949277e-07
441.12,3.2348197362469203e-07
441.169,4.1284330107563744e-07
441.218,4.961213427536105e-07
441.267,5.72675678625065e-07
441.315,6.417489018337721e-07
441.364,7.025526920376626e-07
441.413,7.542989443708741e-07
441.461,7.961818449788453e-07
441.51,8.275157223216896e-07
441.559,8.478414700541374e-07
441.607,8.567485435773673e-07
441.656,8.540036301576707e-07
441.705,8.396001694181037e-07
441.753,8.135851584317612e-07
441.802,7.762422621371886e-07
441.85,7.281157973546357e-07
441.899,6.698379770307499e-07
441.948,6.019870528541299e-07
441.996,5.251877034160195e-07
442.045,4.4008093458243474e-07
442.093,3.4726425016450255e-07
442.142,2.475278369762677e-07
442.19,1.4169861685390737e-07
442.239,0.0
442.287,0.0
442.336,4.132651257372322e-07
442.384,3.6438732758689424e-06
442.433,0.0
442.481,0.0
442.529,1.0071428290168112e-07
442.578,0.0
442.626,0.0
442.675,0.0
442.723,0.0
442.771,0.0
442.82,0.0
442.868,0.0
442.917,0.0
442.965,0.0
443.013,0.0
443.062,0.0
443.11,0.0
443.158,0.0
443.206,0.0
443.255,0.0
443.303,0.0
443.351,0.0
443.399,0.0
443.448,0.0
443.496,0.0
443.544,0.0
443.592,0.0
443.64,0.0
443.689,0.0
443.737,0.0
443.785,0.0
443.833,0.0
443.881,0.0
443.929,0.0
443.977,0.0
444.025,7.344334916183185e-08
444.074,2.374756560051631e-07
444.122,4.01169792112393e-07
444.17,5.632487702444713e-07
444.218,7.224908599726827e-07
444.266,8.775796945682528e-07
444.314,1.0271279086116015e-06
444.362,1.169882271707422e-06
444.41,1.3045040773251546e-06
444.458,1.4295596052963609e-06
444.506,1.5436949113538307e-06
444.554,1.6455391712612246e-06
444.602,1.7338094043686032e-06
444.65,1.8076029504413314e-06
444.698,1.866092467590185e-06
444.746,1.9085372708714664e-06
444.793,1.934574462098035e-06
444.841,1.943983144826482e-06
444.889,1.936688057902876e-06
444.937,1.913114252530558e-06
444.985,1.8739002894082477e-06
445.033,1.8196492014706272e-06
445.081,1.751340350520023e-06
445.129,1.669738861022414e-06
445.176,1.5755519315110167e-06
445.224,1.4698266470490935e-06
445.272,1.3535033172617782e-06
445.32,1.22733394418734e-06
445.368,1.0922895905879415e-06
445.415,9.494228978391866e-07
445.463,7.99868623285664e-07
445.511,6.449910450255241e-07
445.559,4.862873177340695e-07
445.606,3.2544270484269963e-07
445.654,1.644500590481793e-07
445.702,5.569689480267639e-09
445.749,0.0
445.797,0.0
445.845,0.0
445.892,0.0
445.94,0.0
445.988,0.0
446.035,0.0
446.083,0.0
446.13,0.0
446.178,0.0
446.226,0.0
446.273,0.0
446.321,0.0
446.368,1.2713817710590283e-07
446.416,4.794149026325314e-07
446.463,8.92888774467304e-07
446.511,1.3658315587596948e-06
446.558,1.8953950138341107e-06
446.606,2.4774661432589033e-06
446.653,3.109959555809639e-06
446.701,3.786543346152421e-06
446.748,4.500345366821547e-06
446.796,5.246311617448488e-06
446.843,6.024260224102791e-06
446.891,6.8340149225491855e-06
446.938,7.676141423419346e-06
446.985,8.551388299304386e-06
447.033,9.4607372295881e-06
447.08,1.0405905329534828e-05
447.128,1.1387807358953377e-05
447.175,1.2411358705338392e-05
447.222,1.348074342365711e-05
447.27,1.4596827618161204e-05
447.317,1.5760438127839565e-05
447.364,1.6967949634204913e-05
447.411,1.8211254875950107e-05
447.459,1.950545283347962e-05
447.506,2.086475734667636e-05
447.553,2.229532821236362e-05
447.601,2.37776620524613e-05
447.648,2.5292882834873627e-05
447.695,2.6821221155084374e-05
447.742,2.83775674564983e-05
447.789,2.9942816445385066e-05
447.837,3.145969817745684e-05
447.884,3.286960304081686e-05
447.931,3.4090289185252466e-05
447.978,3.5084068504214364e-05
448.025,3.582097899551263e-05
448.072,3.627056500482879e-05
448.12,3.619940315349545e-05
448.167,3.5606984305324555e-05
448.214,3.4484364221310945e-05
448.261,3.2861779286238515e-05
448.308,3.117626637671007e-05
448.355,2.9488323348813707e-05
448.402,2.7857175207335325e-05
448.449,2.6344904428059986e-05
448.496,2.4804522940513715e-05
448.543,2.3255268696367714e-05
448.59,2.1923906665417593e-05
448.637,2.0828167578462782e-05
448.684,1.9955094828348937e-05
448.731,1.9293932576913374e-05
448.778,1.8477921511622427e-05
448.825,1.749230331001479e-05
448.872,1.6359695307906924e-05
448.919,1.5090121768019737e-05
448.966,1.3895270423125012e-05
449.013,1.277515518258761e-05
449.06,1.1726223832142978e-05
449.107,1.0747980429692624e-05
449.154,9.839897653290138e-06
449.2,9.0005914707051e-06
449.247,8.224205691573288e-06
449.294,7.508901295399767e-06
449.341,6.817886521330757e-06
449.388,6.149462039370534e-06
449.435,5.507369067686793e-06
449.481,4.894797484350954e-06
449.528,4.315380651792613e-06
449.575,3.7725318144098867e-06
449.622,3.2685533731274976e-06
449.668,2.8017936139387827e-06
449.715,2.37503114651662e-06
449.762,1.9892983687632785e-06
449.809,1.644539022298402e-06
449.855,1.339656176222062e-06
449.902,1.0730642785759343e-06
449.949,8.425649579600121e-07
449.995,6.456019361466909e-07
450.042,4.792301113052357e-07
450.089,3.4023109975652524e-07
450.135,2.2568228648698783e-07
450.182,1.3235900840102743e-07
450.229,5.7099335539001453e-08
450.275,0.0
450.322,0.0
450.368,0.0
450.415,0.0
450.462,0.0
450.508,0.0
450.555,0.0
450.601,0.0
450.648,0.0
450.694,0.0
450.741,0.0
450.787,0.0
450.834,0.0
450.88,0.0
450.927,0.0
450.973,0.0
451.019,0.0
451.066,0.0
451.112,0.0
451.159,0.0
451.205,0.0
451.251,0.0
451.298,0.0
451.344,0.0
451.39,0.0
451.437,0.0
451.483,0.0
451.529,0.0
451.576,0.0
451.622,0.0
451.668,0.0
451.714,0.0
451.761,0.0
451.807,0.0
451.853,0.0
451.899,0.0
451.945,0.0
451.992,0.0
452.038,0.0
452.084,0.0
452.13,0.0
452.176,0.0
452.222,0.0
452.268,0.0
452.315,0.0
452.361,0.0
452.407,0.0
452.453,0.0
452.499,0.0
452.545,0.0
452.591,0.0
452.637,0.0
452.683,0.0
452.729,0.0
452.775,0.0
452.821,0.0
452.867,0.0
452.913,0.0
452.959,0.0
453.005,0.0
453.051,0.0
453.097,0.0
453.142,0.0
453.188,0.0
453.234,0.0
453.28,0.0
453.18,0.0
453.319,0.0
453.458,3.10955610327143e-07
453.596,8.206682407244991e-07
453.735,4.17350686281503e-07
453.873,1.1386000346206363e-07
454.012,4.622961840915569e-07
454.15,6.598557668094826e-07
454.289,4.301654291356383e-07
454.427,1.2648601349346255e-07
454.566,0.0
454.704,0.0
454.843,0.0
454.981,0.0
455.12,0.0
455.258,0.0
455.397,0.0
455.535,0.0
455.674,0.0
455.812,0.0
455.951,0.0
456.089,6.406913849590128e-08
456.227,3.924145867441723e-07
456.366,8.578607009931256e-07
456.504,1.4533350424754917e-06
456.642,2.1703476881718664e-06
456.781,2.978759902205812e-06
456.919,3.858209216810365e-06
457.057,4.7943938124727835e-06
457.196,5.7772760357771275e-06
457.334,6.797966150353479e-06
457.472,7.846660458018922e-06
457.61,8.91464330546893e-06
457.749,9.995542263198798e-06
457.887,1.1082367178664935e-05
458.025,1.2168117882847182e-05
458.163,1.324560716379867e-05
458.301,1.4307238321403426e-05
458.44,1.53424155169127e-05
458.578,1.634620738451663e-05
458.716,1.7315277577540522e-05
458.854,1.824686781822874e-05
458.992,1.9141115470057363e-05
459.13,2.0000007710434116e-05
459.269,2.0824977799946388e-05
459.407,2.162029668268554e-05
459.545,2.2391234510307057e-05
459.683,2.3142873256641386e-05
459.821,2.3881007782129383e-05
459.959,2.460954019709655e-05
460.097,2.53311883059933e-05
460.235,2.604881161714836e-05
460.373,2.67658683404368e-05
460.511,2.7476155219202284e-05
460.649,2.8186389769258475e-05
460.787,2.8902416651825792e-05
460.925,2.9636283572805075e-05
461.063,3.040901438806347e-05
461.201,3.124718650888726e-05
461.339,3.215844978287712e-05
461.477,3.314810415692969e-05
461.615,3.422058219129068e-05
461.753,3.535415118927262e-05
461.891,3.65128856968544e-05
462.029,3.763108239518466e-05
462.166,3.862166082263124e-05
462.304,3.937244650612759e-05
462.442,3.982549663898069e-05
462.58,3.996015077284884e-05
462.718,3.973964422558448e-05
462.856,3.907858848375072e-05
462.993,3.794962480826733e-05
463.131,3.629714300219268e-05
463.269,3.438930591757349e-05
463.407,3.3033463797789955e-05
463.545,3.286748513591898e-05
463.682,3.5159627986796794e-05
463.82,4.0562004150658396e-05
463.958,4.609213747506779e-05
464.095,4.868284219486131e-05
464.233,4.88619746210749e-05
464.371,4.777044602845767e-05
464.509,4.5874483482675914e-05
464.646,4.3697702604489595e-05
464.784,4.1266217992879486e-05
464.921,3.8492750957510474e-05
465.059,3.541129054695503e-05
465.197,3.2088735455051116e-05
465.334,2.8734845586086522e-05
465.472,2.5514523115497168e-05
465.609,2.2500680729289907e-05
465.747,1.9707393940256195e-05
465.885,1.712846457632243e-05
466.022,1.4772806582640798e-05
466.16,1.2659541457102789e-05
466.297,1.0791462546306748e-05
466.435,9.115366918295795e-06
466.572,7.5796132350868786e-06
466.71,6.149675888637783e-06
466.847,4.829778537858624e-06
466.985,3.6431715966099734e-06
467.122,2.5933971679917977e-06
467.26,1.6712671290304041e-06
467.397,8.624660756341388e-07
467.534,1.744034323250748e-07
467.672,0.0
467.809,0.0
467.947,0.0
468.084,0.0
468.221,0.0
468.359,0.0
468.496,9.488050298393399e-07
468.633,0.0
468.771,0.0
468.908,0.0
469.045,4.830287603441324e-07
469.183,1.0791615669859094e-06
469.32,1.7249152177723583e-06
469.457,2.405802799022185e-06
469.594,3.0734416969499484e-06
469.732,3.7093174169641876e-06
469.869,4.294047144653892e-06
470.006,4.809547676358961e-06
470.143,5.241832031586837e-06
470.28,5.577768067861869e-06
470.417,5.810373300954662e-06
470.555,6.0597937850284e-06
470.692,6.206250246641235e-06
470.829,5.190228058769563e-06
470.966,4.144879636731834e-06
471.103,9.433853356824424e-06
471.24,3.411581442642031e-06
471.377,4.0341114088182515e-06
471.514,4.520220440412834e-06
471.651,3.821332418569374e-06
471.789,3.082374663883188e-06
471.926,2.444671619066066e-06
472.063,1.7871433757191502e-06
472.2,1.1239669992283594e-06
472.337,4.685266297261976e-07
472.474,0.0
472.611,0.0
472.748,0.0
472.884,0.0
473.021,0.0
473.158,0.0
473.295,0.0
473.432,0.0
473.569,0.0
473.706,0.0
473.843,0.0
473.98,0.0
474.117,0.0
474.253,0.0
474.39,0.0
474.527,0.0
474.664,0.0
474.801,0.0
474.937,0.0
475.074,0.0
475.211,0.0
475.348,0.0
475.484,0.0
475.621,0.0
475.758,0.0
475.894,0.0
476.031,0.0
476.168,0.0
476.304,0.0
476.441,0.0
476.578,0.0
476.714,0.0
476.851,0.0
476.987,3.548680537104761e-07
477.124,8.35467364332648e-07
477.261,1.319738420663344e-06
477.397,1.8046115188174485e-06
477.534,2.2868913483623434e-06
477.67,2.7634786341490326e-06
477.807,3.231297046894748e-06
477.943,3.6872418480199576e-06
478.08,4.128950087778249e-06
478.216,4.554276615439938e-06
478.353,4.961202998971521e-06
478.489,5.347995892346716e-06
478.626,5.7130257943464e-06
478.762,6.0546921706095495e-06
478.898,6.371768125977093e-06
479.035,6.663183516252489e-06
479.171,6.927963792562903e-06
479.308,7.165387907847543e-06
479.444,7.374230671419315e-06
479.58,7.553443347946751e-06
479.717,7.702323516179283e-06
479.853,7.820369324083007e-06
479.989,7.907082116606157e-06
480.126,7.96220764729818e-06
480.262,7.985686174002008e-06
480.398,7.97762799562073e-06
480.535,7.938537772008191e-06
480.671,7.86918350209354e-06
480.807,7.77052174782732e-06
480.943,7.643792761427098e-06
481.08,7.490536676100063e-06
481.216,7.31248100645503e-06
481.352,7.111468012786997e-06
481.488,6.889532735195622e-06
481.624,6.648765938742763e-06
481.76,6.391304600352944e-06
481.897,6.119331648519071e-06
482.033,5.834986533584679e-06
482.169,5.5403688829731535e-06
482.305,5.237583336465312e-06
482.441,4.92854881355357e-06
482.577,4.592316083194075e-06
482.713,4.230569551647763e-06
482.849,3.865254888719033e-06
482.985,3.4979725456133027e-06
483.121,3.3196163980544375e-06
483.258,3.3315449603980155e-06
483.394,3.365165714490363e-06
483.53,3.4215584569526394e-06
483.665,2.365905316890846e-06
483.801,1.993095551510496e-07
483.937,0.0
484.073,1.4096821290819599e-06
484.209,1.9140784971868032e-06
484.345,1.3945546719355428e-06
484.481,8.710195319241074e-07
484.617,3.444893997081479e-07
484.753,5.218151866432603e-09
484.889,0.0
485.025,0.0
485.161,0.0
485.296,0.0
485.432,0.0
485.568,0.0
485.704,0.0
485.84,0.0
485.975,0.0
486.111,0.0
486.247,0.0
486.383,0.0
486.518,0.0
486.654,0.0
486.79,0.0
486.926,0.0
487.061,0.0
487.197,0.0
487.333,0.0
487.468,0.0
487.604,0.0
487.74,0.0
487.875,0.0
488.011,0.0
488.146,0.0
488.282,0.0
488.417,0.0
488.553,0.0
488.688,0.0
488.824,4.9685690026215854e-08
488.96,1.4661448827792982e-07
489.095,2.4055610565149294e-07
489.23,3.30643790205708e-07
489.366,4.160938961273514e-07
489.501,4.96250432658558e-07
489.637,5.705610570340828e-07
489.772,6.384939979859048e-07
489.908,6.995955859847597e-07
490.043,7.532726166875514e-07
490.178,7.989875687283426e-07
490.314,8.362704639901173e-07
490.449,8.645943625916197e-07
490.585,8.834318715055507e-07
490.72,9.09825696956934e-07
490.855,9.428004931859173e-07
490.991,9.815957534649861e-07
491.126,1.1705792470232793e-06
491.261,1.5091134313574473e-06
491.396,7.898384095309832e-07
491.532,0.0
491.667,3.419381237564057e-06
491.802,1.6207357242895474e-06
491.937,8.588535133660076e-07
492.073,1.1345453293338224e-06
492.208,1.2387995803728993e-06
492.343,1.1700831462882295e-06
492.478,1.0720076825294993e-06
492.613,9.436648932770585e-07
492.749,7.872322080823832e-07
492.884,6.228792309907809e-07
493.019,4.5378502363856595e-07
493.154,2.79875722912658e-07
493.289,1.0094720703504283e-07
493.424,0.0
493.559,0.0
493.694,0.0
493.829,0.0
493.964,0.0
494.099,0.0
494.234,0.0
494.369,0.0
494.504,0.0
494.639,0.0
494.774,0.0
494.909,0.0
495.044,0.0
495.179,0.0
495.314,0.0
495.449,0.0
495.584,0.0
495.719,1.918225419194523e-07
495.854,8.313330273501282e-07
495.988,1.616225570136075e-06
496.123,2.569488531533776e-06
496.258,3.7133794923618347e-06
496.393,5.0853884754899114e-06
496.528,6.722312086959908e-06
496.663,8.700893420766438e-06
496.797,1.1099619579340219e-05
496.932,1.3951487380563085e-05
497.067,1.72918770898266e-05
497.202,2.113146486112131e-05
497.336,2.5476673837420583e-05
497.471,3.0279461298902735e-05
497.606,3.544072836474875e-05
497.74,4.083506143343848e-05
497.875,4.634714189099625e-05
498.01,5.187993983801688e-05
498.144,5.741784718280386e-05
498.279,6.292537180962982e-05
498.414,6.810046201739437e-05
498.548,7.295104523997083e-05
498.683,7.69578519736341e-05
498.817,8.02603445096764e-05
498.952,8.611878334607655e-05
499.087,9.465983439176409e-05
499.221,0.00010120687610571943
499.356,0.00010557292078156113
499.49,0.00011221378820148549
499.625,0.00012126125975520811
499.759,0.00012575218243231914
499.894,0.00013682090148153274
500.028,0.00014733549519142797
500.162,0.00015455508965304132
500.297,0.0001590496470796825
500.431,0.00016137723972522362
500.566,0.00016138942064081624
500.7,0.00015915496319630435
500.835,0.00015467707168521577
500.969,0.00014792947188027895
501.103,0.0001395305629936179
501.238,0.00013020250977482744
501.372,0.00012057782642256381
501.506,0.00011143729315023728
501.641,0.00010309305206471109
501.775,9.556525749035343e-05
501.909,8.989929977895229e-05
502.043,8.597714060108712e-05
502.178,8.090134658915835e-05
502.312,7.464086307984108e-05
502.446,6.993308974084791e-05
502.58,6.664807308481019e-05
502.715,6.367273568908062e-05
502.849,6.092990966808982e-05
502.983,5.816598938259337e-05
503.117,5.533962216735674e-05
503.251,5.2600359635112554e-05
503.385,4.992538793380604e-05
503.52,4.733159155875166e-05
503.654,4.482458804059801e-05
503.788,4.2386376245834175e-05
503.922,4.002134041700942e-05
504.056,3.773451610928488e-05
504.19,3.5524773099445194e-05
504.324,3.3383251960474195e-05
504.458,3.130490795558222e-05
504.592,2.9288445866182802e-05
504.726,2.7337388994153674e-05
504.86,2.5456730076660742e-05
504.994,2.365690681778775e-05
505.128,2.194724231169552e-05
505.262,2.0336075556472587e-05
505.396,1.882418592811999e-05
505.53,1.7409649653090304e-05
505.664,1.608872589683861e-05
505.798,1.4855112904725968e-05
505.932,1.3701250777979163e-05
506.066,1.261870686755698e-05
506.199,1.1598524223193884e-05
506.333,1.063329539277059e-05
506.467,9.718664336460186e-06
506.601,8.850453202816414e-06
506.735,8.024958631728636e-06
506.869,7.2383220950649285e-06
507.002,6.488059789894596e-06
507.136,5.768511768280668e-06
507.27,5.076176572449687e-06
507.404,4.409340688091742e-06
507.537,3.7677924563458193e-06
507.671,3.151994375443243e-06
507.805,2.5633672523465628e-06
507.939,2.0038788023668635e-06
508.072,1.475350991632979e-06
508.206,9.798641631398128e-07
508.34,5.192270229276552e-07
508.473,9.457627396652542e-08
508.607,0.0
508.74,0.0
508.874,0.0
509.008,0.0
509.141,0.0
509.275,0.0
509.408,0.0
509.542,0.0
509.675,0.0
509.809,0.0
509.942,0.0
510.076,0.0
510.209,0.0
510.343,0.0
510.476,0.0
510.61,0.0
510.743,0.0
510.877,0.0
511.01,0.0
511.143,0.0
511.277,0.0
511.41,0.0
511.543,0.0
511.677,0.0
511.81,0.0
511.943,0.0
512.077,0.0
512.21,0.0
512.343,0.0
512.476,0.0
512.61,0.0
512.743,0.0
512.876,0.0
513.009,0.0
513.142,0.0
513.276,0.0
513.409,0.0
513.542,2.671337345991864e-07
513.675,6.34646579192908e-07
513.808,1.105357027896304e-06
513.941,1.678504166201049e-06
514.074,2.355058433183995e-06
514.207,3.151105721545448e-06
514.34,4.096450244708814e-06
514.474,5.148829398009314e-06
514.607,6.286943881763618e-06
514.74,7.47395497690929e-06
514.873,8.653758416285086e-06
515.006,9.786049721653977e-06
515.139,1.0787469141023523e-05
515.272,1.1586769403427211e-05
515.404,1.2145244139842465e-05
515.537,1.2507042518257396e-05
515.67,1.2901904430229318e-05
515.803,1.3497158602177764e-05
515.936,1.4344402203312976e-05
516.069,1.573827966831522e-05
516.202,1.7424705633791532e-05
516.335,1.9756556859472615e-05
516.468,2.718138528545379e-05
516.6,4.582184189274718e-05
516.733,7.967315794038054e-05
516.866,8.68937402742181e-05
516.999,7.270889322138178e-05
517.132,0.0001081365508984721
517.264,0.0001933287267824149
517.397,0.0001960493548170334
517.53,0.00012711285140702247
517.663,8.877919571082485e-05
517.795,7.211925355470493e-05
517.928,6.596738676937973e-05
518.061,6.639649080582925e-05
518.193,0.00011634583926964693
518.326,0.0002505663286790346
518.459,0.00028596434511272495
518.591,0.00019404369093348948
518.724,0.00011252640213450193
518.857,8.378075755382204e-05
518.989,6.668461676995085e-05
519.122,5.678635682424543e-05
519.254,4.941523386732793e-05
519.387,4.2657026183431625e-05
519.519,3.675133385274785e-05
519.652,3.217902077911884e-05
519.784,2.8900259247594696e-05
519.917,2.6513362303002827e-05
520.049,2.4661046030518806e-05
520.182,2.3021125779127956e-05
520.314,2.1449741013400245e-05
520.447,1.9973240633847643e-05
520.579,1.859234793947203e-05
520.712,1.734001800980739e-05
520.844,1.61676473094909e-05
520.976,1.502244630830313e-05
521.109,1.3890835193705429e-05
521.241,1.277419589457948e-05
521.373,1.169562647251584e-05
521.506,1.0668673797140973e-05
521.638,9.702102227290977e-06
521.77,8.772595722814953e-06
521.903,7.887428952884286e-06
522.035,7.061405071489404e-06
522.167,6.304739054676012e-06
522.3,5.622096810530985e-06
522.432,5.007127763624086e-06
522.564,4.4509732122460885e-06
522.696,3.947358368089644e-06
522.828,3.5050825453048914e-06
522.961,3.121298061532061e-06
523.093,2.7813757308073554e-06
523.225,2.4726524879818994e-06
523.357,2.1851519136446236e-06
523.489,1.9131500507353127e-06
523.621,1.6528542803664748e-06
523.753,1.4004798032703963e-06
523.885,1.1532984136780337e-06
524.018,9.071069764444211e-07
524.15,6.613740285445135e-07
524.282,4.173095301989203e-07
524.414,1.7526532461603098e-07
524.546,0.0
524.678,0.0
524.81,0.0
524.942,0.0
525.074,0.0
525.206,0.0
525.338,0.0
525.469,0.0
525.601,0.0
525.733,0.0
525.865,0.0
525.997,0.0
526.129,0.0
526.261,0.0
526.393,0.0
526.524,0.0
526.656,0.0
526.788,0.0
526.92,0.0
527.052,0.0
527.183,0.0
527.315,0.0
527.447,0.0
527.578,0.0
527.71,0.0
527.842,0.0
527.973,0.0
528.105,0.0
528.237,0.0
528.368,0.0
528.5,0.0
528.632,0.0
528.763,0.0
528.895,0.0
529.026,0.0
529.158,0.0
529.289,0.0
529.421,0.0
529.552,0.0
529.684,0.0
529.815,0.0
529.947,0.0
530.078,0.0
530.21,0.0
530.341,0.0
530.472,0.0
530.604,0.0
530.735,5.0958755570829954e-08
530.867,2.354532540649343e-07
530.998,4.153835136096311e-07
531.129,5.89455369206181e-07
531.26,7.56471743145222e-07
531.392,9.153481809066589e-07
531.523,1.065096851205696e-06
531.654,1.207561371839359e-06
531.786,1.3420099645514671e-06
531.917,1.467924104335891e-06
532.048,1.5849201188522985e-06
532.179,1.6900597621646368e-06
532.311,1.7829158366580812e-06
532.442,1.863034816854504e-06
532.573,1.9299978110325167e-06
532.704,1.960762391547764e-06
532.835,2.0764069028890847e-06
532.966,2.276729431604223e-06
533.097,1.5508635722786968e-06
533.229,0.0
533.36,3.447618018459999e-06
533.491,1.7849437164031036e-06
533.622,9.959093183248248e-07
533.753,1.2170465974100011e-06
533.884,1.437636120214728e-06
534.015,1.6577040206820038e-06
534.146,1.998609546033518e-06
534.277,2.1004865179167558e-06
534.408,1.9636663052594436e-06
534.539,1.5886485434465102e-06
534.67,9.76082771469246e-07
534.801,4.801635594437357e-07
534.932,1.0197732906558322e-07
535.063,0.0
535.194,0.0
535.324,0.0
535.455,0.0
535.586,0.0
535.717,0.0
535.848,0.0
535.979,0.0
536.109,0.0
536.24,0.0
536.371,0.0
536.502,0.0
536.632,0.0
536.763,0.0
536.894,0.0
537.025,0.0
537.155,0.0
537.286,0.0
537.417,0.0
537.547,0.0
537.678,0.0
537.808,0.0
537.939,0.0
538.07,0.0
538.2,0.0
538.331,0.0
538.461,0.0
538.592,0.0
538.722,0.0
538.853,0.0
538.983,0.0
539.114,0.0
539.244,0.0
539.375,0.0
539.505,0.0
539.636,0.0
539.766,0.0
539.896,0.0
540.027,0.0
540.157,0.0
540.287,0.0
540.418,0.0
540.548,0.0
540.678,0.0
540.809,0.0
540.939,0.0
541.069,0.0
541.2,0.0
541.33,0.0
541.46,0.0
541.59,0.0
541.72,0.0
541.851,4.01268552031501e-07
541.981,1.0054850019476508e-06
542.111,1.6521818210435384e-06
542.241,2.3392813798377716e-06
542.371,3.01028828026746e-06
542.501,3.6045896571658446e-06
542.631,4.061300105786453e-06
542.761,4.358104993272917e-06
542.891,4.478911689247546e-06
543.021,4.408858067038772e-06
543.151,4.150984451471873e-06
543.281,3.704375854119636e-06
543.411,3.12340302013695e-06
543.542,2.492916768502908e-06
543.671,1.8913205112192826e-06
543.801,1.385286759626137e-06
543.931,1.0283952679710363e-06
544.061,8.773093937592874e-07
544.191,9.559172121494937e-07
544.321,1.264169736074962e-06
544.451,1.7813163506708262e-06
544.581,2.4434380936879066e-06
544.711,3.275031545078461e-06
544.841,4.187358750571715e-06
544.97,5.102676311228895e-06
545.1,5.9325946017168795e-06
545.23,6.402338672121015e-06
545.36,6.512870205941336e-06
545.49,6.2621162395756824e-06
545.619,5.670917073872954e-06
545.749,4.923750948493032e-06
545.879,4.083749275176484e-06
546.009,3.2115297414280454e-06
546.138,2.3802033401324636e-06
546.268,1.6585004244697528e-06
546.398,1.0485753971997344e-06
546.527,5.56072732474323e-07
546.657,1.8737338888155224e-07
546.786,0.0
546.916,0.0
547.046,0.0
547.175,0.0
547.305,0.0
547.434,0.0
547.564,0.0
547.693,0.0
547.823,0.0
547.953,0.0
548.082,0.0
548.211,0.0
548.341,0.0
548.47,0.0
548.6,0.0
548.729,0.0
548.859,0.0
548.988,0.0
549.117,0.0
549.247,0.0
549.376,0.0
549.505,0.0
549.635,0.0
549.764,0.0
549.893,0.0
550.023,1.952327147792035e-08
550.152,1.6655887381330075e-07
550.281,3.1931765503593934e-07
550.41,4.7652832792483585e-07
550.539,6.363628815202288e-07
550.669,8.002666271504868e-07
550.798,9.693508012319794e-07
550.927,1.1412313599627613e-06
551.056,1.3135850650518168e-06
551.185,1.4841440067694757e-06
551.314,1.650567645643162e-06
551.443,1.8105307769687826e-06
551.573,1.962162612572928e-06
551.702,2.1261130036800477e-06
551.831,2.322010791479217e-06
551.96,2.548337312327858e-06
552.089,2.8036143802779253e-06
552.218,3.086382165546707e-06
552.347,3.3951785345161446e-06
552.476,3.7286665741156035e-06
552.605,4.085703267641494e-06
552.734,4.406774637492786e-06
552.863,4.6361834907615536e-06
552.992,4.773211557374837e-06
553.121,4.817357471928863e-06
553.249,4.76844793515181e-06
553.378,4.626623344235768e-06
553.507,4.392242719337241e-06
553.636,4.065853538640945e-06
553.765,3.7050615643655013e-06
553.894,3.363590827527433e-06
554.023,3.0423664124651397e-06
554.151,2.742436708128037e-06
554.28,2.464903260345887e-06
554.409,2.2108793486201267e-06
554.538,1.9815620378936643e-06
554.666,1.7782317174152693e-06
554.795,1.5820485872526613e-06
554.924,1.3759885380617366e-06
555.052,1.1616275859912954e-06
555.181,9.405320179973975e-07
555.31,7.142862445369157e-07
555.439,4.845075911494607e-07
555.567,2.528624506312998e-07
555.696,2.1131945852807044e-08
555.824,0.0
555.953,0.0
556.082,0.0
556.21,0.0
556.339,0.0
556.467,0.0
556.596,0.0
556.724,0.0
556.853,0.0
556.981,0.0
557.11,0.0
557.238,0.0
557.367,0.0
557.495,0.0
557.623,0.0
557.752,0.0
557.88,0.0
558.008,0.0
558.137,0.0
558.265,0.0
558.393,0.0
558.522,0.0
558.65,0.0
558.778,0.0
558.906,0.0
559.035,0.0
559.163,0.0
559.291,0.0
559.419,0.0
559.548,0.0
559.676,0.0
559.804,0.0
559.932,0.0
560.06,0.0
560.188,0.0
560.316,7.721346153535498e-08
560.444,4.488929194916866e-07
560.572,8.421675740859215e-07
560.7,1.2568927589090052e-06
560.828,1.6925706087124907e-06
560.956,2.1491408855860272e-06
561.085,2.624246213578253e-06
561.212,3.1182898722726234e-06
561.34,3.6315196812323687e-06
561.468,4.164302589286984e-06
561.596,4.717377968624864e-06
561.724,5.291618194716488e-06
561.852,5.890452267341808e-06
561.98,6.515792655156546e-06
562.108,7.168104778014125e-06
562.236,7.84428056112419e-06
562.364,8.541965931358042e-06
562.492,9.259849468411356e-06
562.619,9.997274232951825e-06
562.747,1.075421058472012e-05
562.875,1.1532844867539237e-05
563.003,1.2330926527278516e-05
563.13,1.3146304278737041e-05
563.258,1.3977401469818963e-05
563.386,1.4824585420788215e-05
563.514,1.569035271649715e-05
563.641,1.6578290513092836e-05
563.769,1.749342832057127e-05
563.897,1.842426532929341e-05
564.024,1.9364190593693195e-05
564.152,2.0310631185096807e-05
564.28,2.128123598692904e-05
564.407,2.2290276846055556e-05
564.535,2.334903384991202e-05
564.662,2.4464090927256465e-05
564.79,2.5637321578954758e-05
564.917,2.6897046248111935e-05
565.045,2.8289373780536494e-05
565.173,2.9860646987090993e-05
565.3,3.1625547181961914e-05
565.428,3.359722741984301e-05
565.555,3.578697635706247e-05
565.682,3.820972382038764e-05
565.81,4.087547181416228e-05
565.937,4.376888413755588e-05
566.065,4.6839684264020286e-05
566.192,5.002531569311977e-05
566.32,5.327485516883469e-05
566.447,5.65288745406693e-05
566.574,5.970798608901382e-05
566.702,6.26683475562697e-05
566.829,6.527473989839825e-05
566.956,6.752985946902481e-05
567.083,6.944951147600918e-05
567.211,7.116972283829686e-05
567.338,7.281570754798907e-05
567.465,7.414413589559287e-05
567.593,7.5010617568222e-05
567.72,7.523291877071268e-05
567.847,7.461973395737247e-05
567.974,7.593258082264166e-05
568.101,8.699907655991069e-05
568.228,0.00011580255702967414
568.356,0.00012801640981391563
568.483,0.0001199695422852511
568.61,0.00011400413155056673
568.737,0.00015133800834660321
568.864,0.0001898336660141281
568.991,0.00016933186111762577
569.118,0.00014170012468433095
569.245,0.00011595283738016329
569.372,9.852868154665642e-05
569.499,8.704028184327186e-05
569.626,7.714068486675719e-05
569.753,6.85641327356986e-05
569.88,6.172726328956447e-05
570.007,5.5218749510109026e-05
570.134,4.8902214926490925e-05
570.261,4.884913694170862e-05
570.388,4.382389820454643e-05
570.515,4.00492251283924e-05
570.642,3.7425678865585045e-05
570.768,3.481801830851001e-05
570.895,3.2242611710469923e-05
571.022,2.9846350991183656e-05
571.149,2.7626463310488356e-05
571.276,2.559683695866305e-05
571.402,2.3745853576365074e-05
571.529,2.2045421833552047e-05
571.656,2.0476107687186715e-05
571.783,1.903112950186507e-05
571.909,1.768717827527458e-05
572.036,1.6418267902230647e-05
572.163,1.5207712032739126e-05
572.289,1.4039604528783332e-05
572.416,1.2921036436798064e-05
572.543,1.1864261358693052e-05
572.669,1.0874345101330016e-05
572.796,9.953356187212711e-06
572.922,9.105008576456628e-06
573.049,8.331356366797744e-06
573.176,7.631548223209178e-06
573.302,7.001375312380228e-06
573.429,6.431978226697096e-06
573.555,5.9143507033725735e-06
573.682,5.441403428470022e-06
573.808,5.006626354033251e-06
573.935,4.604220734748914e-06
574.061,4.228843860284729e-06
574.188,3.875718730687645e-06
574.314,3.541874262529489e-06
574.44,3.2223040138693117e-06
574.567,2.911912931236747e-06
574.693,2.606752518260689e-06
574.82,2.3032177375436394e-06
574.946,1.9977043449375334e-06
575.072,1.6875561457162976e-06
575.198,1.3714361643011128e-06
575.325,1.0484476964449297e-06
575.451,7.202357385014505e-07
575.577,3.893610139004283e-07
575.704,5.8222371627666005e-08
575.83,0.0
575.956,0.0
576.082,0.0
576.208,0.0
576.335,0.0
576.461,0.0
576.587,0.0
576.713,0.0
576.839,0.0
576.965,0.0
577.091,0.0
577.217,0.0
577.343,0.0
577.469,0.0
577.596,0.0
577.722,0.0
577.848,0.0
577.974,0.0
578.099,0.0
578.225,0.0
578.351,0.0
578.477,0.0
578.603,0.0
578.729,0.0
578.855,0.0
578.981,0.0
579.107,0.0
579.232,0.0
579.358,0.0
579.484,0.0
579.61,0.0
579.735,0.0
579.861,0.0
579.987,0.0
580.113,0.0
580.238,0.0
580.364,0.0
580.49,0.0
580.615,0.0
580.741,0.0
580.867,0.0
580.992,0.0
581.118,4.3409231698022515e-07
581.243,9.55942865804476e-07
581.369,1.507019486592809e-06
581.494,2.0889023139486047e-06
581.62,2.7037873792741434e-06
581.745,3.3544608512905533e-06
581.871,4.0438628759237585e-06
581.996,4.774224780684229e-06
582.122,5.545485367211152e-06
582.247,6.3611491535876095e-06
582.373,7.225069101647962e-06
582.498,8.144705119207653e-06
582.624,9.127598071705794e-06
582.749,1.0181090676909845e-05
582.874,1.1312658634369547e-05
583.0,1.2529125784326903e-05
583.125,1.3837036163687338e-05
583.25,1.5240746503943027e-05
583.376,1.674604549030946e-05
583.501,1.8358872417916855e-05
583.626,2.0085115745079345e-05
583.751,2.1931036676088792e-05
583.877,2.3904738847004964e-05
584.002,2.601619709224159e-05
584.127,2.8277978086586814e-05
584.252,3.070306454884908e-05
584.377,3.3305782466679436e-05
584.503,3.608089108782086e-05
584.628,3.90235717883183e-05
584.753,4.213027467080763e-05
584.878,4.540173319800185e-05
585.003,4.884684953775875e-05
585.128,5.248106948507253e-05
585.253,5.6331957367296536e-05
585.378,6.0428927690068154e-05
585.503,6.486086224086841e-05
585.628,6.973717846845266e-05
585.753,7.519177474636242e-05
585.878,8.135841228331432e-05
586.003,8.836567442748907e-05
586.128,9.636972022950359e-05
586.253,0.0001055412759045408
586.378,0.00011610217894853208
586.503,0.00012815989859678103
586.628,0.00014180010067611724
586.753,0.000156999240856748
586.878,0.0001737844456967953
587.003,0.00019247249497331576
587.127,0.0002134795487301218
587.252,0.0002387123466109677
587.377,0.0002688417264184567
587.502,0.0002970533049349958
587.627,0.00033511100258070125
587.751,0.00037572959341542676
587.876,0.0004189123403971411
588.001,0.0004717466142774284
588.125,0.000541505019472872
588.25,0.0006302202789590591
588.375,0.0007427100002433924
588.499,0.0008922420367150231
588.624,0.001091673646465715
588.749,0.0014161384988396802
588.873,0.001774725829021105
588.998,0.0020810241205415927
589.122,0.0021714438038288168
589.247,0.0019655764163613227
589.372,0.0017740400780505326
589.496,0.0018359602571966173
589.621,0.001991837390587383
589.745,0.0018888966599926095
589.87,0.001528084416067731
589.994,0.0011852559650209408
590.118,0.0009814213409076035
590.243,0.0008216459388846785
590.367,0.0007095752778647054
590.492,0.0006146212490572183
590.616,0.0005408342100465834
590.74,0.0004822571418166369
590.865,0.00043149263065011656
590.989,0.00038768560165543264
591.114,0.00035061992037991804
591.238,0.0003189607213009801
591.362,0.0002919273400268523
591.486,0.00026833774994821437
591.611,0.0002472820563799119
591.735,0.0002281602635306391
591.859,0.0002103726766770225
591.983,0.00019374462884751207
592.107,0.00017817065443538542
592.232,0.00016356700687146402
592.356,0.00014997740256138237
592.48,0.00013734148502764904
592.604,0.00012567372386313008
592.728,0.00011503732804260712
592.852,0.00010547555144227952
592.976,9.697884263572296e-05
593.1,8.945373258040003e-05
593.224,8.276444072063327e-05
593.349,7.674080601951428e-05
593.473,7.141887255298199e-05
593.597,6.682586900303323e-05
593.721,6.287952403603568e-05
593.844,5.950893433118792e-05
593.968,5.640880714207914e-05
594.092,5.3307635352061215e-05
594.216,5.017466582060716e-05
594.34,4.6993792206233626e-05
594.464,4.3881278593965804e-05
594.588,4.096071804618765e-05
594.712,3.822332613381023e-05
594.836,3.565776951628939e-05
594.959,3.3255421388256475e-05
595.083,3.10085494501632e-05
595.207,2.8910767857342057e-05
595.331,2.6956947216831298e-05
595.455,2.5114640606878962e-05
595.578,2.3354185343426754e-05
595.702,2.1667214889438852e-05
595.826,2.005370443088326e-05
595.949,1.8513399530063032e-05
596.073,1.704468004185487e-05
596.197,1.5645371391960713e-05
596.32,1.4311427668071998e-05
596.444,1.3042778103764048e-05
596.568,1.183766218990205e-05
596.691,1.0692035485354057e-05
596.815,9.60682198863784e-06
596.938,8.580437124558307e-06
597.062,7.609938945599599e-06
597.186,6.692045471565515e-06
597.309,5.82395136448335e-06
597.433,5.004306223042895e-06
597.556,4.232123289225622e-06
597.68,3.507141194196369e-06
597.803,2.825322832501192e-06
597.926,2.1849288007506104e-06
598.05,1.584460981708867e-06
598.173,1.0227094374673729e-06
598.297,4.989043569003554e-07
598.42,1.2056578489306262e-08
598.543,0.0
598.667,0.0
598.79,0.0
598.913,0.0
599.037,0.0
599.16,0.0
599.283,0.0
599.406,0.0
599.53,0.0
599.653,0.0
599.776,0.0
599.899,0.0
600.022,0.0
600.145,0.0
600.269,0.0
600.392,0.0
600.515,0.0
600.638,0.0
600.761,0.0
600.884,0.0
601.007,0.0
601.13,0.0
601.253,0.0
601.376,0.0
601.499,0.0
601.622,0.0
601.745,0.0
601.868,0.0
601.991,0.0
602.113,0.0
602.236,0.0
602.359,0.0
602.482,0.0
602.605,0.0
602.728,0.0
602.85,0.0
602.973,0.0
603.096,0.0
603.219,0.0
603.341,0.0
603.464,0.0
603.587,0.0
603.709,0.0
603.832,0.0
603.955,0.0
604.077,0.0
604.2,0.0
604.323,0.0
604.445,0.0
604.568,0.0
604.69,0.0
604.813,0.0
604.935,0.0
605.058,0.0
605.18,0.0
605.303,0.0
605.425,0.0
605.547,0.0
605.67,0.0
605.792,0.0
605.915,0.0
606.037,0.0
606.159,0.0
606.282,0.0
606.404,0.0
606.526,0.0
606.648,0.0
606.771,0.0
606.893,0.0
607.015,0.0
607.137,0.0
607.26,0.0
607.382,0.0
607.504,0.0
607.626,0.0
607.748,0.0
607.87,0.0
607.992,0.0
608.114,0.0
608.237,0.0
608.359,0.0
608.481,0.0
608.603,0.0
608.725,0.0
608.847,0.0
608.969,0.0
609.09,0.0
609.212,0.0
609.334,0.0
609.456,0.0
609.578,0.0
609.7,0.0
609.822,0.0
609.944,0.0
610.065,0.0
610.187,0.0
610.309,0.0
610.431,0.0
610.552,0.0
610.674,0.0
610.796,0.0
610.918,0.0
611.039,0.0
611.161,0.0
611.282,0.0
611.404,0.0
611.526,0.0
611.647,0.0
611.769,0.0
611.89,0.0
612.012,0.0
612.133,0.0
612.255,0.0
612.377,0.0
612.498,0.0
612.619,0.0
612.741,0.0
612.862,0.0
612.984,0.0
613.105,0.0
613.226,0.0
613.348,0.0
613.469,0.0
613.59,0.0
613.712,0.0
613.833,0.0
613.954,0.0
614.076,0.0
614.197,0.0
614.318,0.0
614.439,0.0
614.56,0.0
614.682,0.0
614.803,1.5361944151414337e-07
614.924,2.1194120291326885e-06
615.045,4.66753700123277e-06
615.166,6.511061789095177e-06
615.287,1.2081684619526997e-05
615.408,2.920178706919138e-05
615.529,3.18913393327901e-05
615.65,2.4701284750102135e-05
615.771,1.787920894540258e-05
615.892,2.231177894400096e-05
616.013,4.446349830037882e-05
616.134,6.400901673531136e-05
616.255,5.0033115679365054e-05
616.376,3.418920529153774e-05
616.497,2.4280126545057834e-05
616.618,1.964982395882852e-05
616.739,1.5971691395142114e-05
616.86,1.3153561429582414e-05
616.981,1.1581643785435231e-05
617.102,1.0523778256332735e-05
617.222,9.926851157318822e-06
617.343,9.483914481663872e-06
617.464,8.960982882795595e-06
617.585,8.395837543206108e-06
617.705,7.75967384286088e-06
617.826,7.097140725508283e-06
617.947,6.44428724915553e-06
618.068,5.8363178702949345e-06
618.188,5.292265735272608e-06
618.309,4.834604954658449e-06
618.43,4.45568152552938e-06
618.55,4.132302224503404e-06
618.671,3.84084335845617e-06
618.791,3.5642421352015703e-06
618.912,3.2943624078242425e-06
619.033,3.0184342578577905e-06
619.153,2.7272370904779527e-06
619.274,2.4091939825810283e-06
619.394,2.069423702763886e-06
619.515,1.7244193445759776e-06
619.635,1.3877686719509038e-06
619.756,1.0684003904333937e-06
619.876,7.726613202384746e-07
619.996,5.071788424166135e-07
620.117,2.773509500884561e-07
620.237,8.487238972872086e-08
620.358,0.0
620.478,0.0
620.598,0.0
620.719,0.0
620.839,0.0
620.959,0.0
621.079,0.0
621.2,0.0
621.32,0.0
621.44,0.0
621.56,0.0
621.681,0.0
621.801,0.0
621.921,0.0
622.041,0.0
622.161,0.0
622.281,0.0
622.401,0.0
622.521,0.0
622.641,0.0
622.761,0.0
622.882,0.0
623.002,0.0
623.121,0.0
623.241,0.0
623.361,0.0
623.481,0.0
623.601,0.0
623.721,0.0
623.841,0.0
623.961,0.0
624.081,0.0
624.201,0.0
624.32,0.0
624.44,0.0
624.56,0.0
624.68,0.0
624.799,0.0
624.919,0.0
625.039,0.0
625.159,0.0
625.278,0.0
625.398,0.0
625.518,0.0
625.637,0.0
625.757,0.0
625.876,0.0
625.996,0.0
626.115,0.0
626.235,0.0
626.354,0.0
626.474,0.0
626.594,0.0
626.713,0.0
626.832,0.0
626.952,0.0
627.071,0.0
627.191,0.0
627.31,0.0
627.429,0.0
627.549,0.0
627.668,0.0
627.787,0.0
627.907,0.0
628.026,0.0
628.145,0.0
628.264,2.2267224629245697e-08
628.384,6.419685778731703e-08
628.503,1.0475681529392062e-07
628.622,1.4373742201928652e-07
628.741,1.809811849642242e-07
628.86,2.1632697776534043e-07
628.98,2.4961910826340626e-07
629.099,2.806314221784143e-07
629.218,3.0910203133819325e-07
629.337,3.34807485425385e-07
629.456,3.5756931294211905e-07
629.575,3.7727526380088804e-07
629.694,3.9387447551956466e-07
629.813,4.073253414161951e-07
629.932,4.17622653714259e-07
630.051,4.2479818359748007e-07
630.17,4.2893596712601194e-07
630.289,4.302169801724892e-07
630.408,4.28875039676218e-07
630.527,4.250990205816983e-07
630.646,4.1902366812068316e-07
630.764,4.1072861104005276e-07
630.883,4.002877285381303e-07
631.002,3.8783070953277465e-07
631.121,3.734816035920496e-07
631.24,3.573454682566302e-07
631.359,3.3948603275459564e-07
631.477,3.1994324867108284e-07
631.596,2.988244226667286e-07
631.715,2.762672705235037e-07
631.834,2.5242710567159053e-07
631.952,2.2747051597897596e-07
632.071,2.0152302215623718e-07
632.19,1.7467765888139175e-07
632.308,1.4704751996849986e-07
632.427,1.1878465966417462e-07
632.546,9.00177029302467e-08
632.664,6.09031236429764e-08
632.783,3.162197490045588e-08
632.901,2.3300206482424116e-09
633.02,0.0
633.138,0.0
633.257,0.0
633.375,0.0
633.494,0.0
633.612,0.0
633.731,0.0
633.849,0.0
633.968,0.0
634.086,0.0
634.204,0.0
634.323,0.0
634.441,0.0
634.559,0.0
634.678,0.0
634.796,0.0
634.914,0.0
635.032,0.0
635.151,0.0
635.269,0.0
635.387,0.0
635.505,0.0
635.623,0.0
635.742,0.0
635.86,0.0
635.978,0.0
636.096,0.0
636.214,0.0
636.332,0.0
636.45,0.0
636.568,0.0
636.686,0.0
636.804,0.0
636.922,0.0
637.04,0.0
637.158,0.0
637.276,0.0
637.394,0.0
637.512,0.0
637.629,0.0
637.747,0.0
637.865,0.0
637.983,0.0
638.101,0.0
638.218,0.0
638.336,0.0
638.454,0.0
638.572,0.0
638.689,0.0
638.807,0.0
638.925,0.0
639.042,0.0
639.16,0.0
639.278,0.0
639.395,0.0
639.513,0.0
639.63,0.0
639.748,0.0
639.865,0.0
639.983,0.0
640.1,0.0
640.218,0.0
640.335,0.0
640.453,0.0
640.57,0.0
640.688,0.0
640.805,0.0
640.922,0.0
641.04,0.0
641.157,0.0
641.274,0.0
641.391,0.0
641.509,0.0
641.626,0.0
641.743,0.0
641.86,0.0
641.978,0.0
642.095,0.0
642.212,0.0
642.329,0.0
642.446,0.0
642.563,0.0
642.681,0.0
642.798,0.0
642.915,0.0
643.032,0.0
643.149,0.0
643.266,0.0
643.383,0.0
643.5,0.0
643.617,0.0
643.734,0.0
643.85,0.0
643.967,0.0
644.084,0.0
644.201,0.0
644.318,0.0
644.435,0.0
644.552,0.0
644.668,0.0
644.785,0.0
644.902,0.0
645.019,0.0
645.135,0.0
645.252,0.0
645.369,0.0
645.485,0.0
645.602,0.0
645.719,0.0
645.835,0.0
645.952,0.0
646.068,0.0
646.185,0.0
646.302,0.0
646.418,0.0
646.535,0.0
646.651,0.0
646.768,0.0
646.884,0.0
647.0,0.0
647.117,0.0
647.233,0.0
647.35,0.0
647.466,0.0
647.582,0.0
647.699,0.0
647.815,0.0
647.931,0.0
648.047,0.0
648.164,0.0
648.28,0.0
648.396,0.0
648.512,0.0
648.629,0.0
648.745,0.0
648.861,0.0
648.977,0.0
649.093,0.0
649.209,0.0
649.325,0.0
649.441,0.0
649.557,0.0
649.673,0.0
649.789,0.0
649.905,0.0
650.021,0.0
650.137,0.0
650.253,0.0
650.369,0.0
650.485,0.0
650.601,0.0
650.717,0.0
650.833,0.0
650.948,0.0
651.064,0.0
651.18,0.0
651.296,0.0
651.411,0.0
651.527,0.0
651.643,0.0
651.759,3.641505231659933e-08
651.874,2.890456097407982e-07
651.99,5.750313528518317e-07
652.105,8.955514469694334e-07
652.221,1.2518755201649842e-06
652.337,1.6460638486579144e-06
652.452,2.083061769474696e-06
652.568,2.567156101037599e-06
652.683,3.101838424436347e-06
652.799,3.688923054460632e-06
652.914,4.32834424856797e-06
653.03,5.0250108979774695e-06
653.145,5.7830883111744975e-06
653.261,6.605082838040451e-06
653.376,7.494666409447371e-06
653.492,8.457008940539288e-06
653.607,9.498295055022898e-06
653.722,1.063169406176996e-05
653.838,1.1874322887263491e-05
653.953,1.3246952157441486e-05
654.068,1.4772794003722854e-05
654.184,1.6469829757091915e-05
654.299,1.83492180484421e-05
654.414,2.0417036827560744e-05
654.53,2.2674909483104516e-05
654.645,2.5119689026141608e-05
654.76,2.7748060107063674e-05
654.875,3.0432425120317488e-05
654.99,3.3167486694529584e-05
655.106,3.698776719008888e-05
655.221,4.1915728286386304e-05
655.336,4.1978307067889186e-05
655.451,4.74767328205725e-05
655.566,5.2477442931002815e-05
655.681,5.704501755238656e-05
655.796,6.223794866569034e-05
655.911,6.804961481222177e-05
656.026,7.390618068610928e-05
656.141,7.925544095591081e-05
656.256,8.33187150578973e-05
656.371,8.529750780651241e-05
656.486,8.504512673990564e-05
656.601,8.276252688656097e-05
656.716,7.907749751350124e-05
656.831,7.483943944263772e-05
656.946,7.061266087520239e-05
657.06,6.661317819646786e-05
657.175,6.287355484791893e-05
657.29,5.932042765287446e-05
657.405,5.5875189198058055e-05
657.52,5.2614606180881805e-05
657.634,4.955556879790089e-05
657.749,4.6658664840241867e-05
657.864,4.390737896006343e-05
657.979,4.128182792485389e-05
658.093,3.878848541851549e-05
658.208,3.645021272255524e-05
658.323,3.428397699541081e-05
658.437,3.2270391360077274e-05
658.552,3.040016901258922e-05
658.666,2.86672960379452e-05
658.781,2.7058343819159135e-05
658.895,2.555919430714673e-05
659.01,2.4151970244300412e-05
659.125,2.2818324829419782e-05
659.239,2.1538872587844983e-05
659.353,2.0300361853839307e-05
659.468,1.9093828870299784e-05
659.582,1.7914202798884417e-05
659.697,1.675822096500759e-05
659.811,1.562300276480149e-05
659.926,1.450691912717352e-05
660.04,1.3408778955717496e-05
660.154,1.2328595570077474e-05
660.269,1.1273503043243847e-05
660.383,1.0250326937195558e-05
660.497,9.26671797751781e-06
660.612,8.329794993455338e-06
660.726,7.445551160031977e-06
660.84,6.618381589713784e-06
660.954,5.850703985225189e-06
661.068,5.145599398586213e-06
661.183,4.504097943563013e-06
661.297,3.92509851853516e-06
661.411,3.405718634239673e-06
661.525,2.941916456315928e-06
661.639,2.52900671010598e-06
661.753,2.1620550898765767e-06
661.867,1.8363418646006365e-06
661.981,1.5474783104786919e-06
662.095,1.2886202425199175e-06
662.209,1.0535714863049046e-06
662.323,8.380776150552166e-07
662.437,6.387386673974995e-07
662.551,4.528856583824206e-07
662.665,2.785712752379688e-07
662.779,1.1435904536468825e-07
662.893,0.0
663.007,0.0
663.121,0.0
663.235,0.0
663.349,0.0
663.462,0.0
663.576,0.0
663.69,0.0
663.804,0.0
663.917,0.0
664.031,0.0
664.145,0.0
664.258,0.0
664.372,0.0
664.486,0.0
664.599,0.0
664.713,0.0
664.827,0.0
664.94,0.0
665.054,0.0
665.167,0.0
665.281,0.0
665.394,0.0
665.508,0.0
665.621,0.0
665.735,0.0
665.848,0.0
665.961,0.0
666.075,0.0
666.188,0.0
666.301,0.0
666.415,0.0
666.528,0.0
666.641,0.0
666.755,0.0
666.868,0.0
666.981,0.0
667.094,0.0
667.207,0.0
667.321,0.0
667.434,0.0
667.547,0.0
667.66,0.0
667.773,0.0
667.886,0.0
667.999,0.0
668.112,0.0
668.225,0.0
668.338,0.0
668.451,0.0
668.564,0.0
668.677,0.0
668.79,0.0
668.903,0.0
669.016,0.0
669.129,0.0
669.242,0.0
669.354,0.0
669.467,0.0
669.58,0.0
669.693,0.0
669.806,0.0
669.918,0.0
670.031,0.0
670.144,0.0
670.256,0.0
670.369,0.0
670.482,0.0
670.594,0.0
670.707,0.0
670.82,0.0
670.932,0.0
671.045,0.0
671.157,0.0
671.27,0.0
671.382,0.0
671.495,0.0
671.607,0.0
671.72,0.0
671.832,0.0
671.944,0.0
672.057,0.0
672.169,0.0
672.281,0.0
672.394,0.0
672.506,0.0
672.618,0.0
672.731,0.0
672.843,0.0
672.955,0.0
673.067,0.0
673.18,0.0
673.292,0.0
673.404,0.0
673.516,0.0
673.628,0.0
673.74,0.0
673.852,0.0
673.964,0.0
674.076,0.0
674.188,0.0
674.3,0.0
674.412,0.0
674.524,0.0
674.636,0.0
674.748,0.0
674.86,0.0
674.972,0.0
675.084,0.0
675.196,0.0
675.307,0.0
675.419,0.0
675.531,0.0
675.643,0.0
675.755,0.0
675.866,0.0
675.978,0.0
676.09,0.0
676.201,0.0
676.313,0.0
676.425,0.0
676.536,0.0
676.648,0.0
676.759,0.0
676.871,0.0
676.983,0.0
677.094,0.0
677.206,0.0
677.317,0.0
677.429,0.0
677.54,0.0
677.651,0.0
677.763,0.0
677.874,0.0
677.986,0.0
678.097,0.0
678.208,0.0
678.32,0.0
678.431,0.0
678.542,0.0
678.653,0.0
678.765,0.0
678.876,0.0
678.987,0.0
679.098,0.0
679.209,0.0
679.32,0.0
679.432,0.0
679.543,0.0
679.654,0.0
679.765,0.0
679.876,0.0
679.987,0.0
680.098,0.0
680.209,0.0
680.32,0.0
680.431,0.0
680.542,0.0
680.653,0.0
680.763,0.0
680.874,0.0
680.985,0.0
681.096,0.0
681.207,0.0
681.318,0.0
681.428,0.0
681.539,0.0
681.65,0.0
681.76,0.0
681.871,0.0
681.982,0.0
682.093,0.0
682.203,0.0
682.314,0.0
682.424,0.0
682.535,0.0
682.646,0.0
682.756,0.0
682.867,0.0
682.977,0.0
683.088,0.0
683.198,0.0
683.308,0.0
683.419,0.0
683.529,0.0
683.64,0.0
683.75,0.0
683.86,0.0
683.971,0.0
684.081,0.0
684.191,0.0
684.301,0.0
684.412,0.0
684.522,0.0
684.632,0.0
684.742,0.0
684.852,0.0
684.963,0.0
685.073,0.0
685.183,0.0
685.293,0.0
685.403,0.0
685.513,0.0
685.623,0.0
685.733,0.0
685.843,0.0
685.953,0.0
686.063,0.0
686.173,0.0
686.283,0.0
686.393,0.0
686.503,0.0
686.612,0.0
686.722,0.0
686.832,0.0
686.942,0.0
687.052,0.0
687.161,0.0
687.271,0.0
687.381,0.0
687.491,0.0
687.6,0.0
687.71,0.0
687.82,0.0
687.929,0.0
688.039,0.0
688.148,0.0
688.258,0.0
688.367,0.0
688.477,0.0
688.586,0.0
688.696,0.0
688.805,0.0
688.915,0.0
689.024,0.0
689.134,0.0
689.243,0.0
689.352,0.0
689.462,0.0
689.571,0.0
689.68,0.0
689.79,0.0
689.899,0.0
690.008,0.0
690.117,0.0
690.227,0.0
690.336,0.0
690.445,0.0
690.554,0.0
690.663,0.0
690.772,0.0
690.881,0.0
690.99,0.0
691.099,0.0
691.209,0.0
691.318,0.0
691.427,0.0
691.536,0.0
691.644,0.0
691.753,0.0
691.862,0.0
691.971,0.0
692.08,0.0
692.189,0.0
692.298,0.0
692.406,0.0
692.515,0.0
692.624,0.0
692.733,0.0
692.842,0.0
692.95,0.0
693.059,0.0
693.168,0.0
693.276,0.0
693.385,0.0
693.494,0.0
693.602,0.0
693.711,0.0
693.819,0.0
693.928,0.0
694.036,0.0
694.145,0.0
694.253,0.0
694.362,0.0
694.47,0.0
694.579,0.0
694.687,0.0
694.795,0.0
694.693,0.0
694.893,0.0
695.093,0.0
695.293,7.414209405764046e-08
695.492,4.017779645060147e-07
695.692,4.6580312916277445e-08
695.891,0.0
696.091,0.0
696.291,0.0
696.49,2.7676349612932007e-08
696.69,7.273037082911644e-08
696.889,0.0
697.089,0.0
697.288,0.0
697.488,0.0
697.687,0.0
697.887,0.0
698.086,1.3786460652985275e-07
698.286,1.8532419234310613e-07
698.485,2.107031158017569e-07
698.684,2.3014129056719032e-07
698.884,2.508869169348738e-07
699.083,2.842153074298532e-07
699.282,3.49500707884018e-07
699.482,4.5325892329764985e-07
699.681,5.911495172011308e-07
699.88,7.741565484967407e-07
700.08,9.854211228505618e-07
700.279,1.214066955189991e-06
700.478,1.4377148975274397e-06
700.677,1.6395945587382276e-06
700.877,1.8065377792473407e-06
701.076,1.933122874848295e-06
701.275,2.0153362975164744e-06
701.474,2.048007795431488e-06
701.673,2.029964483822908e-06
701.872,1.9612337460525213e-06
702.071,1.854036613465411e-06
702.271,1.7143439280157802e-06
702.47,1.5424818167018586e-06
702.669,1.3405811005686022e-06
702.868,1.117611905840486e-06
703.067,8.774027364727017e-07
703.266,6.193635294660307e-07
703.465,3.4012337684630177e-07
703.664,3.587052820158343e-08
703.863,0.0
704.062,0.0
704.26,0.0
704.459,0.0
704.658,0.0
704.857,0.0
705.056,0.0
705.255,0.0
705.454,0.0
705.652,0.0
705.851,0.0
706.05,0.0
706.249,0.0
706.447,0.0
706.646,0.0
706.845,0.0
707.043,0.0
707.242,0.0
707.441,0.0
707.639,0.0
707.838,0.0
708.037,0.0
708.235,0.0
708.434,0.0
708.632,0.0
708.831,0.0
709.029,0.0
709.228,0.0
709.426,0.0
709.625,0.0
709.823,0.0
710.022,0.0
710.22,0.0
710.418,0.0
710.617,0.0
710.815,0.0
711.013,0.0
711.212,0.0
711.41,0.0
711.608,1.213428455542137e-07
711.807,2.388173428182521e-07
712.005,3.513527639391026e-07
712.203,4.609975050145513e-07
712.401,5.710266900866147e-07
712.599,6.82073806122099e-07
712.798,7.944708615953571e-07
712.996,9.097708517168782e-07
713.194,1.0075750789375248e-06
713.392,1.0589981706465376e-06
713.59,1.0387801912558265e-06
713.788,9.643908366782964e-07
713.986,8.705013065435501e-07
714.184,8.024146602951167e-07
714.382,8.018168045493023e-07
714.58,8.684302740104278e-07
714.778,1.007140012630089e-06
714.976,1.385656575357044e-06
715.174,2.1524161849525523e-06
715.372,3.260526573788547e-06
715.57,5.110585642666249e-06
715.768,7.219651200625308e-06
715.966,8.033962214875949e-06
716.164,7.535235832808318e-06
716.362,6.490713915622847e-06
716.56,5.292663033943704e-06
716.758,4.301105141441539e-06
716.955,3.5605530052869887e-06
717.153,3.017275105330612e-06
717.351,2.6032485319276797e-06
717.549,2.2566041463421887e-06
717.746,2.008024747954499e-06
717.944,1.852128826129164e-06
718.142,1.7614614921035193e-06
718.34,1.711777092777022e-06
718.537,1.6881025095575527e-06
718.735,1.6715879321962282e-06
718.933,1.6618518029776905e-06
719.13,1.6570735025966066e-06
719.328,1.6405224415647963e-06
719.525,1.6153623810643218e-06
719.723,1.585789681052505e-06
719.92,1.5555874997763102e-06
720.118,1.52261222415194e-06
720.316,1.48404544019557e-06
720.513,1.434154246201232e-06
720.711,1.3677350842142045e-06
720.908,1.2856101455927497e-06
721.105,1.1886908800684565e-06
721.303,1.0779289912355011e-06
721.5,9.54269241350879e-07
721.698,8.21292476726418e-07
721.895,6.831966832709605e-07
722.092,5.446781429841292e-07
722.29,4.103941221456061e-07
722.487,2.8391647801191204e-07
722.684,1.656847540454558e-07
722.882,5.6006550036320484e-08
723.079,0.0
723.276,0.0
723.473,0.0
723.671,0.0
723.868,0.0
724.065,0.0
724.262,0.0
724.459,0.0
724.656,0.0
724.854,0.0
725.051,0.0
725.248,0.0
725.445,0.0
725.642,0.0
725.839,0.0
726.036,0.0
726.233,0.0
726.43,0.0
726.627,0.0
726.824,0.0
727.021,0.0
727.218,0.0
727.414,0.0
727.611,0.0
727.808,0.0
728.005,0.0
728.202,0.0
728.399,0.0
728.595,0.0
728.792,0.0
728.989,0.0
729.186,0.0
729.382,0.0
729.579,0.0
729.776,0.0
729.972,0.0
730.169,0.0
730.366,0.0
730.562,0.0
730.759,0.0
730.955,0.0
731.152,0.0
731.348,0.0
731.545,0.0
731.741,0.0
731.938,0.0
732.134,0.0
732.331,0.0
732.527,0.0
732.724,0.0
732.92,0.0
733.116,0.0
733.313,0.0
733.509,0.0
733.705,0.0
733.902,0.0
734.098,0.0
734.294,0.0
734.49,0.0
734.687,0.0
734.883,0.0
735.079,0.0
735.275,0.0
735.471,0.0
735.667,0.0
735.863,0.0
736.06,0.0
736.256,0.0
736.452,0.0
736.648,0.0
736.844,0.0
737.04,0.0
737.236,0.0
737.432,0.0
737.628,0.0
737.824,0.0
738.019,0.0
738.215,0.0
738.411,0.0
738.607,0.0
738.803,0.0
738.999,4.484610303586296e-07
739.195,1.0134839143411512e-06
739.39,1.6388852201256618e-06
739.586,2.3092996248605376e-06
739.782,2.9888852596453284e-06
739.978,3.6282093608905797e-06
740.173,4.191094384614041e-06
740.369,4.668371770425514e-06
740.565,5.060385862630613e-06
740.76,5.340902188691667e-06
740.956,5.446158489285359e-06
741.152,5.41921338276903e-06
741.347,5.358689611921606e-06
741.543,5.6555602187521805e-06
741.738,6.94843742295599e-06
741.934,9.532832017196965e-06
742.129,1.4367177579893791e-05
742.325,2.1284649933316284e-05
742.52,2.5782094010320302e-05
742.716,2.4536901763145838e-05
742.911,2.0491967768859768e-05
743.107,1.7357786431200503e-05
743.302,1.551886566641529e-05
743.498,1.4768374763575826e-05
743.693,1.641788590882492e-05
743.888,2.2431227604290815e-05
744.084,3.4267551914054697e-05
744.279,5.369684276412419e-05
744.474,5.5458646211251817e-05
744.67,4.20586859483959e-05
744.865,3.359188291356052e-05
745.06,2.7840859969315754e-05
745.255,2.374043199902275e-05
745.451,2.160984201054028e-05
745.646,2.0686035983638396e-05
745.841,2.0359979526588045e-05
746.036,2.0548322420942044e-05
746.231,2.13988363721921e-05
746.426,2.623642641296851e-05
746.622,4.1500096432468834e-05
746.817,7.163914476942962e-05
747.012,9.212175416194445e-05
747.207,7.343490466343756e-05
747.402,5.980850466967648e-05
747.597,5.0817122651654015e-05
747.792,4.47829784264328e-05
747.987,4.014921503116762e-05
748.182,3.647855890418292e-05
748.377,3.342247827120316e-05
748.572,3.064458042420651e-05
748.767,2.8163833060740733e-05
748.961,2.601848711382657e-05
749.156,2.4125955635562443e-05
749.351,2.247143886684303e-05
749.546,2.0978534396876914e-05
749.741,1.95774059618971e-05
749.936,1.8284800301681926e-05
750.13,1.7100186403067856e-05
750.325,1.6011071734056615e-05
750.52,1.4983377777355619e-05
750.715,1.4008458149122774e-05
750.909,1.3049305211671342e-05
751.104,1.2098318710896697e-05
751.299,1.1160899926653247e-05
751.493,1.0234466385069964e-05
751.688,9.312329069261173e-06
751.882,8.392055785710824e-06
752.077,7.4778560956446e-06
752.272,6.5696867171515265e-06
752.466,5.676985328643939e-06
752.661,4.810459404302628e-06
752.855,3.9777470567154824e-06
753.05,3.1886124237438433e-06
753.244,2.454530146180489e-06
753.439,1.784433869518435e-06
753.633,1.186412023324007e-06
753.828,6.58262609850134e-07
754.022,1.9833780538797377e-07
754.216,0.0
754.411,0.0
754.605,0.0
754.799,0.0
754.994,0.0
755.188,0.0
755.382,0.0
755.576,0.0
755.771,0.0
755.965,0.0
756.159,0.0
756.353,0.0
756.547,0.0
756.742,0.0
756.936,0.0
757.13,0.0
757.324,0.0
757.518,0.0
757.712,0.0
757.906,0.0
758.1,0.0
758.294,0.0
758.488,0.0
758.682,0.0
758.876,0.0
759.07,0.0
759.264,0.0
759.458,0.0
759.651,0.0
759.845,0.0
760.039,0.0
760.233,0.0
760.427,0.0
760.62,0.0
760.814,0.0
761.008,0.0
761.202,0.0
761.395,0.0
761.589,0.0
761.783,2.653613171903724e-07
761.976,5.082479205393907e-07
762.17,7.182864972221988e-07
762.363,8.993544872268621e-07
762.557,1.0419148495118268e-06
762.75,1.1371618915864185e-06
762.944,1.1843284809302717e-06
763.138,1.1611237164734512e-06
763.331,1.070045169233501e-06
763.524,9.512658213165696e-07
763.718,7.818742800077197e-07
763.911,5.17705131964033e-07
764.105,1.6273695669356745e-07
764.298,0.0
764.492,0.0
764.685,0.0
764.878,0.0
765.072,0.0
765.265,0.0
765.458,0.0
765.651,0.0
765.845,0.0
766.038,0.0
766.231,9.397652258576076e-06
766.424,6.0849243990361857e-05
766.617,6.896678779037032e-05
766.811,4.519817614293917e-06
767.004,0.0
767.197,0.0
767.39,0.0
767.583,0.0
767.776,0.0
767.969,0.0
768.162,0.0
768.355,0.0
768.548,0.0
768.741,0.0
768.934,0.0
769.127,0.0
769.32,0.0
769.513,2.392086916769679e-06
769.706,1.5688747858753874e-05
769.898,5.974404744400962e-05
770.091,2.925790481591209e-05
770.284,5.8257982347380515e-06
770.477,3.8045931478343594e-06
770.67,2.6153465743047247e-06
770.862,3.1077819163236455e-06
771.055,4.129291485953296e-06
771.248,4.666343026855865e-06
771.441,4.9806511619447905e-06
771.633,5.4804222582050135e-06
771.826,6.202112470532862e-06
772.018,7.0796463019389835e-06
772.211,7.98587597380272e-06
772.404,8.869752787573492e-06
772.596,9.71767763550242e-06
772.789,1.0569306637755896e-05
772.981,1.1504525196325232e-05
773.174,1.2590905058679123e-05
773.366,1.3862103564232193e-05
773.559,1.5343652516422987e-05
773.751,1.7057696761550155e-05
773.944,1.901776962344276e-05
774.136,2.1310852183120095e-05
774.329,2.4033760611833057e-05
774.521,2.7201507223745745e-05
774.713,3.078605146599881e-05
774.906,3.472102282982541e-05
775.098,3.895410091009015e-05
775.29,4.3732711025198734e-05
775.483,4.957954796523733e-05
775.675,5.71011552836711e-05
775.867,6.708316496839008e-05
776.059,7.983946848134854e-05
776.251,9.56199071726681e-05
776.444,0.00011784573700708394
776.636,0.00015350341200192412
776.828,0.00020864159372656338
777.02,0.0003266725586416607
777.212,0.0005246082685216511
777.404,0.0005998389204363945
777.596,0.0005486098973681308
777.788,0.00039111612549074215
777.98,0.0002804266312430542
778.172,0.0002161443110193168
778.364,0.00017090340543354356
778.556,0.00014355587735405856
778.748,0.00012013567196571311
778.94,0.00010128000282811829
779.132,8.654991988585952e-05
779.324,7.45218622406416e-05
779.516,6.455610695920848e-05
779.708,5.633851428731929e-05
779.9,4.93774329939963e-05
780.091,4.3410307332469694e-05
780.283,3.8304248221748594e-05
780.475,3.3813534111420425e-05
780.667,2.9905434974267192e-05
780.859,2.6522212660541725e-05
781.05,2.3541118098263513e-05
781.242,2.0956832540266935e-05
781.434,1.8683445593073064e-05
781.625,1.66606553337e-05
781.817,1.4853708578441026e-05
782.008,1.3223954933419515e-05
782.2,1.170834944729911e-05
782.392,1.0282103571943974e-05
782.583,8.949563747219486e-06
782.775,7.68710194293168e-06
782.966,6.513023606972456e-06
783.158,5.436800310046506e-06
783.349,4.458777877553102e-06
783.541,3.5812844950982187e-06
783.732,2.820757470607071e-06
783.924,2.1789578972178923e-06
784.115,1.6387440221700354e-06
784.306,1.1911302346757355e-06
784.498,8.159680475077318e-07
784.689,4.99098753971004e-07
784.88,2.318661635329005e-07
785.072,8.046519404370935e-09
785.263,0.0
785.454,0.0
785.645,0.0
785.837,0.0
786.028,0.0
786.219,0.0
786.41,0.0
786.601,0.0
786.792,0.0
786.984,0.0
787.175,0.0
787.366,0.0
787.557,0.0
787.748,0.0
787.939,0.0
788.13,0.0
788.321,0.0
788.512,0.0
788.703,0.0
788.894,0.0
789.084,0.0
789.275,0.0
789.466,0.0
789.657,0.0
789.848,0.0
790.039,0.0
790.229,0.0
790.42,1.2360455152426137e-07
790.611,6.825392695507299e-07
790.801,1.2321859894387444e-06
790.992,1.766041058872457e-06
791.183,2.274490749753663e-06
791.373,2.7414469062062786e-06
791.564,3.172035486945817e-06
791.755,3.576442607980614e-06
791.945,3.964630051535434e-06
792.136,4.3429387908063515e-06
792.326,4.7136029079866965e-06
792.517,5.07001310039239e-06
792.707,5.4613828967145194e-06
792.898,6.001122162772156e-06
793.088,6.722693204132159e-06
793.279,7.771786669920246e-06
793.469,9.16724148556332e-06
793.66,1.0840227404517056e-05
793.85,1.3093851034173102e-05
794.04,1.5796127329008285e-05
794.231,1.973739447021281e-05
794.421,2.7638655379993045e-05
794.611,4.02854917509752e-05
794.802,5.4098372257976265e-05
794.992,6.358131688808768e-05
795.182,6.493619806414695e-05
795.372,5.805786405067301e-05
795.563,4.6953400378790556e-05
795.753,3.689480651004144e-05
795.943,2.9967332851532357e-05
796.133,2.53453844793878e-05
796.323,2.2043838242406895e-05
796.513,1.9533520695727875e-05
796.703,1.7398095555206236e-05
796.893,1.5445738268002587e-05
797.083,1.3732626533644618e-05
797.273,1.2224196119958862e-05
797.463,1.0888886253476224e-05
797.653,9.720078057871082e-06
797.843,8.63616632793672e-06
798.033,7.618212432611186e-06
798.223,6.661326230226989e-06
798.413,5.7514347747865665e-06
798.603,4.894865852764346e-06
798.793,4.08548513617813e-06
798.983,3.310482625897278e-06
799.172,2.552488459875033e-06
799.362,1.8128141171829736e-06
799.552,1.0889126662644971e-06
799.742,3.782869156624199e-07
799.932,0.0
800.121,0.0
800.311,0.0
800.501,0.0
800.69,0.0
800.88,0.0
801.07,0.0
801.259,0.0
801.449,0.0
801.638,0.0
801.828,0.0
802.017,0.0
802.207,0.0
802.396,0.0
802.586,0.0
802.775,0.0
802.965,0.0
803.154,0.0
803.343,0.0
803.533,0.0
803.722,0.0
803.911,0.0
804.101,0.0
804.29,0.0
804.479,0.0
804.668,0.0
804.857,0.0
805.047,0.0
805.236,0.0
805.425,0.0
805.614,0.0
805.803,0.0
805.992,0.0
806.181,0.0
806.37,0.0
806.559,0.0
806.748,0.0
806.937,0.0
807.126,0.0
807.315,0.0
807.504,0.0
807.693,0.0
807.882,0.0
808.071,0.0
808.26,0.0
808.448,0.0
808.637,0.0
808.826,0.0
809.015,0.0
809.203,0.0
809.392,0.0
809.581,0.0
809.77,0.0
809.958,0.0
810.147,0.0
810.335,0.0
810.524,0.0
810.713,0.0
810.901,0.0
811.09,3.1824969433412825e-08
811.278,2.701513085425638e-07
811.467,5.153243463154811e-07
811.655,7.650437284803271e-07
811.844,1.0247617260306126e-06
812.032,1.2907922069980933e-06
812.22,1.5612491882853513e-06
812.409,1.835320699277718e-06
812.597,2.12230241132858e-06
812.785,2.425106029007312e-06
812.974,2.7586751812051184e-06
813.162,3.1342411244384663e-06
813.35,3.554447740302043e-06
813.539,4.051214988528525e-06
813.727,4.649740642513268e-06
813.915,5.383828510015826e-06
814.103,6.253279337822975e-06
814.291,7.3001630605923855e-06
814.479,8.55736111087427e-06
814.668,1.0051275940783404e-05
814.856,1.1803398015488654e-05
815.044,1.3817283627099847e-05
815.232,1.6152852345404953e-05
815.42,1.8798180361948733e-05
815.608,2.1805180205491238e-05
815.796,2.513946990286536e-05
815.984,2.872461279493232e-05
816.172,3.267563135110325e-05
816.36,3.715193679633722e-05
816.548,4.246558217856357e-05
816.736,4.8962789817836014e-05
816.924,5.702324680059216e-05
817.111,6.661008941457565e-05
817.299,7.760012604969582e-05
817.487,9.227932713656818e-05
817.675,0.00011551283013696484
817.863,0.00015189151983104843
818.05,0.00023305237897179153
818.238,0.0004574068004595979
818.426,0.0006597826727022803
818.613,0.0004761648912546889
818.801,0.0003760797033944384
818.989,0.00035804800533717517
819.176,0.0003947616749871541
819.364,0.0005874701807966832
819.552,0.0008367289444920161
819.739,0.0006287339978293648
819.927,0.00045218520575447636
820.114,0.00035972795247792716
820.302,0.0003075249115554474
820.489,0.00026584267584869
820.677,0.0002369418912348733
820.864,0.00021961406704968
821.052,0.00020992245663845898
821.239,0.00020492107154297982
821.426,0.0002035970007178986
821.614,0.00022988180847733153
821.801,0.0002424077041322108
821.988,0.0002118735655321397
822.176,0.00019794281237956924
822.363,0.00019629310197123457
822.55,0.00017963525953359325
822.737,0.00015310013000280017
822.924,0.00014073385995420868
823.112,0.00012887511279360933
823.299,0.00011708192811381334
823.486,0.00010740027917834632
823.673,0.00010002122351712152
823.86,9.44926458865758e-05
824.047,9.460712798943301e-05
824.234,0.00010542411339579647
824.421,0.00010497523122036156
824.608,8.965304156406918e-05
824.795,7.749042152168948e-05
824.982,6.771344511274172e-05
825.169,5.989946672631124e-05
825.356,5.407833045662956e-05
825.543,4.9676373350625105e-05
825.73,4.585790433675922e-05
825.917,4.235482351104234e-05
826.104,3.906296875178279e-05
826.29,3.5968415808438176e-05
826.477,3.311598423575627e-05
826.664,3.0475704246839175e-05
826.851,2.8007915141375295e-05
827.038,2.5673031246813723e-05
827.224,2.3468649075707525e-05
827.411,2.139610886304079e-05
827.598,1.9457809766580826e-05
827.784,1.767221016803211e-05
827.971,1.6005195440244273e-05
828.157,1.4447126267132437e-05
828.344,1.2984153697931889e-05
828.531,1.1612423468637138e-05
828.717,1.0321120881046841e-05
828.904,9.099429013206268e-06
829.09,7.946171029951135e-06
829.277,6.853855755413198e-06
829.463,5.82372632833382e-06
829.65,4.861921541663444e-06
829.836,3.9785636307742465e-06
830.022,3.175744041158758e-06
830.209,2.455661674109504e-06
830.395,1.8223573021059073e-06
830.581,1.2713899140653683e-06
830.768,7.908410737175228e-07
830.954,3.769985993423503e-07
831.14,1.8742832895074562e-08
831.327,0.0
831.513,0.0
831.699,0.0
831.885,0.0
832.071,0.0
832.257,0.0
832.444,0.0
832.63,0.0
832.816,0.0
833.002,0.0
833.188,0.0
833.374,0.0
833.56,0.0
833.746,0.0
833.932,0.0
834.118,0.0
834.303,0.0
834.489,0.0
834.675,0.0
834.861,0.0
835.047,0.0
835.233,0.0
835.418,0.0
835.604,0.0
835.79,0.0
835.976,0.0
836.161,0.0
836.347,0.0
836.533,0.0
836.718,0.0
836.904,0.0
837.089,0.0
837.275,0.0
837.46,0.0
837.646,0.0
837.831,0.0
838.017,0.0
838.202,0.0
838.388,0.0
838.573,0.0
838.759,0.0
838.944,0.0
839.129,0.0
839.315,0.0
839.5,0.0
839.685,0.0
839.87,0.0
840.056,0.0
840.241,0.0
840.426,5.768317269780842e-08
840.611,5.202898118299369e-07
840.796,9.716103367774877e-07
840.981,1.4363916110254896e-06
841.166,1.9327613204111335e-06
841.352,2.493909056701874e-06
841.537,3.133489719048959e-06
841.722,3.883565515752743e-06
841.907,4.770862540265942e-06
842.092,5.793587787221534e-06
842.277,6.920286115485319e-06
842.461,8.052720843796978e-06
842.646,9.18017515318349e-06
842.831,1.0379606270786536e-05
843.016,1.1752531003689551e-05
843.201,1.3600066914473025e-05
843.386,1.6068556556604784e-05
843.571,1.9226288374831967e-05
843.755,2.3677615810414283e-05
843.94,2.9646368688437765e-05
844.125,3.813029632779881e-05
844.31,5.4220517984022454e-05
844.494,8.434077891242342e-05
844.679,0.0001320722601886524
844.864,0.00013585605827439926
845.048,0.00010045947577627841
845.233,7.610705917602627e-05
845.418,6.019232765600298e-05
845.602,4.876283299940195e-05
845.787,3.985322505232485e-05
845.971,3.2964334944495396e-05
846.156,2.758447300816834e-05
846.34,2.3283722373597324e-05
846.525,1.981687206662235e-05
846.709,1.6980893239137163e-05
846.893,1.4574618340383854e-05
847.078,1.2472397474606558e-05
847.262,1.0599186651268925e-05
847.447,8.883400117531405e-06
847.631,7.346751918278011e-06
847.815,5.999615158735619e-06
848.0,4.825095914389009e-06
848.184,3.8211644674542366e-06
848.368,2.952829876523595e-06
848.552,2.1923558873387214e-06
848.736,1.5194754669347e-06
848.921,9.228755903404007e-07
849.105,3.796522340221243e-07
849.289,0.0
849.473,0.0
849.657,0.0
849.841,0.0
850.025,0.0
850.209,0.0
850.393,0.0
850.577,0.0
850.761,0.0
850.945,0.0
851.129,0.0
851.313,0.0
851.497,0.0
851.68,0.0
851.864,0.0
852.048,0.0
852.232,0.0
852.416,0.0
852.599,0.0
852.783,0.0
852.967,0.0
853.15,0.0
853.334,0.0
853.518,0.0
853.701,0.0
853.885,0.0
854.068,0.0
854.252,0.0
854.435,0.0
854.619,0.0
854.802,0.0
854.986,0.0
855.169,0.0
855.353,0.0
855.536,0.0
855.719,0.0
855.903,0.0
856.086,0.0
856.269,0.0
856.452,0.0
856.636,0.0
856.819,0.0
857.002,0.0
857.185,0.0
857.368,0.0
857.552,0.0
857.735,0.0
857.918,0.0
858.101,0.0
858.284,0.0
858.467,0.0
858.65,0.0
858.833,6.370794126591698e-07
859.016,1.7946425008400917e-06
859.199,4.164596435847204e-06
859.382,8.027641153934855e-06
859.564,1.1156526063618204e-05
859.747,1.0965096641529852e-05
859.93,8.424841677629898e-06
860.113,6.125752528034924e-06
860.296,4.600326670546571e-06
860.478,3.4373236698171648e-06
860.661,2.5426304139186675e-06
860.844,1.699247674926352e-06
861.027,8.346439411200859e-07
861.209,1.5814569327317455e-07
861.392,0.0
861.575,0.0
861.757,0.0
861.94,1.2956453159145632e-07
862.122,7.884771478918565e-07
862.305,1.7469306273141624e-06
862.487,3.7056824983132758e-06
862.67,8.536828310682921e-06
862.852,1.6969606333917824e-05
863.035,2.9658170467133335e-05
863.217,2.9385876330974265e-05
863.4,2.3124409216692312e-05
863.582,1.7102955294752808e-05
863.764,1.3177940613732963e-05
863.947,1.0754452442348946e-05
864.129,9.39760487742141e-06
864.311,8.742014664144628e-06
864.493,8.43527459226628e-06
864.676,8.403401531122332e-06
864.858,8.653403046570406e-06
865.04,9.165227596012689e-06
865.222,9.927400863596095e-06
865.404,1.0877567010766103e-05
865.587,1.1896067112157297e-05
865.769,1.2870023392373136e-05
865.951,1.3676511424515829e-05
866.133,1.4384762198516878e-05
866.315,1.5121908461008317e-05
866.497,1.6127482584003947e-05
866.679,1.7787221839601343e-05
866.861,2.013748739900747e-05
867.043,2.325002059363623e-05
867.225,2.7329814868075765e-05
867.407,3.316130749546595e-05
867.589,4.36497838211969e-05
867.77,6.24452824059377e-05
867.952,0.00010437648014784425
868.134,0.00014834670648438604
868.316,0.0001521568508609608
868.498,0.00014303923057921376
868.679,0.00011885105994740261
868.861,9.458352258527349e-05
869.043,7.354026404181152e-05
869.224,5.848122109180809e-05
869.406,4.881566150472599e-05
869.588,4.243413983637909e-05
869.769,3.8099373880743106e-05
869.951,3.6398681331884804e-05
870.132,3.951537935252005e-05
870.314,4.592049455407984e-05
870.495,4.833836985859084e-05
870.677,3.997553644494143e-05
870.858,3.8941330504916565e-05
871.04,4.338945387269921e-05
871.221,5.126583751020829e-05
871.403,4.850854585322509e-05
871.584,3.965614738095448e-05
871.765,3.9287051155275354e-05
871.947,4.5953422174769344e-05
872.128,3.71744587917826e-05
872.309,3.004739114615979e-05
872.491,2.4377006776392395e-05
872.672,1.9911786301747112e-05
872.853,1.666026577275369e-05
873.034,1.4552016238136231e-05
873.215,1.2839850304953437e-05
873.396,1.1100123479846098e-05
873.578,9.432651379661463e-06
873.759,7.827059431519223e-06
873.94,6.402551582855717e-06
874.121,5.211849741635309e-06
874.302,4.143946313544017e-06
874.483,3.173724560434511e-06
874.664,2.312364232604437e-06
874.845,1.5785765126288971e-06
875.026,9.740101685176489e-07
875.207,4.791256247004953e-07
875.388,5.2639389982731074e-08
875.568,0.0
875.749,0.0
875.93,0.0
876.111,0.0
876.292,0.0
876.472,0.0
876.653,0.0
876.834,0.0
877.015,0.0
877.195,0.0
877.376,0.0
877.556,0.0
877.737,0.0
877.918,0.0
878.098,0.0
878.279,0.0
878.459,0.0
878.64,0.0
878.82,0.0
879.0,0.0
879.181,0.0
879.361,0.0
879.542,0.0
879.722,0.0
879.902,0.0
880.083,0.0
880.263,0.0
880.443,4.531137245535258e-07
880.623,3.136702256023599e-06
880.803,4.2923772031541526e-06
880.984,5.604743112944336e-08
881.164,0.0
881.344,0.0
881.524,0.0
881.704,0.0
881.884,0.0
882.064,6.685064810337183e-07
882.244,1.2302368902870231e-06
882.424,1.5282596134630316e-06
882.604,1.5829586111157073e-06
882.784,1.5100454865913524e-06
882.964,1.3997857615784105e-06
883.144,1.2525155838141452e-06
883.324,1.0836729173263862e-06
883.504,9.189503703140135e-07
883.683,7.858617346068456e-07
883.863,6.84681070927704e-07
884.043,6.157179669176507e-07
884.223,5.592744296903391e-07
884.402,4.973813043770906e-07
884.582,4.3084164134638294e-07
884.762,3.588095836755818e-07
884.941,2.792600599796951e-07
885.121,1.8992908307761555e-07
885.301,9.179684783048281e-08
885.48,0.0
885.66,0.0
885.839,0.0
886.019,0.0
886.198,0.0
886.378,0.0
886.557,0.0
886.737,0.0
886.916,0.0
887.095,0.0
887.275,0.0
887.454,0.0
887.633,0.0
887.813,0.0
887.992,0.0
888.171,0.0
888.35,0.0
888.53,0.0
888.709,0.0
888.888,0.0
889.067,0.0
889.246,0.0
889.425,0.0
889.604,0.0
889.783,0.0
889.962,0.0
890.141,0.0
890.32,0.0
890.499,0.0
890.678,0.0
890.857,0.0
891.036,0.0
891.214,0.0
891.393,0.0
891.572,0.0
891.751,0.0
891.93,0.0
892.108,0.0
892.287,0.0
892.466,0.0
892.644,0.0
892.823,0.0
893.001,0.0
893.18,0.0
893.359,0.0
893.537,0.0
893.716,0.0
893.894,0.0
894.073,0.0
894.251,0.0
894.429,0.0
894.608,0.0
894.786,0.0
894.964,0.0
895.143,0.0
895.321,0.0
895.499,0.0
895.677,0.0
895.856,0.0
896.034,0.0
896.212,0.0
896.39,0.0
896.568,0.0
896.746,0.0
896.924,0.0
897.102,0.0
897.28,0.0
897.458,0.0
897.636,0.0
897.814,0.0
897.992,0.0
898.17,0.0
898.348,0.0
898.526,0.0
898.704,0.0
898.882,0.0
899.059,0.0
899.237,0.0
899.415,0.0
899.593,0.0
899.77,0.0
899.948,0.0
900.125,1.225360439672137e-07
900.303,5.22287671194158e-07
900.481,9.14364708813774e-07
900.658,1.2892655250060362e-06
900.836,1.641777153287796e-06
901.013,1.973505406588176e-06
901.191,2.2886672720455493e-06
901.368,2.595778304592437e-06
901.546,2.881638102161517e-06
901.723,3.128781777531052e-06
901.901,3.3410418519628433e-06
902.078,3.5307037226225668e-06
902.255,3.695560324437334e-06
902.433,3.803564762382267e-06
902.61,3.825821199619589e-06
902.787,3.749010799142784e-06
902.964,3.6445681128277394e-06
903.142,3.5937860242699743e-06
903.319,3.567355851793208e-06
903.496,3.5585827349299096e-06
903.673,3.472475754017248e-06
903.85,3.470306752066725e-06
904.027,4.065170222012502e-06
904.204,5.5945428237531855e-06
904.381,8.913458037067179e-06
904.558,1.3695916682391636e-05
904.735,1.7407067048767445e-05
904.912,1.9052963932051725e-05
905.089,1.9053002737664935e-05
905.266,1.6865751103250297e-05
905.443,1.3238016782353037e-05
905.62,1.0423218256460236e-05
905.797,8.824522203107586e-06
905.974,7.837722309988829e-06
906.151,7.358281234641629e-06
906.327,6.9710001398284436e-06
906.504,6.56367922881424e-06
906.681,6.228145642278239e-06
906.858,5.91432322842702e-06
907.034,5.676583125858574e-06
907.211,5.4654627426164445e-06
907.388,5.2329027909916575e-06
907.564,4.982698625818875e-06
907.741,4.7321978997434725e-06
907.917,4.491557002891784e-06
908.094,4.266529925292168e-06
908.271,4.061273111992535e-06
908.447,3.856268203423251e-06
908.623,3.6488237084991965e-06
908.8,3.433318642235518e-06
908.976,3.199623116874238e-06
909.153,2.937805943002755e-06
909.329,2.6427289552187008e-06
909.505,2.3164295925609223e-06
909.682,1.9609814700922638e-06
909.858,1.5856801697431574e-06
910.034,1.1980284771819686e-06
910.211,8.060824751214327e-07
910.387,4.1775641110290863e-07
910.563,4.0283135576578825e-08
910.739,0.0
910.915,0.0
911.091,0.0
911.268,0.0
911.444,0.0
911.62,0.0
911.796,0.0
911.972,0.0
912.148,0.0
912.324,0.0
912.5,0.0
912.676,0.0
912.851,0.0
913.027,0.0
913.203,0.0
913.379,0.0
913.555,0.0
913.73,0.0
913.906,0.0
914.082,0.0
914.258,0.0
914.433,0.0
914.609,0.0
914.784,0.0
914.96,0.0
915.136,0.0
915.311,0.0
915.487,0.0
915.662,0.0
915.838,0.0
916.013,0.0
916.189,0.0
916.364,0.0
916.539,0.0
916.715,0.0
916.89,0.0
917.065,0.0
917.24,0.0
917.416,0.0
917.591,0.0
917.766,0.0
917.941,0.0
918.116,0.0
918.292,0.0
918.467,0.0
918.642,0.0
918.817,0.0
918.992,0.0
919.167,0.0
919.342,0.0
919.517,0.0
919.692,0.0
919.867,0.0
920.041,0.0
920.216,0.0
920.391,0.0
920.566,0.0
920.741,0.0
920.915,1.6660055295454162e-06
921.09,5.610250062817149e-06
921.265,1.1507640015212714e-05
921.439,1.904661495257634e-05
921.614,1.3089758306423174e-05
921.789,8.494922431545593e-06
921.963,5.429855777581693e-06
922.138,3.439855218492284e-06
922.312,2.9197529875642063e-06
922.487,4.4527098287092125e-06
922.661,8.067350242291701e-06
922.836,1.1784526809154035e-05
923.01,1.2517160544057632e-05
923.185,1.0081295717231715e-05
923.359,7.568052674495712e-06
923.534,7.633375991466699e-06
923.708,9.406824734219006e-06
923.882,1.0300196133361517e-05
924.057,9.910016500684257e-06
924.231,9.14618303886441e-06
924.405,8.24710967196128e-06
924.579,7.411743576951301e-06
924.753,6.784519108911505e-06
924.928,6.2515490880856956e-06
925.102,5.8466302290887855e-06
925.276,5.637560233798192e-06
925.45,5.678746370565555e-06
925.624,6.102396848176719e-06
925.798,6.995072344943416e-06
925.972,8.432004104285691e-06
926.146,1.0416030293717447e-05
926.32,1.268516207926468e-05
926.494,1.4867031534622122e-05
926.668,1.648995200218625e-05
926.842,1.7206125353700707e-05
927.016,1.7047632646451307e-05
927.19,1.618054517449621e-05
927.363,1.4951181705839785e-05
927.537,1.3655602627823405e-05
927.711,1.2373026842335351e-05
927.885,1.119592116418235e-05
928.058,1.0118797835061521e-05
928.232,9.130285306531752e-06
928.406,8.273415802011807e-06
928.579,7.529273990877189e-06
928.753,6.87937214413671e-06
928.927,6.313648167794379e-06
929.1,5.816519976313804e-06
929.274,5.3659693513957705e-06
929.447,4.953972540301016e-06
929.621,4.5693717971944245e-06
929.794,4.1935453158100345e-06
929.968,3.826939736633629e-06
930.141,3.4683050350725937e-06
930.315,3.114196403396804e-06
930.488,2.7583290013243746e-06
930.661,2.394285501283383e-06
930.835,2.0160201498533124e-06
931.008,1.6190253781116699e-06
931.181,1.2029519863693395e-06
931.354,7.708876209135862e-07
931.528,3.2634275305449395e-07
931.701,0.0
931.874,0.0
932.047,0.0
932.22,0.0
932.393,0.0
932.566,0.0
932.739,0.0
932.912,0.0
933.085,0.0
933.258,0.0
933.431,0.0
933.604,0.0
933.777,0.0
933.95,0.0
934.123,0.0
934.296,0.0
934.468,0.0
934.641,0.0
934.814,0.0
934.987,0.0
935.159,0.0
935.332,0.0
935.505,0.0
935.677,0.0
935.85,0.0
936.022,0.0
936.195,0.0
936.367,0.0
936.54,0.0
936.712,0.0
936.885,0.0
937.057,0.0
937.229,0.0
937.402,0.0
937.574,0.0
937.746,0.0
937.919,6.7091277729134e-07
938.091,2.270252261767373e-06
938.263,4.572634026584049e-06
938.435,8.244811451451855e-06
938.608,1.3240104205985788e-05
938.78,1.722808988238371e-05
938.952,1.9004607889799333e-05
939.124,2.1680400664865437e-05
939.296,3.0376657844955324e-05
939.468,3.2118106430079024e-05
939.64,2.4574760318040202e-05
939.812,1.9726294019168266e-05
939.984,1.5895282287550332e-05
940.156,1.270879744494581e-05
940.328,1.0450188318649904e-05
940.5,8.845784016872953e-06
940.672,7.564919900134291e-06
940.843,6.6277289708308e-06
941.015,6.055135040390072e-06
941.187,5.829330609302136e-06
941.359,5.877451282384143e-06
941.531,6.047415128099299e-06
941.702,6.213681905067448e-06
941.874,6.31360648122002e-06
942.046,6.31109878155435e-06
942.217,6.217475012177354e-06
942.389,6.045720125660266e-06
942.56,5.794774769245605e-06
942.732,5.475982407625766e-06
942.904,5.109656377938377e-06
943.075,4.715290068690024e-06
943.247,4.305510387702728e-06
943.418,3.8904487154824935e-06
943.589,3.4632783656957043e-06
943.761,3.0151142125414616e-06
943.932,2.5462283641648193e-06
944.104,2.0600870672488123e-06
944.275,1.5701935582923517e-06
944.446,1.0902129007758845e-06
944.617,6.32452673576432e-07
944.789,2.072782417303877e-07
944.96,0.0
945.131,0.0
945.302,0.0
945.473,0.0
945.645,0.0
945.816,0.0
945.987,0.0
946.158,0.0
946.329,0.0
946.5,0.0
946.671,0.0
946.842,0.0
947.013,0.0
947.183,0.0
947.354,0.0
947.525,0.0
947.696,0.0
947.867,0.0
948.037,0.0
948.208,0.0
948.379,0.0
948.55,0.0
948.72,0.0
948.891,0.0
949.061,0.0
949.232,0.0
949.403,0.0
949.573,0.0
949.744,0.0
949.914,0.0
950.085,0.0
950.255,0.0
950.425,0.0
950.596,0.0
950.766,0.0
950.936,0.0
951.107,0.0
951.277,0.0
951.447,0.0
951.617,0.0
951.788,0.0
951.958,0.0
952.128,0.0
952.298,0.0
952.468,0.0
952.638,0.0
952.808,0.0
952.978,0.0
953.148,0.0
953.318,0.0
953.488,0.0
953.658,0.0
953.828,0.0
953.998,0.0
954.167,0.0
954.337,0.0
954.507,0.0
954.677,0.0
954.846,0.0
955.016,0.0
955.186,0.0
955.355,0.0
955.525,0.0
955.695,0.0
955.864,0.0
956.034,0.0
956.203,0.0
956.373,0.0
956.542,0.0
956.711,0.0
956.881,0.0
957.05,0.0
957.22,0.0
957.389,0.0
957.558,0.0
957.727,0.0
957.897,0.0
958.066,0.0
958.235,0.0
958.404,0.0
958.573,0.0
958.743,0.0
958.912,0.0
959.081,0.0
959.25,0.0
959.419,0.0
959.588,0.0
959.757,0.0
959.926,0.0
960.094,0.0
960.263,0.0
960.432,0.0
960.601,0.0
960.77,0.0
960.939,0.0
961.107,0.0
961.276,0.0
961.445,0.0
961.613,0.0
961.782,0.0
961.951,0.0
962.119,0.0
962.288,0.0
962.456,0.0
962.625,0.0
962.793,0.0
962.962,0.0
963.13,0.0
963.298,0.0
963.467,0.0
963.635,0.0
963.803,0.0
963.972,0.0
964.14,0.0
964.308,0.0
964.477,0.0
964.645,0.0
964.813,0.0
964.981,0.0
965.149,0.0
965.317,0.0
965.485,0.0
965.653,0.0
965.821,0.0
965.989,0.0
966.157,0.0
966.325,0.0
966.493,0.0
966.661,1.043107087295287e-09
966.829,2.3198338015304263e-08
966.996,4.442664507648165e-08
967.164,6.466434178599531e-08
967.332,8.385637742682358e-08
967.5,1.019519996263942e-07
967.667,1.1892445889675041e-07
967.835,1.3473320404073142e-07
968.003,1.493187320079407e-07
968.17,1.6264204969401793e-07
968.338,1.747027294237235e-07
968.505,1.8556181303971342e-07
968.673,1.9529405720670865e-07
968.841,2.039522006086455e-07
969.008,2.1158116367517518e-07
969.175,2.1822960374712798e-07
969.343,2.2396524444286715e-07
969.51,2.2888179371368462e-07
969.678,2.3306413437729477e-07
969.845,2.3655355567679538e-07
970.012,2.3938934721933504e-07
970.18,2.4162500181878175e-07
970.347,2.433109766011243e-07
970.514,2.4450871261842394e-07
970.681,2.452654045431585e-07
970.849,2.4557763960860537e-07
971.016,2.454051789997763e-07
971.183,2.4470555877218457e-07
971.35,2.434509735516759e-07
971.517,2.416280146153071e-07
971.684,2.392358663755666e-07
971.851,2.3626608872936764e-07
972.018,2.3267892531219724e-07
972.185,2.2844075891822638e-07
972.352,2.235531067455275e-07
972.519,2.180220335659605e-07
972.686,2.1184684833740976e-07
972.853,2.050057735333359e-07
973.02,1.9746438419304777e-07
973.186,1.8921594480211558e-07
973.353,1.802810268705223e-07
973.52,1.7070175345512856e-07
973.687,1.6049872946166343e-07
973.853,1.4964498946097735e-07
974.02,1.3811578096835434e-07
974.187,1.2590749038645676e-07
974.353,1.1303523395015508e-07
974.52,9.953260886049716e-08
974.687,8.543141397227465e-08
974.853,7.073122320538782e-08
975.02,5.543226452496132e-08
975.186,3.9570789514808784e-08
975.353,2.319098906158295e-08
975.519,6.349296450152097e-09
975.685,0.0
975.852,0.0
976.018,0.0
976.184,0.0
976.351,0.0
976.517,0.0
976.683,0.0
976.849,0.0
977.016,0.0
977.182,0.0
977.348,0.0
977.514,0.0
977.68,0.0
977.846,0.0
978.012,0.0
978.178,0.0
978.344,0.0
978.51,0.0
978.676,0.0
978.842,0.0
979.008,0.0
979.174,0.0
979.34,0.0
979.505,0.0
979.671,0.0
979.837,0.0
980.003,0.0
980.168,0.0
980.334,0.0
980.499,0.0
980.665,0.0
980.831,0.0
980.996,0.0
981.162,0.0
981.327,0.0
981.493,0.0
981.658,0.0
981.823,0.0
981.989,0.0
982.154,0.0
982.319,0.0
982.485,0.0
982.65,0.0
982.815,0.0
982.98,0.0
983.146,0.0
983.311,0.0
983.476,0.0
983.641,0.0
983.806,0.0
983.971,0.0
984.136,0.0
984.301,0.0
984.466,0.0
984.631,0.0
984.796,0.0
984.961,0.0
985.126,0.0
985.291,5.511994717977619e-10
985.455,1.1521107221728952e-08
985.62,2.2266270562326882e-08
985.785,3.2812502853310445e-08
985.95,4.318315718287563e-08
986.114,5.3420655703972925e-08
986.279,6.35445777530786e-08
986.444,7.35412746957395e-08
986.608,8.337677491906747e-08
986.773,9.29919019725848e-08
986.937,1.0236777098397346e-07
987.102,1.1152490369981577e-07
987.266,1.204973893148038e-07
987.431,1.293410229609457e-07
987.595,1.3811320013587883e-07
987.76,1.4686027172412819e-07
987.924,1.5562384726769936e-07
988.088,1.6444979705185136e-07
988.253,1.7334767731694987e-07
988.417,1.8232148595867713e-07
988.581,1.913608562567471e-07
988.746,2.0040109169576658e-07
988.91,2.0937859819157094e-07
989.074,2.18229610669471e-07
989.238,2.2688677981766081e-07
989.402,2.3527874657971915e-07
989.566,2.433202580485416e-07
989.731,2.508896122098847e-07
989.895,2.578393819614429e-07
990.059,2.6403664140744637e-07
990.223,2.693045840835705e-07
990.387,2.7341576028636203e-07
990.551,2.761203394480826e-07
990.714,2.771387953872159e-07
990.878,2.7620034853815544e-07
991.042,2.7306030931063376e-07
991.206,2.6746465676403964e-07
991.37,2.5910915622689996e-07
991.534,2.476672877645765e-07
991.697,2.3279245961609654e-07
991.861,2.140958802852248e-07
992.025,1.9117500938208976e-07
992.188,1.6355908266884567e-07
992.352,1.307031507839379e-07
992.516,9.202641796834876e-08
992.679,4.6911241826726904e-08
992.843,0.0
993.006,0.0
993.17,0.0
993.333,0.0
993.497,0.0
993.66,0.0
993.824,0.0
993.987,0.0
994.15,0.0
994.314,0.0
994.477,0.0
994.64,0.0
994.803,0.0
994.967,0.0
995.13,0.0
995.293,0.0
995.456,0.0
995.619,0.0
995.782,0.0
995.945,0.0
996.108,0.0
996.271,0.0
996.434,0.0
996.597,0.0
996.76,0.0
996.923,0.0
997.086,0.0
997.248,0.0
997.411,0.0
997.574,0.0
997.737,0.0
997.899,0.0
998.062,0.0
998.225,0.0
998.387,0.0
998.55,0.0
998.712,0.0
998.875,0.0
999.037,0.0
999.2,0.0
999.362,0.0
999.525,0.0
999.687,0.0
999.849,0.0
