237.496,0.0
237.566,0.0
237.636,0.0
237.705,0.0
237.775,5.026791645932908e-07
237.845,8.132966000830843e-07
237.914,3.7972122547843503e-07
237.984,8.147804886101967e-08
238.054,1.392724104078939e-07
238.123,3.7984038418668236e-07
238.193,6.196400812910061e-07
238.263,7.245957190496232e-07
238.332,6.627032223009591e-07
238.402,5.198304186046286e-07
238.471,3.964415247966813e-07
238.541,3.078569469425773e-07
238.611,2.3549387198792098e-07
238.68,1.6836828528621544e-07
238.75,1.0439349954182987e-07
238.819,5.8746754599035416e-08
238.889,2.825893167020386e-08
238.958,6.429327325463186e-09
239.028,0.0
239.097,0.0
239.167,0.0
239.237,0.0
239.306,0.0
239.376,0.0
239.445,0.0
239.515,0.0
239.584,0.0
239.654,0.0
239.723,0.0
239.793,0.0
239.862,0.0
239.932,0.0
240.001,0.0
240.07,0.0
240.14,0.0
240.209,0.0
240.279,0.0
240.348,0.0
240.418,0.0
240.487,1.1963516252752286e-08
240.556,3.166215484663475e-08
240.626,4.713017392925454e-08
240.695,5.8486579570006316e-08
240.765,6.702533183785405e-08
240.834,7.313262874865007e-08
240.903,7.765696196630082e-08
240.973,8.12849611577147e-08
241.042,8.453923216531418e-08
241.112,8.770004603088795e-08
241.181,9.186279850078278e-08
241.25,9.775121897815219e-08
241.32,1.0594213556056993e-07
241.389,1.1666651157443365e-07
241.458,1.293595873074049e-07
241.528,1.4359438472186617e-07
241.597,1.5930329054305739e-07
241.666,1.765277779653492e-07
241.736,1.9535739648232793e-07
241.805,2.1562964163126764e-07
241.874,2.3700525320951068e-07
241.943,2.5905858005272026e-07
242.013,2.8130315415808215e-07
242.082,3.0337029259648266e-07
242.151,3.249774626508193e-07
242.221,3.4583816771668723e-07
242.29,3.656994645920623e-07
242.359,3.843786317794746e-07
242.428,4.017234784605139e-07
242.498,4.176979217355992e-07
242.567,4.3231887530198937e-07
242.636,4.457742513635777e-07
242.705,4.5820876622000606e-07
242.774,4.6973577406299807e-07
242.844,4.804380008139012e-07
242.913,4.902675756913978e-07
242.982,4.99042711009189e-07
243.051,5.068346202863258e-07
243.12,5.136797024852207e-07
243.19,5.195913683794549e-07
243.259,5.245406325320908e-07
243.328,5.284862046288461e-07
243.397,5.312008567188581e-07
243.466,5.32469825409082e-07
243.535,5.321038307615057e-07
243.605,5.300164612709899e-07
243.674,5.262279662671046e-07
243.743,5.207363454447039e-07
243.812,5.135123547647703e-07
243.881,5.045550183385355e-07
243.95,4.938317814232055e-07
244.019,4.813897344280333e-07
244.088,4.673177004430771e-07
244.158,4.516863019998631e-07
244.227,4.3456995183548465e-07
244.296,4.160256292097525e-07
244.365,3.9611458477003704e-07
244.434,3.749235726673472e-07
244.503,3.525572709078179e-07
244.572,3.2913150862022045e-07
244.641,3.0478332503815756e-07
244.71,2.796358839410605e-07
244.779,2.53786562910309e-07
244.848,2.2732459137328324e-07
244.917,2.0032604911453697e-07
244.986,1.7289604074378286e-07
245.055,1.4516898765666682e-07
245.124,1.1725171590396264e-07
245.193,8.92395720701688e-08
245.262,6.119062606126077e-08
245.331,3.318466315380469e-08
245.4,5.330130149527569e-09
245.469,0.0
245.538,0.0
245.607,0.0
245.676,0.0
245.745,0.0
245.814,0.0
245.883,0.0
245.952,0.0
246.021,0.0
246.09,0.0
246.159,0.0
246.227,0.0
246.296,0.0
246.365,0.0
246.434,0.0
246.503,0.0
246.572,0.0
246.641,0.0
246.71,0.0
246.779,0.0
246.847,0.0
246.916,0.0
246.985,0.0
247.054,0.0
247.123,0.0
247.192,0.0
247.26,0.0
247.329,0.0
247.398,0.0
247.467,0.0
247.536,0.0
247.604,0.0
247.673,0.0
247.742,0.0
247.811,0.0
247.879,0.0
247.948,0.0
248.017,0.0
248.086,0.0
248.154,0.0
248.223,0.0
248.292,0.0
248.361,0.0
248.429,0.0
248.498,0.0
248.567,0.0
248.635,0.0
248.704,0.0
248.773,0.0
248.841,0.0
248.91,0.0
248.979,0.0
249.047,0.0
249.116,0.0
249.185,0.0
249.253,0.0
249.322,1.016995044053187e-09
249.39,1.634653371186527e-08
249.459,3.18859029929999e-08
249.528,4.7688722243759157e-08
249.596,6.379343237385064e-08
249.665,8.023755791893535e-08
249.733,9.705284410427912e-08
249.802,1.1429621532272852e-07
249.871,1.320380295571841e-07
249.939,1.5027034820642542e-07
250.008,1.6890639741952888e-07
250.076,1.8783371916485432e-07
250.145,2.0691353265385686e-07
250.213,2.2603745643724676e-07
250.282,2.4513743150349585e-07
250.35,2.6410986925252826e-07
250.419,2.82809775660283e-07
250.487,3.010905203066351e-07
250.556,3.1879306689163883e-07
250.624,3.357663841931101e-07
250.693,3.519011403888626e-07
250.761,3.6705617082595e-07
250.83,3.810388602628123e-07
250.898,3.93648297970527e-07
250.967,4.046715781279369e-07
251.035,4.139123735909211e-07
251.104,4.212232715782007e-07
251.172,4.264608218087884e-07
251.241,4.2944471477277025e-07
251.309,4.300117093921497e-07
251.378,4.280243135353188e-07
251.446,4.233713187785307e-07
251.514,4.159861931620432e-07
251.583,4.0575100891907405e-07
251.651,3.9249600162445704e-07
251.72,3.760749489994985e-07
251.788,3.5635084248922973e-07
251.856,3.332056344532007e-07
251.925,3.0655033445763607e-07
251.993,2.762901301241875e-07
252.062,2.4234111068152074e-07
252.13,2.046968996250531e-07
252.198,1.634031541294515e-07
252.267,1.1853689319874079e-07
252.335,7.023054359123354e-08
252.403,1.8607625160683993e-08
252.472,0.0
252.54,0.0
252.608,0.0
252.677,0.0
252.745,0.0
252.813,0.0
252.881,0.0
252.95,0.0
253.018,0.0
253.086,0.0
253.155,0.0
253.223,0.0
253.291,0.0
253.359,0.0
253.428,0.0
253.496,0.0
253.564,0.0
253.632,0.0
253.7,0.0
253.769,0.0
253.837,0.0
253.905,0.0
253.973,0.0
254.041,0.0
254.11,0.0
254.178,0.0
254.246,0.0
254.314,0.0
254.382,0.0
254.45,0.0
254.518,0.0
254.587,0.0
254.655,0.0
254.723,0.0
254.791,0.0
254.859,0.0
254.927,0.0
254.995,0.0
255.063,0.0
255.131,0.0
255.199,0.0
255.267,0.0
255.336,0.0
255.404,0.0
255.472,0.0
255.54,0.0
255.608,0.0
255.676,0.0
255.744,0.0
255.812,0.0
255.88,0.0
255.948,0.0
256.016,0.0
256.084,0.0
256.152,0.0
256.22,0.0
256.288,0.0
256.356,0.0
256.424,0.0
256.491,0.0
256.559,0.0
256.627,0.0
256.695,0.0
256.763,0.0
256.831,0.0
256.899,0.0
256.967,0.0
257.035,0.0
257.103,0.0
257.171,0.0
257.238,0.0
257.306,0.0
257.374,0.0
257.442,0.0
257.51,0.0
257.578,0.0
257.646,0.0
257.713,0.0
257.781,0.0
257.849,0.0
257.917,0.0
257.985,0.0
258.052,0.0
258.12,0.0
258.188,0.0
258.256,0.0
258.324,0.0
258.391,0.0
258.459,0.0
258.527,0.0
258.595,0.0
258.662,0.0
258.73,0.0
258.798,0.0
258.865,0.0
258.933,0.0
259.001,0.0
259.069,0.0
259.136,0.0
259.204,0.0
259.272,0.0
259.339,0.0
259.407,0.0
259.475,0.0
259.542,0.0
259.61,0.0
259.677,0.0
259.745,0.0
259.813,0.0
259.88,0.0
259.948,0.0
260.016,0.0
260.083,0.0
260.151,0.0
260.218,0.0
260.286,0.0
260.353,0.0
260.421,0.0
260.489,0.0
260.556,0.0
260.624,0.0
260.691,0.0
260.759,0.0
260.826,0.0
260.894,0.0
260.961,0.0
261.029,0.0
261.096,0.0
261.164,0.0
261.231,0.0
261.299,0.0
261.366,0.0
261.434,0.0
261.501,0.0
261.568,0.0
261.636,0.0
261.703,5.034700709382648e-10
261.771,6.73108361056293e-09
261.838,1.205332390174881e-08
261.906,1.659058587709387e-08
261.973,2.0414619237866868e-08
262.04,2.3532741931434867e-08
262.108,2.5949925157179037e-08
262.175,2.7668553611304837e-08
262.243,2.8734877768468897e-08
262.31,2.9214085842548374e-08
262.377,2.9167110355309577e-08
262.445,2.8623726469129338e-08
262.512,2.7623239630630136e-08
262.579,2.6241760733134184e-08
262.647,2.4567810488917212e-08
262.714,2.2680258677344532e-08
262.781,2.0595815175509007e-08
262.849,1.8350783994494108e-08
262.916,1.599116308838738e-08
262.983,1.3591197783885373e-08
263.051,1.1287877044642594e-08
263.118,9.22050064350652e-09
263.185,7.51407440310845e-09
263.252,6.258269766737292e-09
263.32,5.546584533999449e-09
263.387,5.450473521135246e-09
263.454,6.010978970995783e-09
263.522,7.265428696074728e-09
263.589,9.150054012265244e-09
263.656,1.1522811831206879e-08
263.723,1.4239944982231023e-08
263.79,1.7201358377151496e-08
263.858,2.0394199873432788e-08
263.925,2.386287035025875e-08
263.992,2.7687964134950197e-08
264.059,3.196854777002083e-08
264.126,3.69402494406402e-08
264.194,4.303344369765766e-08
264.261,5.0850805143937266e-08
264.328,6.117578361445157e-08
264.395,7.489937244612541e-08
264.462,9.309414133411852e-08
264.529,1.1710347304697323e-07
264.597,1.4855613572057658e-07
264.664,1.8931905267963357e-07
264.731,2.414335958841422e-07
264.798,3.070365937252224e-07
264.865,3.883020952771692e-07
264.932,4.873935154195987e-07
264.999,6.061962750094517e-07
265.066,7.461196065791624e-07
265.133,9.079161841665961e-07
265.201,1.091475572857889e-06
265.268,1.2957827923042483e-06
265.335,1.5189284983616854e-06
265.402,1.758175132416651e-06
265.469,2.0100697113400833e-06
265.536,2.27070662872452e-06
265.603,2.535993628726802e-06
265.67,2.801883748302983e-06
265.737,3.0647156754294676e-06
265.804,3.321354358267795e-06
265.871,3.5692372247360047e-06
265.938,3.8063742304508595e-06
266.005,4.031293839351176e-06
266.072,4.243055832896492e-06
266.139,4.4412060742716305e-06
266.206,4.625721988903527e-06
266.273,4.79683331585569e-06
266.34,4.954899546705403e-06
266.407,5.100372341243245e-06
266.474,5.233743382351713e-06
266.541,5.3556238286393325e-06
266.608,5.466653131617953e-06
266.675,5.5673909550565265e-06
266.742,5.6583309302807845e-06
266.808,5.739899894916448e-06
266.875,5.812470496212376e-06
266.942,5.876405603826361e-06
267.009,5.932044603062728e-06
267.076,5.979602644135822e-06
267.143,6.019260372538559e-06
267.21,6.0511930768573545e-06
267.277,6.0755125895883545e-06
267.344,6.0923371678783985e-06
267.41,6.101785677591934e-06
267.477,6.103929639493726e-06
267.544,6.098812359018901e-06
267.611,6.086486162474799e-06
267.678,6.066964181552555e-06
267.745,6.040233113115574e-06
267.811,6.006301213926888e-06
267.878,5.965105716219007e-06
267.945,5.916522334353427e-06
268.012,5.860407123918355e-06
268.079,5.796610642545988e-06
268.145,5.725011848040353e-06
268.212,5.6454720183423355e-06
268.279,5.557799117651573e-06
268.346,5.4617334803502685e-06
268.412,5.357016660042914e-06
268.479,5.243414494695859e-06
268.546,5.120715990612758e-06
268.613,4.988770298518968e-06
268.679,4.847397063752944e-06
268.746,4.696462860110963e-06
268.813,4.53597579095982e-06
268.879,4.366052041004897e-06
268.946,4.186979835900299e-06
269.013,3.999278905946626e-06
269.079,3.803683111622902e-06
269.146,3.6011891675032965e-06
269.213,3.39318026195172e-06
269.28,3.1813797747280446e-06
269.346,2.967846829181758e-06
269.413,2.755021024361216e-06
269.479,2.5455627554406027e-06
269.546,2.342187782015277e-06
269.613,2.147549763722338e-06
269.679,1.96401830299469e-06
269.746,1.793491492889897e-06
269.813,1.6372983503533202e-06
269.879,1.496071275380712e-06
269.946,1.3696989155524516e-06
270.012,1.2574239754466662e-06
270.079,1.1580175410394198e-06
270.145,1.0699035180293844e-06
270.212,9.912992757114202e-07
270.279,9.203302696777768e-07
270.345,8.551393203320082e-07
270.412,7.940370923618063e-07
270.478,7.35569540934588e-07
270.545,6.785497079925723e-07
270.611,6.22016306962171e-07
270.678,5.652061479053833e-07
270.744,5.075347244473358e-07
270.811,4.486226705100126e-07
270.877,3.8820920251844867e-07
270.944,3.2613619593017606e-07
271.01,2.6236502404481677e-07
271.077,1.9689647303189702e-07
271.143,1.2973150600932943e-07
271.21,6.0897992324569e-08
271.276,0.0
271.342,0.0
271.409,0.0
271.475,0.0
271.542,0.0
271.608,0.0
271.675,0.0
271.741,0.0
271.807,0.0
271.874,0.0
271.94,0.0
272.007,0.0
272.073,0.0
272.139,0.0
272.206,0.0
272.272,0.0
272.338,0.0
272.405,0.0
272.471,0.0
272.537,0.0
272.604,0.0
272.67,0.0
272.736,0.0
272.802,0.0
272.869,0.0
272.935,0.0
273.001,0.0
273.068,0.0
273.134,0.0
273.2,0.0
273.266,0.0
273.333,0.0
273.399,0.0
273.465,0.0
273.531,0.0
273.597,0.0
273.664,0.0
273.73,0.0
273.796,0.0
273.862,0.0
273.928,0.0
273.995,0.0
274.061,0.0
274.127,0.0
274.193,0.0
274.259,0.0
274.325,0.0
274.391,0.0
274.457,0.0
274.524,0.0
274.59,0.0
274.656,0.0
274.722,0.0
274.788,0.0
274.854,0.0
274.92,0.0
274.986,0.0
275.052,3.817442462006295e-09
275.118,9.910515057408409e-08
275.184,2.0127397597523162e-07
275.25,3.133661716301812e-07
275.316,4.373553252635639e-07
275.382,5.750727209188171e-07
275.448,7.293149009807814e-07
275.514,9.036895241514142e-07
275.58,1.101373001637148e-06
275.646,1.327751466433002e-06
275.712,1.5878853744483292e-06
275.778,1.8861260982320415e-06
275.844,2.2226118155547057e-06
275.91,2.590869176728246e-06
275.976,2.977479272052305e-06
276.042,3.3813286734515506e-06
276.108,3.8045329799729474e-06
276.174,4.243699548152087e-06
276.24,4.697239174988008e-06
276.306,5.168777984411206e-06
276.372,5.671046432903157e-06
276.437,6.226131692379995e-06
276.503,6.865860017559874e-06
276.569,7.599625672833421e-06
276.635,8.424438819977098e-06
276.701,9.336607629808607e-06
276.767,1.0322527503924834e-05
276.833,1.1309250575004644e-05
276.899,1.2252650027781737e-05
276.964,1.3152081421241516e-05
277.03,1.3990868096185378e-05
277.096,1.4918665742531788e-05
277.162,1.603982713620444e-05
277.228,1.73142380869316e-05
277.293,1.8967979368058023e-05
277.359,2.103255222692353e-05
277.425,2.366814232192756e-05
277.491,3.0182313158498892e-05
277.557,4.6505766797799935e-05
277.622,7.577484237227358e-05
277.688,7.388301252016825e-05
277.754,7.733034670075596e-05
277.82,9.102795877874541e-05
277.885,0.00011671429800177893
277.951,0.00015538635656957715
278.017,0.00013011259443589706
278.083,0.00010462714757760046
278.148,0.00010070637612257476
278.214,9.924039342587238e-05
278.28,0.00010309705193166256
278.345,8.811629676528003e-05
278.411,8.082293518907561e-05
278.477,8.166971960404801e-05
278.542,8.999886530249406e-05
278.608,0.00010756326913055737
278.674,0.0001182446131650792
278.739,0.00013954472035178508
278.805,0.00016913073531814185
278.871,0.0002067814668874723
278.936,0.0002758006194403544
279.002,0.0004484500814877125
279.067,0.0006230117197392402
279.133,0.0006034267301152356
279.199,0.0005319294698440233
279.264,0.000553887351354148
279.33,0.0006664964954133188
279.395,0.0008905422954062662
279.461,0.001172832304015347
279.527,0.001305884134209731
279.592,0.0012107212408682846
279.658,0.0010158278279836933
279.723,0.00098970920165607
279.789,0.001053198477080972
279.854,0.0009202546306893763
279.92,0.000728816246529307
279.985,0.000652919709676608
280.051,0.000663080614487556
280.116,0.0007981633264960383
280.182,0.0010799957995299334
280.247,0.0012292372892586986
280.313,0.001033763121107272
280.378,0.0007069787400892977
280.444,0.0004929380232100481
280.509,0.000372944504635563
280.574,0.00030485880719754207
280.64,0.00025101873610568605
280.705,0.0002170433448541847
280.771,0.00018674160835868668
280.836,0.00016247704312040808
280.902,0.00014765278612701338
280.967,0.00013147656266249152
281.032,0.00011780875993065918
281.098,0.00010599034128727663
281.163,9.485138417998888e-05
281.229,8.46019443111884e-05
281.294,7.52266310898618e-05
281.359,6.761291265193676e-05
281.425,6.172860228510778e-05
281.49,5.570772437094161e-05
281.555,4.9544108062924466e-05
281.621,4.409512035563407e-05
281.686,3.9290079839190494e-05
281.751,3.503275091979422e-05
281.816,3.1230513023758184e-05
281.882,2.7653104975286033e-05
281.947,2.426601159796882e-05
282.012,2.1248563676369548e-05
282.078,1.8574879984812363e-05
282.143,1.6253499336086112e-05
282.208,1.428777210807614e-05
282.273,1.255870046999416e-05
282.339,1.1051667682589132e-05
282.404,9.748712384989476e-06
282.469,8.60285899612284e-06
282.534,7.559404407677334e-06
282.6,6.602284508568523e-06
282.665,5.716340893813657e-06
282.73,4.883033857093767e-06
282.795,4.111086154670277e-06
282.86,3.3947268801585895e-06
282.926,2.729571855072617e-06
282.991,2.1272134110407277e-06
283.056,1.5993980499332326e-06
283.121,1.1442499645919106e-06
283.186,7.559001486936863e-07
283.251,4.223377970438603e-07
283.316,1.2667899765951794e-07
283.382,0.0
283.447,0.0
283.512,0.0
283.577,0.0
283.642,0.0
283.707,0.0
283.772,0.0
283.837,0.0
283.902,0.0
283.967,0.0
284.032,0.0
284.097,0.0
284.163,1.7347028953939486e-07
284.228,5.399503207669337e-07
284.293,1.0324775062556722e-06
284.358,1.9054962935326912e-06
284.423,3.361888508458602e-06
284.488,5.477879038015662e-06
284.553,8.162793895224284e-06
284.618,1.1295056347799576e-05
284.683,1.4993987583831794e-05
284.748,1.9699664756103993e-05
284.812,2.6415025704402454e-05
284.877,3.654412065658734e-05
284.942,5.3047121604186006e-05
285.007,8.216083013183187e-05
285.072,0.0001310579254556466
285.137,0.00022218097551260184
285.202,0.00030192945514112514
285.267,0.00026966407677410945
285.332,0.00017750140012423333
285.397,0.00011746771142688387
285.462,8.163408639763576e-05
285.527,6.458450114580697e-05
285.591,4.771128866876787e-05
285.656,3.560190895569426e-05
285.721,2.7913071455787385e-05
285.786,2.2482764892688564e-05
285.851,1.8817026358591104e-05
285.916,1.648155750654202e-05
285.981,1.4731783351357063e-05
286.045,1.3246836803337789e-05
286.11,1.173944654070251e-05
286.175,1.0153630312438685e-05
286.24,8.608630132047786e-06
286.305,7.172720401182084e-06
286.369,6.0199995595144045e-06
286.434,5.099596730373624e-06
286.499,4.381713110745912e-06
286.564,3.852051554575569e-06
286.628,3.398380937011486e-06
286.693,3.0159124458231982e-06
286.758,2.675059854835626e-06
286.823,2.3295772848562934e-06
286.887,1.961796634591735e-06
286.952,1.5828573190784302e-06
287.017,1.206327593923197e-06
287.082,8.448352177084391e-07
287.146,5.229216825045112e-07
287.211,2.414320131201597e-07
287.276,2.600471981774507e-09
287.34,0.0
287.405,0.0
287.47,0.0
287.534,0.0
287.599,0.0
287.663,0.0
287.728,0.0
287.793,0.0
287.857,0.0
287.922,0.0
287.987,0.0
288.051,0.0
288.116,0.0
288.18,0.0
288.245,0.0
288.309,0.0
288.374,0.0
288.439,0.0
288.503,0.0
288.568,0.0
288.632,0.0
288.697,0.0
288.761,0.0
288.826,0.0
288.89,0.0
288.955,0.0
289.019,0.0
289.084,0.0
289.148,0.0
289.212,0.0
289.277,0.0
289.341,0.0
289.406,0.0
289.47,0.0
289.535,0.0
289.599,0.0
289.663,0.0
289.728,0.0
289.792,0.0
289.857,0.0
289.921,0.0
289.985,0.0
290.05,5.613293362530595e-09
290.114,8.181751583349252e-08
290.178,1.639261789833923e-07
290.243,2.5603511986222156e-07
290.307,3.614520055341585e-07
290.371,4.82187953628899e-07
290.436,6.226578896160188e-07
290.5,7.87194999010908e-07
290.564,9.789681652312617e-07
290.629,1.1969807503765436e-06
290.693,1.440814303786644e-06
290.757,1.710147814256205e-06
290.821,2.017454672931546e-06
290.886,2.3727909713905008e-06
290.95,2.7857001522755927e-06
291.014,3.2643344653477695e-06
291.078,3.798538970724498e-06
291.143,4.377455774134729e-06
291.207,4.983296579433156e-06
291.271,5.591475540080254e-06
291.335,6.153678728838502e-06
291.399,6.636177898330215e-06
291.464,7.005992428992572e-06
291.528,7.227268335620414e-06
291.592,7.3103641564666325e-06
291.656,7.2692556311917e-06
291.72,7.130274905773344e-06
291.784,6.930210813283566e-06
291.849,6.743249742848892e-06
291.913,6.62483809271519e-06
291.977,6.605125294368531e-06
292.041,6.692414210199185e-06
292.105,6.917745847327063e-06
292.169,7.1667465999412015e-06
292.233,6.673275111428728e-06
292.297,6.8002561496715735e-06
292.361,1.2798224222773126e-05
292.425,9.192426662318422e-06
292.49,1.2521300962352148e-05
292.554,1.5575181978234377e-05
292.618,1.798943942260577e-05
292.682,2.3324980621027074e-05
292.746,3.2565692797701e-05
292.81,6.267017656115751e-05
292.874,8.955793304109982e-05
292.938,9.353480318771468e-05
293.002,8.297726998156319e-05
293.066,6.921598797117783e-05
293.13,5.875392348101095e-05
293.194,5.1796231202161525e-05
293.258,4.759274880204717e-05
293.322,4.6735995994298564e-05
293.386,5.009666525628965e-05
293.45,5.8110156573670984e-05
293.514,7.14458329059997e-05
293.577,0.00010746537960125226
293.641,0.0001639938591965936
293.705,0.00017776593335524512
293.769,0.0001559519983171128
293.833,0.00012980535731423558
293.897,0.00010566328855548872
293.961,8.762979167407227e-05
294.025,7.55266892763274e-05
294.089,6.572583797099222e-05
294.152,5.6834943068585604e-05
294.216,4.947235755880987e-05
294.28,4.334450893363201e-05
294.344,3.823072238474176e-05
294.408,3.4091979262137345e-05
294.472,3.0553647342197e-05
294.536,2.746941314648259e-05
294.599,2.4932286716067085e-05
294.663,2.274144220396976e-05
294.727,1.9779610122688294e-05
294.791,1.7045484329492175e-05
294.855,2.108999343359955e-05
294.918,1.4326052165948393e-05
294.982,1.3988124077961243e-05
295.046,1.3796598924953909e-05
295.11,1.2613479966138192e-05
295.173,1.1459805213174102e-05
295.237,1.0449768761372184e-05
295.301,9.450143136414896e-06
295.364,8.467051172896114e-06
295.428,7.513866326698844e-06
295.492,6.601421759382776e-06
295.556,5.741749991239916e-06
295.619,4.942295709037415e-06
295.683,4.208163280604422e-06
295.747,3.545899685972262e-06
295.81,2.9581609875738957e-06
295.874,2.442894707600619e-06
295.938,1.9959532547386285e-06
296.001,1.6078836513636723e-06
296.065,1.272422908976297e-06
296.128,9.859241445762891e-07
296.192,7.451221833859778e-07
296.256,5.468580694435535e-07
296.319,3.8810059442104327e-07
296.383,2.631741764490008e-07
296.447,1.6782350442581986e-07
296.51,9.911094371406459e-08
296.574,5.3076750426288156e-08
296.637,2.5404069627200434e-08
296.701,1.1117396455133495e-08
296.764,4.8933898593290585e-09
296.828,2.552916280356869e-09
296.891,1.3078980939656064e-09
296.955,0.0
297.018,0.0
297.082,0.0
297.145,0.0
297.209,0.0
297.272,0.0
297.336,0.0
297.399,0.0
297.463,0.0
297.526,0.0
297.59,0.0
297.653,0.0
297.717,0.0
297.78,0.0
297.843,0.0
297.907,0.0
297.97,0.0
298.034,0.0
298.097,0.0
298.16,0.0
298.224,0.0
298.287,0.0
298.35,0.0
298.414,0.0
298.477,0.0
298.54,0.0
298.604,0.0
298.667,0.0
298.73,0.0
298.794,0.0
298.857,0.0
298.92,0.0
298.984,0.0
299.047,0.0
299.11,0.0
299.173,0.0
299.237,0.0
299.3,0.0
299.363,0.0
299.426,0.0
299.489,0.0
299.553,0.0
299.616,0.0
299.679,0.0
299.742,3.370190204456685e-07
299.805,0.0
299.868,0.0
299.932,0.0
299.995,0.0
300.058,0.0
300.121,0.0
300.184,0.0
300.247,0.0
300.31,0.0
300.374,0.0
300.437,0.0
300.5,2.2608586634581134e-06
300.563,0.0
300.626,0.0
300.689,0.0
300.752,0.0
300.815,0.0
300.878,0.0
300.941,0.0
301.004,0.0
301.067,0.0
301.13,0.0
301.193,0.0
301.256,0.0
301.319,0.0
301.382,0.0
301.445,0.0
301.508,0.0
301.571,0.0
301.634,0.0
301.697,0.0
301.76,0.0
301.823,0.0
301.885,0.0
301.948,0.0
302.011,0.0
302.074,0.0
302.137,0.0
302.2,0.0
302.263,0.0
302.326,0.0
302.388,0.0
302.451,0.0
302.514,0.0
302.577,0.0
302.64,0.0
302.703,0.0
302.765,0.0
302.828,0.0
302.891,0.0
302.954,0.0
303.016,0.0
303.079,0.0
303.142,0.0
303.205,0.0
303.267,0.0
303.33,0.0
303.393,0.0
303.456,0.0
303.518,0.0
303.581,0.0
303.644,0.0
303.706,0.0
303.769,0.0
303.832,0.0
303.894,0.0
303.957,0.0
304.02,0.0
304.082,0.0
304.145,0.0
304.207,0.0
304.27,0.0
304.333,0.0
304.395,0.0
304.458,0.0
304.52,0.0
304.583,0.0
304.646,0.0
304.708,0.0
304.771,0.0
304.833,0.0
304.896,0.0
304.958,0.0
305.021,0.0
305.083,0.0
305.146,0.0
305.208,0.0
305.271,0.0
305.333,0.0
305.396,0.0
305.458,0.0
305.52,0.0
305.583,0.0
305.645,0.0
305.708,0.0
305.77,0.0
305.833,0.0
305.895,0.0
305.957,0.0
306.02,0.0
306.082,0.0
306.144,0.0
306.207,0.0
306.269,0.0
306.331,0.0
306.394,0.0
306.456,0.0
306.518,0.0
306.581,0.0
306.643,0.0
306.705,0.0
306.768,0.0
306.83,0.0
306.892,0.0
306.954,0.0
307.017,0.0
307.079,0.0
307.141,0.0
307.203,0.0
307.266,0.0
307.328,0.0
307.39,5.3742890183526217e-08
307.452,1.273983536225172e-07
307.514,2.0753235272979577e-07
307.577,2.9375205981239147e-07
307.639,3.8551712854771843e-07
307.701,4.822448189908968e-07
307.763,5.832547406906179e-07
307.825,6.892364790017444e-07
307.887,8.016290760330835e-07
307.949,9.221816040609108e-07
308.012,1.0555879208293314e-06
308.074,1.2061815761657811e-06
308.136,1.3754896559610432e-06
308.198,1.5651172251057025e-06
308.26,1.7746664247725846e-06
308.322,2.0053895353228413e-06
308.384,2.2579760960860064e-06
308.446,2.531250484549343e-06
308.508,2.82406477456205e-06
308.57,3.135269691889893e-06
308.632,3.4637238188532465e-06
308.694,3.8083464337886358e-06
308.756,4.1837024852223045e-06
308.818,4.586232759033317e-06
308.88,5.009188613680321e-06
308.942,5.444950465353531e-06
309.004,5.883695933523766e-06
309.066,6.315775211563966e-06
309.128,6.733625210632307e-06
309.19,7.129282350317805e-06
309.252,7.401314242645426e-06
309.314,7.542764763693821e-06
309.376,7.548018286280263e-06
309.438,7.416940856503359e-06
309.5,7.309522019957592e-06
309.562,7.225873900360761e-06
309.624,7.166276835723447e-06
309.686,7.131093775082451e-06
309.747,7.0270892197632216e-06
309.809,6.856465107551151e-06
309.871,6.625464827800175e-06
309.933,6.341123691850841e-06
309.995,6.0112164879408236e-06
310.057,5.643740421376602e-06
310.119,5.246231828221456e-06
310.18,4.82687784734234e-06
310.242,4.409376449560998e-06
310.304,4.001133912700108e-06
310.366,3.6086554862237217e-06
310.428,3.2330796276092394e-06
310.489,2.8755525428212485e-06
310.551,2.537279896987382e-06
310.613,2.219458377698392e-06
310.675,1.9232223080515624e-06
310.737,1.6478214734730177e-06
310.798,1.3943666330339761e-06
310.86,1.16212977907796e-06
310.922,9.502427103617547e-07
310.983,7.578145882614732e-07
311.045,5.837360433747816e-07
311.107,4.2678092095340574e-07
311.169,2.854418784963542e-07
311.23,1.581807577469563e-07
311.292,4.3640481873843595e-08
311.354,0.0
311.415,0.0
311.477,0.0
311.539,0.0
311.6,0.0
311.662,0.0
311.724,0.0
311.785,0.0
311.847,0.0
311.908,0.0
311.97,0.0
312.032,0.0
312.093,0.0
312.155,0.0
312.216,0.0
312.278,0.0
312.339,0.0
312.401,0.0
312.462,1.3398041436591615e-08
312.524,8.586560256976131e-08
312.585,1.6027017697764725e-07
312.647,2.3592395801219208e-07
312.708,3.1212684209564226e-07
312.77,3.881782470311233e-07
312.831,4.6361167477574675e-07
312.893,5.378851728204083e-07
312.954,6.104938704312527e-07
313.016,6.810382033421805e-07
313.077,7.491600766194502e-07
313.139,8.145681100660798e-07
313.2,8.769650683895916e-07
313.261,9.360029204599291e-07
313.323,9.914575556298264e-07
313.384,1.0429261457590718e-06
313.446,1.0900844730195256e-06
313.507,1.132690985254525e-06
313.568,1.1705626356878263e-06
313.63,1.2035495749265137e-06
313.691,1.2316073453833606e-06
313.752,1.2548413332454195e-06
313.814,1.2733614617510703e-06
313.875,1.2872961283630121e-06
313.936,1.2968049662657568e-06
313.998,1.3020182777528002e-06
314.059,1.3030870390686539e-06
314.12,1.3002590857436828e-06
314.182,1.293729623396429e-06
314.243,1.2836309013417459e-06
314.304,1.2701198989402285e-06
314.365,1.2532789024242935e-06
314.427,1.2332192044701644e-06
314.488,1.2101583913645708e-06
314.549,1.1842852041149004e-06
314.61,1.1556965257739001e-06
314.672,1.1245069972021513e-06
314.733,1.0908493633831262e-06
314.794,1.0549071231932137e-06
314.855,1.016992534014327e-06
314.917,9.77412387956539e-07
314.978,9.363944495600886e-07
315.039,8.941541667535051e-07
315.1,8.509188157852579e-07
315.161,8.069774715385054e-07
315.222,7.627063443988285e-07
315.283,7.18381023047616e-07
315.345,6.742071039847002e-07
315.406,6.303593162003401e-07
315.467,5.869752516925917e-07
315.528,5.442053374801027e-07
315.589,5.022486272426148e-07
315.65,4.6125433088791395e-07
315.711,4.2130443179823763e-07
315.772,3.82519468606749e-07
315.833,3.450156118828218e-07
315.894,3.0890194290638764e-07
315.955,2.743605686996018e-07
316.016,2.415810024298885e-07
316.078,2.106582777870669e-07
316.139,1.8170167106924359e-07
316.2,1.548324256118651e-07
316.261,1.3013476017871614e-07
316.322,1.0774104326919513e-07
316.383,8.776168188570703e-08
316.444,7.019194859992005e-08
316.504,5.501819734829269e-08
316.565,4.2306075970165335e-08
316.626,3.2108074713873084e-08
316.687,2.445627792983718e-08
316.748,1.9315975194026602e-08
316.809,1.650946881112241e-08
316.87,1.585216024342911e-08
316.931,1.724481697367236e-08
316.992,2.0586282678327496e-08
317.053,2.5768526521059105e-08
317.114,3.262115147450225e-08
317.175,4.086023801559281e-08
317.235,5.026875401254774e-08
317.296,6.072190680626726e-08
317.357,7.210771640775123e-08
317.418,8.434549366985887e-08
317.479,9.732453652835401e-08
317.54,1.108140798799257e-07
317.601,1.2460289564012253e-07
317.661,1.3855110654165803e-07
317.722,1.5249885904875618e-07
317.783,1.6633735794264474e-07
317.844,1.799660914090548e-07
317.904,1.93178094520548e-07
317.965,2.0575588931075045e-07
318.026,2.1758966295578578e-07
318.087,2.2860833750676121e-07
318.148,2.3878194542269447e-07
318.208,2.4809626612148206e-07
318.269,2.564409746556704e-07
318.33,2.637179380150784e-07
318.39,2.6993762321050473e-07
318.451,2.751478299116001e-07
318.512,2.793761493698554e-07
318.572,2.826376044180197e-07
318.633,2.849176293653342e-07
318.694,2.8623704433092664e-07
318.754,2.8673612493425967e-07
318.815,2.8654093862862803e-07
318.876,2.8569877514772607e-07
318.936,2.84254858109474e-07
318.997,2.822013648166613e-07
319.058,2.79563105567305e-07
319.118,2.7646432158055626e-07
319.179,2.729816846689743e-07
319.239,2.6913600152343273e-07
319.3,2.649252208084591e-07
319.361,2.602938639340279e-07
319.421,2.5521386024517093e-07
319.482,2.4979446792548076e-07
319.542,2.441440241638511e-07
319.603,2.3831180242975116e-07
319.663,2.3233842438439242e-07
319.724,2.2616482283027803e-07
319.784,2.1974284692203272e-07
319.845,2.1315439003563668e-07
319.905,2.0647586439942618e-07
319.966,1.9969297038927674e-07
320.026,1.9273473937553962e-07
320.087,1.8546141807063959e-07
320.147,1.7775867132670833e-07
320.208,1.6965189645848613e-07
320.268,1.6115600958087052e-07
320.329,1.5219728923240912e-07
320.389,1.4266755779459623e-07
320.449,1.3241088703428307e-07
320.51,1.2130547885628758e-07
320.57,1.0930823310906388e-07
320.631,9.633411467791251e-08
320.691,8.222200403887816e-08
320.751,6.684481024166774e-08
320.812,5.0106513659296625e-08
320.872,3.194171334690667e-08
320.932,1.2397592680482684e-08
320.993,0.0
321.053,0.0
321.113,0.0
321.174,0.0
321.234,0.0
321.294,0.0
321.355,0.0
321.415,0.0
321.475,0.0
321.535,0.0
321.596,0.0
321.656,0.0
321.716,0.0
321.776,0.0
321.837,0.0
321.897,0.0
321.957,0.0
322.017,0.0
322.077,0.0
322.138,0.0
322.198,0.0
322.258,0.0
322.318,0.0
322.378,0.0
322.438,0.0
322.499,0.0
322.559,0.0
322.619,0.0
322.679,0.0
322.739,0.0
322.799,0.0
322.859,0.0
322.919,0.0
322.979,0.0
323.039,0.0
323.099,0.0
323.159,0.0
323.219,0.0
323.279,0.0
323.339,0.0
323.399,0.0
323.459,0.0
323.519,0.0
323.579,0.0
323.639,1.0256938950387335e-06
323.699,0.0
323.759,0.0
323.819,0.0
323.879,0.0
323.939,0.0
323.999,0.0
324.059,0.0
324.119,0.0
324.178,0.0
324.238,0.0
324.298,0.0
324.358,1.1012805797680261e-08
324.418,5.2813078531720767e-08
324.478,9.381021264251493e-08
324.538,1.3374278459180974e-07
324.597,1.723317336900584e-07
324.657,2.092439390172631e-07
324.717,2.442547837004623e-07
324.777,2.772492546649994e-07
324.837,3.080763746247338e-07
324.896,3.3664020692719295e-07
324.956,3.628734879303335e-07
325.016,3.866665817715529e-07
325.076,4.080266664658519e-07
325.135,4.271022151017628e-07
325.195,4.437136052461043e-07
325.255,4.5768453669866734e-07
325.315,4.688799736057032e-07
325.374,4.770800744810028e-07
325.434,4.823564499286142e-07
325.494,4.848226979027893e-07
325.553,4.844047704344849e-07
325.613,4.81202421767397e-07
325.673,4.753301296577569e-07
325.732,4.6683121831212537e-07
325.792,4.5584277674103646e-07
325.852,4.4254665279191776e-07
325.911,4.2701942195339227e-07
325.971,4.0935260003130867e-07
326.031,3.8968771101051575e-07
326.09,3.682316463195068e-07
326.15,3.4535901383263866e-07
326.209,3.215266032049399e-07
326.269,2.9712972971565966e-07
326.328,2.725253530837691e-07
326.388,2.4802259313749044e-07
326.448,2.237894556517397e-07
326.507,3.269059775998421e-07
326.567,5.575266701845428e-07
326.626,0.0
326.686,0.0
326.745,2.0140578932869616e-06
326.805,3.8591717920889065e-07
326.864,0.0
326.924,0.0
326.983,2.8767024512994023e-08
327.043,7.792886876751068e-09
327.102,0.0
327.161,0.0
327.221,0.0
327.28,0.0
327.34,0.0
327.399,0.0
327.459,0.0
327.518,0.0
327.577,0.0
327.637,0.0
327.696,0.0
327.755,0.0
327.815,0.0
327.874,0.0
327.933,5.7744960789265534e-09
327.993,4.993743979021244e-08
328.052,9.908559997811889e-08
328.111,1.5112490869972805e-07
328.171,2.0371267129485886e-07
328.23,2.547648450904378e-07
328.289,3.045996577544203e-07
328.349,3.5284362530387587e-07
328.408,3.9660696779778514e-07
328.467,4.335175411108267e-07
328.526,4.6093149349300404e-07
328.586,4.7571392087986754e-07
328.645,4.7588747548382756e-07
328.704,4.5763510253298895e-07
328.763,4.1892103626114253e-07
328.822,3.6394440532932075e-07
328.882,3.0600031880866305e-07
328.941,2.496835654369093e-07
329.0,2.0247492221376404e-07
329.059,1.6926606642851543e-07
329.118,1.5118586398575118e-07
329.177,1.6148450242275633e-07
329.237,2.1171401618984482e-07
329.296,3.0286375508659447e-07
329.355,4.197556853239227e-07
329.414,5.689565272178457e-07
329.473,7.648098429206857e-07
329.532,1.0461479391018936e-06
329.591,1.4900129349487492e-06
329.65,2.1364929178597556e-06
329.709,2.994346225366725e-06
329.768,4.098708890344736e-06
329.827,5.5814072055334785e-06
329.886,7.584418337262138e-06
329.945,1.0489411418011078e-05
330.004,1.4582868461362742e-05
330.063,1.9581177687887574e-05
330.122,2.5781914319152897e-05
330.181,3.171507970658292e-05
330.24,3.231263616687576e-05
330.299,2.595482220638333e-05
330.358,1.7734786172841603e-05
330.417,1.20258456887071e-05
330.476,8.509033190454761e-06
330.535,6.079145147801549e-06
330.594,4.382348325455074e-06
330.653,2.9168024938022353e-06
330.712,1.7167887218508275e-06
330.771,9.016668855972678e-07
330.83,4.255270996506037e-07
330.889,2.750545509240164e-07
330.948,2.653080640411707e-07
331.006,2.593385095430786e-07
331.065,2.240977056806573e-07
331.124,1.5983089177599015e-07
331.183,5.758699090557373e-08
331.242,0.0
331.301,0.0
331.359,0.0
331.418,0.0
331.477,0.0
331.536,0.0
331.595,0.0
331.653,0.0
331.712,0.0
331.771,0.0
331.83,0.0
331.888,0.0
331.947,0.0
332.006,0.0
332.065,0.0
332.123,0.0
332.182,0.0
332.241,0.0
332.299,0.0
332.358,0.0
332.417,0.0
332.475,0.0
332.534,0.0
332.592,0.0
332.651,0.0
332.71,0.0
332.768,0.0
332.827,0.0
332.885,0.0
332.944,6.56354309286638e-08
333.003,2.4782533451489564e-07
333.061,4.209182416468538e-07
333.12,5.831907430978105e-07
333.178,7.339080502763051e-07
333.237,8.732722512784514e-07
333.295,1.0017925146196127e-06
333.354,1.1201072186765513e-06
333.412,1.2287343627389095e-06
333.471,1.3281594383503037e-06
333.529,1.4189397264934274e-06
333.588,1.501091149139881e-06
333.646,1.574446395397115e-06
333.705,1.6388569897527671e-06
333.763,1.694281345937403e-06
333.822,1.740775925823957e-06
333.88,1.7786631679535483e-06
333.938,1.808352178049495e-06
333.997,1.8301642483506405e-06
334.055,1.8444871438134046e-06
334.114,1.8517499849759595e-06
334.172,1.8525097514376333e-06
334.23,1.8470405211211236e-06
334.289,1.8356265209621925e-06
334.347,1.8184923910951348e-06
334.405,1.7958974112896561e-06
334.464,1.7682216880764987e-06
334.522,1.7358728555543486e-06
334.58,1.6993217676648517e-06
334.639,1.6591525496736587e-06
334.697,1.6162376463049332e-06
334.755,1.5714239411035197e-06
334.814,1.5252750033216537e-06
334.872,1.4784975889705774e-06
334.93,1.4316093846291256e-06
334.988,1.3850132332154379e-06
335.047,1.3389393592665252e-06
335.105,1.2935420054872256e-06
335.163,1.248996851297419e-06
335.221,1.2054225556108415e-06
335.28,1.1629600417881169e-06
335.338,1.1217537869985774e-06
335.396,1.0819053464858199e-06
335.454,1.043555999383665e-06
335.512,1.0069033671364501e-06
335.57,9.720524444314725e-07
335.629,9.389897991695464e-07
335.687,9.077018005781998e-07
335.745,8.780533989892967e-07
335.803,8.498867166006955e-07
335.861,8.231366759863388e-07
335.919,7.976558420980828e-07
335.977,7.732519227161558e-07
336.035,7.498167643294394e-07
336.094,7.273409714466903e-07
336.152,7.05790833735721e-07
336.21,6.85188667318739e-07
336.268,6.655076160254664e-07
336.326,6.46603782404216e-07
336.384,6.283641958441582e-07
336.442,6.106571809039986e-07
336.5,5.9325401225346e-07
336.558,5.758617339170784e-07
336.616,5.582331600147163e-07
336.674,5.401686394702788e-07
336.732,5.215261393514835e-07
336.79,5.02285197205279e-07
336.848,4.824131186513843e-07
336.906,4.618753006518053e-07
336.964,4.406132889033665e-07
337.022,4.1850563306163186e-07
337.08,3.9543308737081923e-07
337.138,3.712620147673117e-07
337.195,3.45849091191448e-07
337.253,3.1905675130690907e-07
337.311,2.9074174001345123e-07
337.369,2.607973189678635e-07
337.427,2.2923713829863867e-07
337.485,1.961807525495643e-07
337.543,1.617207799532698e-07
337.601,1.2598766360158662e-07
337.658,8.910792806043786e-08
337.716,5.113929890275826e-08
337.774,1.2223100499358e-08
337.832,0.0
337.89,0.0
337.947,0.0
338.005,0.0
338.063,0.0
338.121,0.0
338.178,0.0
338.236,0.0
338.294,0.0
338.352,0.0
338.409,1.0676096389055347e-06
338.467,0.0
338.525,0.0
338.583,0.0
338.64,0.0
338.698,0.0
338.756,0.0
338.813,0.0
338.871,0.0
338.928,0.0
338.986,0.0
339.044,0.0
339.101,0.0
339.159,0.0
339.216,0.0
339.274,0.0
339.332,0.0
339.389,0.0
339.447,0.0
339.504,0.0
339.562,0.0
339.619,0.0
339.677,0.0
339.734,0.0
339.792,0.0
339.849,0.0
339.907,0.0
339.964,0.0
340.022,0.0
340.079,0.0
340.137,0.0
340.194,0.0
340.252,0.0
340.309,0.0
340.366,0.0
340.424,0.0
340.481,0.0
340.538,0.0
340.596,0.0
340.653,0.0
340.711,0.0
340.768,0.0
340.825,0.0
340.883,0.0
340.94,0.0
340.997,0.0
341.054,0.0
341.112,0.0
341.169,0.0
341.226,0.0
341.284,0.0
341.341,0.0
341.398,0.0
341.455,0.0
341.512,0.0
341.57,0.0
341.627,0.0
341.684,0.0
341.741,0.0
341.798,0.0
341.856,0.0
341.913,0.0
341.97,0.0
342.027,0.0
342.084,0.0
342.141,0.0
342.198,0.0
342.255,0.0
342.313,0.0
342.37,0.0
342.427,0.0
342.484,0.0
342.541,0.0
342.598,0.0
342.655,0.0
342.712,0.0
342.769,0.0
342.826,0.0
342.883,0.0
342.94,0.0
342.997,0.0
343.054,0.0
343.111,7.218733904269993e-08
343.168,1.6433351549330607e-07
343.225,2.5718471257356515e-07
343.282,3.5013136953146766e-07
343.339,4.4254001949939374e-07
343.395,5.338554619893878e-07
343.452,6.235159411819786e-07
343.509,7.109562771455706e-07
343.566,7.956604045694261e-07
343.623,8.77036903175408e-07
343.68,9.544952906184473e-07
343.737,1.0275245617626928e-06
343.794,1.0955947511172836e-06
343.85,1.158180164844392e-06
343.907,1.2147888902344006e-06
343.964,1.264954843316682e-06
344.021,1.308283582073521e-06
344.078,1.3445125603600346e-06
344.134,1.3734429467130503e-06
344.191,1.3949344948456186e-06
344.248,1.4089269299504418e-06
344.305,1.4154148529867086e-06
344.361,1.4144873517274136e-06
344.418,1.4063107027310854e-06
344.475,1.3910971319759429e-06
344.532,1.369117149811732e-06
344.588,1.3406743345913349e-06
344.645,1.3060984070906077e-06
344.702,1.265750034209224e-06
344.758,1.220058840198421e-06
344.815,1.1695198442018166e-06
344.872,1.114617056935624e-06
344.928,1.055878189532082e-06
344.985,9.938124118891505e-07
345.042,9.289156133135442e-07
345.098,8.617667851697078e-07
345.155,7.929220077430323e-07
345.212,7.228673103914529e-07
345.268,6.520865112110771e-07
345.325,5.810678695088011e-07
345.381,5.102594221776764e-07
345.438,4.401513878428109e-07
345.495,3.7120782428179e-07
345.551,3.0382920956001893e-07
345.608,2.3847459231268425e-07
345.664,1.7559148632605357e-07
345.721,1.156064214170373e-07
345.777,5.894450177257847e-08
345.834,5.934546571459115e-09
345.89,0.0
345.947,0.0
346.003,0.0
346.06,0.0
346.116,0.0
346.173,0.0
346.229,0.0
346.285,0.0
346.342,0.0
346.398,0.0
346.455,0.0
346.511,0.0
346.567,0.0
346.624,0.0
346.68,0.0
346.737,0.0
346.793,0.0
346.849,0.0
346.906,0.0
346.962,0.0
347.018,0.0
347.074,0.0
347.131,0.0
347.187,0.0
347.243,0.0
347.3,0.0
347.356,0.0
347.412,0.0
347.468,0.0
347.524,0.0
347.581,0.0
347.637,0.0
347.693,0.0
347.749,0.0
347.805,0.0
347.862,0.0
347.918,0.0
347.974,0.0
348.03,0.0
348.086,0.0
348.142,0.0
348.198,0.0
348.254,0.0
348.311,0.0
348.367,8.891048145203899e-11
348.423,4.499043220942779e-09
348.479,9.018670777436135e-09
348.535,1.3737503908549899e-08
348.591,1.8710656967583362e-08
348.647,2.4018689476992008e-08
348.703,2.974762880534927e-08
348.759,3.5927385030428436e-08
348.815,4.2537703170590584e-08
348.871,4.947323443407527e-08
348.927,5.666996943072915e-08
348.983,6.412883235798637e-08
349.039,7.181352382596147e-08
349.095,7.965774347847967e-08
349.151,8.757819068332111e-08
349.207,9.54845201389854e-08
349.263,1.0329202465647521e-07
349.319,1.1096934761615943e-07
349.374,1.1847582624633356e-07
349.43,1.256926023213176e-07
349.486,1.325325105129362e-07
349.542,1.389205628282238e-07
349.598,1.4477739355383625e-07
349.654,1.50103361624344e-07
349.71,1.5491738453203923e-07
349.766,1.5920376447208933e-07
349.821,1.629122200863314e-07
349.877,1.659972974450713e-07
349.933,1.6845813203774325e-07
349.989,1.7037277512271098e-07
350.045,1.7186656269881413e-07
350.1,1.7076077363585707e-07
350.156,1.6703157838448807e-07
350.212,5.449848879025568e-08
350.268,0.0
350.323,3.8959448384398823e-07
350.379,1.7239894502165188e-06
350.435,0.0
350.491,0.0
350.546,4.378941627746311e-07
350.602,2.4917650672408256e-07
350.658,1.8348827460155943e-07
350.713,2.409577052700235e-07
350.769,2.9450507757759816e-07
350.825,3.4417094649841344e-07
350.88,3.899902756154143e-07
350.936,4.3195938409666377e-07
350.992,3.743631162683549e-07
351.047,2.1724550332371866e-07
351.103,0.0
351.158,0.0
351.214,0.0
351.27,0.0
351.325,0.0
351.381,3.6444580095335175e-07
351.436,6.734357353380659e-07
351.492,7.735793383031287e-07
351.547,6.647966474235732e-07
351.603,3.470447940966276e-07
351.658,1.1654365025925897e-07
351.714,0.0
351.769,0.0
351.825,0.0
351.88,0.0
351.936,2.672356226892795e-08
351.991,7.506710191992663e-08
352.047,1.2932532774832907e-07
352.102,1.684253418567919e-07
352.158,1.9231685971874465e-07
352.213,2.0100093478167563e-07
352.268,1.9442599405254323e-07
352.324,1.8690864067258915e-07
352.379,1.7835591579957527e-07
352.434,1.686055002432643e-07
352.49,1.575697732870546e-07
352.545,1.4775505421348592e-07
352.601,1.391635902733494e-07
352.656,1.318155834417383e-07
352.711,1.258074736544354e-07
352.767,1.1923923911998695e-07
352.822,1.1217860146425518e-07
352.877,1.0473215390638059e-07
352.932,9.697412012372192e-08
352.988,8.896286215371648e-08
353.043,8.077027734657035e-08
353.098,7.246567903774652e-08
353.153,6.412665785769503e-08
353.209,5.584592774365148e-08
353.264,4.774366388501322e-08
353.319,3.9945323512640015e-08
353.374,3.252167343638055e-08
353.43,2.5494831642962236e-08
353.485,1.892321429818069e-08
353.54,1.2886920205287948e-08
353.595,7.449659066448547e-09
353.65,2.6911254583845572e-09
353.705,0.0
353.761,0.0
353.816,0.0
353.871,0.0
353.926,0.0
353.981,0.0
354.036,0.0
354.091,0.0
354.146,0.0
354.201,5.561840953889692e-10
354.256,5.924723504777958e-09
354.311,1.2467347927670843e-08
354.367,2.0171159589741485e-08
354.422,2.903397538564534e-08
354.477,3.8987763240580815e-08
354.532,4.993650334582644e-08
354.587,6.179630766208024e-08
354.642,7.444380220756279e-08
354.697,8.775626398054463e-08
354.751,1.0161142927433705e-07
354.806,1.1589383499654098e-07
354.861,1.3049541358460813e-07
354.916,1.453200457294818e-07
354.971,1.602996882770512e-07
355.026,1.753561349794412e-07
355.081,1.9041448293504462e-07
355.136,2.0546269162594658e-07
355.191,2.2053609869601226e-07
355.246,2.3564695037501783e-07
355.301,2.5079742341068426e-07
355.355,2.6598930917797035e-07
355.41,2.811748770378646e-07
355.465,2.963045719733507e-07
355.52,3.113110001179658e-07
355.575,3.2608775106087766e-07
355.63,3.405047314349186e-07
355.684,3.5444984803809814e-07
355.739,3.6788588665376544e-07
355.794,3.8076578247201836e-07
355.849,3.930441463623947e-07
355.904,4.046735545901497e-07
355.958,4.1559911169486003e-07
356.013,4.257882948720009e-07
356.068,4.3523127108538163e-07
356.123,4.4391577624113005e-07
356.177,4.517828874585998e-07
356.232,4.588090398957236e-07
356.287,4.649804944492572e-07
356.341,4.7028158844340056e-07
356.396,4.7474865012129084e-07
356.451,4.78439829827248e-07
356.505,4.814227318897624e-07
356.56,4.837635909386077e-07
356.615,4.85516261162666e-07
356.669,4.867039217135985e-07
356.724,4.873437336967963e-07
356.778,4.874491824760428e-07
356.833,4.869597884610716e-07
356.888,4.857661361541406e-07
356.942,4.836999188209784e-07
356.997,4.805976825750941e-07
357.051,4.763273507601384e-07
357.106,4.707911694072901e-07
357.16,4.639685296607969e-07
357.215,4.558692557485997e-07
357.269,4.465615828591602e-07
357.324,4.361265161644942e-07
357.378,4.2469279473588793e-07
357.433,4.1237940497065455e-07
357.487,3.9924661551733695e-07
357.542,3.8535318339647235e-07
357.596,3.707604334685193e-07
357.651,3.5552829227305743e-07
357.705,3.397011070505461e-07
357.76,3.233332616507181e-07
357.814,3.064708337132674e-07
357.868,2.8917512219926285e-07
357.923,2.7156682403118686e-07
357.977,2.537408203890928e-07
358.032,2.357897735010668e-07
358.086,2.177861550400209e-07
358.14,1.9974169757903352e-07
358.195,1.8164233252865462e-07
358.249,1.6350450664876862e-07
358.303,1.4532256728062284e-07
358.358,1.270506518002617e-07
358.412,1.0863054271509924e-07
358.466,8.994547889010207e-08
358.521,7.085776753684832e-08
358.575,5.1599827325083536e-08
358.629,3.2466560040659276e-08
358.683,1.3821914228598691e-08
358.738,0.0
358.792,0.0
358.846,0.0
358.9,0.0
358.954,0.0
359.009,0.0
359.063,0.0
359.117,0.0
359.171,0.0
359.225,0.0
359.28,0.0
359.334,0.0
359.388,0.0
359.442,0.0
359.496,0.0
359.55,0.0
359.604,0.0
359.658,0.0
359.712,0.0
359.766,1.6218436637185036e-09
359.82,1.3915874735196772e-08
359.875,2.6432696826073185e-08
359.929,3.939193594675726e-08
359.983,5.244824936238263e-08
360.037,1.6502328311398568e-07
360.091,3.77431756721315e-07
360.145,0.0
360.199,0.0
360.253,1.620489063597263e-06
360.306,3.780253599124641e-07
360.36,0.0
360.414,9.256022919292198e-08
360.468,2.1889176309887642e-07
360.522,2.473088643303408e-07
360.576,2.766940394145124e-07
360.63,3.0693632485733814e-07
360.684,3.3690931447358434e-07
360.738,3.6471740532780515e-07
360.792,3.87691219574986e-07
360.846,4.057738590780458e-07
360.899,4.185842241342628e-07
360.953,4.2426927312672887e-07
361.007,4.2252599109999317e-07
361.061,4.13886595177e-07
361.115,3.9781655090870714e-07
361.168,3.750533176787082e-07
361.222,3.4604050190827185e-07
361.276,3.0996127679236875e-07
361.33,2.651529714124719e-07
361.384,2.129182447786141e-07
361.437,1.5612767795458882e-07
361.491,9.366056784614494e-08
361.545,2.4837675510455935e-08
361.599,0.0
361.652,0.0
361.706,0.0
361.76,0.0
361.813,0.0
361.867,0.0
361.921,3.249478095681477e-08
361.974,1.546948025089529e-07
362.028,3.009653840656416e-07
362.082,4.501435785028253e-07
362.135,5.798180966999856e-07
362.189,6.591926817056043e-07
362.242,6.641799988177485e-07
362.296,6.124188242051708e-07
362.35,4.958359328797134e-07
362.403,3.53193623736961e-07
362.457,1.4675518396669419e-07
362.51,0.0
362.564,0.0
362.617,0.0
362.671,0.0
362.724,0.0
362.778,3.6035542548444626e-07
362.831,0.0
362.885,0.0
362.938,0.0
362.998,7.322706112445001e-07
363.06,7.38868429374842e-07
363.122,7.434792759594997e-07
363.184,7.458577542673629e-07
363.246,7.458750766149521e-07
363.308,7.434473165811805e-07
363.37,7.385075145018563e-07
363.432,7.310318226885518e-07
363.494,7.20914463269429e-07
363.556,7.080905700785124e-07
363.618,6.926528292793814e-07
363.68,6.74721333646289e-07
363.742,6.543746666392294e-07
363.804,6.317421533957961e-07
363.866,6.070023011658185e-07
363.928,5.803973390779278e-07
363.99,5.523758318429598e-07
364.052,5.233493807267707e-07
364.114,4.935821616143216e-07
364.176,4.6325404560898903e-07
364.238,4.3247620959057554e-07
364.3,4.0139066025824487e-07
364.362,3.7012058977152716e-07
364.424,3.387390244090608e-07
364.486,3.0724032065326726e-07
364.548,2.755587351861456e-07
364.609,2.4367086188563447e-07
364.671,2.1158941305072927e-07
364.733,1.7941789979313627e-07
364.795,1.4736982643003114e-07
364.857,1.1574093879652983e-07
364.919,8.488168246913014e-08
364.981,5.513286147753512e-08
365.042,2.687171517414842e-08
365.104,4.4316217009645463e-10
365.166,0.0
365.228,0.0
365.29,0.0
365.351,0.0
365.413,0.0
365.475,0.0
365.537,0.0
365.598,0.0
365.66,0.0
365.722,0.0
365.784,0.0
365.845,0.0
365.907,0.0
365.969,0.0
366.03,0.0
366.092,0.0
366.154,0.0
366.215,0.0
366.277,0.0
366.339,0.0
366.4,0.0
366.462,0.0
366.524,0.0
366.585,0.0
366.647,0.0
366.708,0.0
366.77,0.0
366.832,0.0
366.893,0.0
366.955,0.0
367.016,0.0
367.078,0.0
367.139,0.0
367.201,0.0
367.262,1.2956178134502788e-09
367.324,1.5478291455913113e-08
367.385,2.963068799428735e-08
367.447,4.3722764416859554e-08
367.508,5.7720584684379015e-08
367.57,7.16835175689937e-08
367.631,8.584952901518106e-08
367.693,1.0044786144136692e-07
367.754,1.1563196859832952e-07
367.816,1.3159351419777628e-07
367.877,1.4853935701629636e-07
367.939,1.666919330188553e-07
368.0,1.8616615922899578e-07
368.062,2.0680736058263676e-07
368.123,2.281776439988324e-07
368.184,2.4977756533235144e-07
368.246,2.710791922879644e-07
368.307,2.915532213904211e-07
368.369,3.1086236123591425e-07
368.43,3.2872109311474257e-07
368.491,3.448949882854369e-07
368.553,3.5934373051822563e-07
368.614,3.720998412516202e-07
368.675,3.8318462943298384e-07
368.737,3.927782301488641e-07
368.798,4.010775748960078e-07
368.859,4.0806027816964785e-07
368.921,4.137716821989787e-07
368.982,4.1830131974943845e-07
369.043,4.2168310288965266e-07
369.104,4.241698068699956e-07
369.166,4.260151542989233e-07
369.227,4.272392287527068e-07
369.288,4.278851192954763e-07
369.349,4.280807188235351e-07
369.411,4.27894772969082e-07
369.472,4.2741687249604254e-07
369.533,4.266512150397186e-07
369.594,4.2530909499599437e-07
369.656,4.2314943596171696e-07
369.717,4.20000404151517e-07
369.778,4.1559553604332615e-07
369.839,4.097166600623881e-07
369.9,4.0217080695377145e-07
369.961,3.9283611363425303e-07
370.023,3.818661029635952e-07
370.084,3.696883135180436e-07
370.145,3.5668035047589147e-07
370.206,3.4324975945288393e-07
370.267,3.2982235053267316e-07
370.328,3.165652043774184e-07
370.389,3.0359854284854553e-07
370.451,2.9101365785416585e-07
370.512,2.7868300501940574e-07
370.573,2.6643335794592736e-07
370.634,2.541843950820777e-07
370.695,2.4169897451789684e-07
370.756,2.2874421833155635e-07
370.817,2.1535554555777226e-07
370.878,2.014791398419263e-07
370.939,1.8703284349037225e-07
371.0,1.7200292589930587e-07
371.061,1.5609652349844418e-07
371.122,1.389741947969365e-07
371.183,1.2049585634103336e-07
371.244,1.004841622319512e-07
371.305,7.874525017524866e-08
371.366,5.5221742099327405e-08
371.427,2.981961757153716e-08
371.488,2.520370821356279e-09
371.549,0.0
371.61,0.0
371.671,0.0
371.732,0.0
371.793,0.0
371.853,0.0
371.914,0.0
371.975,0.0
372.036,0.0
372.097,0.0
372.158,0.0
372.219,0.0
372.28,0.0
372.34,0.0
372.401,0.0
372.462,0.0
372.523,0.0
372.584,0.0
372.645,0.0
372.705,0.0
372.766,0.0
372.827,0.0
372.888,0.0
372.948,0.0
373.009,0.0
373.07,0.0
373.131,0.0
373.191,0.0
373.252,0.0
373.313,0.0
373.373,0.0
373.434,0.0
373.495,0.0
373.555,0.0
373.616,0.0
373.677,0.0
373.737,0.0
373.798,0.0
373.859,4.5386138062628635e-08
373.919,1.1770200454448045e-07
373.98,1.912240301843727e-07
374.041,2.6533146567322367e-07
374.101,3.393630180432638e-07
374.162,4.127326509523155e-07
374.222,4.847588014629912e-07
374.283,5.546589915734359e-07
374.343,6.216371935611463e-07
374.404,6.848201344875323e-07
374.465,7.432274385351888e-07
374.525,7.959958733853672e-07
374.586,8.423561126179527e-07
374.646,8.814497470899393e-07
374.707,9.125705309355694e-07
374.767,9.352860367066324e-07
374.828,9.491832456842627e-07
374.888,9.53952899865636e-07
374.949,9.493884454597119e-07
375.009,9.35180520621817e-07
375.07,9.110569602040039e-07
375.13,8.769133611364134e-07
375.19,8.32714574066743e-07
375.251,7.784837105559436e-07
375.311,7.143450025557874e-07
375.372,6.404871669535092e-07
375.432,5.572258536828255e-07
375.493,4.649939376158159e-07
375.553,3.643339136449594e-07
375.613,2.5592069254097713e-07
375.674,1.4046229144697465e-07
375.734,1.8561886902498e-08
375.794,0.0
375.855,0.0
375.915,0.0
375.975,0.0
376.036,0.0
376.096,0.0
376.156,0.0
376.217,0.0
376.277,0.0
376.337,0.0
376.398,0.0
376.458,0.0
376.518,0.0
376.578,0.0
376.639,0.0
376.699,0.0
376.759,0.0
376.819,0.0
376.88,0.0
376.94,0.0
377.0,0.0
377.06,0.0
377.12,0.0
377.18,0.0
377.241,0.0
377.301,0.0
377.361,0.0
377.421,0.0
377.481,0.0
377.541,0.0
377.601,0.0
377.661,0.0
377.722,0.0
377.782,0.0
377.842,0.0
377.902,0.0
377.962,0.0
378.022,0.0
378.082,0.0
378.142,0.0
378.202,0.0
378.262,0.0
378.322,0.0
378.382,0.0
378.442,0.0
378.502,0.0
378.562,0.0
378.622,0.0
378.682,0.0
378.742,0.0
378.802,0.0
378.862,0.0
378.921,0.0
378.981,0.0
379.041,0.0
379.101,0.0
379.161,0.0
379.221,0.0
379.281,0.0
379.341,0.0
379.401,0.0
379.46,0.0
379.52,0.0
379.58,0.0
379.64,0.0
379.7,0.0
379.759,0.0
379.819,0.0
379.879,0.0
379.939,3.7301030013123294e-08
379.999,7.300199274213664e-08
380.058,9.74471571145289e-08
380.118,1.0873942676781389e-07
380.178,1.0670021907379273e-07
380.237,9.193074200175245e-08
380.297,6.575746523470117e-08
380.357,3.1752043670012315e-08
380.417,0.0
380.476,0.0
380.536,0.0
380.596,0.0
380.655,0.0
380.715,0.0
380.775,0.0
380.834,0.0
380.894,0.0
380.954,0.0
381.013,4.269107999771311e-08
381.073,1.0601701240810487e-07
381.132,1.8835456530972591e-07
381.192,2.931359526919933e-07
381.252,4.2608065710400206e-07
381.311,5.859841643275442e-07
381.371,7.667969322337476e-07
381.43,9.667817161643254e-07
381.49,1.1824129907342416e-06
381.549,1.4138808349544967e-06
381.609,1.6773597998011938e-06
381.668,1.9894871578773424e-06
381.728,2.3654251675675004e-06
381.787,2.834954749960653e-06
381.847,3.4424809576302034e-06
381.906,4.19825002834288e-06
381.966,5.118281174155133e-06
382.025,6.220887361908092e-06
382.085,7.503130720264952e-06
382.144,8.98634042346349e-06
382.204,1.0652863932923182e-05
382.263,1.2514040249293269e-05
382.323,1.465953358389889e-05
382.382,1.7257091581752006e-05
382.441,2.0374154326600485e-05
382.501,2.4001267126523995e-05
382.56,2.7967759902512458e-05
382.619,3.242371846159303e-05
382.679,3.812539213899943e-05
382.738,4.58634487928097e-05
382.798,5.7597827873902716e-05
382.857,7.19320234262885e-05
382.916,8.092656687690359e-05
382.976,8.098785924751078e-05
383.035,8.047962651399407e-05
383.094,8.896075579125673e-05
383.154,0.00010767936295137277
383.213,0.00013795996338566985
383.272,0.000133500514960861
383.331,9.550036403886085e-05
383.391,7.653850776165952e-05
383.45,6.75279292498986e-05
383.509,6.550693484646592e-05
383.568,7.11898614181154e-05
383.628,8.392041796093313e-05
383.687,0.00010709127233151569
383.746,0.0001421751212334318
383.805,0.00018419901250699722
383.864,0.00017785052319552102
383.924,0.00010516946766551385
383.983,7.55997228094913e-05
384.042,5.14266525316959e-05
384.101,4.709350549381758e-05
384.16,3.617743887615533e-05
384.219,2.8578629253990863e-05
384.279,2.403003657575608e-05
384.338,2.0391231797078217e-05
384.397,1.7733988481708034e-05
384.456,1.594322189610398e-05
384.515,1.451451355451459e-05
384.574,1.3194534844139769e-05
384.633,1.1848440236471203e-05
384.692,1.051833229321328e-05
384.751,9.309432555839524e-06
384.81,8.233118392882988e-06
384.869,7.273295315887578e-06
384.929,6.392914055408946e-06
384.988,5.611556231402278e-06
385.047,4.96014999024882e-06
385.106,4.410391801597114e-06
385.165,3.937384619835053e-06
385.224,3.5114499726450973e-06
385.283,3.1163716095379275e-06
385.342,2.7430588073376153e-06
385.401,2.4000167414149546e-06
385.459,2.076964618148732e-06
385.518,1.763749301814754e-06
385.577,1.4794829962996897e-06
385.636,1.234454966852533e-06
385.695,1.0405887822638887e-06
385.754,9.078034460106844e-07
385.813,8.427158983052201e-07
385.872,8.381983048596035e-07
385.931,8.800653888227871e-07
385.99,9.534543179920558e-07
386.049,1.0465311542640238e-06
386.107,1.1501835020902718e-06
386.166,1.2555505120196448e-06
386.225,1.6302349515768306e-06
386.284,2.0146695553537482e-06
386.343,1.0894727382605799e-07
386.402,0.0
386.46,9.607110782121749e-06
386.519,0.0
386.578,2.8197226330515837e-07
386.637,2.197947993530051e-06
386.696,1.9397545688939564e-06
386.754,1.6323940411254798e-06
386.813,1.552544681154472e-06
386.872,1.448491985072024e-06
386.931,1.3253919362705362e-06
386.989,1.188349165614033e-06
387.048,1.0421219260780984e-06
387.107,8.913358975097037e-07
387.165,7.397334789796456e-07
387.224,5.894742648267188e-07
387.283,4.4161375166157423e-07
387.342,2.9622402325988424e-07
387.4,1.5335668727194249e-07
387.459,1.4052756147539375e-08
387.517,0.0
387.576,0.0
387.635,0.0
387.693,0.0
387.752,0.0
387.811,0.0
387.869,0.0
387.928,0.0
387.986,0.0
388.045,0.0
388.103,0.0
388.162,0.0
388.221,0.0
388.279,0.0
388.338,0.0
388.396,0.0
388.455,0.0
388.513,0.0
388.572,0.0
388.63,0.0
388.689,0.0
388.747,0.0
388.806,0.0
388.864,0.0
388.922,0.0
388.981,0.0
389.039,0.0
389.098,0.0
389.156,0.0
389.214,0.0
389.273,0.0
389.331,0.0
389.39,0.0
389.448,0.0
389.506,0.0
389.565,0.0
389.623,0.0
389.681,0.0
389.74,0.0
389.798,0.0
389.856,0.0
389.914,0.0
389.973,0.0
390.031,0.0
390.089,0.0
390.147,0.0
390.206,0.0
390.264,0.0
390.322,0.0
390.38,0.0
390.439,0.0
390.497,0.0
390.555,0.0
390.613,0.0
390.671,0.0
390.729,0.0
390.788,0.0
390.846,0.0
390.904,0.0
390.962,0.0
391.02,0.0
391.078,0.0
391.136,0.0
391.194,0.0
391.253,0.0
391.311,0.0
391.369,0.0
391.427,0.0
391.485,0.0
391.543,0.0
391.601,0.0
391.659,0.0
391.717,0.0
391.775,0.0
391.833,0.0
391.891,0.0
391.949,0.0
392.007,0.0
392.065,0.0
392.123,0.0
392.18,0.0
392.238,0.0
392.296,0.0
392.354,0.0
392.412,0.0
392.47,0.0
392.528,0.0
392.586,0.0
392.644,0.0
392.701,0.0
392.759,0.0
392.817,0.0
392.875,0.0
392.933,0.0
392.991,1.251616724380851e-06
393.048,2.5380848691045175e-06
393.106,4.1844867089620685e-06
393.164,7.0332123388068695e-06
393.222,1.1236075770839995e-05
393.279,1.8848550665076715e-05
393.337,3.0284093395045736e-05
393.395,3.399616057116745e-05
393.453,1.2809130533101998e-05
393.51,2.5452220260354935e-06
393.568,0.0
393.626,0.0
393.684,0.0
393.741,5.272812151636732e-07
393.799,1.8118000194393047e-06
393.857,1.941048090893131e-06
393.914,1.5093871727886823e-06
393.972,8.097173406540909e-07
394.03,1.5866909250746442e-07
394.087,0.0
394.145,0.0
394.202,0.0
394.26,0.0
394.318,0.0
394.375,0.0
394.433,0.0
394.49,0.0
394.548,0.0
394.605,0.0
394.663,0.0
394.72,0.0
394.778,0.0
394.836,0.0
394.893,0.0
394.951,0.0
395.008,0.0
395.065,0.0
395.123,0.0
395.18,0.0
395.238,0.0
395.295,0.0
395.353,0.0
395.41,0.0
395.468,0.0
395.525,0.0
395.582,0.0
395.64,0.0
395.697,0.0
395.754,0.0
395.812,0.0
395.869,0.0
395.927,2.2693088154329967e-08
395.984,4.562032177987361e-08
396.041,4.8924340573954784e-08
396.098,1.9393041394011193e-08
396.156,0.0
396.213,0.0
396.27,0.0
396.328,0.0
396.385,0.0
396.442,2.9597881613191614e-07
396.499,8.866736431790646e-07
396.557,1.3305484779298003e-06
396.614,2.044773996219091e-06
396.671,3.6984734909981127e-06
396.728,3.780797046717813e-06
396.785,4.5544570158870195e-06
396.843,1.9770036145628596e-05
396.9,1.477835071957733e-05
396.957,4.321539230274291e-06
397.014,0.0
397.071,0.0
397.128,0.0
397.186,0.0
397.243,1.2822682454215872e-06
397.3,0.0
397.357,0.0
397.414,8.487161414917965e-07
397.471,1.2399412591843085e-06
397.528,1.1632906602143465e-06
397.585,1.0042616510047753e-06
397.642,7.659895657724406e-07
397.699,5.197074701787435e-07
397.756,3.4961266074774526e-07
397.814,3.1889802845670367e-07
397.871,4.2784152341818426e-07
397.928,6.759465589012667e-07
397.985,9.971381512573097e-07
398.042,1.344519589220533e-06
398.099,1.7155974777525233e-06
398.156,2.1055964347501775e-06
398.212,2.508270400814861e-06
398.269,2.919760248328179e-06
398.326,3.3443350820586485e-06
398.383,3.793423995602165e-06
398.44,4.286016035827475e-06
398.497,4.837666898595289e-06
398.554,5.4525955390225515e-06
398.611,6.134558745052014e-06
398.668,6.885096981837959e-06
398.725,7.701287192630183e-06
398.782,8.579566904821367e-06
398.839,9.516833989818611e-06
398.895,1.0510034284205992e-05
398.952,1.1556147689311331e-05
399.009,1.2644903228998096e-05
399.066,1.3759170774096671e-05
399.123,1.4835871501902456e-05
399.18,1.5857316511000898e-05
399.236,1.680444157570372e-05
399.293,1.7657369218184926e-05
399.35,1.877384725191087e-05
399.407,2.0130611905955602e-05
399.463,2.170622566052578e-05
399.52,2.3480392229100773e-05
399.577,2.3159741322943644e-05
399.634,2.074265311182456e-05
399.69,2.0116596180390674e-05
399.747,2.1280936651108084e-05
399.804,2.195697478576834e-05
399.861,2.2144920483694566e-05
399.917,2.184985023240853e-05
399.974,2.108579520165894e-05
400.031,2.024687536482002e-05
400.087,1.9347756168804845e-05
400.144,1.8404984591946194e-05
400.201,1.743580781378298e-05
400.257,1.6414826924356974e-05
400.314,1.5364120894549997e-05
400.37,1.4304945681060733e-05
400.427,1.325798379562382e-05
400.484,1.2239841354879183e-05
400.54,1.12536163234202e-05
400.597,1.03027240674719e-05
400.653,9.39067752159686e-06
400.71,8.520849756920809e-06
400.766,7.696568687584053e-06
400.823,6.9210332318204914e-06
400.879,6.193020077377897e-06
400.936,5.511589427227313e-06
400.993,4.8758937642126705e-06
401.049,4.2842026348165885e-06
401.105,3.7344499853863844e-06
401.162,3.2234268844082466e-06
401.218,2.7470741919562553e-06
401.275,2.3016272110387414e-06
401.331,1.8833049189981723e-06
401.388,1.4889720280408183e-06
401.444,1.1206129299948753e-06
401.501,7.798277362352464e-07
401.557,4.6792054990850287e-07
401.614,1.8609145878227187e-07
401.67,0.0
401.726,0.0
401.783,0.0
401.839,0.0
401.895,0.0
401.952,0.0
402.008,0.0
402.064,0.0
402.121,0.0
402.177,0.0
402.233,0.0
402.29,0.0
402.346,0.0
402.402,0.0
402.458,0.0
402.515,0.0
402.571,0.0
402.627,0.0
402.683,0.0
402.74,0.0
402.796,0.0
402.852,0.0
402.908,0.0
402.964,0.0
403.021,0.0
403.077,0.0
403.133,0.0
403.189,0.0
403.245,7.48583676526367e-08
403.301,1.558683829850907e-07
403.357,2.3311697333510007e-07
403.414,3.054453621074079e-07
403.47,3.719017611691938e-07
403.526,4.3174610807806303e-07
403.582,4.841407447228937e-07
403.638,5.285102745499441e-07
403.694,5.644692710147323e-07
403.75,5.91604355506206e-07
403.806,6.097085425199654e-07
403.862,6.187995390243294e-07
403.918,6.18860542794158e-07
403.974,6.101395847115159e-07
404.03,5.931095331390867e-07
404.086,5.679898509120782e-07
404.142,5.34359023526223e-07
404.198,4.919299216969234e-07
404.254,4.40447106557456e-07
404.31,3.806364184076722e-07
404.366,3.1339810170565545e-07
404.422,2.39559876428862e-07
404.478,1.5988675931111447e-07
404.534,7.54796169888039e-08
404.59,0.0
404.646,0.0
404.701,0.0
404.757,0.0
404.813,0.0
404.869,0.0
404.925,0.0
404.981,0.0
405.037,0.0
405.092,0.0
405.148,0.0
405.204,0.0
405.26,0.0
405.316,0.0
405.371,0.0
405.427,0.0
405.483,0.0
405.539,0.0
405.594,0.0
405.65,0.0
405.706,0.0
405.761,7.561257504478604e-08
405.817,3.085697463343224e-07
405.873,5.723494426127869e-07
405.928,8.710611620817901e-07
405.984,1.2088009990538443e-06
406.04,1.589202870858712e-06
406.095,2.0105582608153777e-06
406.151,2.4707834272789443e-06
406.207,2.9675348525276102e-06
406.262,3.498175080950253e-06
406.318,4.059724860663726e-06
406.374,4.648983957338077e-06
406.429,5.262602118229326e-06
406.485,5.8971735055069644e-06
406.54,6.549419716227859e-06
406.596,7.215992957343012e-06
406.651,7.893621441003797e-06
406.707,8.5790858443628e-06
406.763,9.26932117063583e-06
406.818,9.954745121205842e-06
406.874,1.0625008809979568e-05
406.929,1.1269913143246454e-05
406.985,1.1887238465454321e-05
407.04,1.2474856169902779e-05
407.095,1.3030723520805514e-05
407.151,1.3548865290200106e-05
407.206,1.4023578761072643e-05
407.262,1.4453185544028743e-05
407.317,1.483587294643769e-05
407.373,1.516991737920248e-05
407.428,1.545376737845767e-05
407.484,1.5686145144016013e-05
407.539,1.5866074449439608e-05
407.594,1.599273069826444e-05
407.65,1.6065215086665963e-05
407.705,1.608702771099023e-05
407.76,1.6062610680236505e-05
407.816,1.599666681212425e-05
407.871,1.5889600371037596e-05
407.926,1.5741838722187954e-05
407.982,1.5553899388284363e-05
408.037,1.533345095592506e-05
408.092,1.5088377748648452e-05
408.148,1.4819913646857167e-05
408.203,1.4529466676580552e-05
408.258,1.4218565764794782e-05
408.314,1.3888765931827838e-05
408.369,1.3541803791412535e-05
408.424,1.3179505488051863e-05
408.479,1.2803918743337551e-05
408.534,1.241710863601604e-05
408.59,1.2020753138425987e-05
408.645,1.161637466113711e-05
408.7,1.1205317627368794e-05
408.755,1.078886400411658e-05
408.81,1.0368402324686224e-05
408.866,9.945198809157197e-06
408.921,9.516185809858363e-06
408.976,9.07820681033056e-06
409.031,8.631655678381956e-06
409.086,8.17776914774206e-06
409.141,7.717933400862049e-06
409.196,7.253514381805277e-06
409.252,6.785744867330331e-06
409.307,6.315873906617718e-06
409.362,5.845342424684315e-06
409.417,5.376120233525442e-06
409.472,4.909873053489789e-06
409.527,4.448447140061298e-06
409.582,3.994108392646578e-06
409.637,3.550277945954185e-06
409.692,3.1207553092186766e-06
409.747,2.7096045795345825e-06
409.802,2.3209536316310145e-06
409.857,1.9584590201297984e-06
409.912,1.6251423124170806e-06
409.967,1.3233262370220884e-06
410.022,1.0544004954729906e-06
410.077,8.188702836972801e-07
410.132,6.163904985891454e-07
410.187,4.4580150539409377e-07
410.242,3.0503773822305743e-07
410.297,1.9150994827156458e-07
410.351,1.0246546303408804e-07
410.406,3.497470272627673e-08
410.461,0.0
410.516,0.0
410.571,0.0
410.626,0.0
410.681,0.0
410.736,0.0
410.79,0.0
410.845,0.0
410.9,5.5830720794321426e-09
410.955,4.1038162523957765e-08
411.01,8.005405079086585e-08
411.064,1.2188207391436244e-07
411.119,1.6607741091098628e-07
411.174,2.121168474733536e-07
411.229,2.5951170886907325e-07
411.283,2.619358449794467e-07
411.338,2.1900771435294674e-07
411.393,1.301034664770292e-07
411.447,0.0
411.502,1.9595099044898852e-07
411.557,7.331382219398509e-07
411.612,1.6059861239032246e-06
411.666,3.1097501915346435e-06
411.721,2.9426588086389774e-06
411.776,0.0
411.83,0.0
411.885,4.202691934359698e-06
411.939,1.195748966164224e-06
411.994,5.911193143041168e-08
412.049,7.929244175685246e-07
412.103,8.791813783933263e-07
412.158,7.019251319927328e-07
412.212,5.635845218832619e-07
412.267,4.6451163355866356e-07
412.322,4.052301145895635e-07
412.376,3.4031466559936675e-07
412.431,2.7048531053159853e-07
412.485,1.9653445906737695e-07
412.54,1.2330666653314402e-07
412.594,5.1808197794644604e-08
412.649,0.0
412.703,0.0
412.758,0.0
412.812,0.0
412.866,0.0
412.921,0.0
412.975,0.0
413.03,0.0
413.084,0.0
413.139,0.0
413.193,0.0
413.247,0.0
413.302,0.0
413.356,0.0
413.41,0.0
413.465,0.0
413.519,0.0
413.573,0.0
413.628,0.0
413.682,2.2994239752439836e-08
413.736,2.8074516556381865e-07
413.791,5.839069912017396e-07
413.845,9.3809934206725e-07
413.899,1.0849082505742812e-06
413.953,1.0240016165932113e-06
414.008,7.548961093543753e-07
414.062,2.770907558672298e-07
414.116,3.006079803626781e-08
414.17,1.286046779195535e-08
414.225,2.2442797576427075e-07
414.279,6.129750037888749e-07
414.333,9.193744410447228e-07
414.387,1.1425273238104517e-06
414.441,1.2815998860327712e-06
414.496,1.335597466676473e-06
414.55,1.303433201065914e-06
414.604,1.1842217518529211e-06
414.658,1.3193920213638421e-06
414.712,1.731853279839129e-06
414.766,0.0
414.82,0.0
414.874,1.1787178359931604e-05
414.928,0.0
414.982,1.5823036136213592e-06
415.037,3.718860036618903e-06
415.091,3.226806276679554e-06
415.145,2.706577495006837e-06
415.199,2.4953219302375243e-06
415.253,2.5743429030991697e-06
415.307,2.9440916473605834e-06
415.361,1.4629611189489206e-06
415.415,0.0
415.469,5.799624454609672e-06
415.523,2.5362318541920106e-06
415.577,1.1424016707672566e-06
415.631,1.6186162676844125e-06
415.684,1.8233731838986113e-06
415.738,1.757155302469295e-06
415.792,1.6774441053140536e-06
415.846,1.5848991364222894e-06
415.9,1.4804137129633984e-06
415.954,1.3650069755152676e-06
416.008,1.245959654435868e-06
416.062,1.1244583662577688e-06
416.116,1.0015819529573408e-06
416.169,8.78419632374076e-07
416.223,7.564357997471534e-07
416.277,6.372307081378402e-07
416.331,5.222525040818641e-07
416.385,4.129108622466937e-07
416.439,3.103527640787051e-07
416.492,2.1571393844831753e-07
416.546,1.303918945607107e-07
416.6,5.582785105020733e-08
416.654,0.0
416.707,0.0
416.761,0.0
416.815,0.0
416.869,0.0
416.922,0.0
416.976,0.0
417.03,0.0
417.083,5.1905262517801435e-09
417.137,7.425985942890948e-08
417.191,1.5796866177347967e-07
417.244,0.0
417.298,0.0
417.352,2.0211919151451664e-06
417.405,4.072282276476059e-06
417.459,0.0
417.512,4.728403247817323e-06
417.566,2.6304101583577753e-06
417.62,6.881168264766179e-07
417.673,1.1950014663753597e-06
417.727,1.6901796423712818e-06
417.78,1.8975129486197285e-06
417.834,2.0593756128791505e-06
417.887,2.174777258036842e-06
417.941,2.2423325573443764e-06
417.994,2.2605324515203907e-06
418.048,2.6618346684080573e-06
418.101,3.444970477298813e-06
418.155,4.608806743261975e-06
418.208,6.152112167519949e-06
418.262,5.470599155065895e-06
418.315,2.5628918978143042e-06
418.369,1.8700903279754068e-06
418.422,3.391219749226096e-06
418.476,4.522229094755811e-06
418.529,5.26202179491044e-06
418.582,5.6094725975899346e-06
418.636,5.563446467725189e-06
418.689,5.556960660296915e-06
418.743,5.589310228282339e-06
418.796,5.659767586524173e-06
418.849,5.7676436786003735e-06
418.903,5.860321539295133e-06
418.956,5.937209595686661e-06
419.009,5.997866954098714e-06
419.063,6.0420909301456414e-06
419.116,6.069636609710458e-06
419.169,6.080243567412438e-06
419.222,6.073666853530261e-06
419.276,6.049800046910183e-06
419.329,6.008675390966624e-06
419.382,5.95047921967273e-06
419.435,5.875539573435922e-06
419.489,5.784042187335005e-06
419.542,5.676176580302619e-06
419.595,5.552480793527693e-06
419.648,5.413858305271513e-06
419.701,5.261443858693928e-06
419.755,5.096339622576078e-06
419.808,4.919547750668534e-06
419.861,4.9839597857967295e-06
419.914,5.29059784312404e-06
419.967,3.741005611515185e-06
420.02,3.364024928980419e-07
420.073,7.67581732634306e-06
420.127,4.259557198644287e-06
420.18,2.686813820509901e-06
420.233,2.958805439548671e-06
420.286,2.9773178495434637e-06
420.339,2.7440372829572745e-06
420.392,2.2136636331839656e-06
420.445,1.3875280919883335e-06
420.498,2.756072826374455e-06
420.551,6.321200072097449e-06
420.604,0.0
420.657,7.323868807662281e-07
420.71,2.134559410595438e-06
420.763,1.3574592305363362e-06
420.816,8.910188273899549e-07
420.869,7.360218649373797e-07
420.922,5.939395521480879e-07
420.975,4.648053090203895e-07
421.028,3.4849801677464057e-07
421.081,2.453691272813543e-07
421.134,1.5540914370768592e-07
421.187,7.855525916306388e-08
421.239,1.478841365515227e-08
421.292,0.0
421.345,0.0
421.398,0.0
421.451,0.0
421.504,0.0
421.557,0.0
421.609,0.0
421.662,0.0
421.715,0.0
421.768,0.0
421.821,0.0
421.873,0.0
421.926,0.0
421.979,0.0
422.032,0.0
422.084,0.0
422.137,0.0
422.19,0.0
422.243,0.0
422.295,0.0
422.348,0.0
422.401,0.0
422.453,0.0
422.506,0.0
422.559,0.0
422.611,4.33165629664413e-06
422.664,1.1822749554092208e-05
422.716,1.2350128377414714e-05
422.769,3.6445426300221163e-06
422.822,0.0
422.874,4.7071789779970293e-08
422.927,2.202316556407883e-06
422.979,2.178774395300366e-06
423.032,1.8026514760941798e-06
423.084,8.80482957982183e-07
423.137,1.158383384435339e-07
423.189,0.0
423.242,0.0
423.294,0.0
423.347,0.0
423.399,6.929724044357461e-08
423.452,1.757302005385045e-07
423.504,3.059792442681272e-07
423.557,4.221270143430788e-07
423.609,5.241061243908987e-07
423.662,6.177548604540565e-07
423.714,7.09688927402055e-07
423.766,8.001949770114471e-07
423.819,8.895175454717279e-07
423.871,9.779907896689101e-07
423.923,1.0540027731108338e-06
423.976,1.1123949509852516e-06
424.028,1.1536331467420034e-06
424.081,1.1782446925730238e-06
424.133,1.1867050266917166e-06
424.185,1.1794480963849577e-06
424.238,1.1567327870158024e-06
424.29,1.1240664206549315e-06
424.342,1.0881381403939509e-06
424.394,1.0555552872543356e-06
424.447,1.0263955613566783e-06
424.499,1.000234858453134e-06
424.551,9.763913882726588e-07
424.603,9.542700110774307e-07
424.656,9.333230990039983e-07
424.708,9.129667858114503e-07
424.76,8.933586055781421e-07
424.812,8.746292512682623e-07
424.864,8.563102990611031e-07
424.917,8.382645647761899e-07
424.969,8.205013684971244e-07
425.021,8.028754405208627e-07
425.073,7.852808671553737e-07
425.125,7.671575835764107e-07
425.177,7.479200612918129e-07
425.229,7.26934875770322e-07
425.282,7.043369594927964e-07
425.334,6.801414129602563e-07
425.386,6.542815644760169e-07
425.438,6.269541036428633e-07
425.49,5.983878226211207e-07
425.542,5.686610999673036e-07
425.594,5.37754455277703e-07
425.646,5.055719030504866e-07
425.698,4.719190212510122e-07
425.75,4.366016360353291e-07
425.802,3.994886935310667e-07
425.854,3.604324056794861e-07
425.906,3.1938933270819823e-07
425.958,2.763483539657529e-07
426.01,2.3134657917763448e-07
426.062,1.8454540728435442e-07
426.114,1.3621374316854344e-07
426.166,8.688088547454015e-08
426.218,3.7184396674338644e-08
426.27,0.0
426.321,0.0
426.373,0.0
426.425,0.0
426.477,0.0
426.529,0.0
426.581,0.0
426.633,0.0
426.684,0.0
426.736,0.0
426.788,0.0
426.84,0.0
426.892,0.0
426.943,0.0
426.995,0.0
427.047,0.0
427.099,0.0
427.15,5.289816641610543e-08
427.202,3.2969768513117843e-06
427.254,0.0
427.306,0.0
427.357,1.8739583624774184e-07
427.409,0.0
427.461,0.0
427.512,0.0
427.564,0.0
427.616,0.0
427.667,0.0
427.719,0.0
427.77,0.0
427.822,0.0
427.874,0.0
427.925,0.0
427.977,0.0
428.028,0.0
428.08,0.0
428.131,0.0
428.183,0.0
428.234,0.0
428.286,0.0
428.337,9.146049509506692e-07
428.389,3.144792358089047e-06
428.44,0.0
428.492,2.847623492363047e-06
428.543,8.435644579099064e-07
428.595,0.0
428.646,0.0
428.697,0.0
428.749,0.0
428.8,0.0
428.852,0.0
428.903,0.0
428.954,0.0
429.006,0.0
429.057,0.0
429.108,0.0
429.16,0.0
429.211,0.0
429.262,0.0
429.314,0.0
429.365,0.0
429.416,0.0
429.467,0.0
429.519,0.0
429.57,0.0
429.621,0.0
429.672,0.0
429.724,0.0
429.775,0.0
429.826,0.0
429.877,0.0
429.928,0.0
429.98,0.0
430.031,0.0
430.082,0.0
430.133,0.0
430.184,0.0
430.235,0.0
430.286,0.0
430.337,0.0
430.388,0.0
430.439,0.0
430.49,0.0
430.542,0.0
430.593,0.0
430.644,0.0
430.695,0.0
430.746,0.0
430.797,0.0
430.848,0.0
430.898,0.0
430.949,0.0
431.0,0.0
431.051,0.0
431.102,0.0
431.153,0.0
431.204,0.0
431.255,0.0
431.306,0.0
431.357,0.0
431.408,0.0
431.458,0.0
431.509,0.0
431.56,0.0
431.611,0.0
431.662,0.0
431.713,0.0
431.763,0.0
431.814,0.0
431.865,0.0
431.916,0.0
431.966,0.0
432.017,0.0
432.068,0.0
432.118,0.0
432.169,0.0
432.22,0.0
432.271,0.0
432.321,0.0
432.372,0.0
432.423,0.0
432.473,0.0
432.524,0.0
432.574,0.0
432.625,0.0
432.676,0.0
432.726,0.0
432.777,0.0
432.827,0.0
432.878,0.0
432.928,0.0
432.979,6.324779211514436e-08
433.029,1.5855160733941633e-07
433.08,2.692795519265936e-07
433.13,3.95828067280777e-07
433.181,5.382446406885261e-07
433.231,6.963481769379427e-07
433.282,8.697822073909932e-07
433.332,1.0580169908500453e-06
433.383,1.260482024989785e-06
433.433,1.4765693849688055e-06
433.484,1.7052452641913611e-06
433.534,1.945250533142903e-06
433.585,2.1952691280788213e-06
433.635,2.4538894415803714e-06
433.685,2.7197962988742076e-06
433.736,2.991623597789242e-06
433.786,3.2677599864838584e-06
433.836,3.546483936861094e-06
433.887,3.8262014667386304e-06
433.937,4.1054769447579015e-06
433.987,4.382929336887279e-06
434.038,4.65713697202417e-06
434.088,4.926529283199562e-06
434.138,5.189577279087763e-06
434.189,5.444885799079689e-06
434.239,5.691171933481549e-06
434.289,5.927237858882981e-06
434.339,6.151828074635829e-06
434.389,6.363678307752158e-06
434.44,6.561541265984058e-06
434.49,6.744340362904285e-06
434.54,6.911087267189938e-06
434.59,7.060902758073767e-06
434.64,7.193063440126023e-06
434.691,7.306668560465962e-06
434.741,7.400869791486473e-06
434.791,7.475038351915104e-06
434.841,7.5287362865043346e-06
434.891,7.561759087494296e-06
434.941,7.57401298279926e-06
434.991,7.565296944497736e-06
435.042,7.535378697086063e-06
435.092,7.484462924746237e-06
435.142,7.413055531579059e-06
435.192,7.321890813158704e-06
435.242,7.211921223494796e-06
435.292,7.083884792799311e-06
435.342,6.938548317452047e-06
435.392,6.7770047184242805e-06
435.442,6.6004787735222396e-06
435.492,6.410224526971218e-06
435.542,6.2074716456348205e-06
435.592,5.993305306389398e-06
435.642,5.768745896401005e-06
435.692,5.535069932641978e-06
435.742,5.2936431578860034e-06
435.792,5.045807817983065e-06
435.842,4.79294327648179e-06
435.891,4.536289777338035e-06
435.941,4.2770294751636495e-06
435.991,4.016405763417273e-06
436.041,3.7557219743619022e-06
436.091,3.4962177403803657e-06
436.141,3.2391254295574263e-06
436.191,2.985539396157545e-06
436.241,2.7364343339796814e-06
436.29,2.493042995830691e-06
436.34,2.25661067423777e-06
436.39,2.028270401026477e-06
436.44,1.80902249661768e-06
436.49,1.599499212339414e-06
436.539,1.4001096950641588e-06
436.589,1.2113076797387637e-06
436.639,1.033421479463392e-06
436.689,8.663302826014037e-07
436.738,7.096296629283069e-07
436.788,5.62549479074256e-07
436.838,4.240227730178856e-07
436.887,2.9324240326272355e-07
436.937,1.6940437576246376e-07
436.987,5.1476860515436496e-08
437.036,0.0
437.086,0.0
437.136,0.0
437.185,0.0
437.235,0.0
437.285,0.0
437.334,0.0
437.384,0.0
437.433,0.0
437.483,0.0
437.532,0.0
437.582,0.0
437.631,0.0
437.681,0.0
437.73,0.0
437.78,0.0
437.829,0.0
437.879,0.0
437.928,0.0
437.978,0.0
438.027,0.0
438.077,0.0
438.126,0.0
438.176,0.0
438.225,0.0
438.274,0.0
438.324,0.0
438.373,0.0
438.422,0.0
438.472,0.0
438.521,0.0
438.57,0.0
438.62,0.0
438.669,0.0
438.718,0.0
438.768,0.0
438.817,0.0
438.866,0.0
438.915,0.0
438.965,0.0
439.014,0.0
439.063,0.0
439.112,0.0
439.162,0.0
439.211,0.0
439.26,0.0
439.309,0.0
439.358,0.0
439.407,0.0
439.456,0.0
439.506,0.0
439.555,0.0
439.604,0.0
439.653,0.0
439.702,0.0
439.751,0.0
439.8,0.0
439.849,0.0
439.898,0.0
439.947,0.0
439.996,0.0
440.045,0.0
440.094,0.0
440.143,0.0
440.192,0.0
440.241,0.0
440.29,0.0
440.339,0.0
440.388,0.0
440.437,0.0
440.486,0.0
440.535,0.0
440.583,0.0
440.632,0.0
440.681,0.0
440.73,1.235864071138353e-07
440.779,2.768053600097718e-07
440.828,4.265380300689401e-07
440.876,5.718794982312531e-07
440.925,7.119235498389215e-07
440.974,8.456269820497452e-07
441.023,9.717727850134655e-07
441.072,1.0891890251373244e-06
441.12,1.1967560728187952e-06
441.169,1.2933346098261037e-06
441.218,1.3779436033647723e-06
441.267,1.449767155034843e-06
441.315,1.507952037341174e-06
441.364,1.5518093250486586e-06
441.413,1.5809133062777327e-06
441.461,1.594943625688498e-06
441.51,1.593766765212434e-06
441.559,1.5774542431500513e-06
441.607,1.5461203668617485e-06
441.656,1.500055064832878e-06
441.705,1.4399037497061334e-06
441.753,1.3664115656612283e-06
441.802,1.2803994049168075e-06
441.85,1.1827909494337573e-06
441.899,1.074408108034972e-06
441.948,9.561812533978797e-07
441.996,8.292087110885468e-07
442.045,6.945298136230145e-07
442.093,5.531418040453753e-07
442.142,4.059176937614191e-07
442.19,2.535429702402346e-07
442.239,9.678929999398278e-08
442.287,0.0
442.336,0.0
442.384,0.0
442.433,0.0
442.481,0.0
442.529,0.0
442.578,0.0
442.626,0.0
442.675,0.0
442.723,0.0
442.771,0.0
442.82,0.0
442.868,0.0
442.917,0.0
442.965,0.0
443.013,0.0
443.062,0.0
443.11,0.0
443.158,0.0
443.206,0.0
443.255,0.0
443.303,0.0
443.351,0.0
443.399,0.0
443.448,0.0
443.496,0.0
443.544,0.0
443.592,0.0
443.64,0.0
443.689,0.0
443.737,0.0
443.785,0.0
443.833,0.0
443.881,9.355241178186394e-08
443.929,3.0121596279117473e-07
443.977,5.112717312305121e-07
444.025,7.220864245794556e-07
444.074,9.31956193416268e-07
444.122,1.1390305226942905e-06
444.17,1.3416373075327457e-06
444.218,1.5383628190149062e-06
444.266,1.727741116827152e-06
444.314,1.908397675364785e-06
444.362,2.078989881013631e-06
444.41,2.238078069818746e-06
444.458,2.384189470049115e-06
444.506,2.5158956938724417e-06
444.554,2.631641409422095e-06
444.602,2.729877290817784e-06
444.65,2.8093571599747273e-06
444.698,2.8691691167279085e-06
444.746,2.908775338169081e-06
444.793,2.928055713585406e-06
444.841,2.932485433115345e-06
444.889,2.9224258167696516e-06
444.937,2.8985339476062802e-06
444.985,2.8617350155689564e-06
445.033,2.8131097312493013e-06
445.081,2.75387495176093e-06
445.129,2.685353424370585e-06
445.176,2.608158940760008e-06
445.224,2.478418117680703e-06
445.272,2.2969429109429666e-06
445.32,2.064705331566067e-06
445.368,1.7828612641332e-06
445.415,1.452675218498806e-06
445.463,1.0755848048637223e-06
445.511,6.531236358919158e-07
445.559,1.8698472978987098e-07
445.606,0.0
445.654,0.0
445.702,1.5011836021018588e-07
445.749,5.986393655572407e-07
445.797,8.257776077939667e-07
445.845,8.349869721852633e-07
445.892,6.299964764029551e-07
445.94,2.148926934178955e-07
445.988,0.0
446.035,0.0
446.083,0.0
446.13,0.0
446.178,0.0
446.226,0.0
446.273,0.0
446.321,0.0
446.368,0.0
446.416,1.5422570086011256e-07
446.463,5.311897508325981e-07
446.511,9.583070626817414e-07
446.558,1.4320143090939856e-06
446.606,1.9485459503976664e-06
446.653,2.502814052515993e-06
446.701,3.093652353846254e-06
446.748,3.725796418018202e-06
446.796,4.393481957115013e-06
446.843,5.091589659899253e-06
446.891,5.8215718735909954e-06
446.938,6.585821928241418e-06
446.985,7.386746066110623e-06
447.033,8.227544336663485e-06
447.08,9.111831694185455e-06
447.128,1.0043054466111992e-05
447.175,1.1025250857747388e-05
447.222,1.2061726743425828e-05
447.27,1.315445076693835e-05
447.317,1.4306325313077957e-05
447.364,1.5514045575685726e-05
447.411,1.6774181489694745e-05
447.459,1.8075903681370517e-05
447.506,1.9406707336386556e-05
447.553,2.0786529851295604e-05
447.601,2.222980612282387e-05
447.648,2.3715462270106704e-05
447.695,2.5220459170326252e-05
447.742,2.6723075854937005e-05
447.789,2.8200894138201435e-05
447.837,2.963096824759374e-05
447.884,3.0991703307135914e-05
447.931,3.2203565644020965e-05
447.978,3.318963087206985e-05
448.025,3.393342415023902e-05
448.072,3.4392473942385546e-05
448.12,3.4561467750611325e-05
448.167,3.444021194984623e-05
448.214,3.403330395045558e-05
448.261,3.334685450768393e-05
448.308,3.242119613644819e-05
448.355,3.13045248355236e-05
448.402,3.001560377381643e-05
448.449,2.8637088547739044e-05
448.496,2.7189819082120322e-05
448.543,2.5695428628230918e-05
448.59,2.417683888243488e-05
448.637,2.26561155879988e-05
448.684,2.115730172862596e-05
448.731,1.9703823345780725e-05
448.778,1.831498001360642e-05
448.825,1.696804963292624e-05
448.872,1.5674910078500397e-05
448.919,1.44397407806998e-05
448.966,1.3266771382282927e-05
449.013,1.2160438768008277e-05
449.06,1.1119589900224481e-05
449.107,1.0138644199374766e-05
449.154,9.216487125218551e-06
449.2,8.350878531368238e-06
449.247,7.5396435755322145e-06
449.294,6.780475016504398e-06
449.341,6.070443922165667e-06
449.388,5.40659672882895e-06
449.435,4.784986907008071e-06
449.481,4.20146051285295e-06
449.528,3.6530337832099683e-06
449.575,3.1430547910146867e-06
449.622,2.6692556488676773e-06
449.668,2.233355558880651e-06
449.715,1.83580813112424e-06
449.762,1.4763996202822935e-06
449.809,1.15499982963712e-06
449.855,8.70993947726802e-07
449.902,6.224189672117066e-07
449.949,4.0669391007907835e-07
449.995,2.2128855932670024e-07
450.042,6.359558862678961e-08
450.089,0.0
450.135,0.0
450.182,0.0
450.229,0.0
450.275,0.0
450.322,0.0
450.368,0.0
450.415,0.0
450.462,0.0
450.508,0.0
450.555,0.0
450.601,0.0
450.648,0.0
450.694,0.0
450.741,0.0
450.787,0.0
450.834,0.0
450.88,0.0
450.927,0.0
450.973,0.0
451.019,0.0
451.066,0.0
451.112,0.0
451.159,0.0
451.205,0.0
451.251,0.0
451.298,0.0
451.344,0.0
451.39,0.0
451.437,0.0
451.483,0.0
451.529,0.0
451.576,0.0
451.622,0.0
451.668,0.0
451.714,0.0
451.761,0.0
451.807,0.0
451.853,0.0
451.899,0.0
451.945,0.0
451.992,0.0
452.038,0.0
452.084,0.0
452.13,0.0
452.176,0.0
452.222,0.0
452.268,0.0
452.315,0.0
452.361,0.0
452.407,0.0
452.453,0.0
452.499,0.0
452.545,0.0
452.591,0.0
452.637,0.0
452.683,0.0
452.729,0.0
452.775,0.0
452.821,0.0
452.867,0.0
452.913,0.0
452.959,0.0
453.005,0.0
453.051,0.0
453.097,0.0
453.142,0.0
453.188,0.0
453.234,0.0
453.28,0.0
453.18,0.0
453.319,0.0
453.458,1.6660842354437613e-06
453.596,2.015046365286511e-06
453.735,8.980133128641852e-07
453.873,0.0
454.012,0.0
454.15,0.0
454.289,0.0
454.427,0.0
454.566,0.0
454.704,0.0
454.843,0.0
454.981,0.0
455.12,0.0
455.258,0.0
455.397,0.0
455.535,0.0
455.674,0.0
455.812,0.0
455.951,0.0
456.089,0.0
456.227,0.0
456.366,3.8339986200368405e-07
456.504,9.80665143852989e-07
456.642,1.688506229772324e-06
456.781,2.475869264624617e-06
456.919,3.3215038331756663e-06
457.057,4.212885776600521e-06
457.196,5.141529895741331e-06
457.334,6.102033475574198e-06
457.472,7.085001847240281e-06
457.61,8.08913642289671e-06
457.749,9.117243600182485e-06
457.887,1.0169623036582068e-05
458.025,1.1241353318902111e-05
458.163,1.2325799873164388e-05
458.301,1.341314216603808e-05
458.44,1.4497643699707896e-05
458.578,1.5574152473676643e-05
458.716,1.663984178324635e-05
458.854,1.769538990719035e-05
458.992,1.8739519999989274e-05
459.13,1.9770409370511402e-05
459.269,2.078893339917498e-05
459.407,2.1794932133691745e-05
459.545,2.279269975007019e-05
459.683,2.378626885427896e-05
459.821,2.4776651281023115e-05
459.959,2.576243541004452e-05
460.097,2.6723057111475767e-05
460.235,2.7660503564007092e-05
460.373,2.857796097409203e-05
460.511,2.9473619216283172e-05
460.649,3.0353089539246743e-05
460.787,3.122490378004268e-05
460.925,3.2098431301121706e-05
461.063,3.299281675692574e-05
461.201,3.3978982386307385e-05
461.339,3.5085553355408546e-05
461.477,3.631475558930821e-05
461.615,3.767022035360711e-05
461.753,3.913923296420591e-05
461.891,4.071849303795745e-05
462.029,4.237493734037226e-05
462.166,4.4006668765439415e-05
462.304,4.5426174103305105e-05
462.442,4.631229707200795e-05
462.58,4.678548961289834e-05
462.718,4.7131118930387646e-05
462.856,4.611954910688143e-05
462.993,4.492454106920652e-05
463.131,5.087846321581735e-05
463.269,4.7173838435099496e-05
463.407,4.108097420980466e-05
463.545,3.753404821703618e-05
463.682,3.9785060948505174e-05
463.82,4.612000928392841e-05
463.958,5.159121611570783e-05
464.095,5.467705898897771e-05
464.233,5.5946760795558974e-05
464.371,5.549140724742606e-05
464.509,5.378178576689265e-05
464.646,5.1460002160556136e-05
464.784,4.858855860118378e-05
464.921,4.5216905272858367e-05
465.059,4.151328765108679e-05
465.197,3.7545563031637427e-05
465.334,3.359592562371594e-05
465.472,2.9858166044875797e-05
465.609,2.639231913086145e-05
465.747,2.32037572409813e-05
465.885,2.0263761474211234e-05
466.022,1.758029200054708e-05
466.16,1.5143696384185594e-05
466.297,1.2963884919839187e-05
466.435,1.0969215771262568e-05
466.572,9.09796132765323e-06
466.71,7.3527175500852635e-06
466.847,5.741871138466061e-06
466.985,4.297714108991827e-06
467.122,3.026635056639112e-06
467.26,1.9251191246146274e-06
467.397,9.803910000396303e-07
467.534,2.0390891088781652e-07
467.672,0.0
467.809,0.0
467.947,0.0
468.084,0.0
468.221,0.0
468.359,0.0
468.496,0.0
468.633,0.0
468.771,0.0
468.908,5.262408665726103e-07
469.045,1.1354423258416368e-06
469.183,1.7945396515270725e-06
469.32,2.485374243714198e-06
469.457,3.191088436884748e-06
469.594,3.894905424531216e-06
469.732,4.575083183977894e-06
469.869,5.373509517694569e-06
470.006,6.272132393549704e-06
470.143,5.886812079683265e-06
470.28,4.204260970729207e-06
470.417,9.418383596319194e-06
470.555,7.52400739516148e-06
470.692,6.72169366912102e-06
470.829,7.011503185524102e-06
470.966,7.027435286692172e-06
471.103,6.771800915362265e-06
471.24,6.412255658043001e-06
471.377,5.957053001450161e-06
471.514,5.417793970961472e-06
471.651,4.8069128737174565e-06
471.789,4.138411535008425e-06
471.926,3.4285519214727956e-06
472.063,2.694428693192342e-06
472.2,1.9528757449123613e-06
472.337,1.2195823578035935e-06
472.474,4.798662015675896e-07
472.611,0.0
472.748,0.0
472.884,0.0
473.021,0.0
473.158,0.0
473.295,0.0
473.432,0.0
473.569,0.0
473.706,0.0
473.843,0.0
473.98,0.0
474.117,0.0
474.253,0.0
474.39,0.0
474.527,0.0
474.664,0.0
474.801,0.0
474.937,0.0
475.074,0.0
475.211,0.0
475.348,0.0
475.484,0.0
475.621,0.0
475.758,0.0
475.894,0.0
476.031,0.0
476.168,0.0
476.304,0.0
476.441,0.0
476.578,0.0
476.714,0.0
476.851,0.0
476.987,0.0
477.124,4.530741959208656e-07
477.261,9.859285020493628e-07
477.397,1.5203885664939673e-06
477.534,2.05314433526214e-06
477.67,2.580757262424744e-06
477.807,3.099719849479049e-06
477.943,3.606600028583721e-06
478.08,4.09870144024481e-06
478.216,4.570187780982923e-06
478.353,5.018969225996835e-06
478.489,5.443269549461003e-06
478.626,5.84146836269773e-06
478.762,6.21228082511971e-06
478.898,6.551125374240955e-06
479.035,6.856953127720942e-06
479.171,7.129014603649154e-06
479.308,7.394512637531303e-06
479.444,7.652268611177321e-06
479.58,7.901267357315192e-06
479.717,8.140726141581014e-06
479.853,8.366646111927496e-06
479.989,8.578700627132313e-06
480.126,8.776780368075439e-06
480.262,8.960904548618024e-06
480.398,8.991520916884429e-06
480.535,8.869469373464837e-06
480.671,8.556549778478414e-06
480.807,8.054182058644349e-06
480.943,7.460091840930323e-06
481.08,6.78189690172971e-06
481.216,6.34927473936196e-06
481.352,5.98850454922482e-06
481.488,6.583884791009472e-06
481.624,9.60164031116201e-06
481.76,1.0777533728394712e-05
481.897,1.3282718523431273e-06
482.033,2.749169416546687e-06
482.169,6.257086558750429e-06
482.305,6.669830430677861e-06
482.441,5.453653424148186e-06
482.577,5.563391885594674e-06
482.713,6.82498690308866e-06
482.849,1.408549822346106e-06
482.985,3.2402784078622455e-06
483.121,3.890725361938984e-06
483.258,3.357407740459368e-06
483.394,2.9617377511930246e-06
483.53,2.7043359492022337e-06
483.665,2.455151586729601e-06
483.801,2.21503209912347e-06
483.937,1.9848147153843735e-06
484.073,1.7653323152978967e-06
484.209,1.5541073043990826e-06
484.345,1.35191363732712e-06
484.481,1.1594519776162963e-06
484.617,9.7741481386804e-07
484.753,8.062375192216685e-07
484.889,6.461155060087841e-07
485.025,4.971408340528631e-07
485.161,3.59225290597847e-07
485.296,2.3215973701972825e-07
485.432,1.1567234327254355e-07
485.568,9.378763891942384e-09
485.704,0.0
485.84,0.0
485.975,0.0
486.111,0.0
486.247,0.0
486.383,0.0
486.518,0.0
486.654,0.0
486.79,0.0
486.926,0.0
487.061,0.0
487.197,0.0
487.333,0.0
487.468,0.0
487.604,0.0
487.74,0.0
487.875,0.0
488.011,0.0
488.146,0.0
488.282,0.0
488.417,0.0
488.553,0.0
488.688,0.0
488.824,0.0
488.96,0.0
489.095,0.0
489.23,0.0
489.366,0.0
489.501,0.0
489.637,0.0
489.772,0.0
489.908,0.0
490.043,0.0
490.178,0.0
490.314,0.0
490.449,0.0
490.585,0.0
490.72,0.0
490.855,0.0
490.991,0.0
491.126,0.0
491.261,0.0
491.396,0.0
491.532,5.191681551456658e-08
491.667,2.5738003397263433e-07
491.802,4.7627083011173917e-07
491.937,7.084134253234248e-07
492.073,9.538840837204096e-07
492.208,1.1518014224639492e-06
492.343,1.2999793042802313e-06
492.478,1.3960428865449367e-06
492.613,1.4374061747228456e-06
492.749,1.421494410502566e-06
492.884,1.3690685426879483e-06
493.019,1.2789701586319125e-06
493.154,1.1498621337080689e-06
493.289,1.0053489248327627e-06
493.424,8.431947798162026e-07
493.559,6.618334931692155e-07
493.694,4.6120266064995823e-07
493.829,2.421898322996664e-07
493.964,6.977588255971964e-09
494.099,0.0
494.234,0.0
494.369,0.0
494.504,0.0
494.639,0.0
494.774,0.0
494.909,0.0
495.044,0.0
495.179,0.0
495.314,0.0
495.449,0.0
495.584,0.0
495.719,0.0
495.854,3.8811603241878396e-07
495.988,1.3247115223638257e-06
496.123,2.508651555140024e-06
496.258,3.965072408208383e-06
496.393,5.717395275484863e-06
496.528,7.846682297841326e-06
496.663,1.0399664281218424e-05
496.797,1.341824443331872e-05
496.932,1.693476884984765e-05
497.067,2.0954480901957656e-05
497.202,2.548857936773708e-05
497.336,3.054931631396524e-05
497.471,3.612644051237654e-05
497.606,4.210329030636654e-05
497.74,4.835300750824942e-05
497.875,5.475129240249441e-05
498.01,6.118586039599229e-05
498.144,6.760114586448151e-05
498.279,7.392141445897269e-05
498.414,8.007966719812229e-05
498.548,8.606339481138967e-05
498.683,9.196463608237123e-05
498.817,9.794993023887971e-05
498.952,0.00010422651061945202
499.087,0.00011098244168438915
499.221,0.00011833923172403383
499.356,0.00012653405978362497
499.49,0.00013578411782385876
499.625,0.0001462372013451358
499.759,0.00015791223074289478
499.894,0.00017027963962438353
500.028,0.00018228250416484125
500.162,0.00019252926780103467
500.297,0.00019951544308650086
500.431,0.00020212943392462345
500.566,0.0002000917636922399
500.7,0.000194058111920044
500.835,0.00018517023921228612
500.969,0.00017479859375011308
501.103,0.0001642840780935154
501.238,0.0001537988706163641
501.372,0.0001433775320130741
501.506,0.0001331032454553299
501.641,0.00012138665095506727
501.775,0.00010912028509389146
501.909,9.984703578512799e-05
502.043,9.362026008893611e-05
502.178,8.876429764816132e-05
502.312,8.460508240923465e-05
502.446,8.049601631206765e-05
502.58,7.63536624057021e-05
502.715,7.235026500922544e-05
502.849,6.853540960745981e-05
502.983,6.498560053391409e-05
503.117,6.160802764967203e-05
503.251,5.833926028667175e-05
503.385,5.52067035450009e-05
503.52,5.223581932830843e-05
503.654,4.941665532687645e-05
503.788,4.6746188939120726e-05
503.922,4.419700047897601e-05
504.056,4.1733977137387695e-05
504.19,3.935533453735933e-05
504.324,3.704674357995391e-05
504.458,3.479608312983836e-05
504.592,3.259755384955303e-05
504.726,3.04521525776979e-05
504.86,2.8364422383930273e-05
504.994,2.6352823759637906e-05
505.128,2.4432486349918488e-05
505.262,2.261193079080817e-05
505.396,2.0891946801711892e-05
505.53,1.9270098704393153e-05
505.664,1.7742163559732995e-05
505.798,1.6303339503863593e-05
505.932,1.4946733602996805e-05
506.066,1.3664399812202891e-05
506.199,1.245507575787164e-05
506.333,1.1317995995955099e-05
506.467,1.0249480857648775e-05
506.601,9.245342239813624e-06
506.735,8.300728003482305e-06
506.869,7.410816282164714e-06
507.002,6.571812268418253e-06
507.136,5.776085179332252e-06
507.27,5.018471182692313e-06
507.404,4.296266738751108e-06
507.537,3.6083792316465337e-06
507.671,2.9545052174018367e-06
507.805,2.3357996561489776e-06
507.939,1.7539579972452008e-06
508.072,1.2111024039238066e-06
508.206,7.096947026309094e-07
508.34,2.4841996425490977e-07
508.473,0.0
508.607,0.0
508.74,0.0
508.874,0.0
509.008,0.0
509.141,0.0
509.275,0.0
509.408,0.0
509.542,0.0
509.675,0.0
509.809,0.0
509.942,0.0
510.076,0.0
510.209,0.0
510.343,0.0
510.476,0.0
510.61,0.0
510.743,0.0
510.877,0.0
511.01,0.0
511.143,0.0
511.277,0.0
511.41,0.0
511.543,0.0
511.677,0.0
511.81,0.0
511.943,0.0
512.077,0.0
512.21,0.0
512.343,0.0
512.476,0.0
512.61,0.0
512.743,0.0
512.876,0.0
513.009,0.0
513.142,8.339144557207246e-08
513.276,2.885295208750433e-07
513.409,5.374195289952264e-07
513.542,8.392677329015825e-07
513.675,1.2110933619126156e-06
513.808,1.676521734649659e-06
513.941,2.2626229791873313e-06
514.074,2.985002044136893e-06
514.207,3.8873590571271924e-06
514.34,5.006167056362761e-06
514.474,6.580942136299626e-06
514.607,8.599501872016493e-06
514.74,1.0753838112039834e-05
514.873,1.2946062743916087e-05
515.006,1.35950787557555e-05
515.139,1.2586755115451558e-05
515.272,1.3869291106207686e-05
515.404,1.7379948354379528e-05
515.537,1.900846725610356e-05
515.67,1.8847321732397764e-05
515.803,1.8606653750441834e-05
515.936,1.8613211229735112e-05
516.069,1.9747209820535972e-05
516.202,2.245085333176775e-05
516.335,2.7014203494870944e-05
516.468,3.657814740096798e-05
516.6,5.5856667951954925e-05
516.733,8.711081842996385e-05
516.866,9.431139204226066e-05
516.999,8.023403962109385e-05
517.132,0.00012003794937840199
517.264,0.00021233505558722354
517.397,0.00021300999435319525
517.53,0.00013366139835334427
517.663,9.266143009143877e-05
517.795,7.396040157702298e-05
517.928,6.733626008394323e-05
518.061,8.063112252288277e-05
518.193,0.00012839319770897636
518.326,0.00027286441309018835
518.459,0.0003094594147135033
518.591,0.00019995746874813122
518.724,0.00012185462100173216
518.857,8.547383487859638e-05
518.989,6.473517168619877e-05
519.122,5.470888272995047e-05
519.254,4.810707595819709e-05
519.387,4.199015006066325e-05
519.519,3.672072933325209e-05
519.652,3.259575295107575e-05
519.784,2.959893793572361e-05
519.917,2.7495901168542878e-05
520.049,2.5726338537452053e-05
520.182,2.3964442792593478e-05
520.314,2.2114560180785475e-05
520.447,2.0268771581297294e-05
520.579,1.8629063588350142e-05
520.712,1.724148094831903e-05
520.844,1.606576514016074e-05
520.976,1.5027092225293918e-05
521.109,1.4085366152985078e-05
521.241,1.3234918751439553e-05
521.373,1.2460741479274289e-05
521.506,1.1733473403778043e-05
521.638,1.0995594818928933e-05
521.77,1.0223127740254157e-05
521.903,9.409463566065775e-06
522.035,8.581248828166106e-06
522.167,7.763153057357465e-06
522.3,6.967232342305759e-06
522.432,6.2096030138076955e-06
522.564,5.500849072542369e-06
522.696,4.857908746898793e-06
522.828,4.290747437696787e-06
522.961,3.797725395123156e-06
523.093,3.3621709678478046e-06
523.225,2.970325018915154e-06
523.357,2.61109113136101e-06
523.489,2.27682220855307e-06
523.621,1.962911830979996e-06
523.753,1.6656910929306693e-06
523.885,1.3810307140167264e-06
524.018,1.1072496269769633e-06
524.15,8.423426052622622e-07
524.282,5.853028472042645e-07
524.414,3.3520755884346464e-07
524.546,8.767390489326588e-08
524.678,0.0
524.81,0.0
524.942,0.0
525.074,0.0
525.206,0.0
525.338,0.0
525.469,0.0
525.601,0.0
525.733,0.0
525.865,0.0
525.997,0.0
526.129,0.0
526.261,0.0
526.393,0.0
526.524,0.0
526.656,0.0
526.788,0.0
526.92,0.0
527.052,0.0
527.183,0.0
527.315,0.0
527.447,0.0
527.578,0.0
527.71,0.0
527.842,0.0
527.973,0.0
528.105,0.0
528.237,0.0
528.368,0.0
528.5,0.0
528.632,0.0
528.763,0.0
528.895,0.0
529.026,0.0
529.158,0.0
529.289,0.0
529.421,0.0
529.552,0.0
529.684,0.0
529.815,0.0
529.947,0.0
530.078,0.0
530.21,0.0
530.341,0.0
530.472,0.0
530.604,0.0
530.735,0.0
530.867,1.58295562414682e-07
530.998,4.4345703739777824e-07
531.129,7.596619785973997e-07
531.26,1.1055378722515474e-06
531.392,1.4799301628947835e-06
531.523,1.8817457454520921e-06
531.654,2.2738702437345966e-06
531.786,2.598746759448131e-06
531.917,2.8554834569996833e-06
532.048,3.0433620709882717e-06
532.179,3.161909748502087e-06
532.311,3.2106831178540088e-06
532.442,3.189163716030252e-06
532.573,3.0968379364065874e-06
532.704,2.9543546602626593e-06
532.835,2.8181653883599045e-06
532.966,2.68818872209397e-06
533.097,2.564429667230047e-06
533.229,2.4469204152979107e-06
533.36,2.335747503945012e-06
533.491,2.231077173283012e-06
533.622,2.1332533601045164e-06
533.753,2.042629400610062e-06
533.884,1.9384948178611774e-06
534.015,1.8211881594147162e-06
534.146,1.6910758980336342e-06
534.277,1.5485801266124997e-06
534.408,1.3942815388085254e-06
534.539,1.2289435763733828e-06
534.67,1.0534049329282582e-06
534.801,8.650942098443045e-07
534.932,6.615850976191761e-07
535.063,4.4404538483824757e-07
535.194,2.137379904521483e-07
535.324,0.0
535.455,0.0
535.586,0.0
535.717,0.0
535.848,0.0
535.979,0.0
536.109,0.0
536.24,0.0
536.371,0.0
536.502,0.0
536.632,0.0
536.763,0.0
536.894,0.0
537.025,0.0
537.155,0.0
537.286,0.0
537.417,0.0
537.547,0.0
537.678,0.0
537.808,0.0
537.939,0.0
538.07,0.0
538.2,0.0
538.331,0.0
538.461,0.0
538.592,0.0
538.722,0.0
538.853,0.0
538.983,0.0
539.114,0.0
539.244,0.0
539.375,0.0
539.505,0.0
539.636,0.0
539.766,0.0
539.896,0.0
540.027,0.0
540.157,0.0
540.287,0.0
540.418,0.0
540.548,0.0
540.678,0.0
540.809,0.0
540.939,0.0
541.069,0.0
541.2,0.0
541.33,0.0
541.46,0.0
541.59,0.0
541.72,0.0
541.851,0.0
541.981,2.9901859120486093e-09
542.111,6.5992479048723e-07
542.241,1.373845705931517e-06
542.371,2.107517921922392e-06
542.501,2.80168339244557e-06
542.631,3.3970120514773654e-06
542.761,3.869135130871394e-06
542.891,4.158079284897422e-06
543.021,4.243219766282971e-06
543.151,4.1202760769328495e-06
543.281,3.7881751407543396e-06
543.411,3.2665916500211057e-06
543.542,2.6381063073265823e-06
543.671,2.0009497322371177e-06
543.801,1.436152511789725e-06
543.931,1.0468504408389259e-06
544.061,9.039165517587311e-07
544.191,1.0323424901442182e-06
544.321,1.4321216492959835e-06
544.451,2.1033288985030497e-06
544.581,2.9826367964649827e-06
544.711,3.960590649479664e-06
544.841,4.9203948017286775e-06
544.97,5.737718223203678e-06
545.1,6.3097510456714755e-06
545.23,6.486852070443326e-06
545.36,6.270191526706469e-06
545.49,5.657740871447e-06
545.619,4.671373866314636e-06
545.749,3.6465456499129427e-06
545.879,2.672905545706216e-06
546.009,2.0167743937907612e-06
546.138,1.7582478885870146e-06
546.268,4.680785556392128e-07
546.398,0.0
546.527,2.4871825030683008e-06
546.657,3.740241627463067e-07
546.786,0.0
546.916,0.0
547.046,0.0
547.175,0.0
547.305,0.0
547.434,0.0
547.564,0.0
547.693,0.0
547.823,0.0
547.953,0.0
548.082,0.0
548.211,0.0
548.341,0.0
548.47,0.0
548.6,0.0
548.729,0.0
548.859,0.0
548.988,0.0
549.117,0.0
549.247,0.0
549.376,0.0
549.505,3.199659902669348e-08
549.635,1.7536226343418955e-07
549.764,3.382683223698768e-07
549.893,5.194847691361899e-07
550.023,7.177516359438009e-07
550.152,9.283607520820646e-07
550.281,1.1498399009952604e-06
550.41,1.3802320576974383e-06
550.539,1.6174748763714124e-06
550.669,1.8594220210888784e-06
550.798,2.103950193007308e-06
550.927,2.348355764966988e-06
551.056,2.589890976659609e-06
551.185,2.8258764448972286e-06
551.314,3.053812164736383e-06
551.443,3.271706795700136e-06
551.573,3.477717506683928e-06
551.702,3.6701285188518336e-06
551.831,3.847344530993083e-06
551.96,4.008048979677892e-06
552.089,4.150945661841382e-06
552.218,4.275068093895872e-06
552.347,4.3791385589999415e-06
552.476,4.461923935629896e-06
552.605,4.522260251104555e-06
552.734,4.559198004557749e-06
552.863,4.571893792808192e-06
552.992,4.559533594894247e-06
553.121,4.521659948153758e-06
553.249,4.458179541651551e-06
553.378,4.369244084747384e-06
553.507,4.255407845941925e-06
553.636,4.117432182452164e-06
553.765,3.956129909492192e-06
553.894,3.7725482714534885e-06
554.023,3.5679555755093525e-06
554.151,3.3436927117417986e-06
554.28,3.1012913714786253e-06
554.409,2.8423915708303542e-06
554.538,2.5685723493846743e-06
554.666,2.281559267168389e-06
554.795,1.9831427277393596e-06
554.924,1.6752211801398663e-06
555.052,1.3598554608256044e-06
555.181,1.0391234267566863e-06
555.31,7.149961399650802e-07
555.439,3.8938239146027384e-07
555.567,6.421844065155155e-08
555.696,0.0
555.824,0.0
555.953,0.0
556.082,0.0
556.21,0.0
556.339,0.0
556.467,0.0
556.596,0.0
556.724,0.0
556.853,0.0
556.981,0.0
557.11,0.0
557.238,0.0
557.367,0.0
557.495,0.0
557.623,0.0
557.752,0.0
557.88,0.0
558.008,0.0
558.137,0.0
558.265,0.0
558.393,0.0
558.522,0.0
558.65,0.0
558.778,0.0
558.906,0.0
559.035,0.0
559.163,0.0
559.291,0.0
559.419,0.0
559.548,0.0
559.676,0.0
559.804,0.0
559.932,0.0
560.06,0.0
560.188,0.0
560.316,2.4976567044462808e-08
560.444,4.351776393441974e-07
560.572,8.601984217397686e-07
560.7,1.2962189130629168e-06
560.828,1.7433369770759258e-06
560.956,2.202090710769438e-06
561.085,2.6733148238847653e-06
561.212,3.1581167758854724e-06
561.34,3.657481196805064e-06
561.468,4.172271685926892e-06
561.596,4.707790794130486e-06
561.724,5.2692038627616394e-06
561.852,5.861925492749828e-06
561.98,6.488894072357138e-06
562.108,7.1505700849481036e-06
562.236,7.846949899603248e-06
562.364,8.575183001534126e-06
562.492,9.333962895282267e-06
562.619,1.0145032146124462e-05
562.747,1.1029883522119888e-05
562.875,1.1988701955072896e-05
563.003,1.3018635754020324e-05
563.13,1.4117688267137635e-05
563.258,1.5124295606297662e-05
563.386,1.62054687934837e-05
563.514,1.8701917833672532e-05
563.641,2.1175199331399165e-05
563.769,1.556067854490265e-05
563.897,2.3813706027610525e-05
564.024,2.37538411538768e-05
564.152,2.3675265146835097e-05
564.28,2.4915281766783707e-05
564.407,2.6111673613437814e-05
564.535,2.7119875803821957e-05
564.662,2.8178914413333203e-05
564.79,2.9358384966478518e-05
564.917,3.0726190809357684e-05
565.045,3.2354235183639635e-05
565.173,3.429900100191505e-05
565.3,3.66183293360993e-05
565.428,3.9326584200241184e-05
565.555,4.242889959539647e-05
565.682,4.590562389206253e-05
565.81,4.972214447201977e-05
565.937,5.3819642653116325e-05
566.065,5.8075335121126516e-05
566.192,6.240020520278887e-05
566.32,6.669019795898456e-05
566.447,7.086718375938394e-05
566.574,7.483963132675111e-05
566.702,7.845217398796378e-05
566.829,8.155334323862036e-05
566.956,8.413130212417358e-05
567.083,8.645324662924965e-05
567.211,8.886699876145734e-05
567.338,9.156544393408861e-05
567.465,9.41783076120863e-05
567.593,9.621493104615937e-05
567.72,9.638358640766204e-05
567.847,9.459225685156281e-05
567.974,9.701094489215324e-05
568.101,0.00011285931448508016
568.228,0.0001464383548798281
568.356,0.00016216220382345492
568.483,0.00016292704817631506
568.61,0.00015719002261897465
568.737,0.00019384439767915714
568.864,0.0002472437552661678
568.991,0.00022336489914471093
569.118,0.0001777602881175458
569.245,0.00014444720480411615
569.372,0.0001225413493384853
569.499,0.00010728436352401293
569.626,9.481545185889761e-05
569.753,8.427110596461927e-05
569.88,7.559725408012078e-05
570.007,6.844102856295382e-05
570.134,6.261201513965875e-05
570.261,5.7865707633009246e-05
570.388,5.381691011287513e-05
570.515,5.0219423307812287e-05
570.642,4.688631965314524e-05
570.768,4.371333944401769e-05
570.895,4.0709122443281086e-05
571.022,3.786708172676399e-05
571.149,3.517306231475863e-05
571.276,3.2611497516615325e-05
571.402,3.0152615166097988e-05
571.529,2.7778472577596444e-05
571.656,2.549074691650102e-05
571.783,2.32972303417679e-05
571.909,2.1181099590029544e-05
572.036,1.9151475459365862e-05
572.163,1.7221299624147707e-05
572.289,1.5408308068696044e-05
572.416,1.3725404215751768e-05
572.543,1.233016031702186e-05
572.669,1.1369931795891032e-05
572.796,1.0991871790381012e-05
572.922,1.1198233695953775e-05
573.049,1.1563383860981942e-05
573.176,1.1655385037200258e-05
573.302,1.100300360185331e-05
573.429,9.594878840281102e-06
573.555,7.836171352916513e-06
573.682,6.1398414663023335e-06
573.808,4.9709941531864495e-06
573.935,4.319817301545627e-06
574.061,4.026925718568119e-06
574.188,3.930280656088856e-06
574.314,3.8442727003928414e-06
574.44,3.7624190105664693e-06
574.567,3.6550307291740065e-06
574.693,3.493769992349759e-06
574.82,3.250464641562891e-06
574.946,2.9220714186297193e-06
575.072,2.5319256153997065e-06
575.198,2.1055489330418624e-06
575.325,1.6725853093062505e-06
575.451,1.2353398493043193e-06
575.577,8.005670142926383e-07
575.704,3.749739532605646e-07
575.83,0.0
575.956,0.0
576.082,0.0
576.208,0.0
576.335,0.0
576.461,0.0
576.587,0.0
576.713,0.0
576.839,0.0
576.965,0.0
577.091,0.0
577.217,0.0
577.343,0.0
577.469,0.0
577.596,0.0
577.722,0.0
577.848,0.0
577.974,0.0
578.099,0.0
578.225,0.0
578.351,0.0
578.477,0.0
578.603,0.0
578.729,0.0
578.855,0.0
578.981,0.0
579.107,0.0
579.232,0.0
579.358,0.0
579.484,0.0
579.61,0.0
579.735,0.0
579.861,0.0
579.987,0.0
580.113,0.0
580.238,0.0
580.364,0.0
580.49,0.0
580.615,0.0
580.741,0.0
580.867,3.212193484975289e-07
580.992,9.560621357235006e-07
581.118,1.6428178215985663e-06
581.243,2.3825530386781434e-06
581.369,3.174677715459789e-06
581.494,4.0171727084681246e-06
581.62,4.910452654685927e-06
581.745,5.854431972932921e-06
581.871,6.848778319616072e-06
581.996,7.892883043894698e-06
582.122,8.985657185974412e-06
582.247,1.0128296868511546e-05
582.373,1.1322236834979226e-05
582.498,1.2568801368661205e-05
582.624,1.3871376261537413e-05
582.749,1.5231343053844907e-05
582.874,1.664749225835171e-05
583.0,1.81190719330124e-05
583.125,1.964784496668203e-05
583.25,2.1239767600512644e-05
583.376,2.2905239740358684e-05
583.501,2.4658533390203262e-05
583.626,2.653561443450749e-05
583.751,2.855072756483044e-05
583.877,3.0749818138310733e-05
584.002,3.315203803330462e-05
584.127,3.5778746214060346e-05
584.252,3.86360047600459e-05
584.377,4.17268494501124e-05
584.503,4.505595790931391e-05
584.628,4.8475468584901925e-05
584.753,5.1994607880083635e-05
584.878,5.545127595913687e-05
585.003,5.8887730553027104e-05
585.128,6.260334413807578e-05
585.253,6.666109737789128e-05
585.378,7.142949371674664e-05
585.503,7.694913745012951e-05
585.628,8.317393372561698e-05
585.753,9.024399840814919e-05
585.878,9.810130765166227e-05
586.003,0.00010700055103992738
586.128,0.00011704328547942021
586.253,0.00012814049077447507
586.378,0.00014048388087075343
586.503,0.00015332905353492368
586.628,0.00016681519634130816
586.753,0.0001846244701486339
586.878,0.00020687108646541804
587.003,0.0002284289679399464
587.127,0.000249802041926594
587.252,0.0002756945678860106
587.377,0.00030657491546565467
587.502,0.0003411098013970983
587.627,0.0003794477186047079
587.751,0.0004220650726515658
587.876,0.00046986827454557884
588.001,0.0005248093259338047
588.125,0.0005885744880709527
588.25,0.0006621530634983884
588.375,0.0007469174980738176
588.499,0.0008445795909241047
588.624,0.0009567990336313456
588.749,0.0010858296585314084
588.873,0.0011930071697972837
588.998,0.0012841225323924768
589.122,0.001395902445826563
589.247,0.0013943326687034419
589.372,0.0013110616575276051
589.496,0.0012693806289965943
589.621,0.001278944963965519
589.745,0.0013019179328957586
589.87,0.0012137137346806678
589.994,0.0010687103416172706
590.118,0.0009389085298639795
590.243,0.0008251892276726728
590.367,0.0007211351199210449
590.492,0.0006455209235380129
590.616,0.0005822566874114008
590.74,0.0005241848711992712
590.865,0.00047306476849242154
590.989,0.0004290722130222959
591.114,0.00039111025382420895
591.238,0.0003588161097395344
591.362,0.000330583334430876
591.486,0.0003051702279168968
591.611,0.0002818106498979664
591.735,0.00025969026606396017
591.859,0.0002387470787807835
591.983,0.0002189500372953747
592.107,0.00020024848029846792
592.232,0.00018276000416456636
592.356,0.00016660570592531788
592.48,0.00015195478411221772
592.604,0.00013896664849807308
592.728,0.00012772753782415395
592.852,0.00011811678494437476
592.976,0.00010993137998944971
593.1,0.00010294801084147674
593.224,9.690089934976542e-05
593.349,9.157030536230393e-05
593.473,8.677674477980749e-05
593.597,8.236964086358466e-05
593.721,7.822976898423913e-05
593.844,7.430183281409837e-05
593.968,7.054145858034053e-05
594.092,6.690716926073798e-05
594.216,6.338787753043387e-05
594.34,5.9980720085041174e-05
594.464,5.668717134612909e-05
594.588,5.351087209883405e-05
594.712,5.0458256232650065e-05
594.836,4.7519664567124e-05
594.959,4.468798355418707e-05
595.083,4.195837483981706e-05
595.207,3.9328381980283e-05
595.331,3.6794435834352766e-05
595.455,3.435375794905735e-05
595.578,3.20058987655755e-05
595.702,2.974547400935975e-05
595.826,2.7569770902671637e-05
595.949,2.547914272462188e-05
596.073,2.3476844312620673e-05
596.197,2.1562722653576002e-05
596.32,1.9735351416524996e-05
596.444,1.7993079133867772e-05
596.568,1.6334223008741343e-05
596.691,1.4756746831604221e-05
596.815,1.3261147032528279e-05
596.938,1.1846967183320735e-05
597.062,1.0512643625306426e-05
597.186,9.256022210547865e-06
597.309,8.075241626687354e-06
597.433,6.968360092528381e-06
597.556,5.933096988646508e-06
597.68,4.970295268837642e-06
597.803,4.07955975948934e-06
597.926,3.25902008621679e-06
598.05,2.505496729139418e-06
598.173,1.8154794668111372e-06
598.297,1.1851808276964306e-06
598.42,6.107356562632385e-07
598.543,8.839955395090962e-08
598.667,0.0
598.79,0.0
598.913,0.0
599.037,0.0
599.16,0.0
599.283,0.0
599.406,0.0
599.53,0.0
599.653,0.0
599.776,0.0
599.899,0.0
600.022,0.0
600.145,0.0
600.269,0.0
600.392,0.0
600.515,0.0
600.638,0.0
600.761,0.0
600.884,0.0
601.007,0.0
601.13,0.0
601.253,0.0
601.376,0.0
601.499,0.0
601.622,0.0
601.745,0.0
601.868,0.0
601.991,0.0
602.113,0.0
602.236,0.0
602.359,0.0
602.482,0.0
602.605,0.0
602.728,0.0
602.85,0.0
602.973,0.0
603.096,0.0
603.219,0.0
603.341,0.0
603.464,0.0
603.587,0.0
603.709,0.0
603.832,0.0
603.955,0.0
604.077,0.0
604.2,0.0
604.323,0.0
604.445,0.0
604.568,0.0
604.69,0.0
604.813,0.0
604.935,0.0
605.058,0.0
605.18,0.0
605.303,0.0
605.425,0.0
605.547,0.0
605.67,0.0
605.792,0.0
605.915,0.0
606.037,0.0
606.159,0.0
606.282,0.0
606.404,0.0
606.526,0.0
606.648,0.0
606.771,0.0
606.893,0.0
607.015,0.0
607.137,0.0
607.26,0.0
607.382,0.0
607.504,0.0
607.626,0.0
607.748,0.0
607.87,0.0
607.992,0.0
608.114,0.0
608.237,0.0
608.359,0.0
608.481,0.0
608.603,0.0
608.725,0.0
608.847,0.0
608.969,0.0
609.09,0.0
609.212,0.0
609.334,0.0
609.456,0.0
609.578,0.0
609.7,0.0
609.822,0.0
609.944,0.0
610.065,0.0
610.187,0.0
610.309,0.0
610.431,0.0
610.552,0.0
610.674,0.0
610.796,0.0
610.918,0.0
611.039,0.0
611.161,0.0
611.282,0.0
611.404,0.0
611.526,0.0
611.647,0.0
611.769,0.0
611.89,0.0
612.012,0.0
612.133,0.0
612.255,0.0
612.377,0.0
612.498,0.0
612.619,0.0
612.741,0.0
612.862,0.0
612.984,0.0
613.105,0.0
613.226,0.0
613.348,0.0
613.469,0.0
613.59,0.0
613.712,0.0
613.833,0.0
613.954,0.0
614.076,0.0
614.197,0.0
614.318,0.0
614.439,0.0
614.56,5.415743420428998e-07
614.682,1.0979801664556747e-06
614.803,1.344618098902729e-06
614.924,2.265124856366509e-06
615.045,3.980251793392043e-06
615.166,8.254532958061094e-06
615.287,1.9758415284157695e-05
615.408,3.5796964661607804e-05
615.529,4.283171843764796e-05
615.65,2.684665676075591e-05
615.771,2.224617750163436e-05
615.892,3.0073943203882085e-05
616.013,5.748689942921866e-05
616.134,7.980134738195551e-05
616.255,7.09756328649734e-05
616.376,3.94109704435844e-05
616.497,2.849277627709498e-05
616.618,2.5313855375168787e-05
616.739,2.066762846150371e-05
616.86,1.6549115457634383e-05
616.981,1.4169109255121154e-05
617.102,1.2439988183820492e-05
617.222,1.1530366356161416e-05
617.343,1.0987758320227648e-05
617.464,1.0426833790444414e-05
617.585,9.858074505731355e-06
617.705,9.18447722102036e-06
617.826,8.480200507942003e-06
617.947,7.807465776102409e-06
618.068,7.18544473100366e-06
618.188,6.621391835280948e-06
618.309,6.145221421444421e-06
618.43,5.74252847857217e-06
618.55,5.385138802590194e-06
618.671,5.052662317519111e-06
618.791,4.720691643595796e-06
618.912,4.380835232526128e-06
619.033,4.023796358362449e-06
619.153,3.641901898249014e-06
619.274,3.2217749975762395e-06
619.394,2.7738005567093028e-06
619.515,2.319229950253157e-06
619.635,1.8751402661290156e-06
619.756,1.4546940963504169e-06
619.876,1.0617483912718663e-06
619.996,7.06742140348729e-07
620.117,3.9823010493670403e-07
620.237,1.3833881588171847e-07
620.358,0.0
620.478,0.0
620.598,0.0
620.719,0.0
620.839,0.0
620.959,0.0
621.079,0.0
621.2,0.0
621.32,0.0
621.44,0.0
621.56,0.0
621.681,0.0
621.801,0.0
621.921,0.0
622.041,0.0
622.161,0.0
622.281,0.0
622.401,0.0
622.521,0.0
622.641,0.0
622.761,0.0
622.882,0.0
623.002,0.0
623.121,0.0
623.241,0.0
623.361,0.0
623.481,0.0
623.601,0.0
623.721,0.0
623.841,0.0
623.961,0.0
624.081,0.0
624.201,0.0
624.32,0.0
624.44,0.0
624.56,0.0
624.68,0.0
624.799,0.0
624.919,0.0
625.039,0.0
625.159,0.0
625.278,0.0
625.398,0.0
625.518,0.0
625.637,0.0
625.757,0.0
625.876,0.0
625.996,0.0
626.115,0.0
626.235,0.0
626.354,0.0
626.474,0.0
626.594,0.0
626.713,0.0
626.832,0.0
626.952,0.0
627.071,0.0
627.191,0.0
627.31,0.0
627.429,0.0
627.549,0.0
627.668,0.0
627.787,0.0
627.907,0.0
628.026,0.0
628.145,1.0255724809900407e-08
628.264,3.709308211974327e-08
628.384,6.265779822126682e-08
628.503,8.669739527396647e-08
628.622,1.0895099685719841e-07
628.741,1.2923178733226876e-07
628.86,1.474670744637236e-07
628.98,1.6356460097129866e-07
629.099,1.7725491548584144e-07
629.218,1.883238735885624e-07
629.337,1.9658034751433044e-07
629.456,2.019773896414016e-07
629.575,2.0455955539354392e-07
629.694,2.0438432737656923e-07
629.813,2.015048768577188e-07
629.932,1.9603484386878754e-07
630.051,1.8815243096623192e-07
630.17,1.7811335167408828e-07
630.289,1.6623462511746933e-07
630.408,1.5277911991177837e-07
630.527,1.3795367593811734e-07
630.646,1.2195074634046816e-07
630.764,1.0489129552678692e-07
630.883,8.688889907360384e-08
631.002,6.804063355069843e-08
631.121,4.8347994077768367e-08
631.24,2.778921496987455e-08
631.359,6.40941052974e-09
631.477,0.0
631.596,0.0
631.715,0.0
631.834,0.0
631.952,0.0
632.071,0.0
632.19,0.0
632.308,0.0
632.427,0.0
632.546,0.0
632.664,0.0
632.783,0.0
632.901,0.0
633.02,0.0
633.138,0.0
633.257,0.0
633.375,0.0
633.494,0.0
633.612,0.0
633.731,0.0
633.849,0.0
633.968,0.0
634.086,0.0
634.204,0.0
634.323,0.0
634.441,0.0
634.559,0.0
634.678,0.0
634.796,0.0
634.914,0.0
635.032,0.0
635.151,0.0
635.269,0.0
635.387,0.0
635.505,0.0
635.623,0.0
635.742,0.0
635.86,0.0
635.978,0.0
636.096,0.0
636.214,0.0
636.332,0.0
636.45,0.0
636.568,0.0
636.686,0.0
636.804,0.0
636.922,0.0
637.04,0.0
637.158,0.0
637.276,0.0
637.394,0.0
637.512,0.0
637.629,0.0
637.747,0.0
637.865,0.0
637.983,0.0
638.101,0.0
638.218,0.0
638.336,0.0
638.454,0.0
638.572,0.0
638.689,0.0
638.807,0.0
638.925,0.0
639.042,0.0
639.16,0.0
639.278,0.0
639.395,0.0
639.513,0.0
639.63,0.0
639.748,0.0
639.865,0.0
639.983,0.0
640.1,0.0
640.218,0.0
640.335,0.0
640.453,0.0
640.57,0.0
640.688,0.0
640.805,0.0
640.922,0.0
641.04,0.0
641.157,0.0
641.274,0.0
641.391,0.0
641.509,0.0
641.626,0.0
641.743,0.0
641.86,0.0
641.978,0.0
642.095,0.0
642.212,0.0
642.329,0.0
642.446,0.0
642.563,0.0
642.681,0.0
642.798,0.0
642.915,0.0
643.032,0.0
643.149,0.0
643.266,0.0
643.383,0.0
643.5,0.0
643.617,0.0
643.734,0.0
643.85,0.0
643.967,0.0
644.084,0.0
644.201,0.0
644.318,0.0
644.435,0.0
644.552,0.0
644.668,0.0
644.785,0.0
644.902,0.0
645.019,0.0
645.135,0.0
645.252,0.0
645.369,0.0
645.485,0.0
645.602,0.0
645.719,0.0
645.835,0.0
645.952,0.0
646.068,0.0
646.185,0.0
646.302,0.0
646.418,0.0
646.535,0.0
646.651,0.0
646.768,0.0
646.884,0.0
647.0,2.2319035459033575e-08
647.117,8.438339615242145e-08
647.233,1.3925802685167601e-07
647.35,1.8608070523968219e-07
647.466,2.2453209588519474e-07
647.582,2.542384139724263e-07
647.699,2.7494964208603333e-07
647.815,2.8659724356367776e-07
647.931,2.891978095489501e-07
648.047,2.8287243479029437e-07
648.164,2.6785391827025913e-07
648.28,2.444463904442434e-07
648.396,2.131302764920182e-07
648.512,1.7457318213441948e-07
648.629,1.294593539876372e-07
648.745,7.805028892224751e-08
648.861,2.093641622549281e-08
648.977,0.0
649.093,0.0
649.209,0.0
649.325,0.0
649.441,0.0
649.557,0.0
649.673,0.0
649.789,0.0
649.905,0.0
650.021,0.0
650.137,0.0
650.253,0.0
650.369,0.0
650.485,0.0
650.601,0.0
650.717,0.0
650.833,0.0
650.948,0.0
651.064,0.0
651.18,0.0
651.296,0.0
651.411,0.0
651.527,0.0
651.643,0.0
651.759,0.0
651.874,0.0
651.99,0.0
652.105,1.1408463345245666e-07
652.221,4.463230027609056e-07
652.337,8.303523600827511e-07
652.452,1.2731362312956358e-06
652.568,1.7773733950655687e-06
652.683,2.3447875336462056e-06
652.799,2.974795226625673e-06
652.914,3.6646485762368364e-06
653.03,4.416114173011972e-06
653.145,5.230219393642472e-06
653.261,6.107149436315913e-06
653.376,7.047217991913501e-06
653.492,8.052931493739261e-06
653.607,9.130638844955144e-06
653.722,1.0297649063577904e-05
653.838,1.1573550607048456e-05
653.953,1.2963195134048628e-05
654.068,1.446932049972686e-05
654.184,1.6089292897670945e-05
654.299,1.781967236357643e-05
654.414,1.9670255809084113e-05
654.53,2.164542533345047e-05
654.645,2.3741067210726153e-05
654.76,2.5941682389019075e-05
654.875,2.8267847478876998e-05
654.99,3.075369619002163e-05
655.106,3.3477652548399706e-05
655.221,3.650881771065076e-05
655.336,3.9905919945407e-05
655.451,4.368480516987146e-05
655.566,4.7933006205330734e-05
655.681,5.281024803027373e-05
655.796,5.840409185714192e-05
655.911,6.4908538989072e-05
656.026,7.178390929696026e-05
656.141,7.823169374203992e-05
656.256,8.325639309298127e-05
656.371,8.477413721974915e-05
656.486,8.26821731392905e-05
656.601,7.939205446272264e-05
656.716,7.572561699698794e-05
656.831,7.132207721356805e-05
656.946,6.678664114776401e-05
657.06,6.240458419178072e-05
657.175,5.823403825829499e-05
657.29,5.4459537770211074e-05
657.405,5.096462833945928e-05
657.52,4.7798818248835264e-05
657.634,4.493125362321291e-05
657.749,4.2300666874262624e-05
657.864,3.9895051523999216e-05
657.979,3.764618055272902e-05
658.093,3.55049674971516e-05
658.208,3.344341707093145e-05
658.323,3.1478266777271266e-05
658.437,2.9601451278901655e-05
658.552,2.7823804147760815e-05
658.666,2.613943150643336e-05
658.781,2.453388755963371e-05
658.895,2.301080251997642e-05
659.01,2.1576163329794562e-05
659.125,2.023320133715836e-05
659.239,1.8965462414954772e-05
659.353,1.7759256672227784e-05
659.468,1.6605004368235477e-05
659.582,1.54947879276829e-05
659.697,1.4422899535572877e-05
659.811,1.338726729863792e-05
659.926,1.2387280383822786e-05
660.04,1.1422434144534538e-05
660.154,1.0491473728122961e-05
660.269,9.591975298371392e-06
660.383,8.725716978559487e-06
660.497,7.898832633833574e-06
660.612,7.1169670204811545e-06
660.726,6.3813769912588495e-06
660.84,5.690961584361845e-06
660.954,5.043735989017923e-06
661.068,4.442388065176822e-06
661.183,3.888733090416277e-06
661.297,3.3827903179006315e-06
661.411,2.9234078395142117e-06
661.525,2.5081877030735592e-06
661.639,2.133502643118424e-06
661.753,1.795544477514622e-06
661.867,1.4904773248158603e-06
661.981,1.2150098105605882e-06
662.095,9.66887182732476e-07
662.209,7.407600484979839e-07
662.323,5.326020579763897e-07
662.437,3.391546617336531e-07
662.551,1.5832170224139492e-07
662.665,0.0
662.779,0.0
662.893,0.0
663.007,0.0
663.121,0.0
663.235,0.0
663.349,0.0
663.462,0.0
663.576,0.0
663.69,0.0
663.804,0.0
663.917,0.0
664.031,0.0
664.145,0.0
664.258,0.0
664.372,0.0
664.486,0.0
664.599,0.0
664.713,0.0
664.827,0.0
664.94,0.0
665.054,0.0
665.167,0.0
665.281,0.0
665.394,0.0
665.508,0.0
665.621,0.0
665.735,0.0
665.848,0.0
665.961,0.0
666.075,0.0
666.188,0.0
666.301,0.0
666.415,0.0
666.528,0.0
666.641,0.0
666.755,0.0
666.868,0.0
666.981,0.0
667.094,0.0
667.207,0.0
667.321,0.0
667.434,0.0
667.547,0.0
667.66,0.0
667.773,0.0
667.886,0.0
667.999,0.0
668.112,0.0
668.225,0.0
668.338,0.0
668.451,0.0
668.564,0.0
668.677,0.0
668.79,0.0
668.903,0.0
669.016,0.0
669.129,0.0
669.242,0.0
669.354,0.0
669.467,0.0
669.58,0.0
669.693,0.0
669.806,0.0
669.918,0.0
670.031,0.0
670.144,0.0
670.256,0.0
670.369,0.0
670.482,0.0
670.594,0.0
670.707,0.0
670.82,0.0
670.932,0.0
671.045,0.0
671.157,0.0
671.27,0.0
671.382,0.0
671.495,0.0
671.607,0.0
671.72,0.0
671.832,0.0
671.944,0.0
672.057,0.0
672.169,0.0
672.281,0.0
672.394,0.0
672.506,0.0
672.618,0.0
672.731,0.0
672.843,0.0
672.955,0.0
673.067,0.0
673.18,0.0
673.292,0.0
673.404,0.0
673.516,0.0
673.628,0.0
673.74,0.0
673.852,0.0
673.964,0.0
674.076,0.0
674.188,0.0
674.3,0.0
674.412,1.4924382698351416e-08
674.524,3.4530626503162485e-08
674.636,5.101749058372979e-08
674.748,6.431586248109752e-08
674.86,7.440264064170076e-08
674.972,8.127145061317188e-08
675.084,8.494550927292502e-08
675.196,8.539278805582256e-08
675.307,8.253051273387485e-08
675.419,7.637296688589577e-08
675.531,6.696148130894985e-08
675.643,5.443053280413648e-08
675.755,3.89933233522965e-08
675.866,2.0810948497045144e-08
675.978,2.4599576137151407e-11
676.09,0.0
676.201,0.0
676.313,0.0
676.425,0.0
676.536,0.0
676.648,0.0
676.759,0.0
676.871,0.0
676.983,0.0
677.094,0.0
677.206,0.0
677.317,0.0
677.429,0.0
677.54,0.0
677.651,0.0
677.763,0.0
677.874,0.0
677.986,0.0
678.097,0.0
678.208,0.0
678.32,0.0
678.431,0.0
678.542,0.0
678.653,0.0
678.765,0.0
678.876,0.0
678.987,0.0
679.098,0.0
679.209,0.0
679.32,0.0
679.432,0.0
679.543,0.0
679.654,0.0
679.765,0.0
679.876,0.0
679.987,0.0
680.098,0.0
680.209,0.0
680.32,0.0
680.431,0.0
680.542,0.0
680.653,0.0
680.763,0.0
680.874,0.0
680.985,0.0
681.096,0.0
681.207,0.0
681.318,0.0
681.428,0.0
681.539,0.0
681.65,0.0
681.76,0.0
681.871,0.0
681.982,0.0
682.093,0.0
682.203,0.0
682.314,0.0
682.424,0.0
682.535,0.0
682.646,0.0
682.756,0.0
682.867,0.0
682.977,0.0
683.088,0.0
683.198,0.0
683.308,0.0
683.419,0.0
683.529,0.0
683.64,0.0
683.75,0.0
683.86,0.0
683.971,0.0
684.081,0.0
684.191,0.0
684.301,0.0
684.412,0.0
684.522,0.0
684.632,0.0
684.742,0.0
684.852,0.0
684.963,0.0
685.073,3.4147847273416118e-09
685.183,1.1121332664831023e-08
685.293,1.7897310149771245e-08
685.403,2.3605856927366283e-08
685.513,2.8162350655610268e-08
685.623,3.156370583304795e-08
685.733,3.3834036735198395e-08
685.843,3.50229007101759e-08
685.953,3.521549987685289e-08
686.063,3.444248481556787e-08
686.173,3.270962091086215e-08
686.283,3.003036359752722e-08
686.393,2.640525273169002e-08
686.503,2.1844858962035927e-08
686.612,1.637917297257781e-08
686.722,1.0042640696088492e-08
686.832,2.851014822144665e-09
686.942,0.0
687.052,0.0
687.161,0.0
687.271,0.0
687.381,0.0
687.491,0.0
687.6,0.0
687.71,0.0
687.82,0.0
687.929,0.0
688.039,0.0
688.148,0.0
688.258,0.0
688.367,0.0
688.477,0.0
688.586,0.0
688.696,0.0
688.805,0.0
688.915,0.0
689.024,0.0
689.134,0.0
689.243,0.0
689.352,0.0
689.462,0.0
689.571,0.0
689.68,0.0
689.79,0.0
689.899,0.0
690.008,0.0
690.117,0.0
690.227,0.0
690.336,0.0
690.445,0.0
690.554,0.0
690.663,0.0
690.772,0.0
690.881,0.0
690.99,0.0
691.099,0.0
691.209,0.0
691.318,0.0
691.427,0.0
691.536,0.0
691.644,0.0
691.753,0.0
691.862,0.0
691.971,0.0
692.08,0.0
692.189,0.0
692.298,0.0
692.406,0.0
692.515,0.0
692.624,0.0
692.733,0.0
692.842,0.0
692.95,0.0
693.059,0.0
693.168,0.0
693.276,0.0
693.385,0.0
693.494,0.0
693.602,0.0
693.711,0.0
693.819,0.0
693.928,0.0
694.036,0.0
694.145,0.0
694.253,0.0
694.362,0.0
694.47,0.0
694.579,0.0
694.687,0.0
694.795,0.0
694.693,0.0
694.893,0.0
695.093,0.0
695.293,0.0
695.492,0.0
695.692,0.0
695.891,0.0
696.091,0.0
696.291,0.0
696.49,0.0
696.69,7.64519556907475e-08
696.889,6.7349528206167e-08
697.089,6.21631981909111e-08
697.288,1.1077073962121848e-07
697.488,2.825507055342885e-07
697.687,5.028248316423356e-07
697.887,7.001480077322052e-07
698.086,8.856593968341433e-07
698.286,9.99291912028976e-07
698.485,1.0607180266119434e-06
698.684,1.0748848437140122e-06
698.884,1.0454891140216977e-06
699.083,9.843914549873564e-07
699.282,9.087845059922968e-07
699.482,8.293436013698191e-07
699.681,7.415693991664824e-07
699.88,6.782686550944086e-07
700.08,6.469138028969808e-07
700.279,6.44016201768114e-07
700.478,6.731264695622765e-07
700.677,7.17871573662785e-07
700.877,7.716831972176049e-07
701.076,8.31405882585416e-07
701.275,8.951959722163833e-07
701.474,9.447122652568801e-07
701.673,9.71769569611311e-07
701.872,9.758347718526611e-07
702.071,9.61999277740792e-07
702.271,9.324174390085528e-07
702.47,8.82212737883256e-07
702.669,8.129024987405637e-07
702.868,7.288862800298166e-07
703.067,6.317248602829451e-07
703.266,5.204501832227751e-07
703.465,3.9288533323068405e-07
703.664,2.4031586837468525e-07
703.863,6.89273240609907e-08
704.062,0.0
704.26,0.0
704.459,0.0
704.658,0.0
704.857,0.0
705.056,0.0
705.255,0.0
705.454,0.0
705.652,0.0
705.851,0.0
706.05,0.0
706.249,0.0
706.447,0.0
706.646,0.0
706.845,0.0
707.043,0.0
707.242,0.0
707.441,0.0
707.639,0.0
707.838,0.0
708.037,0.0
708.235,0.0
708.434,0.0
708.632,0.0
708.831,0.0
709.029,0.0
709.228,0.0
709.426,0.0
709.625,0.0
709.823,0.0
710.022,0.0
710.22,0.0
710.418,0.0
710.617,0.0
710.815,0.0
711.013,0.0
711.212,0.0
711.41,0.0
711.608,0.0
711.807,4.3840219749043743e-08
712.005,1.637562808380022e-07
712.203,2.8306110383233044e-07
712.401,4.053774061185531e-07
712.599,5.323710075091474e-07
712.798,6.646985739892218e-07
712.996,8.010912560873162e-07
713.194,9.210963040623677e-07
713.392,9.954564202296505e-07
713.59,9.986886702829817e-07
713.788,9.522102858025239e-07
713.986,8.824787199132139e-07
714.184,8.32627292394472e-07
714.382,8.423081874922279e-07
714.58,9.105922905373308e-07
714.778,1.1514294600014781e-06
714.976,1.7327435434901244e-06
715.174,2.8006010166819647e-06
715.372,4.2963676954664664e-06
715.57,5.951374859201514e-06
715.768,7.300262416836466e-06
715.966,7.915738744937227e-06
716.164,7.796974254981692e-06
716.362,7.058281210991553e-06
716.56,6.044132505397283e-06
716.758,5.096999350852245e-06
716.955,4.27225868787447e-06
717.153,3.6395656751332924e-06
717.351,3.169391817893107e-06
717.549,2.810097352661814e-06
717.746,2.562438326376577e-06
717.944,2.4079979864687965e-06
718.142,2.3193568601701147e-06
718.34,2.2728369024096585e-06
718.537,2.249991027934555e-06
718.735,2.2270214170042374e-06
718.933,2.1950359806002603e-06
719.13,2.150267074999087e-06
719.328,2.0936959200864215e-06
719.525,2.0286811921799993e-06
719.723,1.8802763340079267e-06
719.92,1.6524406651240373e-06
720.118,2.0038654396268748e-06
720.316,2.9310004627189643e-06
720.513,4.6005251415219775e-07
720.711,1.3587947406262443e-06
720.908,1.660001304062021e-06
721.105,1.3647471014242076e-06
721.303,1.1355441706525122e-06
721.5,9.735483795862905e-07
721.698,8.038012732822335e-07
721.895,6.316586470509362e-07
722.092,4.628152605220816e-07
722.29,3.0226177823633484e-07
722.487,1.508957329166431e-07
722.684,9.419261043640741e-09
722.882,0.0
723.079,0.0
723.276,0.0
723.473,0.0
723.671,0.0
723.868,0.0
724.065,0.0
724.262,0.0
724.459,0.0
724.656,0.0
724.854,0.0
725.051,0.0
725.248,0.0
725.445,0.0
725.642,0.0
725.839,0.0
726.036,0.0
726.233,0.0
726.43,0.0
726.627,0.0
726.824,0.0
727.021,0.0
727.218,0.0
727.414,0.0
727.611,0.0
727.808,0.0
728.005,0.0
728.202,0.0
728.399,0.0
728.595,0.0
728.792,0.0
728.989,0.0
729.186,3.898769346660272e-08
729.382,7.887771135026335e-08
729.579,1.1307082061849528e-07
729.776,1.4063053428149384e-07
729.972,1.60861290598208e-07
730.169,1.7336030552565333e-07
730.366,1.7810073404085288e-07
730.562,1.752121492154689e-07
730.759,1.64958683292356e-07
730.955,1.4780300663513758e-07
731.152,1.2435236682590229e-07
731.348,9.514446695911573e-08
731.545,6.031410024771539e-08
731.741,1.972227608503314e-08
731.938,0.0
732.134,0.0
732.331,0.0
732.527,0.0
732.724,0.0
732.92,0.0
733.116,0.0
733.313,0.0
733.509,0.0
733.705,0.0
733.902,0.0
734.098,0.0
734.294,0.0
734.49,0.0
734.687,0.0
734.883,0.0
735.079,0.0
735.275,0.0
735.471,0.0
735.667,0.0
735.863,0.0
736.06,0.0
736.256,0.0
736.452,0.0
736.648,0.0
736.844,0.0
737.04,0.0
737.236,0.0
737.432,0.0
737.628,0.0
737.824,0.0
738.019,0.0
738.215,0.0
738.411,0.0
738.607,0.0
738.803,0.0
738.999,2.6677939738237936e-07
739.195,7.99662267519348e-07
739.39,1.423742588570115e-06
739.586,2.120864297654185e-06
739.782,2.8579347299299336e-06
739.978,3.56549835589185e-06
740.173,4.174373937903821e-06
740.369,4.689901751898139e-06
740.565,5.088986488308042e-06
740.76,5.472845961244182e-06
740.956,5.859705514562382e-06
741.152,6.160847888282723e-06
741.347,6.478967682738696e-06
741.543,6.48874186231855e-06
741.738,6.466093974588646e-06
741.934,9.10572889407222e-06
742.129,1.6509113850768965e-05
742.325,2.6899695574393695e-05
742.52,3.744006370639511e-05
742.716,2.9399355494144122e-05
742.911,2.4745209685713377e-05
743.107,2.195608022401084e-05
743.302,2.0270617830574225e-05
743.498,2.0077615409486427e-05
743.693,2.147412705772812e-05
743.888,2.6714486675803304e-05
744.084,4.089046980316304e-05
744.279,6.75075487217005e-05
744.474,7.045017696885261e-05
744.67,5.3289983583084586e-05
744.865,4.246576426067189e-05
745.06,3.5467368689618966e-05
745.255,3.114344572212447e-05
745.451,2.8535749644572004e-05
745.646,2.6742847516904312e-05
745.841,2.5727688676447334e-05
746.036,2.5660622989891098e-05
746.231,2.8272509006550697e-05
746.426,3.693468765357435e-05
746.622,5.3495645529129664e-05
746.817,9.535556607355213e-05
747.012,0.00011778014182647285
747.207,9.271188716894765e-05
747.402,7.582003627236471e-05
747.597,6.444946564163546e-05
747.792,5.648664469084919e-05
747.987,5.0383987447391177e-05
748.182,4.5243143222841966e-05
748.377,4.0678524062619166e-05
748.572,3.64172271274764e-05
748.767,3.2591268484937706e-05
748.961,2.9411072604231184e-05
749.156,2.6765596472538796e-05
749.351,2.4586480192391446e-05
749.546,2.2723948211263636e-05
749.741,2.1080950031237088e-05
749.936,1.9655789433493386e-05
750.13,1.8428543208126284e-05
750.325,1.7353554092118784e-05
750.52,1.6341918232343834e-05
750.715,1.5375777716240438e-05
750.909,1.4414685601808573e-05
751.104,1.3448827808930842e-05
751.299,1.2479029707853148e-05
751.493,1.1496104053512246e-05
751.688,1.0493570529008105e-05
751.882,9.475972301235733e-06
752.077,8.459756754648307e-06
752.272,7.444181593001752e-06
752.466,6.4409991551927214e-06
752.661,5.463773880758058e-06
752.855,4.524253874644232e-06
753.05,3.6369843711994295e-06
753.244,2.8183001282021717e-06
753.439,2.0814952233819153e-06
753.633,1.4360057979236664e-06
753.828,8.789612168058015e-07
754.022,4.0831276054069267e-07
754.216,1.748138209159781e-08
754.411,0.0
754.605,0.0
754.799,0.0
754.994,0.0
755.188,0.0
755.382,0.0
755.576,0.0
755.771,0.0
755.965,0.0
756.159,0.0
756.353,0.0
756.547,0.0
756.742,0.0
756.936,0.0
757.13,0.0
757.324,0.0
757.518,0.0
757.712,0.0
757.906,0.0
758.1,0.0
758.294,0.0
758.488,0.0
758.682,0.0
758.876,0.0
759.07,0.0
759.264,0.0
759.458,0.0
759.651,0.0
759.845,0.0
760.039,0.0
760.233,0.0
760.427,0.0
760.62,0.0
760.814,0.0
761.008,0.0
761.202,8.188163668977443e-08
761.395,4.2657334905422966e-07
761.589,7.509469567731672e-07
761.783,1.0296928255893725e-06
761.976,1.239579142108895e-06
762.17,1.3877849246625786e-06
762.363,1.4739955011001863e-06
762.557,1.5061097325504615e-06
762.75,1.4765062393226832e-06
762.944,1.3882250371973868e-06
763.138,1.2471363778689597e-06
763.331,1.0795580960803356e-06
763.524,9.957013239025861e-07
763.718,9.541014863059887e-07
763.911,2.9540759513414734e-07
764.105,0.0
764.298,6.025781704635229e-07
764.492,0.0
764.685,0.0
764.878,0.0
765.072,0.0
765.265,0.0
765.458,0.0
765.651,0.0
765.845,0.0
766.038,9.246938487853262e-07
766.231,9.368717671006084e-06
766.424,6.081505858101118e-05
766.617,6.626198911925258e-05
766.811,6.1666237875487126e-06
767.004,8.187461635346932e-08
767.197,0.0
767.39,0.0
767.583,0.0
767.776,0.0
767.969,0.0
768.162,0.0
768.355,0.0
768.548,0.0
768.741,0.0
768.934,0.0
769.127,0.0
769.32,5.360139098663448e-07
769.513,4.812530207898758e-06
769.706,1.7800170855542712e-05
769.898,5.957775808756557e-05
770.091,2.7873495922155337e-05
770.284,5.0021544395502315e-06
770.477,6.047514145349059e-06
770.67,5.367986862462174e-06
770.862,4.702639927642773e-06
771.055,5.253038152712173e-06
771.248,5.890405630946867e-06
771.441,6.238858940987007e-06
771.633,6.8159181906077635e-06
771.826,7.491690686242918e-06
772.018,8.311636109913159e-06
772.211,9.263964194820393e-06
772.404,9.553841342279665e-06
772.596,9.214596054378235e-06
772.789,1.2621281556109502e-05
772.981,1.245773040388376e-05
773.174,1.3096382634396359e-05
773.366,1.455927687511907e-05
773.559,1.614321358771554e-05
773.751,1.7884759140691363e-05
773.944,1.9927802669507193e-05
774.136,2.2234900785850605e-05
774.329,2.4758914114431518e-05
774.521,2.752871208535014e-05
774.713,3.0658943564880346e-05
774.906,3.43401205881183e-05
775.098,3.843070114245921e-05
775.29,4.3854449942099736e-05
775.483,5.387388607660925e-05
775.675,5.8962545575049373e-05
775.867,7.387413370724943e-05
776.059,8.331403305422621e-05
776.251,0.00010178240054915375
776.444,0.00012923025436063204
776.636,0.00016386808095930307
776.828,0.00022811168513158113
777.02,0.000359280103465392
777.212,0.0005730167627764994
777.404,0.0006490786178115054
777.596,0.0005937868122129539
777.788,0.00041395581750079436
777.98,0.00029639828294153193
778.172,0.0002260628369066501
778.364,0.00018166590223087564
778.556,0.00014739626334734718
778.748,0.00012203722072018984
778.94,0.00010684012055386637
779.132,9.073996178256068e-05
779.324,7.721911143784294e-05
779.516,6.654930266928817e-05
779.708,5.759098833822116e-05
779.9,5.016651673553295e-05
780.091,4.4114791711333724e-05
780.283,3.90076089754306e-05
780.475,3.457506590782475e-05
780.667,3.0677831609888135e-05
780.859,2.7242655550612137e-05
781.05,2.423764710375386e-05
781.242,2.1643306824469636e-05
781.434,1.9342804619749503e-05
781.625,1.7259030573398222e-05
781.817,1.5352159555418345e-05
782.008,1.3599310313948758e-05
782.2,1.1985406074812806e-05
782.392,1.0481362423239677e-05
782.583,9.082742736258944e-06
782.775,7.769785492210014e-06
782.966,6.566678401926053e-06
783.158,5.485167544740778e-06
783.349,4.525453485489686e-06
783.541,3.6806460248785104e-06
783.732,2.9447103630822587e-06
783.924,2.3185224407578167e-06
784.115,1.791140066224471e-06
784.306,1.3511051117125623e-06
784.498,9.785238683368263e-07
784.689,6.600637694621529e-07
784.88,3.8769191615677544e-07
785.072,1.5493168708834903e-07
785.263,0.0
785.454,0.0
785.645,0.0
785.837,0.0
786.028,0.0
786.219,0.0
786.41,0.0
786.601,0.0
786.792,0.0
786.984,0.0
787.175,0.0
787.366,0.0
787.557,0.0
787.748,0.0
787.939,0.0
788.13,0.0
788.321,0.0
788.512,0.0
788.703,0.0
788.894,0.0
789.084,0.0
789.275,0.0
789.466,0.0
789.657,0.0
789.848,0.0
790.039,0.0
790.229,3.2990978434459813e-07
790.42,7.413836348551179e-07
790.611,1.1013095803913902e-06
790.801,1.4149645155373021e-06
790.992,1.6899589171969676e-06
791.183,1.932656773012403e-06
791.373,2.1612899231898835e-06
791.564,2.400806693009095e-06
791.755,2.6817699358605624e-06
791.945,3.014487928444619e-06
792.136,3.406257076650288e-06
792.326,3.854269710226762e-06
792.517,4.342490134258321e-06
792.707,4.901567566858852e-06
792.898,5.533169671012374e-06
793.088,6.252057580029865e-06
793.279,7.162050504001692e-06
793.469,8.299007588456686e-06
793.66,9.814158071563513e-06
793.85,1.2099277548808035e-05
794.04,1.5405009182684116e-05
794.231,2.064140697669578e-05
794.421,2.956792441631333e-05
794.611,4.32146314936483e-05
794.802,6.21795607718092e-05
794.992,7.193804423802947e-05
795.182,7.358754457119453e-05
795.372,6.73317314592169e-05
795.563,5.102838551958992e-05
795.753,4.094190808536033e-05
795.943,3.3198239812516826e-05
796.133,2.6949465131019535e-05
796.323,2.2616831677106806e-05
796.513,1.963677574990586e-05
796.703,1.7398900853711802e-05
796.893,1.5667921139482545e-05
797.083,1.4175241382679477e-05
797.273,1.2857834624069952e-05
797.463,1.1586976138613505e-05
797.653,1.0325122204003171e-05
797.843,9.725024776224101e-06
798.033,9.739860052593355e-06
798.223,6.407600678169065e-06
798.413,6.452280508142973e-06
798.603,5.955259758468621e-06
798.793,4.9140371249828355e-06
798.983,3.9755380024311905e-06
799.172,3.128904912119307e-06
799.362,2.2864486357300198e-06
799.552,1.4541121621477868e-06
799.742,6.342216784606241e-07
799.932,0.0
800.121,0.0
800.311,0.0
800.501,0.0
800.69,0.0
800.88,0.0
801.07,0.0
801.259,0.0
801.449,0.0
801.638,0.0
801.828,0.0
802.017,0.0
802.207,0.0
802.396,0.0
802.586,0.0
802.775,0.0
802.965,0.0
803.154,0.0
803.343,0.0
803.533,0.0
803.722,0.0
803.911,0.0
804.101,0.0
804.29,0.0
804.479,0.0
804.668,0.0
804.857,0.0
805.047,0.0
805.236,0.0
805.425,0.0
805.614,0.0
805.803,0.0
805.992,0.0
806.181,0.0
806.37,0.0
806.559,0.0
806.748,0.0
806.937,0.0
807.126,0.0
807.315,0.0
807.504,0.0
807.693,0.0
807.882,0.0
808.071,0.0
808.26,0.0
808.448,0.0
808.637,0.0
808.826,0.0
809.015,0.0
809.203,0.0
809.392,0.0
809.581,0.0
809.77,0.0
809.958,0.0
810.147,0.0
810.335,0.0
810.524,0.0
810.713,2.371461575536003e-07
810.901,5.276306684181903e-07
811.09,7.530582254528995e-07
811.278,9.1162689800447e-07
811.467,1.605592262450754e-06
811.655,2.833552526034053e-06
811.844,9.790502943985296e-07
812.032,2.221267107201665e-06
812.22,2.938524784731525e-06
812.409,3.149653177723964e-06
812.597,3.4658844552163684e-06
812.785,3.87223010434341e-06
812.974,4.3095085363542474e-06
813.162,4.785067881079903e-06
813.35,5.3065734218229325e-06
813.539,5.904449384350412e-06
813.727,6.5959936635322234e-06
813.915,7.380753286446188e-06
814.103,8.288851389927677e-06
814.291,9.376429493808155e-06
814.479,1.0670692579717822e-05
814.668,1.2213031286191414e-05
814.856,1.4038848304342262e-05
815.044,1.6184135156221118e-05
815.232,1.874044815374148e-05
815.42,2.1731839110078543e-05
815.608,2.5196906872287403e-05
815.796,2.918003746778867e-05
815.984,3.363949821313514e-05
816.172,3.8707756967897056e-05
816.36,4.456576040312677e-05
816.548,5.1380991443508576e-05
816.736,5.955021271946292e-05
816.924,6.95023521527533e-05
817.111,8.109778583855258e-05
817.299,9.441666217572126e-05
817.487,0.00011199766698041436
817.675,0.0001389806068752159
817.863,0.00018019840250053132
818.05,0.0002770904808172729
818.238,0.0004994869953240481
818.426,0.000675618567145278
818.613,0.0005105319957630423
818.801,0.00041756078355839556
818.989,0.00039677272662432184
819.176,0.0004337630669364356
819.364,0.0005996003077796095
819.552,0.0007837436814420733
819.739,0.0006166619241898094
819.927,0.0004664741338640977
820.114,0.0003796162439231812
820.302,0.00032661313851344487
820.489,0.0002854125330903187
820.677,0.00025985501958343494
820.864,0.00023964668111089258
821.052,0.00022913978518886215
821.239,0.00023081504184730111
821.426,0.00022836399533774333
821.614,0.00026257461536738325
821.801,0.00027245356272023616
821.988,0.0002354608149254546
822.176,0.0002211425051797565
822.363,0.00022460074435442406
822.55,0.0002021005428313579
822.737,0.00017246172697299916
822.924,0.00015601852889223633
823.112,0.00014404118987067704
823.299,0.00013093550864872266
823.486,0.00011846104675750592
823.673,0.00010982666713591158
823.86,0.00010574920791165056
824.047,0.00010569869857461347
824.234,0.00012295478582412085
824.421,0.0001218329728054527
824.608,0.00010186365443797915
824.795,8.674154007219297e-05
824.982,7.587901795982287e-05
825.169,6.826921378765658e-05
825.356,6.201356069903351e-05
825.543,5.635796703579193e-05
825.73,5.136991324709988e-05
825.917,4.688175393906284e-05
826.104,4.2913834784883763e-05
826.29,3.9443967820901446e-05
826.477,3.6340126848423036e-05
826.664,3.353858738857006e-05
826.851,3.0960734415616356e-05
827.038,2.8555053812821936e-05
827.224,2.632092034204423e-05
827.411,2.42338987238552e-05
827.598,2.227354837276902e-05
827.784,2.0443749728475412e-05
827.971,1.8705818605035582e-05
828.157,1.705105882335731e-05
828.344,1.5470953252329278e-05
828.531,1.3962555726255847e-05
828.717,1.2521393414682182e-05
828.904,1.1144835620357201e-05
829.09,9.837059471895413e-06
829.277,8.590105716221678e-06
829.463,7.4060685206588666e-06
829.65,6.291180403174058e-06
829.836,5.256055753554514e-06
830.022,4.304790728739383e-06
830.209,3.441855619021026e-06
830.395,2.672890417489012e-06
830.581,1.995157600865066e-06
830.768,1.403888595691902e-06
830.954,8.964874797147835e-07
831.14,4.6118034060877885e-07
831.327,8.863953066751756e-08
831.513,0.0
831.699,0.0
831.885,0.0
832.071,0.0
832.257,0.0
832.444,0.0
832.63,0.0
832.816,0.0
833.002,0.0
833.188,0.0
833.374,0.0
833.56,0.0
833.746,0.0
833.932,0.0
834.118,0.0
834.303,0.0
834.489,0.0
834.675,0.0
834.861,0.0
835.047,0.0
835.233,0.0
835.418,0.0
835.604,0.0
835.79,0.0
835.976,0.0
836.161,0.0
836.347,0.0
836.533,0.0
836.718,0.0
836.904,0.0
837.089,0.0
837.275,0.0
837.46,0.0
837.646,0.0
837.831,0.0
838.017,0.0
838.202,0.0
838.388,0.0
838.573,0.0
838.759,0.0
838.944,0.0
839.129,0.0
839.315,0.0
839.5,0.0
839.685,0.0
839.87,0.0
840.056,0.0
840.241,0.0
840.426,0.0
840.611,0.0
840.796,0.0
840.981,0.0
841.166,2.7639617114644304e-07
841.352,8.123784882584507e-07
841.537,1.4519841769593857e-06
841.722,2.2338139771412558e-06
841.907,3.187509656837255e-06
842.092,4.305602342279698e-06
842.277,5.519870330667357e-06
842.461,6.697496244313092e-06
842.646,7.855579926915123e-06
842.831,9.109651433122404e-06
843.016,1.0666444802893376e-05
843.201,1.2832095120459839e-05
843.386,1.568329606115125e-05
843.571,1.9236562762174036e-05
843.755,2.3579719161813897e-05
843.94,2.9932237768786706e-05
844.125,4.127571836644274e-05
844.31,5.966471187170357e-05
844.494,9.795607881167761e-05
844.679,0.00015480652979235144
844.864,0.00014960492849250316
845.048,0.00011000288540639734
845.233,8.13380375863481e-05
845.418,6.284953532282808e-05
845.602,5.077561131316967e-05
845.787,4.1611457269597464e-05
845.971,3.434927840275316e-05
846.156,2.865722564058513e-05
846.34,2.4059071013033678e-05
846.525,2.0407547097457804e-05
846.709,1.753127498932785e-05
846.893,1.5147929599767837e-05
847.078,1.309580405150074e-05
847.262,1.1249446210203444e-05
847.447,9.539368061889175e-06
847.631,8.004628720412641e-06
847.815,6.663693839290019e-06
848.0,5.498438332899155e-06
848.184,4.501127500173024e-06
848.368,3.6349415813614676e-06
848.552,2.872331709473296e-06
848.736,2.1865139839657583e-06
848.921,1.5663793868411193e-06
849.105,9.880681044670652e-07
849.289,4.2923023770351957e-07
849.473,0.0
849.657,0.0
849.841,0.0
850.025,0.0
850.209,0.0
850.393,0.0
850.577,0.0
850.761,0.0
850.945,0.0
851.129,0.0
851.313,0.0
851.497,0.0
851.68,0.0
851.864,0.0
852.048,0.0
852.232,0.0
852.416,0.0
852.599,0.0
852.783,0.0
852.967,0.0
853.15,0.0
853.334,0.0
853.518,0.0
853.701,0.0
853.885,0.0
854.068,0.0
854.252,0.0
854.435,0.0
854.619,0.0
854.802,0.0
854.986,0.0
855.169,0.0
855.353,0.0
855.536,0.0
855.719,0.0
855.903,0.0
856.086,0.0
856.269,0.0
856.452,0.0
856.636,4.303876902771244e-07
856.819,1.2586147903005307e-06
857.002,1.4968575590759184e-06
857.185,1.1202901493291354e-06
857.368,1.2257159009441314e-07
857.552,0.0
857.735,0.0
857.918,0.0
858.101,0.0
858.284,0.0
858.467,0.0
858.65,0.0
858.833,5.045356096347415e-07
859.016,2.436732237113138e-06
859.199,5.694424947201905e-06
859.382,9.704190094166667e-06
859.564,1.212117428088295e-05
859.747,1.1623265126150555e-05
859.93,9.368694226372363e-06
860.113,7.4476156900519574e-06
860.296,6.323710648719711e-06
860.478,5.355804259091262e-06
860.661,4.448409956862464e-06
860.844,3.534133079182911e-06
861.027,2.5965817277658187e-06
861.209,1.8429890275429452e-06
861.392,1.3451590674402495e-06
861.575,1.1930165672735517e-06
861.757,1.3313269293380056e-06
861.94,1.749719213805437e-06
862.122,2.71987547247852e-06
862.305,4.381467879920773e-06
862.487,7.4847837631728154e-06
862.67,1.3501425089463207e-05
862.852,2.4129497963610822e-05
863.035,4.1692279856810353e-05
863.217,3.797032692200468e-05
863.4,3.1582549804990154e-05
863.582,2.489965675644901e-05
863.764,1.9663886494983627e-05
863.947,1.6159710230908847e-05
864.129,1.409565704501735e-05
864.311,1.2948957554131454e-05
864.493,1.229353406854688e-05
864.676,1.198641191445982e-05
864.858,1.2019656912855502e-05
865.04,1.2492013003637904e-05
865.222,1.34119314583395e-05
865.404,1.4715416672406699e-05
865.587,1.6236523491453895e-05
865.769,1.764260061967604e-05
865.951,1.8741747906037827e-05
866.133,1.9607915123897654e-05
866.315,2.0392362528756327e-05
866.497,2.1476216456584945e-05
866.679,2.33676565997635e-05
866.861,2.6099084403717002e-05
867.043,2.9667243384965694e-05
867.225,3.435637285887558e-05
867.407,4.115366645643113e-05
867.589,5.348632962046e-05
867.77,7.555329943997417e-05
867.952,0.00012931476598722246
868.134,0.00018554498057590687
868.316,0.0001841155601070543
868.498,0.00016940610644433754
868.679,0.0001432819074103289
868.861,0.00010783552417367605
869.043,8.266702667983171e-05
869.224,6.917628354209984e-05
869.406,5.6887909678990155e-05
869.588,4.816321382223846e-05
869.769,4.3490420653248933e-05
869.951,4.233571110108536e-05
870.132,4.569179240185575e-05
870.314,5.502135305649705e-05
870.495,5.60722226627222e-05
870.677,4.713447804827227e-05
870.858,4.555684149082424e-05
871.04,5.075549840675679e-05
871.221,6.282829023716273e-05
871.403,5.6007474493723387e-05
871.584,4.927634031700013e-05
871.765,4.720302417662274e-05
871.947,5.3783426273519395e-05
872.128,4.4421731909007245e-05
872.309,3.462337116243091e-05
872.491,2.6994154751684577e-05
872.672,2.3115518341319602e-05
872.853,2.1070059394849478e-05
873.034,1.8707430674972053e-05
873.215,1.587688894031043e-05
873.396,1.3151678234288354e-05
873.578,1.0808071035736279e-05
873.759,8.951298027227928e-06
873.94,7.5642577481940605e-06
874.121,6.428866269811245e-06
874.302,5.405710025810053e-06
874.483,4.44885201380841e-06
874.664,3.5851802420852082e-06
874.845,2.8419748351075367e-06
875.026,2.1967093906451363e-06
875.207,1.6255662066031694e-06
875.388,1.0995766604166168e-06
875.568,6.185638788906433e-07
875.749,1.8887792433717448e-07
875.93,0.0
876.111,0.0
876.292,0.0
876.472,0.0
876.653,0.0
876.834,0.0
877.015,0.0
877.195,0.0
877.376,0.0
877.556,0.0
877.737,0.0
877.918,0.0
878.098,0.0
878.279,0.0
878.459,0.0
878.64,0.0
878.82,0.0
879.0,0.0
879.181,0.0
879.361,0.0
879.542,0.0
879.722,0.0
879.902,0.0
880.083,0.0
880.263,0.0
880.443,1.6037293382548202e-07
880.623,2.9977445104148666e-06
880.803,4.555395279482696e-06
880.984,2.813768624124942e-06
881.164,0.0
881.344,0.0
881.524,0.0
881.704,0.0
881.884,4.707543025230815e-07
882.064,1.347096117121071e-06
882.244,1.8213397238151123e-06
882.424,2.027450841429904e-06
882.604,1.9863619005728518e-06
882.784,1.8503454419101565e-06
882.964,1.7072259079574596e-06
883.144,1.5415415203394292e-06
883.324,1.3537134613853897e-06
883.504,1.1725929479702984e-06
883.683,1.0224192332848626e-06
883.863,9.035316237134355e-07
884.043,8.163392053803008e-07
884.223,7.374946711775547e-07
884.402,6.498708594145533e-07
884.582,5.545018070388182e-07
884.762,4.5260692002386274e-07
884.941,3.420839905610026e-07
885.121,2.2136661215749113e-07
885.301,9.169610486785452e-08
885.48,0.0
885.66,0.0
885.839,0.0
886.019,0.0
886.198,0.0
886.378,0.0
886.557,0.0
886.737,0.0
886.916,0.0
887.095,0.0
887.275,0.0
887.454,0.0
887.633,0.0
887.813,0.0
887.992,0.0
888.171,0.0
888.35,0.0
888.53,0.0
888.709,0.0
888.888,0.0
889.067,0.0
889.246,0.0
889.425,0.0
889.604,0.0
889.783,0.0
889.962,0.0
890.141,0.0
890.32,0.0
890.499,0.0
890.678,0.0
890.857,0.0
891.036,0.0
891.214,0.0
891.393,0.0
891.572,0.0
891.751,0.0
891.93,0.0
892.108,0.0
892.287,0.0
892.466,0.0
892.644,0.0
892.823,0.0
893.001,0.0
893.18,0.0
893.359,0.0
893.537,0.0
893.716,0.0
893.894,0.0
894.073,0.0
894.251,0.0
894.429,0.0
894.608,0.0
894.786,0.0
894.964,0.0
895.143,0.0
895.321,0.0
895.499,0.0
895.677,0.0
895.856,0.0
896.034,0.0
896.212,0.0
896.39,0.0
896.568,0.0
896.746,0.0
896.924,0.0
897.102,0.0
897.28,0.0
897.458,0.0
897.636,0.0
897.814,0.0
897.992,0.0
898.17,0.0
898.348,0.0
898.526,0.0
898.704,0.0
898.882,0.0
899.059,0.0
899.237,0.0
899.415,0.0
899.593,0.0
899.77,2.0651603089437823e-08
899.948,4.905174608431187e-07
900.125,9.76053818299543e-07
900.303,1.4627855978059836e-06
900.481,1.9354182951363517e-06
900.658,2.3818608121778767e-06
900.836,2.795652769702974e-06
901.013,3.1795696737284733e-06
901.191,3.5427026064821357e-06
901.368,3.896189781999089e-06
901.546,4.225143602848401e-06
901.723,4.530155822620979e-06
901.901,4.815538617416507e-06
902.078,5.097087293953752e-06
902.255,5.371016177244716e-06
902.433,5.590127598775678e-06
902.61,5.71794873424964e-06
902.787,5.737971794848427e-06
902.964,5.738419712938153e-06
903.142,5.714649983302788e-06
903.319,5.63292233706683e-06
903.496,5.482534800917984e-06
903.673,5.150075543943237e-06
903.85,4.977653764829996e-06
904.027,5.598849080057331e-06
904.204,7.439295067352474e-06
904.381,1.1557205535733386e-05
904.558,1.8051249740811497e-05
904.735,2.3712272759252016e-05
904.912,2.563350365551835e-05
905.089,2.4277712260781118e-05
905.266,2.1056388721496035e-05
905.443,1.6980483636131777e-05
905.62,1.332275463045439e-05
905.797,1.0803284881514581e-05
905.974,9.327720852220621e-06
906.151,8.755473262162554e-06
906.327,8.595030677082507e-06
906.504,8.436830929768272e-06
906.681,8.258326061924225e-06
906.858,7.97317347649155e-06
907.034,7.63218064146955e-06
907.211,7.303700248880465e-06
907.388,6.9582681881926536e-06
907.564,6.601262208250969e-06
907.741,6.253676378156266e-06
907.917,5.935605805734954e-06
908.094,5.65512843888684e-06
908.271,5.417446103477274e-06
908.447,5.200477411740571e-06
908.623,4.9785013938988436e-06
908.8,4.742457783935106e-06
908.976,4.4791860392983615e-06
909.153,4.176206000465652e-06
909.329,3.826483715813374e-06
909.505,3.432563187575025e-06
909.682,3.000623032208117e-06
909.858,2.5424593841783253e-06
910.034,2.070625606065057e-06
910.211,1.5953629717533139e-06
910.387,1.1268039449353445e-06
910.563,6.740030310134264e-07
910.739,2.4330882221212965e-07
910.915,0.0
911.091,0.0
911.268,0.0
911.444,0.0
911.62,0.0
911.796,0.0
911.972,0.0
912.148,0.0
912.324,0.0
912.5,0.0
912.676,0.0
912.851,0.0
913.027,0.0
913.203,0.0
913.379,0.0
913.555,0.0
913.73,0.0
913.906,0.0
914.082,0.0
914.258,0.0
914.433,0.0
914.609,0.0
914.784,0.0
914.96,0.0
915.136,0.0
915.311,0.0
915.487,0.0
915.662,0.0
915.838,0.0
916.013,0.0
916.189,0.0
916.364,0.0
916.539,0.0
916.715,0.0
916.89,0.0
917.065,0.0
917.24,0.0
917.416,0.0
917.591,0.0
917.766,0.0
917.941,0.0
918.116,0.0
918.292,0.0
918.467,0.0
918.642,0.0
918.817,0.0
918.992,1.1904858531150621e-07
919.167,3.3201679004867775e-07
919.342,4.962310516181672e-07
919.517,6.168203791355337e-07
919.692,6.678333251223847e-07
919.867,5.969420747594868e-07
920.041,3.028388133296789e-07
920.216,0.0
920.391,0.0
920.566,0.0
920.741,7.255595118744138e-08
920.915,1.8867931192877737e-06
921.09,5.765542526871898e-06
921.265,1.646197661942419e-05
921.439,2.079875689928359e-05
921.614,1.396488692629607e-05
921.789,9.099308728232271e-06
921.963,5.775062187895425e-06
922.138,3.981895709262893e-06
922.312,4.234062099856091e-06
922.487,6.306844712463736e-06
922.661,9.936614367049197e-06
922.836,1.403872897412109e-05
923.01,1.531396323712554e-05
923.185,1.2447133081136983e-05
923.359,8.921071881250834e-06
923.534,8.640029679394518e-06
923.708,1.0662258122192993e-05
923.882,1.1654079867557823e-05
924.057,1.1155741292241054e-05
924.231,1.0264401106455257e-05
924.405,9.251008195873454e-06
924.579,8.394681302922523e-06
924.753,7.855562332125467e-06
924.928,7.474449775909978e-06
925.102,7.280788228739679e-06
925.276,7.344261691812342e-06
925.45,7.740690281370101e-06
925.624,8.548646339955381e-06
925.798,9.866519132402368e-06
925.972,1.179501065086392e-05
926.146,1.4343542788220518e-05
926.32,1.7367936060519744e-05
926.494,2.0420426438852764e-05
926.668,2.288000273498878e-05
926.842,2.4226560780597056e-05
927.016,2.428259554123586e-05
927.19,2.3247515827355178e-05
927.363,2.1585418224967815e-05
927.537,1.97821187305004e-05
927.711,1.8124123814719837e-05
927.885,1.671911440120661e-05
928.058,1.554282121842863e-05
928.232,1.4548822457110204e-05
928.406,1.3695541177151854e-05
928.579,1.2960408922551793e-05
928.753,1.2317980574191021e-05
928.927,1.1725178897684278e-05
929.1,1.116523920765488e-05
929.274,1.061716735746463e-05
929.447,1.0079960082434878e-05
929.621,9.552534442941363e-06
929.794,9.028350277728974e-06
929.968,8.50781843977573e-06
930.141,7.989007218800755e-06
930.315,7.467946435617844e-06
930.488,6.93736491102263e-06
930.661,6.389996155015148e-06
930.835,5.816923144500811e-06
931.008,5.2123800793829145e-06
931.181,4.5740948664240744e-06
931.354,3.905995390578566e-06
931.528,3.2126400661107676e-06
931.701,2.5030562486488547e-06
931.874,1.7887568148092898e-06
932.047,1.0818730811483526e-06
932.22,3.943350584557725e-07
932.393,0.0
932.566,0.0
932.739,0.0
932.912,0.0
933.085,0.0
933.258,0.0
933.431,0.0
933.604,0.0
933.777,0.0
933.95,0.0
934.123,0.0
934.296,0.0
934.468,0.0
934.641,0.0
934.814,0.0
934.987,0.0
935.159,0.0
935.332,0.0
935.505,0.0
935.677,0.0
935.85,0.0
936.022,0.0
936.195,0.0
936.367,1.269298568084237e-07
936.54,6.014451509434096e-07
936.712,1.0744507210642677e-06
936.885,1.5302249639551893e-06
937.057,2.0519196741784497e-06
937.229,2.7294339392841504e-06
937.402,3.517087951090478e-06
937.574,4.410781789907551e-06
937.746,5.372811485077071e-06
937.919,6.361086537570814e-06
938.091,7.935454077946609e-06
938.263,1.0492391835971763e-05
938.435,1.4932923214521589e-05
938.608,2.2043850545153665e-05
938.78,2.8538360983344477e-05
938.952,3.1358881245446726e-05
939.124,3.4343654723644095e-05
939.296,4.410532148200597e-05
939.468,4.533328068275695e-05
939.64,3.6688427904389465e-05
939.812,2.9410089092276885e-05
939.984,2.3309657883651632e-05
940.156,1.8440076512526136e-05
940.328,1.4971458512234083e-05
940.5,1.2605203705568702e-05
940.672,1.095622121255501e-05
940.843,9.758993543542142e-06
941.015,8.845425656399277e-06
941.187,8.186919304782795e-06
941.359,7.673258580778066e-06
941.531,7.259245434887071e-06
941.702,6.908216371462241e-06
941.874,6.566577266541488e-06
942.046,6.200162385779178e-06
942.217,5.799666704978849e-06
942.389,5.381522352709393e-06
942.56,4.943952471081417e-06
942.732,4.506154445941794e-06
942.904,4.065963525975694e-06
943.075,3.6215275905273075e-06
943.247,3.1794722681428004e-06
943.418,2.740692797194633e-06
943.589,2.3054231634306297e-06
943.761,1.8628429420735503e-06
943.932,1.4139280116173375e-06
944.104,9.64298407569609e-07
944.275,5.248822457032095e-07
944.446,1.064625687949549e-07
944.617,0.0
944.789,0.0
944.96,0.0
945.131,0.0
945.302,0.0
945.473,0.0
945.645,0.0
945.816,0.0
945.987,0.0
946.158,0.0
946.329,0.0
946.5,0.0
946.671,0.0
946.842,0.0
947.013,0.0
947.183,0.0
947.354,0.0
947.525,0.0
947.696,0.0
947.867,0.0
948.037,0.0
948.208,0.0
948.379,0.0
948.55,0.0
948.72,0.0
948.891,0.0
949.061,0.0
949.232,0.0
949.403,0.0
949.573,0.0
949.744,0.0
949.914,3.276032105127079e-08
950.085,6.311382411849921e-08
950.255,8.888075971583915e-08
950.425,1.092580119483169e-07
950.596,1.237273017268335e-07
950.766,1.3208177192960597e-07
950.936,1.3449946654214377e-07
951.107,1.3134603526981105e-07
951.277,1.2309005156261445e-07
951.447,1.1023876321705484e-07
951.617,9.330753738131681e-08
951.788,7.282164261434095e-08
951.958,4.9315547815896434e-08
952.128,2.3294356091429965e-08
952.298,0.0
952.468,0.0
952.638,0.0
952.808,0.0
952.978,0.0
953.148,0.0
953.318,0.0
953.488,0.0
953.658,0.0
953.828,0.0
953.998,0.0
954.167,0.0
954.337,0.0
954.507,0.0
954.677,0.0
954.846,0.0
955.016,0.0
955.186,0.0
955.355,0.0
955.525,0.0
955.695,0.0
955.864,0.0
956.034,0.0
956.203,0.0
956.373,0.0
956.542,0.0
956.711,0.0
956.881,0.0
957.05,0.0
957.22,0.0
957.389,0.0
957.558,0.0
957.727,0.0
957.897,0.0
958.066,0.0
958.235,0.0
958.404,0.0
958.573,0.0
958.743,0.0
958.912,0.0
959.081,0.0
959.25,0.0
959.419,0.0
959.588,0.0
959.757,0.0
959.926,0.0
960.094,0.0
960.263,0.0
960.432,0.0
960.601,0.0
960.77,0.0
960.939,0.0
961.107,0.0
961.276,0.0
961.445,0.0
961.613,0.0
961.782,0.0
961.951,0.0
962.119,0.0
962.288,0.0
962.456,0.0
962.625,0.0
962.793,0.0
962.962,0.0
963.13,0.0
963.298,0.0
963.467,0.0
963.635,0.0
963.803,0.0
963.972,0.0
964.14,0.0
964.308,0.0
964.477,0.0
964.645,0.0
964.813,0.0
964.981,0.0
965.149,0.0
965.317,0.0
965.485,0.0
965.653,0.0
965.821,1.617175973653202e-08
965.989,4.153198172397734e-08
966.157,6.577969199553228e-08
966.325,8.884665406375897e-08
966.493,1.106884739124618e-07
966.661,1.312563795408964e-07
966.829,1.504725138916038e-07
966.996,1.682390118795313e-07
967.164,1.8446346822269828e-07
967.332,1.9909636994893505e-07
967.5,2.1212692546585957e-07
967.667,2.2353892073019256e-07
967.835,2.3331085430624478e-07
968.003,2.414049712562012e-07
968.17,2.4781758886990087e-07
968.338,2.526108529968268e-07
968.505,2.5584452172080485e-07
968.673,2.575823375766703e-07
968.841,2.5786861151130303e-07
969.008,2.567214992970077e-07
969.175,2.542017707104072e-07
969.343,2.504034524733114e-07
969.51,2.4540555442913626e-07
969.678,2.392669655413629e-07
969.845,2.3202990099904333e-07
970.012,2.2371692727994496e-07
970.18,2.143772163793541e-07
970.347,2.040982171534728e-07
970.514,1.929586281873715e-07
970.681,1.8101708511548156e-07
970.849,1.683027597090256e-07
971.016,1.548246555878224e-07
971.183,1.4060951663191173e-07
971.35,1.2570778813556283e-07
971.517,1.101788765568689e-07
971.684,9.407126258836657e-08
971.851,7.74039777981097e-08
972.018,6.018188410678029e-08
972.185,4.244223110759129e-08
972.352,2.425744327365078e-08
972.519,5.702038172044383e-09
972.686,0.0
972.853,0.0
973.02,0.0
973.186,0.0
973.353,0.0
973.52,0.0
973.687,0.0
973.853,0.0
974.02,0.0
974.187,0.0
974.353,0.0
974.52,0.0
974.687,0.0
974.853,0.0
975.02,0.0
975.186,0.0
975.353,0.0
975.519,0.0
975.685,0.0
975.852,0.0
976.018,0.0
976.184,0.0
976.351,0.0
976.517,0.0
976.683,0.0
976.849,0.0
977.016,0.0
977.182,0.0
977.348,0.0
977.514,0.0
977.68,0.0
977.846,0.0
978.012,0.0
978.178,0.0
978.344,0.0
978.51,0.0
978.676,0.0
978.842,0.0
979.008,0.0
979.174,0.0
979.34,0.0
979.505,0.0
979.671,0.0
979.837,0.0
980.003,0.0
980.168,0.0
980.334,0.0
980.499,0.0
980.665,0.0
980.831,0.0
980.996,0.0
981.162,0.0
981.327,0.0
981.493,0.0
981.658,0.0
981.823,0.0
981.989,2.507262013758653e-09
982.154,2.7738030398972334e-08
982.319,5.287311950458365e-08
982.485,7.781271738475935e-08
982.65,1.0242266035331207e-07
982.815,1.2658936948450556e-07
982.98,1.5019835559715304e-07
983.146,1.7312233084786583e-07
983.311,1.9528342786192959e-07
983.476,2.1662385644188034e-07
983.641,2.3706910036243215e-07
983.806,2.5656263585332306e-07
983.971,2.7506929435983365e-07
984.136,2.925455047526573e-07
984.301,3.08968763679297e-07
984.466,3.2434040292579106e-07
984.631,3.3862985726837e-07
984.796,3.5181293039865173e-07
984.961,3.6389062756317543e-07
985.126,3.7484776898641836e-07
985.291,3.84684895743064e-07
985.455,3.934069965075808e-07
985.62,4.009931632453296e-07
985.785,4.074162387762739e-07
985.95,4.1264412964318114e-07
986.114,4.166261561876888e-07
986.279,4.1931162730642395e-07
986.444,4.2065934428183344e-07
986.608,4.2060564890941417e-07
986.773,4.19094294302637e-07
986.937,4.160912025811697e-07
987.102,4.1156919876838946e-07
987.266,4.055453499674627e-07
987.431,3.9807210443338904e-07
987.595,3.891898342087088e-07
987.76,3.789459130429069e-07
987.924,3.674106904218727e-07
988.088,3.546461499664648e-07
988.253,3.407397239663674e-07
988.417,3.257996781887463e-07
988.581,3.098924738445616e-07
988.746,2.930735683799774e-07
988.91,2.7540263774624754e-07
989.074,2.5691883532793236e-07
989.238,2.3766197541273103e-07
989.402,2.1768690428077353e-07
989.566,1.9702202547993145e-07
989.731,1.7567121032962632e-07
989.895,1.5365765837459314e-07
990.059,1.309844777077082e-07
990.223,1.0765253649064344e-07
990.387,8.369039987384042e-08
990.551,5.909524586998566e-08
990.714,3.385652192604603e-08
990.878,7.965838831051108e-09
991.042,0.0
991.206,0.0
991.37,0.0
991.534,0.0
991.697,0.0
991.861,0.0
992.025,0.0
992.188,0.0
992.352,0.0
992.516,0.0
992.679,0.0
992.843,0.0
993.006,0.0
993.17,0.0
993.333,0.0
993.497,0.0
993.66,0.0
993.824,0.0
993.987,0.0
994.15,0.0
994.314,0.0
994.477,0.0
994.64,0.0
994.803,0.0
994.967,0.0
995.13,0.0
995.293,0.0
995.456,0.0
995.619,0.0
995.782,0.0
995.945,0.0
996.108,0.0
996.271,0.0
996.434,0.0
996.597,0.0
996.76,0.0
996.923,0.0
997.086,0.0
997.248,0.0
997.411,0.0
997.574,0.0
997.737,0.0
997.899,0.0
998.062,0.0
998.225,0.0
998.387,0.0
998.55,0.0
998.712,0.0
998.875,0.0
999.037,0.0
999.2,0.0
999.362,0.0
999.525,0.0
999.687,0.0
999.849,0.0
