237.496,0.0
237.566,0.0
237.636,0.0
237.705,0.0
237.775,3.2258567468985265e-07
237.845,7.077896619388638e-07
237.914,4.5009446545649737e-07
237.984,2.6419510275965707e-07
238.054,3.199091361929381e-07
238.123,4.943245873203947e-07
238.193,6.579226470386898e-07
238.263,7.122891069625473e-07
238.332,6.276800880722654e-07
238.402,4.599211499586643e-07
238.471,3.0289077402986944e-07
238.541,1.7373353712207026e-07
238.611,7.641663223653561e-08
238.68,3.1184728305326496e-09
238.75,0.0
238.819,0.0
238.889,0.0
238.958,0.0
239.028,0.0
239.097,0.0
239.167,0.0
239.237,0.0
239.306,0.0
239.376,0.0
239.445,0.0
239.515,0.0
239.584,0.0
239.654,0.0
239.723,0.0
239.793,0.0
239.862,0.0
239.932,0.0
240.001,0.0
240.07,0.0
240.14,0.0
240.209,0.0
240.279,0.0
240.348,9.447005127730922e-09
240.418,3.710146028966345e-08
240.487,6.068691480813345e-08
240.556,7.877854152759955e-08
240.626,9.073064494718387e-08
240.695,9.69104361672706e-08
240.765,9.860716606653232e-08
240.834,9.63625733821858e-08
240.903,9.125979866715837e-08
240.973,8.425209031033285e-08
241.042,7.598714574621825e-08
241.112,6.813154991425025e-08
241.181,6.170537629461832e-08
241.25,5.736656141743426e-08
241.32,5.564415956312451e-08
241.389,5.659964485869939e-08
241.458,5.983254110423681e-08
241.528,6.497381992860974e-08
241.597,7.216104745927842e-08
241.666,8.143638399863767e-08
241.736,9.289483739264034e-08
241.805,1.0649999802391234e-07
241.874,1.220738616834771e-07
241.943,1.3932723249170785e-07
242.013,1.579297037615189e-07
242.082,1.7760843182675716e-07
242.151,1.9815885610148882e-07
242.221,2.1941091485171194e-07
242.29,2.4117519669534616e-07
242.359,2.632834047959672e-07
242.428,2.8562138426088814e-07
242.498,3.0813788249857704e-07
242.567,3.3078072523164973e-07
242.636,3.5370118731230726e-07
242.705,3.7696420290068026e-07
242.774,4.0058339711713226e-07
242.844,4.245786938942482e-07
242.913,4.4883645264580707e-07
242.982,4.730860406184048e-07
243.051,4.972296634903186e-07
243.12,5.210988147469324e-07
243.19,5.445000783398719e-07
243.259,5.672500953976315e-07
243.328,5.889898773820507e-07
243.397,6.09426508102131e-07
243.466,6.282728085329934e-07
243.535,6.452629769751181e-07
243.605,6.601978852770285e-07
243.674,6.729742087495757e-07
243.743,6.83527671762073e-07
243.812,6.917996229875307e-07
243.881,6.977151937776386e-07
243.95,7.011400202926181e-07
244.019,7.019820820478257e-07
244.088,7.001880225709101e-07
244.158,6.957261151182751e-07
244.227,6.885786608100006e-07
244.296,6.787218234842165e-07
244.365,6.661221797721121e-07
244.434,6.507786665130841e-07
244.503,6.327489764254946e-07
244.572,6.121085502072029e-07
244.641,5.889371452149892e-07
244.71,5.633208388553249e-07
244.779,5.353555241247719e-07
244.848,5.051321990429514e-07
244.917,4.727632635717355e-07
244.986,4.383810116823975e-07
245.055,4.021104842161151e-07
245.124,3.640950161003286e-07
245.193,3.245339142240118e-07
245.262,2.836330218039722e-07
245.331,2.4163350924928825e-07
245.4,1.9879292632612414e-07
245.469,1.5536577287090012e-07
245.538,1.1160200191195199e-07
245.607,6.773922481646632e-08
245.676,2.4032180481456053e-08
245.745,0.0
245.814,0.0
245.883,0.0
245.952,0.0
246.021,0.0
246.09,0.0
246.159,0.0
246.227,0.0
246.296,0.0
246.365,0.0
246.434,0.0
246.503,0.0
246.572,0.0
246.641,0.0
246.71,0.0
246.779,0.0
246.847,0.0
246.916,0.0
246.985,0.0
247.054,0.0
247.123,0.0
247.192,0.0
247.26,0.0
247.329,0.0
247.398,0.0
247.467,0.0
247.536,0.0
247.604,0.0
247.673,0.0
247.742,0.0
247.811,0.0
247.879,0.0
247.948,0.0
248.017,0.0
248.086,0.0
248.154,0.0
248.223,0.0
248.292,0.0
248.361,0.0
248.429,0.0
248.498,0.0
248.567,0.0
248.635,0.0
248.704,0.0
248.773,0.0
248.841,0.0
248.91,0.0
248.979,0.0
249.047,0.0
249.116,1.4347221105549342e-08
249.185,4.425131268108912e-08
249.253,7.440455996013205e-08
249.322,1.0477332090036792e-07
249.39,1.3533757456281724e-07
249.459,1.6608919955698478e-07
249.528,1.970115619545384e-07
249.596,2.280937269508546e-07
249.665,2.593243105010032e-07
249.733,2.9069842248331665e-07
249.802,3.222182500379969e-07
249.871,3.5387819096472705e-07
249.939,3.8563335662286466e-07
250.008,4.174160860816882e-07
250.076,4.4915117662088574e-07
250.145,4.807354398205528e-07
250.213,5.120622085081346e-07
250.282,5.430076848304122e-07
250.35,5.734031548279598e-07
250.419,6.030614032165546e-07
250.487,6.31813856072042e-07
250.556,6.594833849488705e-07
250.624,6.85873867337081e-07
250.693,7.107771731732405e-07
250.761,7.339478798997598e-07
250.83,7.551392068098215e-07
250.898,7.741219949120064e-07
250.967,7.906706436920383e-07
251.035,8.045631959169571e-07
251.104,8.155644467516078e-07
251.172,8.234410090476805e-07
251.241,8.279691813767012e-07
251.309,8.289382826022043e-07
251.378,8.261629093800666e-07
251.446,8.194722285958148e-07
251.514,8.087146690298151e-07
251.583,7.937376643157433e-07
251.651,7.74407991989886e-07
251.72,7.506345514578287e-07
251.788,7.223381409853262e-07
251.856,6.894717991347978e-07
251.925,6.520165634306339e-07
251.993,6.099571394146433e-07
252.062,5.633003758377945e-07
252.13,5.121071148197069e-07
252.198,4.5646373656829505e-07
252.267,3.9647451784340127e-07
252.335,3.3229521347937944e-07
252.403,2.6409412746758036e-07
252.472,1.9205038814031191e-07
252.54,1.1638310714730895e-07
252.608,3.732404832023191e-08
252.677,0.0
252.745,0.0
252.813,0.0
252.881,0.0
252.95,0.0
253.018,0.0
253.086,0.0
253.155,0.0
253.223,0.0
253.291,0.0
253.359,0.0
253.428,0.0
253.496,0.0
253.564,0.0
253.632,0.0
253.7,0.0
253.769,0.0
253.837,0.0
253.905,0.0
253.973,0.0
254.041,0.0
254.11,0.0
254.178,0.0
254.246,0.0
254.314,0.0
254.382,0.0
254.45,0.0
254.518,0.0
254.587,0.0
254.655,0.0
254.723,0.0
254.791,0.0
254.859,0.0
254.927,0.0
254.995,0.0
255.063,0.0
255.131,0.0
255.199,0.0
255.267,0.0
255.336,0.0
255.404,0.0
255.472,0.0
255.54,0.0
255.608,0.0
255.676,0.0
255.744,0.0
255.812,0.0
255.88,0.0
255.948,0.0
256.016,0.0
256.084,0.0
256.152,0.0
256.22,0.0
256.288,0.0
256.356,0.0
256.424,0.0
256.491,0.0
256.559,0.0
256.627,0.0
256.695,0.0
256.763,0.0
256.831,0.0
256.899,0.0
256.967,0.0
257.035,0.0
257.103,0.0
257.171,0.0
257.238,0.0
257.306,0.0
257.374,0.0
257.442,0.0
257.51,0.0
257.578,0.0
257.646,0.0
257.713,0.0
257.781,0.0
257.849,0.0
257.917,0.0
257.985,0.0
258.052,0.0
258.12,0.0
258.188,0.0
258.256,0.0
258.324,0.0
258.391,0.0
258.459,0.0
258.527,0.0
258.595,0.0
258.662,0.0
258.73,0.0
258.798,0.0
258.865,0.0
258.933,0.0
259.001,0.0
259.069,0.0
259.136,0.0
259.204,0.0
259.272,0.0
259.339,0.0
259.407,0.0
259.475,0.0
259.542,0.0
259.61,0.0
259.677,0.0
259.745,0.0
259.813,0.0
259.88,0.0
259.948,0.0
260.016,0.0
260.083,0.0
260.151,0.0
260.218,0.0
260.286,0.0
260.353,0.0
260.421,0.0
260.489,0.0
260.556,0.0
260.624,0.0
260.691,0.0
260.759,0.0
260.826,0.0
260.894,0.0
260.961,0.0
261.029,0.0
261.096,0.0
261.164,0.0
261.231,0.0
261.299,0.0
261.366,0.0
261.434,0.0
261.501,0.0
261.568,0.0
261.636,0.0
261.703,0.0
261.771,0.0
261.838,0.0
261.906,0.0
261.973,1.235188839658761e-08
262.04,2.5052554839270558e-08
262.108,3.740907277143363e-08
262.175,4.9398204576409437e-08
262.243,6.102890496287368e-08
262.31,7.230021086649207e-08
262.377,8.318354672173992e-08
262.445,9.36546384648006e-08
262.512,1.0367878914042541e-07
262.579,1.1321166839664725e-07
262.647,1.222494209050234e-07
262.714,1.307692220146769e-07
262.781,1.3870904481660075e-07
262.849,1.4603175440188767e-07
262.916,1.5269986805856808e-07
262.983,1.5868353516081032e-07
263.051,1.6399611440694125e-07
263.118,1.6864501196563807e-07
263.185,1.726149143987937e-07
263.252,1.7591615355758905e-07
263.32,1.7856116624298818e-07
263.387,1.805489101123338e-07
263.454,1.818710345793768e-07
263.522,1.8244605802155388e-07
263.589,1.8215045932473377e-07
263.656,1.8088677991714747e-07
263.723,1.7855025447140318e-07
263.79,1.750790816444621e-07
263.858,1.7047153191102762e-07
263.925,1.6475878853418307e-07
263.992,1.5805720710771793e-07
264.059,1.5058011130850816e-07
264.126,1.426224019221279e-07
264.194,1.3455724948208346e-07
264.261,1.2685673582212147e-07
264.328,1.2007480477890598e-07
264.395,1.1484489037807712e-07
264.462,1.1192298554735211e-07
264.529,1.121911372415213e-07
264.597,1.1667091463392416e-07
264.664,1.2654801849880464e-07
264.731,1.431481117113135e-07
264.798,1.6788860979737454e-07
264.865,2.0227430360521506e-07
264.932,2.478444653919604e-07
264.999,3.06049454224985e-07
265.066,3.781627898033221e-07
265.133,4.651644291210765e-07
265.201,5.67617027864861e-07
265.268,6.856268100859644e-07
265.335,8.187803229992449e-07
265.402,9.660934447881712e-07
265.469,1.126066172618201e-06
265.536,1.2967714608117039e-06
265.603,1.4759992283474219e-06
265.67,1.6614461387838373e-06
265.737,1.8507794758250754e-06
265.804,2.041707146212991e-06
265.871,2.2321413416829416e-06
265.938,2.420216044569925e-06
266.005,2.6043544604101668e-06
266.072,2.78331270884523e-06
266.139,2.95606761812491e-06
266.206,3.121805629441111e-06
266.273,3.2799591181877708e-06
266.34,3.430177517102135e-06
266.407,3.5722954763876194e-06
266.474,3.706333775181723e-06
266.541,3.83243015922833e-06
266.608,3.950778179309153e-06
266.675,4.061621765237436e-06
266.742,4.165198465966807e-06
266.808,4.261704572318228e-06
266.875,4.3513137546008274e-06
266.942,4.434149935156136e-06
267.009,4.510278839066035e-06
267.076,4.579706930047201e-06
267.143,4.642400382142693e-06
267.21,4.698340531543217e-06
267.277,4.74753808794714e-06
267.344,4.79001785103986e-06
267.41,4.825788192327404e-06
267.477,4.854854380492608e-06
267.544,4.877219790664422e-06
267.611,4.8928981046309575e-06
267.678,4.9019089626883055e-06
267.745,4.904183694496925e-06
267.811,4.899549911063045e-06
267.878,4.887837463404937e-06
267.945,4.868919976088133e-06
268.012,4.842695751610368e-06
268.079,4.809130162780371e-06
268.145,4.7681930214153624e-06
268.212,4.719838729929293e-06
268.279,4.6641216766452725e-06
268.346,4.601180323169851e-06
268.412,4.531157506522277e-06
268.479,4.454178323630655e-06
268.546,4.370312983976677e-06
268.613,4.2795658920887885e-06
268.679,4.1819363244220085e-06
268.746,4.0774648417565946e-06
268.813,3.96624906040552e-06
268.879,3.848462559648168e-06
268.946,3.724364634621561e-06
269.013,3.5942896004037976e-06
269.079,3.4586911913040915e-06
269.146,3.318131433066977e-06
269.213,3.173299752554625e-06
269.28,3.025011278831311e-06
269.346,2.8741126596883367e-06
269.413,2.721501832522068e-06
269.479,2.568176576676067e-06
269.546,2.415228362318117e-06
269.613,2.263813572043224e-06
269.679,2.115130169080738e-06
269.746,1.9703078882033182e-06
269.813,1.8303437026824083e-06
269.879,1.6961625452347043e-06
269.946,1.5685366818592568e-06
270.012,1.4479650204948558e-06
270.079,1.3346076887069134e-06
270.145,1.2282735896581122e-06
270.212,1.128442219974722e-06
270.279,1.0344058249868223e-06
270.345,9.453478263399994e-07
270.412,8.603080905617178e-07
270.478,7.782800547552688e-07
270.545,6.982890908503018e-07
270.611,6.194983747475462e-07
270.678,5.412923574469021e-07
270.744,4.632627150211574e-07
270.811,3.851541442178169e-07
270.877,3.0679566759609973e-07
270.944,2.2805507687575655e-07
271.01,1.4887011221917006e-07
271.077,6.925387334484562e-08
271.143,0.0
271.21,0.0
271.276,0.0
271.342,0.0
271.409,0.0
271.475,0.0
271.542,0.0
271.608,0.0
271.675,0.0
271.741,0.0
271.807,0.0
271.874,0.0
271.94,0.0
272.007,0.0
272.073,0.0
272.139,0.0
272.206,0.0
272.272,0.0
272.338,0.0
272.405,0.0
272.471,0.0
272.537,0.0
272.604,0.0
272.67,0.0
272.736,0.0
272.802,0.0
272.869,0.0
272.935,0.0
273.001,0.0
273.068,0.0
273.134,0.0
273.2,0.0
273.266,0.0
273.333,0.0
273.399,0.0
273.465,0.0
273.531,0.0
273.597,0.0
273.664,0.0
273.73,0.0
273.796,0.0
273.862,0.0
273.928,0.0
273.995,0.0
274.061,0.0
274.127,0.0
274.193,0.0
274.259,0.0
274.325,0.0
274.391,0.0
274.457,0.0
274.524,0.0
274.59,0.0
274.656,0.0
274.722,0.0
274.788,0.0
274.854,0.0
274.92,0.0
274.986,0.0
275.052,5.449558842453128e-08
275.118,1.921287113984983e-07
275.184,3.4224198859865275e-07
275.25,5.081143503297779e-07
275.316,6.918197112754798e-07
275.382,8.971927569662999e-07
275.448,1.1281788986226647e-06
275.514,1.389655715393524e-06
275.58,1.6873993474691571e-06
275.646,2.023255405880698e-06
275.712,2.402353217982044e-06
275.778,2.829140651446381e-06
275.844,3.3063555787316177e-06
275.91,3.827065779295346e-06
275.976,4.388153201219466e-06
276.042,4.986029838051545e-06
276.108,5.621491474039386e-06
276.174,6.292071931070882e-06
276.24,6.998717008416399e-06
276.306,7.750636453765506e-06
276.372,8.553341853163113e-06
276.437,9.426898879159261e-06
276.503,1.038615360370533e-05
276.569,1.1446512396010448e-05
276.635,1.2607843350718938e-05
276.701,1.3874062081697416e-05
276.767,1.5231890975229746e-05
276.833,1.6585440885711018e-05
276.899,1.79081320703841e-05
276.964,1.9228567759743316e-05
277.03,2.0565718552546728e-05
277.096,2.2162144083582663e-05
277.162,2.416875417978117e-05
277.228,2.6483435153810714e-05
277.293,2.936268427253494e-05
277.359,3.256828176507814e-05
277.425,3.615969526059178e-05
277.491,4.499402370079161e-05
277.557,6.673514132312402e-05
277.622,0.00010457510457560301
277.688,0.00010349615145491477
277.754,0.00011023168180869092
277.82,0.00012824287055949042
277.885,0.00015965984856347622
277.951,0.00020505818321950935
278.017,0.00017141531651142832
278.083,0.0001448379549956315
278.148,0.00013600386519128658
278.214,0.0001389030328657342
278.28,0.00014896100364050028
278.345,0.00012838005577039488
278.411,0.00011885516150021618
278.477,0.00012547832289593142
278.542,0.00013652411853791663
278.608,0.00015285200046264482
278.674,0.0001744611065494159
278.739,0.00020242422941158116
278.805,0.00024141974584009085
278.871,0.00029669091377476794
278.936,0.0003913705539104207
279.002,0.0005889994830213751
279.067,0.0007846734581674225
279.133,0.0007677404624156846
279.199,0.0006962164550237975
279.264,0.000724157307633629
279.33,0.0008387403810075233
279.395,0.001063616886512277
279.461,0.001284524674230834
279.527,0.001391853959727333
279.592,0.0013533663067135026
279.658,0.0011937049980581533
279.723,0.0011760373361295773
279.789,0.0012055963974597532
279.854,0.0010897147153080202
279.92,0.0009107180521759322
279.985,0.0008320812390062343
280.051,0.0008484728481761822
280.116,0.0009887737377989605
280.182,0.001225362125337841
280.247,0.0013411125421375607
280.313,0.0011899365096950138
280.378,0.000891261138959364
280.444,0.0006610487725141717
280.509,0.0005176516420589305
280.574,0.00041542230554204233
280.64,0.0003494669961252517
280.705,0.00030014102090663664
280.771,0.00026287057867712435
280.836,0.00023303010199225891
280.902,0.00020744721790502116
280.967,0.00018551191608752262
281.032,0.0001668605032238122
281.098,0.00015103514859384864
281.163,0.00013743316496925384
281.229,0.00012371791364454215
281.294,0.00010892181185244096
281.359,9.581230874743469e-05
281.425,8.860762094710108e-05
281.49,7.86158851999485e-05
281.555,6.996346287191425e-05
281.621,6.293145879319472e-05
281.686,5.668685639460945e-05
281.751,5.118497164338028e-05
281.816,4.6345698914190734e-05
281.882,4.201555796679296e-05
281.947,3.807837728303492e-05
282.012,3.444931315660363e-05
282.078,3.1083063977585986e-05
282.143,2.7969673423499804e-05
282.208,2.5090554318316273e-05
282.273,2.2434449695768578e-05
282.339,1.9986097262872528e-05
282.404,1.7718721496368393e-05
282.469,1.5629508117641806e-05
282.534,1.3708252082716773e-05
282.6,1.1947834231123874e-05
282.665,1.0340617672132289e-05
282.73,8.87817226116451e-06
282.795,7.54600901229615e-06
282.86,6.334975210426409e-06
282.926,5.241087744510154e-06
282.991,4.260417936889699e-06
283.056,3.3828247708675742e-06
283.121,2.596622030269782e-06
283.186,1.8943782628716053e-06
283.251,1.2702317834664294e-06
283.316,7.251165369368096e-07
283.382,2.615447267643276e-07
283.447,0.0
283.512,0.0
283.577,0.0
283.642,0.0
283.707,0.0
283.772,0.0
283.837,0.0
283.902,0.0
283.967,0.0
284.032,0.0
284.097,0.0
284.163,0.0
284.228,2.8095207090314187e-07
284.293,9.472704339423162e-07
284.358,1.960295385533985e-06
284.423,3.478651651259989e-06
284.488,5.590137985899511e-06
284.553,8.401948721686397e-06
284.618,1.1979411366118051e-05
284.683,1.6644940082198994e-05
284.748,2.3471055500678847e-05
284.812,3.3236411899651944e-05
284.877,4.368019253313352e-05
284.942,6.498901499273469e-05
285.007,9.297814113768023e-05
285.072,0.0001539712792435307
285.137,0.00026698851126063844
285.202,0.00036488886496673014
285.267,0.0003309241443792028
285.332,0.00021786540367877018
285.397,0.00014139881858977015
285.462,0.00010149572603416423
285.527,7.51609467864122e-05
285.591,5.775092820615117e-05
285.656,4.533270322387525e-05
285.721,3.596115132665102e-05
285.786,2.8901535537876225e-05
285.851,2.3713056549088327e-05
285.916,1.9920412967317236e-05
285.981,1.6960611860434108e-05
286.045,1.4527778834322516e-05
286.11,1.2415260109405869e-05
286.175,1.0431769109368792e-05
286.24,8.635613675698787e-06
286.305,7.041495974716287e-06
286.369,5.657819888216061e-06
286.434,4.503656041959526e-06
286.499,3.5299949187482736e-06
286.564,2.7151452515460398e-06
286.628,2.040414781845191e-06
286.693,1.4973315392873144e-06
286.758,1.0633757552172355e-06
286.823,7.138455372391843e-07
286.887,4.2312644837413105e-07
286.952,1.706051025519927e-07
287.017,0.0
287.082,0.0
287.146,0.0
287.211,5.048268178876215e-07
287.276,0.0
287.34,1.2416523672269948e-07
287.405,0.0
287.47,0.0
287.534,0.0
287.599,0.0
287.663,0.0
287.728,0.0
287.793,0.0
287.857,0.0
287.922,0.0
287.987,0.0
288.051,0.0
288.116,0.0
288.18,0.0
288.245,0.0
288.309,0.0
288.374,0.0
288.439,0.0
288.503,0.0
288.568,0.0
288.632,0.0
288.697,0.0
288.761,0.0
288.826,0.0
288.89,0.0
288.955,0.0
289.019,0.0
289.084,0.0
289.148,0.0
289.212,0.0
289.277,0.0
289.341,0.0
289.406,0.0
289.47,0.0
289.535,0.0
289.599,0.0
289.663,0.0
289.728,0.0
289.792,5.2861372068387606e-08
289.857,2.1497362368013385e-07
289.921,3.7030301768211226e-07
289.985,5.165327259811104e-07
290.05,6.55180768548777e-07
290.114,7.94003475422615e-07
290.178,9.420611528680982e-07
290.243,1.110726465340364e-06
290.307,1.3010251603057024e-06
290.371,1.508534795078002e-06
290.436,1.7447355797441546e-06
290.5,2.029658073941368e-06
290.564,2.364187692476913e-06
290.629,2.7346757987289933e-06
290.693,3.1214043378589404e-06
290.757,3.5004421977140365e-06
290.821,3.888072575351669e-06
290.886,4.34007564311273e-06
290.95,4.806567622095905e-06
291.014,5.2168363993473015e-06
291.078,5.576741993981257e-06
291.143,5.755790500781757e-06
291.207,6.143203597194477e-06
291.271,7.875225750811669e-06
291.335,1.0359338134316252e-05
291.399,9.88345962696328e-06
291.464,1.724332652177264e-05
291.528,1.8265528143104753e-05
291.592,1.6228049558027578e-05
291.656,1.4002610562625048e-05
291.72,1.2490347400823248e-05
291.784,1.1516867117262321e-05
291.849,1.088174924415097e-05
291.913,1.0534680486488467e-05
291.977,1.0425402219153284e-05
292.041,1.0510688956180874e-05
292.105,1.0831550811905915e-05
292.169,1.1353388694439077e-05
292.233,1.1974581137551901e-05
292.297,1.2856591052074552e-05
292.361,1.373365728659095e-05
292.425,1.4740563010202608e-05
292.49,1.776233393206918e-05
292.554,2.354425139305411e-05
292.618,3.06109360519818e-05
292.682,3.8101020078113976e-05
292.746,5.712519179490183e-05
292.81,0.0001008583211261926
292.874,0.00014063765775172468
292.938,0.00014805934411027852
293.002,0.0001248882705494965
293.066,0.00010809595898854908
293.13,9.479869075823232e-05
293.194,8.470275180698718e-05
293.258,7.880696276564518e-05
293.322,7.67679511338275e-05
293.386,7.931500233447796e-05
293.45,8.984660557522234e-05
293.514,0.00011107499682427795
293.577,0.0001660819567256079
293.641,0.0002503302169842989
293.705,0.0002754373857832516
293.769,0.0002440188357832633
293.833,0.00020183588957319005
293.897,0.00016860016014165707
293.961,0.00014182149413624072
294.025,0.00012058926461621855
294.089,0.0001071157907729949
294.152,9.022985065466122e-05
294.216,7.939868706317866e-05
294.28,7.044493931662481e-05
294.344,6.229254440892776e-05
294.408,5.541128308455041e-05
294.472,4.957261772236241e-05
294.536,4.4549348855152336e-05
294.599,4.0244158094396986e-05
294.663,3.6405474775900304e-05
294.727,3.3000413350367276e-05
294.791,2.998441643712967e-05
294.855,2.7281357109017418e-05
294.918,2.488976953613566e-05
294.982,2.2747352901413842e-05
295.046,2.0794592534792775e-05
295.11,1.8990486704701185e-05
295.173,1.7310627046130967e-05
295.237,1.5725163756119477e-05
295.301,1.4217763756915554e-05
295.364,1.2790118733019327e-05
295.428,1.1439969923595016e-05
295.492,1.0177505758873793e-05
295.556,9.013638000063377e-06
295.619,7.952141288607381e-06
295.683,6.993992608968251e-06
295.747,6.141911512573851e-06
295.81,5.39368319567643e-06
295.874,4.741350311073158e-06
295.938,4.174677143894667e-06
296.001,3.680536358384354e-06
296.065,3.24739914363491e-06
296.128,2.866847129064291e-06
296.192,2.5321416253480996e-06
296.256,2.2384865949512465e-06
296.319,1.981448433389571e-06
296.383,1.7570198864765587e-06
296.447,1.5604279554590768e-06
296.51,1.3882692901310234e-06
296.574,1.2382435467283578e-06
296.637,1.107917334718831e-06
296.701,9.935223855585762e-07
296.764,8.886695409533523e-07
296.828,8.730607217005234e-07
296.891,8.714316490875352e-07
296.955,1.7968463525440535e-07
297.018,0.0
297.082,2.759264703396138e-06
297.145,0.0
297.209,0.0
297.272,2.7038169422892153e-07
297.336,1.2817276104576365e-07
297.399,0.0
297.463,0.0
297.526,0.0
297.59,0.0
297.653,0.0
297.717,0.0
297.78,0.0
297.843,0.0
297.907,0.0
297.97,0.0
298.034,0.0
298.097,0.0
298.16,0.0
298.224,0.0
298.287,0.0
298.35,0.0
298.414,0.0
298.477,0.0
298.54,0.0
298.604,0.0
298.667,0.0
298.73,0.0
298.794,0.0
298.857,0.0
298.92,0.0
298.984,0.0
299.047,0.0
299.11,0.0
299.173,0.0
299.237,0.0
299.3,0.0
299.363,0.0
299.426,0.0
299.489,0.0
299.553,0.0
299.616,0.0
299.679,0.0
299.742,0.0
299.805,0.0
299.868,0.0
299.932,0.0
299.995,0.0
300.058,0.0
300.121,0.0
300.184,0.0
300.247,0.0
300.31,0.0
300.374,0.0
300.437,0.0
300.5,0.0
300.563,0.0
300.626,0.0
300.689,0.0
300.752,0.0
300.815,0.0
300.878,0.0
300.941,0.0
301.004,0.0
301.067,0.0
301.13,0.0
301.193,0.0
301.256,0.0
301.319,0.0
301.382,0.0
301.445,0.0
301.508,0.0
301.571,0.0
301.634,0.0
301.697,0.0
301.76,0.0
301.823,0.0
301.885,0.0
301.948,0.0
302.011,0.0
302.074,0.0
302.137,0.0
302.2,0.0
302.263,0.0
302.326,0.0
302.388,0.0
302.451,0.0
302.514,0.0
302.577,0.0
302.64,0.0
302.703,0.0
302.765,0.0
302.828,0.0
302.891,0.0
302.954,0.0
303.016,0.0
303.079,0.0
303.142,0.0
303.205,0.0
303.267,0.0
303.33,0.0
303.393,0.0
303.456,0.0
303.518,0.0
303.581,0.0
303.644,0.0
303.706,0.0
303.769,0.0
303.832,0.0
303.894,0.0
303.957,0.0
304.02,0.0
304.082,0.0
304.145,0.0
304.207,0.0
304.27,0.0
304.333,0.0
304.395,0.0
304.458,0.0
304.52,0.0
304.583,0.0
304.646,0.0
304.708,0.0
304.771,0.0
304.833,0.0
304.896,0.0
304.958,0.0
305.021,0.0
305.083,0.0
305.146,0.0
305.208,0.0
305.271,0.0
305.333,0.0
305.396,0.0
305.458,0.0
305.52,0.0
305.583,0.0
305.645,0.0
305.708,0.0
305.77,0.0
305.833,0.0
305.895,0.0
305.957,0.0
306.02,0.0
306.082,0.0
306.144,0.0
306.207,0.0
306.269,0.0
306.331,0.0
306.394,0.0
306.456,0.0
306.518,0.0
306.581,0.0
306.643,0.0
306.705,0.0
306.768,0.0
306.83,0.0
306.892,0.0
306.954,0.0
307.017,0.0
307.079,0.0
307.141,0.0
307.203,0.0
307.266,0.0
307.328,0.0
307.39,4.938161136528447e-08
307.452,1.275902324034073e-07
307.514,2.1086570923899117e-07
307.577,2.9936476958989915e-07
307.639,3.926291872307493e-07
307.701,4.886566542926255e-07
307.763,5.883942017259379e-07
307.825,6.913671946001549e-07
307.887,7.991959354004944e-07
307.949,9.15697464437888e-07
308.012,1.0471942085433408e-06
308.074,1.1985279577021153e-06
308.136,1.3745377899514684e-06
308.198,1.5900448395993397e-06
308.26,1.847487581661616e-06
308.322,2.1485365619866335e-06
308.384,2.494230643006472e-06
308.446,2.87106717679506e-06
308.508,3.264404399664821e-06
308.57,3.6728057183920556e-06
308.632,4.096723936606703e-06
308.694,4.481844058463228e-06
308.756,4.841311424076421e-06
308.818,5.1804795878586944e-06
308.88,5.491977734555778e-06
308.942,5.977540872383044e-06
309.004,6.71113869750545e-06
309.066,7.681503453663532e-06
309.128,8.876876963929539e-06
309.19,9.932915272879374e-06
309.252,1.0565991002918453e-05
309.314,1.0749645153159277e-05
309.376,1.047615432901311e-05
309.438,1.0111460632268838e-05
309.5,1.0008846230171699e-05
309.562,1.0166668798199229e-05
309.624,1.0573624011335385e-05
309.686,1.095468214177174e-05
309.747,1.1054338127504968e-05
309.809,1.0884873591164283e-05
309.871,1.0452441692914974e-05
309.933,9.86325418468565e-06
309.995,9.215653568610894e-06
310.057,8.518663600260038e-06
310.119,7.801306836012838e-06
310.18,7.1100033437774175e-06
310.242,6.472187126140361e-06
310.304,5.897861792673053e-06
310.366,5.3954717689183204e-06
310.428,4.947989303758477e-06
310.489,4.5372044940321686e-06
310.551,4.16681819008391e-06
310.613,3.826900080437541e-06
310.675,3.504838799026307e-06
310.737,3.1999056931258465e-06
310.798,2.9117398398839142e-06
310.86,2.639845893212351e-06
310.922,2.38527904423416e-06
310.983,2.148851202364879e-06
311.045,1.9293627661964455e-06
311.107,1.7251984877953522e-06
311.169,1.5344188121181898e-06
311.23,1.3549990960052862e-06
311.292,1.1847063267878096e-06
311.354,1.021829777760515e-06
311.415,8.667227394747584e-07
311.477,7.200899996145415e-07
311.539,5.812949558262029e-07
311.6,4.5294411952539505e-07
311.662,3.377188305978253e-07
311.724,2.3597953827803535e-07
311.785,1.4806951001974103e-07
311.847,7.387889497887607e-08
311.908,1.3118436489448323e-08
311.97,0.0
312.032,0.0
312.093,0.0
312.155,0.0
312.216,0.0
312.278,0.0
312.339,0.0
312.401,0.0
312.462,0.0
312.524,0.0
312.585,2.093202605533509e-08
312.647,5.856334054240864e-08
312.708,9.805722073557414e-08
312.77,1.384756023000953e-07
312.831,1.7920636276582376e-07
312.893,2.1971307258132686e-07
312.954,2.5946115243134117e-07
313.016,2.9800998720103534e-07
313.077,3.3506762136077393e-07
313.139,3.70447121157274e-07
313.2,4.0401957366341275e-07
313.261,4.3571655907650846e-07
313.323,4.6539415286604607e-07
313.384,4.928715909045745e-07
313.446,5.180077432353694e-07
313.507,5.406808819790694e-07
313.568,5.605926981171617e-07
313.63,5.774983221363211e-07
313.691,5.912571334835328e-07
313.752,6.018336809398726e-07
313.814,6.092873245303147e-07
313.875,6.137036766085474e-07
313.936,6.152046608952672e-07
313.998,6.139519416055368e-07
314.059,6.101258686264581e-07
314.12,6.039874392832938e-07
314.182,5.957833190392222e-07
314.243,5.856736468125575e-07
314.304,5.738080240187659e-07
314.365,5.603226525828972e-07
314.427,5.453081655553679e-07
314.488,5.289118468972389e-07
314.549,5.113147737059913e-07
314.61,4.926493614647304e-07
314.672,4.730518873372563e-07
314.733,4.5270598471609936e-07
314.794,4.3175913439360084e-07
314.855,4.1039031204454507e-07
314.917,3.8880428009980817e-07
314.978,3.671253170303542e-07
315.039,3.454255693797967e-07
315.1,3.237815028885316e-07
315.161,3.022727632739139e-07
315.222,2.809938784897906e-07
315.283,2.6006129810974753e-07
315.345,2.395559414223491e-07
315.406,2.1953596733057888e-07
315.467,2.000843256355558e-07
315.528,1.8130706847618396e-07
315.589,1.6330623444426163e-07
315.65,1.4615774742037794e-07
315.711,1.29886949621318e-07
315.772,1.145061824970575e-07
315.833,1.0006331808989814e-07
315.894,8.659231176635146e-08
315.955,7.41215890843901e-08
316.016,6.266853778582773e-08
316.078,5.2170383852526885e-08
316.139,4.259186804609061e-08
316.2,3.397195532127033e-08
316.261,2.63436397424934e-08
316.322,1.9738567003546097e-08
316.383,1.419064972418958e-08
316.444,9.667945246723644e-09
316.504,6.12036158552507e-09
316.565,3.558132402878301e-09
316.626,1.968982315136277e-09
316.687,1.2702790717342415e-09
316.748,1.351688024632342e-09
316.809,2.0440558531773393e-09
316.87,3.1726352819153565e-09
316.931,4.655244136081557e-09
316.992,6.448216472355941e-09
317.053,8.509519266147753e-09
317.114,1.0797039497546243e-08
317.175,1.32595937953761e-08
317.235,1.5854009066064e-08
317.296,1.8574469078361e-08
317.357,2.140325601128003e-08
317.418,2.428312249524688e-08
317.479,2.7140212186856188e-08
317.54,2.986865721686124e-08
317.601,3.237916742449438e-08
317.661,3.4621369501769855e-08
317.722,3.653984882396848e-08
317.783,3.80744880339015e-08
317.844,3.9184816916268e-08
317.904,3.9820662853339354e-08
317.965,3.995901482071786e-08
318.026,3.9635161442125164e-08
318.087,3.885619735362413e-08
318.148,3.758658206120929e-08
318.208,3.578948891730451e-08
318.269,3.34106015290313e-08
318.33,3.040924063231721e-08
318.39,2.6804231596762882e-08
318.451,2.262827231674909e-08
318.512,1.7903503401324703e-08
318.572,1.2682271479762035e-08
318.633,7.0751141988849064e-09
318.694,1.2267735133373462e-09
318.754,0.0
318.815,0.0
318.876,0.0
318.936,0.0
318.997,0.0
319.058,0.0
319.118,0.0
319.179,0.0
319.239,0.0
319.3,0.0
319.361,0.0
319.421,0.0
319.482,0.0
319.542,0.0
319.603,0.0
319.663,0.0
319.724,0.0
319.784,0.0
319.845,0.0
319.905,0.0
319.966,0.0
320.026,0.0
320.087,0.0
320.147,0.0
320.208,0.0
320.268,0.0
320.329,0.0
320.389,0.0
320.449,0.0
320.51,0.0
320.57,0.0
320.631,0.0
320.691,0.0
320.751,0.0
320.812,0.0
320.872,0.0
320.932,0.0
320.993,0.0
321.053,0.0
321.113,0.0
321.174,0.0
321.234,0.0
321.294,0.0
321.355,0.0
321.415,0.0
321.475,0.0
321.535,0.0
321.596,0.0
321.656,0.0
321.716,0.0
321.776,0.0
321.837,0.0
321.897,0.0
321.957,0.0
322.017,0.0
322.077,0.0
322.138,0.0
322.198,0.0
322.258,0.0
322.318,0.0
322.378,0.0
322.438,0.0
322.499,0.0
322.559,0.0
322.619,0.0
322.679,0.0
322.739,0.0
322.799,0.0
322.859,0.0
322.919,0.0
322.979,0.0
323.039,0.0
323.099,0.0
323.159,0.0
323.219,0.0
323.279,0.0
323.339,0.0
323.399,0.0
323.459,0.0
323.519,9.391436258946296e-09
323.579,2.948956685039275e-08
323.639,5.024587535354821e-08
323.699,7.158149142491541e-08
323.759,9.337527990416006e-08
323.819,1.1557131295392359e-07
323.879,1.3808385704664827e-07
323.939,1.6081963293760371e-07
323.999,1.8370103146753515e-07
324.059,2.0663632512036064e-07
324.119,2.2952039516102923e-07
324.178,2.5225388304714416e-07
324.238,2.747448739331334e-07
324.298,2.9686603745591343e-07
324.358,3.185385223235344e-07
324.418,3.3966635906087986e-07
324.478,3.6012173373092126e-07
324.538,3.798099393133837e-07
324.597,3.9862691034179455e-07
324.657,4.164589178545764e-07
324.717,4.3321277300033627e-07
324.777,4.487689364113715e-07
324.837,4.6299538824836764e-07
324.896,4.7580866703645043e-07
324.956,4.871325065573705e-07
325.016,4.968799076459823e-07
325.076,5.050466442719628e-07
325.135,5.116370257685831e-07
325.195,5.166585718931486e-07
325.255,5.201823255155317e-07
325.315,5.222507282615941e-07
325.374,5.228687020656662e-07
325.434,5.220267960607579e-07
325.494,5.196608385829022e-07
325.553,5.156341575800628e-07
325.613,5.09764729609875e-07
325.673,5.021398330243857e-07
325.732,4.928375960286606e-07
325.792,4.820086573087082e-07
325.852,4.698109240731473e-07
325.911,4.5638301364001993e-07
325.971,4.418761308015649e-07
326.031,4.264601627713466e-07
326.09,4.1031389066830455e-07
326.15,3.9358977257537025e-07
326.209,3.7643399388361653e-07
326.269,3.587270264113461e-07
326.328,3.4038605711755243e-07
326.388,3.2142288985576107e-07
326.448,3.0192341469207795e-07
326.507,2.819391582467865e-07
326.567,2.6144625146919533e-07
326.626,2.403525827186686e-07
326.686,2.1860816799008052e-07
326.745,1.9618547911951028e-07
326.805,1.7304688474468847e-07
326.864,1.4912685939500198e-07
326.924,1.2435400807542975e-07
326.983,9.854827722607079e-08
327.043,7.12723506631253e-08
327.102,4.2010151585060025e-08
327.161,1.0278771723661027e-08
327.221,0.0
327.28,0.0
327.34,0.0
327.399,0.0
327.459,0.0
327.518,0.0
327.577,0.0
327.637,0.0
327.696,0.0
327.755,0.0
327.815,0.0
327.874,0.0
327.933,0.0
327.993,0.0
328.052,0.0
328.111,0.0
328.171,0.0
328.23,0.0
328.289,0.0
328.349,0.0
328.408,0.0
328.467,0.0
328.526,0.0
328.586,0.0
328.645,0.0
328.704,0.0
328.763,0.0
328.822,0.0
328.882,0.0
328.941,0.0
329.0,0.0
329.059,0.0
329.118,0.0
329.177,0.0
329.237,7.724508854033923e-08
329.296,2.5741032713237743e-07
329.355,4.5484228811641563e-07
329.414,6.663682721625242e-07
329.473,8.945035095361388e-07
329.532,1.1501457461599714e-06
329.591,1.4961702204357317e-06
329.65,1.9282471767364816e-06
329.709,2.4242543695651664e-06
329.768,3.017844099241909e-06
329.827,3.6617453110305785e-06
329.886,4.475690347584713e-06
329.945,5.891597711887993e-06
330.004,8.1995809679241e-06
330.063,1.127747852082942e-05
330.122,1.5662113814098344e-05
330.181,2.3298506851254828e-05
330.24,2.248343528123216e-05
330.299,1.6724054187775365e-05
330.358,1.0253826482601294e-05
330.417,5.841624789522513e-06
330.476,3.395401829023494e-06
330.535,2.0474544553100678e-06
330.594,1.4828969625209352e-06
330.653,1.2490658966276105e-06
330.712,1.0870841110074785e-06
330.771,9.558081609198481e-07
330.83,8.246746235073449e-07
330.889,7.160851168244089e-07
330.948,6.222987836827354e-07
331.006,5.28124270897643e-07
331.065,4.112009144829771e-07
331.124,2.758193940746664e-07
331.183,1.287188246809845e-07
331.242,0.0
331.301,0.0
331.359,0.0
331.418,0.0
331.477,0.0
331.536,0.0
331.595,0.0
331.653,0.0
331.712,0.0
331.771,0.0
331.83,0.0
331.888,0.0
331.947,0.0
332.006,0.0
332.065,0.0
332.123,0.0
332.182,0.0
332.241,0.0
332.299,0.0
332.358,0.0
332.417,0.0
332.475,0.0
332.534,0.0
332.592,0.0
332.651,0.0
332.71,0.0
332.768,0.0
332.827,0.0
332.885,2.8933547089297564e-07
332.944,5.751816084598367e-07
333.003,8.435126881360019e-07
333.061,1.089849047099336e-06
333.12,1.3102542354572401e-06
333.178,1.5121286760312226e-06
333.237,1.6909539065295475e-06
333.295,1.8468542967491279e-06
333.354,1.979952543810951e-06
333.412,2.178641945815733e-06
333.471,2.4429310028204526e-06
333.529,2.7728027822431786e-06
333.588,3.1678807984075815e-06
333.646,3.4032969453682e-06
333.705,3.4787702896592205e-06
333.763,3.394143438408133e-06
333.822,3.1509880314749118e-06
333.88,2.965200835560389e-06
333.938,2.838686599673178e-06
333.997,2.7733534200797147e-06
334.055,2.770876838509011e-06
334.114,2.762062559644793e-06
334.172,2.751739793662933e-06
334.23,2.7401690024064916e-06
334.289,2.7275881411764967e-06
334.347,2.699478425164728e-06
334.405,2.6563207357803e-06
334.464,2.5986469860344374e-06
334.522,2.527043021471755e-06
334.58,2.454430871891268e-06
334.639,2.3814151006947838e-06
334.697,2.308571588022046e-06
334.755,2.2365027001450863e-06
334.814,2.16756354519178e-06
334.872,2.1023142974167367e-06
334.93,2.0412237057047343e-06
334.988,1.984653663158689e-06
335.047,1.929848388772259e-06
335.105,1.8754412873408304e-06
335.163,1.8216295383268229e-06
335.221,1.7685832524108573e-06
335.28,1.7165170251931407e-06
335.338,1.6656173541355954e-06
335.396,1.6160401797171072e-06
335.454,1.5679834580765756e-06
335.512,1.5216391465651479e-06
335.57,1.4770914952806544e-06
335.629,1.4343401060968686e-06
335.687,1.3930391482221128e-06
335.745,1.3527191836928217e-06
335.803,1.3129327865722808e-06
335.861,1.2732737605538453e-06
335.919,1.2333924379366273e-06
335.977,1.1929771838998774e-06
336.035,1.1517045254519998e-06
336.094,1.1095924233731084e-06
336.152,1.0667406166842017e-06
336.21,1.02331177102786e-06
336.268,9.794518452451265e-07
336.326,9.352933528658528e-07
336.384,8.909154133708016e-07
336.442,8.463338093867999e-07
336.5,8.01631444859525e-07
336.558,7.569254088703905e-07
336.616,7.122965620800003e-07
336.674,6.678322051406297e-07
336.732,6.235702627763164e-07
336.79,5.795126087910772e-07
336.848,5.356844368801586e-07
336.906,4.923541720071474e-07
336.964,4.4969792294187315e-07
337.022,4.0753745291130155e-07
337.08,3.656741637234431e-07
337.138,3.238470695171564e-07
337.195,2.8181506138963303e-07
337.253,2.3937598346585023e-07
337.311,1.9629556912788638e-07
337.369,1.5239252913195417e-07
337.427,1.0759202786080735e-07
337.485,6.189249356486742e-08
337.543,1.5398449985028416e-08
337.601,0.0
337.658,0.0
337.716,0.0
337.774,0.0
337.832,0.0
337.89,0.0
337.947,0.0
338.005,0.0
338.063,0.0
338.121,0.0
338.178,0.0
338.236,0.0
338.294,0.0
338.352,0.0
338.409,0.0
338.467,0.0
338.525,0.0
338.583,0.0
338.64,0.0
338.698,0.0
338.756,0.0
338.813,0.0
338.871,0.0
338.928,0.0
338.986,0.0
339.044,0.0
339.101,0.0
339.159,0.0
339.216,0.0
339.274,0.0
339.332,0.0
339.389,0.0
339.447,0.0
339.504,0.0
339.562,0.0
339.619,0.0
339.677,0.0
339.734,0.0
339.792,0.0
339.849,0.0
339.907,0.0
339.964,0.0
340.022,0.0
340.079,0.0
340.137,0.0
340.194,0.0
340.252,0.0
340.309,0.0
340.366,0.0
340.424,0.0
340.481,0.0
340.538,0.0
340.596,0.0
340.653,0.0
340.711,0.0
340.768,0.0
340.825,0.0
340.883,0.0
340.94,0.0
340.997,0.0
341.054,0.0
341.112,0.0
341.169,0.0
341.226,0.0
341.284,0.0
341.341,0.0
341.398,0.0
341.455,0.0
341.512,0.0
341.57,0.0
341.627,0.0
341.684,0.0
341.741,0.0
341.798,0.0
341.856,0.0
341.913,0.0
341.97,0.0
342.027,0.0
342.084,0.0
342.141,0.0
342.198,0.0
342.255,0.0
342.313,0.0
342.37,0.0
342.427,0.0
342.484,0.0
342.541,0.0
342.598,0.0
342.655,0.0
342.712,0.0
342.769,0.0
342.826,0.0
342.883,0.0
342.94,0.0
342.997,0.0
343.054,0.0
343.111,0.0
343.168,0.0
343.225,9.177713186931272e-09
343.282,8.707560740715776e-08
343.339,1.65725450822635e-07
343.395,2.446182873920705e-07
343.452,3.231959219835635e-07
343.509,4.008628843097007e-07
343.566,4.770339735502744e-07
343.623,5.510805190829268e-07
343.68,6.224062628325772e-07
343.737,6.904963952780422e-07
343.794,7.548518254072094e-07
343.85,8.150153645476844e-07
343.907,8.706095507351548e-07
343.964,9.212750102098546e-07
344.021,9.66668127904818e-07
344.078,1.0065373491951908e-06
344.134,1.0406677383355058e-06
344.191,1.0688656343160794e-06
344.248,1.0910027896115648e-06
344.305,1.1069791254153931e-06
344.361,1.1167668553705166e-06
344.418,1.1204494169494706e-06
344.475,1.1182143092986065e-06
344.532,1.110318197197373e-06
344.588,1.0970275872761667e-06
344.645,1.0786305256153597e-06
344.702,1.055423235966914e-06
344.758,1.027718377841117e-06
344.815,9.958303408939128e-07
344.872,9.600507036076885e-07
344.928,9.206806814055066e-07
344.985,8.780202850077876e-07
345.042,8.324329254727742e-07
345.098,7.843790645957896e-07
345.155,7.343390063655371e-07
345.212,6.827776575424114e-07
345.268,6.301744287030912e-07
345.325,5.769918333752738e-07
345.381,5.236388348469333e-07
345.438,4.705657313782428e-07
345.495,4.1820523852097547e-07
345.551,3.6690406622251335e-07
345.608,3.170256403886546e-07
345.664,2.6892588714376237e-07
345.721,2.2290295130798258e-07
345.777,1.7925770641568284e-07
345.834,1.3827525924275512e-07
345.89,1.0015431704346897e-07
345.947,6.50470982932239e-08
346.003,3.3060182525008654e-08
346.06,4.2321201490132485e-09
346.116,0.0
346.173,0.0
346.229,0.0
346.285,0.0
346.342,0.0
346.398,0.0
346.455,0.0
346.511,0.0
346.567,0.0
346.624,0.0
346.68,0.0
346.737,0.0
346.793,0.0
346.849,0.0
346.906,0.0
346.962,0.0
347.018,0.0
347.074,0.0
347.131,0.0
347.187,0.0
347.243,0.0
347.3,0.0
347.356,0.0
347.412,0.0
347.468,0.0
347.524,0.0
347.581,0.0
347.637,0.0
347.693,0.0
347.749,0.0
347.805,0.0
347.862,0.0
347.918,0.0
347.974,0.0
348.03,0.0
348.086,0.0
348.142,0.0
348.198,0.0
348.254,0.0
348.311,0.0
348.367,1.8622759450780522e-08
348.423,1.0713999211968319e-06
348.479,0.0
348.535,0.0
348.591,6.261484532136143e-08
348.647,0.0
348.703,0.0
348.759,0.0
348.815,0.0
348.871,0.0
348.927,0.0
348.983,0.0
349.039,0.0
349.095,0.0
349.151,0.0
349.207,7.864150893649127e-08
349.263,0.0
349.319,0.0
349.374,9.665278151639364e-07
349.43,7.499152326431803e-08
349.486,0.0
349.542,0.0
349.598,0.0
349.654,0.0
349.71,0.0
349.766,0.0
349.821,1.457375597976015e-09
349.877,1.610121812361669e-08
349.933,3.125395569207924e-08
349.989,4.6951620510466577e-08
350.045,6.321264678579687e-08
350.1,7.999344545179662e-08
350.156,9.717489504740965e-08
350.212,1.1464411714284085e-07
350.268,1.3229512211413147e-07
350.323,1.4998543024269225e-07
350.379,1.676135655140374e-07
350.435,1.851067712371909e-07
350.491,2.0239232678986894e-07
350.546,2.1945643833390852e-07
350.602,2.3634101231342297e-07
350.658,2.5308072916858887e-07
350.713,2.6965494277482303e-07
350.769,2.860057133376869e-07
350.825,3.0205593110207806e-07
350.88,3.177426229898259e-07
350.936,3.330395337286389e-07
350.992,3.479173559145917e-07
351.047,3.6056003908481185e-07
351.103,3.693950371168388e-07
351.158,3.743678791338085e-07
351.214,3.7549107818987766e-07
351.27,3.7422328246489733e-07
351.325,3.7200692418980284e-07
351.381,3.688110831383142e-07
351.436,3.645094432914626e-07
351.492,3.737464179598583e-07
351.547,4.0886264918824703e-07
351.603,4.6964428416216064e-07
351.658,5.558797448491943e-07
351.714,6.551933150607259e-07
351.769,7.552827377695381e-07
351.825,8.560096596420805e-07
351.88,9.69257236768884e-07
351.936,1.0061068812056169e-06
351.991,8.914278535965833e-07
352.047,6.25273975363373e-07
352.102,1.0803245446906636e-07
352.158,0.0
352.213,0.0
352.268,0.0
352.324,0.0
352.379,7.230283198865943e-07
352.434,1.202290578100301e-06
352.49,1.0211473188003735e-06
352.545,7.778696534445094e-07
352.601,5.457582934077029e-07
352.656,3.978319606675776e-07
352.711,3.3424380255337555e-07
352.767,2.5545720353520693e-07
352.822,1.7642714438714563e-07
352.877,1.0981514290646891e-07
352.932,5.574757872843169e-08
352.988,2.626201840226448e-08
353.043,9.229582379401371e-09
353.098,0.0
353.153,0.0
353.209,0.0
353.264,0.0
353.319,0.0
353.374,0.0
353.43,0.0
353.485,0.0
353.54,0.0
353.595,0.0
353.65,0.0
353.705,0.0
353.761,0.0
353.816,0.0
353.871,0.0
353.926,0.0
353.981,0.0
354.036,0.0
354.091,0.0
354.146,0.0
354.201,0.0
354.256,0.0
354.311,0.0
354.367,0.0
354.422,0.0
354.477,0.0
354.532,0.0
354.587,0.0
354.642,0.0
354.697,0.0
354.751,0.0
354.806,0.0
354.861,2.606135857478384e-08
354.916,5.387418134975187e-08
354.971,8.256724147251748e-08
355.026,1.1195763991798448e-07
355.081,1.418289214720409e-07
355.136,1.720006004836821e-07
355.191,2.0229853413781137e-07
355.246,2.325576021229846e-07
355.301,2.626018152307364e-07
355.355,2.9220784752198984e-07
355.41,3.2116693585054227e-07
355.465,3.4930518373481436e-07
355.52,3.7645596980309344e-07
355.575,4.024559672443157e-07
355.63,4.2714160496039067e-07
355.684,4.503358865128704e-07
355.739,4.7189711941535575e-07
355.794,4.917604955144151e-07
355.849,5.098719841365013e-07
355.904,5.261952381423024e-07
355.958,5.407514189104318e-07
356.013,5.53561830981645e-07
356.068,5.646478464832526e-07
356.123,5.740859091833043e-07
356.177,5.819297370746221e-07
356.232,5.881899980711555e-07
356.287,5.929013404154541e-07
356.341,5.960546679446327e-07
356.396,5.976087013373993e-07
356.451,5.975644492563489e-07
356.505,5.959078618107374e-07
356.56,5.92595662697192e-07
356.615,5.87597650721865e-07
356.669,5.808828893225343e-07
356.724,5.724433550799356e-07
356.778,5.623539977633568e-07
356.833,5.506841823247591e-07
356.888,5.374723850656532e-07
356.942,5.22774895555291e-07
356.997,5.066349621218833e-07
357.051,4.891204447631911e-07
357.106,4.703847016388552e-07
357.16,4.50548953312953e-07
357.215,4.2973587325615874e-07
357.269,4.080899464293049e-07
357.324,3.857475437813081e-07
357.378,3.628840988351033e-07
357.433,3.396816694993864e-07
357.487,3.1629898242216726e-07
357.542,2.928450645985581e-07
357.596,2.69447882676853e-07
357.651,2.4622277122435535e-07
357.705,2.2324351389295838e-07
357.76,2.0060830657602075e-07
357.814,1.7841309021947368e-07
357.868,1.5673812463206259e-07
357.923,1.3568222886632515e-07
357.977,1.153585019032863e-07
358.032,9.583329157442367e-08
358.086,7.716232274062477e-08
358.14,5.94265696155559e-08
358.195,4.2671324460363495e-08
358.249,2.6998483799505386e-08
358.303,1.2517270943317329e-08
358.358,0.0
358.412,0.0
358.466,0.0
358.521,0.0
358.575,0.0
358.629,0.0
358.683,0.0
358.738,0.0
358.792,0.0
358.846,0.0
358.9,3.3908902212028514e-07
358.954,9.682506130616053e-07
359.009,0.0
359.063,8.526893576421599e-07
359.117,3.442836672131445e-07
359.171,0.0
359.225,0.0
359.28,0.0
359.334,0.0
359.388,0.0
359.442,0.0
359.496,0.0
359.55,0.0
359.604,0.0
359.658,0.0
359.712,3.1410017260635065e-09
359.766,1.2966089352703739e-08
359.82,2.3143836061351423e-08
359.875,3.370809876859745e-08
359.929,4.454929598555615e-08
359.983,5.520364922667501e-08
360.037,5.2877298942577754e-08
360.091,3.7778235052234935e-08
360.145,1.0383947104887839e-08
360.199,0.0
360.253,0.0
360.306,0.0
360.36,0.0
360.414,0.0
360.468,0.0
360.522,0.0
360.576,0.0
360.63,7.975990009338966e-08
360.684,2.1289679791383228e-07
360.738,2.8475952692983496e-07
360.792,2.948949806724707e-07
360.846,2.4424582269505413e-07
360.899,2.0781287935232316e-07
360.953,1.8414760416740059e-07
361.007,1.731228787274882e-07
361.061,1.7336165852365236e-07
361.115,1.8359365410941822e-07
361.168,2.035705435340268e-07
361.222,2.3168048102480993e-07
361.276,2.6552386522575837e-07
361.33,2.8955380996774546e-07
361.384,3.0231394257479557e-07
361.437,3.0292431920779297e-07
361.491,2.923031276948688e-07
361.545,2.7114802026481247e-07
361.599,2.4525818462993405e-07
361.652,2.142321069933967e-07
361.706,1.795409790691023e-07
361.76,1.463237100468305e-07
361.813,1.2355834688754075e-07
361.867,1.0527091680611272e-07
361.921,8.327599330347457e-08
361.974,5.5233185491477876e-08
362.028,1.90042695862867e-08
362.082,0.0
362.135,0.0
362.189,0.0
362.242,0.0
362.296,0.0
362.35,0.0
362.403,0.0
362.457,5.8009442222990644e-08
362.51,3.506673344196186e-07
362.564,6.122281983787518e-07
362.617,6.612171573661726e-07
362.671,6.679216989198827e-07
362.724,5.492995021185139e-07
362.778,6.177783123001485e-08
362.831,0.0
362.885,0.0
362.938,0.0
362.998,7.101308877759047e-07
363.06,7.191183022535416e-07
363.122,7.260934610029302e-07
363.184,7.307198523266082e-07
363.246,7.328483309584227e-07
363.308,7.325257107745819e-07
363.37,7.299045215986446e-07
363.432,7.249992687475146e-07
363.494,7.177959749923219e-07
363.556,7.083051167963521e-07
363.618,6.96589491358046e-07
363.68,6.828977577254615e-07
363.742,6.673878435408961e-07
363.804,6.501105354505378e-07
363.866,6.311099769233188e-07
363.928,6.105046330204693e-07
363.99,5.886000398403256e-07
364.052,5.657513956898047e-07
364.114,5.422748659236083e-07
364.176,5.184049644162696e-07
364.238,4.943018256566927e-07
364.3,4.701116892335135e-07
364.362,4.460396638794e-07
364.424,4.2227404419745867e-07
364.486,3.988297352245224e-07
364.548,3.7567616980445764e-07
364.609,3.527257426024625e-07
364.671,3.299197807566523e-07
364.733,3.0745581702669726e-07
364.795,2.8567415703691754e-07
364.857,2.648710634962925e-07
364.919,2.452271793172154e-07
364.981,2.2688810651692213e-07
365.042,2.0998818946234921e-07
365.104,1.9477328067130458e-07
365.166,1.815091439862538e-07
365.228,1.7023018566133526e-07
365.29,1.6078159402952508e-07
365.351,1.5288806041933792e-07
365.413,1.463924375121779e-07
365.475,1.412671916262328e-07
365.537,1.3748458426663701e-07
365.598,1.3494347208186183e-07
365.66,1.3341533715120145e-07
365.722,1.3271982649430041e-07
365.784,1.3271472886927344e-07
365.845,1.3332663426747202e-07
365.907,1.3445788685288984e-07
365.969,1.3579619339532769e-07
366.03,1.3696596882134204e-07
366.092,1.375907378039708e-07
366.154,1.3729804590727726e-07
366.215,1.358064700166484e-07
366.277,1.3296627222346522e-07
366.339,1.2861550967894414e-07
366.4,1.225803863123923e-07
366.462,1.1490012076951588e-07
366.524,1.0566150620641751e-07
366.585,9.5024911251802e-08
366.647,8.325714753364847e-08
366.708,7.038774313645148e-08
366.77,5.629542739183334e-08
366.832,4.0912781135830465e-08
366.893,2.4264901230611265e-08
366.955,6.4795707482958926e-09
367.016,0.0
367.078,0.0
367.139,0.0
367.201,0.0
367.262,0.0
367.324,0.0
367.385,0.0
367.447,0.0
367.508,0.0
367.57,0.0
367.631,0.0
367.693,0.0
367.754,0.0
367.816,0.0
367.877,0.0
367.939,0.0
368.0,0.0
368.062,0.0
368.123,0.0
368.184,0.0
368.246,0.0
368.307,0.0
368.369,0.0
368.43,0.0
368.491,0.0
368.553,0.0
368.614,0.0
368.675,0.0
368.737,0.0
368.798,0.0
368.859,0.0
368.921,2.6743132422728087e-08
368.982,6.909447025579059e-08
369.043,1.1301133953893278e-07
369.104,1.5823380471076132e-07
369.166,2.043090356253024e-07
369.227,2.5073016152661703e-07
369.288,2.9695245457076005e-07
369.349,3.4246746621310967e-07
369.411,3.87029992533386e-07
369.472,4.304152715669817e-07
369.533,4.7230667590187604e-07
369.594,5.12369189582547e-07
369.656,5.503017595493465e-07
369.717,5.85832139172239e-07
369.778,6.187700899681959e-07
369.839,6.489941042936924e-07
369.9,6.762832828106331e-07
369.961,7.004485418573399e-07
370.023,7.213430746663688e-07
370.084,7.387977920731597e-07
370.145,7.52656307525142e-07
370.206,7.627488367834941e-07
370.267,7.688831016258343e-07
370.328,7.708057437196867e-07
370.389,7.683309133090483e-07
370.451,7.613171825198333e-07
370.512,7.49675152762173e-07
370.573,7.334476954651083e-07
370.634,7.126298571914099e-07
370.695,6.872113474727725e-07
370.756,6.572231121229315e-07
370.817,6.227689808856351e-07
370.878,5.840472161191374e-07
370.939,5.412700127637284e-07
371.0,4.945992375190294e-07
371.061,4.441157314077364e-07
371.122,3.900576037092874e-07
371.183,3.3277173065149545e-07
371.244,2.726729600581515e-07
371.305,2.1021449623540581e-07
371.366,1.4568834292868475e-07
371.427,7.939161218260747e-08
371.488,1.168886372973714e-08
371.549,0.0
371.61,0.0
371.671,0.0
371.732,0.0
371.793,0.0
371.853,0.0
371.914,0.0
371.975,0.0
372.036,0.0
372.097,0.0
372.158,0.0
372.219,0.0
372.28,0.0
372.34,0.0
372.401,0.0
372.462,0.0
372.523,0.0
372.584,0.0
372.645,0.0
372.705,0.0
372.766,0.0
372.827,0.0
372.888,0.0
372.948,0.0
373.009,0.0
373.07,0.0
373.131,0.0
373.191,0.0
373.252,0.0
373.313,0.0
373.373,0.0
373.434,0.0
373.495,0.0
373.555,0.0
373.616,0.0
373.677,0.0
373.737,0.0
373.798,0.0
373.859,0.0
373.919,0.0
373.98,0.0
374.041,0.0
374.101,0.0
374.162,0.0
374.222,0.0
374.283,0.0
374.343,0.0
374.404,0.0
374.465,0.0
374.525,0.0
374.586,0.0
374.646,4.647184393000035e-08
374.707,9.039233019651174e-08
374.767,1.278729732639099e-07
374.828,1.5821236204531942e-07
374.888,1.8077005400486568e-07
374.949,1.9492297645698692e-07
375.009,2.0011814683943304e-07
375.07,1.960057606970988e-07
375.13,1.823997519755454e-07
375.19,1.591622633657961e-07
375.251,1.262809649095544e-07
375.311,8.388464050454736e-08
375.372,3.215370566311977e-08
375.432,0.0
375.493,0.0
375.553,0.0
375.613,0.0
375.674,0.0
375.734,0.0
375.794,0.0
375.855,0.0
375.915,0.0
375.975,0.0
376.036,0.0
376.096,0.0
376.156,0.0
376.217,0.0
376.277,0.0
376.337,0.0
376.398,0.0
376.458,0.0
376.518,0.0
376.578,0.0
376.639,0.0
376.699,0.0
376.759,0.0
376.819,0.0
376.88,0.0
376.94,0.0
377.0,0.0
377.06,0.0
377.12,0.0
377.18,0.0
377.241,0.0
377.301,0.0
377.361,0.0
377.421,0.0
377.481,0.0
377.541,0.0
377.601,0.0
377.661,0.0
377.722,0.0
377.782,0.0
377.842,0.0
377.902,0.0
377.962,0.0
378.022,0.0
378.082,0.0
378.142,0.0
378.202,0.0
378.262,0.0
378.322,0.0
378.382,0.0
378.442,0.0
378.502,0.0
378.562,0.0
378.622,0.0
378.682,0.0
378.742,0.0
378.802,0.0
378.862,0.0
378.921,0.0
378.981,0.0
379.041,0.0
379.101,0.0
379.161,0.0
379.221,0.0
379.281,0.0
379.341,0.0
379.401,0.0
379.46,0.0
379.52,0.0
379.58,0.0
379.64,0.0
379.7,6.748652499298109e-08
379.759,1.4851834961430472e-07
379.819,2.2236293900053557e-07
379.879,2.8832762615507183e-07
379.939,3.4496285684854757e-07
379.999,3.897664018636014e-07
380.058,4.2209607717465106e-07
380.118,4.3962956424795225e-07
380.178,4.418527875354004e-07
380.237,4.2942514503301493e-07
380.297,4.045742711581872e-07
380.357,3.691090793435976e-07
380.417,3.2603329975933006e-07
380.476,2.7926195107973196e-07
380.536,2.3358020260081314e-07
380.596,1.9296844153188338e-07
380.655,1.5984749748394544e-07
380.715,1.3954958880049083e-07
380.775,1.3838193127565132e-07
380.834,1.6278004540678348e-07
380.894,2.2101488807976725e-07
380.954,3.2265477829002897e-07
381.013,4.7307729527385325e-07
381.073,6.816749450863266e-07
381.132,9.54626112115136e-07
381.192,1.2980815234161802e-06
381.252,1.7159503496093508e-06
381.311,2.2121698036407156e-06
381.371,2.786881677343006e-06
381.43,3.431251982071237e-06
381.49,4.13495486750873e-06
381.549,4.8976334137071974e-06
381.609,5.736970978824913e-06
381.668,6.656331665021294e-06
381.728,7.64851942734274e-06
381.787,8.701809240396704e-06
381.847,9.80096991318088e-06
381.906,1.0982405189611353e-05
381.966,1.2299111218580065e-05
382.025,1.3781845072619921e-05
382.085,1.542524820245273e-05
382.144,1.7237783037465897e-05
382.204,1.9227263357493088e-05
382.263,2.1510213955801768e-05
382.323,2.4340736656164092e-05
382.382,2.7742136846010072e-05
382.441,3.1908895764293083e-05
382.501,3.675277539408251e-05
382.56,4.1945713535363294e-05
382.619,4.7865240247515583e-05
382.679,5.387561929527553e-05
382.738,6.0953199499829766e-05
382.798,7.459608016338856e-05
382.857,9.577760507172862e-05
382.916,0.00011509101916483592
382.976,0.00012139437314050153
383.035,0.00010938281003184167
383.094,0.00012054583342226022
383.154,0.0001507112273282829
383.213,0.00019484023718384307
383.272,0.0001837165736447098
383.331,0.00012582712721124367
383.391,0.00010002365474453255
383.45,9.42891268055749e-05
383.509,9.724598080834603e-05
383.568,0.00010615762205791244
383.628,0.00012259503649473624
383.687,0.00014735636152034013
383.746,0.00018194686784232404
383.805,0.00023080722424311602
383.864,0.0002198917476655768
383.924,0.0001475230059431378
383.983,0.00010147292285016657
384.042,7.670390849277969e-05
384.101,6.256697207382772e-05
384.16,5.187884835007257e-05
384.219,4.3424237563930844e-05
384.279,3.690778953250993e-05
384.338,3.1707589222658613e-05
384.397,2.7694214254435936e-05
384.456,2.4609940152719663e-05
384.515,2.2011946837975493e-05
384.574,1.9710938958163892e-05
384.633,1.7582586093931148e-05
384.692,1.5621567516876787e-05
384.751,1.3931517122398485e-05
384.81,1.2486822033354576e-05
384.869,1.1248141660747006e-05
384.929,1.0156487653881207e-05
384.988,9.154319584761748e-06
385.047,8.22036602016836e-06
385.106,7.34469314848756e-06
385.165,6.5034562058313865e-06
385.224,5.668248430954853e-06
385.283,4.865517023305128e-06
385.342,4.104583923474926e-06
385.401,3.396962487182642e-06
385.459,2.758368692752423e-06
385.518,2.1940254121423544e-06
385.577,1.702436659451607e-06
385.636,1.2926165581355154e-06
385.695,9.71481451321925e-07
385.754,7.230205687183299e-07
385.813,5.440572177105647e-07
385.872,4.2354324620938105e-07
385.931,3.497591349972339e-07
385.99,3.121165096360825e-07
386.049,3.028015732543983e-07
386.107,3.1616696519523845e-07
386.166,3.4661306339045715e-07
386.225,3.876521724017415e-07
386.284,4.304699861460217e-07
386.343,4.7144283196529414e-07
386.402,5.081284211256152e-07
386.46,5.396459521199717e-07
386.519,5.645255077675595e-07
386.578,5.787152875481842e-07
386.637,5.786964410660156e-07
386.696,5.649809209491848e-07
386.754,5.367089846159784e-07
386.813,4.953475005708144e-07
386.872,4.4236184746531737e-07
386.931,3.79326995345966e-07
386.989,3.075441972568021e-07
387.048,2.279516835102748e-07
387.107,1.4172717016547762e-07
387.165,5.01538927163487e-08
387.224,0.0
387.283,0.0
387.342,0.0
387.4,0.0
387.459,0.0
387.517,0.0
387.576,0.0
387.635,0.0
387.693,0.0
387.752,0.0
387.811,0.0
387.869,0.0
387.928,0.0
387.986,0.0
388.045,0.0
388.103,0.0
388.162,0.0
388.221,0.0
388.279,0.0
388.338,0.0
388.396,0.0
388.455,0.0
388.513,0.0
388.572,0.0
388.63,0.0
388.689,0.0
388.747,0.0
388.806,0.0
388.864,0.0
388.922,0.0
388.981,0.0
389.039,0.0
389.098,0.0
389.156,0.0
389.214,0.0
389.273,0.0
389.331,0.0
389.39,0.0
389.448,0.0
389.506,0.0
389.565,0.0
389.623,0.0
389.681,0.0
389.74,0.0
389.798,0.0
389.856,0.0
389.914,0.0
389.973,0.0
390.031,0.0
390.089,0.0
390.147,0.0
390.206,0.0
390.264,0.0
390.322,0.0
390.38,0.0
390.439,0.0
390.497,0.0
390.555,0.0
390.613,0.0
390.671,0.0
390.729,0.0
390.788,0.0
390.846,0.0
390.904,0.0
390.962,0.0
391.02,0.0
391.078,0.0
391.136,0.0
391.194,0.0
391.253,0.0
391.311,0.0
391.369,0.0
391.427,0.0
391.485,0.0
391.543,0.0
391.601,0.0
391.659,0.0
391.717,0.0
391.775,0.0
391.833,0.0
391.891,0.0
391.949,0.0
392.007,0.0
392.065,0.0
392.123,0.0
392.18,0.0
392.238,0.0
392.296,0.0
392.354,0.0
392.412,0.0
392.47,0.0
392.528,0.0
392.586,0.0
392.644,0.0
392.701,0.0
392.759,0.0
392.817,0.0
392.875,0.0
392.933,0.0
392.991,0.0
393.048,0.0
393.106,0.0
393.164,0.0
393.222,0.0
393.279,0.0
393.337,0.0
393.395,0.0
393.453,0.0
393.51,0.0
393.568,0.0
393.626,0.0
393.684,0.0
393.741,0.0
393.799,0.0
393.857,0.0
393.914,0.0
393.972,0.0
394.03,0.0
394.087,0.0
394.145,0.0
394.202,0.0
394.26,0.0
394.318,0.0
394.375,0.0
394.433,0.0
394.49,0.0
394.548,0.0
394.605,0.0
394.663,0.0
394.72,0.0
394.778,0.0
394.836,0.0
394.893,0.0
394.951,0.0
395.008,0.0
395.065,0.0
395.123,0.0
395.18,0.0
395.238,0.0
395.295,0.0
395.353,0.0
395.41,0.0
395.468,0.0
395.525,0.0
395.582,0.0
395.64,0.0
395.697,0.0
395.754,0.0
395.812,0.0
395.869,0.0
395.927,0.0
395.984,0.0
396.041,0.0
396.098,0.0
396.156,0.0
396.213,0.0
396.27,0.0
396.328,0.0
396.385,0.0
396.442,0.0
396.499,0.0
396.557,0.0
396.614,0.0
396.671,0.0
396.728,0.0
396.785,0.0
396.843,0.0
396.9,0.0
396.957,0.0
397.014,0.0
397.071,0.0
397.128,0.0
397.186,0.0
397.243,0.0
397.3,0.0
397.357,0.0
397.414,2.334526297730687e-07
397.471,6.074127875726689e-07
397.528,6.630569866786291e-07
397.585,4.0184954454663107e-07
397.642,0.0
397.699,0.0
397.756,0.0
397.814,0.0
397.871,0.0
397.928,0.0
397.985,2.3012446386928634e-07
398.042,5.594469805305112e-07
398.099,9.125289308365308e-07
398.156,1.2594269646594034e-06
398.212,1.6025680347115367e-06
398.269,1.944263231508323e-06
398.326,2.287639364867901e-06
398.383,2.6737375088313218e-06
398.44,3.1055816013181016e-06
398.497,3.585743138490205e-06
398.554,4.116535287506021e-06
398.611,4.703066224636162e-06
398.668,5.345912887360655e-06
398.725,6.045343817716955e-06
398.782,6.798643159030043e-06
398.839,7.59917545252216e-06
398.895,8.444112932275296e-06
398.952,9.324956692546915e-06
399.009,1.0232661712101122e-05
399.066,1.1158217812609934e-05
399.123,1.2092079581327758e-05
399.18,1.3022031878683971e-05
399.236,1.3933863257326491e-05
399.293,1.480826507756354e-05
399.35,1.562976496889737e-05
399.407,1.6383624268891526e-05
399.463,1.705523814558621e-05
399.52,1.76318342858203e-05
399.577,1.8102457551826404e-05
399.634,1.8456993164872775e-05
399.69,1.8691182401581613e-05
399.747,1.880188947418032e-05
399.804,1.8788681456975407e-05
399.861,1.865478325432095e-05
399.917,1.8404176067535675e-05
399.974,1.804102715556261e-05
400.031,1.757012799619514e-05
400.087,1.7001051521698233e-05
400.144,1.63455236905783e-05
400.201,1.5617989582456973e-05
400.257,1.4833081474613231e-05
400.314,1.4005168975533178e-05
400.37,1.3148852868729731e-05
400.427,1.227795659778152e-05
400.484,1.1405061337646881e-05
400.54,1.0542434710545078e-05
400.597,9.698716159953125e-06
400.653,8.881044361003439e-06
400.71,8.092230839197483e-06
400.766,7.335175589397238e-06
400.823,6.612676036759759e-06
400.879,5.927638112624223e-06
400.936,5.283012681326941e-06
400.993,4.6790844549543465e-06
401.049,4.11537477103842e-06
401.105,3.5947055988352124e-06
401.162,3.115015906922626e-06
401.218,2.674220582366697e-06
401.275,2.270266743972529e-06
401.331,1.897290251928402e-06
401.388,1.5532186193631371e-06
401.444,1.235898450905886e-06
401.501,9.432928691955744e-07
401.557,6.416378264666909e-07
401.614,3.3232905338755036e-07
401.67,1.592014669044246e-08
401.726,0.0
401.783,0.0
401.839,0.0
401.895,0.0
401.952,0.0
402.008,0.0
402.064,0.0
402.121,0.0
402.177,0.0
402.233,1.8067212913714375e-07
402.29,1.9231680952821455e-07
402.346,0.0
402.402,0.0
402.458,0.0
402.515,0.0
402.571,0.0
402.627,0.0
402.683,0.0
402.74,0.0
402.796,0.0
402.852,0.0
402.908,0.0
402.964,0.0
403.021,1.624438052368538e-08
403.077,9.556733538071372e-08
403.133,1.7334618934806897e-07
403.189,2.4877624467753346e-07
403.245,3.2111757289967196e-07
403.301,3.897612859127188e-07
403.357,4.57736196336087e-07
403.414,5.2371318930786e-07
403.47,5.86595220748384e-07
403.526,6.453868605231557e-07
403.582,6.957350446304494e-07
403.638,7.372100313297118e-07
403.694,7.694497258619211e-07
403.75,7.921869021954102e-07
403.806,8.053212383189281e-07
403.862,8.08857638478747e-07
403.918,8.029421848451284e-07
403.974,7.880290040878836e-07
404.03,7.641154346355367e-07
404.086,7.309448638980401e-07
404.142,6.884869900606068e-07
404.198,6.671843015057071e-07
404.254,6.669830947181445e-07
404.31,6.883279284977144e-07
404.366,7.317040308587033e-07
404.422,5.42759423604122e-07
404.478,1.2284005633543013e-07
404.534,0.0
404.59,0.0
404.646,0.0
404.701,7.508708562043466e-07
404.757,1.175971118909154e-06
404.813,2.97956000438052e-07
404.869,0.0
404.925,0.0
404.981,0.0
405.037,0.0
405.092,0.0
405.148,0.0
405.204,0.0
405.26,0.0
405.316,0.0
405.371,0.0
405.427,0.0
405.483,0.0
405.539,0.0
405.594,0.0
405.65,0.0
405.706,0.0
405.761,0.0
405.817,7.463381602916786e-08
405.873,3.173745771424257e-07
405.928,5.940408182132274e-07
405.984,9.075648355650228e-07
406.04,1.261104336657139e-06
406.095,1.656590168983405e-06
406.151,2.095787199274439e-06
406.207,2.5801006100703494e-06
406.262,3.107438793055097e-06
406.318,3.675539656379028e-06
406.374,4.281975022073496e-06
406.429,4.924144185894445e-06
406.485,5.599585241213138e-06
406.54,6.3058840513566075e-06
406.596,7.040398037124016e-06
406.651,7.80037844112766e-06
406.707,8.578497021265578e-06
406.763,9.365457805376756e-06
406.818,1.0152479924344566e-05
406.874,1.0930353983501503e-05
406.929,1.1685573741342878e-05
406.985,1.2406372386496247e-05
407.04,1.3081412086244738e-05
407.095,1.369996409646582e-05
407.151,1.4259775305401844e-05
407.206,1.4758757209864372e-05
407.262,1.519488036057018e-05
407.317,1.5566269839944615e-05
407.373,1.587109375652584e-05
407.428,1.610776029469639e-05
407.484,1.6275150829392286e-05
407.539,1.6372484979108947e-05
407.594,1.6401781087161094e-05
407.65,1.636640978224841e-05
407.705,1.626980385674088e-05
407.76,1.6115905661319106e-05
407.816,1.5915122872700305e-05
407.871,1.5676724513606018e-05
407.926,1.540951985251428e-05
407.982,1.5121983789161568e-05
408.037,1.4814962919289625e-05
408.092,1.4489531565872025e-05
408.148,1.4146957843938698e-05
408.203,1.3788652191420812e-05
408.258,1.3416046286942234e-05
408.314,1.3030634371009406e-05
408.369,1.2634074494511467e-05
408.424,1.2228169855258092e-05
408.479,1.1814836220963426e-05
408.534,1.1395913411042674e-05
408.59,1.0973175473225163e-05
408.645,1.0548394304799254e-05
408.7,1.0120070388718952e-05
408.755,9.687032506223352e-06
408.81,9.248314906143556e-06
408.866,8.802973172217498e-06
408.921,8.352612736205523e-06
408.976,7.898777534565446e-06
409.031,7.4429714968760435e-06
409.086,6.986670129321769e-06
409.141,6.531429426758703e-06
409.196,6.07870216382081e-06
409.252,5.629751406584538e-06
409.307,5.1857286824513235e-06
409.362,4.747401368423856e-06
409.417,4.315565802067461e-06
409.472,3.8912588755333465e-06
409.527,3.475740594595631e-06
409.582,3.0704190768278617e-06
409.637,2.677237976793742e-06
409.692,2.298563872376549e-06
409.747,1.9371113458319935e-06
409.802,1.596217704447688e-06
409.857,1.278917260308692e-06
409.912,9.878966561660638e-07
409.967,7.2529616878001e-07
410.022,4.925158050665189e-07
410.077,2.9019440851166246e-07
410.132,1.1823765060727554e-07
410.187,0.0
410.242,0.0
410.297,0.0
410.351,0.0
410.406,0.0
410.461,0.0
410.516,0.0
410.571,0.0
410.626,0.0
410.681,0.0
410.736,0.0
410.79,0.0
410.845,0.0
410.9,0.0
410.955,5.894996332934601e-08
411.01,1.3535653083709206e-07
411.064,2.1264022938782419e-07
411.119,2.9010941909886744e-07
411.174,3.670968742870707e-07
411.229,4.43127980954473e-07
411.283,5.178015592113923e-07
411.338,5.906414286378381e-07
411.393,6.611052591843399e-07
411.447,7.286628210170449e-07
411.502,7.92714872615864e-07
411.557,8.526021140679173e-07
411.612,9.078330961105356e-07
411.666,9.57843530097663e-07
411.721,1.0021415802179534e-06
411.776,1.0404652890219852e-06
411.83,1.0726492052735957e-06
411.885,1.098585587193274e-06
411.939,1.1181299011758733e-06
411.994,1.1310644528035053e-06
412.049,1.1370745746895752e-06
412.103,1.1360178773261593e-06
412.158,1.1279055887566695e-06
412.212,1.1126630919836812e-06
412.267,1.0903825362121218e-06
412.322,1.061149507236745e-06
412.376,1.0251725232170593e-06
412.431,9.829838778331295e-07
412.485,9.35221283700009e-07
412.54,8.826203337737008e-07
412.594,8.259084191612137e-07
412.649,7.657151662364078e-07
412.703,7.025598519983253e-07
412.758,6.37103133732743e-07
412.812,5.699769639614476e-07
412.866,5.017130964935829e-07
412.921,4.3294825494670267e-07
412.975,3.64105096374165e-07
413.03,2.9561725068053907e-07
413.084,2.2818343450405772e-07
413.139,1.6258530601430392e-07
413.193,9.960449231553765e-08
413.247,3.997585222291908e-08
413.302,0.0
413.356,0.0
413.41,0.0
413.465,0.0
413.519,0.0
413.573,0.0
413.628,0.0
413.682,0.0
413.736,0.0
413.791,0.0
413.845,0.0
413.899,0.0
413.953,0.0
414.008,0.0
414.062,0.0
414.116,0.0
414.17,0.0
414.225,0.0
414.279,3.9301127626375954e-08
414.333,1.00089182098171e-07
414.387,1.6421782165838802e-07
414.441,2.3124176898282382e-07
414.496,3.0056751403028305e-07
414.55,3.714742569212712e-07
414.604,4.43248559503805e-07
414.658,5.150960556189963e-07
414.712,5.864094442030499e-07
414.766,6.565909182389648e-07
414.82,7.248524102489118e-07
414.874,7.903592929615609e-07
414.928,8.522513304101507e-07
414.982,9.098192866578034e-07
415.037,9.624755013758102e-07
415.091,1.0097551311121876e-06
415.145,1.0512183985732541e-06
415.199,1.0864092386529834e-06
415.253,1.1153293912485291e-06
415.307,1.1376404568500328e-06
415.361,1.1531850559937015e-06
415.415,1.161795787400878e-06
415.469,1.1632708869282052e-06
415.523,1.157433207189742e-06
415.577,1.14406346541932e-06
415.631,1.1227754414269796e-06
415.684,1.0934593393249364e-06
415.738,1.0565902949786868e-06
415.792,1.012650071052679e-06
415.846,9.621189427027252e-07
415.9,9.055249318469956e-07
415.954,8.434745097184714e-07
416.008,7.766891690186694e-07
416.062,7.058195989241201e-07
416.116,6.282724629826354e-07
416.169,5.445848681450478e-07
416.223,4.5539637579791096e-07
416.277,3.615599251875108e-07
416.331,2.6403369305488204e-07
416.385,1.6388454255071705e-07
416.439,6.217253063316787e-08
416.492,0.0
416.546,0.0
416.6,0.0
416.654,0.0
416.707,0.0
416.761,0.0
416.815,0.0
416.869,0.0
416.922,0.0
416.976,0.0
417.03,0.0
417.083,0.0
417.137,0.0
417.191,0.0
417.244,1.319756844204243e-07
417.298,3.5368498799281935e-07
417.352,5.893659660308917e-07
417.405,7.850482340043837e-07
417.459,9.401239522107845e-07
417.512,1.0539258401942248e-06
417.566,1.1257952798597425e-06
417.62,1.1551180432762573e-06
417.673,1.1412486015214108e-06
417.727,1.08350732185574e-06
417.78,1.0159246738957224e-06
417.834,9.92941725516252e-07
417.887,1.0139421994137106e-06
417.941,1.0782750022499877e-06
417.994,1.1850967991054112e-06
418.048,1.333406141405264e-06
418.101,1.5220788788793424e-06
418.155,1.749888547733554e-06
418.208,1.9953743023234714e-06
418.262,2.236362938299174e-06
418.315,2.4718605624409457e-06
418.369,2.700865117236352e-06
418.422,2.9225062809797654e-06
418.476,3.1359594887440927e-06
418.529,3.3404776479133585e-06
418.582,3.5353859822683577e-06
418.636,3.7198159922813157e-06
418.689,3.8896339786564635e-06
418.743,4.043904314929053e-06
418.796,4.181724668653574e-06
418.849,4.30222102025366e-06
418.903,4.404631881238159e-06
418.956,4.488260232495751e-06
419.009,4.552448027257045e-06
419.063,4.600218014310259e-06
419.116,4.634922356741091e-06
419.169,4.656405534708969e-06
419.222,4.664610028859936e-06
419.276,4.659504939144004e-06
419.329,4.641010199243775e-06
419.382,4.609109166764228e-06
419.435,4.563867793840423e-06
419.489,4.50530795720543e-06
419.542,4.433930757213759e-06
419.595,4.349980769423063e-06
419.648,4.253722199948089e-06
419.701,4.145618648404913e-06
419.755,4.02637414694123e-06
419.808,3.896883440807269e-06
419.861,3.758189879233859e-06
419.914,3.6108942479721986e-06
419.967,3.4554558592058996e-06
420.02,3.2927778609576904e-06
420.073,3.1238318384863546e-06
420.127,2.9495203924224655e-06
420.18,2.770729588752213e-06
420.233,2.5882383232975778e-06
420.286,2.402726589987892e-06
420.339,2.215114486184475e-06
420.392,2.0264284985181894e-06
420.445,1.8376483276379611e-06
420.498,1.6498456775712852e-06
420.551,1.464082409435068e-06
420.604,1.2812746725535391e-06
420.657,1.1023421018809693e-06
420.71,9.281885305318838e-07
420.763,7.594922048673814e-07
420.816,5.968627710098014e-07
420.869,4.409131607765973e-07
420.922,2.9209538848621594e-07
420.975,1.507980510386924e-07
421.028,1.7483942357650733e-08
421.081,0.0
421.134,0.0
421.187,0.0
421.239,0.0
421.292,0.0
421.345,0.0
421.398,0.0
421.451,0.0
421.504,0.0
421.557,0.0
421.609,0.0
421.662,0.0
421.715,0.0
421.768,0.0
421.821,0.0
421.873,0.0
421.926,0.0
421.979,0.0
422.032,0.0
422.084,0.0
422.137,0.0
422.19,0.0
422.243,0.0
422.295,0.0
422.348,0.0
422.401,0.0
422.453,0.0
422.506,0.0
422.559,0.0
422.611,0.0
422.664,0.0
422.716,0.0
422.769,0.0
422.822,0.0
422.874,0.0
422.927,0.0
422.979,5.634562333273058e-08
423.032,1.1550077189683322e-07
423.084,1.6998258817000164e-07
423.137,2.1945444874453395e-07
423.189,2.6377128407069515e-07
423.242,3.0290362285410816e-07
423.294,3.404755077340614e-07
423.347,3.803478327929633e-07
423.399,4.2264731399832694e-07
423.452,4.7104301236955643e-07
423.504,5.256401822257851e-07
423.557,5.825931198205341e-07
423.609,6.417829267894482e-07
423.662,7.028430788298046e-07
423.714,7.352632044546661e-07
423.766,7.068720037928183e-07
423.819,6.174400196701293e-07
423.871,4.6386506564530795e-07
423.923,2.6619579465009443e-07
423.976,5.6257486602780834e-08
424.028,0.0
424.081,0.0
424.133,0.0
424.185,0.0
424.238,4.885439512758364e-07
424.29,1.485854455849701e-06
424.342,2.4800432737751865e-06
424.394,2.9512437603808338e-06
424.447,2.8994917135674658e-06
424.499,2.324929702961241e-06
424.551,1.4088546510138163e-06
424.603,6.722177547936923e-07
424.656,1.1542576862398017e-07
424.708,0.0
424.76,0.0
424.812,0.0
424.864,0.0
424.917,0.0
424.969,1.5570655703097754e-07
425.021,3.1683702974517183e-07
425.073,4.5260703762703427e-07
425.125,2.805150989879847e-07
425.177,4.85676543984161e-08
425.229,1.718685117402688e-06
425.282,3.2235687859581244e-06
425.334,0.0
425.386,5.242359776308756e-06
425.438,2.42845382269894e-06
425.49,0.0
425.542,0.0
425.594,0.0
425.646,2.448707883870693e-07
425.698,9.760921285758216e-07
425.75,1.294655011791432e-06
425.802,1.2005691368117253e-06
425.854,9.641717837050809e-07
425.906,5.856823684491833e-07
425.958,2.521509709392414e-07
426.01,0.0
426.062,0.0
426.114,0.0
426.166,0.0
426.218,0.0
426.27,0.0
426.321,0.0
426.373,0.0
426.425,0.0
426.477,0.0
426.529,8.094316271691785e-08
426.581,1.6493302903706755e-07
426.633,2.265740042878975e-07
426.684,2.658324101586494e-07
426.736,2.827289849287107e-07
426.788,2.8057121089428084e-07
426.84,2.593209817649566e-07
426.892,2.3820878689516594e-07
426.943,2.1731981624328847e-07
426.995,1.9655635404699145e-07
427.047,1.7571105803797935e-07
427.099,1.5467141642632306e-07
427.15,1.3323189274708345e-07
427.202,1.116612007734285e-07
427.254,8.972124442554117e-08
427.306,7.035032561279187e-08
427.357,5.3306582714528534e-08
427.409,3.846701785255946e-08
427.461,2.5628644481670913e-08
427.512,1.4445506900132475e-08
427.564,4.585604210174408e-09
427.616,0.0
427.667,0.0
427.719,0.0
427.77,0.0
427.822,0.0
427.874,0.0
427.925,0.0
427.977,0.0
428.028,0.0
428.08,0.0
428.131,0.0
428.183,0.0
428.234,0.0
428.286,0.0
428.337,0.0
428.389,0.0
428.44,0.0
428.492,0.0
428.543,0.0
428.595,0.0
428.646,0.0
428.697,0.0
428.749,0.0
428.8,0.0
428.852,0.0
428.903,0.0
428.954,0.0
429.006,0.0
429.057,0.0
429.108,0.0
429.16,0.0
429.211,0.0
429.262,0.0
429.314,0.0
429.365,0.0
429.416,0.0
429.467,0.0
429.519,0.0
429.57,0.0
429.621,0.0
429.672,0.0
429.724,0.0
429.775,0.0
429.826,0.0
429.877,0.0
429.928,0.0
429.98,0.0
430.031,0.0
430.082,0.0
430.133,0.0
430.184,0.0
430.235,0.0
430.286,0.0
430.337,0.0
430.388,0.0
430.439,0.0
430.49,0.0
430.542,0.0
430.593,0.0
430.644,0.0
430.695,0.0
430.746,0.0
430.797,0.0
430.848,0.0
430.898,0.0
430.949,0.0
431.0,0.0
431.051,0.0
431.102,0.0
431.153,3.151651975678057e-08
431.204,8.997196460708169e-08
431.255,1.4358896905013484e-07
431.306,1.9201788378701068e-07
431.357,2.345097059809586e-07
431.408,2.7049974290896774e-07
431.458,2.9945338509405226e-07
431.509,3.209885743639016e-07
431.56,3.3479676282041723e-07
431.611,3.4080160275692815e-07
431.662,3.390564904259351e-07
431.713,3.296282063552311e-07
431.763,3.1281498199764205e-07
431.814,2.889850084892327e-07
431.865,2.584387002374807e-07
431.916,2.2161825821930247e-07
431.966,1.7901751045444693e-07
432.017,1.3107882221289453e-07
432.068,7.845146230004786e-08
432.118,2.1922031812582892e-08
432.169,0.0
432.22,0.0
432.271,0.0
432.321,0.0
432.372,0.0
432.423,0.0
432.473,0.0
432.524,0.0
432.574,0.0
432.625,0.0
432.676,0.0
432.726,0.0
432.777,0.0
432.827,0.0
432.878,0.0
432.928,0.0
432.979,0.0
433.029,0.0
433.08,0.0
433.13,0.0
433.181,0.0
433.231,0.0
433.282,2.5247307431543768e-08
433.332,1.6929594385647214e-07
433.383,3.2784341124458605e-07
433.433,5.00145385201318e-07
433.484,6.854150119036491e-07
433.534,8.826713781939457e-07
433.585,1.0908628956731153e-06
433.635,1.308999181597078e-06
433.685,1.5359039092580703e-06
433.736,1.7703116607467127e-06
433.786,2.0109961515975686e-06
433.836,2.2564804120130557e-06
433.887,2.5052149976468044e-06
433.937,2.7558449044651225e-06
433.987,3.0070161357223014e-06
434.038,3.257371182980114e-06
434.088,3.505592910981033e-06
434.138,3.750316371581689e-06
434.189,3.990242001213926e-06
434.239,4.224283997112432e-06
434.289,4.451373298620921e-06
434.339,4.670299003597691e-06
434.389,4.879786882088001e-06
434.44,5.078600073413975e-06
434.49,5.263052244680975e-06
434.54,5.432182577403559e-06
434.59,5.585000064476358e-06
434.64,5.7204137227573685e-06
434.691,5.837313529176485e-06
434.741,5.934719134070503e-06
434.791,6.011865494572235e-06
434.841,6.068208831859461e-06
434.891,6.103323723976079e-06
434.941,6.116980768785763e-06
434.991,6.109178458965532e-06
435.042,6.080040081380825e-06
435.092,6.029863452019833e-06
435.142,5.959150602722578e-06
435.192,5.868465019883092e-06
435.242,5.7583858504143e-06
435.292,5.634067917091337e-06
435.342,5.496224606676421e-06
435.392,5.345625125753385e-06
435.442,5.183269382766369e-06
435.492,5.010196665643124e-06
435.542,4.827379357580305e-06
435.592,4.635842498195067e-06
435.642,4.436582151949027e-06
435.692,4.230691999339532e-06
435.742,4.019366331804086e-06
435.792,3.803722755294089e-06
435.842,3.584796311482251e-06
435.891,3.363607940091559e-06
435.941,3.1412381507256343e-06
435.991,2.918857549996304e-06
436.041,2.697703419081697e-06
436.091,2.4762609516677163e-06
436.141,2.255582748505905e-06
436.191,2.0367950518202316e-06
436.241,1.8210929997190458e-06
436.29,1.6098125967326329e-06
436.34,1.4042740346805038e-06
436.39,1.2055716418671691e-06
436.44,1.014595959151496e-06
436.49,8.320528836625844e-07
436.539,6.584200344429036e-07
436.589,4.940356884887207e-07
436.639,3.3910712772956105e-07
436.689,1.9357958843743524e-07
436.738,5.72090138449374e-08
436.788,0.0
436.838,0.0
436.887,0.0
436.937,0.0
436.987,0.0
437.036,0.0
437.086,0.0
437.136,0.0
437.185,0.0
437.235,0.0
437.285,0.0
437.334,0.0
437.384,0.0
437.433,0.0
437.483,0.0
437.532,0.0
437.582,0.0
437.631,0.0
437.681,0.0
437.73,0.0
437.78,0.0
437.829,0.0
437.879,0.0
437.928,0.0
437.978,0.0
438.027,0.0
438.077,0.0
438.126,0.0
438.176,0.0
438.225,0.0
438.274,0.0
438.324,0.0
438.373,0.0
438.422,0.0
438.472,0.0
438.521,0.0
438.57,0.0
438.62,0.0
438.669,0.0
438.718,0.0
438.768,0.0
438.817,0.0
438.866,0.0
438.915,0.0
438.965,0.0
439.014,0.0
439.063,0.0
439.112,0.0
439.162,0.0
439.211,0.0
439.26,0.0
439.309,0.0
439.358,0.0
439.407,0.0
439.456,0.0
439.506,0.0
439.555,0.0
439.604,0.0
439.653,0.0
439.702,0.0
439.751,0.0
439.8,0.0
439.849,0.0
439.898,0.0
439.947,0.0
439.996,0.0
440.045,0.0
440.094,0.0
440.143,0.0
440.192,0.0
440.241,0.0
440.29,0.0
440.339,0.0
440.388,0.0
440.437,0.0
440.486,0.0
440.535,0.0
440.583,0.0
440.632,0.0
440.681,0.0
440.73,0.0
440.779,0.0
440.828,4.224849142145393e-08
440.876,1.6247350868140737e-07
440.925,2.7768297716848886e-07
440.974,3.870386973426874e-07
441.023,4.895642321208915e-07
441.072,5.842255282838033e-07
441.12,6.701466119203864e-07
441.169,7.466522252643747e-07
441.218,8.132330961488474e-07
441.267,8.693881157878419e-07
441.315,9.145508440289075e-07
441.364,9.482194224921094e-07
441.413,9.700028619931183e-07
441.461,9.79694186720608e-07
441.51,9.771292252139474e-07
441.559,9.62088703884884e-07
441.607,9.343915956842459e-07
441.656,8.939855293808328e-07
441.705,8.409816986052448e-07
441.753,7.756442847947892e-07
441.802,6.983813660768317e-07
441.85,6.095835664710823e-07
441.899,5.097295143300011e-07
441.948,3.9950264275744804e-07
441.996,2.796812291313903e-07
442.045,1.5119311588395468e-07
442.093,1.5043151744101162e-08
442.142,0.0
442.19,0.0
442.239,0.0
442.287,0.0
442.336,0.0
442.384,0.0
442.433,0.0
442.481,0.0
442.529,0.0
442.578,0.0
442.626,0.0
442.675,0.0
442.723,0.0
442.771,0.0
442.82,0.0
442.868,0.0
442.917,0.0
442.965,0.0
443.013,0.0
443.062,0.0
443.11,0.0
443.158,0.0
443.206,0.0
443.255,0.0
443.303,0.0
443.351,0.0
443.399,0.0
443.448,0.0
443.496,0.0
443.544,0.0
443.592,0.0
443.64,0.0
443.689,0.0
443.737,0.0
443.785,0.0
443.833,0.0
443.881,0.0
443.929,0.0
443.977,0.0
444.025,0.0
444.074,0.0
444.122,0.0
444.17,6.919623359126188e-08
444.218,2.383424686759375e-07
444.266,4.0103062740072534e-07
444.314,5.559967125062767e-07
444.362,7.020185496248938e-07
444.41,8.379306427312156e-07
444.458,9.625209576375028e-07
444.506,1.0746778332449422e-06
444.554,1.1735047260986116e-06
444.602,1.2581799678171868e-06
444.65,1.327763338877746e-06
444.698,1.3814240659673944e-06
444.746,1.4185597717364237e-06
444.793,1.4387859291001987e-06
444.841,1.4420300880207536e-06
444.889,1.428498991392503e-06
444.937,1.3985947554224075e-06
444.985,1.353007707615893e-06
445.033,1.2923635681857464e-06
445.081,1.2174555248926618e-06
445.129,1.1292054654889885e-06
445.176,1.0286385367074775e-06
445.224,9.168997666049146e-07
445.272,7.953025768479425e-07
445.32,6.652480170653053e-07
445.368,5.282034021711889e-07
445.415,3.8582338292391096e-07
445.463,2.399105412085447e-07
445.511,9.220859657277339e-08
445.559,0.0
445.606,0.0
445.654,0.0
445.702,0.0
445.749,0.0
445.797,0.0
445.845,0.0
445.892,0.0
445.94,0.0
445.988,0.0
446.035,0.0
446.083,0.0
446.13,0.0
446.178,0.0
446.226,0.0
446.273,0.0
446.321,5.951868024365298e-09
446.368,4.124905185960826e-07
446.416,9.10890117498168e-07
446.463,1.5074598346031863e-06
446.511,2.207762040859836e-06
446.558,3.018697447381726e-06
446.606,3.946212269329477e-06
446.653,4.994756703290641e-06
446.701,6.1620094132910945e-06
446.748,7.663059827389129e-06
446.796,9.28532700406697e-06
446.843,9.17446233750887e-06
446.891,9.006328216572935e-06
446.938,1.9819468607200283e-05
446.985,1.2608459351217577e-05
447.033,1.570890969040759e-05
447.08,1.8982884150398408e-05
447.128,2.056425541277147e-05
447.175,2.2124935050939936e-05
447.222,2.3889304267853024e-05
447.27,2.5658450672352163e-05
447.317,2.7431653335504443e-05
447.364,2.9204000925237755e-05
447.411,3.0969087114356386e-05
447.459,3.274751581980579e-05
447.506,3.459337642423793e-05
447.553,3.6565007093528415e-05
447.601,3.868851114348619e-05
447.648,4.097996082645248e-05
447.695,4.344658792129721e-05
447.742,4.6086241097261695e-05
447.789,4.886919675349934e-05
447.837,5.171449359975104e-05
447.884,5.450862755329579e-05
447.931,5.708925647347253e-05
447.978,5.9305884823451476e-05
448.025,6.102597838773203e-05
448.072,6.213322673667956e-05
448.12,6.253978508709157e-05
448.167,6.221069725470791e-05
448.214,6.114281206764387e-05
448.261,5.9384125468848973e-05
448.308,5.706277263798465e-05
448.355,5.4323245427657914e-05
448.402,5.13054326283474e-05
448.449,4.815137173689872e-05
448.496,4.498857846545498e-05
448.543,4.1911645770772975e-05
448.59,3.903417589227514e-05
448.637,3.6395730710743e-05
448.684,3.399615650770171e-05
448.731,3.182418798345159e-05
448.778,2.986181028271128e-05
448.825,2.8083438148821077e-05
448.872,2.6465024752314478e-05
448.919,2.4985202414106478e-05
448.966,2.3584485975727593e-05
449.013,2.2264230684358147e-05
449.06,2.1017433057038094e-05
449.107,1.9835094780391684e-05
449.154,1.8708202303517703e-05
449.2,1.7627422944556618e-05
449.247,1.657931365630233e-05
449.294,1.5553821462532733e-05
449.341,1.455849299766891e-05
449.388,1.3581296936650362e-05
449.435,1.2618168806596089e-05
449.481,1.166752104173978e-05
449.528,1.0734438929905203e-05
449.575,9.825558010540432e-06
449.622,8.947050100134102e-06
449.668,8.105210631661643e-06
449.715,7.307152246762151e-06
449.762,6.5542919235895295e-06
449.809,5.8497574307788996e-06
449.855,5.19541539456338e-06
449.902,4.591665124848981e-06
449.949,4.03735025572456e-06
449.995,3.532860113410443e-06
450.042,3.0772534909034553e-06
450.089,2.666145355821818e-06
450.135,2.2983082316106735e-06
450.182,1.97129476772316e-06
450.229,1.6823485579604318e-06
450.275,1.4259443198904278e-06
450.322,1.1969685293378433e-06
450.368,9.910583021810519e-07
450.415,8.043259481637733e-07
450.462,6.333301232685657e-07
450.508,4.758972601659265e-07
450.555,3.3037715464306685e-07
450.601,1.954504042229474e-07
450.648,7.008947841260132e-08
450.694,0.0
450.741,0.0
450.787,0.0
450.834,0.0
450.88,0.0
450.927,0.0
450.973,0.0
451.019,0.0
451.066,0.0
451.112,0.0
451.159,0.0
451.205,0.0
451.251,0.0
451.298,0.0
451.344,0.0
451.39,0.0
451.437,0.0
451.483,0.0
451.529,0.0
451.576,0.0
451.622,0.0
451.668,0.0
451.714,0.0
451.761,0.0
451.807,0.0
451.853,0.0
451.899,0.0
451.945,0.0
451.992,0.0
452.038,0.0
452.084,0.0
452.13,0.0
452.176,0.0
452.222,0.0
452.268,0.0
452.315,0.0
452.361,0.0
452.407,0.0
452.453,0.0
452.499,0.0
452.545,0.0
452.591,0.0
452.637,0.0
452.683,0.0
452.729,0.0
452.775,0.0
452.821,0.0
452.867,0.0
452.913,0.0
452.959,0.0
453.005,0.0
453.051,0.0
453.097,0.0
453.142,0.0
453.188,0.0
453.234,0.0
453.28,0.0
453.18,2.307494526958465e-06
453.319,1.4619254475998512e-06
453.458,1.8126070889311659e-06
453.596,9.753070116914153e-07
453.735,0.0
453.873,0.0
454.012,0.0
454.15,0.0
454.289,0.0
454.427,0.0
454.566,0.0
454.704,0.0
454.843,0.0
454.981,0.0
455.12,0.0
455.258,0.0
455.397,0.0
455.535,0.0
455.674,0.0
455.812,0.0
455.951,1.16825047572412e-07
456.089,3.848368745894715e-07
456.227,7.65274095158413e-07
456.366,1.2651742869082705e-06
456.504,1.8728657509435815e-06
456.642,2.5732920064975196e-06
456.781,3.336241938316265e-06
456.919,4.142653066970172e-06
457.057,4.980707948856328e-06
457.196,5.846374458631329e-06
457.334,6.733254652433996e-06
457.472,7.633853399623464e-06
457.61,8.547590680397814e-06
457.749,9.471718578181353e-06
457.887,1.0402603280492078e-05
458.025,1.133598072341218e-05
458.163,1.2268116044520752e-05
458.301,1.3196508756240775e-05
458.44,1.4116937549922992e-05
458.578,1.5024712554305176e-05
458.716,1.591661624260803e-05
458.854,1.6790037914330726e-05
458.992,1.7645082849101607e-05
459.13,1.8483781648795605e-05
459.269,1.9307184069531064e-05
459.407,2.011528115772317e-05
459.545,2.091204976855168e-05
459.683,2.170194127842111e-05
459.821,2.2489455759861462e-05
459.959,2.327795459470917e-05
460.097,2.406997903226248e-05
460.235,2.486694421136527e-05
460.373,2.566774966617147e-05
460.511,2.646350291292881e-05
460.649,2.725894835534135e-05
460.787,2.8063726397381385e-05
460.925,2.887082838285537e-05
461.063,2.9699082820296802e-05
461.201,3.0569259443879905e-05
461.339,3.148408397690644e-05
461.477,3.246856728414138e-05
461.615,3.3557070789966e-05
461.753,3.473074187985036e-05
461.891,3.595376272086527e-05
462.029,3.728119718856415e-05
462.166,3.862594642255483e-05
462.304,3.9869424539161937e-05
462.442,4.095627873413537e-05
462.58,4.1529636522329794e-05
462.718,4.1455393910120954e-05
462.856,4.077884458915299e-05
462.993,3.939364143260325e-05
463.131,3.754616064088488e-05
463.269,3.552686117699521e-05
463.407,3.313023279714974e-05
463.545,3.1254007189223984e-05
463.682,3.284770001640781e-05
463.82,3.8915635565353374e-05
463.958,4.546605925658866e-05
464.095,4.782061726714281e-05
464.233,4.674252079950894e-05
464.371,4.569566149182129e-05
464.509,4.4949812921435624e-05
464.646,4.357263011860744e-05
464.784,4.156193650898239e-05
464.921,3.8783826076510505e-05
465.059,3.540011854249773e-05
465.197,3.1827815774521196e-05
465.334,2.8262796078237705e-05
465.472,2.4850509600455537e-05
465.609,2.1671089555092027e-05
465.747,1.87407155267202e-05
465.885,1.6078498950270058e-05
466.022,1.3687250342198297e-05
466.16,1.1557125737413714e-05
466.297,9.641376561923405e-06
466.435,7.903887686133298e-06
466.572,6.335468779973429e-06
466.71,4.928523698796843e-06
466.847,3.6817411536449007e-06
466.985,2.591402731359642e-06
467.122,1.6576169904971347e-06
467.26,8.732584153484744e-07
467.397,2.433238532328566e-07
467.534,0.0
467.672,0.0
467.809,0.0
467.947,0.0
468.084,0.0
468.221,0.0
468.359,0.0
468.496,0.0
468.633,1.7261828018965984e-07
468.771,6.455738263153211e-07
468.908,1.2152884083177097e-06
469.045,1.8714603622829857e-06
469.183,2.604835103862703e-06
469.32,3.400430934591448e-06
469.457,4.242913737989084e-06
469.594,5.086910557572815e-06
469.732,5.915466990030044e-06
469.869,6.688338391209576e-06
470.006,7.359439458926812e-06
470.143,7.91341330265401e-06
470.28,8.33594120962712e-06
470.417,8.615261460001498e-06
470.555,8.747790403717296e-06
470.692,8.747342295358544e-06
470.829,8.615512736894153e-06
470.966,8.368774000664276e-06
471.103,8.026953593317256e-06
471.24,7.59281538727121e-06
471.377,7.070487767693566e-06
471.514,6.470472079925849e-06
471.651,5.804740842262265e-06
471.789,5.086104667890353e-06
471.926,4.328122086515951e-06
472.063,3.545394705460162e-06
472.2,2.7533810894122082e-06
472.337,1.967679670196558e-06
472.474,1.2027300242630745e-06
472.611,4.70482574204431e-07
472.748,0.0
472.884,0.0
473.021,0.0
473.158,0.0
473.295,0.0
473.432,0.0
473.569,0.0
473.706,0.0
473.843,0.0
473.98,0.0
474.117,0.0
474.253,0.0
474.39,0.0
474.527,0.0
474.664,0.0
474.801,0.0
474.937,0.0
475.074,0.0
475.211,0.0
475.348,0.0
475.484,0.0
475.621,0.0
475.758,0.0
475.894,0.0
476.031,0.0
476.168,0.0
476.304,0.0
476.441,0.0
476.578,0.0
476.714,0.0
476.851,0.0
476.987,2.338049054881573e-07
477.124,7.186766290675711e-07
477.261,1.2090071740733263e-06
477.397,1.7017323953212828e-06
477.534,2.1937893521202922e-06
477.67,2.6821705823359804e-06
477.807,3.1638306925865424e-06
477.943,3.6357761691458725e-06
478.08,4.095514393749547e-06
478.216,4.540536770408543e-06
478.353,4.96853064758783e-06
478.489,5.3776190372919895e-06
478.626,5.766188976068162e-06
478.762,6.132868519790382e-06
478.898,6.476519767328281e-06
479.035,6.7960496444201045e-06
479.171,7.090436649438223e-06
479.308,7.358952957279614e-06
479.444,7.600973269291744e-06
479.58,7.815427195008413e-06
479.717,8.001342225234222e-06
479.853,8.157841421320794e-06
479.989,8.284213638359323e-06
480.126,8.380062926188834e-06
480.262,8.445301367648347e-06
480.398,8.480078760413805e-06
480.535,8.484799933968878e-06
480.671,8.46013291493827e-06
480.807,8.407041983646248e-06
480.943,8.326801391802653e-06
481.08,8.220870203865744e-06
481.216,8.09077624676099e-06
481.352,7.938031287998853e-06
481.488,7.76407680895472e-06
481.624,7.5704702468649134e-06
481.76,7.358950748896597e-06
481.897,7.131284322713714e-06
482.033,6.889217846307902e-06
482.169,6.6345313567100664e-06
482.305,6.368998026869239e-06
482.441,6.094356069346899e-06
482.577,5.812445248285681e-06
482.713,5.524976010035304e-06
482.849,5.233382255589361e-06
482.985,4.938998981175488e-06
483.121,4.643025113393009e-06
483.258,4.346549230917779e-06
483.394,4.050699728258621e-06
483.53,3.7565279272602595e-06
483.665,3.4649731084053253e-06
483.801,3.1769864979780824e-06
483.937,2.8936592634897566e-06
484.073,2.6161024728918837e-06
484.209,2.345520919945451e-06
484.345,2.083131943373338e-06
484.481,1.8299904554949335e-06
484.617,1.587016741196007e-06
484.753,1.3549867616340612e-06
484.889,1.1345543230644979e-06
485.025,9.260214575316857e-07
485.161,7.298314873730874e-07
485.296,5.462460183483507e-07
485.432,3.754288029008506e-07
485.568,2.174971010114133e-07
485.704,7.256379652659438e-08
485.84,0.0
485.975,0.0
486.111,0.0
486.247,0.0
486.383,0.0
486.518,0.0
486.654,0.0
486.79,0.0
486.926,0.0
487.061,0.0
487.197,0.0
487.333,0.0
487.468,0.0
487.604,0.0
487.74,0.0
487.875,0.0
488.011,0.0
488.146,0.0
488.282,0.0
488.417,0.0
488.553,0.0
488.688,0.0
488.824,0.0
488.96,4.5224321591597776e-08
489.095,1.5544457812700952e-07
489.23,2.687734532161072e-07
489.366,3.6986023116806663e-07
489.501,4.581432901201153e-07
489.637,5.330592054083593e-07
489.772,5.939609885129253e-07
489.908,6.402209122284005e-07
490.043,6.711298909281812e-07
490.178,6.858629369868491e-07
490.314,6.836300046040316e-07
490.449,6.889423134452792e-07
490.585,7.010616375967143e-07
490.72,7.193827973333988e-07
490.855,7.434027100992068e-07
490.991,7.748466342598673e-07
491.126,8.301481318157266e-07
491.261,9.083367223686569e-07
491.396,1.0091189565480974e-06
491.532,1.1173381101996165e-06
491.667,1.2327270987688646e-06
491.802,1.355058909985342e-06
491.937,1.4842141090817346e-06
492.073,1.601311067831589e-06
492.208,1.6591249113041803e-06
492.343,1.655628570494659e-06
492.478,1.5888308725553562e-06
492.613,1.4570064764617937e-06
492.749,1.2583897804846918e-06
492.884,9.919628106013705e-07
493.019,6.573419123078761e-07
493.154,3.677131401808723e-07
493.289,2.586102822306255e-07
493.424,3.3168497316889694e-07
493.559,5.862989421141387e-07
493.694,8.309755643189141e-07
493.829,8.644318821770333e-07
493.964,6.8882654628594e-07
494.099,3.072665812018737e-07
494.234,0.0
494.369,0.0
494.504,0.0
494.639,0.0
494.774,0.0
494.909,0.0
495.044,0.0
495.179,0.0
495.314,0.0
495.449,0.0
495.584,0.0
495.719,0.0
495.854,0.0
495.988,1.9866412614575912e-07
496.123,1.0379501662149667e-06
496.258,2.0694959617249043e-06
496.393,3.315699867656672e-06
496.528,4.822951042063491e-06
496.663,6.654195511816097e-06
496.797,8.841105493607084e-06
496.932,1.1409406374961585e-05
497.067,1.4394284231312426e-05
497.202,1.7838832932270523e-05
497.336,2.1751017129892952e-05
497.471,2.6101519137921778e-05
497.606,3.0918976527675926e-05
497.74,3.609709182627302e-05
497.875,4.1560316606516634e-05
498.01,4.7414742539763824e-05
498.144,5.330187763050165e-05
498.279,5.902434540659637e-05
498.414,6.45735790666411e-05
498.548,6.893374966701217e-05
498.683,7.25474521538636e-05
498.817,7.759715032378865e-05
498.952,8.417791806895485e-05
499.087,9.135493085128588e-05
499.221,9.898629674785062e-05
499.356,0.00010684022952240048
499.49,0.00011485014775011271
499.625,0.00012322162340356235
499.759,0.0001316902409543193
499.894,0.00014017263877221076
500.028,0.0001496513144183276
500.162,0.0001582120963380142
500.297,0.00015793392137884534
500.431,0.00016732127572216386
500.566,0.00016693840398141274
500.7,0.0001634495721609732
500.835,0.0001582157573832301
500.969,0.00015064424182364126
501.103,0.0001416175504959686
501.238,0.00013203355301782643
501.372,0.0001225675348944743
501.506,0.00011367013199435997
501.641,0.0001054176638062533
501.775,9.7859221449985e-05
501.909,9.10324593166862e-05
502.043,8.49074874613951e-05
502.178,7.942817078939837e-05
502.312,7.453304392368038e-05
502.446,7.015035849330611e-05
502.58,6.619555694877644e-05
502.715,6.276625399442075e-05
502.849,5.978294454182556e-05
502.983,5.698598564975695e-05
503.117,5.431380064600436e-05
503.251,5.075923624373869e-05
503.385,4.6328305734761754e-05
503.52,4.375002487710551e-05
503.654,4.303767265881083e-05
503.788,4.1451612812408017e-05
503.922,3.8988831082929736e-05
504.056,3.667012340966666e-05
504.19,3.449397489727513e-05
504.324,3.261016057403429e-05
504.458,3.098193391192849e-05
504.592,2.9378677267044366e-05
504.726,2.775739145239969e-05
504.86,2.6099540459783503e-05
504.994,2.4409964915911197e-05
505.128,2.27184801606344e-05
505.262,2.103115922347726e-05
505.396,1.9348406527871972e-05
505.53,1.7684843331839514e-05
505.664,1.6090218029345368e-05
505.798,1.4599765013110853e-05
505.932,1.3212350155834305e-05
506.066,1.1925595803364671e-05
506.199,1.0735596755344236e-05
506.333,9.63931974553813e-06
506.467,8.63776686175551e-06
506.601,7.727393911092456e-06
506.735,6.885749446283142e-06
506.869,6.095000467863966e-06
507.002,5.35253323572698e-06
507.136,4.65517785231778e-06
507.27,3.998844753147173e-06
507.404,3.381404440022811e-06
507.537,2.802450762520696e-06
507.671,2.259794382705478e-06
507.805,1.751210643953014e-06
507.939,1.276187245684489e-06
508.072,8.343001522280308e-07
508.206,4.252032815793949e-07
508.34,4.847870236761409e-08
508.473,0.0
508.607,0.0
508.74,0.0
508.874,0.0
509.008,0.0
509.141,0.0
509.275,0.0
509.408,0.0
509.542,0.0
509.675,0.0
509.809,0.0
509.942,0.0
510.076,0.0
510.209,0.0
510.343,0.0
510.476,0.0
510.61,0.0
510.743,0.0
510.877,0.0
511.01,0.0
511.143,0.0
511.277,0.0
511.41,0.0
511.543,0.0
511.677,0.0
511.81,0.0
511.943,0.0
512.077,0.0
512.21,0.0
512.343,0.0
512.476,0.0
512.61,0.0
512.743,0.0
512.876,0.0
513.009,0.0
513.142,0.0
513.276,0.0
513.409,3.6883577683543355e-08
513.542,2.6971304026518967e-07
513.675,5.311404821078362e-07
513.808,8.320124025332098e-07
513.941,1.2292605387688474e-06
514.074,1.7643567440591341e-06
514.207,2.4522893830259056e-06
514.34,3.309460964038775e-06
514.474,4.342028511284346e-06
514.607,5.549595033560699e-06
514.74,6.93274134960975e-06
514.873,8.468954863221628e-06
515.006,9.989158010318587e-06
515.139,1.1297744230011208e-05
515.272,1.2331486144532344e-05
515.404,1.3013442529912377e-05
515.537,1.3576378433594801e-05
515.67,1.4489399629779997e-05
515.803,1.5634425628241415e-05
515.936,1.752650072194705e-05
516.069,2.081459367269968e-05
516.202,2.295493905866819e-05
516.335,2.0799454971955857e-05
516.468,3.7748904104930914e-05
516.6,7.55088418957193e-05
516.733,0.00013377951611910762
516.866,0.00013532829158455445
516.999,0.0001089124797788478
517.132,0.000165644350796376
517.264,0.0002991733799489998
517.397,0.0002978263251990487
517.53,0.00018659573484261293
517.663,0.00012465301247387357
517.795,0.00010355852028987465
517.928,9.560176643442262e-05
518.061,0.00010319813624581053
518.193,0.000173815854852199
518.326,0.0003805808286893063
518.459,0.00042445585098080916
518.591,0.0002845227780103976
518.724,0.00016829380058903004
518.857,0.00011964279774336917
518.989,9.80949213914147e-05
519.122,8.046179980317374e-05
519.254,6.807533311637944e-05
519.387,5.8655814257830764e-05
519.519,5.058930497498099e-05
519.652,4.4262633376981035e-05
519.784,3.937661807620538e-05
519.917,3.55639792212554e-05
520.049,3.255708336410267e-05
520.182,2.9951218637660387e-05
520.314,2.772141913281678e-05
520.447,2.5648422020338796e-05
520.579,2.3674932509358513e-05
520.712,2.1841013874988465e-05
520.844,2.0080824796807873e-05
520.976,1.844466133390853e-05
521.109,1.690805809842658e-05
521.241,1.5454861732862433e-05
521.373,1.4074150472400944e-05
521.506,1.2771469101367438e-05
521.638,1.1560403906128556e-05
521.77,1.0431604639962704e-05
521.903,9.390724392657963e-06
522.035,8.435176483842126e-06
522.167,7.5552810071363746e-06
522.3,6.759323633183512e-06
522.432,6.046550888531007e-06
522.564,5.410107396371867e-06
522.696,4.8414137933258895e-06
522.828,4.336061771099929e-06
522.961,3.890321130724909e-06
523.093,3.4917029219512606e-06
523.225,3.1375736002084334e-06
523.357,2.8146598256012005e-06
523.489,2.515932751448031e-06
523.621,2.237005883254233e-06
523.753,1.972973358034912e-06
523.885,1.7196732915330395e-06
524.018,1.4714449750915515e-06
524.15,1.2273680123148046e-06
524.282,9.88449376115488e-07
524.414,7.540521128531959e-07
524.546,5.213532023527277e-07
524.678,2.874353500708673e-07
524.81,5.0495517971172176e-08
524.942,0.0
525.074,0.0
525.206,0.0
525.338,0.0
525.469,0.0
525.601,0.0
525.733,0.0
525.865,0.0
525.997,0.0
526.129,0.0
526.261,0.0
526.393,0.0
526.524,0.0
526.656,0.0
526.788,0.0
526.92,0.0
527.052,0.0
527.183,0.0
527.315,0.0
527.447,0.0
527.578,0.0
527.71,0.0
527.842,0.0
527.973,0.0
528.105,0.0
528.237,0.0
528.368,0.0
528.5,0.0
528.632,0.0
528.763,0.0
528.895,0.0
529.026,0.0
529.158,0.0
529.289,0.0
529.421,0.0
529.552,0.0
529.684,0.0
529.815,0.0
529.947,0.0
530.078,0.0
530.21,0.0
530.341,0.0
530.472,0.0
530.604,0.0
530.735,0.0
530.867,8.034675692902488e-08
530.998,3.172886541899803e-07
531.129,5.478743135032963e-07
531.26,7.706501850982649e-07
531.392,9.843916022491514e-07
531.523,1.172015409397e-06
531.654,1.3174289763283476e-06
531.786,1.4224533682191841e-06
531.917,1.4743208002439951e-06
532.048,1.4725476312941614e-06
532.179,1.4168007369144848e-06
532.311,1.3067179878827452e-06
532.442,1.1418626476180414e-06
532.573,9.64237409960655e-07
532.704,7.992186746708569e-07
532.835,6.618607189007203e-07
532.966,5.976866932757425e-07
533.097,6.064271961961902e-07
533.229,6.878401020270485e-07
533.36,8.417989172653461e-07
533.491,1.0681574336073652e-06
533.622,1.3250522215765387e-06
533.753,1.5973598280818773e-06
533.884,1.8432823723974554e-06
534.015,1.995218782947601e-06
534.146,2.0533766168917084e-06
534.277,2.0180391390694624e-06
534.408,1.889613903717528e-06
534.539,1.668750168986788e-06
534.67,1.3713313449786802e-06
534.801,9.98306545147316e-07
534.932,5.925109744598929e-07
535.063,2.0679290555285075e-07
535.194,0.0
535.324,0.0
535.455,0.0
535.586,0.0
535.717,0.0
535.848,0.0
535.979,0.0
536.109,0.0
536.24,0.0
536.371,0.0
536.502,0.0
536.632,0.0
536.763,0.0
536.894,0.0
537.025,0.0
537.155,0.0
537.286,0.0
537.417,0.0
537.547,0.0
537.678,0.0
537.808,0.0
537.939,0.0
538.07,0.0
538.2,0.0
538.331,0.0
538.461,0.0
538.592,0.0
538.722,0.0
538.853,0.0
538.983,0.0
539.114,0.0
539.244,0.0
539.375,0.0
539.505,0.0
539.636,0.0
539.766,0.0
539.896,0.0
540.027,0.0
540.157,0.0
540.287,0.0
540.418,0.0
540.548,0.0
540.678,0.0
540.809,0.0
540.939,0.0
541.069,0.0
541.2,0.0
541.33,0.0
541.46,0.0
541.59,0.0
541.72,0.0
541.851,0.0
541.981,3.570118678202186e-07
542.111,8.16433914485047e-07
542.241,1.2945059308410323e-06
542.371,1.789452048786975e-06
542.501,2.249385468787256e-06
542.631,2.6229161587720158e-06
542.761,2.893158434170305e-06
542.891,3.0458700454928377e-06
543.021,3.082670453156469e-06
543.151,3.002584292350487e-06
543.281,2.8047605191337396e-06
543.411,2.4885381964140713e-06
543.542,2.1261698649238953e-06
543.671,1.7970014551076947e-06
543.801,1.5540093901780673e-06
543.931,1.4435363900075366e-06
544.061,1.4801124236979629e-06
544.191,1.663473005616428e-06
544.321,1.9934612122961824e-06
544.451,2.469975850047625e-06
544.581,3.038371618487594e-06
544.711,3.6167918583881903e-06
544.841,4.1307741752922996e-06
544.97,4.5131291849178195e-06
545.1,4.722764917182577e-06
545.23,4.760785389998718e-06
545.36,4.62852176472704e-06
545.49,4.327508180654488e-06
545.619,3.876261008544603e-06
545.749,3.330281324148822e-06
545.879,2.746307098727395e-06
546.009,2.1779326074434532e-06
546.138,1.6697119832098173e-06
546.268,1.2229211142791335e-06
546.398,8.387225039963709e-07
546.527,5.182284626808491e-07
546.657,2.660908096353954e-07
546.786,6.785170010799907e-08
546.916,0.0
547.046,0.0
547.175,0.0
547.305,0.0
547.434,0.0
547.564,0.0
547.693,0.0
547.823,0.0
547.953,0.0
548.082,0.0
548.211,0.0
548.341,0.0
548.47,0.0
548.6,0.0
548.729,0.0
548.859,0.0
548.988,0.0
549.117,0.0
549.247,0.0
549.376,0.0
549.505,2.1156020635456056e-07
549.635,4.650727713498853e-07
549.764,7.275665718216244e-07
549.893,9.924880544204698e-07
550.023,1.2554063144523153e-06
550.152,1.5171793386061748e-06
550.281,1.7671112375429625e-06
550.41,1.996379035975336e-06
550.539,2.18995726892693e-06
550.669,2.3320223421317075e-06
550.798,2.4073645723977864e-06
550.927,2.4014948029889366e-06
551.056,2.312295348106752e-06
551.185,2.117210611740105e-06
551.314,1.8298993125565577e-06
551.443,1.4683583581173267e-06
551.573,1.0963684721396511e-06
551.702,7.810862452759971e-07
551.831,6.079580097865303e-07
551.96,6.667827600970204e-07
552.089,9.970934566997688e-07
552.218,1.7196001659522561e-06
552.347,2.955884916804438e-06
552.476,4.829562162699566e-06
552.605,7.234486859366085e-06
552.734,9.850758702177373e-06
552.863,1.2118311167136372e-05
552.992,1.3367380276704067e-05
553.121,1.3409226913838015e-05
553.249,1.2365933343897435e-05
553.378,1.0684793578563877e-05
553.507,8.98414957223755e-06
553.636,7.574814800683993e-06
553.765,6.531786808331046e-06
553.894,5.787199256728088e-06
554.023,5.212790373477403e-06
554.151,4.717744832763597e-06
554.28,4.2831215032905775e-06
554.409,3.89064460970516e-06
554.538,3.499224773162448e-06
554.666,3.09901010268065e-06
554.795,2.679884648821706e-06
554.924,2.2536118840443577e-06
555.052,1.8409158830834706e-06
555.181,1.4489545274886403e-06
555.31,1.081789688649998e-06
555.439,7.414270356103606e-07
555.567,4.293976976776867e-07
555.696,1.4210875472254184e-07
555.824,0.0
555.953,0.0
556.082,0.0
556.21,0.0
556.339,0.0
556.467,0.0
556.596,0.0
556.724,0.0
556.853,0.0
556.981,0.0
557.11,0.0
557.238,0.0
557.367,0.0
557.495,0.0
557.623,0.0
557.752,0.0
557.88,0.0
558.008,0.0
558.137,0.0
558.265,0.0
558.393,0.0
558.522,0.0
558.65,0.0
558.778,0.0
558.906,0.0
559.035,0.0
559.163,0.0
559.291,0.0
559.419,0.0
559.548,0.0
559.676,0.0
559.804,0.0
559.932,0.0
560.06,0.0
560.188,0.0
560.316,0.0
560.444,0.0
560.572,0.0
560.7,7.678525263701246e-08
560.828,3.8539634776325195e-07
560.956,7.081677477516822e-07
561.085,1.0464582562290145e-06
561.212,1.401733226492916e-06
561.34,1.7748578406398596e-06
561.468,2.166723644212749e-06
561.596,2.5784934176433737e-06
561.724,3.0112796205559306e-06
561.852,3.4689375460679007e-06
561.98,3.954369202058281e-06
562.108,4.469063575788414e-06
562.236,5.011529148170978e-06
562.364,5.581152534667106e-06
562.492,6.178463081234111e-06
562.619,6.804920821084235e-06
562.747,7.4628437771693564e-06
562.875,8.15323478442344e-06
563.003,8.878524621930473e-06
563.13,9.639036351218455e-06
563.258,1.0436085893959115e-05
563.386,1.1271969633082203e-05
563.514,1.2150270140908199e-05
563.641,1.307732730155211e-05
563.769,1.4060756154848896e-05
563.897,1.5089054432934032e-05
564.024,1.6150265974764568e-05
564.152,1.7236582800982444e-05
564.28,1.835986700194849e-05
564.407,1.952746594160858e-05
564.535,2.0741793547056964e-05
564.662,2.200564171544892e-05
564.79,2.332089553937327e-05
564.917,2.4730949946929507e-05
565.045,2.6281768982461863e-05
565.173,2.8018844997446782e-05
565.3,2.995837076810726e-05
565.428,3.211644473711445e-05
565.555,3.450182829446752e-05
565.682,3.7115274502628005e-05
565.81,3.994273836827795e-05
565.937,4.293388208130133e-05
566.065,4.6019521466417296e-05
566.192,4.912714923153642e-05
566.32,5.2182538311455784e-05
566.447,5.510103600924034e-05
566.574,5.7817626693289886e-05
566.702,6.023703194393417e-05
566.829,6.226722090619357e-05
566.956,6.389954825910693e-05
567.083,6.517379907644501e-05
567.211,6.620757541081914e-05
567.338,6.722200449038162e-05
567.465,6.829994668311041e-05
567.593,6.92910427380964e-05
567.72,7.000357209218988e-05
567.847,6.991530694883756e-05
567.974,6.99059213200376e-05
568.101,7.666330059191633e-05
568.228,9.851545978946774e-05
568.356,0.0001079393553141035
568.483,9.929946369991686e-05
568.61,9.512255546884396e-05
568.737,0.00012195792510091948
568.864,0.00015263126328474193
568.991,0.000139052492126499
569.118,0.0001077100068923106
569.245,8.718816995444756e-05
569.372,7.299335279082169e-05
569.499,6.202233336355181e-05
569.626,5.439193273175845e-05
569.753,4.930095170085116e-05
569.88,4.526676246592971e-05
570.007,4.183742089187089e-05
570.134,3.878306630139621e-05
570.261,3.6011211833162324e-05
570.388,3.355439746148607e-05
570.515,3.1325960713687087e-05
570.642,2.9232829390773322e-05
570.768,2.7215630278507316e-05
570.895,2.526361283960815e-05
571.022,2.3401604330081415e-05
571.149,2.1619000274106056e-05
571.276,1.9898257508050654e-05
571.402,1.820718022786208e-05
571.529,1.6554758585884197e-05
571.656,1.4967284011592076e-05
571.783,1.3477959847816924e-05
571.909,1.2107890178648951e-05
572.036,1.0846925793120694e-05
572.163,9.691275012474915e-06
572.289,8.637941097044209e-06
572.416,7.698405991812763e-06
572.543,6.866076551225972e-06
572.669,6.12913088569781e-06
572.796,5.470474205049989e-06
572.922,4.87385833140431e-06
573.049,4.338811219163697e-06
573.176,3.86904097757687e-06
573.302,3.459910559178816e-06
573.429,3.1026908594935334e-06
573.555,2.787198392976084e-06
573.682,2.504467640578337e-06
573.808,2.246743107287516e-06
573.935,2.006660987943952e-06
574.061,1.7779099439469097e-06
574.188,1.555342757381839e-06
574.314,1.335922930579029e-06
574.44,1.1155073773705622e-06
574.567,8.935708577074985e-07
574.693,6.700648173905069e-07
574.82,4.455405597773596e-07
574.946,2.2079686936124355e-07
575.072,0.0
575.198,0.0
575.325,0.0
575.451,0.0
575.577,0.0
575.704,0.0
575.83,0.0
575.956,0.0
576.082,0.0
576.208,0.0
576.335,0.0
576.461,0.0
576.587,0.0
576.713,0.0
576.839,0.0
576.965,0.0
577.091,0.0
577.217,0.0
577.343,0.0
577.469,0.0
577.596,0.0
577.722,0.0
577.848,0.0
577.974,0.0
578.099,0.0
578.225,0.0
578.351,0.0
578.477,0.0
578.603,0.0
578.729,0.0
578.855,0.0
578.981,0.0
579.107,0.0
579.232,0.0
579.358,0.0
579.484,0.0
579.61,0.0
579.735,0.0
579.861,0.0
579.987,0.0
580.113,0.0
580.238,0.0
580.364,0.0
580.49,0.0
580.615,0.0
580.741,0.0
580.867,0.0
580.992,0.0
581.118,0.0
581.243,0.0
581.369,0.0
581.494,7.625674498835971e-08
581.62,4.714074152479295e-07
581.745,8.829810460405642e-07
581.871,1.3124105321158095e-06
581.996,1.7607649315774443e-06
582.122,2.2253078351769387e-06
582.247,2.7096061651734894e-06
582.373,3.2172566718242805e-06
582.498,3.753387029337649e-06
582.624,4.3259685824486805e-06
582.749,4.942890781042735e-06
582.874,5.610650224502932e-06
583.0,6.3359858403728735e-06
583.125,7.124042903122233e-06
583.25,7.980997185961454e-06
583.376,8.915545057357704e-06
583.501,9.93173228128223e-06
583.626,1.1033556850840001e-05
583.751,1.2226687646044435e-05
583.877,1.3517604838913645e-05
584.002,1.4914161254257062e-05
584.127,1.6426814206314646e-05
584.252,1.8064759089900087e-05
584.377,1.9838490981603964e-05
584.503,2.1748918730269605e-05
584.628,2.3792139546811578e-05
584.753,2.5964066895687795e-05
584.878,2.8260415116422425e-05
585.003,3.0679904080368175e-05
585.128,3.323855940932114e-05
585.253,3.5940938437289464e-05
585.378,3.880287340755442e-05
585.503,4.187371853930745e-05
585.628,4.523505659884625e-05
585.753,4.898391214056446e-05
585.878,5.32301087007744e-05
586.003,5.809361295488193e-05
586.128,6.36610332119212e-05
586.253,7.00318784184409e-05
586.378,7.734375956957536e-05
586.503,8.573973974735448e-05
586.628,9.524046762240524e-05
586.753,0.00010598077137989388
586.878,0.00011790108570353964
587.003,0.00013078717945947155
587.127,0.0001451062948797773
587.252,0.00016042690145032928
587.377,0.000176465226291666
587.502,0.00019698748540108088
587.627,0.00022796313441591354
587.751,0.0002558812114718181
587.876,0.0002862889956153636
588.001,0.0003230041231571546
588.125,0.00037065582022878426
588.25,0.0004349797135413703
588.375,0.0005185382565033051
588.499,0.000619731665400804
588.624,0.0007680471825297414
588.749,0.0009834885196179674
588.873,0.001221747088310265
588.998,0.0014031836521271044
589.122,0.001451112713789815
589.247,0.0013408290890102035
589.372,0.0012279029169006363
589.496,0.0012733037840664907
589.621,0.0013534478780659668
589.745,0.0012782388331638265
589.87,0.0010541849031458351
589.994,0.0008343238894938046
590.118,0.0006922567145833628
590.243,0.0005813702495216451
590.367,0.0004971723172492062
590.492,0.00043718795835599847
590.616,0.00038256589252171763
590.74,0.0003373651552243168
590.865,0.00030175872405633936
590.989,0.00027283569640735645
591.114,0.00024755850110952816
591.238,0.00022494961074098402
591.362,0.00020615725536986135
591.486,0.00019064170396125262
591.611,0.00017623459890784462
591.735,0.00016257022663777957
591.859,0.00015023438945527544
591.983,0.00013903361629985324
592.107,0.0001288047427972975
592.232,0.00011946260344278945
592.356,0.00011071272972221848
592.48,0.00010245587744563142
592.604,9.463505214810447e-05
592.728,8.722524485243349e-05
592.852,8.028033204495061e-05
592.976,7.386740476100301e-05
593.1,6.803414879128392e-05
593.224,6.27793536147068e-05
593.349,5.8084026274825924e-05
593.473,5.3894288707991985e-05
593.597,5.015702544111135e-05
593.721,4.68129390832282e-05
593.844,4.379268412100893e-05
593.968,4.102425121173148e-05
594.092,3.845531314978899e-05
594.216,3.605232087558319e-05
594.34,3.3791169735627364e-05
594.464,3.165819789734218e-05
594.588,2.9635367967817566e-05
594.712,2.7710223752546433e-05
594.836,2.5872848451199698e-05
594.959,2.4116336963482258e-05
595.083,2.2436186590344507e-05
595.207,2.083109361571221e-05
595.331,1.9300114620665916e-05
595.455,1.7841850410976533e-05
595.578,1.645383462556051e-05
595.702,1.5131109140844435e-05
595.826,1.3874138295214964e-05
595.949,1.2683671781156819e-05
596.073,1.1558519966150865e-05
596.197,1.0495326791814262e-05
596.32,9.489746373518125e-06
596.444,8.537114351510103e-06
596.568,7.634816502879265e-06
596.691,6.780224154334517e-06
596.815,5.973757420567638e-06
596.938,5.214203292086931e-06
597.062,4.4992440527635115e-06
597.186,3.8261310048007925e-06
597.309,3.1926122441645917e-06
597.433,2.5970037271070048e-06
597.556,2.037940312722734e-06
597.68,1.5154186706244338e-06
597.803,1.0269078008631382e-06
597.926,5.709242525416678e-07
598.05,1.4645427852799015e-07
598.173,0.0
598.297,0.0
598.42,0.0
598.543,0.0
598.667,0.0
598.79,0.0
598.913,0.0
599.037,0.0
599.16,0.0
599.283,0.0
599.406,0.0
599.53,0.0
599.653,0.0
599.776,0.0
599.899,0.0
600.022,0.0
600.145,0.0
600.269,0.0
600.392,0.0
600.515,0.0
600.638,0.0
600.761,0.0
600.884,0.0
601.007,0.0
601.13,0.0
601.253,0.0
601.376,0.0
601.499,0.0
601.622,0.0
601.745,0.0
601.868,0.0
601.991,0.0
602.113,0.0
602.236,0.0
602.359,0.0
602.482,0.0
602.605,0.0
602.728,0.0
602.85,0.0
602.973,0.0
603.096,0.0
603.219,0.0
603.341,0.0
603.464,0.0
603.587,0.0
603.709,0.0
603.832,0.0
603.955,0.0
604.077,0.0
604.2,0.0
604.323,0.0
604.445,0.0
604.568,0.0
604.69,0.0
604.813,0.0
604.935,0.0
605.058,0.0
605.18,0.0
605.303,0.0
605.425,0.0
605.547,0.0
605.67,0.0
605.792,0.0
605.915,0.0
606.037,0.0
606.159,0.0
606.282,0.0
606.404,0.0
606.526,0.0
606.648,0.0
606.771,0.0
606.893,0.0
607.015,0.0
607.137,0.0
607.26,0.0
607.382,0.0
607.504,0.0
607.626,0.0
607.748,0.0
607.87,0.0
607.992,0.0
608.114,0.0
608.237,0.0
608.359,0.0
608.481,0.0
608.603,0.0
608.725,0.0
608.847,0.0
608.969,0.0
609.09,0.0
609.212,0.0
609.334,0.0
609.456,0.0
609.578,0.0
609.7,0.0
609.822,0.0
609.944,0.0
610.065,0.0
610.187,0.0
610.309,0.0
610.431,0.0
610.552,0.0
610.674,0.0
610.796,1.651014864827777e-06
610.918,5.690632058758418e-07
611.039,0.0
611.161,0.0
611.282,0.0
611.404,0.0
611.526,0.0
611.647,0.0
611.769,0.0
611.89,0.0
612.012,0.0
612.133,0.0
612.255,0.0
612.377,0.0
612.498,0.0
612.619,0.0
612.741,0.0
612.862,0.0
612.984,0.0
613.105,0.0
613.226,0.0
613.348,0.0
613.469,0.0
613.59,0.0
613.712,0.0
613.833,0.0
613.954,0.0
614.076,0.0
614.197,0.0
614.318,0.0
614.439,0.0
614.56,0.0
614.682,0.0
614.803,0.0
614.924,7.409293740116389e-07
615.045,2.9177475846855854e-06
615.166,6.404909757472086e-06
615.287,1.2299903081938842e-05
615.408,1.927148755863485e-05
615.529,2.1168402579339227e-05
615.65,1.643404083175328e-05
615.771,1.2352256870525718e-05
615.892,1.6848021904946327e-05
616.013,3.039165726153291e-05
616.134,4.64839558010555e-05
616.255,3.324614341714494e-05
616.376,2.1808064073574512e-05
616.497,1.5607064354798673e-05
616.618,1.315233279979069e-05
616.739,1.1306333152182978e-05
616.86,9.649840573132365e-06
616.981,8.460073933507557e-06
617.102,7.422694357692767e-06
617.222,6.565126681009585e-06
617.343,5.9659304495944305e-06
617.464,5.466959818992074e-06
617.585,5.052605683946295e-06
617.705,4.701056890275954e-06
617.826,4.354577783261802e-06
617.947,4.043714045494644e-06
618.068,3.775804712572971e-06
618.188,3.5406143553467483e-06
618.309,3.3303567757180327e-06
618.43,3.131177264501607e-06
618.55,2.9314789778149017e-06
618.671,2.7178769734109974e-06
618.791,2.4969414297139272e-06
618.912,2.2635417634319444e-06
619.033,2.0130716801619472e-06
619.153,1.7500061021724371e-06
619.274,1.4703831315599975e-06
619.394,1.183867204253818e-06
619.515,9.017538455215175e-07
619.635,6.326339974923062e-07
619.756,3.809589018713868e-07
619.876,1.5180163899960418e-07
619.996,0.0
620.117,0.0
620.237,0.0
620.358,0.0
620.478,0.0
620.598,0.0
620.719,0.0
620.839,0.0
620.959,0.0
621.079,0.0
621.2,0.0
621.32,0.0
621.44,0.0
621.56,0.0
621.681,0.0
621.801,0.0
621.921,0.0
622.041,0.0
622.161,0.0
622.281,0.0
622.401,0.0
622.521,0.0
622.641,0.0
622.761,0.0
622.882,0.0
623.002,0.0
623.121,0.0
623.241,0.0
623.361,0.0
623.481,0.0
623.601,0.0
623.721,0.0
623.841,0.0
623.961,0.0
624.081,0.0
624.201,0.0
624.32,0.0
624.44,0.0
624.56,0.0
624.68,0.0
624.799,0.0
624.919,0.0
625.039,0.0
625.159,0.0
625.278,0.0
625.398,0.0
625.518,0.0
625.637,0.0
625.757,0.0
625.876,0.0
625.996,0.0
626.115,0.0
626.235,0.0
626.354,0.0
626.474,0.0
626.594,0.0
626.713,0.0
626.832,0.0
626.952,0.0
627.071,0.0
627.191,0.0
627.31,0.0
627.429,0.0
627.549,0.0
627.668,0.0
627.787,0.0
627.907,0.0
628.026,0.0
628.145,0.0
628.264,0.0
628.384,0.0
628.503,0.0
628.622,0.0
628.741,0.0
628.86,0.0
628.98,0.0
629.099,0.0
629.218,0.0
629.337,0.0
629.456,1.5315281869721706e-08
629.575,3.521542104832755e-08
629.694,5.353024111932858e-08
629.813,7.018560727929057e-08
629.932,8.509636761130696e-08
630.051,9.824072431101004e-08
630.17,1.0964075103158343e-07
630.289,1.1936293821935487e-07
630.408,1.275201548917738e-07
630.527,1.3412841209864774e-07
630.646,1.3912333554744493e-07
630.764,1.424811492477021e-07
630.883,1.4420662602794688e-07
631.002,1.4427098377764787e-07
631.121,1.4259735107265176e-07
631.24,1.3906533471399028e-07
631.359,1.3353918516812106e-07
631.477,1.259883876761796e-07
631.596,1.1648957649679788e-07
631.715,1.051346747411963e-07
631.834,9.204809632433509e-08
631.952,7.739657875654019e-08
632.071,6.136748702446848e-08
632.19,4.419791166895656e-08
632.308,2.6128262521038413e-08
632.427,7.345219200928578e-09
632.546,0.0
632.664,0.0
632.783,0.0
632.901,0.0
633.02,0.0
633.138,0.0
633.257,0.0
633.375,0.0
633.494,0.0
633.612,0.0
633.731,0.0
633.849,0.0
633.968,0.0
634.086,0.0
634.204,0.0
634.323,0.0
634.441,0.0
634.559,0.0
634.678,0.0
634.796,0.0
634.914,0.0
635.032,0.0
635.151,0.0
635.269,0.0
635.387,1.3243313197421734e-06
635.505,0.0
635.623,0.0
635.742,0.0
635.86,0.0
635.978,0.0
636.096,0.0
636.214,0.0
636.332,0.0
636.45,0.0
636.568,0.0
636.686,0.0
636.804,0.0
636.922,0.0
637.04,0.0
637.158,0.0
637.276,0.0
637.394,0.0
637.512,0.0
637.629,0.0
637.747,0.0
637.865,0.0
637.983,0.0
638.101,0.0
638.218,0.0
638.336,0.0
638.454,0.0
638.572,0.0
638.689,0.0
638.807,0.0
638.925,0.0
639.042,0.0
639.16,0.0
639.278,0.0
639.395,0.0
639.513,0.0
639.63,0.0
639.748,0.0
639.865,0.0
639.983,0.0
640.1,0.0
640.218,0.0
640.335,0.0
640.453,0.0
640.57,0.0
640.688,0.0
640.805,0.0
640.922,0.0
641.04,0.0
641.157,0.0
641.274,0.0
641.391,0.0
641.509,0.0
641.626,0.0
641.743,0.0
641.86,0.0
641.978,0.0
642.095,0.0
642.212,0.0
642.329,0.0
642.446,0.0
642.563,0.0
642.681,0.0
642.798,0.0
642.915,0.0
643.032,0.0
643.149,0.0
643.266,0.0
643.383,0.0
643.5,0.0
643.617,0.0
643.734,0.0
643.85,0.0
643.967,0.0
644.084,0.0
644.201,0.0
644.318,0.0
644.435,0.0
644.552,0.0
644.668,0.0
644.785,0.0
644.902,0.0
645.019,0.0
645.135,0.0
645.252,0.0
645.369,0.0
645.485,0.0
645.602,0.0
645.719,0.0
645.835,0.0
645.952,0.0
646.068,0.0
646.185,0.0
646.302,0.0
646.418,0.0
646.535,0.0
646.651,0.0
646.768,0.0
646.884,0.0
647.0,0.0
647.117,0.0
647.233,0.0
647.35,0.0
647.466,0.0
647.582,0.0
647.699,0.0
647.815,0.0
647.931,0.0
648.047,0.0
648.164,0.0
648.28,0.0
648.396,0.0
648.512,0.0
648.629,0.0
648.745,0.0
648.861,0.0
648.977,0.0
649.093,0.0
649.209,0.0
649.325,0.0
649.441,0.0
649.557,0.0
649.673,0.0
649.789,0.0
649.905,0.0
650.021,0.0
650.137,0.0
650.253,0.0
650.369,0.0
650.485,0.0
650.601,0.0
650.717,0.0
650.833,0.0
650.948,0.0
651.064,0.0
651.18,0.0
651.296,0.0
651.411,0.0
651.527,0.0
651.643,0.0
651.759,1.7874952877919772e-07
651.874,4.3196116335121157e-07
651.99,7.258053845617228e-07
652.105,1.0664535823188525e-06
652.221,1.460208535413001e-06
652.337,1.9137741112785167e-06
652.452,2.4358340368663485e-06
652.568,3.0320735285692733e-06
652.683,3.7076376681043847e-06
652.799,4.467788200616384e-06
652.914,5.320866819224256e-06
653.03,6.273128343597754e-06
653.145,7.330516420615403e-06
653.261,8.497135691891004e-06
653.376,9.775716163522623e-06
653.492,1.1168956054648356e-05
653.607,1.2680829039676377e-05
653.722,1.4318981529447226e-05
653.838,1.6080394462318385e-05
653.953,1.7958224338719324e-05
654.068,1.9947924677144492e-05
654.184,2.2043092436680528e-05
654.299,2.4235227622324365e-05
654.414,2.652669804759006e-05
654.53,2.891756032774763e-05
654.645,3.1395831475646635e-05
654.76,3.3973929437409985e-05
654.875,3.6694208093295326e-05
654.99,3.959592996724683e-05
655.106,4.274309549423677e-05
655.221,4.619162539232758e-05
655.336,5.0005562313681065e-05
655.451,5.4214851578276435e-05
655.566,5.89026254244706e-05
655.681,6.414300793091989e-05
655.796,6.977931489606822e-05
655.911,7.574260619842752e-05
656.026,8.173300267362137e-05
656.141,8.713234433710227e-05
656.256,9.208847756985358e-05
656.371,9.593341934160563e-05
656.486,9.586571811234909e-05
656.601,9.21075469539599e-05
656.716,8.809408712314807e-05
656.831,8.452321623955448e-05
656.946,8.082328698292048e-05
657.06,7.721556885041692e-05
657.175,7.356532357106784e-05
657.29,6.985381202320142e-05
657.405,6.621326276641869e-05
657.52,6.272025318028355e-05
657.634,5.9413608768487126e-05
657.749,5.627275301669918e-05
657.864,5.314310836744012e-05
657.979,5.0007951550935564e-05
658.093,4.7935951258172555e-05
658.208,4.694127973731186e-05
658.323,4.0698629791650806e-05
658.437,4.0010031764592135e-05
658.552,3.8530580665058305e-05
658.666,3.626007274332552e-05
658.781,3.42427980965445e-05
658.895,3.246492568558069e-05
659.01,3.078238916392503e-05
659.125,2.9178592271692377e-05
659.239,2.7634150018015832e-05
659.353,2.6135047882046902e-05
659.468,2.4671415472986064e-05
659.582,2.323575110926436e-05
659.697,2.182269442054826e-05
659.811,2.0429678759605888e-05
659.926,1.9055087361397897e-05
660.04,1.7699314921506557e-05
660.154,1.6365214487170307e-05
660.269,1.505605845181675e-05
660.383,1.3780547740676082e-05
660.497,1.2546423226974823e-05
660.612,1.136410227755429e-05
660.726,1.02428430438544e-05
660.84,9.189894600185881e-06
660.954,8.209702948527793e-06
661.068,7.306464611000895e-06
661.183,6.481920504072863e-06
661.297,5.734769295855659e-06
661.411,5.061438587412171e-06
661.525,4.456730053880433e-06
661.639,3.914022570278443e-06
661.753,3.4266439267191914e-06
661.867,2.9880949969052833e-06
661.981,2.5920300331681376e-06
662.095,2.2333681102876234e-06
662.209,1.9050805142797418e-06
662.323,1.6019960178829763e-06
662.437,1.319990614899132e-06
662.551,1.0558731108423717e-06
662.665,8.071604620386673e-07
662.779,5.720726326720845e-07
662.893,3.4940224480386516e-07
663.007,1.383314459269653e-07
663.121,0.0
663.235,0.0
663.349,0.0
663.462,0.0
663.576,0.0
663.69,0.0
663.804,0.0
663.917,0.0
664.031,0.0
664.145,0.0
664.258,0.0
664.372,0.0
664.486,0.0
664.599,0.0
664.713,0.0
664.827,0.0
664.94,0.0
665.054,0.0
665.167,0.0
665.281,0.0
665.394,0.0
665.508,0.0
665.621,0.0
665.735,0.0
665.848,0.0
665.961,0.0
666.075,0.0
666.188,0.0
666.301,0.0
666.415,0.0
666.528,0.0
666.641,0.0
666.755,0.0
666.868,0.0
666.981,0.0
667.094,0.0
667.207,0.0
667.321,0.0
667.434,0.0
667.547,0.0
667.66,0.0
667.773,0.0
667.886,0.0
667.999,0.0
668.112,0.0
668.225,0.0
668.338,0.0
668.451,0.0
668.564,0.0
668.677,0.0
668.79,0.0
668.903,0.0
669.016,0.0
669.129,0.0
669.242,0.0
669.354,0.0
669.467,0.0
669.58,0.0
669.693,0.0
669.806,0.0
669.918,0.0
670.031,0.0
670.144,0.0
670.256,0.0
670.369,0.0
670.482,0.0
670.594,0.0
670.707,0.0
670.82,0.0
670.932,0.0
671.045,0.0
671.157,0.0
671.27,0.0
671.382,0.0
671.495,0.0
671.607,0.0
671.72,0.0
671.832,0.0
671.944,0.0
672.057,0.0
672.169,0.0
672.281,0.0
672.394,0.0
672.506,0.0
672.618,0.0
672.731,0.0
672.843,0.0
672.955,0.0
673.067,0.0
673.18,0.0
673.292,0.0
673.404,0.0
673.516,0.0
673.628,0.0
673.74,0.0
673.852,0.0
673.964,0.0
674.076,0.0
674.188,0.0
674.3,0.0
674.412,0.0
674.524,0.0
674.636,0.0
674.748,0.0
674.86,0.0
674.972,0.0
675.084,0.0
675.196,0.0
675.307,0.0
675.419,0.0
675.531,0.0
675.643,0.0
675.755,0.0
675.866,0.0
675.978,0.0
676.09,0.0
676.201,0.0
676.313,0.0
676.425,0.0
676.536,0.0
676.648,0.0
676.759,0.0
676.871,0.0
676.983,0.0
677.094,0.0
677.206,0.0
677.317,0.0
677.429,0.0
677.54,0.0
677.651,0.0
677.763,0.0
677.874,0.0
677.986,0.0
678.097,0.0
678.208,0.0
678.32,0.0
678.431,0.0
678.542,0.0
678.653,0.0
678.765,0.0
678.876,0.0
678.987,0.0
679.098,0.0
679.209,0.0
679.32,0.0
679.432,0.0
679.543,0.0
679.654,0.0
679.765,0.0
679.876,0.0
679.987,0.0
680.098,0.0
680.209,0.0
680.32,0.0
680.431,0.0
680.542,0.0
680.653,0.0
680.763,0.0
680.874,0.0
680.985,0.0
681.096,0.0
681.207,0.0
681.318,0.0
681.428,0.0
681.539,0.0
681.65,0.0
681.76,0.0
681.871,0.0
681.982,0.0
682.093,0.0
682.203,0.0
682.314,0.0
682.424,0.0
682.535,0.0
682.646,0.0
682.756,0.0
682.867,0.0
682.977,0.0
683.088,0.0
683.198,0.0
683.308,0.0
683.419,0.0
683.529,0.0
683.64,0.0
683.75,0.0
683.86,0.0
683.971,0.0
684.081,0.0
684.191,0.0
684.301,0.0
684.412,0.0
684.522,0.0
684.632,0.0
684.742,0.0
684.852,0.0
684.963,0.0
685.073,0.0
685.183,0.0
685.293,0.0
685.403,0.0
685.513,0.0
685.623,0.0
685.733,0.0
685.843,0.0
685.953,0.0
686.063,0.0
686.173,0.0
686.283,0.0
686.393,0.0
686.503,0.0
686.612,0.0
686.722,0.0
686.832,0.0
686.942,0.0
687.052,0.0
687.161,0.0
687.271,0.0
687.381,0.0
687.491,0.0
687.6,0.0
687.71,0.0
687.82,0.0
687.929,0.0
688.039,0.0
688.148,0.0
688.258,0.0
688.367,0.0
688.477,0.0
688.586,0.0
688.696,0.0
688.805,0.0
688.915,0.0
689.024,0.0
689.134,0.0
689.243,0.0
689.352,0.0
689.462,0.0
689.571,0.0
689.68,0.0
689.79,0.0
689.899,0.0
690.008,0.0
690.117,0.0
690.227,0.0
690.336,0.0
690.445,0.0
690.554,0.0
690.663,0.0
690.772,0.0
690.881,0.0
690.99,0.0
691.099,0.0
691.209,0.0
691.318,0.0
691.427,0.0
691.536,0.0
691.644,0.0
691.753,0.0
691.862,0.0
691.971,0.0
692.08,0.0
692.189,0.0
692.298,0.0
692.406,0.0
692.515,0.0
692.624,0.0
692.733,0.0
692.842,0.0
692.95,0.0
693.059,0.0
693.168,0.0
693.276,0.0
693.385,0.0
693.494,0.0
693.602,0.0
693.711,0.0
693.819,0.0
693.928,0.0
694.036,0.0
694.145,0.0
694.253,0.0
694.362,0.0
694.47,0.0
694.579,0.0
694.687,0.0
694.795,0.0
694.693,0.0
694.893,0.0
695.093,0.0
695.293,0.0
695.492,0.0
695.692,0.0
695.891,0.0
696.091,0.0
696.291,1.0160887367478333e-07
696.49,5.505130643044863e-07
696.69,8.9018877950674e-07
696.889,1.0533652384007561e-06
697.089,1.0016598450175495e-06
697.288,7.439513552485282e-07
697.488,4.804096967312635e-07
697.687,2.7797407757349685e-07
697.887,1.5486331546508727e-07
698.086,1.3682617068736768e-07
698.286,1.398957744552989e-07
698.485,1.2187027262838232e-07
698.684,9.81230088917511e-08
698.884,7.720242419222074e-08
699.083,6.890758127768474e-08
699.282,9.14871535526874e-08
699.482,1.3730055628415501e-07
699.681,1.983377525436846e-07
699.88,2.838306678511388e-07
700.08,4.211968478183533e-07
700.279,6.068613407147668e-07
700.478,8.204778474417413e-07
700.677,1.033375491752367e-06
700.877,1.2344291045854566e-06
701.076,1.419526542314533e-06
701.275,1.584033070594453e-06
701.474,1.722238340176477e-06
701.673,1.815175252329743e-06
701.872,1.8613738436719146e-06
702.071,1.8706200503934337e-06
702.271,1.8472671729757987e-06
702.47,1.7788522715872126e-06
702.669,1.6669470060424928e-06
702.868,1.519790956009465e-06
703.067,1.3414637800672122e-06
703.266,1.1317440596151644e-06
703.465,8.87783666039768e-07
703.664,6.063384431388443e-07
703.863,2.971787115862581e-07
704.062,0.0
704.26,0.0
704.459,0.0
704.658,0.0
704.857,0.0
705.056,0.0
705.255,0.0
705.454,0.0
705.652,0.0
705.851,0.0
706.05,0.0
706.249,0.0
706.447,0.0
706.646,0.0
706.845,0.0
707.043,0.0
707.242,0.0
707.441,0.0
707.639,0.0
707.838,0.0
708.037,0.0
708.235,0.0
708.434,0.0
708.632,0.0
708.831,0.0
709.029,0.0
709.228,0.0
709.426,0.0
709.625,0.0
709.823,0.0
710.022,0.0
710.22,0.0
710.418,0.0
710.617,0.0
710.815,0.0
711.013,0.0
711.212,0.0
711.41,0.0
711.608,0.0
711.807,1.2184896153749387e-07
712.005,2.4052735427052145e-07
712.203,3.5424035653237614e-07
712.401,4.665583259667937e-07
712.599,5.943126256950707e-07
712.798,7.371871001306688e-07
712.996,8.92223329647792e-07
713.194,1.0357746586258312e-06
713.392,1.1364033718171868e-06
713.59,1.1654318085149989e-06
713.788,1.157665592442381e-06
713.986,1.1398338773827228e-06
714.184,1.063671162583647e-06
714.382,9.751302689929093e-07
714.58,7.840814992146897e-07
714.778,6.234860039492706e-07
714.976,8.398105953679289e-07
715.174,1.6009338716559014e-06
715.372,3.4701781398119364e-06
715.57,6.14999669987184e-06
715.768,7.970663826231238e-06
715.966,8.437229553512357e-06
716.164,8.08691240549256e-06
716.362,7.053050025165207e-06
716.56,5.740129286022806e-06
716.758,4.566543227237373e-06
716.955,3.625439596901052e-06
717.153,2.982021370792558e-06
717.351,2.5906176152900023e-06
717.549,2.365236666806613e-06
717.746,2.2353618887685414e-06
717.944,2.1794197987734345e-06
718.142,2.167630140177349e-06
718.34,2.1727453505028245e-06
718.537,2.177369919228769e-06
718.735,2.1600372685443387e-06
718.933,2.1173575104410794e-06
719.13,2.0526306115221685e-06
719.328,1.980735156831319e-06
719.525,1.9052951609132146e-06
719.723,1.8308625647729828e-06
719.92,1.7616683814714663e-06
720.118,1.6947447434420748e-06
720.316,1.6263706977048175e-06
720.513,1.550312679037913e-06
720.711,1.4608586023663621e-06
720.908,1.3572296615680133e-06
721.105,1.2403815926161575e-06
721.303,1.1113399587277156e-06
721.5,9.711313685505718e-07
721.698,8.238819170687831e-07
721.895,6.744244986777891e-07
722.092,5.27761972482193e-07
722.29,3.8841501230890004e-07
722.487,2.5707651725137237e-07
722.684,1.342493253704635e-07
722.882,2.0262404260125138e-08
723.079,0.0
723.276,0.0
723.473,0.0
723.671,0.0
723.868,0.0
724.065,0.0
724.262,0.0
724.459,0.0
724.656,0.0
724.854,0.0
725.051,0.0
725.248,0.0
725.445,0.0
725.642,0.0
725.839,0.0
726.036,0.0
726.233,0.0
726.43,0.0
726.627,0.0
726.824,0.0
727.021,0.0
727.218,0.0
727.414,0.0
727.611,0.0
727.808,0.0
728.005,0.0
728.202,0.0
728.399,0.0
728.595,0.0
728.792,0.0
728.989,0.0
729.186,0.0
729.382,0.0
729.579,0.0
729.776,0.0
729.972,0.0
730.169,0.0
730.366,0.0
730.562,0.0
730.759,0.0
730.955,0.0
731.152,0.0
731.348,0.0
731.545,0.0
731.741,0.0
731.938,0.0
732.134,0.0
732.331,0.0
732.527,0.0
732.724,0.0
732.92,0.0
733.116,0.0
733.313,0.0
733.509,0.0
733.705,0.0
733.902,0.0
734.098,0.0
734.294,0.0
734.49,0.0
734.687,0.0
734.883,0.0
735.079,0.0
735.275,0.0
735.471,0.0
735.667,0.0
735.863,0.0
736.06,0.0
736.256,0.0
736.452,0.0
736.648,0.0
736.844,0.0
737.04,0.0
737.236,0.0
737.432,0.0
737.628,0.0
737.824,0.0
738.019,0.0
738.215,0.0
738.411,0.0
738.607,0.0
738.803,1.4495781065645926e-07
738.999,6.374281249537983e-07
739.195,1.1555691968336975e-06
739.39,1.709199072769513e-06
739.586,2.2807683699073732e-06
739.782,2.8558996227419574e-06
739.978,3.40307474736242e-06
740.173,3.867160130197607e-06
740.369,4.233402169896536e-06
740.565,4.613672404706234e-06
740.76,5.016592615324462e-06
740.956,5.489857412909469e-06
741.152,6.110393700257895e-06
741.347,6.713190197904066e-06
741.543,7.568917094692165e-06
741.738,8.758191315227564e-06
741.934,1.0587075859015957e-05
742.129,1.4888781478019022e-05
742.325,2.2502628446325137e-05
742.52,3.1836060780122646e-05
742.716,2.7535622357940733e-05
742.911,2.35762104562468e-05
743.107,2.076082819156861e-05
743.302,1.8837390713122642e-05
743.498,1.838356801645604e-05
743.693,1.969208355662574e-05
743.888,2.4050049109367894e-05
744.084,3.6364264179038365e-05
744.279,6.222685119201615e-05
744.474,6.498030390692976e-05
744.67,4.967732148368776e-05
744.865,3.975699957235251e-05
745.06,3.260383074373974e-05
745.255,2.7393691358806487e-05
745.451,2.450531695618571e-05
745.646,2.3140196972324165e-05
745.841,2.2626132434118342e-05
746.036,2.2833796389547712e-05
746.231,2.4950815118816062e-05
746.426,3.229104926931259e-05
746.622,4.701301033719525e-05
746.817,8.463921776698907e-05
747.012,0.00010360567528665396
747.207,8.46250262810585e-05
747.402,6.944852093274333e-05
747.597,5.858107810536561e-05
747.792,5.150838399732669e-05
747.987,4.646895241032534e-05
748.182,4.194899109979364e-05
748.377,3.773420915507863e-05
748.572,3.4046816816789424e-05
748.767,3.0843825997382264e-05
748.961,2.8163301688848153e-05
749.156,2.5902071179732752e-05
749.351,2.3937382816694663e-05
749.546,2.2207612503556178e-05
749.741,2.0627446743194596e-05
749.936,1.9198538401865596e-05
750.13,1.7925738035328275e-05
750.325,1.6789646771053802e-05
750.52,1.5741815261946565e-05
750.715,1.4752630280226656e-05
750.909,1.3782604283685258e-05
751.104,1.2808704802950243e-05
751.299,1.1837140979861054e-05
751.493,1.0867997733796137e-05
751.688,9.894536503004866e-06
751.882,8.915486536722852e-06
752.077,7.939533666042699e-06
752.272,6.965856886926989e-06
752.466,6.004861905168647e-06
752.661,5.069002966735123e-06
752.855,4.167816834412905e-06
753.05,3.3135558652393883e-06
753.244,2.519947008278805e-06
753.439,1.797663574135419e-06
753.633,1.1552022367487227e-06
753.828,5.930263295217501e-07
754.022,1.092514495209994e-07
754.216,0.0
754.411,0.0
754.605,0.0
754.799,0.0
754.994,0.0
755.188,0.0
755.382,0.0
755.576,0.0
755.771,0.0
755.965,0.0
756.159,0.0
756.353,0.0
756.547,0.0
756.742,0.0
756.936,0.0
757.13,0.0
757.324,0.0
757.518,0.0
757.712,0.0
757.906,0.0
758.1,0.0
758.294,0.0
758.488,0.0
758.682,0.0
758.876,0.0
759.07,0.0
759.264,0.0
759.458,0.0
759.651,0.0
759.845,0.0
760.039,0.0
760.233,0.0
760.427,0.0
760.62,0.0
760.814,0.0
761.008,0.0
761.202,0.0
761.395,0.0
761.589,2.0128112793860462e-07
761.783,4.521288700208611e-07
761.976,6.555538823863491e-07
762.17,8.163725990847924e-07
762.363,9.369452564850583e-07
762.557,1.0081735889611465e-06
762.75,1.0191916738400118e-06
762.944,9.676884946302034e-07
763.138,8.610556738418342e-07
763.331,6.91196049564987e-07
763.524,4.908600301356819e-07
763.718,2.2782969988935557e-07
763.911,0.0
764.105,0.0
764.298,0.0
764.492,0.0
764.685,0.0
764.878,0.0
765.072,0.0
765.265,0.0
765.458,0.0
765.651,0.0
765.845,0.0
766.038,0.0
766.231,7.702887730803604e-06
766.424,5.548684449723405e-05
766.617,6.014578799264215e-05
766.811,5.672387601517986e-06
767.004,2.837476532957835e-07
767.197,0.0
767.39,0.0
767.583,0.0
767.776,0.0
767.969,0.0
768.162,0.0
768.355,0.0
768.548,0.0
768.741,0.0
768.934,0.0
769.127,0.0
769.32,8.791184083171558e-08
769.513,3.380372989560533e-07
769.706,1.4058776549136453e-05
769.898,5.487535850559225e-05
770.091,2.663133973099613e-05
770.284,5.40724048327583e-06
770.477,4.663646630127171e-06
770.67,4.790427680712587e-06
770.862,4.690562804770444e-06
771.055,4.612381936238136e-06
771.248,5.045533484516531e-06
771.441,5.625194799014379e-06
771.633,6.291281896951968e-06
771.826,7.07754252340411e-06
772.018,7.980612289785657e-06
772.211,8.984972057508714e-06
772.404,9.535550617074541e-06
772.596,9.609232738249744e-06
772.789,1.2540902966846631e-05
772.981,1.2685031845555899e-05
773.174,1.3408510644655468e-05
773.366,1.4751663380855438e-05
773.559,1.6184126559274182e-05
773.751,1.7749448726653097e-05
773.944,1.9575348762310547e-05
774.136,2.1776546808847526e-05
774.329,2.4483391660987197e-05
774.521,2.7751587709352924e-05
774.713,3.162841428108573e-05
774.906,3.605668873590461e-05
775.098,4.102995617652496e-05
775.29,4.6808539266700295e-05
775.483,5.370062083383188e-05
775.675,6.234842374500632e-05
775.867,7.341182456477226e-05
776.059,8.719654361353698e-05
776.251,0.00010533200616687899
776.444,0.0001309642311774602
776.636,0.00016586954373604577
776.828,0.00022677965795310918
777.02,0.00035411010439122557
777.212,0.0005527665813119915
777.404,0.0006271836924983482
777.596,0.0005781761609489339
777.788,0.00041651692519079493
777.98,0.00030075350473843726
778.172,0.00023208798994313207
778.364,0.0001811595181557873
778.556,0.00015141572005736962
778.748,0.00012603853215193127
778.94,0.00010950785434207313
779.132,9.344339571147955e-05
779.324,8.018008612214205e-05
779.516,6.954586801455677e-05
779.708,6.0622215051689425e-05
779.9,5.3058226692753815e-05
780.091,4.657472275589388e-05
780.283,4.0987164393093694e-05
780.475,3.6094091922130156e-05
780.667,3.183479658203547e-05
780.859,2.8174269561222165e-05
781.05,2.500787232195496e-05
781.242,2.2280914939059987e-05
781.434,1.9884523255630276e-05
781.625,1.773945635259345e-05
781.817,1.579326903110041e-05
782.008,1.4005869339926845e-05
782.2,1.2317040945472826e-05
782.392,1.0701017548524902e-05
782.583,9.158811045166854e-06
782.775,7.705308611832212e-06
782.966,6.364930387989201e-06
783.158,5.150751571284741e-06
783.349,4.0659624847996656e-06
783.541,3.109697254460109e-06
783.732,2.2974745742960583e-06
783.924,1.6305624296754328e-06
784.115,1.09188358950233e-06
784.306,6.53024577947618e-07
784.498,2.9416642326106645e-07
784.689,1.6830366333804426e-09
784.88,0.0
785.072,0.0
785.263,0.0
785.454,0.0
785.645,0.0
785.837,0.0
786.028,0.0
786.219,0.0
786.41,0.0
786.601,0.0
786.792,0.0
786.984,0.0
787.175,0.0
787.366,0.0
787.557,0.0
787.748,0.0
787.939,0.0
788.13,0.0
788.321,0.0
788.512,0.0
788.703,0.0
788.894,0.0
789.084,0.0
789.275,0.0
789.466,0.0
789.657,0.0
789.848,6.612360778309099e-08
790.039,6.567518391145781e-07
790.229,1.2605998614376372e-06
790.42,1.8597887918847181e-06
790.611,2.4488440302080487e-06
790.801,3.016441600121736e-06
790.992,3.5542468270067995e-06
791.183,4.054822326263542e-06
791.373,4.535177392433988e-06
791.564,5.0071987827157176e-06
791.755,5.489357311360196e-06
791.945,5.9961031302146705e-06
792.136,6.534413820300413e-06
792.326,7.1144874572656125e-06
792.517,7.735682736909513e-06
792.707,8.413684632149208e-06
792.898,9.161269482877405e-06
793.088,9.999584138732878e-06
793.279,1.1027256551762225e-05
793.469,1.2377526107447482e-05
793.66,1.4186851863263088e-05
793.85,1.6682484752495137e-05
794.04,2.0044461895178907e-05
794.231,2.4419437322660454e-05
794.421,3.10126813188281e-05
794.611,4.2384160394989926e-05
794.802,6.118084902168218e-05
794.992,7.091215990094522e-05
795.182,7.199954498867009e-05
795.372,6.455310716050907e-05
795.563,5.3059778409642206e-05
795.753,4.2999896514344085e-05
795.943,3.5208957610809116e-05
796.133,2.9031123500256863e-05
796.323,2.4587569856524233e-05
796.513,2.1365362073195447e-05
796.703,1.891551217866448e-05
796.893,1.7047764690452566e-05
797.083,1.5425816244983414e-05
797.273,1.3983471151967892e-05
797.463,1.2687093646265883e-05
797.653,1.148279340288892e-05
797.843,1.0362850869350993e-05
798.033,9.296272276935894e-06
798.223,8.275239533557993e-06
798.413,7.2763554662915635e-06
798.603,6.325183145148349e-06
798.793,5.420850517557269e-06
798.983,4.54930662812631e-06
799.172,3.702804052345432e-06
799.362,2.874803148757993e-06
799.552,2.0646789748222734e-06
799.742,1.2710734219512534e-06
799.932,4.954271544914655e-07
800.121,0.0
800.311,0.0
800.501,0.0
800.69,0.0
800.88,0.0
801.07,0.0
801.259,0.0
801.449,0.0
801.638,0.0
801.828,0.0
802.017,0.0
802.207,0.0
802.396,0.0
802.586,0.0
802.775,0.0
802.965,0.0
803.154,0.0
803.343,0.0
803.533,0.0
803.722,0.0
803.911,0.0
804.101,0.0
804.29,0.0
804.479,0.0
804.668,0.0
804.857,0.0
805.047,0.0
805.236,0.0
805.425,0.0
805.614,0.0
805.803,0.0
805.992,0.0
806.181,0.0
806.37,0.0
806.559,0.0
806.748,0.0
806.937,0.0
807.126,0.0
807.315,0.0
807.504,0.0
807.693,0.0
807.882,0.0
808.071,0.0
808.26,0.0
808.448,0.0
808.637,0.0
808.826,0.0
809.015,0.0
809.203,0.0
809.392,0.0
809.581,0.0
809.77,0.0
809.958,0.0
810.147,0.0
810.335,0.0
810.524,0.0
810.713,0.0
810.901,0.0
811.09,0.0
811.278,0.0
811.467,0.0
811.655,0.0
811.844,5.9024763023809515e-08
812.032,2.488182963074294e-07
812.22,4.816387118161531e-07
812.409,7.727145574006371e-07
812.597,1.1282866230315502e-06
812.785,1.5537962057681892e-06
812.974,2.0509489780324207e-06
813.162,2.6278682981873966e-06
813.35,3.285977621214328e-06
813.539,4.009933384390276e-06
813.727,4.778812764557266e-06
813.915,5.592849014660356e-06
814.103,6.450068415610318e-06
814.291,7.364792794537263e-06
814.479,8.345259305117858e-06
814.668,9.401974204212044e-06
814.856,1.0549262112882238e-05
815.044,1.1821549090076581e-05
815.232,1.3300590258743815e-05
815.42,1.4974423565734342e-05
815.608,1.6885455357016134e-05
815.796,1.907197212676472e-05
815.984,2.1520280038624872e-05
816.172,2.438347325743071e-05
816.36,2.7781148007907702e-05
816.548,3.180570244501809e-05
816.736,3.662231303882694e-05
816.924,4.251628120427149e-05
817.111,4.947219937233959e-05
817.299,5.7662935925043356e-05
817.487,6.944898812610364e-05
817.675,8.828356435468322e-05
817.863,0.0001160773144755727
818.05,0.00018107432365737942
818.238,0.000368777792951257
818.426,0.0005398146281404487
818.613,0.00037473033175647845
818.801,0.0002976428546662616
818.989,0.000282088334500846
819.176,0.00030848340292233067
819.364,0.0004686347213703092
819.552,0.0006808853411979501
819.739,0.00048292506910565137
819.927,0.00033830374527835637
820.114,0.0002746730029875026
820.302,0.00023145422580518962
820.489,0.00020338127215698468
820.677,0.00018462768597516955
820.864,0.00017332925891142939
821.052,0.00016940416802203507
821.239,0.0001714476438103127
821.426,0.00018012272780535787
821.614,0.00021236463563602877
821.801,0.0002290163466378044
821.988,0.00019518418947257862
822.176,0.0001827927232286125
822.363,0.00018818116511702893
822.55,0.00016875134772098674
822.737,0.00014474273562561547
822.924,0.00012964120567312887
823.112,0.00011905505120788669
823.299,0.00011009312129998029
823.486,0.00010142136717330386
823.673,9.01422377324665e-05
823.86,8.592878816047956e-05
824.047,8.9058983492059e-05
824.234,0.00010117935161810565
824.421,0.00010089620298700977
824.608,8.492006408308346e-05
824.795,7.28128490382129e-05
824.982,6.353633411899634e-05
825.169,5.6519179534586076e-05
825.356,5.084852791339935e-05
825.543,4.593598510361343e-05
825.73,4.1659641364099805e-05
825.917,3.787270151320788e-05
826.104,3.453912284144801e-05
826.29,3.164320249293929e-05
826.477,2.908225296430015e-05
826.664,2.678287425830964e-05
826.851,2.4678855648837418e-05
827.038,2.2707723844533566e-05
827.224,2.0854229315242624e-05
827.411,1.9105277438463876e-05
827.598,1.745123786925476e-05
827.784,1.5900456302217704e-05
827.971,1.443497241698725e-05
828.157,1.304761292940611e-05
828.344,1.173008852852839e-05
828.531,1.0483006584112397e-05
828.717,9.291811047749548e-06
828.904,8.154513532466515e-06
829.09,7.075646614673301e-06
829.277,6.047826524201807e-06
829.463,5.071746210326975e-06
829.65,4.151318375890071e-06
829.836,3.2941578922491872e-06
830.022,2.5102088539563285e-06
830.209,1.8087331329177291e-06
830.395,1.1921466019161307e-06
830.581,6.549025627265994e-07
830.768,1.9205974104613497e-07
830.954,0.0
831.14,0.0
831.327,0.0
831.513,0.0
831.699,0.0
831.885,0.0
832.071,0.0
832.257,0.0
832.444,0.0
832.63,0.0
832.816,0.0
833.002,0.0
833.188,0.0
833.374,0.0
833.56,0.0
833.746,0.0
833.932,0.0
834.118,0.0
834.303,0.0
834.489,0.0
834.675,0.0
834.861,0.0
835.047,0.0
835.233,0.0
835.418,0.0
835.604,0.0
835.79,0.0
835.976,0.0
836.161,0.0
836.347,0.0
836.533,0.0
836.718,0.0
836.904,0.0
837.089,0.0
837.275,0.0
837.46,0.0
837.646,0.0
837.831,0.0
838.017,0.0
838.202,0.0
838.388,0.0
838.573,0.0
838.759,0.0
838.944,0.0
839.129,0.0
839.315,0.0
839.5,0.0
839.685,0.0
839.87,0.0
840.056,0.0
840.241,0.0
840.426,0.0
840.611,8.207092380200688e-09
840.796,3.9693799448976116e-07
840.981,8.144061294743536e-07
841.166,1.2786920446997933e-06
841.352,1.833055776576278e-06
841.537,2.4898729742381e-06
841.722,3.274730611840379e-06
841.907,4.209639417950147e-06
842.092,5.289743903199062e-06
842.277,6.4599516650098335e-06
842.461,7.707034079651222e-06
842.646,9.041371502390478e-06
842.831,1.049185436361869e-05
843.016,1.2300160057202165e-05
843.201,1.4595534519751377e-05
843.386,1.7483621606651797e-05
843.571,2.1198281663744875e-05
843.755,2.5562447543207565e-05
843.94,3.123824157914378e-05
844.125,4.1226752113391174e-05
844.31,6.005967828516255e-05
844.494,9.308776512778793e-05
844.679,0.00014484117814915688
844.864,0.00014248191987276134
845.048,0.00010877533532269881
845.233,8.321893800784466e-05
845.418,6.561549014506279e-05
845.602,5.3146289353377246e-05
845.787,4.3465529578986103e-05
845.971,3.5991044599426225e-05
846.156,3.0288845936660492e-05
846.34,2.5885708023242114e-05
846.525,2.2458640991805198e-05
846.709,1.9621343045959458e-05
846.893,1.714198205120947e-05
847.078,1.4893041416888578e-05
847.262,1.2815353635171173e-05
847.447,1.0906376775930673e-05
847.631,9.179682122629949e-06
847.815,7.64320579012804e-06
848.0,6.283912915011939e-06
848.184,5.117685197579211e-06
848.368,4.110882762875317e-06
848.552,3.233171231331272e-06
848.736,2.4607857386295483e-06
848.921,1.7688343659463443e-06
849.105,1.1350667766973511e-06
849.289,5.383594355206082e-07
849.473,0.0
849.657,0.0
849.841,0.0
850.025,0.0
850.209,0.0
850.393,0.0
850.577,0.0
850.761,0.0
850.945,0.0
851.129,0.0
851.313,0.0
851.497,0.0
851.68,0.0
851.864,0.0
852.048,0.0
852.232,0.0
852.416,0.0
852.599,0.0
852.783,0.0
852.967,0.0
853.15,0.0
853.334,0.0
853.518,0.0
853.701,0.0
853.885,0.0
854.068,0.0
854.252,0.0
854.435,0.0
854.619,0.0
854.802,0.0
854.986,0.0
855.169,0.0
855.353,0.0
855.536,0.0
855.719,0.0
855.903,0.0
856.086,0.0
856.269,0.0
856.452,0.0
856.636,0.0
856.819,4.359738814883182e-08
857.002,2.945617062752255e-07
857.185,4.372639582340988e-08
857.368,0.0
857.552,0.0
857.735,0.0
857.918,0.0
858.101,0.0
858.284,0.0
858.467,0.0
858.65,0.0
858.833,1.197863924048301e-06
859.016,3.019002076730572e-06
859.199,5.400921000168361e-06
859.382,8.615226883460236e-06
859.564,1.39602586491275e-05
859.747,1.3325157612163496e-05
859.93,1.0542680915468995e-05
860.113,8.320252608767839e-06
860.296,6.656490635686141e-06
860.478,5.163364178894096e-06
860.661,4.011524265459461e-06
860.844,3.011964945214202e-06
861.027,2.0996700068465178e-06
861.209,1.3465788437743247e-06
861.392,7.218532423614904e-07
861.575,3.11408774686189e-07
861.757,9.22783594842251e-08
861.94,1.1691400010694926e-07
862.122,6.560613086866642e-07
862.305,1.758184730143799e-06
862.487,4.165202401360283e-06
862.67,1.0010272445198477e-05
862.852,2.0043369176895855e-05
863.035,3.247389466107868e-05
863.217,3.334833269538995e-05
863.4,2.5369216689291893e-05
863.582,2.1544658926405297e-05
863.764,1.8299384225080184e-05
863.947,1.4975136647435234e-05
864.129,1.268560122649378e-05
864.311,1.1095223661950114e-05
864.493,9.930648552403803e-06
864.676,9.336383501198624e-06
864.858,9.292001622397576e-06
865.04,9.898907424626441e-06
865.222,1.1115987691549658e-05
865.404,1.2761577957674775e-05
865.587,1.4524795588902582e-05
865.769,1.607763328456398e-05
865.951,1.7276721615058654e-05
866.133,1.809596807924797e-05
866.315,1.8744706848867045e-05
866.497,1.964708798080273e-05
866.679,2.1189448659599242e-05
866.861,2.3638144334191276e-05
867.043,2.7316651132681387e-05
867.225,3.217714339264136e-05
867.407,3.874366726836297e-05
867.589,5.08844873054182e-05
867.77,7.56917171517795e-05
867.952,0.00011983816996015763
868.134,0.00017066416965088227
868.316,0.0001723967534538406
868.498,0.00016182995962284475
868.679,0.00013412950391060094
868.861,0.00010599121986182096
869.043,8.245077765053568e-05
869.224,6.651327333942593e-05
869.406,5.600690870354565e-05
869.588,4.867753697280219e-05
869.769,4.3887828361503945e-05
869.951,4.1706837675320585e-05
870.132,4.4286200046056044e-05
870.314,5.356755668360547e-05
870.495,5.4377181369451736e-05
870.677,4.591009266312258e-05
870.858,4.3818405944595457e-05
871.04,4.76395696100416e-05
871.221,5.759692353918192e-05
871.403,5.5521581819728686e-05
871.584,4.568918431780114e-05
871.765,4.620946225206487e-05
871.947,5.2682624419565026e-05
872.128,4.3248151558092976e-05
872.309,3.324086104053734e-05
872.491,2.6812806127440357e-05
872.672,2.3136807435689748e-05
872.853,1.997194664690034e-05
873.034,1.7216362571324322e-05
873.215,1.4837707190618073e-05
873.396,1.2559781851992834e-05
873.578,1.058963772362253e-05
873.759,8.91023563304972e-06
873.94,7.47698078399032e-06
874.121,6.280991862448071e-06
874.302,5.189140869087665e-06
874.483,4.173139019078163e-06
874.664,3.262626064326685e-06
874.845,2.475320810957418e-06
875.026,1.8088466994210173e-06
875.207,1.2413630645094998e-06
875.388,7.480131077040726e-07
875.568,3.130199464092534e-07
875.749,0.0
875.93,0.0
876.111,0.0
876.292,0.0
876.472,0.0
876.653,0.0
876.834,0.0
877.015,0.0
877.195,0.0
877.376,0.0
877.556,0.0
877.737,0.0
877.918,0.0
878.098,0.0
878.279,0.0
878.459,0.0
878.64,0.0
878.82,0.0
879.0,0.0
879.181,0.0
879.361,0.0
879.542,0.0
879.722,0.0
879.902,0.0
880.083,0.0
880.263,0.0
880.443,0.0
880.623,5.851539245922804e-06
880.803,1.4969601636832154e-05
880.984,5.770692592393108e-06
881.164,1.5244123545465974e-06
881.344,0.0
881.524,0.0
881.704,0.0
881.884,8.178414584860832e-07
882.064,3.0979504179224717e-06
882.244,4.213517971765815e-06
882.424,4.051604786548729e-06
882.604,3.4033659501267587e-06
882.784,2.616103402347187e-06
882.964,1.9990420275549814e-06
883.144,1.6141090818026429e-06
883.324,1.369344305363688e-06
883.504,1.2024579300810958e-06
883.683,1.04978805413705e-06
883.863,9.399404911512913e-07
884.043,8.769850194465826e-07
884.223,8.359340900524841e-07
884.402,7.875348627786396e-07
884.582,7.133658591548147e-07
884.762,6.085629418571922e-07
884.941,4.830376125634423e-07
885.121,3.467990341656816e-07
885.301,1.978929865157405e-07
885.48,3.944125702932876e-08
885.66,0.0
885.839,0.0
886.019,0.0
886.198,0.0
886.378,0.0
886.557,0.0
886.737,0.0
886.916,0.0
887.095,0.0
887.275,0.0
887.454,0.0
887.633,0.0
887.813,0.0
887.992,0.0
888.171,0.0
888.35,0.0
888.53,0.0
888.709,0.0
888.888,0.0
889.067,0.0
889.246,0.0
889.425,0.0
889.604,0.0
889.783,0.0
889.962,0.0
890.141,0.0
890.32,0.0
890.499,0.0
890.678,0.0
890.857,0.0
891.036,0.0
891.214,0.0
891.393,0.0
891.572,0.0
891.751,0.0
891.93,0.0
892.108,0.0
892.287,0.0
892.466,0.0
892.644,0.0
892.823,0.0
893.001,0.0
893.18,0.0
893.359,0.0
893.537,0.0
893.716,0.0
893.894,0.0
894.073,0.0
894.251,0.0
894.429,0.0
894.608,0.0
894.786,0.0
894.964,0.0
895.143,0.0
895.321,0.0
895.499,0.0
895.677,0.0
895.856,0.0
896.034,0.0
896.212,0.0
896.39,0.0
896.568,0.0
896.746,0.0
896.924,0.0
897.102,0.0
897.28,0.0
897.458,0.0
897.636,0.0
897.814,0.0
897.992,0.0
898.17,0.0
898.348,0.0
898.526,0.0
898.704,0.0
898.882,0.0
899.059,0.0
899.237,0.0
899.415,0.0
899.593,0.0
899.77,0.0
899.948,5.7176587758237676e-08
900.125,5.172685845862788e-07
900.303,9.77278536595233e-07
900.481,1.4233815525238297e-06
900.658,1.8447384020204563e-06
900.836,2.235466848916248e-06
901.013,2.597785013696075e-06
901.191,2.9400828798432906e-06
901.368,3.2539867070154984e-06
901.546,3.5254006681125453e-06
901.723,3.7545638670232023e-06
901.901,3.946236979587483e-06
902.078,4.112316871724687e-06
902.255,4.2501545301306154e-06
902.433,4.335905015508116e-06
902.61,4.328036819155127e-06
902.787,4.248424296016112e-06
902.964,4.181791352861751e-06
903.142,4.131245159763108e-06
903.319,4.166781548645463e-06
903.496,4.296099210401378e-06
903.673,4.401536702931028e-06
903.85,4.742293385140156e-06
904.027,5.286548191523574e-06
904.204,6.347865076551321e-06
904.381,9.950494682853225e-06
904.558,1.6220877178208674e-05
904.735,2.155551389716149e-05
904.912,2.34116564708844e-05
905.089,2.230922671878215e-05
905.266,1.9406798306808544e-05
905.443,1.5724220718647292e-05
905.62,1.234880272229969e-05
905.797,9.846920820552578e-06
905.974,8.29205527896147e-06
906.151,7.54313896359579e-06
906.327,7.212829791498903e-06
906.504,7.01228272959647e-06
906.681,6.836783267581479e-06
906.858,6.60748992262746e-06
907.034,6.3533351567835985e-06
907.211,6.103955124605554e-06
907.388,5.831448184744394e-06
907.564,5.540747333548729e-06
907.741,5.2458085000429435e-06
907.917,4.9594044480008194e-06
908.094,4.699974267244391e-06
908.271,4.471690460992391e-06
908.447,4.257327819040212e-06
908.623,4.038646649082112e-06
908.8,3.8076534799279003e-06
908.976,3.5523653692523456e-06
909.153,3.2616906339110613e-06
909.329,2.9298209787626786e-06
909.505,2.5574818202469412e-06
909.682,2.150570674085155e-06
909.858,1.71931996242119e-06
910.034,1.2746646997803194e-06
910.211,8.25928185261005e-07
910.387,3.8244250102738547e-07
910.563,0.0
910.739,0.0
910.915,0.0
911.091,0.0
911.268,0.0
911.444,0.0
911.62,0.0
911.796,0.0
911.972,0.0
912.148,0.0
912.324,0.0
912.5,0.0
912.676,0.0
912.851,0.0
913.027,0.0
913.203,0.0
913.379,0.0
913.555,0.0
913.73,0.0
913.906,0.0
914.082,0.0
914.258,0.0
914.433,0.0
914.609,0.0
914.784,0.0
914.96,0.0
915.136,0.0
915.311,0.0
915.487,0.0
915.662,0.0
915.838,0.0
916.013,0.0
916.189,0.0
916.364,0.0
916.539,0.0
916.715,0.0
916.89,0.0
917.065,0.0
917.24,0.0
917.416,0.0
917.591,0.0
917.766,0.0
917.941,0.0
918.116,0.0
918.292,0.0
918.467,0.0
918.642,0.0
918.817,0.0
918.992,0.0
919.167,0.0
919.342,0.0
919.517,0.0
919.692,0.0
919.867,0.0
920.041,0.0
920.216,0.0
920.391,0.0
920.566,0.0
920.741,6.185526840218055e-07
920.915,1.7299721180989576e-06
921.09,5.41576784004897e-06
921.265,1.2575392068592655e-05
921.439,2.0169346731402707e-05
921.614,1.3469488292060885e-05
921.789,9.350606991740247e-06
921.963,6.566660666303115e-06
922.138,4.612607740688973e-06
922.312,4.24747293924388e-06
922.487,5.3202896721879155e-06
922.661,7.903683854361321e-06
922.836,1.1255096276302516e-05
923.01,1.2370145272640189e-05
923.185,1.049361868888463e-05
923.359,8.521658769649335e-06
923.534,8.671824413164662e-06
923.708,1.0153446884675404e-05
923.882,1.1028988821090947e-05
924.057,1.0787517133984176e-05
924.231,1.0059967005931404e-05
924.405,9.073578542671445e-06
924.579,8.00337608892826e-06
924.753,7.166605547741657e-06
924.928,6.5058442795980136e-06
925.102,6.062177116405234e-06
925.276,5.915128898497199e-06
925.45,6.034549034864723e-06
925.624,6.557820985185378e-06
925.798,7.567771144869717e-06
925.972,9.150150229543661e-06
926.146,1.1326675656116616e-05
926.32,1.3834072933501242e-05
926.494,1.6299914030288917e-05
926.668,1.8206476238885524e-05
926.842,1.9134876875386596e-05
927.016,1.9017803223286007e-05
927.19,1.8017061821820057e-05
927.363,1.652014590591409e-05
927.537,1.4912297503227918e-05
927.711,1.3430129272312087e-05
927.885,1.2169700494065787e-05
928.058,1.1112204190681708e-05
928.232,1.0213245276427255e-05
928.406,9.434352496811225e-06
928.579,8.757017641640474e-06
928.753,8.160498262864267e-06
928.927,7.63035717856671e-06
929.1,7.148318040283415e-06
929.274,6.690712929166326e-06
929.447,6.251702621411507e-06
929.621,5.825530861923113e-06
929.794,5.4064348816208085e-06
929.968,4.9946723808662724e-06
930.141,4.588904953339352e-06
930.315,4.185709463095016e-06
930.488,3.7782947925518844e-06
930.661,3.359842419795848e-06
930.835,2.9238230827597055e-06
931.008,2.464872863378421e-06
931.181,1.98077320403609e-06
931.354,1.4750872175448325e-06
931.528,9.518825432531214e-07
931.701,4.155727596041624e-07
931.874,0.0
932.047,0.0
932.22,0.0
932.393,0.0
932.566,0.0
932.739,0.0
932.912,0.0
933.085,0.0
933.258,0.0
933.431,0.0
933.604,0.0
933.777,0.0
933.95,0.0
934.123,0.0
934.296,0.0
934.468,0.0
934.641,0.0
934.814,0.0
934.987,0.0
935.159,0.0
935.332,0.0
935.505,0.0
935.677,0.0
935.85,0.0
936.022,0.0
936.195,0.0
936.367,0.0
936.54,0.0
936.712,0.0
936.885,0.0
937.057,0.0
937.229,0.0
937.402,3.888275560104187e-07
937.574,1.1206943621136284e-06
937.746,2.048521967113259e-06
937.919,3.1663267633373388e-06
938.091,4.941223597739331e-06
938.263,7.500739070218687e-06
938.435,1.1692059310278164e-05
938.608,1.802848858566984e-05
938.78,2.335936939429203e-05
938.952,2.548027253710703e-05
939.124,2.8430930533151232e-05
939.296,3.7403908165190356e-05
939.468,3.7944785864924345e-05
939.64,3.203193961150787e-05
939.812,2.476505242946352e-05
939.984,1.9418042987803197e-05
940.156,1.5746970525067916e-05
940.328,1.3258174777673563e-05
940.5,1.1638757781025654e-05
940.672,1.0449204008836216e-05
940.843,9.514355586234256e-06
941.015,8.733357064643553e-06
941.187,8.090692543363921e-06
941.359,7.5847118581111324e-06
941.531,7.1729619838559535e-06
941.702,6.820577276088184e-06
941.874,6.464438779608445e-06
942.046,6.078465745650936e-06
942.217,5.679620005054142e-06
942.389,5.279774856591792e-06
942.56,4.877362988433482e-06
942.732,4.471502671043871e-06
942.904,4.063614130298059e-06
943.075,3.657386658450982e-06
943.247,3.2631881422962654e-06
943.418,2.8798934495929582e-06
943.589,2.4910194083605947e-06
943.761,2.086384158579641e-06
943.932,1.6660496218090854e-06
944.104,1.2357930283559338e-06
944.275,8.041349799593996e-07
944.446,3.7963346080996056e-07
944.617,0.0
944.789,0.0
944.96,0.0
945.131,0.0
945.302,0.0
945.473,0.0
945.645,0.0
945.816,0.0
945.987,0.0
946.158,0.0
946.329,0.0
946.5,0.0
946.671,0.0
946.842,0.0
947.013,0.0
947.183,0.0
947.354,0.0
947.525,0.0
947.696,0.0
947.867,0.0
948.037,0.0
948.208,0.0
948.379,0.0
948.55,0.0
948.72,0.0
948.891,0.0
949.061,0.0
949.232,0.0
949.403,0.0
949.573,0.0
949.744,0.0
949.914,0.0
950.085,0.0
950.255,0.0
950.425,0.0
950.596,0.0
950.766,0.0
950.936,0.0
951.107,0.0
951.277,0.0
951.447,0.0
951.617,0.0
951.788,0.0
951.958,0.0
952.128,0.0
952.298,0.0
952.468,0.0
952.638,0.0
952.808,0.0
952.978,0.0
953.148,0.0
953.318,0.0
953.488,0.0
953.658,0.0
953.828,0.0
953.998,0.0
954.167,0.0
954.337,0.0
954.507,0.0
954.677,0.0
954.846,0.0
955.016,0.0
955.186,0.0
955.355,0.0
955.525,0.0
955.695,0.0
955.864,0.0
956.034,0.0
956.203,0.0
956.373,0.0
956.542,0.0
956.711,0.0
956.881,0.0
957.05,0.0
957.22,0.0
957.389,0.0
957.558,0.0
957.727,0.0
957.897,0.0
958.066,0.0
958.235,0.0
958.404,0.0
958.573,0.0
958.743,0.0
958.912,0.0
959.081,0.0
959.25,0.0
959.419,0.0
959.588,0.0
959.757,0.0
959.926,0.0
960.094,0.0
960.263,0.0
960.432,0.0
960.601,0.0
960.77,0.0
960.939,0.0
961.107,0.0
961.276,0.0
961.445,0.0
961.613,0.0
961.782,0.0
961.951,0.0
962.119,0.0
962.288,0.0
962.456,0.0
962.625,0.0
962.793,0.0
962.962,0.0
963.13,0.0
963.298,0.0
963.467,0.0
963.635,0.0
963.803,0.0
963.972,0.0
964.14,0.0
964.308,0.0
964.477,0.0
964.645,0.0
964.813,0.0
964.981,0.0
965.149,0.0
965.317,0.0
965.485,0.0
965.653,0.0
965.821,0.0
965.989,0.0
966.157,0.0
966.325,0.0
966.493,0.0
966.661,0.0
966.829,0.0
966.996,0.0
967.164,0.0
967.332,4.712497546145512e-09
967.5,2.546207427178455e-08
967.667,4.5719107219519625e-08
967.835,6.547957073999264e-08
968.003,8.472987244665957e-08
968.17,1.034539911890645e-07
968.338,1.216368440113546e-07
968.505,1.3925218902528214e-07
968.673,1.562787032508799e-07
968.841,1.7268943037744542e-07
969.008,1.8841942757406123e-07
969.175,2.034053459335666e-07
969.343,2.1760402969944772e-07
969.51,2.3095742348033523e-07
969.678,2.4342141681751395e-07
969.845,2.549820978827098e-07
970.012,2.656086845006593e-07
970.18,2.7527199495842216e-07
970.347,2.8397281075453737e-07
970.514,2.9167561478284585e-07
970.681,2.983163997142431e-07
970.849,3.038279563631614e-07
971.016,3.0810612916701897e-07
971.183,3.110408740925944e-07
971.35,3.125442729893507e-07
971.517,3.1253580963983806e-07
971.684,3.109525575102208e-07
971.851,3.0776798521462836e-07
972.018,3.0297006342975856e-07
972.185,2.9656790385019003e-07
972.352,2.8858422512415145e-07
972.519,2.790232830708101e-07
972.686,2.6790395726718486e-07
972.853,2.55247071942691e-07
973.02,2.410606929702752e-07
973.186,2.2537788298950645e-07
973.353,2.0824868730385603e-07
973.52,1.897203310332326e-07
973.687,1.6985396725031056e-07
973.853,1.4873230216288258e-07
974.02,1.2642900692048986e-07
974.187,1.0302879761914499e-07
974.353,7.86562931814851e-08
974.52,5.3435995205921536e-08
974.687,2.749879755543768e-08
974.853,1.008270664724486e-09
975.02,0.0
975.186,0.0
975.353,0.0
975.519,0.0
975.685,0.0
975.852,0.0
976.018,0.0
976.184,0.0
976.351,0.0
976.517,0.0
976.683,0.0
976.849,0.0
977.016,0.0
977.182,0.0
977.348,0.0
977.514,0.0
977.68,0.0
977.846,0.0
978.012,0.0
978.178,0.0
978.344,0.0
978.51,0.0
978.676,0.0
978.842,0.0
979.008,0.0
979.174,0.0
979.34,0.0
979.505,0.0
979.671,0.0
979.837,0.0
980.003,0.0
980.168,0.0
980.334,0.0
980.499,0.0
980.665,0.0
980.831,0.0
980.996,0.0
981.162,0.0
981.327,0.0
981.493,0.0
981.658,0.0
981.823,0.0
981.989,0.0
982.154,0.0
982.319,0.0
982.485,0.0
982.65,0.0
982.815,1.008256934943775e-08
982.98,2.712514676990719e-08
983.146,4.309426622500407e-08
983.311,5.796196493280679e-08
983.476,7.169749526747007e-08
983.641,8.427635654251449e-08
983.806,9.571007274945001e-08
983.971,1.0601561227394801e-07
984.136,1.1521475844385917e-07
984.301,1.233530440819437e-07
984.466,1.304761840774522e-07
984.631,1.3662186624977263e-07
984.796,1.418402637424528e-07
984.961,1.461843742148462e-07
985.126,1.497135488813871e-07
985.291,1.525138424005463e-07
985.455,1.5468286442739543e-07
985.62,1.5630227349780206e-07
985.785,1.5745272011313347e-07
985.95,1.5821181164434245e-07
986.114,1.586370758789097e-07
986.279,1.5879586492997528e-07
986.444,1.5874521589107948e-07
986.608,1.5850369526315236e-07
986.773,1.5809201175354084e-07
986.937,1.575570811678184e-07
987.102,1.5694774171339277e-07
987.266,1.563261602545956e-07
987.431,1.557815048262633e-07
987.595,1.553887635956973e-07
987.76,1.552213743697305e-07
987.924,1.553553452972908e-07
988.088,1.5581337559701318e-07
988.253,1.565866208164074e-07
988.417,1.576558324601297e-07
988.581,1.5897396599281664e-07
988.746,1.6048374365905052e-07
988.91,1.621067548772827e-07
989.074,1.6372833112833773e-07
989.238,1.652239154875559e-07
989.402,1.6646632246370938e-07
989.566,1.6730205438222752e-07
989.731,1.6756898576599753e-07
989.895,1.671045574378959e-07
990.059,1.6572096751238846e-07
990.223,1.6323040751637514e-07
990.387,1.5944050006778137e-07
990.551,1.5412236350855723e-07
990.714,1.470337202534547e-07
990.878,1.3794953845916397e-07
991.042,1.2663739218189447e-07
991.206,1.1284073838252052e-07
991.37,9.630099724089583e-08
991.534,7.671938820607695e-08
991.697,5.376185119136396e-08
991.861,2.710305375295612e-08
992.025,0.0
992.188,0.0
992.352,0.0
992.516,0.0
992.679,0.0
992.843,0.0
993.006,0.0
993.17,0.0
993.333,0.0
993.497,0.0
993.66,0.0
993.824,0.0
993.987,0.0
994.15,0.0
994.314,0.0
994.477,0.0
994.64,0.0
994.803,0.0
994.967,0.0
995.13,0.0
995.293,0.0
995.456,0.0
995.619,0.0
995.782,0.0
995.945,0.0
996.108,0.0
996.271,0.0
996.434,0.0
996.597,0.0
996.76,0.0
996.923,0.0
997.086,0.0
997.248,0.0
997.411,0.0
997.574,0.0
997.737,0.0
997.899,0.0
998.062,0.0
998.225,0.0
998.387,0.0
998.55,0.0
998.712,0.0
998.875,0.0
999.037,0.0
999.2,0.0
999.362,0.0
999.525,0.0
999.687,0.0
999.849,0.0
