237.496,0.0
237.566,0.0
237.636,0.0
237.705,0.0
237.775,0.0
237.845,0.0
237.914,0.0
237.984,0.0
238.054,0.0
238.123,1.8965764508162507e-07
238.193,4.164918974221604e-07
238.263,4.804943344664113e-07
238.332,3.652122076884964e-07
238.402,2.1476523526878932e-07
238.471,1.0806425617820182e-07
238.541,6.374331109131413e-08
238.611,6.741288008595372e-08
238.68,1.0415648837745491e-07
238.75,1.642866487782068e-07
238.819,2.3295894587500362e-07
238.889,3.0660743522381843e-07
238.958,3.6811642844450675e-07
239.028,4.0109063454907124e-07
239.097,4.0155233571273343e-07
239.167,3.806975960788582e-07
239.237,3.4565746548367344e-07
239.306,3.031221895827106e-07
239.376,2.6296321168215435e-07
239.445,2.3001206252312495e-07
239.515,2.055551105633188e-07
239.584,1.9045148404714628e-07
239.654,1.8321209713138259e-07
239.723,1.8260603085773848e-07
239.793,1.8645000781302966e-07
239.862,1.9359132657495786e-07
239.932,2.0382782062542017e-07
240.001,2.148734623205396e-07
240.07,2.2599083911777795e-07
240.14,2.3784539531520695e-07
240.209,2.501570554844068e-07
240.279,2.6125299732327373e-07
240.348,2.7166816156919105e-07
240.418,2.8041224483770706e-07
240.487,2.8541991239791815e-07
240.556,2.853301330016017e-07
240.626,2.795719195091109e-07
240.695,2.6843996798792796e-07
240.765,2.532314174407e-07
240.834,2.345227437425883e-07
240.903,2.13120899454747e-07
240.973,1.8960046163379598e-07
241.042,1.6432036151321548e-07
241.112,1.390076692309314e-07
241.181,1.1474147432510511e-07
241.25,9.222154500892247e-08
241.32,7.201782990716672e-08
241.389,5.4413248526757645e-08
241.458,3.889645813357038e-08
241.528,2.5292449128875868e-08
241.597,1.3872759698079762e-08
241.666,4.787586366911666e-09
241.736,0.0
241.805,0.0
241.874,0.0
241.943,0.0
242.013,0.0
242.082,3.6220197351764273e-09
242.151,1.0968082392558826e-08
242.221,2.00241929858434e-08
242.29,3.0731428800654614e-08
242.359,4.3016227781809136e-08
242.428,5.6843474687257725e-08
242.498,7.222071131625825e-08
242.567,8.914248061836206e-08
242.636,1.0780907322651787e-07
242.705,1.2832321317279195e-07
242.774,1.5071230856554287e-07
242.844,1.7495171756319355e-07
242.913,2.0083751899895658e-07
242.982,2.2803484271869234e-07
243.051,2.564151808160927e-07
243.12,2.858205199467416e-07
243.19,3.1608663473242186e-07
243.259,3.470602461769272e-07
243.328,3.782923573776004e-07
243.397,4.094091112624263e-07
243.466,4.4008852661629955e-07
243.535,4.7000029164413404e-07
243.605,4.988748707357064e-07
243.674,5.265545668141614e-07
243.743,5.528528408882877e-07
243.812,5.77562037936608e-07
243.881,6.005007692307726e-07
243.95,6.214414141544609e-07
244.019,6.401703279384338e-07
244.088,6.565240156052722e-07
244.158,6.703538582218198e-07
244.227,6.81535821377073e-07
244.296,6.899586282036473e-07
244.365,6.954933663202038e-07
244.434,6.980202034353137e-07
244.503,6.974541624328826e-07
244.572,6.937233696857939e-07
244.641,6.86790139000088e-07
244.71,6.766558063842834e-07
244.779,6.633358609059831e-07
244.848,6.468356310812521e-07
244.917,6.2720551711361e-07
244.986,6.045225457485099e-07
245.055,5.788741597134481e-07
245.124,5.504201385746862e-07
245.193,5.193424826999171e-07
245.262,4.857886448600788e-07
245.331,4.499604166807937e-07
245.4,4.1206521776804027e-07
245.469,3.722995029288353e-07
245.538,3.309386656549518e-07
245.607,2.8825461952731483e-07
245.676,2.445040412680473e-07
245.745,1.9998249447526258e-07
245.814,1.5498392690800355e-07
245.883,1.0974809145469865e-07
245.952,6.450885039543091e-08
246.021,1.9495477728605956e-08
246.09,0.0
246.159,0.0
246.227,0.0
246.296,0.0
246.365,0.0
246.434,0.0
246.503,0.0
246.572,0.0
246.641,0.0
246.71,0.0
246.779,0.0
246.847,0.0
246.916,0.0
246.985,0.0
247.054,0.0
247.123,0.0
247.192,0.0
247.26,0.0
247.329,0.0
247.398,0.0
247.467,0.0
247.536,0.0
247.604,0.0
247.673,0.0
247.742,0.0
247.811,0.0
247.879,0.0
247.948,0.0
248.017,0.0
248.086,0.0
248.154,0.0
248.223,0.0
248.292,0.0
248.361,0.0
248.429,0.0
248.498,0.0
248.567,0.0
248.635,0.0
248.704,0.0
248.773,0.0
248.841,0.0
248.91,0.0
248.979,0.0
249.047,0.0
249.116,0.0
249.185,0.0
249.253,0.0
249.322,2.7542497419574252e-08
249.39,6.548227123972624e-08
249.459,1.0382205022071848e-07
249.528,1.4244671979645112e-07
249.596,1.8122501785869555e-07
249.665,2.2005725752490775e-07
249.733,2.589047984061285e-07
249.802,2.9770806478780306e-07
249.871,3.36399649514081e-07
249.939,3.749385017441725e-07
250.008,4.1326122850098896e-07
250.076,4.5131280146450295e-07
250.145,4.890521538189729e-07
250.213,5.263973641955686e-07
250.282,5.631905989320602e-07
250.35,5.992285830752786e-07
250.419,6.342979654788503e-07
250.487,6.681635040680955e-07
250.556,7.006020875531241e-07
250.624,7.313705703128827e-07
250.693,7.60185935843079e-07
250.761,7.867522959695167e-07
250.83,8.107790028234325e-07
250.898,8.320263350665195e-07
250.967,8.502737516892558e-07
251.035,8.652947787325847e-07
251.104,8.768717079963035e-07
251.172,8.847949094139573e-07
251.241,8.888649678066637e-07
251.309,8.889310895026996e-07
251.378,8.848904274662843e-07
251.446,8.766230451749108e-07
251.514,8.640306042149696e-07
251.583,8.470722681990629e-07
251.651,8.257246395201827e-07
251.72,8.000053750416704e-07
251.788,7.699763483563043e-07
251.856,7.356666347682601e-07
251.925,6.97067823420856e-07
251.993,6.541872982547181e-07
252.062,6.070376529098326e-07
252.13,5.556374994473697e-07
252.198,5.000265856571074e-07
252.267,4.4023158584042656e-07
252.335,3.7627774292465753e-07
252.403,3.0824587399578155e-07
252.472,2.3631792741127763e-07
252.54,1.6076016989494473e-07
252.608,8.186725398140394e-08
252.677,0.0
252.745,0.0
252.813,0.0
252.881,0.0
252.95,0.0
253.018,0.0
253.086,0.0
253.155,0.0
253.223,0.0
253.291,0.0
253.359,0.0
253.428,0.0
253.496,0.0
253.564,0.0
253.632,0.0
253.7,0.0
253.769,0.0
253.837,0.0
253.905,0.0
253.973,0.0
254.041,0.0
254.11,0.0
254.178,0.0
254.246,0.0
254.314,0.0
254.382,0.0
254.45,0.0
254.518,0.0
254.587,0.0
254.655,0.0
254.723,0.0
254.791,0.0
254.859,0.0
254.927,0.0
254.995,0.0
255.063,0.0
255.131,0.0
255.199,0.0
255.267,0.0
255.336,0.0
255.404,0.0
255.472,0.0
255.54,0.0
255.608,0.0
255.676,0.0
255.744,0.0
255.812,0.0
255.88,0.0
255.948,0.0
256.016,0.0
256.084,0.0
256.152,0.0
256.22,0.0
256.288,0.0
256.356,0.0
256.424,0.0
256.491,0.0
256.559,0.0
256.627,0.0
256.695,0.0
256.763,0.0
256.831,0.0
256.899,0.0
256.967,0.0
257.035,0.0
257.103,0.0
257.171,0.0
257.238,0.0
257.306,0.0
257.374,0.0
257.442,0.0
257.51,0.0
257.578,0.0
257.646,0.0
257.713,0.0
257.781,0.0
257.849,0.0
257.917,0.0
257.985,0.0
258.052,0.0
258.12,0.0
258.188,0.0
258.256,0.0
258.324,0.0
258.391,0.0
258.459,0.0
258.527,0.0
258.595,0.0
258.662,0.0
258.73,0.0
258.798,0.0
258.865,0.0
258.933,0.0
259.001,0.0
259.069,0.0
259.136,0.0
259.204,0.0
259.272,0.0
259.339,0.0
259.407,0.0
259.475,0.0
259.542,0.0
259.61,0.0
259.677,0.0
259.745,3.540535136884488e-07
259.813,1.1845754500077956e-06
259.88,1.7121920384720898e-06
259.948,1.31395096675935e-06
260.016,0.0
260.083,0.0
260.151,0.0
260.218,0.0
260.286,0.0
260.353,0.0
260.421,0.0
260.489,0.0
260.556,0.0
260.624,0.0
260.691,7.56648947271104e-08
260.759,1.3609187500513116e-07
260.826,1.5969251970902486e-07
260.894,1.679783369604949e-07
260.961,1.7574086677267926e-07
261.029,1.8288670716699187e-07
261.096,1.893084611481753e-07
261.164,1.9767613546879898e-07
261.231,2.0992049328718025e-07
261.299,2.2598866598983167e-07
261.366,2.4576769565968844e-07
261.434,2.665799237604951e-07
261.501,2.8657888365290405e-07
261.568,3.0569043433438253e-07
261.636,3.2388359233746774e-07
261.703,3.4114877594305065e-07
261.771,3.5743920202070675e-07
261.838,3.727363331870702e-07
261.906,3.871075971817189e-07
261.973,4.006075442623358e-07
262.04,4.132404407450943e-07
262.108,4.249555195283712e-07
262.175,4.3557129980637243e-07
262.243,4.448700257078545e-07
262.31,4.5266906061461803e-07
262.377,4.587665682529801e-07
262.445,4.767893071039202e-07
262.512,5.065620229939266e-07
262.579,5.331278389645914e-07
262.647,5.563512998100766e-07
262.714,4.608628046697803e-07
262.781,2.466423328332718e-07
262.849,3.7030420041652305e-08
262.916,0.0
262.983,3.237657244748738e-07
263.051,1.5121455191868586e-06
263.118,1.4762384701340734e-06
263.185,2.1623637669205916e-07
263.252,0.0
263.32,0.0
263.387,8.465635704021731e-08
263.454,2.7123280736224e-07
263.522,3.348752702461236e-07
263.589,2.7589758732315314e-07
263.656,2.1793905163767626e-07
263.723,1.6132576735590434e-07
263.79,1.2017668629859571e-07
263.858,9.474864241676616e-08
263.925,7.053453566739917e-08
263.992,4.7818168287143956e-08
264.059,2.687393660898371e-08
264.126,8.067534632288132e-09
264.194,0.0
264.261,0.0
264.328,0.0
264.395,0.0
264.462,0.0
264.529,0.0
264.597,0.0
264.664,2.771883503393893e-09
264.731,3.148644026861364e-08
264.798,6.961575328566346e-08
264.865,1.1798485400555098e-07
264.932,1.7736414182032886e-07
264.999,2.4840556382236045e-07
265.066,3.315797220027832e-07
265.133,4.272100825232899e-07
265.201,5.353251499336676e-07
265.268,6.556080554782312e-07
265.335,7.874101872011306e-07
265.402,9.297250180568012e-07
265.469,1.081249810222301e-06
265.536,1.240501148160055e-06
265.603,1.4058309680829258e-06
265.67,1.5754292719177367e-06
265.737,1.7475022890716337e-06
265.804,1.9203186979823846e-06
265.871,2.092213303982739e-06
265.938,2.2617317817253595e-06
266.005,2.4276255824151475e-06
266.072,2.5888170825033616e-06
266.139,2.7444730736170743e-06
266.206,2.8939564490962264e-06
266.273,3.0367295769644743e-06
266.34,3.1723687245813924e-06
266.407,3.3005746035528716e-06
266.474,3.42112102651701e-06
266.541,3.5338660948182696e-06
266.608,3.638730830460042e-06
266.675,3.735653696808779e-06
266.742,3.824625811843147e-06
266.808,3.90568011044319e-06
266.875,3.978880076046976e-06
266.942,4.044319324948282e-06
267.009,4.102118749077233e-06
267.076,4.1523845185495594e-06
267.143,4.195215676424573e-06
267.21,4.230693957367441e-06
267.277,4.258830734091636e-06
267.344,4.279694147845151e-06
267.41,4.293401929604525e-06
267.477,4.3000552531673635e-06
267.544,4.299784563631245e-06
267.611,4.292718672680872e-06
267.678,4.278954718615005e-06
267.745,4.2586467849767294e-06
267.811,4.2320543253969195e-06
267.878,4.199427721330253e-06
267.945,4.161025042621821e-06
268.012,4.117158123019908e-06
268.079,4.06808386756666e-06
268.145,4.0140517107302286e-06
268.212,3.955335604504892e-06
268.279,3.892127426414437e-06
268.346,3.8245730092339315e-06
268.412,3.7528243233418508e-06
268.479,3.6770250202559825e-06
268.546,3.5973277037658627e-06
268.613,3.513923265405481e-06
268.679,3.427005159757716e-06
268.746,3.336763792364803e-06
268.813,3.243399320536213e-06
268.879,3.1470981702251556e-06
268.946,3.048079960589649e-06
269.013,2.946598671675857e-06
269.079,2.8429264153702298e-06
269.146,2.7373809269167013e-06
269.213,2.6303564861977197e-06
269.28,2.522337834229504e-06
269.346,2.4139510923747288e-06
269.413,2.3059695781331087e-06
269.479,2.199173807580263e-06
269.546,2.0943415928274657e-06
269.613,1.992263536503973e-06
269.679,1.8936759418260802e-06
269.746,1.7992636450644685e-06
269.813,1.7096178837884372e-06
269.879,1.6250792975787478e-06
269.946,1.5456502307938126e-06
270.012,1.4710876997090245e-06
270.079,1.4008681910272509e-06
270.145,1.3341974708152497e-06
270.212,1.270115651562077e-06
270.279,1.2074573931682394e-06
270.345,1.1448809459689537e-06
270.412,1.0810822499447473e-06
270.478,1.014875365979574e-06
270.545,9.452145480694131e-07
270.611,8.712426022318727e-07
270.678,7.922436462507115e-07
270.744,7.076485251733431e-07
270.811,6.170854264163621e-07
270.877,5.203790502488026e-07
270.944,4.1755289034557026e-07
271.01,3.0879911607164457e-07
271.077,1.9437568039679578e-07
271.143,7.461102704140845e-08
271.21,0.0
271.276,0.0
271.342,0.0
271.409,0.0
271.475,0.0
271.542,0.0
271.608,0.0
271.675,0.0
271.741,0.0
271.807,0.0
271.874,0.0
271.94,0.0
272.007,0.0
272.073,0.0
272.139,0.0
272.206,0.0
272.272,0.0
272.338,0.0
272.405,0.0
272.471,0.0
272.537,0.0
272.604,0.0
272.67,0.0
272.736,0.0
272.802,0.0
272.869,0.0
272.935,0.0
273.001,0.0
273.068,0.0
273.134,0.0
273.2,0.0
273.266,0.0
273.333,0.0
273.399,0.0
273.465,0.0
273.531,0.0
273.597,0.0
273.664,0.0
273.73,0.0
273.796,0.0
273.862,0.0
273.928,0.0
273.995,0.0
274.061,0.0
274.127,0.0
274.193,0.0
274.259,0.0
274.325,0.0
274.391,0.0
274.457,0.0
274.524,0.0
274.59,1.4957808288373171e-06
274.656,1.6107782707815662e-06
274.722,0.0
274.788,0.0
274.854,0.0
274.92,2.105392857259376e-06
274.986,1.3354296120169858e-06
275.052,0.0
275.118,0.0
275.184,0.0
275.25,3.658909804467311e-07
275.316,3.630497437154315e-07
275.382,0.0
275.448,6.493432500805776e-07
275.514,3.2386425740014415e-06
275.58,3.4091201382412376e-06
275.646,1.1827238189001516e-06
275.712,4.3848982187666136e-07
275.778,1.4089006669201972e-06
275.844,2.0108017602397636e-06
275.91,2.239249538555034e-06
275.976,2.5297030539751285e-06
276.042,2.7953520322971447e-06
276.108,3.213762674581521e-06
276.174,3.780617226952607e-06
276.24,4.3976457905629825e-06
276.306,5.057733937682732e-06
276.372,5.742950952566381e-06
276.437,6.473249067335038e-06
276.503,7.271444900043513e-06
276.569,8.165683651582337e-06
276.635,9.161758183094823e-06
276.701,1.0263574371392765e-05
276.767,1.1460588308955622e-05
276.833,1.2667875190411915e-05
276.899,1.3867100748354434e-05
276.964,1.5111136007044658e-05
277.03,1.643744556519136e-05
277.096,1.8074670837686596e-05
277.162,2.0155354542980016e-05
277.228,2.2550225252740342e-05
277.293,2.552154217695214e-05
277.359,2.8987715800721612e-05
277.425,3.30720876520509e-05
277.491,4.218567068824154e-05
277.557,6.447533788129988e-05
277.622,0.00010553527691018562
277.688,0.0001039524025177375
277.754,0.00011013817605986014
277.82,0.00012899597102048168
277.885,0.00016581851993699437
277.951,0.0002223621026837935
278.017,0.00018225449898505506
278.083,0.00015040296012319907
278.148,0.00014380307176840458
278.214,0.00014780095002275666
278.28,0.00016483164401029222
278.345,0.00014096733693257712
278.411,0.0001286633316931907
278.477,0.00013948610114805608
278.542,0.00015417169980548346
278.608,0.00017006242266055297
278.674,0.00019606921457395574
278.739,0.00023023869339750504
278.805,0.000274920114881799
278.871,0.0003353625384577514
278.936,0.00044899474868146695
279.002,0.0006851806920968924
279.067,0.0009017275481287218
279.133,0.0008786972573110079
279.199,0.0007966559814553763
279.264,0.0008297716518513258
279.33,0.0009645753458563936
279.395,0.0012310398495046489
279.461,0.0015301029130781753
279.527,0.0016874764477087102
279.592,0.0015900145596566006
279.658,0.0013876843353225613
279.723,0.0013480502998019794
279.789,0.0013862224500722064
279.854,0.001252283179116634
279.92,0.0010571947667969866
279.985,0.0009552745187020167
280.051,0.0009745593469597694
280.116,0.0011374882518635034
280.182,0.0014434270541585448
280.247,0.0016087886869351382
280.313,0.0014044414853519693
280.378,0.0010356346056657408
280.444,0.0007588769145098501
280.509,0.0005870198818980888
280.574,0.0004776910624740164
280.64,0.0004002605888908562
280.705,0.0003500536090776096
280.771,0.00029844481281216364
280.836,0.0002660127397333025
280.902,0.00023882443100081105
280.967,0.0002161295667343083
281.032,0.0001959238535524058
281.098,0.00017713588865100551
281.163,0.00015950116370273135
281.229,0.00014307225102481292
281.294,0.00012866480193767356
281.359,0.00011616442922466274
281.425,0.0001043370977197027
281.49,9.309861282121011e-05
281.555,8.296126611771057e-05
281.621,7.400497040930461e-05
281.686,6.623526412184776e-05
281.751,5.953764946510413e-05
281.816,5.372222297067673e-05
281.882,4.861002738843075e-05
281.947,4.403499694274249e-05
282.012,3.9896826605780507e-05
282.078,3.613420033253929e-05
282.143,3.268304982182782e-05
282.208,2.9501582052247462e-05
282.273,2.6572648463119884e-05
282.339,2.386274149976941e-05
282.404,2.1357123592713106e-05
282.469,1.9049994691996796e-05
282.534,1.692871185197418e-05
282.6,1.4981588902719903e-05
282.665,1.3197425700756492e-05
282.73,1.156587381802386e-05
282.795,1.0071674200976869e-05
282.86,8.705748957676001e-06
282.926,7.461025326122227e-06
282.991,6.337289524072696e-06
283.056,5.3078373944871025e-06
283.121,4.360466158669633e-06
283.186,3.4897438228719837e-06
283.251,2.688500191602451e-06
283.316,2.0639802599532603e-06
283.382,1.6152352953415517e-06
283.447,1.3322900983009741e-06
283.512,1.1899546184432303e-06
283.577,5.282353581827401e-07
283.642,0.0
283.707,0.0
283.772,0.0
283.837,0.0
283.902,0.0
283.967,0.0
284.032,0.0
284.097,0.0
284.163,0.0
284.228,0.0
284.293,0.0
284.358,7.334473147085078e-07
284.423,1.9678081291093958e-06
284.488,3.5483092950959256e-06
284.553,5.571828312923392e-06
284.618,8.390474215801983e-06
284.683,1.189377851053523e-05
284.748,1.6197464241469737e-05
284.812,2.3551022471718905e-05
284.877,3.580900282785468e-05
284.942,5.196763930971317e-05
285.007,8.617871693318635e-05
285.072,0.00016303432865100991
285.137,0.0003394425734519852
285.202,0.00047311914357643154
285.267,0.00038815007575975885
285.332,0.00022526456692109436
285.397,0.00013691396662111449
285.462,9.45539722982273e-05
285.527,6.683982849228904e-05
285.591,4.893063549146652e-05
285.656,3.713531778829585e-05
285.721,2.8675388698875952e-05
285.786,2.222408887053346e-05
285.851,1.740771971997551e-05
285.916,1.367264793537859e-05
285.981,1.0806510599092071e-05
286.045,8.697522219116965e-06
286.11,7.15148685189743e-06
286.175,5.993500239274413e-06
286.24,4.98808549946013e-06
286.305,4.07908044335047e-06
286.369,3.2463757343968275e-06
286.434,2.4849077150868953e-06
286.499,1.8370148156552386e-06
286.564,1.2699634482671882e-06
286.628,7.606669300347374e-07
286.693,3.028279903560965e-07
286.758,0.0
286.823,0.0
286.887,0.0
286.952,0.0
287.017,0.0
287.082,0.0
287.146,0.0
287.211,0.0
287.276,0.0
287.34,0.0
287.405,0.0
287.47,0.0
287.534,0.0
287.599,0.0
287.663,0.0
287.728,0.0
287.793,0.0
287.857,0.0
287.922,0.0
287.987,0.0
288.051,0.0
288.116,0.0
288.18,0.0
288.245,0.0
288.309,0.0
288.374,0.0
288.439,0.0
288.503,0.0
288.568,0.0
288.632,0.0
288.697,0.0
288.761,0.0
288.826,0.0
288.89,0.0
288.955,0.0
289.019,0.0
289.084,0.0
289.148,0.0
289.212,0.0
289.277,0.0
289.341,0.0
289.406,0.0
289.47,0.0
289.535,0.0
289.599,0.0
289.663,0.0
289.728,0.0
289.792,5.5065581438419324e-08
289.857,1.8948917750881096e-07
289.921,3.171362987682688e-07
289.985,4.353802399309375e-07
290.05,5.467478121730681e-07
290.114,6.603774567432552e-07
290.178,7.745681575632615e-07
290.243,9.003426860989697e-07
290.307,1.0345744303504902e-06
290.371,1.1676267354930413e-06
290.436,1.3170759418065491e-06
290.5,1.5019402869411548e-06
290.564,1.7215885202736344e-06
290.629,1.96110372277329e-06
290.693,2.22491146714868e-06
290.757,2.4914081189733624e-06
290.821,2.784383175111494e-06
290.886,3.187585497752501e-06
290.95,3.675988821289693e-06
291.014,4.183980908835373e-06
291.078,4.7172763709219125e-06
291.143,5.150120794298037e-06
291.207,5.71801652133579e-06
291.271,7.455294963910354e-06
291.335,9.941588379269306e-06
291.399,1.017606375743001e-05
291.464,1.7614628364086957e-05
291.528,1.9416398565981487e-05
291.592,1.661890708595978e-05
291.656,1.2721824917685065e-05
291.72,1.0191441273317753e-05
291.784,8.966628653739215e-06
291.849,8.649215986854557e-06
291.913,9.040169658151428e-06
291.977,9.714878956501617e-06
292.041,1.0385595305321368e-05
292.105,1.1061294117496847e-05
292.169,1.1819227382442483e-05
292.233,1.282604823951683e-05
292.297,1.4361630009256705e-05
292.361,1.6555604172316055e-05
292.425,1.9380989432512634e-05
292.49,2.2848353432688483e-05
292.554,2.711194173144536e-05
292.618,3.352875378378072e-05
292.682,4.5804151813815646e-05
292.746,6.794567904732698e-05
292.81,0.00012094316654548258
292.874,0.00017444197766543635
292.938,0.00017188560413483259
293.002,0.00014797486386096363
293.066,0.00012844353742182544
293.13,0.00010950047151774547
293.194,9.843970963619499e-05
293.258,9.267334565607138e-05
293.322,9.332526684602414e-05
293.386,9.095727154049344e-05
293.45,0.00010249668677804385
293.514,0.00013086256073714932
293.577,0.00020282563822712142
293.641,0.0003015162805192602
293.705,0.0003294655061362436
293.769,0.00028401478113194534
293.833,0.00023390030977821872
293.897,0.00019640908652236486
293.961,0.00016670829555784524
294.025,0.00013866786616092486
294.089,0.0001195010954955711
294.152,0.00010465133341379675
294.216,9.182296194743889e-05
294.28,8.10290821794299e-05
294.344,7.20651023750402e-05
294.408,6.448745490579029e-05
294.472,5.805830511616484e-05
294.536,5.252497580779277e-05
294.599,4.7703096408934364e-05
294.663,4.34576482723368e-05
294.727,3.9701667542449904e-05
294.791,3.6356068363078553e-05
294.855,3.341724171435072e-05
294.918,3.0789874589680726e-05
294.982,2.7811830991567582e-05
295.046,2.444562465032085e-05
295.11,2.4176574364768522e-05
295.173,2.101606744025142e-05
295.237,1.847807502242989e-05
295.301,1.657133533308906e-05
295.364,1.4716070739599289e-05
295.428,1.2932143887609089e-05
295.492,1.1312695081065834e-05
295.556,9.869474462941903e-06
295.619,8.603461975154561e-06
295.683,7.505188304723737e-06
295.747,6.561433666164873e-06
295.81,5.757995450708752e-06
295.874,5.0853222222910665e-06
295.938,4.527807005928937e-06
296.001,4.067376145115511e-06
296.065,3.6837010894001384e-06
296.128,3.348553821741106e-06
296.192,3.049168649062713e-06
296.256,2.7743152182163223e-06
296.319,2.5155937851123114e-06
296.383,2.3766610354878108e-06
296.447,2.3507461386137284e-06
296.51,2.432509964487946e-06
296.574,2.6174282834857153e-06
296.637,2.242808091682721e-06
296.701,1.308085750034774e-06
296.764,9.41212628406068e-07
296.828,1.1394857763276888e-06
296.891,1.2392738164585079e-06
296.955,1.2396035228477472e-06
297.018,1.1405264800928628e-06
297.082,9.446659671005472e-07
297.145,7.637447256275933e-07
297.209,5.99606224343563e-07
297.272,4.5419030971062536e-07
297.336,3.286164845195639e-07
297.399,2.099677714509797e-07
297.463,9.903762577437517e-08
297.526,0.0
297.59,0.0
297.653,0.0
297.717,0.0
297.78,0.0
297.843,0.0
297.907,0.0
297.97,0.0
298.034,0.0
298.097,0.0
298.16,0.0
298.224,0.0
298.287,0.0
298.35,0.0
298.414,0.0
298.477,0.0
298.54,0.0
298.604,0.0
298.667,0.0
298.73,0.0
298.794,0.0
298.857,0.0
298.92,0.0
298.984,0.0
299.047,0.0
299.11,0.0
299.173,0.0
299.237,0.0
299.3,0.0
299.363,0.0
299.426,0.0
299.489,0.0
299.553,0.0
299.616,0.0
299.679,0.0
299.742,0.0
299.805,0.0
299.868,0.0
299.932,0.0
299.995,0.0
300.058,0.0
300.121,0.0
300.184,0.0
300.247,0.0
300.31,0.0
300.374,0.0
300.437,0.0
300.5,0.0
300.563,0.0
300.626,0.0
300.689,0.0
300.752,0.0
300.815,0.0
300.878,0.0
300.941,0.0
301.004,0.0
301.067,0.0
301.13,0.0
301.193,0.0
301.256,0.0
301.319,0.0
301.382,0.0
301.445,0.0
301.508,0.0
301.571,0.0
301.634,0.0
301.697,0.0
301.76,0.0
301.823,0.0
301.885,0.0
301.948,0.0
302.011,0.0
302.074,0.0
302.137,0.0
302.2,0.0
302.263,0.0
302.326,0.0
302.388,0.0
302.451,0.0
302.514,0.0
302.577,0.0
302.64,0.0
302.703,0.0
302.765,0.0
302.828,0.0
302.891,0.0
302.954,0.0
303.016,0.0
303.079,0.0
303.142,0.0
303.205,0.0
303.267,0.0
303.33,0.0
303.393,0.0
303.456,0.0
303.518,0.0
303.581,0.0
303.644,0.0
303.706,0.0
303.769,0.0
303.832,0.0
303.894,0.0
303.957,0.0
304.02,0.0
304.082,0.0
304.145,0.0
304.207,0.0
304.27,0.0
304.333,0.0
304.395,0.0
304.458,0.0
304.52,0.0
304.583,0.0
304.646,0.0
304.708,0.0
304.771,0.0
304.833,0.0
304.896,0.0
304.958,0.0
305.021,0.0
305.083,0.0
305.146,0.0
305.208,0.0
305.271,0.0
305.333,0.0
305.396,0.0
305.458,0.0
305.52,0.0
305.583,0.0
305.645,0.0
305.708,0.0
305.77,0.0
305.833,0.0
305.895,0.0
305.957,0.0
306.02,0.0
306.082,0.0
306.144,0.0
306.207,0.0
306.269,0.0
306.331,0.0
306.394,0.0
306.456,0.0
306.518,0.0
306.581,0.0
306.643,0.0
306.705,0.0
306.768,0.0
306.83,0.0
306.892,0.0
306.954,0.0
307.017,0.0
307.079,0.0
307.141,0.0
307.203,0.0
307.266,0.0
307.328,0.0
307.39,0.0
307.452,0.0
307.514,0.0
307.577,0.0
307.639,0.0
307.701,0.0
307.763,0.0
307.825,0.0
307.887,2.392314778085712e-08
307.949,7.147122627521274e-08
308.012,1.3618400754380478e-07
308.074,2.245191230081631e-07
308.136,3.401671391904e-07
308.198,4.83686729845921e-07
308.26,6.580298575309894e-07
308.322,8.654239346895527e-07
308.384,1.0974032966516525e-06
308.446,1.3405878769668991e-06
308.508,1.6003846278337485e-06
308.57,1.8795203886394752e-06
308.632,2.1970306412135975e-06
308.694,2.581305142635408e-06
308.756,3.051482857153517e-06
308.818,3.616120922036913e-06
308.88,4.347433644187301e-06
308.942,5.3328921328071115e-06
309.004,6.534755488014098e-06
309.066,7.963746951637922e-06
309.128,9.360969207798902e-06
309.19,1.0343540923777708e-05
309.252,1.0770565247775217e-05
309.314,1.0400313050975923e-05
309.376,9.52444354279039e-06
309.438,8.881087892191235e-06
309.5,9.013935694824179e-06
309.562,1.1145556230364955e-05
309.624,1.550069993279429e-05
309.686,1.843419145153835e-05
309.747,1.657280492000654e-05
309.809,1.2452721527202525e-05
309.871,1.031341426043114e-05
309.933,9.949601053640475e-06
309.995,9.363988315362338e-06
310.057,8.385755333157823e-06
310.119,7.389997805642703e-06
310.18,6.419775432870528e-06
310.242,5.647551343446166e-06
310.304,5.109247593779768e-06
310.366,4.686317691736913e-06
310.428,4.323007982092502e-06
310.489,3.963229764200841e-06
310.551,3.599481021387151e-06
310.613,3.255379112037891e-06
310.675,2.939891420357493e-06
310.737,2.6524650426543842e-06
310.798,2.392044332118646e-06
310.86,2.1586917363715534e-06
310.922,1.953808877850047e-06
310.983,1.7787855924474998e-06
311.045,1.6316365712919826e-06
311.107,1.506980094284991e-06
311.169,1.3936722354910848e-06
311.23,1.2833818083781739e-06
311.292,1.173537351726702e-06
311.354,1.064427445983261e-06
311.415,8.853436826192932e-07
311.477,6.36785603943223e-07
311.539,9.120461864556931e-07
311.6,1.7123805765087824e-06
311.662,0.0
311.724,2.9983813230722215e-07
311.785,6.033006822527853e-07
311.847,3.948495452868133e-07
311.908,2.6686294756888516e-07
311.97,2.1872417088621696e-07
312.032,1.7855042213998743e-07
312.093,1.4546216407894296e-07
312.155,1.2047187975191544e-07
312.216,1.0452346633687593e-07
312.278,9.66851974298975e-08
312.339,9.578984858541138e-08
312.401,1.0077579651237819e-07
312.462,1.1065227219901511e-07
312.524,1.2437896185392456e-07
312.585,1.5571804335016426e-07
312.647,2.0365186339730174e-07
312.708,2.672118837850489e-07
312.77,3.4570630990989364e-07
312.831,3.166338782195036e-07
312.893,1.7965528245539347e-07
312.954,0.0
313.016,0.0
313.077,0.0
313.139,7.467030963236505e-07
313.2,1.0154935035852497e-06
313.261,6.580897588172334e-07
313.323,4.073110166308041e-07
313.384,2.6323888143759806e-07
313.446,2.2590292601435258e-07
313.507,2.953181969968417e-07
313.568,3.493829133800209e-07
313.63,3.8803432299253973e-07
313.691,4.109465463899936e-07
313.752,4.1796188266478874e-07
313.814,4.2364925241009746e-07
313.875,4.2800384134910556e-07
313.936,4.311033923219475e-07
313.998,4.3310711698363174e-07
314.059,4.3421566702704315e-07
314.12,4.343550467381033e-07
314.182,4.3342406062452516e-07
314.243,4.316061007787389e-07
314.304,4.290464378819856e-07
314.365,4.25847475515347e-07
314.427,4.2210633308085427e-07
314.488,4.178928398775162e-07
314.549,4.13254394571932e-07
314.61,4.0829139060973876e-07
314.672,4.0310294256282256e-07
314.733,3.9780575084164865e-07
314.794,3.9249910820650753e-07
314.855,3.872717039063119e-07
314.917,3.821512347186163e-07
314.978,3.7714724767737355e-07
315.039,3.7224941866847255e-07
315.1,3.673754108024414e-07
315.161,3.6243918982475257e-07
315.222,3.573623212828194e-07
315.283,3.5203634246576456e-07
315.345,3.463564198316345e-07
315.406,3.402861861041232e-07
315.467,3.3383866973314743e-07
315.528,3.2702761449823596e-07
315.589,3.1992466880772814e-07
315.65,3.1263204808655976e-07
315.711,3.052035094119843e-07
315.772,2.976839035981083e-07
315.833,2.900756663453063e-07
315.894,2.823612716807894e-07
315.955,2.7449941518118064e-07
316.016,2.6646144004032724e-07
316.078,2.582769886335292e-07
316.139,2.4997845877213436e-07
316.2,2.4157740153655807e-07
316.261,2.3311760259661612e-07
316.322,2.2467463948744973e-07
316.383,2.1629550243504527e-07
316.444,2.080347907693495e-07
316.504,1.999235350782067e-07
316.565,1.919145165722404e-07
316.626,1.8394819911585355e-07
316.687,1.7596991690188102e-07
316.748,1.6790928966979722e-07
316.809,1.5969508908811457e-07
316.87,1.5131944495243559e-07
316.931,1.4277522612026915e-07
316.992,1.3405079849766084e-07
317.053,1.252173746135366e-07
317.114,1.1636181796425846e-07
317.175,1.075420797306969e-07
317.235,9.881784608558798e-08
317.296,9.02319282375709e-08
317.357,8.177150627016682e-08
317.418,7.3408446228106e-08
317.479,6.51331454316518e-08
317.54,5.688345732272154e-08
317.601,4.860027687431887e-08
317.661,4.027004755835025e-08
317.722,3.189827410288655e-08
317.783,2.3540935731673927e-08
317.844,1.52559473314306e-08
317.904,7.0960645255898085e-09
317.965,0.0
318.026,0.0
318.087,0.0
318.148,0.0
318.208,0.0
318.269,0.0
318.33,0.0
318.39,0.0
318.451,0.0
318.512,0.0
318.572,0.0
318.633,0.0
318.694,0.0
318.754,0.0
318.815,0.0
318.876,0.0
318.936,0.0
318.997,0.0
319.058,0.0
319.118,0.0
319.179,0.0
319.239,0.0
319.3,0.0
319.361,0.0
319.421,0.0
319.482,0.0
319.542,0.0
319.603,0.0
319.663,0.0
319.724,0.0
319.784,0.0
319.845,0.0
319.905,0.0
319.966,0.0
320.026,0.0
320.087,0.0
320.147,0.0
320.208,0.0
320.268,0.0
320.329,0.0
320.389,0.0
320.449,0.0
320.51,0.0
320.57,0.0
320.631,0.0
320.691,0.0
320.751,0.0
320.812,0.0
320.872,0.0
320.932,0.0
320.993,0.0
321.053,0.0
321.113,0.0
321.174,0.0
321.234,0.0
321.294,0.0
321.355,0.0
321.415,0.0
321.475,0.0
321.535,0.0
321.596,0.0
321.656,0.0
321.716,0.0
321.776,0.0
321.837,0.0
321.897,0.0
321.957,0.0
322.017,0.0
322.077,0.0
322.138,0.0
322.198,0.0
322.258,0.0
322.318,0.0
322.378,0.0
322.438,0.0
322.499,0.0
322.559,0.0
322.619,0.0
322.679,0.0
322.739,0.0
322.799,0.0
322.859,0.0
322.919,0.0
322.979,0.0
323.039,0.0
323.099,0.0
323.159,0.0
323.219,0.0
323.279,1.9873257697777458e-08
323.339,5.0617784843042245e-08
323.399,8.231122154556001e-08
323.459,1.1471689379413492e-07
323.519,1.475978328419645e-07
323.579,1.8073668739353544e-07
323.639,2.13963630643822e-07
323.699,2.472109955764457e-07
323.759,2.804555795831197e-07
323.819,3.136255612586305e-07
323.879,3.4665844314663085e-07
323.939,3.7955691422650235e-07
323.999,4.123125184010861e-07
324.059,4.4492357280045755e-07
324.119,4.773666233999458e-07
324.178,5.09526227637377e-07
324.238,5.412468241051156e-07
324.298,5.723833952028306e-07
324.358,6.028092986577745e-07
324.418,6.324182371749396e-07
324.478,6.611231690284364e-07
324.538,6.888208979832244e-07
324.597,7.154238077826403e-07
324.657,7.408760437811187e-07
324.717,7.651188590168377e-07
324.777,7.880908322552109e-07
324.837,8.096884812521173e-07
324.896,8.297398914776563e-07
324.956,8.480555966317479e-07
325.016,8.644823394046607e-07
325.076,8.788693477953349e-07
325.135,8.91097365650304e-07
325.195,9.011051364808498e-07
325.255,9.087985193051281e-07
325.315,9.14133436626041e-07
325.374,9.171991122116944e-07
325.434,9.18085677243026e-07
325.494,9.168480216193337e-07
325.553,9.134963599980122e-07
325.613,9.079123559482823e-07
325.673,8.999192608421875e-07
325.732,8.894244559143164e-07
325.792,8.76359581994373e-07
325.852,8.606124930306338e-07
325.911,8.42106297639294e-07
325.971,8.207537625221227e-07
326.031,7.964869695177454e-07
326.09,7.693582273959824e-07
326.15,7.394517868107933e-07
326.209,7.068226459249545e-07
326.269,6.715217428749305e-07
326.328,6.335720498256723e-07
326.388,5.929919932980101e-07
326.448,5.498779798975375e-07
326.507,5.043596402671451e-07
326.567,4.5658338095197335e-07
326.626,4.067583143769389e-07
326.686,3.5512381055457563e-07
326.745,3.0194398795826513e-07
326.805,2.4755440714880777e-07
326.864,1.9231547439373213e-07
326.924,1.3654878893771369e-07
326.983,8.058666115670513e-08
327.043,2.4726620485984583e-08
327.102,0.0
327.161,0.0
327.221,0.0
327.28,0.0
327.34,0.0
327.399,0.0
327.459,0.0
327.518,0.0
327.577,0.0
327.637,0.0
327.696,0.0
327.755,0.0
327.815,0.0
327.874,0.0
327.933,0.0
327.993,0.0
328.052,0.0
328.111,0.0
328.171,0.0
328.23,0.0
328.289,0.0
328.349,0.0
328.408,0.0
328.467,0.0
328.526,0.0
328.586,0.0
328.645,0.0
328.704,0.0
328.763,0.0
328.822,0.0
328.882,0.0
328.941,0.0
329.0,0.0
329.059,0.0
329.118,0.0
329.177,0.0
329.237,0.0
329.296,0.0
329.355,0.0
329.414,0.0
329.473,0.0
329.532,0.0
329.591,2.137324781765804e-08
329.65,4.587400585114895e-08
329.709,6.639474087739317e-08
329.768,8.256808909329718e-08
329.827,9.403608998749767e-08
329.886,1.0052784452118966e-07
329.945,1.0178965101293331e-07
330.004,9.761823824337764e-08
330.063,8.792822094814094e-08
330.122,7.268893487859847e-08
330.181,5.1693427241819633e-08
330.24,2.486646226349742e-08
330.299,0.0
330.358,0.0
330.417,0.0
330.476,0.0
330.535,0.0
330.594,0.0
330.653,0.0
330.712,0.0
330.771,0.0
330.83,0.0
330.889,0.0
330.948,0.0
331.006,0.0
331.065,0.0
331.124,0.0
331.183,0.0
331.242,0.0
331.301,0.0
331.359,0.0
331.418,0.0
331.477,0.0
331.536,0.0
331.595,0.0
331.653,0.0
331.712,0.0
331.771,0.0
331.83,0.0
331.888,0.0
331.947,0.0
332.006,0.0
332.065,0.0
332.123,0.0
332.182,0.0
332.241,0.0
332.299,0.0
332.358,0.0
332.417,0.0
332.475,0.0
332.534,3.803743601322655e-08
332.592,1.9974740869731592e-07
332.651,3.7322977476738124e-07
332.71,5.580940501456217e-07
332.768,7.539179386076988e-07
332.827,9.602287063443097e-07
332.885,1.17657016281552e-06
332.944,1.4024629096027151e-06
333.003,1.6188188506519245e-06
333.061,1.8205885658561857e-06
333.12,2.020505352034283e-06
333.178,2.2135333553399754e-06
333.237,2.3946375468853044e-06
333.295,2.563196248731942e-06
333.354,2.6072475423966796e-06
333.412,2.5260471490133347e-06
333.471,2.413643186179526e-06
333.529,2.269304536326106e-06
333.588,2.7598890812805366e-06
333.646,3.884775634322853e-06
333.705,4.342344168644821e-06
333.763,4.1321451196707295e-06
333.822,3.921421444225611e-06
333.88,3.710038497265836e-06
333.938,3.5944231930678346e-06
333.997,3.57904249192107e-06
334.055,3.5526852988158593e-06
334.114,3.5199071572122122e-06
334.172,3.4854495330565417e-06
334.23,3.449500847928962e-06
334.289,3.4256496336062437e-06
334.347,3.4141476902251202e-06
334.405,3.399375784015063e-06
334.464,3.381553256746627e-06
334.522,3.3609993566562247e-06
334.58,3.3380587437868748e-06
334.639,3.313118918262864e-06
334.697,3.286554308248732e-06
334.755,3.258637694741939e-06
334.814,3.229611307030476e-06
334.872,3.201635198207864e-06
334.93,3.173374139286863e-06
334.988,3.145072025676394e-06
335.047,3.115261796277143e-06
335.105,3.0822927430328396e-06
335.163,3.046260342678058e-06
335.221,3.0073177375138714e-06
335.28,2.9656352703461954e-06
335.338,2.921412065062157e-06
335.396,2.874794695433143e-06
335.454,2.8258314825288787e-06
335.512,2.7745573901394605e-06
335.57,2.721008822873114e-06
335.629,2.6651686299167835e-06
335.687,2.6069633661675127e-06
335.745,2.5462847249942356e-06
335.803,2.482685072000783e-06
335.861,2.415742791524356e-06
335.919,2.3454506474530255e-06
335.977,2.2715643979416185e-06
336.035,2.1938940152643783e-06
336.094,2.1125787836931683e-06
336.152,2.0277663680763196e-06
336.21,1.93967660349429e-06
336.268,1.8486788081841062e-06
336.326,1.7552185881052384e-06
336.384,1.659762395652631e-06
336.442,1.562823552821576e-06
336.5,1.4649187696303625e-06
336.558,1.3666156957743906e-06
336.616,1.2685666631416685e-06
336.674,1.1714087434978732e-06
336.732,1.0757032131382248e-06
336.79,9.821552754962575e-07
336.848,8.910515069729309e-07
336.906,8.028599108491593e-07
336.964,7.179999465163974e-07
337.022,6.36465940706112e-07
337.08,5.580991696212771e-07
337.138,4.826100666532114e-07
337.195,4.095913022862302e-07
337.253,3.3863885757670133e-07
337.311,2.694167057850992e-07
337.369,2.016174263831727e-07
337.427,1.3495386054819848e-07
337.485,6.91628434611898e-08
337.543,4.027215202024567e-09
337.601,0.0
337.658,0.0
337.716,0.0
337.774,0.0
337.832,0.0
337.89,0.0
337.947,0.0
338.005,0.0
338.063,0.0
338.121,0.0
338.178,0.0
338.236,0.0
338.294,0.0
338.352,0.0
338.409,0.0
338.467,0.0
338.525,0.0
338.583,0.0
338.64,0.0
338.698,0.0
338.756,0.0
338.813,0.0
338.871,0.0
338.928,0.0
338.986,0.0
339.044,0.0
339.101,0.0
339.159,0.0
339.216,0.0
339.274,0.0
339.332,0.0
339.389,0.0
339.447,0.0
339.504,0.0
339.562,0.0
339.619,0.0
339.677,0.0
339.734,0.0
339.792,0.0
339.849,0.0
339.907,0.0
339.964,0.0
340.022,0.0
340.079,0.0
340.137,0.0
340.194,0.0
340.252,0.0
340.309,0.0
340.366,0.0
340.424,0.0
340.481,0.0
340.538,0.0
340.596,0.0
340.653,0.0
340.711,0.0
340.768,0.0
340.825,0.0
340.883,0.0
340.94,0.0
340.997,0.0
341.054,0.0
341.112,0.0
341.169,0.0
341.226,0.0
341.284,0.0
341.341,0.0
341.398,0.0
341.455,0.0
341.512,0.0
341.57,0.0
341.627,0.0
341.684,0.0
341.741,0.0
341.798,0.0
341.856,0.0
341.913,0.0
341.97,0.0
342.027,0.0
342.084,0.0
342.141,0.0
342.198,0.0
342.255,0.0
342.313,0.0
342.37,0.0
342.427,0.0
342.484,0.0
342.541,0.0
342.598,0.0
342.655,0.0
342.712,0.0
342.769,0.0
342.826,0.0
342.883,0.0
342.94,0.0
342.997,0.0
343.054,0.0
343.111,0.0
343.168,0.0
343.225,1.8206351291507776e-08
343.282,7.401844336998144e-08
343.339,1.3046614346871284e-07
343.395,1.8698102460747295e-07
343.452,2.430603683090092e-07
343.509,2.982966902532325e-07
343.566,3.522076573204401e-07
343.623,4.1574349976672075e-07
343.68,4.88430761141702e-07
343.737,5.697868882328911e-07
343.794,6.593628796716632e-07
343.85,7.567157831606994e-07
343.907,8.613621104409684e-07
343.964,9.728437547676858e-07
344.021,1.0907951393316458e-06
344.078,1.1833505662017169e-06
344.134,1.2502985893469495e-06
344.191,1.2915077255284245e-06
344.248,1.3068672766408133e-06
344.305,1.296361157223657e-06
344.361,1.260097465442418e-06
344.418,1.1982428417200382e-06
344.475,1.1110798174433915e-06
344.532,1.030953817800336e-06
344.588,9.582309399833268e-07
344.645,8.932793235975085e-07
344.702,8.364964825967715e-07
344.758,7.882551319241718e-07
344.815,7.489537591083332e-07
344.872,7.190381999720566e-07
344.928,6.988633531049085e-07
344.985,6.767158480613677e-07
345.042,6.529724110635001e-07
345.098,6.280610229451791e-07
345.155,6.024168114252083e-07
345.212,5.764696586781126e-07
345.268,5.505382436855333e-07
345.325,5.248314297665179e-07
345.381,4.996070956208278e-07
345.438,4.732511964840535e-07
345.495,4.460755687970675e-07
345.551,4.1838998149908697e-07
345.608,3.904653579935696e-07
345.664,3.625712658788884e-07
345.721,3.3500074218218944e-07
345.777,3.080350162454895e-07
345.834,2.8189469937313336e-07
345.89,2.587209460105093e-07
345.947,2.3853305749226795e-07
346.003,2.2126913274776783e-07
346.06,2.068550404165913e-07
346.116,1.9517025213740432e-07
346.173,1.8602357020004838e-07
346.229,1.7918593469166606e-07
346.285,1.7431390033134784e-07
346.342,1.7119840781009306e-07
346.398,1.6942085326390684e-07
346.455,1.6857172442515145e-07
346.511,1.6823759593869175e-07
346.567,1.6801551018419818e-07
346.624,1.674957170616105e-07
346.68,1.6628871000966448e-07
346.737,1.6415082934214275e-07
346.793,1.6073098774916683e-07
346.849,1.5593746908529808e-07
346.906,1.49665279368236e-07
346.962,1.418106696516627e-07
347.018,1.323068742850109e-07
347.074,1.211903743700801e-07
347.131,1.0859127122686017e-07
347.187,9.461798748547307e-08
347.243,7.932006943244949e-08
347.3,6.271172929726696e-08
347.356,4.4823575536203664e-08
347.412,2.57191586651592e-08
347.468,5.464360061646134e-09
347.524,0.0
347.581,0.0
347.637,0.0
347.693,0.0
347.749,0.0
347.805,0.0
347.862,0.0
347.918,0.0
347.974,0.0
348.03,0.0
348.086,0.0
348.142,0.0
348.198,0.0
348.254,0.0
348.311,0.0
348.367,0.0
348.423,0.0
348.479,0.0
348.535,0.0
348.591,0.0
348.647,0.0
348.703,0.0
348.759,0.0
348.815,0.0
348.871,0.0
348.927,0.0
348.983,0.0
349.039,0.0
349.095,0.0
349.151,0.0
349.207,0.0
349.263,0.0
349.319,0.0
349.374,0.0
349.43,0.0
349.486,0.0
349.542,0.0
349.598,0.0
349.654,0.0
349.71,0.0
349.766,0.0
349.821,0.0
349.877,2.258695511553073e-08
349.933,5.669792284260861e-08
349.989,9.116377957746822e-08
350.045,1.2579326815215394e-07
350.1,1.60385944739521e-07
350.156,1.946792496629002e-07
350.212,2.284054669093825e-07
350.268,2.613108247619471e-07
350.323,2.9320160117278343e-07
350.379,3.240046150337088e-07
350.435,3.53700237767524e-07
350.491,3.822677560401693e-07
350.546,4.0967896460955323e-07
350.602,4.3592613263302167e-07
350.658,4.610401799613304e-07
350.713,4.850826699877075e-07
350.769,5.081003500001828e-07
350.825,5.300643840854434e-07
350.88,5.50905715805683e-07
350.936,5.70554890211462e-07
350.992,5.889706776358731e-07
351.047,6.061477403493605e-07
351.103,6.220488380593913e-07
351.158,6.365813291238175e-07
351.214,6.496124848235852e-07
351.27,6.610004634027166e-07
351.325,6.706096372148966e-07
351.381,6.783119652464823e-07
351.436,6.839272700731177e-07
351.492,6.872007687112857e-07
351.547,6.878877985497675e-07
351.603,6.857761262491896e-07
351.658,6.80732742214541e-07
351.714,6.727153327324648e-07
351.769,6.617237739289257e-07
351.825,6.477716009851487e-07
351.88,6.309032842675888e-07
351.936,6.112343169650226e-07
351.991,5.889247360425151e-07
352.047,5.641649368842436e-07
352.102,5.37128111762374e-07
352.158,5.079245270514837e-07
352.213,4.7663404507158414e-07
352.268,4.4335439734943854e-07
352.324,4.0821863316435923e-07
352.379,3.713730841234138e-07
352.434,3.329504550731324e-07
352.49,2.930679133971853e-07
352.545,2.5185876720958365e-07
352.601,2.0950259624077532e-07
352.656,1.6620043304883315e-07
352.711,1.2214151572106432e-07
352.767,7.748128786165845e-08
352.822,3.2345729171713854e-08
352.877,0.0
352.932,0.0
352.988,0.0
353.043,0.0
353.098,0.0
353.153,0.0
353.209,0.0
353.264,0.0
353.319,0.0
353.374,0.0
353.43,0.0
353.485,0.0
353.54,0.0
353.595,0.0
353.65,0.0
353.705,0.0
353.761,0.0
353.816,0.0
353.871,0.0
353.926,0.0
353.981,0.0
354.036,0.0
354.091,0.0
354.146,0.0
354.201,0.0
354.256,0.0
354.311,0.0
354.367,0.0
354.422,0.0
354.477,0.0
354.532,0.0
354.587,0.0
354.642,0.0
354.697,0.0
354.751,0.0
354.806,0.0
354.861,0.0
354.916,0.0
354.971,0.0
355.026,0.0
355.081,0.0
355.136,0.0
355.191,0.0
355.246,3.4629243417801417e-08
355.301,7.805830617709387e-08
355.355,1.2156468534334746e-07
355.41,1.6497886241039862e-07
355.465,2.081291307142892e-07
355.52,2.5089106201333127e-07
355.575,2.932042407615047e-07
355.63,3.349685600364376e-07
355.684,3.760690596521068e-07
355.739,4.1641540992740943e-07
355.794,4.559415155726702e-07
355.849,4.946240819358075e-07
355.904,5.324690640718834e-07
355.958,5.694645297549611e-07
356.013,6.055488441336727e-07
356.068,6.406479996477088e-07
356.123,6.746439935018493e-07
356.177,7.073817861618895e-07
356.232,7.386858035943732e-07
356.287,7.683523932698768e-07
356.341,7.962026312186885e-07
356.396,8.220470233769328e-07
356.451,8.457156121704609e-07
356.505,8.670819576535594e-07
356.56,8.860521519915562e-07
356.615,9.025789073374473e-07
356.669,9.166126763764965e-07
356.724,9.281198834391321e-07
356.778,9.370539475898796e-07
356.833,9.433718142435534e-07
356.888,9.470255411962611e-07
356.942,9.479184377629578e-07
356.997,9.459547681102512e-07
357.051,9.410916059220173e-07
357.106,9.333688979987694e-07
357.16,9.228705560881873e-07
357.215,9.097154691439856e-07
357.269,8.940169380355375e-07
357.324,8.758474467813593e-07
357.378,8.553070745767164e-07
357.433,8.32497851816071e-07
357.487,8.075310354681899e-07
357.542,7.805115609954382e-07
357.596,7.515074657290622e-07
357.651,7.205778618499735e-07
357.705,6.877947329005902e-07
357.76,6.532618665591808e-07
357.814,6.171313496954423e-07
357.868,5.796099938460122e-07
357.923,5.409299278417539e-07
357.977,5.013459311556159e-07
358.032,4.6108796622935173e-07
358.086,4.203152668212223e-07
358.14,3.79227068294196e-07
358.195,3.380686695772114e-07
358.249,2.9709721344806294e-07
358.303,2.5655706371291015e-07
358.358,2.1659917956712298e-07
358.412,1.7541901615018346e-07
358.466,1.3313552617690753e-07
358.521,8.987784634383828e-08
358.575,4.570233103428165e-08
358.629,8.793300601327781e-10
358.683,0.0
358.738,0.0
358.792,0.0
358.846,0.0
358.9,0.0
358.954,0.0
359.009,0.0
359.063,0.0
359.117,0.0
359.171,3.549568293647068e-09
359.225,8.987610729000035e-08
359.28,9.774441469595075e-08
359.334,2.7087096808368987e-08
359.388,0.0
359.442,0.0
359.496,0.0
359.55,0.0
359.604,0.0
359.658,0.0
359.712,0.0
359.766,0.0
359.82,0.0
359.875,0.0
359.929,0.0
359.983,0.0
360.037,0.0
360.091,0.0
360.145,0.0
360.199,0.0
360.253,0.0
360.306,0.0
360.36,0.0
360.414,0.0
360.468,2.3131682601828092e-08
360.522,5.5669495564759233e-08
360.576,9.259139236787819e-08
360.63,1.3393021720939833e-07
360.684,1.7881697138175392e-07
360.738,2.2569419139830977e-07
360.792,2.7433708162297527e-07
360.846,3.2396192011946905e-07
360.899,3.7328706713162567e-07
360.953,4.207820560003215e-07
361.007,4.6621699399575774e-07
361.061,5.098584755602282e-07
361.115,5.503789431630978e-07
361.168,5.846208782073667e-07
361.222,6.116152642998232e-07
361.276,6.302621432102498e-07
361.33,6.385064590985119e-07
361.384,6.355740700671453e-07
361.437,6.201087621488927e-07
361.491,5.906884081675289e-07
361.545,5.467516052483329e-07
361.599,4.919536103159489e-07
361.652,4.2496534837268273e-07
361.706,3.516793930620923e-07
361.76,2.790924998954178e-07
361.813,2.1651965105608974e-07
361.867,1.592015759870009e-07
361.921,1.0575770264602816e-07
361.974,5.756590280334122e-08
362.028,1.713248303372651e-08
362.082,0.0
362.135,0.0
362.189,0.0
362.242,0.0
362.296,0.0
362.35,0.0
362.403,0.0
362.457,0.0
362.51,0.0
362.564,0.0
362.617,0.0
362.671,0.0
362.724,0.0
362.778,7.263760969189508e-07
362.831,1.7499504772309181e-06
362.885,1.534829646266759e-06
362.938,0.0
362.998,1.0817009211459923e-06
363.06,1.0470506123103015e-06
363.122,1.0098664422649677e-06
363.184,9.704518212723707e-07
363.246,9.290352585997756e-07
363.308,8.858955159171106e-07
363.37,8.412742799972148e-07
363.432,7.954992780612205e-07
363.494,7.48842781372697e-07
363.556,7.014537633766397e-07
363.618,6.535670598213311e-07
363.68,6.05491729081251e-07
363.742,5.575424423836548e-07
363.804,5.10098018907076e-07
363.866,4.6364273231332453e-07
363.928,4.1853443427766414e-07
363.99,3.7513051236488237e-07
364.052,3.3381768332020987e-07
364.114,2.9481699298992675e-07
364.176,2.583770603418547e-07
364.238,2.2471093401541182e-07
364.3,1.9388787192223288e-07
364.362,1.6584816486435427e-07
364.424,1.4054603249566081e-07
364.486,1.1794130900349485e-07
364.548,9.800788274629435e-08
364.609,8.080839490633811e-08
364.671,6.621791370562181e-08
364.733,5.4088078529001456e-08
364.795,4.433467376306746e-08
364.857,3.681893108850351e-08
364.919,3.146163361379413e-08
364.981,2.8083825126829296e-08
365.042,2.6401328644410673e-08
365.104,2.610688984291063e-08
365.166,2.6969412661833803e-08
365.228,2.884272787466318e-08
365.29,3.1619252508108504e-08
365.351,3.532739155925316e-08
365.413,3.989044972594838e-08
365.475,4.524082671534925e-08
365.537,5.1352302417493374e-08
365.598,5.8055792382626885e-08
365.66,6.522976253605624e-08
365.722,7.277650378641812e-08
365.784,8.049733619722336e-08
365.845,8.80755975226178e-08
365.907,9.524130378467719e-08
365.969,1.0173278567826437e-07
366.03,1.0737355161663466e-07
366.092,1.1221623513841188e-07
366.154,1.162372370315e-07
366.215,1.1935885024736738e-07
366.277,1.2156986527457283e-07
366.339,1.229145137063277e-07
366.4,1.2352483868920716e-07
366.462,1.2361626161885308e-07
366.524,1.233178515914908e-07
366.585,1.226230433840238e-07
366.647,1.21616772895312e-07
366.708,1.2035765850045735e-07
366.77,1.189463860248431e-07
366.832,1.176172337975322e-07
366.893,1.1646475499706514e-07
366.955,1.1556110285205565e-07
367.016,1.1496849886320914e-07
367.078,1.1469498778260294e-07
367.139,1.1478111709908525e-07
367.201,1.15251598455527e-07
367.262,1.1603227282590573e-07
367.324,1.1686726811891937e-07
367.385,1.1754065974971805e-07
367.447,1.1781522243121735e-07
367.508,1.1754410437494704e-07
367.57,1.1678838420316975e-07
367.631,1.1549892644124204e-07
367.693,1.1361327845243864e-07
367.754,1.1114475874754e-07
367.816,1.0818927300991338e-07
367.877,1.0491481173368383e-07
367.939,1.0152465806992868e-07
368.0,9.808649230798051e-08
368.062,9.44375951387948e-08
368.123,9.04508835972914e-08
368.184,8.604917782386707e-08
368.246,8.116984247866908e-08
368.307,7.576183366867023e-08
368.369,6.963723410402763e-08
368.43,6.247683992958381e-08
368.491,5.402963184546366e-08
368.553,4.415441743231687e-08
368.614,3.275386483726938e-08
368.675,1.9821524425945636e-08
368.737,5.237503703860505e-09
368.798,0.0
368.859,0.0
368.921,0.0
368.982,0.0
369.043,0.0
369.104,0.0
369.166,0.0
369.227,0.0
369.288,0.0
369.349,0.0
369.411,0.0
369.472,0.0
369.533,0.0
369.594,0.0
369.656,0.0
369.717,0.0
369.778,0.0
369.839,0.0
369.9,0.0
369.961,0.0
370.023,0.0
370.084,0.0
370.145,0.0
370.206,0.0
370.267,0.0
370.328,0.0
370.389,0.0
370.451,0.0
370.512,0.0
370.573,0.0
370.634,0.0
370.695,0.0
370.756,0.0
370.817,0.0
370.878,0.0
370.939,0.0
371.0,0.0
371.061,0.0
371.122,0.0
371.183,0.0
371.244,0.0
371.305,0.0
371.366,0.0
371.427,0.0
371.488,0.0
371.549,0.0
371.61,0.0
371.671,0.0
371.732,0.0
371.793,0.0
371.853,0.0
371.914,0.0
371.975,0.0
372.036,0.0
372.097,0.0
372.158,1.536427998695115e-08
372.219,5.8663106086930986e-08
372.28,1.0133601882876954e-07
372.34,1.43227398298623e-07
372.401,1.8414519803037922e-07
372.462,2.2385023101298224e-07
372.523,2.621413435257276e-07
372.584,2.9893339644716884e-07
372.645,3.34130275076527e-07
372.705,3.675345721842312e-07
372.766,3.9894614608957723e-07
372.827,4.2814815265014765e-07
372.888,4.5506424696598655e-07
372.948,4.798403787542674e-07
373.009,5.025950845059561e-07
373.07,5.232887514563603e-07
373.131,5.418478786379167e-07
373.191,5.582102862325716e-07
373.252,5.72359769644109e-07
373.313,5.843763407193992e-07
373.373,5.941769738804878e-07
373.434,6.01527939470868e-07
373.495,6.06224712284961e-07
373.555,6.081035172732467e-07
373.616,6.071536397873727e-07
373.677,6.03467477713192e-07
373.737,5.970512086649469e-07
373.798,5.878761862332625e-07
373.859,5.759496007640534e-07
373.919,5.612564108689961e-07
373.98,5.438361480288187e-07
374.041,5.237898222945658e-07
374.101,5.011413480961893e-07
374.162,4.758482779608121e-07
374.222,4.4782745511109603e-07
374.283,4.169333109945438e-07
374.343,3.83067946556529e-07
374.404,3.462089556237354e-07
374.465,3.063268040182706e-07
374.525,2.632980156295286e-07
374.586,2.1698132750483862e-07
374.646,1.6730938648785136e-07
374.707,0.0
374.767,0.0
374.828,5.559376180840253e-07
374.888,3.522138099303063e-06
374.949,0.0
375.009,0.0
375.07,4.3935709566136855e-07
375.13,0.0
375.19,0.0
375.251,0.0
375.311,0.0
375.372,0.0
375.432,0.0
375.493,0.0
375.553,0.0
375.613,0.0
375.674,0.0
375.734,0.0
375.794,0.0
375.855,0.0
375.915,0.0
375.975,0.0
376.036,0.0
376.096,0.0
376.156,0.0
376.217,0.0
376.277,0.0
376.337,0.0
376.398,0.0
376.458,0.0
376.518,0.0
376.578,0.0
376.639,0.0
376.699,0.0
376.759,0.0
376.819,0.0
376.88,0.0
376.94,0.0
377.0,0.0
377.06,0.0
377.12,0.0
377.18,0.0
377.241,0.0
377.301,0.0
377.361,0.0
377.421,0.0
377.481,0.0
377.541,0.0
377.601,0.0
377.661,0.0
377.722,0.0
377.782,0.0
377.842,0.0
377.902,0.0
377.962,0.0
378.022,0.0
378.082,0.0
378.142,0.0
378.202,0.0
378.262,0.0
378.322,0.0
378.382,0.0
378.442,0.0
378.502,0.0
378.562,0.0
378.622,0.0
378.682,0.0
378.742,0.0
378.802,0.0
378.862,0.0
378.921,0.0
378.981,0.0
379.041,0.0
379.101,0.0
379.161,0.0
379.221,0.0
379.281,0.0
379.341,0.0
379.401,1.2154256247045556e-07
379.46,2.415791680352985e-07
379.52,3.5663018126801605e-07
379.58,4.658461814182905e-07
379.64,5.683574284320176e-07
379.7,6.631676784276366e-07
379.759,7.492007223959011e-07
379.819,8.257740295422014e-07
379.879,8.91970439525273e-07
379.939,9.45971416310026e-07
379.999,9.845052385993412e-07
380.058,9.994667925400036e-07
380.118,9.871873516964184e-07
380.178,9.463894964157475e-07
380.237,8.834296115701576e-07
380.297,8.054074241848311e-07
380.357,7.166756103365604e-07
380.417,6.213415982444451e-07
380.476,5.195171458741475e-07
380.536,4.4518798039077776e-07
380.596,4.042765566155299e-07
380.655,3.986189544290404e-07
380.715,3.846867678737158e-07
380.775,3.1864605542999034e-07
380.834,2.0508259642646934e-07
380.894,5.28887788766661e-08
380.954,0.0
381.013,0.0
381.073,0.0
381.132,0.0
381.192,0.0
381.252,0.0
381.311,4.101745513245264e-08
381.371,2.333554161478156e-06
381.43,4.810003436037595e-06
381.49,6.578485799665197e-06
381.549,6.087355959925412e-06
381.609,3.355680790285508e-06
381.668,2.039126975923785e-06
381.728,2.8212819916395137e-06
381.787,4.1869023963288964e-06
381.847,6.143856241130272e-06
381.906,8.04015400185123e-06
381.966,9.715814599103725e-06
382.025,1.1191349985589331e-05
382.085,1.2453029997810187e-05
382.144,1.3901398102679165e-05
382.204,1.5433020123998506e-05
382.263,1.8566892435124764e-05
382.323,2.340329420413879e-05
382.382,2.580776802379773e-05
382.441,2.6069807424844823e-05
382.501,2.885702880147755e-05
382.56,3.417137995642004e-05
382.619,4.0397530501492324e-05
382.679,4.71874095487936e-05
382.738,5.4502122612714043e-05
382.798,6.603765005269512e-05
382.857,8.807583803226316e-05
382.916,0.00012371150556122194
382.976,0.0001315165525160875
383.035,0.00010531998511559028
383.094,0.00011460468008312793
383.154,0.00014979017832094757
383.213,0.00020862222173351718
383.272,0.0001967722699428762
383.331,0.00013150034273060976
383.391,9.778248628963294e-05
383.45,8.701402372629476e-05
383.509,8.78549889662896e-05
383.568,9.595654492318859e-05
383.628,0.00011174004642759351
383.687,0.0001385765132708371
383.746,0.00018146320185102017
383.805,0.00024260719929520465
383.864,0.00024444047714082697
383.924,0.00014707612432064978
383.983,8.893931245273735e-05
384.042,7.370922440071716e-05
384.101,5.685931279748778e-05
384.16,4.483430437979322e-05
384.219,3.772368134912551e-05
384.279,3.211326838896053e-05
384.338,2.739764798797316e-05
384.397,2.4092392174388862e-05
384.456,2.16753940972924e-05
384.515,1.8220843665682107e-05
384.574,1.350172315048606e-05
384.633,1.802195367035498e-05
384.692,1.3575465680158402e-05
384.751,1.0867267748517013e-05
384.81,9.966869904613498e-06
384.869,9.103729682388292e-06
384.929,8.218711966046446e-06
384.988,7.463863892495352e-06
385.047,6.8078136395473835e-06
385.106,6.238000914148147e-06
385.165,5.7242743509636735e-06
385.224,5.247336935363124e-06
385.283,4.770557795086452e-06
385.342,4.27680796176149e-06
385.401,3.7790330477428706e-06
385.459,3.2919250234258878e-06
385.518,2.826699000307501e-06
385.577,2.38993852026142e-06
385.636,1.9989025201813907e-06
385.695,1.6609930195394234e-06
385.754,1.3842352111563084e-06
385.813,1.1695518262439355e-06
385.872,1.0063381803246705e-06
385.931,8.840134457999903e-07
385.99,7.934638176161937e-07
386.049,7.261899730027904e-07
386.107,6.758647644779992e-07
386.166,6.389220394226795e-07
386.225,6.122310758022536e-07
386.284,5.9512288696915e-07
386.343,5.842219394559774e-07
386.402,5.778323902952188e-07
386.46,5.743998920248123e-07
386.519,5.715620213331579e-07
386.578,5.637413938737087e-07
386.637,5.466242594103824e-07
386.696,5.1687929406654e-07
386.754,4.7277430265302916e-07
386.813,4.1601565093631253e-07
386.872,3.484268720883956e-07
386.931,2.717429719322837e-07
386.989,1.8814769961679493e-07
387.048,9.971289393645213e-08
387.107,7.902026682682165e-09
387.165,0.0
387.224,0.0
387.283,0.0
387.342,0.0
387.4,0.0
387.459,0.0
387.517,0.0
387.576,0.0
387.635,0.0
387.693,0.0
387.752,0.0
387.811,0.0
387.869,0.0
387.928,0.0
387.986,0.0
388.045,0.0
388.103,0.0
388.162,0.0
388.221,0.0
388.279,0.0
388.338,0.0
388.396,0.0
388.455,0.0
388.513,0.0
388.572,0.0
388.63,0.0
388.689,0.0
388.747,0.0
388.806,0.0
388.864,0.0
388.922,0.0
388.981,0.0
389.039,0.0
389.098,0.0
389.156,0.0
389.214,0.0
389.273,0.0
389.331,0.0
389.39,0.0
389.448,0.0
389.506,0.0
389.565,0.0
389.623,0.0
389.681,0.0
389.74,0.0
389.798,0.0
389.856,0.0
389.914,0.0
389.973,0.0
390.031,0.0
390.089,0.0
390.147,0.0
390.206,0.0
390.264,0.0
390.322,0.0
390.38,0.0
390.439,0.0
390.497,0.0
390.555,0.0
390.613,0.0
390.671,0.0
390.729,0.0
390.788,0.0
390.846,0.0
390.904,0.0
390.962,0.0
391.02,0.0
391.078,0.0
391.136,0.0
391.194,0.0
391.253,0.0
391.311,0.0
391.369,0.0
391.427,0.0
391.485,0.0
391.543,0.0
391.601,0.0
391.659,0.0
391.717,0.0
391.775,0.0
391.833,0.0
391.891,0.0
391.949,0.0
392.007,0.0
392.065,0.0
392.123,0.0
392.18,0.0
392.238,0.0
392.296,0.0
392.354,0.0
392.412,0.0
392.47,0.0
392.528,0.0
392.586,0.0
392.644,0.0
392.701,0.0
392.759,0.0
392.817,0.0
392.875,0.0
392.933,0.0
392.991,0.0
393.048,0.0
393.106,0.0
393.164,0.0
393.222,2.463884252671731e-07
393.279,3.219959911166392e-06
393.337,7.005830901072928e-06
393.395,6.401944719242834e-06
393.453,1.4087022439530558e-06
393.51,0.0
393.568,0.0
393.626,0.0
393.684,0.0
393.741,0.0
393.799,0.0
393.857,0.0
393.914,0.0
393.972,0.0
394.03,0.0
394.087,0.0
394.145,0.0
394.202,0.0
394.26,0.0
394.318,0.0
394.375,0.0
394.433,0.0
394.49,0.0
394.548,0.0
394.605,0.0
394.663,0.0
394.72,0.0
394.778,0.0
394.836,0.0
394.893,0.0
394.951,0.0
395.008,0.0
395.065,0.0
395.123,0.0
395.18,0.0
395.238,0.0
395.295,0.0
395.353,0.0
395.41,0.0
395.468,3.34203595099679e-08
395.525,8.839411909376516e-08
395.582,1.4054177551839837e-07
395.64,1.8892145351078191e-07
395.697,2.3260957269141597e-07
395.754,2.7088606682572105e-07
395.812,3.0330975087164685e-07
395.869,3.2942605020855626e-07
395.927,3.4868145354071825e-07
395.984,3.606621461471528e-07
396.041,3.647470125900997e-07
396.098,3.611142986980914e-07
396.156,3.5016901082195863e-07
396.213,3.324404441898643e-07
396.27,3.080121367580123e-07
396.328,2.7709826284495873e-07
396.385,2.4010505633387525e-07
396.442,1.975139272352149e-07
396.499,1.496110632119969e-07
396.557,9.649854729488651e-08
396.614,3.82332173465914e-08
396.671,0.0
396.728,0.0
396.785,0.0
396.843,0.0
396.9,0.0
396.957,0.0
397.014,0.0
397.071,0.0
397.128,0.0
397.186,0.0
397.243,0.0
397.3,0.0
397.357,0.0
397.414,0.0
397.471,0.0
397.528,0.0
397.585,0.0
397.642,0.0
397.699,0.0
397.756,0.0
397.814,0.0
397.871,0.0
397.928,0.0
397.985,8.049440962849542e-08
398.042,3.214754506257642e-07
398.099,5.90356940077305e-07
398.156,8.890304338101464e-07
398.212,1.2193985955639967e-06
398.269,1.5796573995206873e-06
398.326,1.9725957454973533e-06
398.383,2.40151796608366e-06
398.44,2.869733291792274e-06
398.497,3.379607759711136e-06
398.554,3.9327736409665975e-06
398.611,4.530236143548527e-06
398.668,5.172291063237345e-06
398.725,5.863511359865278e-06
398.782,6.604868689668747e-06
398.839,7.393386950448705e-06
398.895,8.22601454502998e-06
398.952,9.099631390415974e-06
399.009,1.0005813179103835e-05
399.066,1.0935802373696205e-05
399.123,1.1877414394386422e-05
399.18,1.2840023717795091e-05
399.236,1.3807048723252934e-05
399.293,1.4760947789523974e-05
399.35,1.5684237794339894e-05
399.407,1.656189376974727e-05
399.463,1.7380753789619475e-05
399.52,1.812890387252588e-05
399.577,1.8795638089540497e-05
399.634,1.930412609660911e-05
399.69,1.9627723783576886e-05
399.747,1.9765589797359743e-05
399.804,1.9717244805339572e-05
399.861,1.948263466242317e-05
399.917,1.906516096571847e-05
399.974,1.8468814170490307e-05
400.031,1.770329210134657e-05
400.087,1.6849008316881594e-05
400.144,1.5959088176890835e-05
400.201,1.5049667566060398e-05
400.257,1.4136971294921664e-05
400.314,1.3235182788962273e-05
400.37,1.2357043226117617e-05
400.427,1.1514548530722465e-05
400.484,1.0719179728571413e-05
400.54,9.956859058405469e-06
400.597,9.213117792898516e-06
400.653,8.490786132709068e-06
400.71,7.792856143882569e-06
400.766,7.122415169221533e-06
400.823,6.482517174312641e-06
400.879,5.8762140251766344e-06
400.936,5.303743783336762e-06
400.993,4.7601245575307055e-06
401.049,4.243548162236417e-06
401.105,3.751981067073687e-06
401.162,3.2833395179973128e-06
401.218,2.836171750358339e-06
401.275,2.409536457285543e-06
401.331,2.0026106313587505e-06
401.388,1.6144311174617863e-06
401.444,1.2482144961958084e-06
401.501,9.068360788643458e-07
401.557,5.920057394219594e-07
401.614,3.0515708843524453e-07
401.67,4.732038877269777e-08
401.726,0.0
401.783,0.0
401.839,0.0
401.895,0.0
401.952,0.0
402.008,0.0
402.064,0.0
402.121,0.0
402.177,0.0
402.233,0.0
402.29,0.0
402.346,0.0
402.402,0.0
402.458,0.0
402.515,0.0
402.571,0.0
402.627,0.0
402.683,0.0
402.74,0.0
402.796,0.0
402.852,0.0
402.908,0.0
402.964,0.0
403.021,0.0
403.077,0.0
403.133,4.840697990365678e-08
403.189,1.3213404689721318e-07
403.245,2.115384722992336e-07
403.301,2.8562029983940373e-07
403.357,3.531202579047172e-07
403.414,4.129567451383797e-07
403.47,4.642878011576257e-07
403.526,5.064459133224234e-07
403.582,5.388945930287073e-07
403.638,5.613384771122508e-07
403.694,5.73641164599078e-07
403.75,5.759643284990531e-07
403.806,5.686818062796634e-07
403.862,5.520620581084567e-07
403.918,5.263204382853502e-07
403.974,4.918014848791025e-07
404.03,4.4900517672550796e-07
404.086,3.985199375819092e-07
404.142,3.411178243561191e-07
404.198,2.7754153074811514e-07
404.254,2.085354587159147e-07
404.31,1.3507894034372582e-07
404.366,5.829967891417888e-08
404.422,0.0
404.478,0.0
404.534,0.0
404.59,0.0
404.646,0.0
404.701,0.0
404.757,0.0
404.813,0.0
404.869,0.0
404.925,0.0
404.981,0.0
405.037,0.0
405.092,0.0
405.148,0.0
405.204,0.0
405.26,0.0
405.316,0.0
405.371,0.0
405.427,0.0
405.483,0.0
405.539,0.0
405.594,0.0
405.65,0.0
405.706,1.7329477817201292e-07
405.761,4.080606733902653e-07
405.817,6.700038824827678e-07
405.873,9.28361592491457e-07
405.928,1.182249911526048e-06
405.984,1.4305322611860706e-06
406.04,1.6718995405466243e-06
406.095,2.156847619924421e-06
406.151,2.8834652652067884e-06
406.207,3.849664994878253e-06
406.262,5.056134810997433e-06
406.318,4.991566714846152e-06
406.374,3.657104612487108e-06
406.429,3.635322582122455e-06
406.485,4.923702369833178e-06
406.54,6.006873030046765e-06
406.596,6.882210466951489e-06
406.651,7.547101641375619e-06
406.707,7.999014792256298e-06
406.763,8.487731804091407e-06
406.818,9.010938744451985e-06
406.874,9.566201010283025e-06
406.929,1.0151147209408903e-05
406.985,1.073332889525869e-05
407.04,1.1310542358755361e-05
407.095,1.1880618295105883e-05
407.151,1.2436393757024894e-05
407.206,1.2966385582297449e-05
407.262,1.3459577582443932e-05
407.317,1.3905853571855317e-05
407.373,1.4303887202339904e-05
407.428,1.4652507294121484e-05
407.484,1.4947827613938293e-05
407.539,1.5154362879124113e-05
407.594,1.527151687789653e-05
407.65,1.5330774146574594e-05
407.705,1.533203213688548e-05
407.76,1.554162858477416e-05
407.816,1.5959677210757497e-05
407.871,1.6321498469966077e-05
407.926,1.66274856594587e-05
407.982,1.5280384458418825e-05
408.037,1.228395637204561e-05
408.092,1.196428931625247e-05
408.148,1.4331119698601222e-05
408.203,1.5083498089555613e-05
408.258,1.4222695009565916e-05
408.314,1.3339524348891044e-05
408.369,1.2440525287730667e-05
408.424,1.1798268918683276e-05
408.479,1.141426044114929e-05
408.534,1.1024892780251616e-05
408.59,1.063142837460658e-05
408.645,1.0203373619551377e-05
408.7,9.742240871215613e-06
408.755,9.281269826923796e-06
408.81,8.822097758122841e-06
408.866,8.366395361386205e-06
408.921,7.915786459388395e-06
408.976,7.4690606419392e-06
409.031,7.02498589873006e-06
409.086,6.58226169130625e-06
409.141,6.142247876145782e-06
409.196,5.706197766109414e-06
409.252,5.272352814134318e-06
409.307,4.838802722861464e-06
409.362,4.4072497142376356e-06
409.417,3.979662537823584e-06
409.472,3.5584394009602667e-06
409.527,3.146399593967072e-06
409.582,2.746690331300737e-06
409.637,2.3628620330844798e-06
409.692,2.0025042467823936e-06
409.747,1.6697265985396e-06
409.802,1.3673222749614001e-06
409.857,1.09742120800735e-06
409.912,8.574451677168476e-07
409.967,6.483302622902667e-07
410.022,4.708329729208917e-07
410.077,3.247874110415257e-07
410.132,1.7669893255668914e-07
410.187,2.5344789430716408e-08
410.242,0.0
410.297,0.0
410.351,0.0
410.406,0.0
410.461,0.0
410.516,0.0
410.571,0.0
410.626,0.0
410.681,3.681323105224944e-07
410.736,1.1287413019342383e-06
410.79,1.5246675504411026e-06
410.845,1.5544245371644845e-06
410.9,1.21630367437844e-06
410.955,5.089838313522433e-07
411.01,1.2975224808554539e-08
411.064,0.0
411.119,0.0
411.174,0.0
411.229,0.0
411.283,1.109417257180345e-07
411.338,2.3689083095391264e-07
411.393,3.5218259080568063e-07
411.447,4.237029463780616e-07
411.502,4.80376018285713e-07
411.557,5.221460396970255e-07
411.612,5.491229833806626e-07
411.666,6.213344851383271e-07
411.721,7.389429676122469e-07
411.776,9.019787871764593e-07
411.83,1.110500185808299e-06
411.885,1.3682765575747316e-06
411.939,1.593723834022277e-06
411.994,1.7867912348172442e-06
412.049,1.9472813796570116e-06
412.103,2.032547846758663e-06
412.158,2.0427426126272003e-06
412.212,1.9781492039469155e-06
412.267,1.83924798613528e-06
412.322,1.62680278764601e-06
412.376,1.411529370113589e-06
412.431,1.194304798878957e-06
412.485,9.761141997639536e-07
412.54,7.802094897757984e-07
412.594,6.074828193782192e-07
412.649,4.588608487951174e-07
412.703,3.3507854769543346e-07
412.758,2.3668256082071102e-07
412.812,1.4823509233104887e-07
412.866,7.021663334640366e-08
412.921,3.0225383750158336e-09
412.975,0.0
413.03,0.0
413.084,0.0
413.139,0.0
413.193,0.0
413.247,0.0
413.302,0.0
413.356,0.0
413.41,0.0
413.465,0.0
413.519,0.0
413.573,0.0
413.628,0.0
413.682,0.0
413.736,2.3895520735713158e-08
413.791,5.943314733767471e-08
413.845,9.802508870882093e-08
413.899,1.3948880723792057e-07
413.953,1.8358144213875776e-07
414.008,2.2987383242304482e-07
414.062,2.7778174638568636e-07
414.116,3.272879925240727e-07
414.17,3.7777076841162414e-07
414.225,4.284569074917293e-07
414.279,4.789656345913503e-07
414.333,5.284181488437547e-07
414.387,5.759496696743661e-07
414.441,6.20837120240841e-07
414.496,6.624455396613183e-07
414.55,6.993030342634567e-07
414.604,7.309857875736509e-07
414.658,7.571337305028897e-07
414.712,7.774617059850932e-07
414.766,7.917634319508035e-07
414.82,7.999033065565231e-07
414.874,8.018354824829433e-07
414.928,7.975824175487897e-07
414.982,7.871285280321335e-07
415.037,7.704719669121964e-07
415.091,7.477549957751364e-07
415.145,7.192574761928346e-07
415.199,6.853676864650532e-07
415.253,6.465043460572516e-07
415.307,6.030125227932978e-07
415.361,5.551504514534749e-07
415.415,5.037748013821187e-07
415.469,4.493503400884024e-07
415.523,3.921695948095361e-07
415.577,3.3246590692022055e-07
415.631,2.7047108348547373e-07
415.684,2.0640354250537157e-07
415.738,3.6982486566474217e-07
415.792,7.611553457716899e-07
415.846,0.0
415.9,0.0
415.954,3.3069440423588997e-06
416.008,3.356463982537031e-07
416.062,0.0
416.116,0.0
416.169,0.0
416.223,0.0
416.277,0.0
416.331,0.0
416.385,0.0
416.439,0.0
416.492,0.0
416.546,0.0
416.6,0.0
416.654,0.0
416.707,0.0
416.761,0.0
416.815,0.0
416.869,0.0
416.922,0.0
416.976,0.0
417.03,0.0
417.083,0.0
417.137,0.0
417.191,0.0
417.244,0.0
417.298,0.0
417.352,0.0
417.405,0.0
417.459,2.7998840762523448e-08
417.512,1.3943331113918977e-07
417.566,2.580198225539715e-07
417.62,3.8340212599339075e-07
417.673,5.150245225642715e-07
417.727,6.522031927980503e-07
417.78,7.942096881599457e-07
417.834,9.403130844516031e-07
417.887,1.0897558033455437e-06
417.941,1.2417625628499775e-06
417.994,1.395728552620403e-06
418.048,1.5512234531054032e-06
418.101,1.7078171331299755e-06
418.155,1.8650756893099568e-06
418.208,2.02244731152521e-06
418.262,2.1792018697450804e-06
418.315,2.3346115265810732e-06
418.369,2.487970394529483e-06
418.422,2.6384370032261435e-06
418.476,2.7850146335835795e-06
418.529,2.926832472927203e-06
418.582,3.063137481796956e-06
418.636,3.1932738470785366e-06
418.689,3.316747876077799e-06
418.743,3.4330054479915617e-06
418.796,3.5414267607542343e-06
418.849,3.641489404542446e-06
418.903,3.7327212928601954e-06
418.956,3.814536234790362e-06
419.009,3.886276092207604e-06
419.063,3.94726605066446e-06
419.116,3.996854553504915e-06
419.169,4.034417748705486e-06
419.222,4.059432380404376e-06
419.276,4.071604452102389e-06
419.329,4.070837380512666e-06
419.382,4.0572511650932396e-06
419.435,4.031143824979923e-06
419.489,3.992825419085105e-06
419.542,3.942582863363497e-06
419.595,3.8808221525526255e-06
419.648,3.808006521935826e-06
419.701,3.7244375914395732e-06
419.755,3.630316648349802e-06
419.808,3.525890022126379e-06
419.861,3.411431575838431e-06
419.914,3.2874246565732555e-06
419.967,3.1545793340542135e-06
420.02,3.013648300056148e-06
420.073,2.8654166170175295e-06
420.127,2.710728083636236e-06
420.18,2.5505225328517005e-06
420.233,2.385698919384784e-06
420.286,2.2171501503408392e-06
420.339,2.0458018544558254e-06
420.392,1.8725066266102618e-06
420.445,1.6981518151962685e-06
420.498,1.5236564787763453e-06
420.551,1.349946568323555e-06
420.604,1.1780317482031873e-06
420.657,1.0090275192632184e-06
420.71,8.441124511116632e-07
420.763,6.844590968964946e-07
420.816,5.311543095797348e-07
420.869,3.8525844386508456e-07
420.922,2.4777125548029786e-07
420.975,1.194585487134136e-07
421.028,8.618326956882075e-10
421.081,0.0
421.134,0.0
421.187,0.0
421.239,0.0
421.292,0.0
421.345,0.0
421.398,0.0
421.451,0.0
421.504,0.0
421.557,0.0
421.609,0.0
421.662,0.0
421.715,0.0
421.768,0.0
421.821,0.0
421.873,0.0
421.926,0.0
421.979,0.0
422.032,0.0
422.084,0.0
422.137,0.0
422.19,0.0
422.243,0.0
422.295,0.0
422.348,0.0
422.401,6.177571455987211e-08
422.453,2.459447721601278e-07
422.506,4.583192296092867e-07
422.559,6.981243126676879e-07
422.611,9.646513973385998e-07
422.664,1.0496991218861745e-06
422.716,9.528618086573862e-07
422.769,6.739224566348797e-07
422.822,2.1287003589493533e-07
422.874,0.0
422.927,0.0
422.979,0.0
423.032,9.36607541718021e-08
423.084,2.8785280540438e-07
423.137,4.4723375834483044e-07
423.189,5.719829564367309e-07
423.242,6.622277503945352e-07
423.294,7.181289522495571e-07
423.347,7.398617961174444e-07
423.399,7.276123437796283e-07
423.452,6.816741618664801e-07
423.504,6.368580010160656e-07
423.557,8.042940944710386e-07
423.609,1.1840438402516838e-06
423.662,1.6859576218817516e-08
423.714,0.0
423.766,3.5989327532909233e-06
423.819,8.892778899424689e-07
423.871,0.0
423.923,1.1905457009294778e-07
423.976,2.959341916707375e-07
424.028,2.6173996558799613e-07
424.081,2.281288625365553e-07
424.133,1.9563746370873833e-07
424.185,1.647138272493211e-07
424.238,1.357699124493589e-07
424.29,1.0914616662911913e-07
424.342,8.515746206715548e-08
424.394,6.403481460708185e-08
424.447,4.5829979986494994e-08
424.499,3.047153990787757e-08
424.551,1.7688779089293296e-08
424.603,7.194986205577164e-09
424.656,0.0
424.708,0.0
424.76,0.0
424.812,0.0
424.864,0.0
424.917,0.0
424.969,0.0
425.021,0.0
425.073,0.0
425.125,0.0
425.177,0.0
425.229,0.0
425.282,0.0
425.334,4.425356795287598e-09
425.386,1.1255834231569567e-08
425.438,1.8890974171845818e-08
425.49,2.7186689066808063e-08
425.542,3.604447268461723e-08
425.594,4.53437660998135e-08
425.646,5.486146217830762e-08
425.698,6.436381039118358e-08
425.75,7.362370975274353e-08
425.802,8.237571258145263e-08
425.854,9.041892475616207e-08
425.906,9.756529685484417e-08
425.958,1.036506794306062e-07
426.01,1.0846672834578436e-07
426.062,1.118180388738483e-07
426.114,1.1363735441778552e-07
426.166,1.1391898353800313e-07
426.218,1.1281300581724426e-07
426.27,1.1051021278414151e-07
426.321,1.0713809214355935e-07
426.373,1.0278468399536286e-07
426.425,9.754030615086407e-08
426.477,9.158380720571521e-08
426.529,8.501912403042815e-08
426.581,7.785033979259567e-08
426.633,7.005447160280434e-08
426.684,6.156993039807537e-08
426.736,5.235097307371603e-08
426.788,4.2419375532420196e-08
426.84,3.16947562080616e-08
426.892,1.9864157659180414e-08
426.943,6.660085606267334e-09
426.995,0.0
427.047,0.0
427.099,0.0
427.15,0.0
427.202,0.0
427.254,0.0
427.306,0.0
427.357,0.0
427.409,0.0
427.461,0.0
427.512,0.0
427.564,0.0
427.616,0.0
427.667,0.0
427.719,0.0
427.77,0.0
427.822,0.0
427.874,0.0
427.925,0.0
427.977,0.0
428.028,0.0
428.08,0.0
428.131,0.0
428.183,0.0
428.234,0.0
428.286,0.0
428.337,0.0
428.389,0.0
428.44,0.0
428.492,0.0
428.543,0.0
428.595,0.0
428.646,0.0
428.697,0.0
428.749,0.0
428.8,0.0
428.852,0.0
428.903,0.0
428.954,0.0
429.006,0.0
429.057,0.0
429.108,0.0
429.16,0.0
429.211,0.0
429.262,0.0
429.314,0.0
429.365,0.0
429.416,0.0
429.467,0.0
429.519,0.0
429.57,0.0
429.621,0.0
429.672,0.0
429.724,0.0
429.775,0.0
429.826,0.0
429.877,0.0
429.928,0.0
429.98,0.0
430.031,0.0
430.082,0.0
430.133,0.0
430.184,0.0
430.235,0.0
430.286,0.0
430.337,0.0
430.388,0.0
430.439,0.0
430.49,0.0
430.542,0.0
430.593,0.0
430.644,0.0
430.695,0.0
430.746,0.0
430.797,0.0
430.848,0.0
430.898,0.0
430.949,0.0
431.0,0.0
431.051,0.0
431.102,1.6465415861187391e-09
431.153,8.771482066456275e-09
431.204,1.086494654103604e-08
431.255,7.801212954374888e-09
431.306,0.0
431.357,0.0
431.408,0.0
431.458,0.0
431.509,0.0
431.56,0.0
431.611,0.0
431.662,0.0
431.713,0.0
431.763,0.0
431.814,0.0
431.865,0.0
431.916,0.0
431.966,0.0
432.017,0.0
432.068,0.0
432.118,0.0
432.169,0.0
432.22,0.0
432.271,0.0
432.321,0.0
432.372,0.0
432.423,0.0
432.473,0.0
432.524,0.0
432.574,0.0
432.625,0.0
432.676,0.0
432.726,0.0
432.777,0.0
432.827,0.0
432.878,0.0
432.928,0.0
432.979,0.0
433.029,0.0
433.08,0.0
433.13,5.0807078332931645e-08
433.181,2.1444899111720669e-07
433.231,3.924353991303127e-07
433.282,5.841849346112415e-07
433.332,7.889847480506033e-07
433.383,1.0059432182710559e-06
433.433,1.2340995198467583e-06
433.484,1.4725264750538398e-06
433.534,1.7201968316384705e-06
433.585,1.9760110210684634e-06
433.635,2.238778182298419e-06
433.685,2.5071482182942113e-06
433.736,2.7797938629927015e-06
433.786,3.0554157316770936e-06
433.836,3.3326720505185446e-06
433.887,3.6101378382193767e-06
433.937,3.886272564082597e-06
433.987,4.159556395251394e-06
434.038,4.4285004399125675e-06
434.088,4.691701797641194e-06
434.138,4.947882128524553e-06
434.189,5.195783369698853e-06
434.239,5.434129061522183e-06
434.289,5.661574732741997e-06
434.339,5.876760090385556e-06
434.389,6.078359558099594e-06
434.44,6.265168659215585e-06
434.49,6.43611066950747e-06
434.54,6.590083997017409e-06
434.59,6.725970163819401e-06
434.64,6.842777121791547e-06
434.691,6.93974223489346e-06
434.741,7.0163638289059e-06
434.791,7.072325316241097e-06
434.841,7.1074222265730795e-06
434.891,7.12152015688349e-06
434.941,7.11458742405302e-06
434.991,7.086837391720256e-06
435.042,7.038644546120269e-06
435.092,6.970448401737565e-06
435.142,6.88281350341117e-06
435.192,6.776386267543801e-06
435.242,6.651904970717682e-06
435.292,6.510258620402622e-06
435.342,6.352426211685984e-06
435.392,6.179440023498606e-06
435.442,5.9923739363159025e-06
435.492,5.792349761448182e-06
435.542,5.580574251025655e-06
435.592,5.358267485488316e-06
435.642,5.126712438026669e-06
435.692,4.887223587528908e-06
435.742,4.641029495484492e-06
435.792,4.3892903593717915e-06
435.842,4.133169018587658e-06
435.891,3.87396466413841e-06
435.941,3.6130424026629416e-06
435.991,3.3517912420649285e-06
436.041,3.091527779676891e-06
436.091,2.8334091618586444e-06
436.141,2.5786687548558475e-06
436.191,2.328682649408699e-06
436.241,2.084821371758824e-06
436.29,1.8483190630556238e-06
436.34,1.6201707680569947e-06
436.39,1.4011860589440553e-06
436.44,1.1920180858725842e-06
436.49,9.932286935724207e-07
436.539,8.052705740552106e-07
436.589,6.283222102711887e-07
436.639,4.623743083444399e-07
436.689,3.0724013843494307e-07
436.738,1.625466102091808e-07
436.788,2.7831051870830893e-08
436.838,0.0
436.887,0.0
436.937,0.0
436.987,0.0
437.036,0.0
437.086,0.0
437.136,0.0
437.185,0.0
437.235,0.0
437.285,0.0
437.334,0.0
437.384,0.0
437.433,0.0
437.483,0.0
437.532,0.0
437.582,0.0
437.631,0.0
437.681,0.0
437.73,0.0
437.78,0.0
437.829,0.0
437.879,0.0
437.928,0.0
437.978,0.0
438.027,0.0
438.077,0.0
438.126,0.0
438.176,0.0
438.225,0.0
438.274,0.0
438.324,0.0
438.373,0.0
438.422,0.0
438.472,0.0
438.521,0.0
438.57,0.0
438.62,0.0
438.669,0.0
438.718,0.0
438.768,0.0
438.817,0.0
438.866,0.0
438.915,0.0
438.965,0.0
439.014,0.0
439.063,0.0
439.112,0.0
439.162,0.0
439.211,0.0
439.26,0.0
439.309,0.0
439.358,0.0
439.407,0.0
439.456,0.0
439.506,0.0
439.555,0.0
439.604,0.0
439.653,0.0
439.702,0.0
439.751,0.0
439.8,0.0
439.849,0.0
439.898,0.0
439.947,0.0
439.996,0.0
440.045,0.0
440.094,0.0
440.143,0.0
440.192,0.0
440.241,0.0
440.29,0.0
440.339,0.0
440.388,0.0
440.437,0.0
440.486,0.0
440.535,0.0
440.583,0.0
440.632,0.0
440.681,0.0
440.73,0.0
440.779,0.0
440.828,0.0
440.876,0.0
440.925,0.0
440.974,0.0
441.023,4.319801671421011e-08
441.072,1.394614547462963e-07
441.12,2.2896264919952127e-07
441.169,3.1076717395270516e-07
441.218,3.8407404475701413e-07
441.267,4.4819330338255307e-07
441.315,5.023440748622268e-07
441.364,5.45861570806807e-07
441.413,5.781598427591821e-07
441.461,5.985821300623791e-07
441.51,6.066917772944044e-07
441.559,6.022362276561353e-07
441.607,5.850144115294196e-07
441.656,5.550268734813755e-07
441.705,5.124313547516124e-07
441.753,4.5749227812988134e-07
441.802,3.906731980871234e-07
441.85,3.126433447123993e-07
441.899,2.2405983324127118e-07
441.948,1.255471348173045e-07
441.996,1.7776303342330887e-08
442.045,0.0
442.093,0.0
442.142,0.0
442.19,0.0
442.239,0.0
442.287,0.0
442.336,0.0
442.384,0.0
442.433,0.0
442.481,0.0
442.529,0.0
442.578,0.0
442.626,0.0
442.675,0.0
442.723,0.0
442.771,0.0
442.82,0.0
442.868,0.0
442.917,0.0
442.965,0.0
443.013,0.0
443.062,0.0
443.11,0.0
443.158,0.0
443.206,0.0
443.255,0.0
443.303,0.0
443.351,0.0
443.399,0.0
443.448,0.0
443.496,0.0
443.544,0.0
443.592,0.0
443.64,0.0
443.689,0.0
443.737,0.0
443.785,0.0
443.833,0.0
443.881,0.0
443.929,0.0
443.977,0.0
444.025,0.0
444.074,0.0
444.122,0.0
444.17,0.0
444.218,0.0
444.266,9.00594958675529e-08
444.314,2.3654738086913567e-07
444.362,3.7406351909951807e-07
444.41,5.008362370691098e-07
444.458,6.156276032609941e-07
444.506,7.172551299329948e-07
444.554,8.048576244285718e-07
444.602,8.777733404091857e-07
444.65,9.354342897424491e-07
444.698,9.776249908735345e-07
444.746,1.0043407618725666e-06
444.793,1.0156381271616408e-06
444.841,1.0116053125861919e-06
444.889,9.926746154757585e-07
444.937,9.594094083939122e-07
444.985,9.128576995052245e-07
445.033,8.544106004154218e-07
445.081,7.851496386242864e-07
445.129,7.063912482419861e-07
445.176,6.195362190397011e-07
445.224,5.255904922051496e-07
445.272,4.254952820001651e-07
445.32,3.20375210726796e-07
445.368,2.1118452909146816e-07
445.415,9.920919987789263e-08
445.463,0.0
445.511,0.0
445.559,0.0
445.606,0.0
445.654,0.0
445.702,0.0
445.749,0.0
445.797,0.0
445.845,0.0
445.892,0.0
445.94,0.0
445.988,0.0
446.035,0.0
446.083,0.0
446.13,0.0
446.178,0.0
446.226,0.0
446.273,2.5328542595671163e-07
446.321,6.287775951675227e-07
446.368,1.080014784325843e-06
446.416,1.615498502112843e-06
446.463,2.2432536399206107e-06
446.511,2.970050056066204e-06
446.558,3.801064472879893e-06
446.606,4.7385230783621325e-06
446.653,5.781891639629471e-06
446.701,6.927217262879959e-06
446.748,8.174194501750699e-06
446.796,9.519860478029346e-06
446.843,1.0957205477248254e-05
446.891,1.2478974347212331e-05
446.938,1.4078385718487479e-05
446.985,1.575356947389656e-05
447.033,1.7503078344048698e-05
447.08,1.932535027245124e-05
447.128,2.122027635171053e-05
447.175,2.3190484183238506e-05
447.222,2.5241869649814175e-05
447.27,2.7380778170748917e-05
447.317,2.961251504925343e-05
447.364,3.195594806127612e-05
447.411,3.443321669528044e-05
447.459,3.706856381933709e-05
447.506,3.990794557047797e-05
447.553,4.29609524487825e-05
447.601,4.6243550141626865e-05
447.648,4.9762901865785586e-05
447.695,5.322115733844415e-05
447.742,5.6533732128494476e-05
447.789,5.96042352453519e-05
447.837,6.232098619685332e-05
447.884,6.626741678951209e-05
447.931,7.129247217436265e-05
447.978,7.427857411730785e-05
448.025,7.506080313354988e-05
448.072,7.523991771171827e-05
448.12,7.479365114688342e-05
448.167,7.371949503889736e-05
448.214,7.204882575357505e-05
448.261,6.961532060347725e-05
448.308,6.656594617587574e-05
448.355,6.308402156821765e-05
448.402,5.9355101921285976e-05
448.449,5.5573025979035896e-05
448.496,5.1855116501760276e-05
448.543,4.83064739526726e-05
448.59,4.500882512780612e-05
448.637,4.197196590806327e-05
448.684,3.9192532668233564e-05
448.731,3.665085887499628e-05
448.778,3.432216543702465e-05
448.825,3.218296374147391e-05
448.872,3.0205622050419458e-05
448.919,2.836595969405293e-05
448.966,2.6643854381944793e-05
449.013,2.5033312814364265e-05
449.06,2.3525950171415827e-05
449.107,2.2110403004379908e-05
449.154,2.0774683188944488e-05
449.2,1.9540839163064757e-05
449.247,1.8397424391024215e-05
449.294,1.7291917036296012e-05
449.341,1.6212924586238e-05
449.388,1.4876705472722615e-05
449.435,1.3280925298171557e-05
449.481,1.176001130711688e-05
449.528,1.0316422980632036e-05
449.575,1.0556401437999169e-05
449.622,1.2487234413225802e-05
449.668,1.0958855905432374e-05
449.715,5.97726486320944e-06
449.762,4.319234497498846e-06
449.809,5.9870389564748914e-06
449.855,6.4035394417102736e-06
449.902,5.567377678937047e-06
449.949,4.680965609203845e-06
449.995,3.7427170093800234e-06
450.042,3.083845217337307e-06
450.089,2.7015705659040814e-06
450.135,2.377099573115825e-06
450.182,2.1060844242429793e-06
450.229,1.8439813618466347e-06
450.275,1.5866847595837083e-06
450.322,1.3580617560252045e-06
450.368,1.153098437824616e-06
450.415,9.671736245731854e-07
450.462,7.968043315867448e-07
450.508,6.396945953901436e-07
450.555,4.939949623618186e-07
450.601,3.5838345878184403e-07
450.648,2.3195595356406222e-07
450.694,1.1393155657526208e-07
450.741,3.672046235363683e-09
450.787,0.0
450.834,0.0
450.88,0.0
450.927,0.0
450.973,0.0
451.019,0.0
451.066,0.0
451.112,0.0
451.159,0.0
451.205,0.0
451.251,0.0
451.298,0.0
451.344,0.0
451.39,0.0
451.437,0.0
451.483,0.0
451.529,0.0
451.576,0.0
451.622,0.0
451.668,0.0
451.714,0.0
451.761,0.0
451.807,0.0
451.853,0.0
451.899,0.0
451.945,0.0
451.992,0.0
452.038,0.0
452.084,0.0
452.13,0.0
452.176,0.0
452.222,0.0
452.268,0.0
452.315,0.0
452.361,0.0
452.407,0.0
452.453,0.0
452.499,0.0
452.545,0.0
452.591,0.0
452.637,0.0
452.683,0.0
452.729,0.0
452.775,0.0
452.821,0.0
452.867,0.0
452.913,0.0
452.959,0.0
453.005,0.0
453.051,0.0
453.097,0.0
453.142,0.0
453.188,0.0
453.234,0.0
453.28,0.0
453.18,8.872692293406016e-07
453.319,2.899762655739428e-06
453.458,2.1203309290138644e-06
453.596,5.344459322969111e-07
453.735,0.0
453.873,0.0
454.012,0.0
454.15,0.0
454.289,0.0
454.427,0.0
454.566,0.0
454.704,0.0
454.843,0.0
454.981,0.0
455.12,0.0
455.258,0.0
455.397,0.0
455.535,0.0
455.674,0.0
455.812,2.8725813475351097e-08
455.951,2.2342672702511383e-07
456.089,5.21526176938747e-07
456.227,9.521499859934509e-07
456.366,1.5262368313881217e-06
456.504,2.231262664276916e-06
456.642,3.047876674133012e-06
456.781,3.941605228106658e-06
456.919,4.8912082752378065e-06
457.057,5.883552732185493e-06
457.196,6.914050264188985e-06
457.334,7.974833552757671e-06
457.472,9.060692725908656e-06
457.61,1.017418786034843e-05
457.749,1.131450818471973e-05
457.887,1.248102892212865e-05
458.025,1.3671223518785581e-05
458.163,1.4878368171111068e-05
458.301,1.6093726050737435e-05
458.44,1.7310456275513224e-05
458.578,1.85183669029894e-05
458.716,1.9713456457110156e-05
458.854,2.0892592933260005e-05
458.992,2.205492156654552e-05
459.13,2.319860857612002e-05
459.269,2.4324385864837562e-05
459.407,2.543178822535741e-05
459.545,2.6524003903869905e-05
459.683,2.760376990558884e-05
459.821,2.8654690821498785e-05
459.959,2.9662888665158383e-05
460.097,3.061548498855805e-05
460.235,3.149719021432454e-05
460.373,3.2310582386868515e-05
460.511,3.305033148456877e-05
460.649,3.3704400324167785e-05
460.787,3.42831637603692e-05
460.925,3.483231206083583e-05
461.063,3.540431319669844e-05
461.201,3.605876253423354e-05
461.339,3.685195903703341e-05
461.477,3.778954038132324e-05
461.615,3.890265897603145e-05
461.753,4.021381826282312e-05
461.891,4.170222842185681e-05
462.029,4.329353671473896e-05
462.166,4.486568751562686e-05
462.304,4.624489110405698e-05
462.442,4.730395254782797e-05
462.58,4.802073597808785e-05
462.718,4.8438302141750644e-05
462.856,4.861183944364827e-05
462.993,4.840493482659738e-05
463.131,4.7549405701105084e-05
463.269,4.5334757269627556e-05
463.407,4.126108963300286e-05
463.545,3.8155570061716287e-05
463.682,4.050233731893074e-05
463.82,4.694681354196097e-05
463.958,5.22984215988422e-05
464.095,5.515088475020583e-05
464.233,5.6238573779790925e-05
464.371,5.544808919851145e-05
464.509,5.31831647061474e-05
464.646,5.1095099691411855e-05
464.784,4.9387693369658266e-05
464.921,4.2373362920651555e-05
465.059,4.009715128774457e-05
465.197,3.6817384642740534e-05
465.334,3.2654855164093235e-05
465.472,2.8754013031746278e-05
465.609,2.519364882729294e-05
465.747,2.1894519519255917e-05
465.885,1.888013987952695e-05
466.022,1.6157867602553854e-05
466.16,1.3717254882525617e-05
466.297,1.154404350995533e-05
466.435,9.60355663998965e-06
466.572,7.845073748659528e-06
466.71,6.260541784526976e-06
466.847,4.843181091240553e-06
466.985,3.5892951436999744e-06
467.122,2.4961426998062882e-06
467.26,1.5521268373102298e-06
467.397,7.571280046542955e-07
467.534,1.148243613810138e-07
467.672,0.0
467.809,0.0
467.947,0.0
468.084,0.0
468.221,0.0
468.359,0.0
468.496,0.0
468.633,0.0
468.771,0.0
468.908,4.3708901718238376e-07
469.045,1.0238777114605437e-06
469.183,1.731500981483905e-06
469.32,2.5689887091314425e-06
469.457,3.5213625083913786e-06
469.594,4.570072229168664e-06
469.732,5.7908587277637686e-06
469.869,7.1013371520970795e-06
470.006,8.42728508422823e-06
470.143,9.719671306330741e-06
470.28,1.0621445852540206e-05
470.417,1.0974063126652692e-05
470.555,1.077254470478607e-05
470.692,1.0013671540781969e-05
470.829,9.054223884794564e-06
470.966,8.321104820386419e-06
471.103,7.870968968315667e-06
471.24,7.727219861501872e-06
471.377,7.775022404148782e-06
471.514,7.00088158955699e-06
471.651,5.416369637792597e-06
471.789,4.556742553402953e-06
471.926,4.413184754597602e-06
472.063,4.087089332051328e-06
472.2,3.5749357335217056e-06
472.337,2.8910128541319764e-06
472.474,2.0699317028816964e-06
472.611,1.2952519482263108e-06
472.748,5.763787685422397e-07
472.884,0.0
473.021,0.0
473.158,0.0
473.295,0.0
473.432,0.0
473.569,0.0
473.706,0.0
473.843,0.0
473.98,0.0
474.117,0.0
474.253,0.0
474.39,0.0
474.527,0.0
474.664,0.0
474.801,0.0
474.937,0.0
475.074,0.0
475.211,0.0
475.348,0.0
475.484,0.0
475.621,0.0
475.758,0.0
475.894,0.0
476.031,0.0
476.168,0.0
476.304,0.0
476.441,0.0
476.578,0.0
476.714,1.3220431149983322e-07
476.851,7.130209165099176e-07
476.987,1.3116529132806108e-06
477.124,1.924845535459357e-06
477.261,2.5493776747411134e-06
477.397,3.1819651632373858e-06
477.534,3.8192592573021315e-06
477.67,4.45791607939301e-06
477.807,5.097787364235036e-06
477.943,5.723275457184287e-06
478.08,6.3354409324655905e-06
478.216,6.93500673822481e-06
478.353,7.512313338482963e-06
478.489,8.059352687472692e-06
478.626,8.565495765145448e-06
478.762,9.020925557891385e-06
478.898,9.438171514471784e-06
479.035,9.866972879112325e-06
479.171,1.0324154966618852e-05
479.308,1.0805645571771671e-05
479.444,1.1328604970447226e-05
479.58,1.1889215008380428e-05
479.717,1.2483619794302496e-05
479.853,1.3108653168606279e-05
479.989,1.3712492405549003e-05
480.126,1.420830398829852e-05
480.262,1.4535873726956557e-05
480.398,1.4676399938898308e-05
480.535,1.4510471182828142e-05
480.671,1.4042486223818315e-05
480.807,1.3281985961430229e-05
480.943,1.2238750928560607e-05
481.08,1.1180506060268953e-05
481.216,1.0185831381694427e-05
481.352,9.325589236734214e-06
481.488,8.640667191693166e-06
481.624,8.014876130022472e-06
481.76,7.455527035944292e-06
481.897,6.970348651441508e-06
482.033,6.5661254000729e-06
482.169,6.230615232313548e-06
482.305,5.941664158402752e-06
482.441,5.675938850326132e-06
482.577,5.415451824002779e-06
482.713,5.18214138458743e-06
482.849,4.977322519530843e-06
482.985,4.799222087450212e-06
483.121,4.645635629437228e-06
483.258,4.510795966505709e-06
483.394,4.38770672728796e-06
483.53,4.288175922003379e-06
483.665,4.209281736995373e-06
483.801,4.128478060419775e-06
483.937,4.042989952422218e-06
484.073,3.800131261904524e-06
484.209,3.3976140308203867e-06
484.345,2.982849059092314e-06
484.481,2.560729974449513e-06
484.617,3.0347171851113818e-06
484.753,4.408891981946618e-06
484.889,4.151706746733291e-06
485.025,2.393791312381834e-06
485.161,2.531377925144632e-06
485.296,3.478668691961363e-06
485.432,0.0
485.568,3.945265802353663e-06
485.704,2.9417280173546095e-06
485.84,1.8786286091523556e-06
485.975,1.9005685955488612e-06
486.111,1.921724065367071e-06
486.247,1.8403238048420534e-06
486.383,1.7864554751692557e-06
486.518,1.7417032084219041e-06
486.654,1.7048574828197745e-06
486.79,1.674648619853236e-06
486.926,1.6497092254350975e-06
487.061,1.6288241621040541e-06
487.197,1.6107210827433253e-06
487.333,1.594620014876924e-06
487.468,1.5798789834730374e-06
487.604,1.5660168091229492e-06
487.74,1.5525873789793403e-06
487.875,1.5391977086959423e-06
488.011,1.525531296530273e-06
488.146,1.5112656547955801e-06
488.282,1.4962417134277055e-06
488.417,1.4804116321693883e-06
488.553,1.4636083057078068e-06
488.688,1.445717926622871e-06
488.824,1.4261691486079739e-06
488.96,1.4043217094098495e-06
489.095,1.3795671073820986e-06
489.23,1.351876577765413e-06
489.366,1.321126230967125e-06
489.501,1.2871549474475573e-06
489.637,1.249915346740157e-06
489.772,1.2093696698124215e-06
489.908,1.1655147615060609e-06
490.043,1.11839094803555e-06
490.178,1.0679646032599718e-06
490.314,1.0140409578269188e-06
490.449,9.565868895673152e-07
490.585,8.957312596440427e-07
490.72,8.316250196346719e-07
490.855,7.645298717831909e-07
490.991,6.947570006384413e-07
491.126,6.225544586143322e-07
491.261,5.482377271768666e-07
491.396,4.72213400938164e-07
491.532,3.9488349048447506e-07
491.667,3.165522073520878e-07
491.802,2.3743732943472157e-07
491.937,1.5764736285802534e-07
492.073,7.726474108877657e-08
492.208,0.0
492.343,0.0
492.478,0.0
492.613,0.0
492.749,0.0
492.884,0.0
493.019,0.0
493.154,0.0
493.289,0.0
493.424,0.0
493.559,0.0
493.694,0.0
493.829,0.0
493.964,0.0
494.099,0.0
494.234,4.927318473060808e-07
494.369,5.311304289335103e-07
494.504,0.0
494.639,0.0
494.774,0.0
494.909,0.0
495.044,0.0
495.179,0.0
495.314,1.5188308916100944e-07
495.449,4.822213785215783e-07
495.584,8.910030891859098e-07
495.719,1.4094376661716456e-06
495.854,2.051092705226675e-06
495.988,2.8150959272796345e-06
496.123,3.716681366630828e-06
496.258,4.773164369154113e-06
496.393,6.003549925355999e-06
496.528,7.427953572935095e-06
496.663,9.069172661057565e-06
496.797,1.0952600406660136e-05
496.932,1.3105415337709511e-05
497.067,1.5557299521317877e-05
497.202,1.8315798782372234e-05
497.336,2.1389020931643078e-05
497.471,2.478427777166366e-05
497.606,2.8501114000456516e-05
497.74,3.253748783328369e-05
497.875,3.69041047247038e-05
498.01,4.160040064020199e-05
498.144,4.6612686031918516e-05
498.279,5.199431671412879e-05
498.414,5.7787029893960524e-05
498.548,6.403256197306991e-05
498.683,7.07858965458695e-05
498.817,7.809026297787852e-05
498.952,8.595132483366392e-05
499.087,9.438604583279118e-05
499.221,0.00010340879942934012
499.356,0.00011291962000121735
499.49,0.00012288200045122648
499.625,0.00013322936121779668
499.759,0.00014384014321310176
499.894,0.00015455504171518742
500.028,0.0001648565696822396
500.162,0.00017410582884042528
500.297,0.00018133449505969353
500.431,0.00018559567636112874
500.566,0.00018642740762765718
500.7,0.00018286351913623504
500.835,0.0001753976856716603
500.969,0.00016656477703820343
501.103,0.00015709377280002994
501.238,0.0001465113971294742
501.372,0.00013546189355657877
501.506,0.00012447662813050802
501.641,0.0001140502098142884
501.775,0.00010487692275147814
501.909,9.695435139510261e-05
502.043,9.017203465820827e-05
502.178,8.433148405162977e-05
502.312,7.903043788539435e-05
502.446,7.419490643266183e-05
502.58,6.972965222791418e-05
502.715,6.550712547376259e-05
502.849,6.155251436344433e-05
502.983,5.780501639319843e-05
503.117,5.427019323773292e-05
503.251,5.0979202279315586e-05
503.385,4.794916125026099e-05
503.52,4.5191237120420434e-05
503.654,4.270995500439568e-05
503.788,4.064010297608051e-05
503.922,3.894620507823884e-05
504.056,3.761035988897622e-05
504.19,3.645182736436916e-05
504.324,3.515083244512243e-05
504.458,3.459694045475482e-05
504.592,3.471317055073303e-05
504.726,2.960765872475306e-05
504.86,2.9396800330852966e-05
504.994,2.8246105670641268e-05
505.128,2.615711833714504e-05
505.262,2.4123868274163908e-05
505.396,2.2166456461056447e-05
505.53,2.0232847167975255e-05
505.664,1.8387341255780634e-05
505.798,1.667964641280578e-05
505.932,1.5083758117013076e-05
506.066,1.3602937630260016e-05
506.199,1.2241101447838852e-05
506.333,1.1005785630312474e-05
506.467,9.902022344287014e-06
506.601,8.904697325296672e-06
506.735,7.985657657962894e-06
506.869,7.123352744741363e-06
507.002,6.319039398277885e-06
507.136,5.571061533167304e-06
507.27,4.878833426850756e-06
507.404,4.2377386842080815e-06
507.537,3.6438941196557796e-06
507.671,3.0935587051851393e-06
507.805,2.584318506921373e-06
507.939,2.1126582101649223e-06
508.072,1.6780540344173573e-06
508.206,1.274701041454361e-06
508.34,8.962683005727061e-07
508.473,5.357178830197786e-07
508.607,1.9031327034355735e-07
508.74,0.0
508.874,0.0
509.008,0.0
509.141,0.0
509.275,0.0
509.408,0.0
509.542,0.0
509.675,0.0
509.809,0.0
509.942,0.0
510.076,0.0
510.209,0.0
510.343,0.0
510.476,0.0
510.61,0.0
510.743,0.0
510.877,0.0
511.01,0.0
511.143,0.0
511.277,0.0
511.41,0.0
511.543,0.0
511.677,0.0
511.81,0.0
511.943,0.0
512.077,0.0
512.21,0.0
512.343,0.0
512.476,0.0
512.61,0.0
512.743,0.0
512.876,0.0
513.009,0.0
513.142,0.0
513.276,0.0
513.409,0.0
513.542,8.738518226433542e-08
513.675,4.375529228059055e-07
513.808,8.067835615735537e-07
513.941,1.208302425199983e-06
514.074,1.6327647930439849e-06
514.207,2.0878737575536114e-06
514.34,2.570081527194302e-06
514.474,3.085581095762059e-06
514.607,3.676247441848192e-06
514.74,4.3791317262807874e-06
514.873,5.194084991175096e-06
515.006,6.034166434790522e-06
515.139,6.8803315061287225e-06
515.272,7.68223673687425e-06
515.404,8.629652698104814e-06
515.537,1.0009787603264402e-05
515.67,1.1905402621888832e-05
515.803,1.4338101038738798e-05
515.936,1.661641797816159e-05
516.069,1.8163124881552004e-05
516.202,2.0235009757370932e-05
516.335,2.5500709981618574e-05
516.468,3.6074348528210036e-05
516.6,7.849934864699122e-05
516.733,0.00015033223988803607
516.866,0.00013771497972606093
516.999,0.00010192452945875441
517.132,0.00018147568434431286
517.264,0.0003300745914592502
517.397,0.00029698336300656297
517.53,0.00017195059085708437
517.663,0.00011042824887807353
517.795,9.183010613238633e-05
517.928,8.419102272163595e-05
518.061,9.123386736484299e-05
518.193,0.0001771152157677435
518.326,0.00040215825381153647
518.459,0.00042884572583966595
518.591,0.0002589850225330787
518.724,0.00014955669711343318
518.857,0.00010763813538985364
518.989,8.252278664766315e-05
519.122,6.770658210148525e-05
519.254,5.7063367317886745e-05
519.387,4.893595545738365e-05
519.519,4.274902834161989e-05
519.652,3.7771829379301675e-05
519.784,3.353825768227518e-05
519.917,2.9792742100753144e-05
520.049,2.6701417114637393e-05
520.182,2.4323497041340534e-05
520.314,2.2627188006480676e-05
520.447,2.136656310654151e-05
520.579,2.010633393642925e-05
520.712,1.8752616949442884e-05
520.844,1.7250115659192556e-05
520.976,1.5665720025560486e-05
521.109,1.4149930531973673e-05
521.241,1.2713595808747847e-05
521.373,1.137391148015694e-05
521.506,1.0163126333028244e-05
521.638,9.11819085050818e-06
521.77,8.227795812944136e-06
521.903,7.4915869462566004e-06
522.035,6.879811475804085e-06
522.167,6.33979990590068e-06
522.3,5.845159846504919e-06
522.432,5.385739086833618e-06
522.564,4.946141821228308e-06
522.696,4.514538583700722e-06
522.828,4.100617655740075e-06
522.961,3.69748439623936e-06
523.093,3.3100778919693926e-06
523.225,2.947608410802677e-06
523.357,2.614049225904883e-06
523.489,2.3034057550870513e-06
523.621,2.0109475897235684e-06
523.753,1.7318576749372967e-06
523.885,1.462570257844534e-06
524.018,1.2002319141104227e-06
524.15,9.446605296819047e-07
524.282,6.981031563281391e-07
524.414,4.611377615044068e-07
524.546,2.3216611710002762e-07
524.678,9.722628158408543e-09
524.81,0.0
524.942,0.0
525.074,0.0
525.206,0.0
525.338,0.0
525.469,0.0
525.601,0.0
525.733,0.0
525.865,0.0
525.997,0.0
526.129,0.0
526.261,0.0
526.393,0.0
526.524,0.0
526.656,0.0
526.788,0.0
526.92,0.0
527.052,0.0
527.183,0.0
527.315,0.0
527.447,0.0
527.578,0.0
527.71,0.0
527.842,0.0
527.973,0.0
528.105,0.0
528.237,0.0
528.368,0.0
528.5,0.0
528.632,0.0
528.763,0.0
528.895,0.0
529.026,0.0
529.158,0.0
529.289,0.0
529.421,0.0
529.552,0.0
529.684,0.0
529.815,0.0
529.947,0.0
530.078,0.0
530.21,0.0
530.341,0.0
530.472,0.0
530.604,0.0
530.735,0.0
530.867,0.0
530.998,0.0
531.129,0.0
531.26,0.0
531.392,0.0
531.523,0.0
531.654,0.0
531.786,2.79767276684336e-08
531.917,1.335602420760431e-07
532.048,2.3279016759439042e-07
532.179,3.253187724990306e-07
532.311,4.107995010351596e-07
532.442,4.887776759272757e-07
532.573,5.58737209999381e-07
532.704,6.201684625435208e-07
532.835,6.726428168886629e-07
532.966,7.158514261339398e-07
533.097,7.496444916390514e-07
533.229,7.739582017226794e-07
533.36,7.887146947011907e-07
533.491,7.938385211058682e-07
533.622,7.892470859366801e-07
533.753,7.748454466868262e-07
533.884,7.505384363405023e-07
534.015,7.162863545998861e-07
534.146,6.720534729379332e-07
534.277,6.178413216858639e-07
534.408,5.537728555244169e-07
534.539,4.800958321025133e-07
534.67,3.971710157509854e-07
534.801,3.0544486380033096e-07
534.932,2.054736011127044e-07
535.063,9.787883182057938e-08
535.194,0.0
535.324,0.0
535.455,0.0
535.586,0.0
535.717,0.0
535.848,0.0
535.979,0.0
536.109,0.0
536.24,0.0
536.371,0.0
536.502,0.0
536.632,0.0
536.763,0.0
536.894,0.0
537.025,0.0
537.155,0.0
537.286,0.0
537.417,0.0
537.547,0.0
537.678,0.0
537.808,0.0
537.939,0.0
538.07,0.0
538.2,0.0
538.331,0.0
538.461,0.0
538.592,0.0
538.722,0.0
538.853,0.0
538.983,0.0
539.114,0.0
539.244,0.0
539.375,0.0
539.505,0.0
539.636,0.0
539.766,0.0
539.896,0.0
540.027,0.0
540.157,0.0
540.287,0.0
540.418,0.0
540.548,0.0
540.678,0.0
540.809,0.0
540.939,0.0
541.069,0.0
541.2,0.0
541.33,0.0
541.46,0.0
541.59,0.0
541.72,0.0
541.851,0.0
541.981,0.0
542.111,0.0
542.241,0.0
542.371,0.0
542.501,0.0
542.631,0.0
542.761,2.54008805720937e-08
542.891,1.1325183483233141e-07
543.021,1.7403486902083104e-07
543.151,2.0712489930040497e-07
543.281,2.1193080001816145e-07
543.411,1.879388455130767e-07
543.542,1.659957976326891e-07
543.671,1.4553837145188118e-07
543.801,1.4426323853559758e-07
543.931,1.786030646698258e-07
544.061,2.4805764615188184e-07
544.191,3.522150718845272e-07
544.321,4.907986322566632e-07
544.451,6.635007552394589e-07
544.581,8.517765317342702e-07
544.711,1.0556042760344204e-06
544.841,1.243964350478785e-06
544.97,1.3882916685348784e-06
545.1,1.4891104962798483e-06
545.23,1.5470306206263543e-06
545.36,1.5627986714010665e-06
545.49,1.5373776634565506e-06
545.619,1.4713971344866797e-06
545.749,1.3655557863562996e-06
545.879,1.2566355541446239e-06
546.009,1.161877219060371e-06
546.138,1.0815694059621579e-06
546.268,1.016196472393181e-06
546.398,8.18548958573956e-07
546.527,5.986124970815243e-07
546.657,3.6021980067199485e-07
546.786,0.0
546.916,0.0
547.046,2.2027770861304244e-06
547.175,1.0053906653386068e-06
547.305,0.0
547.434,0.0
547.564,0.0
547.693,0.0
547.823,0.0
547.953,0.0
548.082,0.0
548.211,0.0
548.341,0.0
548.47,0.0
548.6,0.0
548.729,0.0
548.859,0.0
548.988,1.9166892394878895e-07
549.117,4.2656150658004857e-07
549.247,6.833604018598142e-07
549.376,9.545854879267948e-07
549.505,1.2326329894422272e-06
549.635,1.5099531921754614e-06
549.764,1.782177367828838e-06
549.893,2.0462587051096275e-06
550.023,2.303992863145186e-06
550.152,2.5389482005535385e-06
550.281,2.7365166855248884e-06
550.41,2.886246389108932e-06
550.539,2.977564848069319e-06
550.669,3.001578589265472e-06
550.798,2.9611725222384137e-06
550.927,2.858220812314081e-06
551.056,2.6903764507191467e-06
551.185,2.494384027690288e-06
551.314,2.3098632284201136e-06
551.443,2.1753448312147667e-06
551.573,2.178177843690278e-06
551.702,2.411715166088695e-06
551.831,2.9412496085529057e-06
551.96,3.796753070751886e-06
552.089,4.839941260246113e-06
552.218,5.9030086079895535e-06
552.347,7.103916843568065e-06
552.476,8.734084705976714e-06
552.605,1.1597207139427836e-05
552.734,1.677272093486621e-05
552.863,2.1909007929689677e-05
552.992,2.257146752320393e-05
553.121,1.9511543651306597e-05
553.249,1.648583415051328e-05
553.378,1.4220947318881738e-05
553.507,1.2196110131939185e-05
553.636,1.0638434088229457e-05
553.765,9.397495521158412e-06
553.894,8.335671796245586e-06
554.023,7.512569281945126e-06
554.151,6.818041033843696e-06
554.28,6.2697720461737605e-06
554.409,5.814610313379852e-06
554.538,5.373183787743214e-06
554.666,4.926397075196846e-06
554.795,4.455683576660176e-06
554.924,3.979062545970669e-06
555.052,3.5176877703608887e-06
555.181,3.0845768005696256e-06
555.31,2.68007206956644e-06
555.439,2.3046930699112036e-06
555.567,1.958315424045282e-06
555.696,1.6365419460598143e-06
555.824,1.3352900019198115e-06
555.953,1.046474781564664e-06
556.082,7.604391140483168e-07
556.21,4.730823770354552e-07
556.339,1.8279481973448296e-07
556.467,0.0
556.596,0.0
556.724,0.0
556.853,0.0
556.981,0.0
557.11,0.0
557.238,0.0
557.367,0.0
557.495,0.0
557.623,0.0
557.752,0.0
557.88,0.0
558.008,0.0
558.137,0.0
558.265,0.0
558.393,0.0
558.522,0.0
558.65,0.0
558.778,0.0
558.906,0.0
559.035,0.0
559.163,0.0
559.291,0.0
559.419,0.0
559.548,0.0
559.676,0.0
559.804,0.0
559.932,0.0
560.06,0.0
560.188,0.0
560.316,0.0
560.444,0.0
560.572,0.0
560.7,0.0
560.828,0.0
560.956,0.0
561.085,1.4960925321253665e-07
561.212,3.827418978278681e-07
561.34,6.288455854776674e-07
561.468,8.889496230059664e-07
561.596,1.1649187263605495e-06
561.724,1.461513442069445e-06
561.852,1.7837438691830283e-06
561.98,2.1373680193033723e-06
562.108,2.525539412728537e-06
562.236,2.9516624366451708e-06
562.364,3.4194011858289448e-06
562.492,3.93297500240136e-06
562.619,4.496547550749025e-06
562.747,5.113875130625304e-06
562.875,5.78553005749698e-06
563.003,6.511197023628375e-06
563.13,7.290628751485261e-06
563.258,8.126133160059142e-06
563.386,9.019116075481905e-06
563.514,9.969550256603427e-06
563.641,1.0980147759455101e-05
563.769,1.2036750173474829e-05
563.897,1.312402322593454e-05
564.024,1.4226029114087196e-05
564.152,1.5345128763275815e-05
564.28,1.6483928294568284e-05
564.407,1.764554903340374e-05
564.535,1.882948031809218e-05
564.662,2.0035268983533293e-05
564.79,2.1293603607725998e-05
564.917,2.265378019808237e-05
565.045,2.41692924162556e-05
565.173,2.585964178530193e-05
565.3,2.7724204847951855e-05
565.428,2.97612494726474e-05
565.555,3.1971430994126716e-05
565.682,3.4344450462048103e-05
565.81,3.6847962363171834e-05
565.937,3.941551989378139e-05
566.065,4.197315807062728e-05
566.192,4.446771451471601e-05
566.32,4.687952243546128e-05
566.447,4.918551204057198e-05
566.574,5.137484752939959e-05
566.702,5.343364975884488e-05
566.829,5.535131990597143e-05
566.956,5.714585189792744e-05
567.083,5.882685374288301e-05
567.211,6.038219971385266e-05
567.338,6.171459461725878e-05
567.465,6.276548799008421e-05
567.593,6.33436352252777e-05
567.72,6.342025800153784e-05
567.847,6.316751679525973e-05
567.974,6.238511964139523e-05
568.101,6.165185216261137e-05
568.228,6.069579270490262e-05
568.356,5.66231727176109e-05
568.483,5.004500475247439e-05
568.61,4.7363061456798926e-05
568.737,5.1189384992250876e-05
568.864,5.418695289342426e-05
568.991,4.583511669665493e-05
569.118,4.032384276450658e-05
569.245,3.5398474096363075e-05
569.372,3.0813872790667604e-05
569.499,2.7258218147851856e-05
569.626,2.4636355662576216e-05
569.753,2.2594017339900567e-05
569.88,2.1123883518781872e-05
570.007,1.993648766371925e-05
570.134,1.8921614755247116e-05
570.261,1.8039068804596187e-05
570.388,1.7151648558549648e-05
570.515,1.628253871253833e-05
570.642,1.5390195508871723e-05
570.768,1.4435495776943853e-05
570.895,1.341958886081782e-05
571.022,1.23758267789912e-05
571.149,1.1318174493298992e-05
571.276,1.0260395748702106e-05
571.402,9.226228177324192e-06
571.529,8.212269273981836e-06
571.656,7.23640473101523e-06
571.783,6.315376441480373e-06
571.909,5.462644386026609e-06
572.036,4.672781018856677e-06
572.163,3.94711423772593e-06
572.289,3.288486042090733e-06
572.416,2.698449000578947e-06
572.543,2.1791785716283444e-06
572.669,1.7252409538701366e-06
572.796,1.3309912944806332e-06
572.922,9.906089012621168e-07
573.049,7.012361019118909e-07
573.176,4.608398967229462e-07
573.302,2.641804265778175e-07
573.429,1.0504478374077121e-07
573.555,0.0
573.682,0.0
573.808,0.0
573.935,0.0
574.061,0.0
574.188,0.0
574.314,0.0
574.44,0.0
574.567,0.0
574.693,0.0
574.82,0.0
574.946,0.0
575.072,0.0
575.198,0.0
575.325,0.0
575.451,0.0
575.577,0.0
575.704,0.0
575.83,0.0
575.956,0.0
576.082,0.0
576.208,0.0
576.335,0.0
576.461,0.0
576.587,0.0
576.713,0.0
576.839,0.0
576.965,0.0
577.091,0.0
577.217,0.0
577.343,0.0
577.469,0.0
577.596,0.0
577.722,0.0
577.848,0.0
577.974,0.0
578.099,0.0
578.225,0.0
578.351,0.0
578.477,0.0
578.603,0.0
578.729,0.0
578.855,0.0
578.981,0.0
579.107,0.0
579.232,0.0
579.358,0.0
579.484,0.0
579.61,0.0
579.735,0.0
579.861,0.0
579.987,0.0
580.113,0.0
580.238,0.0
580.364,0.0
580.49,0.0
580.615,0.0
580.741,0.0
580.867,0.0
580.992,0.0
581.118,0.0
581.243,0.0
581.369,0.0
581.494,0.0
581.62,0.0
581.745,0.0
581.871,0.0
581.996,0.0
582.122,0.0
582.247,0.0
582.373,0.0
582.498,0.0
582.624,0.0
582.749,0.0
582.874,0.0
583.0,0.0
583.125,0.0
583.25,0.0
583.376,0.0
583.501,0.0
583.626,0.0
583.751,0.0
583.877,0.0
584.002,0.0
584.127,0.0
584.252,0.0
584.377,0.0
584.503,0.0
584.628,0.0
584.753,1.195503020464366e-08
584.878,8.458608608588348e-08
585.003,1.5668762678476112e-07
585.128,2.3671719550632838e-07
585.253,3.1269358843391197e-07
585.378,3.911204326929169e-07
585.503,4.860150263559534e-07
585.628,6.00620676427641e-07
585.753,7.619958981299618e-07
585.878,1.0104368334174066e-06
586.003,1.3714499717245202e-06
586.128,1.834217751525397e-06
586.253,2.4387853945682244e-06
586.378,3.1889514540198246e-06
586.503,4.088060895843587e-06
586.628,5.142525691596548e-06
586.753,6.34842182330615e-06
586.878,7.630559198223068e-06
587.003,8.966476241447023e-06
587.127,1.0444149594731005e-05
587.252,1.2107609071707175e-05
587.377,1.4135448873531492e-05
587.502,1.6600885202148558e-05
587.627,1.9581564379502003e-05
587.751,2.317523840273389e-05
587.876,2.777079884727854e-05
588.001,3.407196749407782e-05
588.125,4.241005526082912e-05
588.25,5.460007710153066e-05
588.375,7.292421939992096e-05
588.499,9.647877485258279e-05
588.624,0.00014515838739231562
588.749,0.0002488637653134372
588.873,0.0005275426080361523
588.998,0.0008039634512882532
589.122,0.0006878871183263962
589.247,0.0004086407147583067
589.372,0.0003274588424560306
589.496,0.0005099134998654171
589.621,0.0006552299350613687
589.745,0.00047461682181005514
589.87,0.00024444253643256464
589.994,0.00015240763406649643
590.118,0.00011055920889520774
590.243,8.534296531729646e-05
590.367,7.003864722484487e-05
590.492,5.902274604715366e-05
590.616,4.992205458123751e-05
590.74,4.2801213238745664e-05
590.865,3.7652079639789295e-05
590.989,3.390133653995199e-05
591.114,3.109399743755171e-05
591.238,2.896242125196401e-05
591.362,2.7321705091097204e-05
591.486,2.6001470990577967e-05
591.611,2.5032030621861414e-05
591.735,2.437205019498805e-05
591.859,2.3949152048697974e-05
591.983,2.375920282379739e-05
592.107,2.3690580831173836e-05
592.232,2.3681851549472574e-05
592.356,2.368865650549445e-05
592.48,2.3694134726563063e-05
592.604,2.3667730418727623e-05
592.728,2.3571990703040216e-05
592.852,2.3391072792580374e-05
592.976,2.3121347712887642e-05
593.1,2.279518450222804e-05
593.224,2.2435613159398602e-05
593.349,2.2049922925630938e-05
593.473,2.162360255689762e-05
593.597,2.1155465098751426e-05
593.721,2.0652362584865152e-05
593.844,2.011419936741736e-05
593.968,1.953209327289908e-05
594.092,1.8886478946450776e-05
594.216,1.816476466473186e-05
594.34,1.7368463901183252e-05
594.464,1.6507891394470976e-05
594.588,1.559602201632297e-05
594.712,1.4646303327921603e-05
594.836,1.3672412034030375e-05
594.959,1.2688727856351905e-05
595.083,1.170857223252325e-05
595.207,1.0743681377725127e-05
595.331,9.80394680370916e-06
595.455,8.899670271055996e-06
595.578,8.03250745616283e-06
595.702,7.203742809517885e-06
595.826,6.4175181503914435e-06
595.949,5.675572621486912e-06
596.073,4.984038738917393e-06
596.197,4.34557494046782e-06
596.32,3.758716006006668e-06
596.444,3.220540783982364e-06
596.568,2.728129489647295e-06
596.691,2.2783656817114234e-06
596.815,1.867474997959627e-06
596.938,1.4910118933497008e-06
597.062,1.1448960236557093e-06
597.186,8.262438752483225e-07
597.309,5.332155579585008e-07
597.433,2.640639389690052e-07
597.556,2.0276671654253653e-08
597.68,0.0
597.803,0.0
597.926,0.0
598.05,0.0
598.173,0.0
598.297,0.0
598.42,0.0
598.543,0.0
598.667,0.0
598.79,0.0
598.913,0.0
599.037,0.0
599.16,0.0
599.283,0.0
599.406,0.0
599.53,0.0
599.653,0.0
599.776,0.0
599.899,0.0
600.022,0.0
600.145,0.0
600.269,0.0
600.392,0.0
600.515,0.0
600.638,0.0
600.761,0.0
600.884,0.0
601.007,0.0
601.13,0.0
601.253,0.0
601.376,0.0
601.499,0.0
601.622,0.0
601.745,0.0
601.868,0.0
601.991,0.0
602.113,0.0
602.236,0.0
602.359,0.0
602.482,0.0
602.605,0.0
602.728,0.0
602.85,0.0
602.973,0.0
603.096,0.0
603.219,0.0
603.341,0.0
603.464,0.0
603.587,0.0
603.709,0.0
603.832,0.0
603.955,0.0
604.077,0.0
604.2,0.0
604.323,0.0
604.445,0.0
604.568,0.0
604.69,0.0
604.813,0.0
604.935,0.0
605.058,0.0
605.18,0.0
605.303,0.0
605.425,0.0
605.547,0.0
605.67,0.0
605.792,0.0
605.915,0.0
606.037,0.0
606.159,0.0
606.282,0.0
606.404,0.0
606.526,0.0
606.648,0.0
606.771,0.0
606.893,0.0
607.015,0.0
607.137,0.0
607.26,0.0
607.382,0.0
607.504,0.0
607.626,0.0
607.748,0.0
607.87,0.0
607.992,0.0
608.114,0.0
608.237,0.0
608.359,0.0
608.481,0.0
608.603,0.0
608.725,0.0
608.847,0.0
608.969,0.0
609.09,0.0
609.212,0.0
609.334,0.0
609.456,0.0
609.578,0.0
609.7,0.0
609.822,0.0
609.944,0.0
610.065,0.0
610.187,0.0
610.309,0.0
610.431,0.0
610.552,0.0
610.674,0.0
610.796,0.0
610.918,0.0
611.039,0.0
611.161,0.0
611.282,0.0
611.404,0.0
611.526,0.0
611.647,0.0
611.769,0.0
611.89,0.0
612.012,0.0
612.133,0.0
612.255,0.0
612.377,0.0
612.498,0.0
612.619,0.0
612.741,0.0
612.862,0.0
612.984,0.0
613.105,0.0
613.226,0.0
613.348,0.0
613.469,0.0
613.59,0.0
613.712,0.0
613.833,0.0
613.954,2.4615520308106457e-08
614.076,9.003930006208239e-08
614.197,1.5702804625484167e-07
614.318,2.252584714362651e-07
614.439,2.943586907439342e-07
614.56,3.6394689007703814e-07
614.682,4.3361326502578407e-07
614.803,5.02930027699953e-07
614.924,5.715168999477736e-07
615.045,6.390170273234093e-07
615.166,7.050058834966348e-07
615.287,7.69041506706877e-07
615.408,8.306381622822562e-07
615.529,8.892752642160862e-07
615.65,9.444924940697591e-07
615.771,9.958283947930028e-07
615.892,1.0427990835953512e-06
616.013,1.0849357999153327e-06
616.134,1.1218592854224077e-06
616.255,1.1533473491753553e-06
616.376,1.1793145058798736e-06
616.497,1.1997658111725024e-06
616.618,1.2146892536467265e-06
616.739,1.22409421071541e-06
616.86,1.2280582743307814e-06
616.981,1.2267020856903017e-06
617.102,1.2201969666106724e-06
617.222,1.2086869387233592e-06
617.343,1.192283524436643e-06
617.464,1.1711156517173537e-06
617.585,1.145352545297836e-06
617.705,1.1151832006030508e-06
617.826,1.080842997943955e-06
617.947,1.042596511016434e-06
618.068,1.0006621118464173e-06
618.188,9.553161007017909e-07
618.309,9.068818659419138e-07
618.43,8.556439584409133e-07
618.55,8.019360728793572e-07
618.671,7.460976440625041e-07
618.791,6.883848073308432e-07
618.912,6.290782875669333e-07
619.033,5.685429664109482e-07
619.153,5.071603837393575e-07
619.274,4.4535855973876697e-07
619.394,3.8361376033184947e-07
619.515,3.2235261469749296e-07
619.635,2.620452413708434e-07
619.756,2.0321257116377227e-07
619.876,1.4631985102621023e-07
619.996,9.173863292432824e-08
620.117,3.966092259566239e-08
620.237,0.0
620.358,0.0
620.478,0.0
620.598,0.0
620.719,0.0
620.839,0.0
620.959,0.0
621.079,0.0
621.2,0.0
621.32,0.0
621.44,0.0
621.56,0.0
621.681,0.0
621.801,0.0
621.921,0.0
622.041,0.0
622.161,0.0
622.281,0.0
622.401,0.0
622.521,0.0
622.641,0.0
622.761,0.0
622.882,0.0
623.002,0.0
623.121,0.0
623.241,0.0
623.361,0.0
623.481,0.0
623.601,0.0
623.721,0.0
623.841,0.0
623.961,0.0
624.081,0.0
624.201,0.0
624.32,0.0
624.44,0.0
624.56,0.0
624.68,0.0
624.799,0.0
624.919,0.0
625.039,0.0
625.159,0.0
625.278,0.0
625.398,0.0
625.518,0.0
625.637,0.0
625.757,0.0
625.876,0.0
625.996,0.0
626.115,0.0
626.235,0.0
626.354,0.0
626.474,0.0
626.594,0.0
626.713,0.0
626.832,0.0
626.952,0.0
627.071,0.0
627.191,0.0
627.31,0.0
627.429,0.0
627.549,0.0
627.668,0.0
627.787,0.0
627.907,0.0
628.026,0.0
628.145,0.0
628.264,0.0
628.384,0.0
628.503,0.0
628.622,0.0
628.741,0.0
628.86,0.0
628.98,0.0
629.099,0.0
629.218,0.0
629.337,0.0
629.456,0.0
629.575,0.0
629.694,0.0
629.813,0.0
629.932,0.0
630.051,0.0
630.17,0.0
630.289,0.0
630.408,0.0
630.527,0.0
630.646,0.0
630.764,0.0
630.883,0.0
631.002,0.0
631.121,0.0
631.24,0.0
631.359,0.0
631.477,0.0
631.596,0.0
631.715,0.0
631.834,0.0
631.952,0.0
632.071,0.0
632.19,0.0
632.308,0.0
632.427,0.0
632.546,0.0
632.664,0.0
632.783,0.0
632.901,0.0
633.02,0.0
633.138,0.0
633.257,0.0
633.375,0.0
633.494,0.0
633.612,0.0
633.731,0.0
633.849,0.0
633.968,0.0
634.086,0.0
634.204,0.0
634.323,0.0
634.441,0.0
634.559,0.0
634.678,0.0
634.796,0.0
634.914,0.0
635.032,0.0
635.151,0.0
635.269,0.0
635.387,0.0
635.505,0.0
635.623,0.0
635.742,0.0
635.86,0.0
635.978,0.0
636.096,0.0
636.214,0.0
636.332,0.0
636.45,0.0
636.568,0.0
636.686,0.0
636.804,0.0
636.922,0.0
637.04,0.0
637.158,0.0
637.276,0.0
637.394,0.0
637.512,0.0
637.629,0.0
637.747,0.0
637.865,0.0
637.983,0.0
638.101,0.0
638.218,0.0
638.336,0.0
638.454,0.0
638.572,0.0
638.689,0.0
638.807,0.0
638.925,0.0
639.042,0.0
639.16,0.0
639.278,0.0
639.395,0.0
639.513,0.0
639.63,0.0
639.748,0.0
639.865,0.0
639.983,0.0
640.1,0.0
640.218,0.0
640.335,0.0
640.453,0.0
640.57,0.0
640.688,0.0
640.805,0.0
640.922,0.0
641.04,0.0
641.157,0.0
641.274,0.0
641.391,0.0
641.509,0.0
641.626,0.0
641.743,0.0
641.86,0.0
641.978,0.0
642.095,0.0
642.212,0.0
642.329,0.0
642.446,0.0
642.563,0.0
642.681,0.0
642.798,0.0
642.915,0.0
643.032,0.0
643.149,0.0
643.266,0.0
643.383,0.0
643.5,0.0
643.617,0.0
643.734,0.0
643.85,0.0
643.967,0.0
644.084,0.0
644.201,0.0
644.318,0.0
644.435,0.0
644.552,0.0
644.668,0.0
644.785,0.0
644.902,0.0
645.019,0.0
645.135,0.0
645.252,0.0
645.369,0.0
645.485,0.0
645.602,0.0
645.719,0.0
645.835,0.0
645.952,0.0
646.068,0.0
646.185,0.0
646.302,0.0
646.418,0.0
646.535,0.0
646.651,0.0
646.768,0.0
646.884,0.0
647.0,0.0
647.117,0.0
647.233,0.0
647.35,0.0
647.466,0.0
647.582,0.0
647.699,0.0
647.815,0.0
647.931,0.0
648.047,0.0
648.164,0.0
648.28,0.0
648.396,0.0
648.512,0.0
648.629,0.0
648.745,0.0
648.861,0.0
648.977,0.0
649.093,0.0
649.209,0.0
649.325,0.0
649.441,0.0
649.557,0.0
649.673,0.0
649.789,0.0
649.905,0.0
650.021,0.0
650.137,0.0
650.253,0.0
650.369,0.0
650.485,0.0
650.601,6.401384779165704e-08
650.717,2.754789705489097e-07
650.833,5.091896061694513e-07
650.948,7.666889332366496e-07
651.064,1.0504461002956588e-06
651.18,1.3631236454666807e-06
651.296,1.7078994797029508e-06
651.411,2.088188979607263e-06
651.527,2.5072066090884743e-06
651.643,2.9680217358551077e-06
651.759,3.473119929281573e-06
651.874,4.027304392363515e-06
651.99,4.636478773635899e-06
652.105,5.307220836168602e-06
652.221,6.045999316678869e-06
652.337,6.85961594043474e-06
652.452,7.75537796839759e-06
652.568,8.739220100327567e-06
652.683,9.825594238957576e-06
652.799,1.1028888017929754e-05
652.914,1.2364962493403308e-05
653.03,1.3851705864622068e-05
653.145,1.5510164726068552e-05
653.261,1.7364090353445417e-05
653.376,1.9439496077579082e-05
653.492,2.176888821229554e-05
653.607,2.438925599347823e-05
653.722,2.7325761205095308e-05
653.838,3.059487417044316e-05
653.953,3.4202075797814804e-05
654.068,3.814034025522298e-05
654.184,4.238573620727177e-05
654.299,4.692837529476951e-05
654.414,5.174686221598388e-05
654.53,5.680305335559871e-05
654.645,6.208177973187706e-05
654.76,6.757964006063336e-05
654.875,7.332776387872735e-05
654.99,7.939262210055498e-05
655.106,8.592846120886343e-05
655.221,9.296882919233701e-05
655.336,0.00010062212272895153
655.451,0.00010894558767915238
655.566,0.00011796047895893866
655.681,0.00012790917155029944
655.796,0.0001389355538338883
655.911,0.00015113382842990293
656.026,0.00016456888824800914
656.141,0.00017895071732418807
656.256,0.00019091653045459161
656.371,0.00019554921901864455
656.486,0.00019226299569849467
656.601,0.00018476050051349427
656.716,0.00017677291099078675
656.831,0.00016896805833734076
656.946,0.0001609080720410619
657.06,0.00015296910971390355
657.175,0.0001451999821817335
657.29,0.00013771618499795396
657.405,0.00013070174597457472
657.52,0.00012414554045995515
657.634,0.00011804948355373658
657.749,0.0001123288962996754
657.864,0.00010693797434246132
657.979,0.00010183305817463395
658.093,9.69886497426412e-05
658.208,9.238573793801236e-05
658.323,8.799868734171074e-05
658.437,8.380590015573497e-05
658.552,7.979758649853002e-05
658.666,7.597386358115759e-05
658.781,7.230582120445376e-05
658.895,6.877779349516871e-05
659.01,6.536849753218813e-05
659.125,6.20571383927734e-05
659.239,5.882691535293664e-05
659.353,5.5659762280674946e-05
659.468,5.253404967057308e-05
659.582,4.9435132268609555e-05
659.697,4.635454225702106e-05
659.811,4.329119412606832e-05
659.926,4.025223305816669e-05
660.04,3.725273280714875e-05
660.154,3.431551121100952e-05
660.269,3.146894794893133e-05
660.383,2.8744890785631416e-05
660.497,2.6173466662775566e-05
660.612,2.378909295724439e-05
660.726,2.1611320380640102e-05
660.84,1.964815613284426e-05
660.954,1.7895609848790097e-05
661.068,1.6339605190560054e-05
661.183,1.496011486089696e-05
661.297,1.3735080607014397e-05
661.411,1.2641058489201382e-05
661.525,1.1655766158591837e-05
661.639,1.0759241566849367e-05
661.753,9.93467904079778e-06
661.867,9.168550539064863e-06
661.981,8.450582927676409e-06
662.095,7.773769185579317e-06
662.209,7.132868360629581e-06
662.323,6.524565157871365e-06
662.437,5.944171059066447e-06
662.551,5.3888834786269905e-06
662.665,4.85706629980124e-06
662.779,4.3478637751630495e-06
662.893,3.8608241747966465e-06
663.007,3.3956892779873888e-06
663.121,2.9521795610899585e-06
663.235,2.530163263275662e-06
663.349,2.1296374739418818e-06
663.462,1.7506500495966024e-06
663.576,1.3932446892613229e-06
663.69,1.0574010594035114e-06
663.804,7.429801114521842e-07
663.917,4.496609883516418e-07
664.031,1.7684929811213239e-07
664.145,0.0
664.258,0.0
664.372,0.0
664.486,0.0
664.599,0.0
664.713,0.0
664.827,0.0
664.94,0.0
665.054,0.0
665.167,0.0
665.281,0.0
665.394,0.0
665.508,0.0
665.621,0.0
665.735,0.0
665.848,0.0
665.961,0.0
666.075,0.0
666.188,0.0
666.301,0.0
666.415,0.0
666.528,0.0
666.641,0.0
666.755,0.0
666.868,0.0
666.981,0.0
667.094,0.0
667.207,0.0
667.321,0.0
667.434,0.0
667.547,0.0
667.66,0.0
667.773,0.0
667.886,0.0
667.999,0.0
668.112,0.0
668.225,0.0
668.338,0.0
668.451,0.0
668.564,0.0
668.677,0.0
668.79,0.0
668.903,0.0
669.016,0.0
669.129,0.0
669.242,0.0
669.354,0.0
669.467,0.0
669.58,0.0
669.693,0.0
669.806,0.0
669.918,0.0
670.031,0.0
670.144,0.0
670.256,0.0
670.369,0.0
670.482,0.0
670.594,0.0
670.707,0.0
670.82,0.0
670.932,0.0
671.045,0.0
671.157,0.0
671.27,0.0
671.382,0.0
671.495,0.0
671.607,0.0
671.72,0.0
671.832,0.0
671.944,0.0
672.057,0.0
672.169,0.0
672.281,0.0
672.394,0.0
672.506,0.0
672.618,0.0
672.731,0.0
672.843,0.0
672.955,0.0
673.067,0.0
673.18,0.0
673.292,0.0
673.404,0.0
673.516,0.0
673.628,0.0
673.74,0.0
673.852,0.0
673.964,0.0
674.076,0.0
674.188,0.0
674.3,0.0
674.412,0.0
674.524,0.0
674.636,0.0
674.748,0.0
674.86,0.0
674.972,0.0
675.084,0.0
675.196,0.0
675.307,0.0
675.419,0.0
675.531,0.0
675.643,0.0
675.755,0.0
675.866,0.0
675.978,0.0
676.09,0.0
676.201,0.0
676.313,0.0
676.425,0.0
676.536,0.0
676.648,0.0
676.759,0.0
676.871,0.0
676.983,0.0
677.094,0.0
677.206,0.0
677.317,0.0
677.429,0.0
677.54,0.0
677.651,0.0
677.763,0.0
677.874,0.0
677.986,0.0
678.097,0.0
678.208,0.0
678.32,0.0
678.431,0.0
678.542,0.0
678.653,0.0
678.765,0.0
678.876,0.0
678.987,0.0
679.098,0.0
679.209,0.0
679.32,0.0
679.432,0.0
679.543,0.0
679.654,0.0
679.765,0.0
679.876,0.0
679.987,0.0
680.098,0.0
680.209,0.0
680.32,0.0
680.431,0.0
680.542,0.0
680.653,0.0
680.763,0.0
680.874,0.0
680.985,0.0
681.096,0.0
681.207,0.0
681.318,0.0
681.428,0.0
681.539,0.0
681.65,0.0
681.76,0.0
681.871,0.0
681.982,0.0
682.093,0.0
682.203,0.0
682.314,0.0
682.424,0.0
682.535,0.0
682.646,0.0
682.756,0.0
682.867,0.0
682.977,0.0
683.088,0.0
683.198,0.0
683.308,0.0
683.419,0.0
683.529,0.0
683.64,0.0
683.75,0.0
683.86,0.0
683.971,0.0
684.081,0.0
684.191,0.0
684.301,0.0
684.412,0.0
684.522,0.0
684.632,0.0
684.742,0.0
684.852,0.0
684.963,0.0
685.073,0.0
685.183,0.0
685.293,0.0
685.403,0.0
685.513,0.0
685.623,0.0
685.733,0.0
685.843,0.0
685.953,0.0
686.063,0.0
686.173,0.0
686.283,0.0
686.393,0.0
686.503,0.0
686.612,0.0
686.722,0.0
686.832,0.0
686.942,0.0
687.052,0.0
687.161,0.0
687.271,0.0
687.381,0.0
687.491,0.0
687.6,0.0
687.71,0.0
687.82,0.0
687.929,0.0
688.039,0.0
688.148,0.0
688.258,0.0
688.367,0.0
688.477,0.0
688.586,0.0
688.696,0.0
688.805,0.0
688.915,0.0
689.024,0.0
689.134,0.0
689.243,0.0
689.352,0.0
689.462,0.0
689.571,0.0
689.68,0.0
689.79,0.0
689.899,0.0
690.008,0.0
690.117,0.0
690.227,0.0
690.336,0.0
690.445,0.0
690.554,0.0
690.663,0.0
690.772,0.0
690.881,0.0
690.99,0.0
691.099,0.0
691.209,0.0
691.318,0.0
691.427,0.0
691.536,0.0
691.644,0.0
691.753,0.0
691.862,0.0
691.971,0.0
692.08,0.0
692.189,0.0
692.298,0.0
692.406,0.0
692.515,0.0
692.624,0.0
692.733,0.0
692.842,0.0
692.95,0.0
693.059,0.0
693.168,0.0
693.276,0.0
693.385,0.0
693.494,0.0
693.602,0.0
693.711,0.0
693.819,0.0
693.928,0.0
694.036,0.0
694.145,0.0
694.253,0.0
694.362,0.0
694.47,0.0
694.579,0.0
694.687,2.0227559642569592e-09
694.795,1.4035091425907107e-08
694.693,0.0
694.893,0.0
695.093,0.0
695.293,0.0
695.492,0.0
695.692,0.0
695.891,0.0
696.091,0.0
696.291,0.0
696.49,0.0
696.69,0.0
696.889,9.551892768336494e-08
697.089,2.9429767358788344e-07
697.288,5.03489727231407e-07
697.488,7.203963391167644e-07
697.687,8.374902282939705e-07
697.887,8.434464806556472e-07
698.086,7.620080506792044e-07
698.286,6.159601508305907e-07
698.485,4.83363338423346e-07
698.684,3.8170654359379117e-07
698.884,3.1281885622957525e-07
699.083,2.927072777901118e-07
699.282,3.355727319650291e-07
699.482,4.328034525902631e-07
699.681,5.688086293395016e-07
699.88,7.278330322739415e-07
700.08,8.930689939786795e-07
700.279,1.059542267677965e-06
700.478,1.228966843455495e-06
700.677,1.3823419614575284e-06
700.877,1.5093333657199146e-06
701.076,1.6068970801449163e-06
701.275,1.6801879553670855e-06
701.474,1.7263779873402148e-06
701.673,1.7420036846568324e-06
701.872,1.7249379573051317e-06
702.071,1.6681037543596727e-06
702.271,1.5768160815112554e-06
702.47,1.449438897457644e-06
702.669,1.287843064353858e-06
702.868,1.1024253621942879e-06
703.067,8.989266203473714e-07
703.266,6.778892383833174e-07
703.465,4.3585970550282605e-07
703.664,1.6962892382552241e-07
703.863,0.0
704.062,0.0
704.26,0.0
704.459,0.0
704.658,0.0
704.857,0.0
705.056,0.0
705.255,0.0
705.454,0.0
705.652,0.0
705.851,0.0
706.05,0.0
706.249,0.0
706.447,0.0
706.646,0.0
706.845,0.0
707.043,0.0
707.242,0.0
707.441,0.0
707.639,0.0
707.838,0.0
708.037,0.0
708.235,0.0
708.434,0.0
708.632,0.0
708.831,0.0
709.029,0.0
709.228,0.0
709.426,0.0
709.625,0.0
709.823,0.0
710.022,0.0
710.22,0.0
710.418,0.0
710.617,0.0
710.815,0.0
711.013,0.0
711.212,0.0
711.41,0.0
711.608,0.0
711.807,2.973690953314049e-08
712.005,1.6211743723420082e-07
712.203,2.9102338365678443e-07
712.401,4.199031141811895e-07
712.599,5.490965239220498e-07
712.798,6.749659067941241e-07
712.996,7.961719762951127e-07
713.194,8.943371837626622e-07
713.392,9.42029868429963e-07
713.59,9.155997418025767e-07
713.788,8.34113125682367e-07
713.986,7.190470840228679e-07
714.184,6.131100058354606e-07
714.382,5.556347240002247e-07
714.58,5.462701664431511e-07
714.778,6.860434061294007e-07
714.976,1.1333615733403652e-06
715.174,2.0266692375099758e-06
715.372,3.331889641381369e-06
715.57,4.814884685140696e-06
715.768,6.023739664052011e-06
715.966,6.560166921723837e-06
716.164,6.42341717471613e-06
716.362,5.714693082190529e-06
716.56,4.798445635933026e-06
716.758,4.032858206883747e-06
716.955,3.4373714827117033e-06
717.153,3.0701809229141026e-06
717.351,2.867982592731175e-06
717.549,2.7214293640474767e-06
717.746,2.6311165459297676e-06
717.944,2.5807137252398715e-06
718.142,2.5443220481192875e-06
718.34,2.499386963493498e-06
718.537,2.4466233857874315e-06
718.735,2.3661021258898162e-06
718.933,2.2588170043814004e-06
719.13,2.1469940153994408e-06
719.328,2.0315681852405966e-06
719.525,1.9155582502481462e-06
719.723,1.8030469811952464e-06
719.92,1.697651187264436e-06
720.118,1.5969899616275392e-06
720.316,1.4982305630899247e-06
720.513,1.3959805477870953e-06
720.711,1.285481989875889e-06
720.908,1.167602939556616e-06
721.105,1.04324272108006e-06
721.303,9.133769821723665e-07
721.5,7.790376561184105e-07
721.698,6.412799695175935e-07
721.895,5.046024013274404e-07
722.092,3.7332009078661405e-07
722.29,2.4831776806320543e-07
722.487,1.3033316702899429e-07
722.684,1.9916755092128508e-08
722.882,0.0
723.079,0.0
723.276,0.0
723.473,0.0
723.671,0.0
723.868,0.0
724.065,0.0
724.262,0.0
724.459,0.0
724.656,0.0
724.854,0.0
725.051,0.0
725.248,0.0
725.445,0.0
725.642,0.0
725.839,0.0
726.036,0.0
726.233,0.0
726.43,0.0
726.627,0.0
726.824,0.0
727.021,0.0
727.218,0.0
727.414,0.0
727.611,0.0
727.808,0.0
728.005,0.0
728.202,0.0
728.399,0.0
728.595,0.0
728.792,0.0
728.989,0.0
729.186,0.0
729.382,0.0
729.579,0.0
729.776,8.582511466436873e-09
729.972,1.6283256703305578e-08
730.169,1.7250152873568813e-08
730.366,1.1269372041479486e-08
730.562,0.0
730.759,0.0
730.955,0.0
731.152,0.0
731.348,0.0
731.545,0.0
731.741,0.0
731.938,0.0
732.134,0.0
732.331,0.0
732.527,0.0
732.724,0.0
732.92,0.0
733.116,0.0
733.313,0.0
733.509,0.0
733.705,0.0
733.902,0.0
734.098,0.0
734.294,0.0
734.49,0.0
734.687,0.0
734.883,0.0
735.079,0.0
735.275,0.0
735.471,0.0
735.667,0.0
735.863,0.0
736.06,0.0
736.256,0.0
736.452,0.0
736.648,0.0
736.844,0.0
737.04,0.0
737.236,0.0
737.432,0.0
737.628,0.0
737.824,0.0
738.019,0.0
738.215,0.0
738.411,0.0
738.607,0.0
738.803,6.324156113493735e-08
738.999,5.697373643152072e-07
739.195,1.1139118825439332e-06
739.39,1.7064647085144046e-06
739.586,2.332182943469283e-06
739.782,2.9562808274257154e-06
739.978,3.529659373077136e-06
740.173,3.999867369424589e-06
740.369,4.356208704441219e-06
740.565,4.70095558972761e-06
740.76,5.010711365344146e-06
740.956,5.30735669845469e-06
741.152,5.659479987319306e-06
741.347,5.949901737981846e-06
741.543,6.575345647220118e-06
741.738,7.727659852962376e-06
741.934,9.609089061755611e-06
742.129,1.399969331710314e-05
742.325,2.1500767777807603e-05
742.52,2.9707817940632883e-05
742.716,2.474708849496111e-05
742.911,2.194401110169955e-05
743.107,2.0071482833583748e-05
743.302,1.8712597447170675e-05
743.498,1.8412901036564773e-05
743.693,1.9516665182156922e-05
743.888,2.4050856459810108e-05
744.084,3.590302106887642e-05
744.279,5.7736903159995065e-05
744.474,5.7456403428310296e-05
744.67,4.657410410219768e-05
744.865,3.863677250137755e-05
745.06,3.324110847858053e-05
745.255,2.913616578795766e-05
745.451,2.6282279342733247e-05
745.646,2.4670546775467807e-05
745.841,2.3781866746719476e-05
746.036,2.3628615433235804e-05
746.231,2.5391445558503715e-05
746.426,3.1523178205640704e-05
746.622,4.371000476923465e-05
746.817,7.852286292395971e-05
747.012,9.788507023858306e-05
747.207,8.05259236962871e-05
747.402,6.669873598071629e-05
747.597,5.704765710900296e-05
747.792,5.038781649066513e-05
747.987,4.501463410632781e-05
748.182,4.051045882962504e-05
748.377,3.667991686247536e-05
748.572,3.3198111428625864e-05
748.767,3.011168692797729e-05
748.961,2.7475594526898026e-05
749.156,2.5196020790164665e-05
749.351,2.324066674650873e-05
749.546,2.1511354614312125e-05
749.741,1.9930208231305294e-05
749.936,1.8501620872567346e-05
750.13,1.7220905911765692e-05
750.325,1.607043755478999e-05
750.52,1.5004298244186684e-05
750.715,1.4003068481920556e-05
750.909,1.3034005390776405e-05
751.104,1.208382347107564e-05
751.299,1.1151037465710141e-05
751.493,1.0227598243335094e-05
751.688,9.306759872629839e-06
751.882,8.386006443284155e-06
752.077,7.471423100852625e-06
752.272,6.561785764045585e-06
752.466,5.665816025613861e-06
752.661,4.7940690588811774e-06
752.855,3.9547401020461426e-06
753.05,3.158239148977524e-06
753.244,2.4164732597286403e-06
753.439,1.7389725568397912e-06
753.633,1.133922078133772e-06
753.828,6.01954279963464e-07
754.022,1.411206089374496e-07
754.216,0.0
754.411,0.0
754.605,0.0
754.799,0.0
754.994,0.0
755.188,0.0
755.382,0.0
755.576,0.0
755.771,0.0
755.965,0.0
756.159,0.0
756.353,0.0
756.547,0.0
756.742,0.0
756.936,0.0
757.13,0.0
757.324,0.0
757.518,0.0
757.712,0.0
757.906,0.0
758.1,0.0
758.294,0.0
758.488,0.0
758.682,0.0
758.876,0.0
759.07,0.0
759.264,3.529748509829516e-09
759.458,0.0
759.651,0.0
759.845,0.0
760.039,0.0
760.233,0.0
760.427,0.0
760.62,0.0
760.814,0.0
761.008,0.0
761.202,0.0
761.395,1.233416446590758e-07
761.589,4.53460183848038e-07
761.783,7.766520486233308e-07
761.976,1.0684532490291436e-06
762.17,1.3348568631401186e-06
762.363,1.578647769790066e-06
762.557,1.7946778263207718e-06
762.75,1.9721652267946048e-06
762.944,2.1051185240389303e-06
763.138,2.159817170400815e-06
763.331,2.1239468473180608e-06
763.524,2.0288334721617996e-06
763.718,1.8341147652277e-06
763.911,1.496564552566796e-06
764.105,9.914435976767027e-07
764.298,2.9825972532343835e-07
764.492,0.0
764.685,0.0
764.878,0.0
765.072,0.0
765.265,0.0
765.458,0.0
765.651,0.0
765.845,0.0
766.038,0.0
766.231,1.0699328614338478e-05
766.424,6.231374279068821e-05
766.617,6.81260955632034e-05
766.811,5.826931997016543e-06
767.004,0.0
767.197,0.0
767.39,0.0
767.583,0.0
767.776,0.0
767.969,0.0
768.162,0.0
768.355,0.0
768.548,0.0
768.741,0.0
768.934,0.0
769.127,0.0
769.32,1.3574235739032384e-07
769.513,2.374633637156683e-06
769.706,1.687387031325932e-05
769.898,6.357410032457689e-05
770.091,3.0020718004240933e-05
770.284,5.790199210067761e-06
770.477,4.112381887999284e-06
770.67,3.441632752394611e-06
770.862,3.72037709922095e-06
771.055,4.918991512947532e-06
771.248,6.0881059285661015e-06
771.441,6.691666125727544e-06
771.633,7.223169995377514e-06
771.826,7.815127792285682e-06
772.018,8.468800625675751e-06
772.211,9.19689708236941e-06
772.404,9.932563472226051e-06
772.596,1.066620003610273e-05
772.789,1.1410772605316772e-05
772.981,1.2242544972886026e-05
773.174,1.3225446942533518e-05
773.366,1.4382290717731615e-05
773.559,1.5753433096244977e-05
773.751,1.7378900449672774e-05
773.944,1.9301119686408215e-05
774.136,2.16171524179637e-05
774.329,2.4433117579396646e-05
774.521,2.775666911419432e-05
774.713,3.1594806529416796e-05
774.906,3.587178706137938e-05
775.098,4.04448018590669e-05
775.29,4.5536360925810315e-05
775.483,5.147306336404904e-05
775.675,5.892648951787052e-05
775.867,6.873682124832426e-05
776.059,8.127562769854438e-05
776.251,9.833059205420714e-05
776.444,0.00012250164812258602
776.636,0.00015402406212922725
776.828,0.00021366840145198646
777.02,0.0003327455153127972
777.212,0.0005295251653763513
777.404,0.0006042424108308328
777.596,0.0005542118180726442
777.788,0.000394718110028009
777.98,0.00028424694370375624
778.172,0.0002203284042312237
778.364,0.0001755106290698092
778.556,0.00014807570371488463
778.748,0.00012400556544503279
778.94,0.0001046482588813094
779.132,8.949213716064775e-05
779.324,7.715099530146221e-05
779.516,6.705976974017158e-05
779.708,5.869126083695164e-05
779.9,5.157262986553763e-05
780.091,4.543686112870396e-05
780.283,4.0008492297217125e-05
780.475,3.52446742395995e-05
780.667,3.107947516255188e-05
780.859,2.7446014654252388e-05
781.05,2.4311683213971114e-05
781.242,2.156523637576616e-05
781.434,1.911377190400125e-05
781.625,1.6888147663413288e-05
781.817,1.484861925834285e-05
782.008,1.2969610949468364e-05
782.2,1.1232648671150606e-05
782.392,9.61725208396564e-06
782.583,8.112259537020203e-06
782.775,6.7121024941945385e-06
782.966,5.437254638206847e-06
783.158,4.2999269732245734e-06
783.349,3.3008901817331514e-06
783.541,2.4350471250563283e-06
783.732,1.6951982287951588e-06
783.924,1.0814588816465353e-06
784.115,5.789733298351758e-07
784.306,1.7628848441676176e-07
784.498,0.0
784.689,0.0
784.88,0.0
785.072,0.0
785.263,0.0
785.454,0.0
785.645,0.0
785.837,0.0
786.028,0.0
786.219,0.0
786.41,0.0
786.601,0.0
786.792,0.0
786.984,0.0
787.175,0.0
787.366,0.0
787.557,0.0
787.748,0.0
787.939,0.0
788.13,0.0
788.321,0.0
788.512,0.0
788.703,0.0
788.894,0.0
789.084,0.0
789.275,0.0
789.466,4.1375787986582475e-07
789.657,9.033300898915617e-07
789.848,1.416937478172302e-06
790.039,1.937728228280895e-06
790.229,2.447685120894277e-06
790.42,2.9322189264380803e-06
790.611,3.3864958192133196e-06
790.801,3.799649755595393e-06
790.992,4.164451976112984e-06
791.183,4.485449856227787e-06
791.373,4.780382110606446e-06
791.564,5.071317309287921e-06
791.755,5.373968759973272e-06
791.945,5.697444329605027e-06
792.136,6.048522382093591e-06
792.326,6.4345140552603125e-06
792.517,6.867112768923354e-06
792.707,7.4011859758360774e-06
792.898,8.04039178240566e-06
793.088,8.80828804321071e-06
793.279,9.702853952571946e-06
793.469,1.0766749049606744e-05
793.66,1.2094740580258066e-05
793.85,1.3992689712957107e-05
794.04,1.7634751950884826e-05
794.231,2.366222149227735e-05
794.421,2.9829575777121367e-05
794.611,4.210733575569756e-05
794.802,5.520803391245018e-05
794.992,6.395433580646162e-05
795.182,6.509006861340916e-05
795.372,5.883523134149487e-05
795.563,4.880542475727486e-05
795.753,3.9437976886810724e-05
795.943,3.2472209480659094e-05
796.133,2.739609104081428e-05
796.323,2.3723765796872905e-05
796.513,2.1032523978678024e-05
796.703,1.893964693832326e-05
796.893,1.722702444490054e-05
797.083,1.5671118101907438e-05
797.273,1.4242378450079133e-05
797.463,1.2913247590802979e-05
797.653,1.1670174642185625e-05
797.843,1.0526557312874661e-05
798.033,9.457693703391242e-06
798.223,8.453530037567922e-06
798.413,7.497763303303019e-06
798.603,6.611329404223976e-06
798.793,5.777446283435325e-06
798.983,4.9838195590664344e-06
799.172,4.217219445462327e-06
799.362,3.464326058426892e-06
799.552,2.724055784960321e-06
799.742,1.99568958074439e-06
799.932,1.279205972223748e-06
800.121,5.694577812431507e-07
800.311,0.0
800.501,0.0
800.69,0.0
800.88,0.0
801.07,0.0
801.259,0.0
801.449,0.0
801.638,0.0
801.828,0.0
802.017,0.0
802.207,0.0
802.396,0.0
802.586,0.0
802.775,0.0
802.965,0.0
803.154,0.0
803.343,0.0
803.533,0.0
803.722,0.0
803.911,0.0
804.101,0.0
804.29,0.0
804.479,0.0
804.668,0.0
804.857,0.0
805.047,0.0
805.236,0.0
805.425,0.0
805.614,0.0
805.803,0.0
805.992,0.0
806.181,0.0
806.37,0.0
806.559,0.0
806.748,0.0
806.937,0.0
807.126,0.0
807.315,0.0
807.504,0.0
807.693,0.0
807.882,0.0
808.071,0.0
808.26,0.0
808.448,0.0
808.637,0.0
808.826,0.0
809.015,0.0
809.203,0.0
809.392,0.0
809.581,0.0
809.77,0.0
809.958,0.0
810.147,0.0
810.335,0.0
810.524,0.0
810.713,0.0
810.901,0.0
811.09,0.0
811.278,0.0
811.467,0.0
811.655,0.0
811.844,0.0
812.032,0.0
812.22,0.0
812.409,0.0
812.597,0.0
812.785,0.0
812.974,0.0
813.162,0.0
813.35,0.0
813.539,0.0
813.727,0.0
813.915,0.0
814.103,0.0
814.291,2.471734556862434e-07
814.479,5.957790829412344e-07
814.668,9.495636556992175e-07
814.856,1.3110129161077679e-06
815.044,1.6698170152351756e-06
815.232,2.0366528720159446e-06
815.42,2.448776782280344e-06
815.608,2.9462073813682144e-06
815.796,3.4968479978578962e-06
815.984,4.121608853676216e-06
816.172,4.794576967458848e-06
816.36,5.576391768355714e-06
816.548,6.547112605268836e-06
816.736,7.723742213033055e-06
816.924,9.246623222431392e-06
817.111,1.0944269449346282e-05
817.299,1.2959971241820002e-05
817.487,1.610202802468056e-05
817.675,2.0451198175398744e-05
817.863,2.539853499330647e-05
818.05,4.2274686413037055e-05
818.238,9.710225200083548e-05
818.426,0.00015852809942510206
818.613,0.00011720897374954144
818.801,0.00010878040423596538
818.989,0.00010298175202827332
819.176,9.594581828065267e-05
819.364,0.00013657250159892774
819.552,0.00022039526289277455
819.739,0.00012505229888332863
819.927,8.229342211755882e-05
820.114,7.094756803806415e-05
820.302,6.332685464744251e-05
820.489,5.861840416690911e-05
820.677,5.7485985959800047e-05
820.864,6.198266927468024e-05
821.052,7.192192360759293e-05
821.239,8.4636091078175e-05
821.426,9.899246985083863e-05
821.614,0.00014299296875503484
821.801,0.00016645230333124896
821.988,0.00013779515786632905
822.176,0.00012934468130085169
822.363,0.0001371795568459692
822.55,0.0001242351876092116
822.737,0.00010328381846823123
822.924,9.064403065323091e-05
823.112,8.205254025547324e-05
823.299,7.478039461287948e-05
823.486,6.807141923089579e-05
823.673,6.209089008451247e-05
823.86,5.895731127311395e-05
824.047,6.22504090544228e-05
824.234,7.422606506275869e-05
824.421,8.199503676061128e-05
824.608,6.387269604476578e-05
824.795,5.260831755328994e-05
824.982,4.538270140797691e-05
825.169,4.028946089244772e-05
825.356,3.6195788209063246e-05
825.543,3.259657334160012e-05
825.73,2.9473672495095313e-05
825.917,2.6697787863166108e-05
826.104,2.4266041319529058e-05
826.29,2.21743754354508e-05
826.477,2.0312296450214747e-05
826.664,1.8623678448885103e-05
826.851,1.7042941891886694e-05
827.038,1.552550930121437e-05
827.224,1.407543641885274e-05
827.411,1.2690496559417507e-05
827.598,1.1373227227962098e-05
827.784,1.0133451842235017e-05
827.971,8.951273745190994e-06
828.157,7.816210056266451e-06
828.344,6.730720997731109e-06
828.531,5.709111183051917e-06
828.717,4.756005472980995e-06
828.904,3.87539162832035e-06
829.09,3.070064172452307e-06
829.277,2.332602860986814e-06
829.463,1.6622968599117038e-06
829.65,1.0589256234952371e-06
829.836,5.234670592839327e-07
830.022,5.686642047860882e-08
830.209,0.0
830.395,0.0
830.581,0.0
830.768,0.0
830.954,0.0
831.14,0.0
831.327,0.0
831.513,0.0
831.699,0.0
831.885,0.0
832.071,0.0
832.257,0.0
832.444,0.0
832.63,0.0
832.816,0.0
833.002,0.0
833.188,0.0
833.374,0.0
833.56,0.0
833.746,0.0
833.932,0.0
834.118,0.0
834.303,0.0
834.489,0.0
834.675,0.0
834.861,0.0
835.047,0.0
835.233,0.0
835.418,0.0
835.604,0.0
835.79,0.0
835.976,0.0
836.161,0.0
836.347,0.0
836.533,0.0
836.718,0.0
836.904,0.0
837.089,0.0
837.275,0.0
837.46,0.0
837.646,0.0
837.831,0.0
838.017,0.0
838.202,0.0
838.388,0.0
838.573,0.0
838.759,0.0
838.944,0.0
839.129,0.0
839.315,0.0
839.5,0.0
839.685,0.0
839.87,0.0
840.056,3.0970375706504456e-07
840.241,6.837298157749885e-07
840.426,1.044797532127569e-06
840.611,1.3988753667286034e-06
840.796,1.7612805450483476e-06
840.981,2.1386850116151614e-06
841.166,2.54423843994962e-06
841.352,3.0075379096937613e-06
841.537,3.540587891862453e-06
841.722,4.171881389519326e-06
841.907,4.927646942093617e-06
842.092,5.8079835621339045e-06
842.277,6.773990644432775e-06
842.461,7.828595700359803e-06
842.646,8.980064753575075e-06
842.831,1.032048676550508e-05
843.016,1.2052828429423503e-05
843.201,1.431709556213643e-05
843.386,1.724916496473445e-05
843.571,2.0889272352864988e-05
843.755,2.524590245154756e-05
843.94,3.0702949733529036e-05
844.125,3.9236436212526544e-05
844.31,5.5793934888360465e-05
844.494,8.70976174351827e-05
844.679,0.0001380144542311336
844.864,0.0001357521275986821
845.048,0.00010238293379151256
845.233,7.79168217035107e-05
845.418,6.170485948840915e-05
845.602,5.0545591276917474e-05
845.787,4.177300617564828e-05
845.971,3.4842199177627465e-05
846.156,2.945823540074258e-05
846.34,2.517038411847981e-05
846.525,2.1762992549106838e-05
846.709,1.8975432337880306e-05
846.893,1.6575771579120982e-05
847.078,1.4461718222788649e-05
847.262,1.2558113688232062e-05
847.447,1.0798176697612904e-05
847.631,9.205030645860397e-06
847.815,7.789110929831045e-06
848.0,6.533434072025498e-06
848.184,5.452493207916422e-06
848.368,4.511061406470839e-06
848.552,3.675620619487189e-06
848.736,2.92707588741336e-06
848.921,2.2543271005894864e-06
849.105,1.6359785510007682e-06
849.289,1.0526950846349216e-06
849.473,4.930831417276388e-07
849.657,0.0
849.841,0.0
850.025,0.0
850.209,0.0
850.393,0.0
850.577,0.0
850.761,0.0
850.945,0.0
851.129,0.0
851.313,0.0
851.497,0.0
851.68,0.0
851.864,0.0
852.048,0.0
852.232,0.0
852.416,0.0
852.599,0.0
852.783,0.0
852.967,0.0
853.15,0.0
853.334,0.0
853.518,0.0
853.701,0.0
853.885,0.0
854.068,0.0
854.252,0.0
854.435,0.0
854.619,0.0
854.802,0.0
854.986,0.0
855.169,0.0
855.353,0.0
855.536,0.0
855.719,0.0
855.903,0.0
856.086,0.0
856.269,0.0
856.452,0.0
856.636,0.0
856.819,7.877359542078825e-08
857.002,4.957174805390493e-07
857.185,1.9701532170499497e-08
857.368,0.0
857.552,0.0
857.735,0.0
857.918,0.0
858.101,0.0
858.284,0.0
858.467,0.0
858.65,0.0
858.833,2.392107700509669e-07
859.016,1.5905170209094688e-06
859.199,4.238539790496495e-06
859.382,7.726641086983315e-06
859.564,9.816991285702002e-06
859.747,9.495114779796907e-06
859.93,7.750333343244374e-06
860.113,5.9921727781124785e-06
860.296,4.7069956845431065e-06
860.478,3.6655214918862582e-06
860.661,2.7757870569231573e-06
860.844,2.000435530686184e-06
861.027,1.285380393029079e-06
861.209,7.181044438285788e-07
861.392,3.549453133574817e-07
861.575,3.1141770637511845e-07
861.757,5.214007012088532e-07
861.94,9.201803434074517e-07
862.122,1.7678810798618526e-06
862.305,2.906863269569345e-06
862.487,5.012368984841375e-06
862.67,1.0104332060873805e-05
862.852,1.8748059862894787e-05
863.035,3.060105399757711e-05
863.217,3.0920380885232034e-05
863.4,2.5872588784091668e-05
863.582,2.0829686624506123e-05
863.764,1.7276799391569102e-05
863.947,1.4768462102439011e-05
864.129,1.3037090683700004e-05
864.311,1.1783305700072216e-05
864.493,1.0878491418891534e-05
864.676,1.039887648426429e-05
864.858,1.0344197278270218e-05
865.04,1.083716657990959e-05
865.222,1.1778238422602082e-05
865.404,1.300869063591645e-05
865.587,1.4401869407859202e-05
865.769,1.566068131435762e-05
865.951,1.6658687019105704e-05
866.133,1.7473568570428942e-05
866.315,1.823831918757035e-05
866.497,1.9322980942438113e-05
866.679,2.115961372052196e-05
866.861,2.377139203136566e-05
867.043,2.7354198009467173e-05
867.225,3.2569564762023564e-05
867.407,3.953136165791199e-05
867.589,4.822077931339228e-05
867.77,7.142333987204314e-05
867.952,0.00011224180339090897
868.134,0.00015891540519196503
868.316,0.00016117798844171447
868.498,0.00015158201141294114
868.679,0.000126664038740899
868.861,0.00010220901879992975
869.043,8.076876906983774e-05
869.224,6.53098591348039e-05
869.406,5.53534611017328e-05
869.588,4.872822991030671e-05
869.769,4.439198622652578e-05
869.951,4.217591619568815e-05
870.132,4.376245753458089e-05
870.314,5.1901040196777916e-05
870.495,5.199210320453671e-05
870.677,4.4973895962976375e-05
870.858,4.236118506935572e-05
871.04,4.563757059071388e-05
871.221,5.468116417977891e-05
871.403,4.946310781485408e-05
871.584,4.5720573245181686e-05
871.765,4.652693750834981e-05
871.947,5.214487862373767e-05
872.128,4.114324178938645e-05
872.309,3.1935545478005394e-05
872.491,2.590487848621674e-05
872.672,2.21306036975035e-05
872.853,1.9066105104105615e-05
873.034,1.6565726933837484e-05
873.215,1.446262579355666e-05
873.396,1.2433229388230468e-05
873.578,1.0651145124809355e-05
873.759,9.102823426900496e-06
873.94,7.771641022434588e-06
874.121,6.677244561363474e-06
874.302,5.6935626016003754e-06
874.483,4.786670807884049e-06
874.664,3.955934153668058e-06
874.845,3.22859668800789e-06
875.026,2.605257611052605e-06
875.207,2.0669553533315435e-06
875.388,1.5883462453511371e-06
875.568,1.1458097212359661e-06
875.749,7.422585701198665e-07
875.93,3.781143012597211e-07
876.111,5.069738463660735e-08
876.292,0.0
876.472,0.0
876.653,0.0
876.834,0.0
877.015,0.0
877.195,0.0
877.376,0.0
877.556,0.0
877.737,0.0
877.918,0.0
878.098,0.0
878.279,0.0
878.459,0.0
878.64,0.0
878.82,0.0
879.0,0.0
879.181,0.0
879.361,0.0
879.542,0.0
879.722,0.0
879.902,0.0
880.083,0.0
880.263,0.0
880.443,0.0
880.623,9.604874551987408e-06
880.803,1.7192454054249515e-05
880.984,5.075012064708624e-06
881.164,6.842672027680017e-07
881.344,0.0
881.524,0.0
881.704,0.0
881.884,8.382579706266861e-07
882.064,2.979500212878473e-06
882.244,4.095276232246699e-06
882.424,4.051482734267403e-06
882.604,3.447545427118334e-06
882.784,2.669785476380294e-06
882.964,2.012440024370235e-06
883.144,1.5495657208852467e-06
883.324,1.23065438510102e-06
883.504,9.991185058247193e-07
883.683,8.043591537385665e-07
883.863,6.767797798306677e-07
884.043,6.148836801162825e-07
884.223,5.843538096738508e-07
884.402,5.537397605341962e-07
884.582,5.017776294394584e-07
884.762,4.2139113479485273e-07
884.941,3.2126692530253114e-07
885.121,2.0868995198779183e-07
885.301,8.136766250477042e-08
885.48,0.0
885.66,0.0
885.839,0.0
886.019,0.0
886.198,0.0
886.378,0.0
886.557,0.0
886.737,0.0
886.916,0.0
887.095,0.0
887.275,0.0
887.454,0.0
887.633,0.0
887.813,0.0
887.992,0.0
888.171,0.0
888.35,0.0
888.53,0.0
888.709,0.0
888.888,0.0
889.067,0.0
889.246,0.0
889.425,0.0
889.604,0.0
889.783,0.0
889.962,0.0
890.141,0.0
890.32,0.0
890.499,0.0
890.678,0.0
890.857,0.0
891.036,0.0
891.214,0.0
891.393,0.0
891.572,0.0
891.751,0.0
891.93,0.0
892.108,0.0
892.287,0.0
892.466,0.0
892.644,0.0
892.823,0.0
893.001,0.0
893.18,0.0
893.359,0.0
893.537,0.0
893.716,0.0
893.894,0.0
894.073,0.0
894.251,0.0
894.429,0.0
894.608,0.0
894.786,0.0
894.964,0.0
895.143,0.0
895.321,0.0
895.499,0.0
895.677,0.0
895.856,0.0
896.034,0.0
896.212,0.0
896.39,0.0
896.568,0.0
896.746,0.0
896.924,0.0
897.102,0.0
897.28,0.0
897.458,0.0
897.636,0.0
897.814,0.0
897.992,0.0
898.17,0.0
898.348,0.0
898.526,0.0
898.704,0.0
898.882,0.0
899.059,0.0
899.237,0.0
899.415,0.0
899.593,0.0
899.77,0.0
899.948,1.070964903601033e-07
900.125,5.540483453740103e-07
900.303,1.005941252551954e-06
900.481,1.4496942667911944e-06
900.658,1.876887349199971e-06
900.836,2.282236865427709e-06
901.013,2.6677080812053266e-06
901.191,3.0376108150896456e-06
901.368,3.3821466740696925e-06
901.546,3.6861906287528724e-06
901.723,3.9499527924831325e-06
901.901,4.176478851261323e-06
902.078,4.363751633636249e-06
902.255,4.508830059939094e-06
902.433,4.5735635011487595e-06
902.61,4.528702197358697e-06
902.787,4.3953978218897775e-06
902.964,4.257325350575546e-06
903.142,4.103479815085183e-06
903.319,3.905367047389446e-06
903.496,3.747033138018085e-06
903.673,3.5025076753787973e-06
903.85,3.458424440143348e-06
904.027,4.1494714820932096e-06
904.204,5.66276436921356e-06
904.381,9.041682365346992e-06
904.558,1.4954754391209845e-05
904.735,2.0474974757574232e-05
904.912,2.0109690436649958e-05
905.089,2.0249888235072393e-05
905.266,1.8315410401583343e-05
905.443,1.5057826938708248e-05
905.62,1.2015291679851219e-05
905.797,9.733098320602727e-06
905.974,8.316888251157897e-06
906.151,7.679879338080922e-06
906.327,7.454400738831924e-06
906.504,7.307552139602599e-06
906.681,7.131670255926101e-06
906.858,6.875048757775186e-06
907.034,6.5747054406968965e-06
907.211,6.293859666795274e-06
907.388,5.995336144354442e-06
907.564,5.6784802549570935e-06
907.741,5.356531274765686e-06
907.917,5.044798541826088e-06
908.094,4.764652910202839e-06
908.271,4.5203781529983845e-06
908.447,4.295585275814357e-06
908.623,4.0681000689527205e-06
908.8,3.8320396163852006e-06
908.976,3.576770147562988e-06
909.153,3.2924036470034235e-06
909.329,2.9736674448143287e-06
909.505,2.621150231615243e-06
909.682,2.237267762711944e-06
909.858,1.8309591555275773e-06
910.034,1.4126482028289863e-06
910.211,9.909540604363337e-07
910.387,5.746998906960605e-07
910.563,1.7188855828173342e-07
910.739,0.0
910.915,0.0
911.091,0.0
911.268,0.0
911.444,0.0
911.62,0.0
911.796,0.0
911.972,0.0
912.148,0.0
912.324,0.0
912.5,0.0
912.676,0.0
912.851,0.0
913.027,0.0
913.203,0.0
913.379,0.0
913.555,0.0
913.73,0.0
913.906,0.0
914.082,0.0
914.258,0.0
914.433,0.0
914.609,0.0
914.784,0.0
914.96,0.0
915.136,0.0
915.311,0.0
915.487,0.0
915.662,0.0
915.838,0.0
916.013,0.0
916.189,0.0
916.364,0.0
916.539,0.0
916.715,0.0
916.89,0.0
917.065,0.0
917.24,0.0
917.416,0.0
917.591,0.0
917.766,0.0
917.941,0.0
918.116,0.0
918.292,0.0
918.467,0.0
918.642,0.0
918.817,0.0
918.992,0.0
919.167,0.0
919.342,0.0
919.517,0.0
919.692,0.0
919.867,0.0
920.041,0.0
920.216,0.0
920.391,0.0
920.566,0.0
920.741,0.0
920.915,6.631002321585299e-07
921.09,3.5428249361821883e-06
921.265,7.89161508678076e-06
921.439,1.0336094147221536e-05
921.614,6.402985464893982e-06
921.789,4.8125093711298005e-06
921.963,3.589817457723939e-06
922.138,2.5828834175110774e-06
922.312,2.4437872599354944e-06
922.487,3.029937487303126e-06
922.661,4.535120873569863e-06
922.836,6.671936987570309e-06
923.01,7.402630619276333e-06
923.185,6.71073237608595e-06
923.359,6.566307441434991e-06
923.534,7.016487028657064e-06
923.708,7.318566546440675e-06
923.882,7.430630093504895e-06
924.057,7.281706127959919e-06
924.231,6.89304889483098e-06
924.405,6.391526957182112e-06
924.579,5.816229109906241e-06
924.753,5.221681994225838e-06
924.928,4.675582014957194e-06
925.102,4.238532021047265e-06
925.276,4.006536020379472e-06
925.45,4.024006470958006e-06
925.624,4.416401470932821e-06
925.798,5.3380755063216435e-06
925.972,6.871923230686384e-06
926.146,9.021550115666677e-06
926.32,1.1502925249342444e-05
926.494,1.391247184568607e-05
926.668,1.575167404421772e-05
926.842,1.6640667067885223e-05
927.016,1.651695263370759e-05
927.19,1.5538984416939264e-05
927.363,1.408394802427226e-05
927.537,1.2519716283286082e-05
927.711,1.1101071388987564e-05
927.885,9.925448461791774e-06
928.058,8.971393255718585e-06
928.232,8.205103999951756e-06
928.406,7.5711063275620275e-06
928.579,7.0444184939342036e-06
928.753,6.605077781347073e-06
928.927,6.22351220845399e-06
929.1,5.880276154096958e-06
929.274,5.550627456780954e-06
929.447,5.2279120931771765e-06
929.621,4.9048582188619374e-06
929.794,4.57960003095992e-06
929.968,4.256371235454555e-06
930.141,3.934181354773592e-06
930.315,3.609670058540934e-06
930.488,3.2762946718609926e-06
930.661,2.927198551578663e-06
930.835,2.5558000896698057e-06
931.008,2.1569916298648845e-06
931.181,1.7282623865814491e-06
931.354,1.2732922865599984e-06
931.528,7.959585737576916e-07
931.701,3.035362051692696e-07
931.874,0.0
932.047,0.0
932.22,0.0
932.393,0.0
932.566,0.0
932.739,0.0
932.912,0.0
933.085,0.0
933.258,0.0
933.431,0.0
933.604,0.0
933.777,0.0
933.95,0.0
934.123,0.0
934.296,0.0
934.468,0.0
934.641,0.0
934.814,0.0
934.987,0.0
935.159,0.0
935.332,0.0
935.505,0.0
935.677,0.0
935.85,0.0
936.022,0.0
936.195,0.0
936.367,0.0
936.54,0.0
936.712,0.0
936.885,0.0
937.057,2.190311144197316e-07
937.229,6.426896238304975e-07
937.402,1.1685440596697027e-06
937.574,1.7766435177367398e-06
937.746,2.434949702208812e-06
937.919,3.1022826199557425e-06
938.091,4.22917913161629e-06
938.263,6.185982054033225e-06
938.435,9.680810146199114e-06
938.608,1.541604529280662e-05
938.78,2.107071294603172e-05
938.952,2.4190456124144894e-05
939.124,2.7208112479503092e-05
939.296,3.4523889749170935e-05
939.468,3.5547308752117484e-05
939.64,3.080019518753689e-05
939.812,2.421173831130488e-05
939.984,1.9379187107262533e-05
940.156,1.6134694565855512e-05
940.328,1.3665244034972286e-05
940.5,1.1734731992034074e-05
940.672,1.0059204922206567e-05
940.843,8.635327274711986e-06
941.015,7.562292333302206e-06
941.187,6.817084327669859e-06
941.359,6.3535226037657705e-06
941.531,6.0435021372451104e-06
941.702,5.771983618535076e-06
941.874,5.492882585529488e-06
942.046,5.177123329723951e-06
942.217,4.835442987963861e-06
942.389,4.474176177417448e-06
942.56,4.0931882409300106e-06
942.732,3.6888295366650104e-06
942.904,3.2783333168442726e-06
943.075,2.877895691275967e-06
943.247,2.497527586037046e-06
943.418,2.137491798264613e-06
943.589,1.7824925955752777e-06
943.761,1.4240096876189326e-06
943.932,1.0613341204778621e-06
944.104,6.975264452568848e-07
944.275,3.379020919103629e-07
944.446,0.0
944.617,0.0
944.789,0.0
944.96,0.0
945.131,0.0
945.302,0.0
945.473,0.0
945.645,0.0
945.816,0.0
945.987,0.0
946.158,0.0
946.329,0.0
946.5,0.0
946.671,0.0
946.842,0.0
947.013,0.0
947.183,0.0
947.354,0.0
947.525,0.0
947.696,0.0
947.867,0.0
948.037,0.0
948.208,0.0
948.379,0.0
948.55,0.0
948.72,0.0
948.891,0.0
949.061,0.0
949.232,0.0
949.403,0.0
949.573,0.0
949.744,0.0
949.914,0.0
950.085,0.0
950.255,0.0
950.425,0.0
950.596,0.0
950.766,0.0
950.936,0.0
951.107,0.0
951.277,0.0
951.447,0.0
951.617,0.0
951.788,0.0
951.958,0.0
952.128,0.0
952.298,0.0
952.468,0.0
952.638,0.0
952.808,0.0
952.978,0.0
953.148,0.0
953.318,0.0
953.488,0.0
953.658,0.0
953.828,0.0
953.998,0.0
954.167,0.0
954.337,0.0
954.507,0.0
954.677,0.0
954.846,0.0
955.016,0.0
955.186,0.0
955.355,0.0
955.525,0.0
955.695,0.0
955.864,0.0
956.034,0.0
956.203,0.0
956.373,0.0
956.542,0.0
956.711,0.0
956.881,0.0
957.05,0.0
957.22,0.0
957.389,0.0
957.558,0.0
957.727,0.0
957.897,0.0
958.066,0.0
958.235,0.0
958.404,0.0
958.573,0.0
958.743,0.0
958.912,0.0
959.081,0.0
959.25,0.0
959.419,0.0
959.588,0.0
959.757,0.0
959.926,0.0
960.094,0.0
960.263,0.0
960.432,0.0
960.601,0.0
960.77,0.0
960.939,0.0
961.107,0.0
961.276,0.0
961.445,0.0
961.613,0.0
961.782,0.0
961.951,0.0
962.119,0.0
962.288,0.0
962.456,0.0
962.625,0.0
962.793,0.0
962.962,0.0
963.13,0.0
963.298,0.0
963.467,0.0
963.635,0.0
963.803,0.0
963.972,0.0
964.14,0.0
964.308,0.0
964.477,0.0
964.645,0.0
964.813,0.0
964.981,0.0
965.149,0.0
965.317,0.0
965.485,0.0
965.653,0.0
965.821,0.0
965.989,0.0
966.157,0.0
966.325,0.0
966.493,0.0
966.661,0.0
966.829,0.0
966.996,0.0
967.164,0.0
967.332,0.0
967.5,0.0
967.667,0.0
967.835,0.0
968.003,0.0
968.17,0.0
968.338,0.0
968.505,0.0
968.673,0.0
968.841,0.0
969.008,0.0
969.175,0.0
969.343,0.0
969.51,0.0
969.678,9.573120408627553e-09
969.845,3.137106819596173e-08
970.012,5.335749423753388e-08
970.18,7.539254344813532e-08
970.347,9.734975769532778e-08
970.514,1.1910548288489727e-07
970.681,1.4051089531335563e-07
970.849,1.6137897471055245e-07
971.016,1.8154973987903829e-07
971.183,2.0087688702720023e-07
971.35,2.1917870044901442e-07
971.517,2.3628379696437044e-07
971.684,2.519725867094523e-07
971.851,2.6599561134855833e-07
972.018,2.7814492884602414e-07
972.185,2.8823784960473486e-07
972.352,2.961239819279485e-07
972.519,3.017136610033754e-07
972.686,3.0495367022276835e-07
972.853,3.057866018225881e-07
973.02,3.042192358953073e-07
973.186,3.0031897044481893e-07
973.353,2.9415075200636376e-07
973.52,2.8580253725573446e-07
973.687,2.753439343753206e-07
973.853,2.627884689431335e-07
974.02,2.4816900203514245e-07
974.187,2.3156534119767474e-07
974.353,2.1305471192825534e-07
974.52,1.9272017197022924e-07
974.687,1.7068269975099277e-07
974.853,1.4707328518921995e-07
975.02,1.2208632076023377e-07
975.186,9.59814915732847e-08
975.353,6.898737969575618e-08
975.519,4.1312713093486965e-08
975.685,1.3144365153506395e-08
975.852,0.0
976.018,0.0
976.184,0.0
976.351,0.0
976.517,0.0
976.683,0.0
976.849,0.0
977.016,0.0
977.182,0.0
977.348,0.0
977.514,0.0
977.68,0.0
977.846,0.0
978.012,0.0
978.178,0.0
978.344,0.0
978.51,0.0
978.676,0.0
978.842,0.0
979.008,0.0
979.174,0.0
979.34,0.0
979.505,0.0
979.671,0.0
979.837,0.0
980.003,0.0
980.168,0.0
980.334,0.0
980.499,0.0
980.665,0.0
980.831,0.0
980.996,0.0
981.162,0.0
981.327,0.0
981.493,0.0
981.658,0.0
981.823,0.0
981.989,0.0
982.154,5.9872767993167544e-09
982.319,3.1221442127499536e-08
982.485,5.6009355205945605e-08
982.65,8.013650233721041e-08
982.815,1.0340232091590695e-07
982.98,1.2563332680901712e-07
983.146,1.4669156155348608e-07
983.311,1.664469456716616e-07
983.476,1.8476972637559984e-07
983.641,2.015868361536915e-07
983.806,2.1687119273717065e-07
983.971,2.3058422992411965e-07
984.136,2.427106629769494e-07
984.301,2.532436600573942e-07
984.466,2.6216549148209005e-07
984.631,2.6950967836828186e-07
984.796,2.7534338365836935e-07
984.961,2.797264102445435e-07
985.126,2.827192427223595e-07
985.291,2.844008155300939e-07
985.455,2.8485298510894235e-07
985.62,2.8415231114080915e-07
985.785,2.823846706592697e-07
985.95,2.7959153980840147e-07
986.114,2.7578181316726075e-07
986.279,2.709685819192814e-07
986.444,2.651526198742276e-07
986.608,2.583428880237975e-07
986.773,2.5056929616090734e-07
986.937,2.418682425585826e-07
987.102,2.322951062543312e-07
987.266,2.219379192941978e-07
987.431,2.1090613998215283e-07
987.595,1.9935026760322866e-07
987.76,1.8745523516803118e-07
987.924,1.7537749214761305e-07
988.088,1.6324455742862722e-07
988.253,1.5117521454288455e-07
988.417,1.3925976954850863e-07
988.581,1.2759014199490643e-07
988.746,1.1625219111202252e-07
988.91,1.0526693180142732e-07
989.074,9.460198513221769e-08
989.238,8.422074403204165e-08
989.402,7.408039090328373e-08
989.566,6.411919579148394e-08
989.731,5.4265564052087766e-08
989.895,4.439143524671758e-08
990.059,3.43201010203358e-08
990.223,2.387357647934188e-08
990.387,1.2869388033772897e-08
990.551,1.117029493033956e-09
990.714,0.0
990.878,0.0
991.042,0.0
991.206,0.0
991.37,0.0
991.534,0.0
991.697,0.0
991.861,0.0
992.025,0.0
992.188,0.0
992.352,0.0
992.516,0.0
992.679,0.0
992.843,0.0
993.006,0.0
993.17,0.0
993.333,0.0
993.497,0.0
993.66,0.0
993.824,0.0
993.987,0.0
994.15,0.0
994.314,0.0
994.477,0.0
994.64,0.0
994.803,0.0
994.967,0.0
995.13,0.0
995.293,0.0
995.456,0.0
995.619,0.0
995.782,0.0
995.945,0.0
996.108,0.0
996.271,0.0
996.434,0.0
996.597,0.0
996.76,0.0
996.923,0.0
997.086,0.0
997.248,0.0
997.411,0.0
997.574,0.0
997.737,0.0
997.899,0.0
998.062,0.0
998.225,0.0
998.387,0.0
998.55,0.0
998.712,0.0
998.875,0.0
999.037,0.0
999.2,0.0
999.362,0.0
999.525,0.0
999.687,0.0
999.849,0.0
