237.496,0.0
237.566,0.0
237.636,0.0
237.705,4.2526448806988844e-07
237.775,1.538055203916435e-07
237.845,0.0
237.914,0.0
237.984,0.0
238.054,0.0
238.123,0.0
238.193,0.0
238.263,0.0
238.332,0.0
238.402,0.0
238.471,0.0
238.541,0.0
238.611,0.0
238.68,0.0
238.75,3.21935975250194e-08
238.819,1.213536886984196e-07
238.889,1.9939857221606353e-07
238.958,2.694893765503605e-07
239.028,3.1276905976777654e-07
239.097,3.2429001060306875e-07
239.167,3.161900237310566e-07
239.237,2.9524385872089694e-07
239.306,2.664503285770602e-07
239.376,2.399735919190454e-07
239.445,2.209310283684039e-07
239.515,2.086516798849121e-07
239.584,2.0417939470405272e-07
239.654,2.057136162095945e-07
239.723,2.1169687028247852e-07
239.793,2.1996169142570157e-07
239.862,2.2902492198341148e-07
239.932,2.3820184309448556e-07
240.001,2.4768625060094904e-07
240.07,2.562611281350585e-07
240.14,2.6454490983009666e-07
240.209,2.726259405777201e-07
240.279,2.7900528934039535e-07
240.348,2.842593769692516e-07
240.418,2.887547883838597e-07
240.487,2.90137758136075e-07
240.556,2.867480533094935e-07
240.626,2.7789823815628513e-07
240.695,2.6392885554342705e-07
240.765,2.462849429591039e-07
240.834,2.2564443538500543e-07
240.903,2.028640591562781e-07
240.973,1.7866171399476228e-07
241.042,1.5366156214648266e-07
241.112,1.2827686829206538e-07
241.181,1.0379161177804717e-07
241.25,8.09891574297169e-08
241.32,6.04946575396157e-08
241.389,4.256097174604203e-08
241.458,2.687220579921303e-08
241.528,1.3202345409051967e-08
241.597,1.8546118643418438e-09
241.666,0.0
241.736,0.0
241.805,0.0
241.874,0.0
241.943,0.0
242.013,0.0
242.082,0.0
242.151,4.333530418752524e-09
242.221,1.3732022348741765e-08
242.29,2.436443519229271e-08
242.359,3.6126082290680533e-08
242.428,4.886104458289526e-08
242.498,6.250531133815667e-08
242.567,7.705663442162518e-08
242.636,9.247111951295937e-08
242.705,1.0891919595126834e-07
242.774,1.2654051567345825e-07
242.844,1.4533434354891223e-07
242.913,1.6510589176421298e-07
242.982,1.855091316148965e-07
243.051,2.0636825043097374e-07
243.12,2.2753055229274395e-07
243.19,2.488465825231027e-07
243.259,2.7014198966868436e-07
243.328,2.9123117933830457e-07
243.397,3.1177748987127927e-07
243.466,3.315133670452061e-07
243.535,3.502552185510194e-07
243.605,3.6795995714922764e-07
243.674,3.846147708517942e-07
243.743,4.0015425764809845e-07
243.812,4.1443617007274306e-07
243.881,4.272807554348009e-07
243.95,4.385040503881872e-07
244.019,4.479917814035597e-07
244.088,4.5563205851627533e-07
244.158,4.6129646039902415e-07
244.227,4.649216827017027e-07
244.296,4.664578061987829e-07
244.365,4.6588973531672096e-07
244.434,4.63276905388263e-07
244.503,4.5862408856505056e-07
244.572,4.518828740054138e-07
244.641,4.4303098332186536e-07
244.71,4.32039891324445e-07
244.779,4.1889622925603604e-07
244.848,4.036499938736883e-07
244.917,3.8632363894136954e-07
244.986,3.6694142161749967e-07
245.055,3.4561391370552105e-07
245.124,3.2251031888319637e-07
245.193,2.978552194044569e-07
245.262,2.7190364247393306e-07
245.331,2.448894380140943e-07
245.4,2.1702234090213626e-07
245.469,1.8850852544973292e-07
245.538,1.595449561303511e-07
245.607,1.3032427206667222e-07
245.676,1.0102206068413122e-07
245.745,7.176519413608177e-08
245.814,4.260508830700165e-08
245.883,1.3599621044165334e-08
245.952,0.0
246.021,0.0
246.09,0.0
246.159,0.0
246.227,0.0
246.296,0.0
246.365,0.0
246.434,0.0
246.503,0.0
246.572,0.0
246.641,0.0
246.71,0.0
246.779,0.0
246.847,0.0
246.916,0.0
246.985,0.0
247.054,0.0
247.123,0.0
247.192,0.0
247.26,0.0
247.329,0.0
247.398,0.0
247.467,0.0
247.536,0.0
247.604,0.0
247.673,0.0
247.742,0.0
247.811,0.0
247.879,0.0
247.948,0.0
248.017,0.0
248.086,0.0
248.154,0.0
248.223,0.0
248.292,0.0
248.361,0.0
248.429,0.0
248.498,0.0
248.567,0.0
248.635,0.0
248.704,0.0
248.773,0.0
248.841,0.0
248.91,8.509158058168488e-09
248.979,2.5997453818152184e-08
249.047,4.325474675780593e-08
249.116,6.018106459040707e-08
249.185,7.672095802975319e-08
249.253,9.28211055170498e-08
249.322,1.0841755977499826e-07
249.39,1.2347253988434465e-07
249.459,1.3797899823980412e-07
249.528,1.5194499923590706e-07
249.596,1.6542251931107533e-07
249.665,1.785043550308451e-07
249.733,1.9124769111764452e-07
249.802,2.0368889323971575e-07
249.871,2.1586798611419996e-07
249.939,2.2781173553068048e-07
250.008,2.395614439262838e-07
250.076,2.511642907300465e-07
250.145,2.6261258754487195e-07
250.213,2.7384307901168754e-07
250.282,2.8478420809608605e-07
250.35,2.9537436502214614e-07
250.419,3.055600431783296e-07
250.487,3.152711409631208e-07
250.556,3.2442335318212794e-07
250.624,3.3293724313699346e-07
250.693,3.407236177695671e-07
250.761,3.477010699492457e-07
250.83,3.5378785650672475e-07
250.898,3.588437213451919e-07
250.967,3.6268583114587796e-07
251.035,3.651405816862648e-07
251.104,3.66031428404543e-07
251.172,3.65176403257143e-07
251.241,3.624494578510167e-07
251.309,3.577623195314205e-07
251.378,3.5101168709532164e-07
251.446,3.4211873742759305e-07
251.514,3.31032029590604e-07
251.583,3.176927344822465e-07
251.651,3.0206345686189926e-07
251.72,2.841223922026424e-07
251.788,2.6380276211014523e-07
251.856,2.4099900870482035e-07
251.925,2.1563044359270858e-07
251.993,1.8764563081684167e-07
252.062,1.570025111948979e-07
252.13,1.2366949818736898e-07
252.198,8.759902186065411e-08
252.267,4.8747933354761535e-08
252.335,7.133624192729103e-09
252.403,0.0
252.472,0.0
252.54,0.0
252.608,0.0
252.677,0.0
252.745,0.0
252.813,0.0
252.881,0.0
252.95,0.0
253.018,0.0
253.086,0.0
253.155,0.0
253.223,0.0
253.291,0.0
253.359,0.0
253.428,0.0
253.496,0.0
253.564,0.0
253.632,0.0
253.7,0.0
253.769,0.0
253.837,0.0
253.905,0.0
253.973,0.0
254.041,0.0
254.11,0.0
254.178,0.0
254.246,0.0
254.314,0.0
254.382,0.0
254.45,0.0
254.518,0.0
254.587,0.0
254.655,0.0
254.723,0.0
254.791,0.0
254.859,0.0
254.927,0.0
254.995,0.0
255.063,0.0
255.131,0.0
255.199,0.0
255.267,0.0
255.336,0.0
255.404,0.0
255.472,0.0
255.54,0.0
255.608,0.0
255.676,0.0
255.744,0.0
255.812,0.0
255.88,0.0
255.948,0.0
256.016,0.0
256.084,0.0
256.152,0.0
256.22,0.0
256.288,0.0
256.356,0.0
256.424,0.0
256.491,0.0
256.559,0.0
256.627,0.0
256.695,0.0
256.763,0.0
256.831,0.0
256.899,0.0
256.967,0.0
257.035,0.0
257.103,0.0
257.171,0.0
257.238,0.0
257.306,0.0
257.374,0.0
257.442,0.0
257.51,0.0
257.578,0.0
257.646,0.0
257.713,0.0
257.781,0.0
257.849,0.0
257.917,0.0
257.985,0.0
258.052,0.0
258.12,0.0
258.188,0.0
258.256,0.0
258.324,0.0
258.391,0.0
258.459,0.0
258.527,0.0
258.595,0.0
258.662,0.0
258.73,0.0
258.798,0.0
258.865,0.0
258.933,0.0
259.001,0.0
259.069,0.0
259.136,0.0
259.204,0.0
259.272,0.0
259.339,0.0
259.407,0.0
259.475,0.0
259.542,0.0
259.61,0.0
259.677,0.0
259.745,0.0
259.813,0.0
259.88,0.0
259.948,0.0
260.016,0.0
260.083,0.0
260.151,0.0
260.218,0.0
260.286,0.0
260.353,0.0
260.421,0.0
260.489,0.0
260.556,0.0
260.624,0.0
260.691,0.0
260.759,0.0
260.826,0.0
260.894,0.0
260.961,0.0
261.029,0.0
261.096,0.0
261.164,0.0
261.231,0.0
261.299,2.5915635939156993e-08
261.366,5.1690016010195504e-08
261.434,7.613978352041408e-08
261.501,9.912353482813186e-08
261.568,1.2045259560379538e-07
261.636,1.4004050773935726e-07
261.703,1.5785063907869774e-07
261.771,1.7385917894554442e-07
261.838,1.881045060794405e-07
261.906,2.005854405811098e-07
261.973,2.1129719970864062e-07
262.04,2.2031248684732008e-07
262.108,2.276981449540301e-07
262.175,2.334773225284561e-07
262.243,2.376602921657105e-07
262.31,2.4015427003409664e-07
262.377,2.408127434542178e-07
262.445,2.3961924657129184e-07
262.512,2.366171213697708e-07
262.579,2.318800487163002e-07
262.647,2.255547570043902e-07
262.714,2.177505480954377e-07
262.781,2.08539129017107e-07
262.849,1.981002282401923e-07
262.916,1.866416023003037e-07
262.983,1.742932821471613e-07
263.051,1.6116915159870438e-07
263.118,1.4731622655679093e-07
263.185,1.3274540637810273e-07
263.252,1.1757304655665115e-07
263.32,1.0196997007607271e-07
263.387,8.607546301162651e-08
263.454,7.003239557680689e-08
263.522,5.399248431953074e-08
263.589,3.810048357693004e-08
263.656,2.2577953540811363e-08
263.723,7.682567959949967e-09
263.79,0.0
263.858,0.0
263.925,0.0
263.992,0.0
264.059,0.0
264.126,0.0
264.194,0.0
264.261,0.0
264.328,0.0
264.395,0.0
264.462,0.0
264.529,0.0
264.597,0.0
264.664,0.0
264.731,0.0
264.798,1.0030549641184038e-08
264.865,4.4490746465908755e-08
264.932,8.774398674887543e-08
264.999,1.4118616269512173e-07
265.066,2.0631172074552141e-07
265.133,2.8468135237458424e-07
265.201,3.7780705058556887e-07
265.268,4.871304055966321e-07
265.335,6.138366796037386e-07
265.402,7.585957421718664e-07
265.469,9.214995865330546e-07
265.536,1.1020030731871407e-06
265.603,1.2988345166436044e-06
265.67,1.510068177249524e-06
265.737,1.7332037135309207e-06
265.804,1.9651807337805766e-06
265.871,2.2026299940928133e-06
265.938,2.4421684478221205e-06
266.005,2.6804910448348582e-06
266.072,2.914623920769853e-06
266.139,3.1420334344889825e-06
266.206,3.360550033798849e-06
266.273,3.5684868535953607e-06
266.34,3.764669439433607e-06
266.407,3.948354822497382e-06
266.474,4.119201232796868e-06
266.541,4.2771785350213275e-06
266.608,4.422382837185403e-06
266.675,4.555036678362153e-06
266.742,4.675514693951111e-06
266.808,4.784226185467625e-06
266.875,4.881619094551658e-06
266.942,4.968138856457032e-06
267.009,5.044118469482822e-06
267.076,5.109886560284697e-06
267.143,5.165826088706662e-06
267.21,5.21228780659669e-06
267.277,5.249660316860544e-06
267.344,5.278348715393661e-06
267.41,5.298666048974726e-06
267.477,5.310901692165194e-06
267.544,5.31536553073515e-06
267.611,5.312316675851031e-06
267.678,5.301981235207624e-06
267.745,5.284600933384619e-06
267.811,5.260340323890827e-06
267.878,5.229306283150068e-06
267.945,5.191686191486011e-06
268.012,5.147685474768191e-06
268.079,5.097497931438798e-06
268.145,5.041373516851461e-06
268.212,4.97950809850921e-06
268.279,4.9120478051609975e-06
268.346,4.839163818965854e-06
268.412,4.760990616122012e-06
268.479,4.67759438735548e-06
268.546,4.588976355160285e-06
268.613,4.49506919871013e-06
268.679,4.395777169188844e-06
268.746,4.291060815710478e-06
268.813,4.180902577959751e-06
268.879,4.065311198922941e-06
268.946,3.944374595089711e-06
269.013,3.7275150409629437e-06
269.079,3.4149622682618076e-06
269.146,3.7629883511256916e-06
269.213,4.771993943667201e-06
269.28,1.907051262906938e-06
269.346,2.9092007252098795e-06
269.413,3.2437629049002256e-06
269.479,2.9116019882566305e-06
269.546,2.6697166134296118e-06
269.613,2.5193559775441745e-06
269.679,2.3711937454349454e-06
269.746,2.226731873819918e-06
269.813,2.0874437714044347e-06
269.879,1.954629336148746e-06
269.946,1.8293888541204686e-06
270.012,1.7124923263028033e-06
270.079,1.604246983849684e-06
270.145,1.50449430532154e-06
270.212,1.4126302691649807e-06
270.279,1.3276777381527253e-06
270.345,1.2484290758285862e-06
270.412,1.1735806884126324e-06
270.478,1.1018307642125102e-06
270.545,1.0319902851401071e-06
270.611,9.630233231527759e-07
270.678,8.941403486735338e-07
270.744,8.247588305596858e-07
270.811,7.544782885110587e-07
270.877,6.830380473961168e-07
270.944,6.102928923148602e-07
271.01,5.361813455695141e-07
271.077,4.607032036789434e-07
271.143,3.8389872710416714e-07
271.21,3.057902693287501e-07
271.276,2.2641931354806638e-07
271.342,1.4591201621611773e-07
271.409,6.443449046194154e-08
271.475,0.0
271.542,0.0
271.608,0.0
271.675,0.0
271.741,0.0
271.807,0.0
271.874,0.0
271.94,0.0
272.007,0.0
272.073,0.0
272.139,0.0
272.206,0.0
272.272,0.0
272.338,0.0
272.405,0.0
272.471,0.0
272.537,0.0
272.604,0.0
272.67,0.0
272.736,0.0
272.802,0.0
272.869,0.0
272.935,0.0
273.001,0.0
273.068,0.0
273.134,0.0
273.2,0.0
273.266,0.0
273.333,0.0
273.399,0.0
273.465,0.0
273.531,0.0
273.597,0.0
273.664,0.0
273.73,0.0
273.796,0.0
273.862,0.0
273.928,0.0
273.995,0.0
274.061,0.0
274.127,0.0
274.193,0.0
274.259,0.0
274.325,0.0
274.391,0.0
274.457,0.0
274.524,0.0
274.59,0.0
274.656,0.0
274.722,0.0
274.788,0.0
274.854,0.0
274.92,1.2174946221306251e-06
274.986,1.2287609980159595e-06
275.052,0.0
275.118,0.0
275.184,0.0
275.25,0.0
275.316,2.3566750075853828e-07
275.382,4.5349197807200987e-07
275.448,5.277613208327139e-07
275.514,6.247022452297886e-07
275.58,7.465948200291534e-07
275.646,9.131286479224935e-07
275.712,1.1269908526104884e-06
275.778,1.3720879198790219e-06
275.844,1.64858293727494e-06
275.91,1.9519128577750015e-06
275.976,2.27039582375884e-06
276.042,2.6034699386037635e-06
276.108,2.9496908313664707e-06
276.174,3.3059943376174585e-06
276.24,3.672136528482218e-06
276.306,4.0503550150305755e-06
276.372,4.441943912410846e-06
276.437,4.8616305579478e-06
276.503,5.3311718236024325e-06
276.569,5.855456871335884e-06
276.635,6.446170367896684e-06
276.701,7.108082751391411e-06
276.767,7.835428402379869e-06
276.833,8.589365603817677e-06
276.899,9.336975572078972e-06
276.964,1.0100844544444769e-05
277.03,1.0923929521561098e-05
277.096,1.1954485666092665e-05
277.162,1.3312902806456418e-05
277.228,1.4958145913969765e-05
277.293,1.6925459178339714e-05
277.359,1.9194247863989725e-05
277.425,2.154732466304303e-05
277.491,2.6031713441374482e-05
277.557,3.9762146757885395e-05
277.622,7.017894411253125e-05
277.688,6.68410639457688e-05
277.754,6.942322692703318e-05
277.82,8.204410345636193e-05
277.885,0.00010636191394337005
277.951,0.0001440192578852122
278.017,0.00011398138768607787
278.083,9.48850593801097e-05
278.148,8.73237014876211e-05
278.214,8.844148403290129e-05
278.28,9.537976367377925e-05
278.345,8.002957739356918e-05
278.411,7.123575478448928e-05
278.477,7.185604900102136e-05
278.542,7.982394810164846e-05
278.608,9.12518536884819e-05
278.674,0.00010596419001802722
278.739,0.0001256421841252429
278.805,0.0001508575679096127
278.871,0.00018278613432642912
278.936,0.00024028954385596192
279.002,0.00037811568788071874
279.067,0.0005309177205197759
279.133,0.0005205464324521282
279.199,0.0004829223668893464
279.264,0.0005193420689238943
279.33,0.0006234169274550976
279.395,0.0008456389892139938
279.461,0.0011247136901828866
279.527,0.0012750416593872377
279.592,0.0011792264529838807
279.658,0.0009692958271463079
279.723,0.0009109561168605098
279.789,0.000945926239520641
279.854,0.000846234943370733
279.92,0.0006751589642882361
279.985,0.0006074535254124426
280.051,0.0006252810054449032
280.116,0.0007523767631912652
280.182,0.0010417600392769876
280.247,0.0012057175030993662
280.313,0.0010060342366730785
280.378,0.0006785173631820772
280.444,0.0004693579011326824
280.509,0.0003570533169915401
280.574,0.0002799655087875867
280.64,0.0002339887057148713
280.705,0.00019960420005080454
280.771,0.00017359542011114435
280.836,0.00015227250664035836
280.902,0.00013427853730733333
280.967,0.00011937330622855947
281.032,0.00010687406223602808
281.098,9.628160369861059e-05
281.163,8.715715334656822e-05
281.229,7.905346470408487e-05
281.294,7.082140788558419e-05
281.359,6.222493009749106e-05
281.425,5.834687514379788e-05
281.49,5.0590609652193815e-05
281.555,4.414763191572802e-05
281.621,3.915207087953636e-05
281.686,3.476134576163887e-05
281.751,3.093233263170863e-05
281.816,2.7683885170671386e-05
281.882,2.491098371119715e-05
281.947,2.2510115193819987e-05
282.012,2.0405813569488473e-05
282.078,1.8521345729235995e-05
282.143,1.6795886674666243e-05
282.208,1.5201259632012962e-05
282.273,1.3719083158289115e-05
282.339,1.233560407869005e-05
282.404,1.1043396853890969e-05
282.469,9.838817756098644e-06
282.534,8.717943653310191e-06
282.6,7.678228535203967e-06
282.665,6.7165984260871895e-06
282.73,5.8283264629645395e-06
282.795,5.004898271275561e-06
282.86,4.2408303534765784e-06
282.926,3.5340417194115278e-06
282.991,2.885354964878144e-06
283.056,2.2869267268677097e-06
283.121,1.7459507887477976e-06
283.186,1.2633325821948289e-06
283.251,8.403259195359175e-07
283.316,4.806379039613052e-07
283.382,1.8341146721435196e-07
283.447,0.0
283.512,0.0
283.577,0.0
283.642,0.0
283.707,0.0
283.772,0.0
283.837,0.0
283.902,0.0
283.967,0.0
284.032,0.0
284.097,0.0
284.163,3.420979386943164e-06
284.228,0.0
284.293,1.0183678118433605e-06
284.358,2.8187625269520407e-06
284.423,3.794174199628969e-06
284.488,4.984953119016301e-06
284.553,6.538603606861484e-06
284.618,8.639698019433727e-06
284.683,1.175664647073304e-05
284.748,1.6060763325620305e-05
284.812,2.2261658295526555e-05
284.877,3.204908434576944e-05
284.942,4.6601378040361497e-05
285.007,6.644265209866166e-05
285.072,0.00012197334514143824
285.137,0.00021725604923337788
285.202,0.0003075239299231134
285.267,0.00026894864338244826
285.332,0.00017039819497793738
285.397,0.00010472895611242083
285.462,7.331147003562647e-05
285.527,5.373019323755111e-05
285.591,4.124407043581348e-05
285.656,3.180317000474176e-05
285.721,2.4331729212136415e-05
285.786,1.8855007936210982e-05
285.851,1.5129297336299373e-05
285.916,1.2695332890000536e-05
285.981,1.088954608375226e-05
286.045,9.225955521760391e-06
286.11,8.304249287170583e-06
286.175,8.132434266587645e-06
286.24,4.3195337145578305e-06
286.305,4.511205024862207e-06
286.369,4.266836285762836e-06
286.434,3.5996183098920193e-06
286.499,3.121841940224884e-06
286.564,2.077977489698381e-06
286.628,1.1668120514824985e-06
286.693,4.838251885085348e-06
286.758,5.540005456319755e-07
286.823,1.1129879935313333e-06
286.887,1.6070541840956083e-06
286.952,1.3090418598686022e-06
287.017,1.0293915467679193e-06
287.082,8.494954290210291e-07
287.146,6.799772927559873e-07
287.211,5.238849792976819e-07
287.276,3.8470036438049344e-07
287.34,2.646728245239646e-07
287.405,1.67598000723733e-07
287.47,8.612057723034837e-08
287.534,1.9583173901215193e-08
287.599,0.0
287.663,0.0
287.728,0.0
287.793,0.0
287.857,0.0
287.922,0.0
287.987,0.0
288.051,0.0
288.116,0.0
288.18,0.0
288.245,0.0
288.309,0.0
288.374,0.0
288.439,0.0
288.503,0.0
288.568,0.0
288.632,0.0
288.697,0.0
288.761,0.0
288.826,0.0
288.89,0.0
288.955,0.0
289.019,0.0
289.084,0.0
289.148,0.0
289.212,0.0
289.277,0.0
289.341,0.0
289.406,0.0
289.47,0.0
289.535,0.0
289.599,0.0
289.663,0.0
289.728,0.0
289.792,0.0
289.857,0.0
289.921,0.0
289.985,0.0
290.05,0.0
290.114,5.503934135207288e-08
290.178,1.6519336491828955e-07
290.243,2.893234147681195e-07
290.307,4.3005199003132707e-07
290.371,5.771214083148951e-07
290.436,7.225896352659324e-07
290.5,8.704348559289713e-07
290.564,1.0229341019902492e-06
290.629,1.181262731861118e-06
290.693,1.3287052191566681e-06
290.757,1.4443282557276273e-06
290.821,1.5268688318732186e-06
290.886,1.6094994749475374e-06
290.95,1.7291789221454134e-06
291.014,1.8939867588010605e-06
291.078,2.099231831465287e-06
291.143,2.3387040703869152e-06
291.207,2.69230579965379e-06
291.271,3.263578579528237e-06
291.335,4.031506176063394e-06
291.399,4.9491164500480834e-06
291.464,5.791833496156164e-06
291.528,6.316033474540101e-06
291.592,6.515960328335017e-06
291.656,6.403177398095056e-06
291.72,6.098385325777877e-06
291.784,5.766109028321941e-06
291.849,5.463695922853042e-06
291.913,5.238814586497051e-06
291.977,5.1419390423624935e-06
292.041,5.191997062091819e-06
292.105,5.431516663951427e-06
292.169,5.872874595669225e-06
292.233,6.536138780211826e-06
292.297,7.370973719891883e-06
292.361,8.244377390719984e-06
292.425,9.086398642018702e-06
292.49,9.911723682566054e-06
292.554,1.1426362171753676e-05
292.618,1.422469782284421e-05
292.682,1.8864676688552968e-05
292.746,2.9083394676064263e-05
292.81,5.0807968413501527e-05
292.874,7.059518199908816e-05
292.938,7.366292260599472e-05
293.002,6.50513080251116e-05
293.066,5.379378251520516e-05
293.13,4.695059789666281e-05
293.194,4.434135242658733e-05
293.258,4.20397214362917e-05
293.322,3.9404228817109314e-05
293.386,3.988010989337298e-05
293.45,4.63559941995509e-05
293.514,5.770361795556419e-05
293.577,8.545375211304572e-05
293.641,0.00012611653898623386
293.705,0.00014038968240568544
293.769,0.00012451768957244972
293.833,0.00010489701044843972
293.897,8.65820342576728e-05
293.961,7.330062591654046e-05
294.025,6.370011517586632e-05
294.089,5.5431917408243636e-05
294.152,4.829210417572383e-05
294.216,4.23993920886866e-05
294.28,3.742209584446079e-05
294.344,3.319889564642065e-05
294.408,2.9572887368670088e-05
294.472,2.636880120345022e-05
294.536,2.354363554682075e-05
294.599,2.1055184237691893e-05
294.663,1.8850232879594197e-05
294.727,1.6923676363165047e-05
294.791,1.5256624052469993e-05
294.855,1.381095048678332e-05
294.918,1.2546165265391202e-05
294.982,1.1422103486086889e-05
295.046,1.0399907451707537e-05
295.11,9.45573498638319e-06
295.173,8.576125237150397e-06
295.237,7.742167909221891e-06
295.301,6.941708684528077e-06
295.364,6.172435208251395e-06
295.428,5.4390959166118595e-06
295.492,4.766212802711314e-06
295.556,4.161882207303079e-06
295.619,3.6121555918747105e-06
295.683,3.120551038103743e-06
295.747,2.5352938565548344e-06
295.81,1.8565261158460215e-06
295.874,1.2363498229690447e-06
295.938,6.67767228555487e-07
296.001,1.072061032047908e-06
296.065,2.441648308974291e-06
296.128,2.2545858781380687e-06
296.192,5.070444748403772e-07
296.256,0.0
296.319,0.0
296.383,5.4471922443337986e-08
296.447,2.5343232828132573e-07
296.51,3.1423166514924237e-07
296.574,2.3447481761097928e-07
296.637,1.6665037854779883e-07
296.701,1.0742678024790292e-07
296.764,7.199623529318543e-08
296.828,5.768094350816341e-08
296.891,4.408553595517299e-08
296.955,3.025508890630272e-08
297.018,1.56621667057497e-08
297.082,8.906611029914283e-10
297.145,0.0
297.209,0.0
297.272,0.0
297.336,0.0
297.399,0.0
297.463,0.0
297.526,0.0
297.59,0.0
297.653,0.0
297.717,0.0
297.78,0.0
297.843,0.0
297.907,0.0
297.97,0.0
298.034,0.0
298.097,0.0
298.16,0.0
298.224,0.0
298.287,0.0
298.35,0.0
298.414,0.0
298.477,0.0
298.54,0.0
298.604,0.0
298.667,0.0
298.73,0.0
298.794,0.0
298.857,0.0
298.92,0.0
298.984,0.0
299.047,0.0
299.11,0.0
299.173,0.0
299.237,0.0
299.3,0.0
299.363,0.0
299.426,0.0
299.489,0.0
299.553,0.0
299.616,3.317424405185739e-07
299.679,0.0
299.742,0.0
299.805,0.0
299.868,0.0
299.932,0.0
299.995,0.0
300.058,0.0
300.121,0.0
300.184,0.0
300.247,0.0
300.31,0.0
300.374,0.0
300.437,0.0
300.5,0.0
300.563,0.0
300.626,0.0
300.689,0.0
300.752,0.0
300.815,0.0
300.878,0.0
300.941,0.0
301.004,0.0
301.067,0.0
301.13,0.0
301.193,0.0
301.256,0.0
301.319,0.0
301.382,0.0
301.445,0.0
301.508,0.0
301.571,0.0
301.634,0.0
301.697,0.0
301.76,0.0
301.823,0.0
301.885,0.0
301.948,0.0
302.011,0.0
302.074,0.0
302.137,0.0
302.2,0.0
302.263,0.0
302.326,0.0
302.388,0.0
302.451,0.0
302.514,0.0
302.577,0.0
302.64,0.0
302.703,0.0
302.765,0.0
302.828,0.0
302.891,0.0
302.954,0.0
303.016,0.0
303.079,0.0
303.142,0.0
303.205,0.0
303.267,0.0
303.33,0.0
303.393,0.0
303.456,0.0
303.518,0.0
303.581,0.0
303.644,0.0
303.706,0.0
303.769,0.0
303.832,0.0
303.894,0.0
303.957,0.0
304.02,0.0
304.082,0.0
304.145,0.0
304.207,0.0
304.27,0.0
304.333,0.0
304.395,0.0
304.458,0.0
304.52,0.0
304.583,0.0
304.646,0.0
304.708,0.0
304.771,0.0
304.833,0.0
304.896,0.0
304.958,0.0
305.021,0.0
305.083,0.0
305.146,0.0
305.208,0.0
305.271,0.0
305.333,0.0
305.396,0.0
305.458,0.0
305.52,0.0
305.583,0.0
305.645,0.0
305.708,0.0
305.77,0.0
305.833,0.0
305.895,0.0
305.957,0.0
306.02,0.0
306.082,0.0
306.144,0.0
306.207,0.0
306.269,0.0
306.331,0.0
306.394,0.0
306.456,0.0
306.518,0.0
306.581,0.0
306.643,0.0
306.705,0.0
306.768,0.0
306.83,0.0
306.892,0.0
306.954,0.0
307.017,0.0
307.079,0.0
307.141,0.0
307.203,5.9573086220067266e-09
307.266,9.096028007687752e-08
307.328,1.855533193608893e-07
307.39,2.8973270400399816e-07
307.452,4.036718668974408e-07
307.514,5.271795541511656e-07
307.577,6.599189706231689e-07
307.639,8.014011699901806e-07
307.701,9.509925215254528e-07
307.763,1.1079960669392413e-06
307.825,1.2716366761518174e-06
307.887,1.442669287302394e-06
307.949,1.6218644096444113e-06
308.012,1.80995291692453e-06
308.074,2.007665761885453e-06
308.136,2.2155787612252565e-06
308.198,2.434167725381535e-06
308.26,2.663746223449375e-06
308.322,2.903056155940804e-06
308.384,3.1509164192515295e-06
308.446,3.4061612564707523e-06
308.508,3.667626059782801e-06
308.57,3.934208042564191e-06
308.632,4.204887197116531e-06
308.694,4.4786889157945615e-06
308.756,4.754729475969282e-06
308.818,5.032172361424368e-06
308.88,5.30585927332411e-06
308.942,5.570224210272834e-06
309.004,5.8196837681489846e-06
309.066,6.048559874019191e-06
309.128,6.251371142300639e-06
309.19,6.422918714224704e-06
309.252,6.558248623382586e-06
309.314,6.655362169079197e-06
309.376,6.7140589079285666e-06
309.438,6.732744439267518e-06
309.5,6.711430684943101e-06
309.562,6.650255375071592e-06
309.624,6.549469729064615e-06
309.686,6.409448196943906e-06
309.747,6.230622545901227e-06
309.809,6.0135053316684895e-06
309.871,5.76297249410328e-06
309.933,5.484644764031232e-06
309.995,5.184329664421217e-06
310.057,4.868028905481288e-06
310.119,4.541776213026073e-06
310.18,4.211467158425666e-06
310.242,3.8830217445531295e-06
310.304,3.5605544026210024e-06
310.366,3.2452124589732688e-06
310.428,2.94066366074353e-06
310.489,2.6481107142761795e-06
310.551,2.3687038320923188e-06
310.613,2.1035474335031023e-06
310.675,1.853702723239759e-06
310.737,1.6201243802767787e-06
310.798,1.4037577160217177e-06
310.86,1.204101227370037e-06
310.922,1.0202883965011566e-06
310.983,8.513390236731021e-07
311.045,6.96242280076429e-07
311.107,5.539108678424903e-07
311.169,4.232839584084567e-07
311.23,3.0325108182722743e-07
311.292,1.9274533330018746e-07
311.354,9.234917294830291e-08
311.415,1.1338163759012546e-09
311.477,0.0
311.539,0.0
311.6,0.0
311.662,0.0
311.724,0.0
311.785,0.0
311.847,0.0
311.908,0.0
311.97,0.0
312.032,0.0
312.093,0.0
312.155,0.0
312.216,0.0
312.278,0.0
312.339,0.0
312.401,0.0
312.462,0.0
312.524,0.0
312.585,2.749137263333365e-08
312.647,8.709623138010814e-08
312.708,1.4777409039248052e-07
312.77,2.0889450610808357e-07
312.831,2.7006870597103015e-07
312.893,3.309976987082474e-07
312.954,3.913896593606266e-07
313.016,4.5097276110786126e-07
313.077,5.0951573796462e-07
313.139,5.668328564416614e-07
313.2,6.227843919571132e-07
313.261,6.772812023937313e-07
313.323,7.29934729997092e-07
313.384,7.806147848827582e-07
313.446,8.290666988450406e-07
313.507,8.750696698018774e-07
313.568,9.184636240912715e-07
313.63,9.590887595780899e-07
313.691,9.967134536340638e-07
313.752,1.0311067415440827e-06
313.814,1.0621770265738435e-06
313.875,1.0899006119425454e-06
313.936,1.114252470195719e-06
313.998,1.1352548664594732e-06
314.059,1.152899967557269e-06
314.12,1.1672228355160533e-06
314.182,1.1783674283133196e-06
314.243,1.1864376076317196e-06
314.304,1.1915363021459411e-06
314.365,1.1937448437858738e-06
314.427,1.1931035073762262e-06
314.488,1.1896392518842585e-06
314.549,1.1833976863676911e-06
314.61,1.174439220521917e-06
314.672,1.1628036902271899e-06
314.733,1.1485667904650667e-06
314.794,1.1317447175052602e-06
314.855,1.1123589539853359e-06
314.917,1.090506694883461e-06
314.978,1.0662983435558678e-06
315.039,1.0398760260935904e-06
315.1,1.0113344977239602e-06
315.161,9.807375782945313e-07
315.222,9.481618761411148e-07
315.283,9.13787788233432e-07
315.345,8.778214008476369e-07
315.406,8.404509377437636e-07
315.467,8.018392542242235e-07
315.528,7.621019532558319e-07
315.589,7.214037185977049e-07
315.65,6.799842147982033e-07
315.711,6.38107412987236e-07
315.772,5.960216202705207e-07
315.833,5.539014144542725e-07
315.894,5.119118875123748e-07
315.955,4.7024642307539966e-07
316.016,4.291413540163449e-07
316.078,3.8882934138293927e-07
316.139,3.494840165047211e-07
316.2,3.1123475458805866e-07
316.261,2.741443504502527e-07
316.322,2.3831766483507274e-07
316.383,2.0394618107286602e-07
316.444,1.7123679865187737e-07
316.504,1.4039179732069703e-07
316.565,1.1156056456894197e-07
316.626,8.487077271292518e-08
316.687,6.044508601277191e-08
316.748,3.8452972841585e-08
316.809,1.9040769257656366e-08
316.87,2.2477595817656392e-09
316.931,0.0
316.992,0.0
317.053,0.0
317.114,0.0
317.175,0.0
317.235,0.0
317.296,0.0
317.357,0.0
317.418,0.0
317.479,0.0
317.54,0.0
317.601,0.0
317.661,0.0
317.722,0.0
317.783,0.0
317.844,0.0
317.904,6.564386649200436e-08
317.965,3.4086956629331176e-07
318.026,7.250823859327276e-07
318.087,4.7130289803659963e-07
318.148,0.0
318.208,0.0
318.269,0.0
318.33,0.0
318.39,1.36811542394257e-07
318.451,1.86794749159984e-07
318.512,1.2624719428416777e-07
318.572,7.963347873723765e-08
318.633,4.691636414920161e-08
318.694,2.8016824074675767e-08
318.754,2.2836223127443543e-08
318.815,1.6408362379297046e-08
318.876,8.771447426054851e-09
318.936,5.819360042772719e-12
318.997,0.0
319.058,0.0
319.118,0.0
319.179,0.0
319.239,0.0
319.3,0.0
319.361,0.0
319.421,0.0
319.482,0.0
319.542,0.0
319.603,0.0
319.663,0.0
319.724,0.0
319.784,0.0
319.845,0.0
319.905,0.0
319.966,0.0
320.026,0.0
320.087,0.0
320.147,0.0
320.208,0.0
320.268,0.0
320.329,0.0
320.389,0.0
320.449,0.0
320.51,0.0
320.57,0.0
320.631,0.0
320.691,0.0
320.751,0.0
320.812,0.0
320.872,0.0
320.932,0.0
320.993,0.0
321.053,0.0
321.113,0.0
321.174,0.0
321.234,0.0
321.294,0.0
321.355,0.0
321.415,0.0
321.475,0.0
321.535,0.0
321.596,0.0
321.656,0.0
321.716,0.0
321.776,0.0
321.837,0.0
321.897,0.0
321.957,0.0
322.017,0.0
322.077,0.0
322.138,0.0
322.198,0.0
322.258,0.0
322.318,0.0
322.378,0.0
322.438,0.0
322.499,0.0
322.559,0.0
322.619,0.0
322.679,0.0
322.739,0.0
322.799,0.0
322.859,0.0
322.919,0.0
322.979,0.0
323.039,0.0
323.099,0.0
323.159,0.0
323.219,0.0
323.279,0.0
323.339,2.5953433754066118e-08
323.399,5.4141859047324426e-08
323.459,8.262820285607949e-08
323.519,1.1115202642156925e-07
323.579,1.3951301535097836e-07
323.639,1.675759982857827e-07
323.699,1.9526459181633864e-07
323.759,2.225529491900316e-07
323.819,2.493862555460162e-07
323.879,2.75675881427435e-07
323.939,3.0132074772662193e-07
323.999,3.2615698026669564e-07
324.059,3.4994048489122793e-07
324.119,3.72424721492381e-07
324.178,3.933454505838652e-07
324.238,4.124124821293321e-07
324.298,4.2935024089590827e-07
324.358,4.439458902669317e-07
324.418,4.560741130115099e-07
324.478,4.65680664457451e-07
324.538,4.7277709836331396e-07
324.597,4.773997025921104e-07
324.657,4.795396546553879e-07
324.717,4.791860274655051e-07
324.777,4.763451431291295e-07
324.837,4.71021929787987e-07
324.896,4.6322298234479864e-07
324.956,4.530128207651729e-07
325.016,4.405299995799927e-07
325.076,4.259431520208277e-07
325.135,4.0950624949178136e-07
325.195,3.915034662108388e-07
325.255,3.721927227791261e-07
325.315,3.5184185532242924e-07
325.374,3.307114340690923e-07
325.434,3.0899108506350935e-07
325.494,2.8672413286353725e-07
325.553,2.6381509890134565e-07
325.613,2.403365719848714e-07
325.673,2.1629167472817932e-07
325.732,1.917161920868883e-07
325.792,1.6672806908942632e-07
325.852,1.4146444286840183e-07
325.911,1.1615824630859055e-07
325.971,9.116237575725656e-08
326.031,6.68705193761081e-08
326.09,4.375428583190865e-08
326.15,2.2345012302532084e-08
326.209,3.141936291448403e-09
326.269,0.0
326.328,0.0
326.388,0.0
326.448,0.0
326.507,0.0
326.567,0.0
326.626,0.0
326.686,0.0
326.745,0.0
326.805,0.0
326.864,0.0
326.924,0.0
326.983,2.6761723924417107e-10
327.043,1.3591668059355516e-08
327.102,2.641071481737741e-08
327.161,3.7710649403090615e-08
327.221,4.6558296965692636e-08
327.28,5.2158497420796524e-08
327.34,5.4032186357809014e-08
327.399,5.2609007785840604e-08
327.459,4.9122026370600396e-08
327.518,4.3863969568924034e-08
327.577,3.744853806629941e-08
327.637,3.060800853923125e-08
327.696,2.396566535994245e-08
327.755,1.8128039825031744e-08
327.815,1.3383129309106606e-08
327.874,9.200285728363351e-09
327.933,4.1756721011351335e-09
327.993,0.0
328.052,0.0
328.111,0.0
328.171,0.0
328.23,0.0
328.289,0.0
328.349,0.0
328.408,0.0
328.467,0.0
328.526,0.0
328.586,0.0
328.645,0.0
328.704,0.0
328.763,0.0
328.822,0.0
328.882,0.0
328.941,0.0
329.0,0.0
329.059,0.0
329.118,7.376126471767073e-08
329.177,2.481801155037349e-07
329.237,5.079362879099175e-07
329.296,8.522478310761034e-07
329.355,1.2552685349973322e-06
329.414,1.6930730436822777e-06
329.473,2.1458967514096834e-06
329.532,2.636742021925468e-06
329.591,3.1412633811941886e-06
329.65,3.637093469772875e-06
329.709,4.08675670516569e-06
329.768,4.527505925698806e-06
329.827,5.134962931458568e-06
329.886,6.255303509013159e-06
329.945,8.49600614964437e-06
330.004,1.2215041492371072e-05
330.063,1.815534648291237e-05
330.122,2.6469073073611354e-05
330.181,3.329532594510522e-05
330.24,3.311741626778253e-05
330.299,2.592151113043132e-05
330.358,1.7411919695383272e-05
330.417,1.1481155899182641e-05
330.476,7.734849772450902e-06
330.535,5.364039279853915e-06
330.594,4.005537662495831e-06
330.653,3.107925771062139e-06
330.712,2.4568715374224883e-06
330.771,1.9523293058951815e-06
330.83,1.5437772268610294e-06
330.889,1.240872098265383e-06
330.948,1.0195372564869823e-06
331.006,8.574499304603359e-07
331.065,7.168722752029816e-07
331.124,5.928038240920142e-07
331.183,4.685234497153078e-07
331.242,3.4381854459520844e-07
331.301,2.2044155508840283e-07
331.359,8.869599010164101e-08
331.418,0.0
331.477,0.0
331.536,0.0
331.595,0.0
331.653,0.0
331.712,0.0
331.771,0.0
331.83,0.0
331.888,0.0
331.947,0.0
332.006,0.0
332.065,0.0
332.123,0.0
332.182,0.0
332.241,0.0
332.299,0.0
332.358,0.0
332.417,0.0
332.475,0.0
332.534,0.0
332.592,0.0
332.651,0.0
332.71,0.0
332.768,0.0
332.827,0.0
332.885,1.1486352418921984e-07
332.944,3.335135604530439e-07
333.003,5.485978878450246e-07
333.061,7.591759877903385e-07
333.12,9.618798573968031e-07
333.178,1.151770034650635e-06
333.237,1.327298371004108e-06
333.295,1.4872973217203639e-06
333.354,1.6322859559812724e-06
333.412,1.762745989540593e-06
333.471,1.8792298731701308e-06
333.529,1.982152099483662e-06
333.588,2.0591929260735433e-06
333.646,2.110294288265158e-06
333.705,2.1353128599398117e-06
333.763,2.134234512229428e-06
333.822,2.1072969309290853e-06
333.88,2.054866177485376e-06
333.938,1.977410356618342e-06
333.997,1.875231761522636e-06
334.055,1.7727527288658615e-06
334.114,1.6745767733479922e-06
334.172,1.5838586405030064e-06
334.23,1.5036379458315422e-06
334.289,1.4341714975896165e-06
334.347,1.3757625850985048e-06
334.405,1.3286247400043362e-06
334.464,1.2930070082597039e-06
334.522,1.2567959637364022e-06
334.58,1.2203772738828684e-06
334.639,1.1844362957386025e-06
334.697,1.1497189402213446e-06
334.755,1.116697074120022e-06
334.814,1.0858404244190451e-06
334.872,1.0579603849342705e-06
334.93,1.0337338189899998e-06
334.988,1.0120401182336037e-06
335.047,9.916244251133071e-07
335.105,9.71045193370348e-07
335.163,9.488035909957944e-07
335.221,9.250855606302253e-07
335.28,9.001247648929289e-07
335.338,8.740469089525e-07
335.396,8.470010076368864e-07
335.454,8.212395316089671e-07
335.512,7.968128509215902e-07
335.57,7.738268739265592e-07
335.629,7.523487978481804e-07
335.687,7.322781068774225e-07
335.745,7.134668930225528e-07
335.803,6.957448148217778e-07
335.861,6.789106870604829e-07
335.919,6.628120944189299e-07
335.977,6.471367499177828e-07
336.035,6.317817962225572e-07
336.094,6.16659114059562e-07
336.152,6.017029773431538e-07
336.21,5.868159967348833e-07
336.268,5.719844225930459e-07
336.326,5.572015133360003e-07
336.384,5.421712197253324e-07
336.442,5.268250572014219e-07
336.5,5.11048979072258e-07
336.558,4.947053598021929e-07
336.616,4.776845691409839e-07
336.674,4.5990277266041653e-07
336.732,4.411215002759587e-07
336.79,4.2108763642972355e-07
336.848,3.998920476639659e-07
336.906,3.7760695263206394e-07
336.964,3.5436439072963963e-07
337.022,3.303265942879784e-07
337.08,3.0532412914107194e-07
337.138,2.791444365135218e-07
337.195,2.5168413491425317e-07
337.253,2.22879555166186e-07
337.311,1.9266200133389402e-07
337.369,1.6110493277382548e-07
337.427,1.282510044602839e-07
337.485,9.413541237444647e-08
337.543,5.891985543495635e-08
337.601,2.278076655542015e-08
337.658,0.0
337.716,0.0
337.774,0.0
337.832,0.0
337.89,0.0
337.947,0.0
338.005,0.0
338.063,0.0
338.121,0.0
338.178,0.0
338.236,0.0
338.294,0.0
338.352,0.0
338.409,0.0
338.467,0.0
338.525,0.0
338.583,0.0
338.64,0.0
338.698,0.0
338.756,0.0
338.813,0.0
338.871,0.0
338.928,0.0
338.986,0.0
339.044,0.0
339.101,0.0
339.159,0.0
339.216,0.0
339.274,0.0
339.332,0.0
339.389,0.0
339.447,0.0
339.504,0.0
339.562,0.0
339.619,0.0
339.677,0.0
339.734,0.0
339.792,0.0
339.849,0.0
339.907,0.0
339.964,0.0
340.022,0.0
340.079,0.0
340.137,0.0
340.194,0.0
340.252,0.0
340.309,0.0
340.366,0.0
340.424,0.0
340.481,0.0
340.538,0.0
340.596,0.0
340.653,0.0
340.711,0.0
340.768,0.0
340.825,0.0
340.883,0.0
340.94,0.0
340.997,0.0
341.054,0.0
341.112,0.0
341.169,0.0
341.226,0.0
341.284,0.0
341.341,0.0
341.398,0.0
341.455,0.0
341.512,0.0
341.57,0.0
341.627,0.0
341.684,0.0
341.741,0.0
341.798,0.0
341.856,0.0
341.913,0.0
341.97,0.0
342.027,0.0
342.084,0.0
342.141,0.0
342.198,0.0
342.255,0.0
342.313,0.0
342.37,0.0
342.427,0.0
342.484,0.0
342.541,0.0
342.598,0.0
342.655,0.0
342.712,0.0
342.769,0.0
342.826,0.0
342.883,0.0
342.94,0.0
342.997,0.0
343.054,0.0
343.111,0.0
343.168,0.0
343.225,0.0
343.282,0.0
343.339,6.704506862507586e-08
343.395,1.4518299973350537e-07
343.452,2.228400130901447e-07
343.509,2.9937672796576024e-07
343.566,3.7422617428196904e-07
343.623,4.4681744619763224e-07
343.68,5.166682153206294e-07
343.737,5.834036504055482e-07
343.794,6.466330091261181e-07
343.85,7.059902283137759e-07
343.907,7.611192131268602e-07
343.964,8.116021173491387e-07
344.021,8.570855055691382e-07
344.078,8.972781131044426e-07
344.134,9.318810655551425e-07
344.191,9.60643153545684e-07
344.248,9.833745065448862e-07
344.305,9.999153016262967e-07
344.361,1.01024387260466e-06
344.418,1.0144732384840015e-06
344.475,1.0127385314224255e-06
344.532,1.0052392366358799e-06
344.588,9.922211950418785e-07
344.645,9.71949448238493e-07
344.702,9.4466685162522e-07
344.758,9.106972327935607e-07
344.815,8.703399132593048e-07
344.872,8.258447402226342e-07
344.928,7.775606262463257e-07
344.985,7.258394695304092e-07
345.042,6.7110300656636e-07
345.098,6.302477080311702e-07
345.155,6.038744431552367e-07
345.212,5.925345539549926e-07
345.268,5.967453629392005e-07
345.325,6.005812710334932e-07
345.381,6.044210784015754e-07
345.438,6.086657177087648e-07
345.495,6.136684075141727e-07
345.551,5.216992154486201e-07
345.608,3.3305012016265086e-07
345.664,4.796231405198899e-08
345.721,0.0
345.777,0.0
345.834,0.0
345.89,0.0
345.947,0.0
346.003,4.389823949312478e-08
346.06,1.5236626367098681e-07
346.116,1.6590555306766949e-07
346.173,8.453513712713602e-08
346.229,6.388813668882009e-09
346.285,0.0
346.342,0.0
346.398,0.0
346.455,0.0
346.511,0.0
346.567,0.0
346.624,0.0
346.68,0.0
346.737,0.0
346.793,0.0
346.849,0.0
346.906,0.0
346.962,0.0
347.018,0.0
347.074,0.0
347.131,0.0
347.187,0.0
347.243,0.0
347.3,0.0
347.356,0.0
347.412,0.0
347.468,0.0
347.524,0.0
347.581,0.0
347.637,0.0
347.693,0.0
347.749,0.0
347.805,0.0
347.862,0.0
347.918,0.0
347.974,0.0
348.03,0.0
348.086,0.0
348.142,0.0
348.198,0.0
348.254,0.0
348.311,0.0
348.367,0.0
348.423,0.0
348.479,0.0
348.535,0.0
348.591,0.0
348.647,0.0
348.703,0.0
348.759,0.0
348.815,0.0
348.871,4.105665204901098e-09
348.927,1.7856720712579443e-08
348.983,3.211465897804103e-08
349.039,4.672113623455288e-08
349.095,6.15488479701283e-08
349.151,7.640329045709486e-08
349.207,9.104964957728892e-08
349.263,1.0525044487522475e-07
349.319,1.1881362890713413e-07
349.374,1.3164998970184965e-07
349.43,1.4372590301894237e-07
349.486,1.5503736984522096e-07
349.542,1.656262966309792e-07
349.598,1.7556054053185423e-07
349.654,1.849406072718683e-07
349.71,1.9392726247151318e-07
349.766,2.026635340057778e-07
349.821,2.1122662110942823e-07
349.877,2.1970121521407779e-07
349.933,2.2816337694887152e-07
349.989,2.3663004388490336e-07
350.045,2.4517005758989536e-07
350.1,2.538807683197455e-07
350.156,2.627715178426979e-07
350.212,2.718364858866632e-07
350.268,2.8107189337968305e-07
350.323,2.904029637477669e-07
350.379,2.9976353757102366e-07
350.435,3.091647779876663e-07
350.491,3.185513341681557e-07
350.546,3.2780267026359327e-07
350.602,3.3688174732628775e-07
350.658,3.4578542653886177e-07
350.713,3.5453789540024915e-07
350.769,3.6324561567374785e-07
350.825,3.7197818840645227e-07
350.88,3.807464880985114e-07
350.936,3.8960351178683026e-07
350.992,3.986216704948154e-07
351.047,4.078556180095161e-07
351.103,4.173428717958197e-07
351.158,4.2703954280865915e-07
351.214,4.3683842534782486e-07
351.27,4.4664990611290877e-07
351.325,4.5634336512444783e-07
351.381,4.657656715852033e-07
351.436,4.74769245393892e-07
351.492,4.831301084558359e-07
351.547,4.905850327184338e-07
351.603,4.969316211379043e-07
351.658,5.019672106092458e-07
351.714,5.054683726102777e-07
351.769,5.07299094187473e-07
351.825,5.072844714620298e-07
351.88,5.052024424401903e-07
351.936,5.009605561904905e-07
351.991,4.945275433869445e-07
352.047,4.858924504989615e-07
352.102,4.751422530157871e-07
352.158,4.62384670226666e-07
352.213,4.476496348095621e-07
352.268,4.310318928310703e-07
352.324,4.1269756596528075e-07
352.379,3.9272648439485966e-07
352.434,3.712043382277736e-07
352.49,3.482104020842808e-07
352.545,3.2375666066086007e-07
352.601,2.9792975930255217e-07
352.656,2.708881130804791e-07
352.711,2.4278319552747103e-07
352.767,2.137740840267332e-07
352.822,1.8403643524437997e-07
352.877,1.537136397394759e-07
352.932,1.2298825359662823e-07
352.988,9.209026358508948e-08
353.043,6.117704007628915e-08
353.098,3.0415107096000076e-08
353.153,0.0
353.209,0.0
353.264,0.0
353.319,0.0
353.374,0.0
353.43,0.0
353.485,0.0
353.54,0.0
353.595,0.0
353.65,0.0
353.705,0.0
353.761,0.0
353.816,0.0
353.871,0.0
353.926,0.0
353.981,0.0
354.036,0.0
354.091,0.0
354.146,0.0
354.201,0.0
354.256,0.0
354.311,0.0
354.367,0.0
354.422,0.0
354.477,0.0
354.532,0.0
354.587,0.0
354.642,0.0
354.697,0.0
354.751,0.0
354.806,0.0
354.861,0.0
354.916,0.0
354.971,0.0
355.026,0.0
355.081,0.0
355.136,0.0
355.191,2.33136716398527e-08
355.246,4.814049886687345e-08
355.301,7.319487867749256e-08
355.355,9.840769293889101e-08
355.41,1.236330926012955e-07
355.465,1.4880384384696137e-07
355.52,1.7388968518028543e-07
355.575,1.9882036511840325e-07
355.63,2.2353801511025722e-07
355.684,2.479842152144834e-07
355.739,2.720241966575008e-07
355.794,2.9555324268663967e-07
355.849,3.185109717339752e-07
355.904,3.4077266419024903e-07
355.958,3.6226751722661257e-07
356.013,3.8296350196158677e-07
356.068,4.0276603915372926e-07
356.123,4.21588155770749e-07
356.177,4.3937015006071777e-07
356.232,4.5602977501134444e-07
356.287,4.715231075693002e-07
356.341,4.858929198441582e-07
356.396,4.991176645314927e-07
356.451,5.111637175787504e-07
356.505,5.22062542803635e-07
356.56,5.317861571633352e-07
356.615,5.403324395008444e-07
356.669,5.477234042313416e-07
356.724,5.538991300870965e-07
356.778,5.587725383407801e-07
356.833,5.622636577292273e-07
356.888,5.642444402968898e-07
356.942,5.645627134209163e-07
356.997,5.631678820108786e-07
357.051,5.600096004183592e-07
357.106,5.550998365608235e-07
357.16,5.485073507255773e-07
357.215,5.40233075033621e-07
357.269,5.302848445304309e-07
357.324,5.187822918185017e-07
357.378,5.058374058132595e-07
357.433,4.915319293792954e-07
357.487,4.759949477793882e-07
357.542,4.593120095449097e-07
357.596,4.4156224037724425e-07
357.651,5.194793272110774e-07
357.705,6.93205292891365e-07
357.76,1.5815873474103175e-07
357.814,0.0
357.868,1.7909140862121309e-06
357.923,5.471547310656643e-07
357.977,1.1816120073844185e-08
358.032,1.8505694372635822e-07
358.086,2.6220195554844113e-07
358.14,2.433454127957194e-07
358.195,2.2511682665381342e-07
358.249,2.075726380568105e-07
358.303,1.9081622442200637e-07
358.358,1.7483674375483004e-07
358.412,1.5953930244783102e-07
358.466,1.4487480653905102e-07
358.521,1.3079595502997342e-07
358.575,1.1745517833528159e-07
358.629,1.0509674637677149e-07
358.683,9.39535592969682e-08
358.738,8.409631344114883e-08
358.792,7.559111902341654e-08
358.846,6.827439412553689e-08
358.9,6.208554948065782e-08
358.954,5.715330467751897e-08
359.009,5.3601312490406445e-08
359.063,5.126564950559028e-08
359.117,5.009054289907673e-08
359.171,5.011605937101781e-08
359.225,5.130441875677178e-08
359.28,5.360166737138103e-08
359.334,5.689223381510148e-08
359.388,6.092429898041487e-08
359.442,6.540579017567686e-08
359.496,6.994621074228151e-08
359.55,7.401990047435672e-08
359.604,7.708478865118044e-08
359.658,7.869484862943234e-08
359.712,7.849582995303752e-08
359.766,7.640113282769659e-08
359.82,7.252159930568365e-08
359.875,6.688931912046945e-08
359.929,5.970543554462634e-08
359.983,5.089558373373687e-08
360.037,4.01295205522863e-08
360.091,2.7756770277148437e-08
360.145,2.9695892302554463e-08
360.199,4.6604313352341124e-08
360.253,6.204896688425451e-08
360.306,7.623965018963989e-08
360.36,0.0
360.414,0.0
360.468,0.0
360.522,0.0
360.576,0.0
360.63,1.2378443611510329e-06
360.684,1.2061461230108392e-06
360.738,0.0
360.792,0.0
360.846,0.0
360.899,0.0
360.953,1.5132879664864008e-08
361.007,1.1983109287748968e-07
361.061,7.783257712257561e-08
361.115,3.472798611889875e-08
361.168,0.0
361.222,0.0
361.276,0.0
361.33,0.0
361.384,0.0
361.437,0.0
361.491,0.0
361.545,0.0
361.599,0.0
361.652,0.0
361.706,0.0
361.76,0.0
361.813,0.0
361.867,0.0
361.921,6.638539338441523e-08
361.974,2.177515663815487e-07
362.028,3.689701861714381e-07
362.082,5.012122841125996e-07
362.135,5.677086934900506e-07
362.189,5.400243462876324e-07
362.242,4.020778331777712e-07
362.296,1.778885597417409e-07
362.35,0.0
362.403,0.0
362.457,5.983105530314384e-08
362.51,2.2906819230595598e-07
362.564,4.0560170586720485e-07
362.617,2.669380057175091e-07
362.671,4.1900491203555304e-08
362.724,3.7461749451242155e-07
362.778,7.874658945596821e-07
362.831,8.480268504540522e-07
362.885,5.130634074490752e-07
362.938,0.0
362.998,6.397518742796475e-07
363.06,6.488483914307886e-07
363.122,6.574262765463501e-07
363.184,6.65252929372516e-07
363.246,6.720107579922124e-07
363.308,6.774917876529398e-07
363.37,6.814575597515238e-07
363.432,6.836333535798104e-07
363.494,6.83989856378517e-07
363.556,6.826846508698842e-07
363.618,6.798955680550002e-07
363.68,6.759267004253022e-07
363.742,6.71057949672904e-07
363.804,6.654782738922888e-07
363.866,6.594104349442003e-07
363.928,6.530584356671741e-07
363.99,6.465617148798505e-07
364.052,6.40019347827873e-07
364.114,6.334416723313914e-07
364.176,6.268143398458135e-07
364.238,6.201861559553572e-07
364.3,6.136086235855821e-07
364.362,6.071406595144415e-07
364.424,6.009358266534797e-07
364.486,5.951051999258215e-07
364.548,5.896357763618415e-07
364.609,5.845384859615829e-07
364.671,5.796875625834666e-07
364.733,5.748302218343717e-07
364.795,5.698750299398705e-07
364.857,5.647655692234415e-07
364.919,5.593017650778257e-07
364.981,5.534051833516014e-07
365.042,5.47139325527414e-07
365.104,5.405856446961802e-07
365.166,5.340175483687851e-07
365.228,5.27765787467456e-07
365.29,5.220042623173473e-07
365.351,5.168679214478638e-07
365.413,5.125161372873155e-07
365.475,5.089510133920127e-07
365.537,5.061062323480005e-07
365.598,5.038580623291599e-07
365.66,5.019515670990528e-07
365.722,5.001859712046211e-07
365.784,4.983391058262481e-07
365.845,4.961479216861012e-07
365.907,4.934693375211376e-07
365.969,4.902038407469739e-07
366.03,4.862132215410027e-07
366.092,4.814176159820008e-07
366.154,4.7570275377012695e-07
366.215,4.688495700474933e-07
366.277,4.607046833277459e-07
366.339,4.511518956606842e-07
366.4,4.399644269175077e-07
366.462,4.2696252747437706e-07
366.524,4.121097124878725e-07
366.585,3.954386975722372e-07
366.647,3.7712156848934364e-07
366.708,3.5742280658125724e-07
366.77,3.364996098949482e-07
366.832,3.144416289549813e-07
366.893,2.914524945300848e-07
366.955,2.677162307044575e-07
367.016,2.433396903853616e-07
367.078,2.1833932455407802e-07
367.139,1.9259959550958093e-07
367.201,1.659923801146186e-07
367.262,1.3846818221113203e-07
367.324,1.1007526528328736e-07
367.385,8.089482212820793e-08
367.447,5.1070243832718065e-08
367.508,2.0689363742944007e-08
367.57,0.0
367.631,0.0
367.693,0.0
367.754,0.0
367.816,0.0
367.877,0.0
367.939,0.0
368.0,0.0
368.062,0.0
368.123,0.0
368.184,0.0
368.246,0.0
368.307,0.0
368.369,0.0
368.43,0.0
368.491,0.0
368.553,0.0
368.614,0.0
368.675,0.0
368.737,0.0
368.798,0.0
368.859,0.0
368.921,0.0
368.982,0.0
369.043,0.0
369.104,0.0
369.166,0.0
369.227,0.0
369.288,0.0
369.349,0.0
369.411,0.0
369.472,0.0
369.533,0.0
369.594,0.0
369.656,0.0
369.717,0.0
369.778,0.0
369.839,0.0
369.9,0.0
369.961,0.0
370.023,0.0
370.084,0.0
370.145,0.0
370.206,0.0
370.267,3.7323757262833836e-08
370.328,7.685478686796526e-08
370.389,1.1661175954992236e-07
370.451,1.5637770519335998e-07
370.512,1.9602225746876859e-07
370.573,2.3541863285214097e-07
370.634,2.7442731426435544e-07
370.695,3.130153711404884e-07
370.756,3.510509647058868e-07
370.817,3.882495408694405e-07
370.878,4.2429522216088e-07
370.939,4.5893367762472385e-07
371.0,4.919125773100207e-07
371.061,5.230716475805847e-07
371.122,5.523193179455006e-07
371.183,5.794611664926634e-07
371.244,6.044222840271885e-07
371.305,6.272470716926665e-07
371.366,6.480368515739784e-07
371.427,6.668094708551581e-07
371.488,6.834460140146304e-07
371.549,6.977839836316627e-07
371.61,7.095490166971343e-07
371.671,7.185581316122529e-07
371.732,7.246774660959867e-07
371.793,7.277024191680942e-07
371.853,7.274848282040152e-07
371.914,7.24060159169512e-07
371.975,7.176213987386603e-07
372.036,7.083679296556026e-07
372.097,6.966231964952047e-07
372.158,6.826674739206135e-07
372.219,6.666337119230394e-07
372.28,6.48669234598565e-07
372.34,6.288299386281785e-07
372.401,6.071477886529104e-07
372.462,5.836954810028088e-07
372.523,5.586072256786974e-07
372.584,5.320559504313811e-07
372.645,5.041664881871876e-07
372.705,4.751706538089807e-07
372.766,4.4544476094277145e-07
372.827,4.154313406400393e-07
372.888,3.8549741930361135e-07
372.948,3.559120865568793e-07
373.009,3.2688250588141185e-07
373.07,2.985350797988006e-07
373.131,2.7104010010625453e-07
373.191,2.4448901057155035e-07
373.252,2.188435231323714e-07
373.313,1.9402117898464263e-07
373.373,1.7000950001096893e-07
373.434,1.4689235662107337e-07
373.495,1.2474046485213466e-07
373.555,1.0372234136484581e-07
373.616,8.399693768959978e-08
373.677,6.563391431290171e-08
373.737,2.948638251610782e-07
373.798,7.715940821793918e-07
373.859,0.0
373.919,0.0
373.98,3.6835572980833485e-06
374.041,5.520138105312722e-07
374.101,0.0
374.162,0.0
374.222,0.0
374.283,0.0
374.343,0.0
374.404,0.0
374.465,0.0
374.525,0.0
374.586,0.0
374.646,0.0
374.707,0.0
374.767,0.0
374.828,0.0
374.888,0.0
374.949,0.0
375.009,0.0
375.07,0.0
375.13,0.0
375.19,0.0
375.251,0.0
375.311,0.0
375.372,0.0
375.432,0.0
375.493,0.0
375.553,0.0
375.613,0.0
375.674,0.0
375.734,0.0
375.794,0.0
375.855,0.0
375.915,0.0
375.975,0.0
376.036,0.0
376.096,0.0
376.156,0.0
376.217,0.0
376.277,0.0
376.337,0.0
376.398,0.0
376.458,0.0
376.518,0.0
376.578,0.0
376.639,0.0
376.699,0.0
376.759,0.0
376.819,0.0
376.88,0.0
376.94,0.0
377.0,0.0
377.06,0.0
377.12,0.0
377.18,0.0
377.241,0.0
377.301,0.0
377.361,0.0
377.421,0.0
377.481,0.0
377.541,0.0
377.601,0.0
377.661,0.0
377.722,0.0
377.782,0.0
377.842,0.0
377.902,0.0
377.962,0.0
378.022,0.0
378.082,0.0
378.142,0.0
378.202,0.0
378.262,0.0
378.322,0.0
378.382,0.0
378.442,0.0
378.502,0.0
378.562,0.0
378.622,0.0
378.682,0.0
378.742,0.0
378.802,0.0
378.862,0.0
378.921,0.0
378.981,0.0
379.041,0.0
379.101,0.0
379.161,0.0
379.221,0.0
379.281,0.0
379.341,0.0
379.401,0.0
379.46,0.0
379.52,0.0
379.58,0.0
379.64,0.0
379.7,0.0
379.759,0.0
379.819,0.0
379.879,0.0
379.939,0.0
379.999,0.0
380.058,0.0
380.118,0.0
380.178,0.0
380.237,0.0
380.297,0.0
380.357,0.0
380.417,0.0
380.476,0.0
380.536,0.0
380.596,0.0
380.655,0.0
380.715,0.0
380.775,0.0
380.834,0.0
380.894,2.2992436003109363e-09
380.954,1.1734156502174192e-07
381.013,2.600655291049477e-07
381.073,4.347691093489422e-07
381.132,6.419394275707549e-07
381.192,8.841223589717494e-07
381.252,1.165481700260571e-06
381.311,1.485901029224864e-06
381.371,1.8410462041047934e-06
381.43,2.2268488827024614e-06
381.49,2.6368341538753497e-06
381.549,3.0698692284562007e-06
381.609,3.5316677883267845e-06
381.668,4.0338605072966195e-06
381.728,4.585925072973608e-06
381.787,5.2033608848125934e-06
381.847,5.9118498295345855e-06
381.906,6.711678720423452e-06
381.966,7.617305989212985e-06
382.025,8.649001321317875e-06
382.085,9.843602734066405e-06
382.144,1.1217421581562965e-05
382.204,1.2758202962094619e-05
382.263,1.446431274810497e-05
382.323,1.6359752892961223e-05
382.382,1.8573617880947057e-05
382.441,2.117924390167088e-05
382.501,2.4149586004197402e-05
382.56,2.7482781328804883e-05
382.619,3.128758863672673e-05
382.679,3.583068341677591e-05
382.738,4.1753070847135496e-05
382.798,4.89271191039473e-05
382.857,5.635521149487771e-05
382.916,6.336715106651203e-05
382.976,6.71266405186536e-05
383.035,6.850158344240896e-05
383.094,7.667061407483284e-05
383.154,9.400869909651464e-05
383.213,0.00010842549732336022
383.272,0.00010545715112410774
383.331,8.615592830938291e-05
383.391,6.720409029523234e-05
383.45,5.760984349056519e-05
383.509,5.529519202424889e-05
383.568,6.0022574300126785e-05
383.628,7.144463689411826e-05
383.687,9.102345047307246e-05
383.746,0.00011999231612355326
383.805,0.00014293323920803831
383.864,0.00013717478826686102
383.924,9.543276055600114e-05
383.983,6.681988629156786e-05
384.042,4.757577267781995e-05
384.101,3.4911711682671845e-05
384.16,2.7950431006484394e-05
384.219,2.408932800180333e-05
384.279,2.1114088032689758e-05
384.338,1.8407115213273124e-05
384.397,1.5870106218101252e-05
384.456,1.3658377232721816e-05
384.515,1.186455613137105e-05
384.574,1.0359531310800442e-05
384.633,9.039530299652275e-06
384.692,7.872966462271178e-06
384.751,6.876237440561484e-06
384.81,6.047201505306742e-06
384.869,5.356883802739722e-06
384.929,4.7629875897432e-06
384.988,4.209935478172494e-06
385.047,3.7119196651274603e-06
385.106,3.25214875979194e-06
385.165,2.8173244346242074e-06
385.224,2.3937055288431355e-06
385.283,1.978999742161264e-06
385.342,1.5808025808106408e-06
385.401,1.204260833505565e-06
385.459,8.696527825499781e-07
385.518,5.69608364506227e-07
385.577,3.186872003977652e-07
385.636,1.2151363695644783e-07
385.695,0.0
385.754,0.0
385.813,0.0
385.872,0.0
385.931,9.596156529050281e-09
385.99,1.1766996621155523e-07
386.049,2.436213362676459e-07
386.107,3.793382155168676e-07
386.166,5.161251720265927e-07
386.225,6.454778399782924e-07
386.284,7.617109138680129e-07
386.343,8.634725834777268e-07
386.402,9.481709908017578e-07
386.46,1.0178283166483589e-06
386.519,1.0693849879608398e-06
386.578,1.1002170824267727e-06
386.637,1.1081881248093609e-06
386.696,1.0920283505042957e-06
386.754,1.0521560659561238e-06
386.813,9.896904957415273e-07
386.872,9.078271811175008e-07
386.931,8.107856433565054e-07
386.989,7.027699842681874e-07
387.048,5.875940774327394e-07
387.107,4.690884676682902e-07
387.165,3.5050224850086125e-07
387.224,2.337606346671768e-07
387.283,1.1935954805928035e-07
387.342,7.812930134751708e-09
387.4,0.0
387.459,0.0
387.517,0.0
387.576,0.0
387.635,0.0
387.693,0.0
387.752,0.0
387.811,0.0
387.869,0.0
387.928,0.0
387.986,0.0
388.045,0.0
388.103,0.0
388.162,0.0
388.221,0.0
388.279,0.0
388.338,0.0
388.396,0.0
388.455,0.0
388.513,0.0
388.572,0.0
388.63,0.0
388.689,0.0
388.747,0.0
388.806,0.0
388.864,0.0
388.922,0.0
388.981,0.0
389.039,0.0
389.098,0.0
389.156,0.0
389.214,0.0
389.273,0.0
389.331,0.0
389.39,0.0
389.448,0.0
389.506,0.0
389.565,0.0
389.623,0.0
389.681,0.0
389.74,0.0
389.798,0.0
389.856,0.0
389.914,0.0
389.973,0.0
390.031,0.0
390.089,0.0
390.147,0.0
390.206,0.0
390.264,0.0
390.322,0.0
390.38,0.0
390.439,0.0
390.497,0.0
390.555,0.0
390.613,0.0
390.671,0.0
390.729,0.0
390.788,0.0
390.846,0.0
390.904,0.0
390.962,0.0
391.02,0.0
391.078,0.0
391.136,0.0
391.194,0.0
391.253,0.0
391.311,0.0
391.369,0.0
391.427,0.0
391.485,0.0
391.543,0.0
391.601,0.0
391.659,0.0
391.717,0.0
391.775,0.0
391.833,0.0
391.891,2.1807257101322753e-07
391.949,5.740837440328322e-07
392.007,9.025935305880774e-07
392.065,1.2050593580913928e-06
392.123,1.474949261034164e-06
392.18,1.7373630342080358e-06
392.238,1.984456564257475e-06
392.296,2.1890804429451976e-06
392.354,2.3136004997723835e-06
392.412,2.3239285934257007e-06
392.47,2.218342856106303e-06
392.528,1.9960149728073187e-06
392.586,1.6550487274553898e-06
392.644,1.1359277792270824e-06
392.701,4.5870756842842395e-07
392.759,0.0
392.817,0.0
392.875,0.0
392.933,0.0
392.991,9.956699011675235e-07
393.048,2.2592643018293326e-06
393.106,4.159857880689109e-06
393.164,7.562892585575153e-06
393.222,1.2495835727779755e-05
393.279,2.0704587291079728e-05
393.337,3.233664105975983e-05
393.395,3.600981765447524e-05
393.453,1.584338101753913e-05
393.51,6.044630380282828e-06
393.568,1.3749005121296406e-06
393.626,0.0
393.684,0.0
393.741,3.8422577219510505e-07
393.799,1.1871771463123534e-07
393.857,0.0
393.914,0.0
393.972,0.0
394.03,0.0
394.087,0.0
394.145,0.0
394.202,0.0
394.26,0.0
394.318,0.0
394.375,0.0
394.433,0.0
394.49,0.0
394.548,0.0
394.605,0.0
394.663,0.0
394.72,0.0
394.778,2.2869289479826675e-07
394.836,6.674090524699219e-07
394.893,1.0871770754276448e-06
394.951,1.1767992990541157e-06
395.008,1.212700185259179e-06
395.065,1.1998084235145508e-06
395.123,0.0
395.18,0.0
395.238,6.749274767644922e-06
395.295,4.047856598099314e-06
395.353,1.63466430600256e-06
395.41,1.4533915423391564e-06
395.468,1.2450373322548263e-06
395.525,1.0130414618647711e-06
395.582,1.031218511218183e-06
395.64,9.939381832303763e-07
395.697,9.20106034768614e-07
395.754,8.182302783646774e-07
395.812,6.919638862311757e-07
395.869,5.777967877173594e-07
395.927,4.7263759899701294e-07
395.984,3.776885677156473e-07
396.041,2.8990316139576667e-07
396.098,1.5643564996266198e-07
396.156,0.0
396.213,0.0
396.27,0.0
396.328,0.0
396.385,0.0
396.442,0.0
396.499,0.0
396.557,4.3856922137544695e-07
396.614,1.7207527688479722e-06
396.671,3.8347675916176115e-06
396.728,6.678640853541178e-06
396.785,9.356733164148505e-06
396.843,1.106133829982103e-05
396.9,9.73582211923829e-06
396.957,5.382283678668867e-06
397.014,2.2529736202253674e-06
397.071,1.1984654388406887e-06
397.128,3.194229382054899e-07
397.186,0.0
397.243,0.0
397.3,0.0
397.357,0.0
397.414,0.0
397.471,0.0
397.528,0.0
397.585,0.0
397.642,0.0
397.699,2.587774339878828e-07
397.756,6.136749620712299e-07
397.814,9.374503837535722e-07
397.871,1.2311606397646584e-06
397.928,1.5015022900842236e-06
397.985,1.8133368889755196e-06
398.042,2.1889040201437534e-06
398.099,2.6207467601559552e-06
398.156,3.0952616439476144e-06
398.212,3.599227561431555e-06
398.269,4.1307533923475315e-06
398.326,4.688121522074314e-06
398.383,5.270150182444831e-06
398.44,5.652729962093563e-06
398.497,5.840880829402614e-06
398.554,5.843049862296521e-06
398.611,5.667807647628941e-06
398.668,5.713985094866932e-06
398.725,5.987708548807426e-06
398.782,6.486596239497726e-06
398.839,7.207867749561796e-06
398.895,7.915579326683823e-06
398.952,8.602595493402776e-06
399.009,9.266837202874381e-06
399.066,9.906323056721165e-06
399.123,1.0518968334413505e-05
399.18,1.1102132456269356e-05
399.236,1.1653378243849358e-05
399.293,1.2170066705969585e-05
399.35,1.2687227481522023e-05
399.407,1.3198886362829199e-05
399.463,1.3692202530961393e-05
399.52,1.4152819427259087e-05
399.577,1.4566922568684983e-05
399.634,1.4921620484718947e-05
399.69,1.5210941289149624e-05
399.747,1.5429921049187783e-05
399.804,1.557345809036302e-05
399.861,1.5641471423452977e-05
399.917,1.5633678376987835e-05
399.974,1.5550154325531543e-05
400.031,1.5391422321406726e-05
400.087,1.5158235370458098e-05
400.144,1.4851364384966728e-05
400.201,1.4471687882855712e-05
400.257,1.402030426114856e-05
400.314,1.3504105756085402e-05
400.37,1.2934914666693042e-05
400.427,1.2326469933044172e-05
400.484,1.1692189244735433e-05
400.54,1.1045218801858617e-05
400.597,1.0395720051778068e-05
400.653,9.75270327420683e-06
400.71,9.118967414063417e-06
400.766,8.49741083760987e-06
400.823,7.89076895182949e-06
400.879,7.301733227630958e-06
400.936,6.73306498479921e-06
400.993,6.187478871593208e-06
401.049,5.667637837631284e-06
401.105,5.176029989516535e-06
401.162,4.714928429493739e-06
401.218,4.2832333437082655e-06
401.275,3.879151971936873e-06
401.331,3.500041076203589e-06
401.388,3.143211721163147e-06
401.444,2.805821669376868e-06
401.501,2.484489348626706e-06
401.557,2.1765285916354885e-06
401.614,1.882920381461511e-06
401.67,1.6043870723971464e-06
401.726,1.3414626313427164e-06
401.783,1.094426662703521e-06
401.839,8.632016179183419e-07
401.895,6.47610255161247e-07
401.952,4.4753130102204614e-07
402.008,2.628212966181827e-07
402.064,9.331251067853813e-08
402.121,0.0
402.177,0.0
402.233,0.0
402.29,0.0
402.346,0.0
402.402,0.0
402.458,0.0
402.515,0.0
402.571,0.0
402.627,0.0
402.683,0.0
402.74,0.0
402.796,0.0
402.852,0.0
402.908,0.0
402.964,0.0
403.021,0.0
403.077,0.0
403.133,0.0
403.189,2.8497315315449494e-06
403.245,0.0
403.301,0.0
403.357,0.0
403.414,0.0
403.47,0.0
403.526,0.0
403.582,0.0
403.638,0.0
403.694,0.0
403.75,0.0
403.806,0.0
403.862,0.0
403.918,0.0
403.974,0.0
404.03,0.0
404.086,0.0
404.142,0.0
404.198,0.0
404.254,0.0
404.31,0.0
404.366,0.0
404.422,2.009379115988417e-08
404.478,4.452651846672379e-08
404.534,6.421050760069837e-08
404.59,7.941199633479145e-08
404.646,9.066757577516184e-08
404.701,9.90365005887366e-08
404.757,1.0547703404339104e-07
404.813,0.0
404.869,0.0
404.925,1.504281492135798e-06
404.981,3.250442460744871e-06
405.037,0.0
405.092,3.5756243820428906e-06
405.148,1.5472184693799542e-06
405.204,0.0
405.26,0.0
405.316,2.4331642870113184e-07
405.371,2.7710282062893263e-07
405.427,3.2036686716895816e-07
405.483,3.7520273203181814e-07
405.539,4.435651380696759e-07
405.594,5.272991777490098e-07
405.65,6.280921085974371e-07
405.706,7.46698769732538e-07
405.761,8.834042596132026e-07
405.817,1.0380910878268778e-06
405.873,1.2103534203777402e-06
405.928,1.39959115872983e-06
405.984,1.6083802813403572e-06
406.04,1.8456347870075336e-06
406.095,2.1202725635694577e-06
406.151,2.4352223285776194e-06
406.207,2.7934874998309377e-06
406.262,3.197450299526414e-06
406.318,3.6486518862646826e-06
406.374,4.148403411979143e-06
406.429,4.6973429893775775e-06
406.485,5.2928703359105674e-06
406.54,5.932543551321145e-06
406.596,6.614056424644696e-06
406.651,7.3352110061703095e-06
406.707,8.09370260003749e-06
406.763,8.887150941045607e-06
406.818,9.71324107747931e-06
406.874,1.0563999977636418e-05
406.929,1.1426402976891379e-05
406.985,1.2283078002698958e-05
407.04,1.311972028104994e-05
407.095,1.3921111833363509e-05
407.151,1.4673373581703233e-05
407.206,1.536454575539117e-05
407.262,1.598247450661485e-05
407.317,1.6516104937965865e-05
407.373,1.696032620748272e-05
407.428,1.7310367483847563e-05
407.484,1.756503459081281e-05
407.539,1.7723346461313573e-05
407.594,1.7784573587058548e-05
407.65,1.7748118454507105e-05
407.705,1.761337267062701e-05
407.76,1.7383109916087113e-05
407.816,1.7061477662261224e-05
407.871,1.665950900332539e-05
407.926,1.6188995073214906e-05
407.982,1.5663015550556315e-05
408.037,1.5093828906219032e-05
408.092,1.4492432204229237e-05
408.148,1.3870909933868816e-05
408.203,1.324117424100693e-05
408.258,1.2611392210150503e-05
408.314,1.1989067958757411e-05
408.369,1.1375891612902188e-05
408.424,1.077351147036336e-05
408.479,1.0183779872023169e-05
408.534,9.608800233071792e-06
408.59,9.050739959170192e-06
408.645,8.511729272762103e-06
408.7,7.994367936328152e-06
408.755,7.4977702633750355e-06
408.81,7.020216557419579e-06
408.866,6.559600350539211e-06
408.921,6.11392915571154e-06
408.976,5.6813416394164625e-06
409.031,5.259282589720567e-06
409.086,4.845058873414132e-06
409.141,4.4364919660018e-06
409.196,4.032040347524147e-06
409.252,3.633755156781012e-06
409.307,3.2439142826240413e-06
409.362,2.864841099717977e-06
409.417,2.4990375295250476e-06
409.472,2.1493058460183613e-06
409.527,1.8181292891876841e-06
409.582,1.5077962046881948e-06
409.637,1.2202215243819982e-06
409.692,9.570740931981073e-07
409.747,7.195579208421895e-07
409.802,5.086774461666499e-07
409.857,3.2524063877036943e-07
409.912,1.6948589183719438e-07
409.967,4.106036781913539e-08
410.022,0.0
410.077,0.0
410.132,0.0
410.187,0.0
410.242,0.0
410.297,0.0
410.351,0.0
410.406,0.0
410.461,0.0
410.516,0.0
410.571,2.8411638549840235e-08
410.626,9.828549972334523e-08
410.681,1.721793040692466e-07
410.736,2.4905618537956215e-07
410.79,3.282497710441464e-07
410.845,4.092109316775929e-07
410.9,4.913777898423736e-07
410.955,5.741988663462492e-07
411.01,6.56564541042642e-07
411.064,7.373194656965693e-07
411.119,8.154905339440876e-07
411.174,8.901350913953313e-07
411.229,9.602693144062326e-07
411.283,1.063178285249561e-06
411.338,1.197993205714494e-06
411.393,1.3641135041570971e-06
411.447,1.5610770273135224e-06
411.502,1.4700596848331524e-06
411.557,1.0907393745386362e-06
411.612,4.228276081643745e-07
411.666,0.0
411.721,1.315543376266293e-07
411.776,2.4192080720745627e-06
411.83,3.0677322849727073e-06
411.885,2.0771932824685267e-06
411.939,1.3588852447489786e-06
411.994,9.133141021393712e-07
412.049,7.412333564228062e-07
412.103,8.434853310173705e-07
412.158,9.022796950836946e-07
412.212,9.18273944270314e-07
412.267,8.922123905615588e-07
412.322,8.247936399551241e-07
412.376,7.547723344118882e-07
412.431,6.82804340020617e-07
412.485,6.094415717197377e-07
412.54,5.351668886347096e-07
412.594,4.605646658142027e-07
412.649,3.8616530491816173e-07
412.703,3.1252196863124504e-07
412.758,2.40305325961962e-07
412.812,1.7020289840334577e-07
412.866,1.027760461641657e-07
412.921,3.866344669936046e-08
412.975,1.9702810048189832e-08
413.03,4.661790228418061e-08
413.084,1.2020421956574906e-07
413.139,2.410082942467422e-07
413.193,6.685447199158886e-08
413.247,0.0
413.302,0.0
413.356,0.0
413.41,0.0
413.465,5.003013498999919e-06
413.519,2.3080342708828334e-06
413.573,0.0
413.628,0.0
413.682,0.0
413.736,0.0
413.791,0.0
413.845,0.0
413.899,3.2168050726960206e-09
413.953,1.1843105203844925e-07
414.008,1.9817820226600231e-07
414.062,2.8286647037861303e-07
414.116,3.7186182433183495e-07
414.17,4.643321932359086e-07
414.225,5.595750643125302e-07
414.279,6.568851008947813e-07
414.333,7.553838667414281e-07
414.387,8.543054352860456e-07
414.441,9.527438208675201e-07
414.496,8.593369700719558e-07
414.55,5.732084991261003e-07
414.604,2.0067931274595464e-06
414.658,5.159310205445877e-06
414.712,0.0
414.766,3.216061518423644e-07
414.82,1.1240379623517065e-06
414.874,2.8915591549628294e-07
414.928,1.7535492852514358e-06
414.982,5.5167037783498805e-06
415.037,4.725959972680022e-06
415.091,0.0
415.145,0.0
415.199,1.4854685871534954e-06
415.253,2.97607460431647e-06
415.307,2.77235083189463e-06
415.361,2.3941851545943855e-06
415.415,1.8416179358428656e-06
415.469,1.567207938822483e-06
415.523,1.5714207857960583e-06
415.577,1.583708246008723e-06
415.631,1.6046159577176997e-06
415.684,1.5804912131671416e-06
415.738,1.5120779200586734e-06
415.792,1.4381697061950607e-06
415.846,1.3596064977071175e-06
415.9,1.2774435576354415e-06
415.954,1.192660944229006e-06
416.008,1.1063027160502964e-06
416.062,1.0197063565049963e-06
416.116,9.73342446504046e-07
416.169,9.687096563945384e-07
416.223,1.0074316280769574e-06
416.277,1.090917199882648e-06
416.331,8.939032485532915e-07
416.385,4.175146085527487e-07
416.439,0.0
416.492,0.0
416.546,0.0
416.6,1.6120204112064795e-06
416.654,2.2833106868375053e-06
416.707,1.2942670445605996e-06
416.761,6.037912091281282e-07
416.815,2.1196067437210468e-07
416.869,1.1862159460448382e-07
416.922,3.2352859095931305e-07
416.976,4.999346949923144e-07
417.03,6.475681508746686e-07
417.083,7.662323419661104e-07
417.137,8.555377920522877e-07
417.191,9.541198735448214e-07
417.244,1.0613054997373304e-06
417.298,1.176397841174464e-06
417.352,1.2988960466707269e-06
417.405,1.4283363763684805e-06
417.459,1.5642891706218013e-06
417.512,1.7063467733029763e-06
417.566,1.8540103276252929e-06
417.62,2.0066263266329856e-06
417.673,2.163524756082034e-06
417.727,2.323905361648485e-06
417.78,2.4866014751060214e-06
417.834,2.6503900152501597e-06
417.887,2.8138870144676816e-06
417.941,2.9756009857416485e-06
417.994,3.134196497701779e-06
418.048,3.288467311938115e-06
418.101,3.4373544291095587e-06
418.155,3.579877344188953e-06
418.208,3.715247937788016e-06
418.262,3.842730779423049e-06
418.315,3.961640019237193e-06
418.369,4.071385327110466e-06
418.422,4.171287855784983e-06
418.476,4.260616177885993e-06
418.529,4.3386038339301465e-06
418.582,4.404599333978898e-06
418.636,4.458042066639648e-06
418.689,4.4985602817883935e-06
418.743,4.525883504703227e-06
418.796,4.539765596178212e-06
418.849,4.540084028836492e-06
418.903,4.52681870281105e-06
418.956,4.500052246855376e-06
419.009,4.459885873246857e-06
419.063,4.406191800006238e-06
419.116,4.3387091322178265e-06
419.169,4.257289796048143e-06
419.222,4.161837013455932e-06
419.276,4.052441796445915e-06
419.329,3.929462451170637e-06
419.382,3.7934746754148783e-06
419.435,3.6453740816681122e-06
419.489,3.4864626970702695e-06
419.542,3.318161827470152e-06
419.595,3.142028159979527e-06
419.648,2.9596703834731095e-06
419.701,2.772601202875933e-06
419.755,2.582257593581211e-06
419.808,2.3898169317580188e-06
419.861,2.196294170729703e-06
419.914,2.0026669631276792e-06
419.967,1.8093760962519219e-06
420.02,1.6168415820554933e-06
420.073,1.425540078742584e-06
420.127,1.2365505458837938e-06
420.18,1.0509227193743546e-06
420.233,8.698509463231823e-07
420.286,6.945111442686566e-07
420.339,5.270860037836467e-07
420.392,3.691951923097858e-07
420.445,2.22282173449062e-07
420.498,8.759109715259229e-08
420.551,0.0
420.604,0.0
420.657,0.0
420.71,0.0
420.763,0.0
420.816,0.0
420.869,0.0
420.922,0.0
420.975,0.0
421.028,0.0
421.081,0.0
421.134,0.0
421.187,6.007642436389341e-10
421.239,1.5010494623291275e-07
421.292,3.0152493598463935e-07
421.345,4.4617196184209945e-07
421.398,5.772149297897573e-07
421.451,6.932342638745808e-07
421.504,7.93131963973105e-07
421.557,8.865981337689761e-07
421.609,9.854004338780156e-07
421.662,1.0671847347788544e-06
421.715,1.1051107326360906e-06
421.768,1.1070372727467028e-06
421.821,1.0679530952397745e-06
421.873,9.808125822838298e-07
421.926,8.447624339875436e-07
421.979,2.6577036666815307e-07
422.032,0.0
422.084,0.0
422.137,0.0
422.19,0.0
422.243,0.0
422.295,0.0
422.348,0.0
422.401,0.0
422.453,8.278505175119236e-07
422.506,3.0969031482097892e-06
422.559,6.477488263079487e-06
422.611,9.641670075076405e-06
422.664,1.1511452515757339e-05
422.716,1.176829276625298e-05
422.769,8.079630906106108e-06
422.822,1.4003895310454918e-06
422.874,0.0
422.927,0.0
422.979,0.0
423.032,0.0
423.084,0.0
423.137,0.0
423.189,1.6435552568506202e-08
423.242,0.0
423.294,0.0
423.347,0.0
423.399,0.0
423.452,0.0
423.504,0.0
423.557,0.0
423.609,0.0
423.662,0.0
423.714,0.0
423.766,0.0
423.819,0.0
423.871,0.0
423.923,3.589418578732955e-08
423.976,1.604664329276054e-07
424.028,2.483551722220477e-07
424.081,3.0393848898465614e-07
424.133,3.391456050233358e-07
424.185,3.6194843435459596e-07
424.238,3.78242263683511e-07
424.29,3.931096832365722e-07
424.342,4.49476038661778e-07
424.394,5.474183154582409e-07
424.447,6.866548901377042e-07
424.499,8.664062871565014e-07
424.551,7.681297398792786e-07
424.603,3.918639805382585e-07
424.656,0.0
424.708,0.0
424.76,0.0
424.812,1.835957999640014e-06
424.864,2.537960828163702e-06
424.917,1.610685911225357e-06
424.969,9.624702819145412e-07
425.021,5.922412976685702e-07
425.073,4.99077006913272e-07
425.125,6.82091230513852e-07
425.177,8.222608327033914e-07
425.229,9.19378688127819e-07
425.282,9.730813332734803e-07
425.334,9.83100895230259e-07
425.386,9.881125660889679e-07
425.438,9.88074448699948e-07
425.49,9.831608745284473e-07
425.542,9.736542498919683e-07
425.594,9.598255813273321e-07
425.646,9.420175084302449e-07
425.698,9.205853470424584e-07
425.75,8.956945685518516e-07
425.802,8.673937060501813e-07
425.854,8.362970109275772e-07
425.906,8.022782781986783e-07
425.958,7.65131115472263e-07
426.01,7.246698862912158e-07
426.062,6.807005231200905e-07
426.114,6.33294612035634e-07
426.166,5.82871325129365e-07
426.218,5.299883398562234e-07
426.27,4.7515296369410725e-07
426.321,4.1879891654142574e-07
426.373,3.613071949541614e-07
426.425,3.0304081493119005e-07
426.477,2.444568071249562e-07
426.529,1.859243742152041e-07
426.581,1.2764903680807272e-07
426.633,6.972702584586937e-08
426.684,1.2191040181595502e-08
426.736,0.0
426.788,0.0
426.84,0.0
426.892,0.0
426.943,0.0
426.995,0.0
427.047,0.0
427.099,0.0
427.15,0.0
427.202,0.0
427.254,0.0
427.306,0.0
427.357,0.0
427.409,0.0
427.461,0.0
427.512,0.0
427.564,0.0
427.616,0.0
427.667,0.0
427.719,0.0
427.77,0.0
427.822,0.0
427.874,0.0
427.925,0.0
427.977,0.0
428.028,0.0
428.08,0.0
428.131,0.0
428.183,0.0
428.234,0.0
428.286,0.0
428.337,0.0
428.389,0.0
428.44,0.0
428.492,0.0
428.543,0.0
428.595,0.0
428.646,0.0
428.697,0.0
428.749,0.0
428.8,0.0
428.852,0.0
428.903,0.0
428.954,0.0
429.006,0.0
429.057,0.0
429.108,0.0
429.16,0.0
429.211,0.0
429.262,0.0
429.314,0.0
429.365,0.0
429.416,0.0
429.467,0.0
429.519,0.0
429.57,0.0
429.621,1.1520704328812982e-07
429.672,1.1681264300826976e-06
429.724,4.4974602285175403e-07
429.775,0.0
429.826,0.0
429.877,0.0
429.928,0.0
429.98,0.0
430.031,0.0
430.082,0.0
430.133,0.0
430.184,0.0
430.235,0.0
430.286,0.0
430.337,0.0
430.388,0.0
430.439,0.0
430.49,0.0
430.542,0.0
430.593,0.0
430.644,0.0
430.695,0.0
430.746,0.0
430.797,0.0
430.848,0.0
430.898,0.0
430.949,0.0
431.0,0.0
431.051,0.0
431.102,0.0
431.153,0.0
431.204,0.0
431.255,0.0
431.306,0.0
431.357,0.0
431.408,0.0
431.458,0.0
431.509,0.0
431.56,0.0
431.611,0.0
431.662,0.0
431.713,0.0
431.763,8.28866195262386e-09
431.814,1.7434547590023244e-08
431.865,2.3061532635292827e-08
431.916,2.5162215265791444e-08
431.966,2.3726794968278787e-08
432.017,1.882771012472267e-08
432.068,1.0521784424865106e-08
432.118,0.0
432.169,0.0
432.22,0.0
432.271,0.0
432.321,0.0
432.372,0.0
432.423,0.0
432.473,0.0
432.524,0.0
432.574,0.0
432.625,0.0
432.676,0.0
432.726,0.0
432.777,0.0
432.827,0.0
432.878,0.0
432.928,0.0
432.979,0.0
433.029,0.0
433.08,0.0
433.13,0.0
433.181,3.230617023443091e-08
433.231,1.1748114684664534e-07
433.282,2.1503595447209282e-07
433.332,3.247909278730838e-07
433.383,4.46464094127242e-07
433.433,5.797940800079938e-07
433.484,7.243657246286843e-07
433.534,8.796375240513944e-07
433.585,1.0449464171797949e-06
433.635,1.2194792480516316e-06
433.685,1.4024832762721763e-06
433.736,1.5933484382906242e-06
433.786,1.7914242070754869e-06
433.836,1.995808124828251e-06
433.887,2.2054502376275575e-06
433.937,2.419188711319309e-06
433.987,2.635855430370259e-06
434.038,2.854431612780605e-06
434.088,3.07375798251094e-06
434.138,3.2925136174189797e-06
434.189,3.509435366391136e-06
434.239,3.723288699502588e-06
434.289,3.932892323995207e-06
434.339,4.137196246005318e-06
434.389,4.335070137718607e-06
434.44,4.525267835646243e-06
434.49,4.706657572219766e-06
434.54,4.878038784167773e-06
434.59,5.038086053569484e-06
434.64,5.185616036966814e-06
434.691,5.319507827314885e-06
434.741,5.438697422720644e-06
434.791,5.542355729976953e-06
434.841,5.62975379773567e-06
434.891,5.700251129677469e-06
434.941,5.753460755277945e-06
434.991,5.789107228565812e-06
435.042,5.806922475020442e-06
435.092,5.806791023935178e-06
435.142,5.788733977604455e-06
435.192,5.752934015139755e-06
435.242,5.6997642786349175e-06
435.292,5.62962008206807e-06
435.342,5.5428610866103436e-06
435.392,5.439972250159673e-06
435.442,5.321669577123625e-06
435.492,5.188749611017543e-06
435.542,5.042098444337887e-06
435.592,4.882664413334113e-06
435.642,4.711339010060272e-06
435.692,4.529186647819562e-06
435.742,4.337452879431146e-06
435.792,4.137286163519184e-06
435.842,3.929811236274391e-06
435.891,3.7161916170892316e-06
435.941,3.4974853911138404e-06
435.991,3.2748056708657617e-06
436.041,3.049382350228491e-06
436.091,2.8223634846806426e-06
436.141,2.5950032061072442e-06
436.191,2.3687762514558774e-06
436.241,2.145094931064279e-06
436.29,1.9253218575319e-06
436.34,1.7107751711607603e-06
436.39,1.5025452421504415e-06
436.44,1.3016454744912007e-06
436.49,1.1089919617821986e-06
436.539,9.252299594616869e-07
436.589,7.508412975952349e-07
436.639,5.861696862449434e-07
436.689,4.3135057314699867e-07
436.738,2.864018108577438e-07
436.788,1.5120439503162677e-07
436.838,2.5466570960416117e-08
436.887,0.0
436.937,0.0
436.987,0.0
437.036,0.0
437.086,0.0
437.136,0.0
437.185,0.0
437.235,0.0
437.285,0.0
437.334,0.0
437.384,0.0
437.433,0.0
437.483,0.0
437.532,0.0
437.582,0.0
437.631,0.0
437.681,0.0
437.73,0.0
437.78,0.0
437.829,0.0
437.879,0.0
437.928,0.0
437.978,0.0
438.027,0.0
438.077,0.0
438.126,0.0
438.176,0.0
438.225,0.0
438.274,0.0
438.324,0.0
438.373,0.0
438.422,0.0
438.472,0.0
438.521,0.0
438.57,0.0
438.62,0.0
438.669,0.0
438.718,0.0
438.768,0.0
438.817,0.0
438.866,0.0
438.915,0.0
438.965,0.0
439.014,0.0
439.063,0.0
439.112,0.0
439.162,0.0
439.211,0.0
439.26,0.0
439.309,0.0
439.358,0.0
439.407,0.0
439.456,0.0
439.506,0.0
439.555,0.0
439.604,0.0
439.653,0.0
439.702,0.0
439.751,0.0
439.8,0.0
439.849,0.0
439.898,0.0
439.947,0.0
439.996,0.0
440.045,0.0
440.094,0.0
440.143,0.0
440.192,0.0
440.241,0.0
440.29,0.0
440.339,0.0
440.388,0.0
440.437,0.0
440.486,0.0
440.535,0.0
440.583,0.0
440.632,0.0
440.681,6.815062974964346e-08
440.73,1.685556645639049e-07
440.779,2.647784365899507e-07
440.828,3.5621813506481476e-07
440.876,4.4226009207829904e-07
440.925,5.223412869625688e-07
440.974,5.959320804677027e-07
441.023,6.624606494013518e-07
441.072,7.213271215428073e-07
441.12,7.719168259671944e-07
441.169,8.136562217859823e-07
441.218,8.462081112474118e-07
441.267,8.693737607013385e-07
441.315,8.829907907141874e-07
441.364,8.869834903895288e-07
441.413,8.813053050641385e-07
441.461,8.659131673210882e-07
441.51,8.409602973030959e-07
441.559,8.06660706365727e-07
441.607,7.630957946512836e-07
441.656,7.104324032093775e-07
441.705,6.489207219768974e-07
441.753,5.788901446872026e-07
441.802,5.009060901375477e-07
441.85,4.157076612218745e-07
441.899,3.240817387253692e-07
441.948,2.269307284578912e-07
441.996,1.2524621698732429e-07
442.045,1.9999481759085844e-08
442.093,0.0
442.142,0.0
442.19,0.0
442.239,0.0
442.287,0.0
442.336,0.0
442.384,0.0
442.433,0.0
442.481,0.0
442.529,0.0
442.578,0.0
442.626,0.0
442.675,0.0
442.723,0.0
442.771,0.0
442.82,0.0
442.868,0.0
442.917,0.0
442.965,0.0
443.013,0.0
443.062,0.0
443.11,0.0
443.158,0.0
443.206,0.0
443.255,0.0
443.303,0.0
443.351,0.0
443.399,0.0
443.448,0.0
443.496,0.0
443.544,0.0
443.592,0.0
443.64,0.0
443.689,0.0
443.737,0.0
443.785,1.0767668577922163e-07
443.833,2.5238385416736703e-07
443.881,3.9615688970505414e-07
443.929,5.378951891411925e-07
443.977,6.765314696361209e-07
444.025,8.110201012048275e-07
444.074,9.40306886336782e-07
444.122,1.0633754624962203e-06
444.17,1.1791490910433867e-06
444.218,1.286651452373864e-06
444.266,1.3849933936718828e-06
444.314,1.4734384254090349e-06
444.362,1.5512816550192542e-06
444.41,1.617801101183343e-06
444.458,1.6724196527556154e-06
444.506,1.714586815100236e-06
444.554,1.7437607706641866e-06
444.602,1.7593718345023123e-06
444.65,1.7608427142506088e-06
444.698,1.7476297482061635e-06
444.746,1.7194721368901032e-06
444.793,1.6764686158617696e-06
444.841,1.618869647474796e-06
444.889,1.5472711480762856e-06
444.937,1.462546869326009e-06
444.985,1.3657589420789653e-06
445.033,1.2583164269452434e-06
445.081,1.1418014066003776e-06
445.129,1.0179244096174224e-06
445.176,8.884093128156882e-07
445.224,7.549703658825736e-07
445.272,6.187309420959945e-07
445.32,4.808840981581479e-07
445.368,3.4259621185086834e-07
445.415,2.050125244709001e-07
445.463,6.94470743317254e-08
445.511,0.0
445.559,0.0
445.606,0.0
445.654,0.0
445.702,0.0
445.749,0.0
445.797,0.0
445.845,0.0
445.892,0.0
445.94,0.0
445.988,0.0
446.035,0.0
446.083,0.0
446.13,0.0
446.178,0.0
446.226,0.0
446.273,0.0
446.321,6.924272920410061e-08
446.368,3.6516304150988555e-07
446.416,7.086167503313226e-07
446.463,1.099615280856394e-06
446.511,1.5371295681457646e-06
446.558,2.0190918080524388e-06
446.606,2.542472005954708e-06
446.653,3.102902264816162e-06
446.701,3.69554727512144e-06
446.748,4.315303340757824e-06
446.796,4.960537800258116e-06
446.843,5.629830087124254e-06
446.891,6.322738244510556e-06
446.938,7.03957539336876e-06
446.985,7.780722219212576e-06
447.033,8.547104449019869e-06
447.08,9.33955933859788e-06
447.128,1.0158409657460117e-05
447.175,1.1004030471186402e-05
447.222,1.1873604258859798e-05
447.27,1.2764651565136506e-05
447.317,1.3674724285573081e-05
447.364,1.4601393771206181e-05
447.411,1.5542290828013166e-05
447.459,1.6494878510925066e-05
447.506,1.7456532332979303e-05
447.553,1.841856568104541e-05
447.601,1.937212070299138e-05
447.648,2.03030635295173e-05
447.695,2.1195458384923825e-05
447.742,2.2034059120843667e-05
447.789,2.280352344535244e-05
447.837,2.348991013501209e-05
447.884,2.408172474910444e-05
447.931,2.4567834927202995e-05
447.978,2.4942709116127674e-05
448.025,2.5201998915440116e-05
448.072,2.5341629089264e-05
448.12,2.5358194459935395e-05
448.167,2.5251965572932387e-05
448.214,2.5023453095296302e-05
448.261,2.4673480506233604e-05
448.308,2.4206618549921086e-05
448.355,2.3627751400006763e-05
448.402,2.294932104169318e-05
448.449,2.2186536480948343e-05
448.496,2.135450128810819e-05
448.543,2.0468696554163725e-05
448.59,1.954393922536674e-05
448.637,1.8592851503104017e-05
448.684,1.7628450538092956e-05
448.731,1.666127189535412e-05
448.778,1.5700121102528625e-05
448.825,1.475413016615902e-05
448.872,1.3831807008525125e-05
448.919,1.293578215503882e-05
448.966,1.2068832210389743e-05
449.013,1.1233884616038225e-05
449.06,1.0434028113008775e-05
449.107,9.672442089643442e-06
449.154,8.94871975177844e-06
449.2,8.261000568378223e-06
449.247,7.607375144048654e-06
449.294,6.9860171129163125e-06
449.341,6.395132218696077e-06
449.388,5.833800939563907e-06
449.435,5.300757795692809e-06
449.481,4.7942012916281345e-06
449.528,4.3133420595982594e-06
449.575,3.8572025926722885e-06
449.622,3.425104040793609e-06
449.668,3.019588960849158e-06
449.715,2.642861360188401e-06
449.762,2.2965611072987284e-06
449.809,1.9812085298647356e-06
449.855,1.6967834371944425e-06
449.902,1.4424237008150307e-06
449.949,1.2167544647888853e-06
449.995,1.017909367532461e-06
450.042,8.433611486655229e-07
450.089,6.904558159763001e-07
450.135,5.566756178039343e-07
450.182,4.395332154430428e-07
450.229,3.3714724719044333e-07
450.275,2.4764482556118457e-07
450.322,1.6900833461849178e-07
450.368,9.93348345852039e-08
450.415,3.702436858167984e-08
450.462,0.0
450.508,0.0
450.555,0.0
450.601,0.0
450.648,0.0
450.694,0.0
450.741,0.0
450.787,0.0
450.834,0.0
450.88,0.0
450.927,0.0
450.973,0.0
451.019,0.0
451.066,0.0
451.112,0.0
451.159,0.0
451.205,0.0
451.251,0.0
451.298,0.0
451.344,0.0
451.39,0.0
451.437,0.0
451.483,0.0
451.529,0.0
451.576,0.0
451.622,0.0
451.668,0.0
451.714,0.0
451.761,0.0
451.807,0.0
451.853,0.0
451.899,0.0
451.945,0.0
451.992,0.0
452.038,0.0
452.084,0.0
452.13,0.0
452.176,0.0
452.222,0.0
452.268,0.0
452.315,0.0
452.361,0.0
452.407,0.0
452.453,0.0
452.499,0.0
452.545,0.0
452.591,0.0
452.637,0.0
452.683,0.0
452.729,0.0
452.775,0.0
452.821,0.0
452.867,0.0
452.913,0.0
452.959,0.0
453.005,0.0
453.051,0.0
453.097,0.0
453.142,0.0
453.188,0.0
453.234,0.0
453.28,0.0
453.18,0.0
453.319,4.866666093050491e-07
453.458,1.6689407710865013e-06
453.596,2.0122708222736713e-06
453.735,1.4395553934863793e-06
453.873,7.866160636556157e-07
454.012,6.649853661040494e-07
454.15,4.61463945558348e-07
454.289,5.256047093079333e-08
454.427,0.0
454.566,0.0
454.704,0.0
454.843,0.0
454.981,0.0
455.12,0.0
455.258,0.0
455.397,0.0
455.535,0.0
455.674,0.0
455.812,0.0
455.951,0.0
456.089,2.456891849366029e-07
456.227,6.50031140946632e-07
456.366,1.1944864364135034e-06
456.504,1.8663793780347442e-06
456.642,2.63412457251763e-06
456.781,3.4674308956233137e-06
456.919,4.346302972792205e-06
457.057,5.257487451490295e-06
457.196,6.192102785942205e-06
457.334,7.1460760565617044e-06
457.472,8.11179152752711e-06
457.61,9.088232910284214e-06
457.749,1.0071860159986929e-05
457.887,1.105847401646287e-05
458.025,1.2042969882492782e-05
458.163,1.3018949778450012e-05
458.301,1.3982790463968867e-05
458.44,1.4929358482962176e-05
458.578,1.5853818043257085e-05
458.716,1.675643404658863e-05
458.854,1.7637922962210383e-05
458.992,1.849853520478776e-05
459.13,1.934045672357561e-05
459.269,2.0164930982189217e-05
459.407,2.0976994902482038e-05
459.545,2.1782179220002438e-05
459.683,2.2586185509542352e-05
459.821,2.3391820077693565e-05
459.959,2.4202660643056187e-05
460.097,2.5021322006525075e-05
460.235,2.5846725222327798e-05
460.373,2.6678092069335928e-05
460.511,2.7505983785293343e-05
460.649,2.8333423128897647e-05
460.787,2.9167188426094955e-05
460.925,3.0017587310409786e-05
461.063,3.089920873067501e-05
461.201,3.1828419513566586e-05
461.339,3.280820328229549e-05
461.477,3.384210854693786e-05
461.615,3.4905473904142374e-05
461.753,3.596587327136193e-05
461.891,3.697728462249021e-05
462.029,3.786658868301762e-05
462.166,3.8568600124039954e-05
462.304,3.898513018066131e-05
462.442,3.906714253834203e-05
462.58,3.878505550510364e-05
462.718,3.8212404573354445e-05
462.856,3.729442972924871e-05
462.993,3.600148231056618e-05
463.131,3.4472412774458695e-05
463.269,3.281796433614526e-05
463.407,3.171630547421311e-05
463.545,3.1790441841322094e-05
463.682,3.319314900974039e-05
463.82,3.5848006580489564e-05
463.958,3.892814324050576e-05
464.095,4.150117236555215e-05
464.233,4.3084817282035975e-05
464.371,4.350634646130243e-05
464.509,4.289601260680919e-05
464.646,4.153078819189986e-05
464.784,3.957673463231422e-05
464.921,3.693222976580172e-05
465.059,3.376200553124986e-05
465.197,3.0257409694308046e-05
465.334,2.6596366268797824e-05
465.472,2.3186887910965233e-05
465.609,2.0100481696005536e-05
465.747,1.734831029698707e-05
465.885,1.493106588849053e-05
466.022,1.2747248032709971e-05
466.16,1.0793356728283489e-05
466.297,9.06019683868136e-06
466.435,7.501090796728114e-06
466.572,6.062683745273365e-06
466.71,4.742743305290928e-06
466.847,3.5444437096495383e-06
466.985,2.4821711936650222e-06
467.122,1.57986424734151e-06
467.26,8.244771933134484e-07
467.397,1.9823702367550606e-07
467.534,0.0
467.672,0.0
467.809,0.0
467.947,0.0
468.084,0.0
468.221,0.0
468.359,0.0
468.496,0.0
468.633,0.0
468.771,0.0
468.908,0.0
469.045,7.670061077920317e-07
469.183,2.813517754050124e-06
469.32,0.0
469.457,1.1435342490044524e-06
469.594,2.198968639393013e-06
469.732,2.25061014233924e-06
469.869,2.4094051942515546e-06
470.006,2.663709395407098e-06
470.143,2.8722361046007423e-06
470.28,3.0289226622043867e-06
470.417,3.1311016359805182e-06
470.555,3.1753867331011605e-06
470.692,3.162255950813979e-06
470.829,3.0931357279213607e-06
470.966,2.9697583380890217e-06
471.103,2.794504797401833e-06
471.24,2.570216185190907e-06
471.377,2.3005968660435535e-06
471.514,1.9894297394937312e-06
471.651,1.6377508297314285e-06
471.789,1.2468826767023512e-06
471.926,8.222301349009979e-07
472.063,3.757536241718785e-07
472.2,0.0
472.337,0.0
472.474,0.0
472.611,0.0
472.748,0.0
472.884,0.0
473.021,0.0
473.158,0.0
473.295,0.0
473.432,0.0
473.569,0.0
473.706,0.0
473.843,0.0
473.98,0.0
474.117,0.0
474.253,0.0
474.39,0.0
474.527,0.0
474.664,0.0
474.801,0.0
474.937,0.0
475.074,0.0
475.211,0.0
475.348,0.0
475.484,0.0
475.621,0.0
475.758,0.0
475.894,0.0
476.031,0.0
476.168,0.0
476.304,0.0
476.441,0.0
476.578,0.0
476.714,0.0
476.851,0.0
476.987,0.0
477.124,0.0
477.261,1.1894904944432932e-07
477.397,5.8367508608298e-07
477.534,1.0498785222228515e-06
477.67,1.5145069351779768e-06
477.807,1.9746534474012155e-06
477.943,2.4275051452882567e-06
478.08,2.8703490724117e-06
478.216,3.300579410021475e-06
478.353,3.715592821003788e-06
478.489,4.112960904994524e-06
478.626,4.491134661131607e-06
478.762,4.848693635187045e-06
478.898,5.184357182788172e-06
479.035,5.4969133551609025e-06
479.171,5.784723223135552e-06
479.308,6.046409013993088e-06
479.444,6.280809392734733e-06
479.58,6.486874905256532e-06
479.717,6.663759591783291e-06
479.853,6.810830482332563e-06
479.989,6.927684163810981e-06
480.126,7.0141840916245755e-06
480.262,7.07040027384314e-06
480.398,7.0965188185635065e-06
480.535,7.093068009196415e-06
480.671,7.060934095414638e-06
480.807,7.00118974349515e-06
480.943,6.91512710694898e-06
481.08,6.804109495226053e-06
481.216,6.669611739247805e-06
481.352,6.51322521215618e-06
481.488,6.336658585614435e-06
481.624,6.141686038685294e-06
481.76,5.930136938144499e-06
481.897,5.703952728186938e-06
482.033,5.4650974653009915e-06
482.169,5.21544885388532e-06
482.305,4.956769437360943e-06
482.441,4.6907425461502685e-06
482.577,4.418954559867487e-06
482.713,4.142926522274764e-06
482.849,3.861442500545782e-06
482.985,3.5757884417944932e-06
483.121,3.2872126630237283e-06
483.258,2.9969396570849055e-06
483.394,2.70907953488437e-06
483.53,2.424828223766214e-06
483.665,2.1481669960578364e-06
483.801,1.8802599812952295e-06
483.937,1.644729482042678e-06
484.073,1.4427389847880963e-06
484.209,1.2754215036827982e-06
484.345,1.1437904838534893e-06
484.481,8.718219653681408e-07
484.617,6.300004446850902e-07
484.753,1.668943924173873e-06
484.889,2.575211523372653e-06
485.025,0.0
485.161,2.1853222155090205e-06
485.296,2.9507727399886294e-07
485.432,0.0
485.568,0.0
485.704,0.0
485.84,0.0
485.975,0.0
486.111,0.0
486.247,0.0
486.383,2.150905200644435e-07
486.518,4.3445459152690776e-07
486.654,4.699464063139973e-07
486.79,0.0
486.926,0.0
487.061,0.0
487.197,5.599363594443442e-07
487.333,9.889177628621743e-07
487.468,0.0
487.604,0.0
487.74,0.0
487.875,0.0
488.011,0.0
488.146,0.0
488.282,0.0
488.417,0.0
488.553,0.0
488.688,0.0
488.824,0.0
488.96,3.499036131503921e-08
489.095,1.4593888539318354e-07
489.23,2.5729811120086294e-07
489.366,3.6836271458581645e-07
489.501,4.784952671658126e-07
489.637,5.87173954011621e-07
489.772,6.966175854726135e-07
489.908,8.062668935975189e-07
490.043,9.148638395822694e-07
490.178,1.0211080621510246e-06
490.314,1.1206277549606489e-06
490.449,1.212277902172592e-06
490.585,1.2949839330788043e-06
490.72,1.367764712714566e-06
490.855,1.406739793001651e-06
490.991,1.4109934512219777e-06
491.126,1.3799536052148178e-06
491.261,1.3133132185553653e-06
491.396,1.2374552757130947e-06
491.532,1.152096522778027e-06
491.667,1.0569483836212668e-06
491.802,9.51891623439269e-07
491.937,9.745856436861717e-07
492.073,1.126153660339189e-06
492.208,1.404264523276325e-06
492.343,1.8069855929254954e-06
492.478,1.9160251766529347e-06
492.613,1.7301898962702187e-06
492.749,1.2525138797166415e-06
492.884,4.861518580207654e-07
493.019,3.966226286921366e-08
493.154,0.0
493.289,1.1665147845988741e-07
493.424,6.401686261879714e-07
493.559,1.4480814687514429e-07
493.694,0.0
493.829,0.0
493.964,0.0
494.099,0.0
494.234,0.0
494.369,0.0
494.504,0.0
494.639,0.0
494.774,0.0
494.909,0.0
495.044,0.0
495.179,0.0
495.314,0.0
495.449,0.0
495.584,0.0
495.719,4.367555012557666e-07
495.854,1.3034562469436525e-06
495.988,2.3818615961278393e-06
496.123,3.695576876640139e-06
496.258,5.27048952030632e-06
496.393,7.142309623340491e-06
496.528,9.340318564138326e-06
496.663,1.1893832166288147e-05
496.797,1.4833861229689969e-05
496.932,1.819067724688538e-05
497.067,2.200650186032569e-05
497.202,2.6281535830122444e-05
497.336,3.099286509203059e-05
497.471,3.608257968170023e-05
497.606,4.1269826552836646e-05
497.74,4.644834809134975e-05
497.875,5.168536699923842e-05
498.01,5.685926321240307e-05
498.144,6.299766952701217e-05
498.279,7.003544465893417e-05
498.414,7.488580391746036e-05
498.548,7.759088315342525e-05
498.683,8.125936803664162e-05
498.817,8.603650165525384e-05
498.952,9.098385905159512e-05
499.087,9.624859508115401e-05
499.221,0.00010173532938966595
499.356,0.00010763419040049467
499.49,0.0001143593438588388
499.625,0.00012191067499117979
499.759,0.0001300786947851671
499.894,0.00013823455367236698
500.028,0.00014557901036436088
500.162,0.00015146627467340336
500.297,0.00015555424987625193
500.431,0.00015776405899514624
500.566,0.00015799905233322237
500.7,0.00015617681660028143
500.835,0.0001521342601672596
500.969,0.00014590894416312565
501.103,0.00013804891170335825
501.238,0.00012926844699650926
501.372,0.0001203747634680183
501.506,0.00011197958678279316
501.641,0.00010424161556909721
501.775,9.71777532458872e-05
501.909,9.074199307447148e-05
502.043,8.491555860934581e-05
502.178,7.97068504937453e-05
502.312,7.50970598184106e-05
502.446,7.100772758268496e-05
502.58,6.733456428165384e-05
502.715,6.398632195848576e-05
502.849,6.0888807041216506e-05
502.983,5.798007693465325e-05
503.117,5.518830998033943e-05
503.251,5.249578280109821e-05
503.385,4.9881291831644535e-05
503.52,4.7335572861088095e-05
503.654,4.4857447503347056e-05
503.788,4.24500901352358e-05
503.922,4.011803333851289e-05
504.056,3.7863262475147994e-05
504.19,3.5690895973683564e-05
504.324,3.358731595683257e-05
504.458,3.154360035511826e-05
504.592,2.955637871857302e-05
504.726,2.7626590482522578e-05
504.86,2.575766285634181e-05
504.994,2.3959926002129724e-05
505.128,2.2241978203899294e-05
505.262,2.0613776110713817e-05
505.396,1.9076778219909506e-05
505.53,1.7630153858315546e-05
505.664,1.6272119570946097e-05
505.798,1.499894052844484e-05
505.932,1.3804310199571738e-05
506.066,1.2680882869115725e-05
506.199,1.1621470297408047e-05
506.333,1.0619352957265116e-05
506.467,9.671704954493988e-06
506.601,8.775606406270355e-06
506.735,7.92765689722788e-06
506.869,7.1241195806828386e-06
507.002,6.3622713911408e-06
507.136,5.635907418340778e-06
507.27,4.940837039381992e-06
507.404,4.274446464436922e-06
507.537,3.6357507170661717e-06
507.671,3.0238977824871555e-06
507.805,2.4395181254835107e-06
507.939,1.8838610962906274e-06
508.072,1.3585026246458342e-06
508.206,8.651035984841876e-07
508.34,4.051664364900541e-07
508.473,0.0
508.607,0.0
508.74,0.0
508.874,0.0
509.008,0.0
509.141,0.0
509.275,0.0
509.408,0.0
509.542,0.0
509.675,0.0
509.809,0.0
509.942,0.0
510.076,0.0
510.209,0.0
510.343,0.0
510.476,0.0
510.61,0.0
510.743,0.0
510.877,0.0
511.01,0.0
511.143,0.0
511.277,0.0
511.41,0.0
511.543,0.0
511.677,0.0
511.81,0.0
511.943,0.0
512.077,0.0
512.21,0.0
512.343,0.0
512.476,0.0
512.61,0.0
512.743,0.0
512.876,0.0
513.009,0.0
513.142,0.0
513.276,0.0
513.409,0.0
513.542,2.493829724481174e-07
513.675,5.097777882552054e-07
513.808,8.003853580045026e-07
513.941,1.185244900713564e-06
514.074,1.6864649286659018e-06
514.207,2.3177622436877853e-06
514.34,3.1282911988644583e-06
514.474,4.179106882025602e-06
514.607,5.6177593325571055e-06
514.74,7.413302228423131e-06
514.873,9.462860728021899e-06
515.006,1.161046347033359e-05
515.139,1.3465129467277039e-05
515.272,1.4979450459438612e-05
515.404,1.6018474382327435e-05
515.537,1.6461519697881884e-05
515.67,1.6509214021543706e-05
515.803,1.599761445527758e-05
515.936,1.5269690377400154e-05
516.069,1.5066588078772263e-05
516.202,1.5838138839932823e-05
516.335,1.9659848682531362e-05
516.468,2.976579975124399e-05
516.6,4.8387719913028506e-05
516.733,7.794715605939646e-05
516.866,8.493445795274151e-05
516.999,7.142687473181674e-05
517.132,0.00010249319933625514
517.264,0.0001804373425558672
517.397,0.0001854122051570635
517.53,0.00011918478270855189
517.663,8.401503993182253e-05
517.795,6.81100235956633e-05
517.928,6.18915317785738e-05
518.061,6.380655056337198e-05
518.193,0.0001104854696501311
518.326,0.00023305769710086098
518.459,0.00027103819269067557
518.591,0.0001794436768769012
518.724,0.00011415717019822079
518.857,7.633289643967557e-05
518.989,5.895012676589702e-05
519.122,5.022007703362541e-05
519.254,4.287563679927246e-05
519.387,3.639374234155575e-05
519.519,3.1618307796160935e-05
519.652,2.8455254620256084e-05
519.784,2.666858155842172e-05
519.917,2.5599003948883863e-05
520.049,2.4597187796679654e-05
520.182,2.3369442760776494e-05
520.314,2.1878364989494072e-05
520.447,2.0308598014469334e-05
520.579,1.8794590614655022e-05
520.712,1.7394688760288583e-05
520.844,1.607143586033412e-05
520.976,1.4786835174536388e-05
521.109,1.3547238873450785e-05
521.241,1.2371853454416478e-05
521.373,1.1270286902380475e-05
521.506,1.023204755377412e-05
521.638,9.251657853410882e-06
521.77,8.307831556391779e-06
521.903,7.409919835770267e-06
522.035,6.575048584959352e-06
522.167,5.81064350536174e-06
522.3,5.1173932774530775e-06
522.432,4.491151609073297e-06
522.564,3.926696656582497e-06
522.696,3.4189581372340092e-06
522.828,2.9758621378769467e-06
522.961,2.5953482617711235e-06
523.093,2.2633539221522425e-06
523.225,1.966821327595191e-06
523.357,1.6961484567822791e-06
523.489,1.4463924969911411e-06
523.621,1.2142457222186846e-06
523.753,9.960342874157261e-07
523.885,7.827234374263602e-07
524.018,5.693859015063398e-07
524.15,3.5436987093729783e-07
524.282,1.3873352882420145e-07
524.414,0.0
524.546,0.0
524.678,0.0
524.81,0.0
524.942,0.0
525.074,0.0
525.206,0.0
525.338,0.0
525.469,0.0
525.601,0.0
525.733,0.0
525.865,0.0
525.997,0.0
526.129,0.0
526.261,0.0
526.393,0.0
526.524,0.0
526.656,0.0
526.788,0.0
526.92,0.0
527.052,0.0
527.183,0.0
527.315,0.0
527.447,0.0
527.578,0.0
527.71,0.0
527.842,0.0
527.973,0.0
528.105,0.0
528.237,0.0
528.368,0.0
528.5,0.0
528.632,0.0
528.763,0.0
528.895,0.0
529.026,0.0
529.158,0.0
529.289,0.0
529.421,0.0
529.552,0.0
529.684,0.0
529.815,0.0
529.947,0.0
530.078,0.0
530.21,0.0
530.341,0.0
530.472,0.0
530.604,0.0
530.735,0.0
530.867,0.0
530.998,1.1669506790566677e-07
531.129,2.887970000667922e-07
531.26,4.5463069730280705e-07
531.392,6.131021926294596e-07
531.523,7.632718707620582e-07
531.654,9.043969035998651e-07
531.786,1.0358083045268131e-06
531.917,1.1568894868596201e-06
532.048,1.2671139839423368e-06
532.179,1.366007894881032e-06
532.311,1.4530857569497619e-06
532.442,1.5279251996742215e-06
532.573,1.5901095204582104e-06
532.704,1.6392353505946483e-06
532.835,1.6749799810250764e-06
532.966,1.6970323640872343e-06
533.097,1.7051888143190208e-06
533.229,1.6993827167648809e-06
533.36,1.5294938797988982e-06
533.491,1.3451308847981948e-06
533.622,2.397332163181003e-06
533.753,3.4392972798744283e-06
533.884,0.0
534.015,3.2660600552304412e-06
534.146,2.0687069697148255e-06
534.277,8.541801092799907e-07
534.408,8.737848061778764e-07
534.539,8.811687110579224e-07
534.67,7.268318764873757e-07
534.801,5.611784524914537e-07
534.932,3.85123851669678e-07
535.063,1.996389312659179e-07
535.194,5.815762564271815e-09
535.324,0.0
535.455,0.0
535.586,0.0
535.717,0.0
535.848,0.0
535.979,0.0
536.109,0.0
536.24,0.0
536.371,0.0
536.502,0.0
536.632,0.0
536.763,0.0
536.894,0.0
537.025,0.0
537.155,0.0
537.286,0.0
537.417,0.0
537.547,0.0
537.678,0.0
537.808,0.0
537.939,0.0
538.07,0.0
538.2,0.0
538.331,0.0
538.461,0.0
538.592,0.0
538.722,0.0
538.853,0.0
538.983,0.0
539.114,0.0
539.244,0.0
539.375,0.0
539.505,0.0
539.636,0.0
539.766,0.0
539.896,0.0
540.027,0.0
540.157,0.0
540.287,0.0
540.418,0.0
540.548,0.0
540.678,0.0
540.809,0.0
540.939,0.0
541.069,0.0
541.2,0.0
541.33,0.0
541.46,0.0
541.59,0.0
541.72,0.0
541.851,0.0
541.981,5.988187150583374e-08
542.111,5.269995935757715e-07
542.241,1.019882435458885e-06
542.371,1.5368740343859877e-06
542.501,2.0516857707123924e-06
542.631,2.499277593797861e-06
542.761,2.8193343014224264e-06
542.891,2.989877374994922e-06
543.021,3.013291520874329e-06
543.151,2.891585719035548e-06
543.281,2.6236225414061393e-06
543.411,2.208398376941811e-06
543.542,1.709566220099729e-06
543.671,1.228064564305671e-06
543.801,8.651338702786678e-07
543.931,6.929684689544446e-07
544.061,7.332679627275311e-07
544.191,9.855125662380825e-07
544.321,1.4493414090674672e-06
544.451,2.1244533883049078e-06
544.581,2.9475769727794417e-06
544.711,3.818410132747451e-06
544.841,4.627474615743062e-06
544.97,5.272877624659937e-06
545.1,5.694674406241049e-06
545.23,5.874224212275418e-06
545.36,5.81245717500494e-06
545.49,5.510479542097253e-06
545.619,4.992130185279459e-06
545.749,4.319484028813501e-06
545.879,3.5660005498017624e-06
546.009,2.80683323146562e-06
546.138,2.104255136752383e-06
546.268,1.4930921699638788e-06
546.398,9.750813224788373e-07
546.527,5.520426881814605e-07
546.657,2.2994898550460862e-07
546.786,0.0
546.916,0.0
547.046,0.0
547.175,0.0
547.305,0.0
547.434,0.0
547.564,0.0
547.693,0.0
547.823,0.0
547.953,0.0
548.082,0.0
548.211,0.0
548.341,0.0
548.47,0.0
548.6,0.0
548.729,0.0
548.859,0.0
548.988,0.0
549.117,0.0
549.247,0.0
549.376,0.0
549.505,0.0
549.635,0.0
549.764,0.0
549.893,0.0
550.023,0.0
550.152,2.0716516650862874e-08
550.281,1.6939097123358293e-07
550.41,3.2714150360247754e-07
550.539,4.923922312441437e-07
550.669,6.63405587412012e-07
550.798,8.384117714473726e-07
550.927,1.0151623167600625e-06
551.056,1.1912854021531623e-06
551.185,1.3645360966193288e-06
551.314,1.532789496335183e-06
551.443,1.6939738401734475e-06
551.573,1.8681159217004488e-06
551.702,2.0535332864031662e-06
551.831,2.2485666683578364e-06
551.96,2.4516464167447505e-06
552.089,2.6612051818779023e-06
552.218,2.8756377732622814e-06
552.347,3.093340010302875e-06
552.476,3.3126737301064448e-06
552.605,3.4950906182494807e-06
552.734,3.6393753920915002e-06
552.863,3.744491146980458e-06
552.992,3.8095903527037146e-06
553.121,3.834074475588365e-06
553.249,3.817624906768054e-06
553.378,3.7602033232879653e-06
553.507,3.662153131732519e-06
553.636,3.5457412723255296e-06
553.765,3.411495678773561e-06
553.894,3.2601882651211903e-06
554.023,3.0927064276028102e-06
554.151,2.9099754767060194e-06
554.28,2.7131217899313124e-06
554.409,2.5033452063983453e-06
554.538,2.28182120884249e-06
554.666,2.049834123971112e-06
554.795,1.8088234427977342e-06
554.924,1.560220311022034e-06
555.052,1.3055526517153684e-06
555.181,1.046377243920675e-06
555.31,7.840917309171443e-07
555.439,5.20132677850717e-07
555.567,2.559841667261554e-07
555.696,0.0
555.824,0.0
555.953,0.0
556.082,0.0
556.21,0.0
556.339,0.0
556.467,0.0
556.596,0.0
556.724,0.0
556.853,0.0
556.981,0.0
557.11,0.0
557.238,0.0
557.367,0.0
557.495,0.0
557.623,0.0
557.752,0.0
557.88,0.0
558.008,0.0
558.137,0.0
558.265,0.0
558.393,0.0
558.522,0.0
558.65,0.0
558.778,0.0
558.906,0.0
559.035,0.0
559.163,0.0
559.291,0.0
559.419,0.0
559.548,0.0
559.676,0.0
559.804,0.0
559.932,0.0
560.06,0.0
560.188,0.0
560.316,0.0
560.444,1.469176342928075e-07
560.572,5.449800095104627e-07
560.7,9.56159273932744e-07
560.828,1.3800465285235582e-06
560.956,1.8171604289675314e-06
561.085,2.2680866420318166e-06
561.212,2.7333090621956995e-06
561.34,3.236053931923262e-06
561.468,3.776585134601372e-06
561.596,4.355476332755776e-06
561.724,4.973606395846448e-06
561.852,5.630940652477122e-06
561.98,6.3291906064761345e-06
562.108,7.071929263958088e-06
562.236,7.857875551448682e-06
562.364,8.546776426056016e-06
562.492,9.156718698184385e-06
562.619,9.706159416712554e-06
562.747,1.0194925212995972e-05
562.875,1.0858827194933935e-05
563.003,1.169500332697845e-05
563.13,1.270011174832856e-05
563.258,1.3872748157290516e-05
563.386,1.5076140803811786e-05
563.514,1.627755696770729e-05
563.641,1.7447081386303998e-05
563.769,1.8589809126073696e-05
563.897,1.9712593886099444e-05
564.024,2.0806961450654975e-05
564.152,2.1862538644727727e-05
564.28,2.289438205850269e-05
564.407,2.3943407910783826e-05
564.535,2.504300704822691e-05
564.662,2.6227293777386886e-05
564.79,2.750501014863811e-05
564.917,2.8872058978626586e-05
565.045,3.0389325521376544e-05
565.173,3.211587330907789e-05
565.3,3.4058954880596805e-05
565.428,3.622763058248818e-05
565.555,3.8635290719013e-05
565.682,4.127259123268805e-05
565.81,4.4127235535716635e-05
565.937,4.720953544743159e-05
566.065,5.042974688421663e-05
566.192,5.3715455702779483e-05
566.32,5.704216766775724e-05
566.447,6.0340641513517595e-05
566.574,6.351715547604962e-05
566.702,6.65299983435429e-05
566.829,6.934754768156085e-05
566.956,7.196248166692538e-05
567.083,7.44689606706274e-05
567.211,7.659651182183993e-05
567.338,7.80312635353591e-05
567.465,7.962333809444969e-05
567.593,8.116563544470633e-05
567.72,7.575946864958616e-05
567.847,7.800793462721705e-05
567.974,7.778020313204886e-05
568.101,9.549718202341305e-05
568.228,0.0001329147180030151
568.356,0.0001490485294899216
568.483,0.00013960178153536764
568.61,0.00014063227015714448
568.737,0.0001712035692052616
568.864,0.00022181936591816916
568.991,0.0002084542536808387
569.118,0.00016558335920901254
569.245,0.00013510538688958295
569.372,0.00011586855886194286
569.499,0.00010236338754535069
569.626,9.068544115776038e-05
569.753,8.068284940611273e-05
569.88,7.247973455849862e-05
570.007,6.576886964392932e-05
570.134,6.0327395734736566e-05
570.261,5.5757216250279316e-05
570.388,5.168389944196308e-05
570.515,4.7919003405216105e-05
570.642,4.439086318194919e-05
570.768,4.1042635431005514e-05
570.895,3.7909911993153555e-05
571.022,3.5015250004335345e-05
571.149,3.2357810007748655e-05
571.276,2.9948830774740602e-05
571.402,2.7757243236677414e-05
571.529,2.574898617004005e-05
571.656,2.389165646968305e-05
571.783,2.2175643005689276e-05
571.909,2.0548953071087437e-05
572.036,1.8983827046552697e-05
572.163,1.7484400113469724e-05
572.289,1.60325616985631e-05
572.416,1.4858919896186032e-05
572.543,1.3978487071213896e-05
572.669,1.3210755868643945e-05
572.796,1.2556000636545236e-05
572.922,1.0687538501075609e-05
573.049,7.606947245121143e-06
573.176,6.71540322534357e-06
573.302,8.008909540733079e-06
573.429,8.214037393208406e-06
573.555,7.32063600724023e-06
573.682,6.4544294395328084e-06
573.808,5.607906289530274e-06
573.935,4.995586099723925e-06
574.061,4.61096741192377e-06
574.188,4.2591871130535324e-06
574.314,3.936780360118615e-06
574.44,3.6111976106767127e-06
574.567,3.2760305182112386e-06
574.693,2.9485258476889724e-06
574.82,2.6243094088721787e-06
574.946,2.299339643597878e-06
575.072,1.970271516331368e-06
575.198,1.6350296691185488e-06
575.325,1.2922714237709123e-06
575.451,9.435915049014074e-07
575.577,5.916855202410531e-07
575.704,2.391922751963017e-07
575.83,0.0
575.956,0.0
576.082,0.0
576.208,0.0
576.335,0.0
576.461,0.0
576.587,0.0
576.713,0.0
576.839,0.0
576.965,0.0
577.091,0.0
577.217,0.0
577.343,0.0
577.469,0.0
577.596,0.0
577.722,0.0
577.848,0.0
577.974,0.0
578.099,0.0
578.225,0.0
578.351,0.0
578.477,0.0
578.603,0.0
578.729,0.0
578.855,0.0
578.981,0.0
579.107,0.0
579.232,0.0
579.358,0.0
579.484,0.0
579.61,0.0
579.735,0.0
579.861,0.0
579.987,0.0
580.113,0.0
580.238,0.0
580.364,0.0
580.49,0.0
580.615,0.0
580.741,0.0
580.867,0.0
580.992,4.4096399959436207e-07
581.118,1.0534890835299583e-06
581.243,1.7062107230963027e-06
581.369,2.3976914786362074e-06
581.494,3.128947665812145e-06
581.62,3.90115964791189e-06
581.745,4.715316426958605e-06
581.871,5.57201913635047e-06
581.996,6.471609109293225e-06
582.122,7.413736508247914e-06
582.247,8.402596202041094e-06
582.373,9.441764391778496e-06
582.498,1.0536493989465672e-05
582.624,1.169218826657099e-05
582.749,1.2915226091893243e-05
582.874,1.421122121832191e-05
583.0,1.5719784397365715e-05
583.125,1.74413436101615e-05
583.25,1.8255933674265283e-05
583.376,1.8175860410624545e-05
583.501,2.396079107902882e-05
583.626,2.409550360277721e-05
583.751,2.5341288876576767e-05
583.877,2.770976554826099e-05
584.002,3.0088934430344707e-05
584.127,3.249299891192298e-05
584.252,3.507108425172545e-05
584.377,3.784166908907211e-05
584.503,4.080782521733168e-05
584.628,4.3977233092746e-05
584.753,4.735668659142018e-05
584.878,5.095724615266931e-05
585.003,5.481219354355186e-05
585.128,5.89571824752273e-05
585.253,6.341509610120997e-05
585.378,6.819601263908956e-05
585.503,7.337801395817662e-05
585.628,7.902748476342859e-05
585.753,8.52336040517736e-05
585.878,9.212386363813189e-05
586.003,9.979311576519143e-05
586.128,0.0001083903253609668
586.253,0.0001181469167037725
586.378,0.000129199664526324
586.503,0.00014169152538031328
586.628,0.00015706293787383962
586.753,0.0001755869870068464
586.878,0.00019041264362395366
587.003,0.00021371624064863513
587.127,0.0002387840489699685
587.252,0.00026563588566453776
587.377,0.0002963115952340956
587.502,0.00033101374569464005
587.627,0.00037031874845643465
587.751,0.00041567783640938336
587.876,0.00046649972421144574
588.001,0.0005256304340414801
588.125,0.0006000944402616339
588.25,0.0006911125942087072
588.375,0.0007950799370646771
588.499,0.0009482201371212779
588.624,0.0011060897377721116
588.749,0.0013234309243816333
588.873,0.0014445856278810605
588.998,0.0015337085022584715
589.122,0.001694765431922337
589.247,0.0017228146796372673
589.372,0.0016272716489373494
589.496,0.0015404570884824424
589.621,0.0015742167934907183
589.745,0.0016059629458480644
589.87,0.0014476809525922052
589.994,0.0012247189774600108
590.118,0.0010229576016652043
590.243,0.0008657912790629636
590.367,0.0007538869224902603
590.492,0.0006618888563897369
590.616,0.0005876031855607257
590.74,0.0005302923849807029
590.865,0.0004659422307751574
590.989,0.00042601966454004444
591.114,0.00038609091030570154
591.238,0.0003514495324333682
591.362,0.00032224744119780676
591.486,0.0002959066244042518
591.611,0.0002714709951890593
591.735,0.0002484536309504392
591.859,0.000227751322746593
591.983,0.00020930976219149592
592.107,0.00019115206097327278
592.232,0.00017354157961548195
592.356,0.00015743201728198386
592.48,0.00014285196964059974
592.604,0.00013151272860996256
592.728,0.00012095609636862761
592.852,0.00010115702831095033
592.976,9.961112904735077e-05
593.1,9.374019575689078e-05
593.224,8.702122957521877e-05
593.349,8.090443213715189e-05
593.473,7.538951828638811e-05
593.597,7.018823219455288e-05
593.721,6.557970782716018e-05
593.844,6.150143234420562e-05
593.968,5.76710718584134e-05
594.092,5.406586821781451e-05
594.216,5.0651347250604804e-05
594.34,4.742101195111216e-05
594.464,4.4394239024482636e-05
594.588,4.154992787463406e-05
594.712,3.887503635253649e-05
594.836,3.6356282665028254e-05
594.959,3.398130875356612e-05
595.083,3.174133397126794e-05
595.207,2.962881597940878e-05
595.331,2.7635947373418093e-05
595.455,2.575379993332715e-05
595.578,2.3968097772186477e-05
595.702,2.2269397015317573e-05
595.826,2.0652808754847016e-05
595.949,1.9118487881171544e-05
596.073,1.7660991075844565e-05
596.197,1.6273687011917917e-05
596.32,1.4949396128248454e-05
596.444,1.3682482263126893e-05
596.568,1.2470618965014049e-05
596.691,1.130988261163861e-05
596.815,1.020137355258887e-05
596.938,9.145010865111417e-06
597.062,8.139216343866263e-06
597.186,7.182159240472804e-06
597.309,6.27215147662604e-06
597.433,5.407993323973283e-06
597.556,4.591416658965239e-06
597.68,3.8226202632237725e-06
597.803,3.0999090607941785e-06
597.926,2.4196787128750394e-06
598.05,1.7806960112283956e-06
598.173,1.1820538834684981e-06
598.297,6.233589494982209e-07
598.42,1.03971148617841e-07
598.543,0.0
598.667,0.0
598.79,0.0
598.913,0.0
599.037,0.0
599.16,0.0
599.283,0.0
599.406,0.0
599.53,0.0
599.653,0.0
599.776,0.0
599.899,0.0
600.022,0.0
600.145,0.0
600.269,0.0
600.392,0.0
600.515,0.0
600.638,0.0
600.761,0.0
600.884,0.0
601.007,0.0
601.13,0.0
601.253,0.0
601.376,0.0
601.499,0.0
601.622,0.0
601.745,0.0
601.868,0.0
601.991,0.0
602.113,0.0
602.236,0.0
602.359,0.0
602.482,0.0
602.605,0.0
602.728,0.0
602.85,0.0
602.973,0.0
603.096,0.0
603.219,0.0
603.341,0.0
603.464,0.0
603.587,0.0
603.709,0.0
603.832,0.0
603.955,0.0
604.077,0.0
604.2,0.0
604.323,0.0
604.445,0.0
604.568,0.0
604.69,0.0
604.813,0.0
604.935,0.0
605.058,0.0
605.18,0.0
605.303,0.0
605.425,0.0
605.547,0.0
605.67,0.0
605.792,0.0
605.915,0.0
606.037,0.0
606.159,0.0
606.282,0.0
606.404,0.0
606.526,0.0
606.648,0.0
606.771,0.0
606.893,0.0
607.015,0.0
607.137,0.0
607.26,0.0
607.382,0.0
607.504,0.0
607.626,0.0
607.748,0.0
607.87,0.0
607.992,0.0
608.114,0.0
608.237,0.0
608.359,0.0
608.481,0.0
608.603,0.0
608.725,0.0
608.847,0.0
608.969,0.0
609.09,0.0
609.212,0.0
609.334,0.0
609.456,0.0
609.578,0.0
609.7,0.0
609.822,0.0
609.944,0.0
610.065,0.0
610.187,0.0
610.309,0.0
610.431,0.0
610.552,0.0
610.674,0.0
610.796,0.0
610.918,0.0
611.039,0.0
611.161,0.0
611.282,0.0
611.404,0.0
611.526,0.0
611.647,0.0
611.769,0.0
611.89,0.0
612.012,0.0
612.133,0.0
612.255,0.0
612.377,0.0
612.498,0.0
612.619,0.0
612.741,0.0
612.862,0.0
612.984,0.0
613.105,0.0
613.226,0.0
613.348,0.0
613.469,0.0
613.59,0.0
613.712,0.0
613.833,0.0
613.954,0.0
614.076,0.0
614.197,0.0
614.318,0.0
614.439,0.0
614.56,1.534402365685452e-07
614.682,5.396226633869479e-07
614.803,9.64665074190064e-07
614.924,2.28335811406681e-06
615.045,4.0409619365881694e-06
615.166,5.317579343331758e-06
615.287,1.1730108473236642e-05
615.408,3.2519288207920716e-05
615.529,3.8881611127634124e-05
615.65,2.6096715042346885e-05
615.771,1.8985151000433344e-05
615.892,2.5461493072070138e-05
616.013,5.3317364565222e-05
616.134,7.414742824246793e-05
616.255,6.73818740166781e-05
616.376,4.260138129913686e-05
616.497,2.7559650845102962e-05
616.618,2.0831318878301213e-05
616.739,1.8325852881758776e-05
616.86,1.6477583582685463e-05
616.981,1.4648845598273207e-05
617.102,1.3025540422210415e-05
617.222,1.1446863608910123e-05
617.343,1.0178071336170876e-05
617.464,9.221641426398007e-06
617.585,8.410466257158478e-06
617.705,7.676605431671259e-06
617.826,6.882690183518333e-06
617.947,6.072633414366551e-06
618.068,5.33695385711478e-06
618.188,4.7149778951802195e-06
618.309,4.227906628058893e-06
618.43,3.845016141599469e-06
618.55,3.528519882605999e-06
618.671,3.256255740392469e-06
618.791,3.032508577436785e-06
618.912,2.842128306593635e-06
619.033,2.660617174756073e-06
619.153,2.466846849996089e-06
619.274,2.243292768123258e-06
619.394,1.9949452538093953e-06
619.515,1.7359773292398819e-06
619.635,1.4830530200198677e-06
619.756,1.2441318434960154e-06
619.876,1.0201108385694549e-06
619.996,8.129771540591136e-07
620.117,6.296039898588117e-07
620.237,4.7216336557463106e-07
620.358,3.367341325664243e-07
620.478,2.1971648995303328e-07
620.598,1.1797063285746086e-07
620.719,2.9372162553815415e-08
620.839,0.0
620.959,0.0
621.079,0.0
621.2,0.0
621.32,0.0
621.44,0.0
621.56,0.0
621.681,0.0
621.801,0.0
621.921,0.0
622.041,0.0
622.161,0.0
622.281,0.0
622.401,0.0
622.521,0.0
622.641,0.0
622.761,0.0
622.882,0.0
623.002,0.0
623.121,0.0
623.241,0.0
623.361,0.0
623.481,0.0
623.601,0.0
623.721,0.0
623.841,0.0
623.961,0.0
624.081,0.0
624.201,0.0
624.32,0.0
624.44,0.0
624.56,0.0
624.68,0.0
624.799,0.0
624.919,0.0
625.039,0.0
625.159,0.0
625.278,0.0
625.398,0.0
625.518,0.0
625.637,0.0
625.757,0.0
625.876,0.0
625.996,0.0
626.115,0.0
626.235,0.0
626.354,0.0
626.474,0.0
626.594,0.0
626.713,0.0
626.832,0.0
626.952,0.0
627.071,0.0
627.191,0.0
627.31,0.0
627.429,0.0
627.549,0.0
627.668,0.0
627.787,0.0
627.907,0.0
628.026,0.0
628.145,0.0
628.264,0.0
628.384,0.0
628.503,0.0
628.622,0.0
628.741,0.0
628.86,0.0
628.98,3.583321222266068e-08
629.099,7.294844517420046e-08
629.218,1.0767195743354982e-07
629.337,1.397146533864189e-07
629.456,1.689014344499419e-07
629.575,1.9510044845594688e-07
629.694,2.1819813729726153e-07
629.813,2.3811391716393907e-07
629.932,2.548355256093302e-07
630.051,2.6836571659738014e-07
630.17,2.7870837066308635e-07
630.289,2.8597831016781997e-07
630.408,2.9031833016565e-07
630.527,2.918473977093594e-07
630.646,2.906983290408292e-07
630.764,2.8700082714000856e-07
630.883,2.808671221809165e-07
631.002,2.7245563177049666e-07
631.121,2.6200742012008276e-07
631.24,2.4971984885139656e-07
631.359,2.3575425114242856e-07
631.477,2.2028938068612262e-07
631.596,2.0346073917189547e-07
631.715,1.8539705903488934e-07
631.834,1.6624839436034607e-07
631.952,1.4617583438154433e-07
632.071,1.252883018619784e-07
632.19,1.0369107147963463e-07
632.308,8.154380266059163e-08
632.427,5.899633301166242e-08
632.546,3.621715230532585e-08
632.664,1.3414074654224097e-08
632.783,0.0
632.901,0.0
633.02,0.0
633.138,0.0
633.257,0.0
633.375,0.0
633.494,0.0
633.612,0.0
633.731,0.0
633.849,0.0
633.968,0.0
634.086,0.0
634.204,0.0
634.323,0.0
634.441,0.0
634.559,0.0
634.678,0.0
634.796,0.0
634.914,0.0
635.032,0.0
635.151,0.0
635.269,0.0
635.387,0.0
635.505,0.0
635.623,0.0
635.742,0.0
635.86,0.0
635.978,0.0
636.096,0.0
636.214,0.0
636.332,0.0
636.45,0.0
636.568,0.0
636.686,0.0
636.804,0.0
636.922,0.0
637.04,0.0
637.158,0.0
637.276,0.0
637.394,0.0
637.512,0.0
637.629,0.0
637.747,0.0
637.865,0.0
637.983,0.0
638.101,0.0
638.218,0.0
638.336,0.0
638.454,0.0
638.572,0.0
638.689,0.0
638.807,0.0
638.925,0.0
639.042,0.0
639.16,0.0
639.278,0.0
639.395,0.0
639.513,0.0
639.63,0.0
639.748,0.0
639.865,0.0
639.983,0.0
640.1,0.0
640.218,0.0
640.335,0.0
640.453,0.0
640.57,0.0
640.688,0.0
640.805,0.0
640.922,0.0
641.04,0.0
641.157,0.0
641.274,0.0
641.391,0.0
641.509,0.0
641.626,0.0
641.743,0.0
641.86,0.0
641.978,0.0
642.095,0.0
642.212,0.0
642.329,0.0
642.446,0.0
642.563,0.0
642.681,0.0
642.798,0.0
642.915,0.0
643.032,0.0
643.149,0.0
643.266,0.0
643.383,0.0
643.5,0.0
643.617,0.0
643.734,0.0
643.85,0.0
643.967,0.0
644.084,0.0
644.201,0.0
644.318,0.0
644.435,0.0
644.552,0.0
644.668,0.0
644.785,0.0
644.902,0.0
645.019,0.0
645.135,0.0
645.252,0.0
645.369,0.0
645.485,0.0
645.602,0.0
645.719,0.0
645.835,0.0
645.952,0.0
646.068,0.0
646.185,0.0
646.302,0.0
646.418,0.0
646.535,0.0
646.651,0.0
646.768,0.0
646.884,0.0
647.0,0.0
647.117,0.0
647.233,0.0
647.35,0.0
647.466,0.0
647.582,0.0
647.699,0.0
647.815,0.0
647.931,0.0
648.047,0.0
648.164,0.0
648.28,0.0
648.396,0.0
648.512,0.0
648.629,0.0
648.745,0.0
648.861,0.0
648.977,0.0
649.093,0.0
649.209,0.0
649.325,0.0
649.441,0.0
649.557,0.0
649.673,0.0
649.789,0.0
649.905,0.0
650.021,0.0
650.137,0.0
650.253,0.0
650.369,0.0
650.485,0.0
650.601,0.0
650.717,0.0
650.833,0.0
650.948,0.0
651.064,0.0
651.18,0.0
651.296,0.0
651.411,0.0
651.527,0.0
651.643,0.0
651.759,0.0
651.874,2.1236433622205e-07
651.99,4.934948130433813e-07
652.105,8.220397443905324e-07
652.221,1.2044592959494264e-06
652.337,1.6510705949126316e-06
652.452,2.1711813965702043e-06
652.568,2.7692456243719114e-06
652.683,3.4485650842718212e-06
652.799,4.20933861326103e-06
652.914,5.048875675057084e-06
653.03,5.96861494778461e-06
653.145,6.969207605052357e-06
653.261,8.050559395983598e-06
653.376,9.211769771425068e-06
653.492,1.045352672215849e-05
653.607,1.178031564672821e-05
653.722,1.3207331872987087e-05
653.838,1.472851710143729e-05
653.953,1.6339844007714962e-05
654.068,1.8037707419090985e-05
654.184,1.980739170823581e-05
654.299,2.1636780452163238e-05
654.414,2.3532114149899684e-05
654.53,2.549665373123194e-05
654.645,2.75306768537091e-05
654.76,2.967091523172887e-05
654.875,3.1959712657630185e-05
654.99,3.4444128639630514e-05
655.106,3.7208833251167616e-05
655.221,4.035629903098623e-05
655.336,4.394354623677712e-05
655.451,4.7982217921087706e-05
655.566,5.25391375681061e-05
655.681,5.748713093668851e-05
655.796,6.286861539171966e-05
655.911,6.883787463408492e-05
656.026,7.488845610321545e-05
656.141,8.15862120712933e-05
656.256,8.801457800979674e-05
656.371,9.005180966822123e-05
656.486,8.758960656903239e-05
656.601,8.418859928499689e-05
656.716,8.06403646615853e-05
656.831,7.655968979979574e-05
656.946,7.252951498203596e-05
657.06,6.85723181168368e-05
657.175,6.469139949859102e-05
657.29,6.105322900213938e-05
657.405,5.754786051983716e-05
657.52,5.4260794802536624e-05
657.634,5.116706413390271e-05
657.749,4.821323882947723e-05
657.864,4.53914502786339e-05
657.979,4.2682573994029054e-05
658.093,4.0097371181108445e-05
658.208,3.7649482770545245e-05
658.323,3.5358135055224094e-05
658.437,3.321344535583228e-05
658.552,3.122466296776812e-05
658.666,2.9385207125020135e-05
658.781,2.7680614513900712e-05
658.895,2.6094706970380595e-05
659.01,2.4607288555472546e-05
659.125,2.3199957495494464e-05
659.239,2.1856235194304037e-05
659.353,2.056225133757241e-05
659.468,1.9308992708320906e-05
659.582,1.8089243429878898e-05
659.697,1.6897441041112527e-05
659.811,1.5730658453276478e-05
659.926,1.4587822827785348e-05
660.04,1.3468905031528233e-05
660.154,1.2374194927219664e-05
660.269,1.1305152965545046e-05
660.383,1.0266734905187718e-05
660.497,9.268076951001017e-06
660.612,8.317473853643346e-06
660.726,7.421904328361724e-06
660.84,6.586316634463208e-06
660.954,5.813080382443859e-06
661.068,5.104704549939242e-06
661.183,4.461684992648413e-06
661.297,3.882062377989378e-06
661.411,3.3624274432229263e-06
661.525,2.898180794555879e-06
661.639,2.483963354749363e-06
661.753,2.1143142056814846e-06
661.867,1.7839778563875675e-06
661.981,1.4883168309487661e-06
662.095,1.2235205743928502e-06
662.209,9.835376577509615e-07
662.323,7.638282731446433e-07
662.437,5.608596484579882e-07
662.551,3.718213490023065e-07
662.665,1.9451632058336908e-07
662.779,2.7374543311679082e-08
662.893,0.0
663.007,0.0
663.121,0.0
663.235,0.0
663.349,0.0
663.462,0.0
663.576,0.0
663.69,0.0
663.804,0.0
663.917,0.0
664.031,0.0
664.145,0.0
664.258,0.0
664.372,0.0
664.486,0.0
664.599,0.0
664.713,0.0
664.827,0.0
664.94,0.0
665.054,0.0
665.167,0.0
665.281,0.0
665.394,0.0
665.508,0.0
665.621,0.0
665.735,0.0
665.848,0.0
665.961,0.0
666.075,0.0
666.188,0.0
666.301,0.0
666.415,0.0
666.528,0.0
666.641,0.0
666.755,0.0
666.868,0.0
666.981,0.0
667.094,0.0
667.207,0.0
667.321,0.0
667.434,0.0
667.547,0.0
667.66,0.0
667.773,0.0
667.886,0.0
667.999,0.0
668.112,0.0
668.225,0.0
668.338,0.0
668.451,0.0
668.564,0.0
668.677,0.0
668.79,0.0
668.903,0.0
669.016,0.0
669.129,0.0
669.242,0.0
669.354,0.0
669.467,0.0
669.58,0.0
669.693,0.0
669.806,0.0
669.918,0.0
670.031,0.0
670.144,0.0
670.256,0.0
670.369,0.0
670.482,0.0
670.594,0.0
670.707,0.0
670.82,0.0
670.932,0.0
671.045,0.0
671.157,0.0
671.27,0.0
671.382,0.0
671.495,0.0
671.607,0.0
671.72,0.0
671.832,0.0
671.944,0.0
672.057,0.0
672.169,0.0
672.281,0.0
672.394,0.0
672.506,0.0
672.618,0.0
672.731,0.0
672.843,0.0
672.955,0.0
673.067,0.0
673.18,0.0
673.292,0.0
673.404,0.0
673.516,0.0
673.628,0.0
673.74,0.0
673.852,0.0
673.964,0.0
674.076,0.0
674.188,0.0
674.3,0.0
674.412,0.0
674.524,0.0
674.636,0.0
674.748,0.0
674.86,0.0
674.972,0.0
675.084,0.0
675.196,0.0
675.307,0.0
675.419,0.0
675.531,0.0
675.643,0.0
675.755,0.0
675.866,0.0
675.978,0.0
676.09,0.0
676.201,0.0
676.313,0.0
676.425,0.0
676.536,0.0
676.648,0.0
676.759,0.0
676.871,0.0
676.983,0.0
677.094,0.0
677.206,0.0
677.317,0.0
677.429,0.0
677.54,0.0
677.651,0.0
677.763,0.0
677.874,0.0
677.986,0.0
678.097,0.0
678.208,0.0
678.32,0.0
678.431,0.0
678.542,0.0
678.653,0.0
678.765,0.0
678.876,0.0
678.987,0.0
679.098,0.0
679.209,0.0
679.32,0.0
679.432,0.0
679.543,0.0
679.654,0.0
679.765,0.0
679.876,0.0
679.987,0.0
680.098,0.0
680.209,0.0
680.32,0.0
680.431,0.0
680.542,0.0
680.653,0.0
680.763,0.0
680.874,0.0
680.985,0.0
681.096,0.0
681.207,0.0
681.318,0.0
681.428,0.0
681.539,0.0
681.65,0.0
681.76,0.0
681.871,0.0
681.982,0.0
682.093,0.0
682.203,0.0
682.314,0.0
682.424,0.0
682.535,0.0
682.646,0.0
682.756,0.0
682.867,0.0
682.977,0.0
683.088,0.0
683.198,0.0
683.308,0.0
683.419,0.0
683.529,0.0
683.64,0.0
683.75,0.0
683.86,0.0
683.971,0.0
684.081,0.0
684.191,0.0
684.301,0.0
684.412,0.0
684.522,0.0
684.632,0.0
684.742,0.0
684.852,0.0
684.963,0.0
685.073,0.0
685.183,0.0
685.293,0.0
685.403,0.0
685.513,0.0
685.623,0.0
685.733,0.0
685.843,0.0
685.953,0.0
686.063,0.0
686.173,0.0
686.283,0.0
686.393,0.0
686.503,0.0
686.612,0.0
686.722,0.0
686.832,0.0
686.942,0.0
687.052,0.0
687.161,0.0
687.271,0.0
687.381,0.0
687.491,0.0
687.6,0.0
687.71,0.0
687.82,0.0
687.929,0.0
688.039,0.0
688.148,0.0
688.258,0.0
688.367,0.0
688.477,0.0
688.586,0.0
688.696,0.0
688.805,0.0
688.915,0.0
689.024,0.0
689.134,0.0
689.243,0.0
689.352,0.0
689.462,0.0
689.571,0.0
689.68,0.0
689.79,0.0
689.899,0.0
690.008,0.0
690.117,0.0
690.227,0.0
690.336,0.0
690.445,0.0
690.554,0.0
690.663,0.0
690.772,0.0
690.881,0.0
690.99,0.0
691.099,0.0
691.209,0.0
691.318,0.0
691.427,0.0
691.536,0.0
691.644,0.0
691.753,0.0
691.862,0.0
691.971,0.0
692.08,0.0
692.189,0.0
692.298,0.0
692.406,0.0
692.515,0.0
692.624,0.0
692.733,0.0
692.842,0.0
692.95,0.0
693.059,0.0
693.168,0.0
693.276,0.0
693.385,0.0
693.494,0.0
693.602,0.0
693.711,0.0
693.819,0.0
693.928,0.0
694.036,0.0
694.145,0.0
694.253,0.0
694.362,1.8027487669435258e-08
694.47,3.69173763131534e-08
694.579,5.520817002234759e-08
694.687,7.282038029057461e-08
694.795,8.977490055714167e-08
694.693,0.0
694.893,0.0
695.093,0.0
695.293,3.4716680082523825e-07
695.492,5.058136346807748e-07
695.692,1.0945509307208359e-07
695.891,0.0
696.091,0.0
696.291,0.0
696.49,0.0
696.69,0.0
696.889,0.0
697.089,0.0
697.288,0.0
697.488,0.0
697.687,0.0
697.887,0.0
698.086,1.8153947409442416e-07
698.286,3.196448742716919e-07
698.485,4.0974395200049324e-07
698.684,4.645199888533128e-07
698.884,5.019719510140741e-07
699.083,5.32849113690605e-07
699.282,5.6131456853888e-07
699.482,5.965512696911604e-07
699.681,6.493615645763314e-07
699.88,7.425248871145114e-07
700.08,8.938872813955687e-07
700.279,1.0999916464421898e-06
700.478,1.3304522350329962e-06
700.677,1.555442227360411e-06
700.877,1.7669322181421956e-06
701.076,1.957380195284181e-06
701.275,2.117761018593299e-06
701.474,2.238218827799428e-06
701.673,2.297782707359638e-06
701.872,2.2953556025001198e-06
702.071,2.2439177049853654e-06
702.271,2.1497482657737616e-06
702.47,2.013483572275869e-06
702.669,1.8357301455379714e-06
702.868,1.624767666633691e-06
703.067,1.3847422090975062e-06
703.266,1.1154665509323651e-06
703.465,8.131743678813397e-07
703.664,4.7471033344823526e-07
703.863,1.0954763224585466e-07
704.062,0.0
704.26,0.0
704.459,0.0
704.658,0.0
704.857,0.0
705.056,0.0
705.255,0.0
705.454,0.0
705.652,0.0
705.851,0.0
706.05,0.0
706.249,0.0
706.447,0.0
706.646,0.0
706.845,0.0
707.043,0.0
707.242,0.0
707.441,0.0
707.639,0.0
707.838,0.0
708.037,0.0
708.235,0.0
708.434,0.0
708.632,0.0
708.831,0.0
709.029,0.0
709.228,0.0
709.426,0.0
709.625,0.0
709.823,0.0
710.022,0.0
710.22,0.0
710.418,0.0
710.617,0.0
710.815,0.0
711.013,0.0
711.212,0.0
711.41,0.0
711.608,8.002849933243456e-08
711.807,2.1657139854314855e-07
712.005,3.478384032031853e-07
712.203,4.7300935750526396e-07
712.401,5.953910294586731e-07
712.599,7.157431825638217e-07
712.798,8.341726197921883e-07
712.996,9.492861713043552e-07
713.194,1.0379107448703027e-06
713.392,1.0721911379887772e-06
713.59,1.0252145753572493e-06
713.788,9.179636216834788e-07
713.986,7.753463371520269e-07
714.184,6.426889330652179e-07
714.382,5.660683541679416e-07
714.58,5.451423802360382e-07
714.778,7.091981162324304e-07
714.976,1.218698117786283e-06
715.174,2.2313550417338323e-06
715.372,3.7098412949618204e-06
715.57,5.368613570341523e-06
715.768,6.747149493684189e-06
715.966,7.3776661155091554e-06
716.164,7.2594134341951095e-06
716.362,6.52193731361699e-06
716.56,5.527665984597696e-06
716.758,4.659262026157062e-06
716.955,3.9380054410334645e-06
717.153,3.423321911910492e-06
717.351,3.061472556211568e-06
717.549,2.7853474211135484e-06
717.746,2.5955355027221856e-06
717.944,2.470974239794805e-06
718.142,2.385415645995951e-06
718.34,2.3131225888473994e-06
718.537,2.2549022318070195e-06
718.735,2.191385301327006e-06
718.933,2.120792703557201e-06
719.13,2.043009646198237e-06
719.328,1.9590294390726623e-06
719.525,1.8724540813524087e-06
719.723,1.7874595283101936e-06
719.92,1.7080841957752094e-06
720.118,1.6316040357490673e-06
720.316,1.5546634831750223e-06
720.513,1.4714236143769562e-06
720.711,1.376020882031292e-06
720.908,1.269335893791464e-06
721.105,1.1523345372355497e-06
721.303,1.0260006596499292e-06
721.5,8.91301028432593e-07
721.698,7.492490909288005e-07
721.895,6.042143519277757e-07
722.092,4.6085796625730467e-07
722.29,3.2387376880456315e-07
722.487,1.939466617037814e-07
722.684,7.154264843210109e-08
722.882,0.0
723.079,0.0
723.276,0.0
723.473,0.0
723.671,0.0
723.868,0.0
724.065,0.0
724.262,0.0
724.459,0.0
724.656,0.0
724.854,0.0
725.051,0.0
725.248,0.0
725.445,0.0
725.642,0.0
725.839,0.0
726.036,0.0
726.233,0.0
726.43,0.0
726.627,0.0
726.824,0.0
727.021,0.0
727.218,0.0
727.414,6.87731307596518e-07
727.611,0.0
727.808,0.0
728.005,0.0
728.202,0.0
728.399,0.0
728.595,0.0
728.792,0.0
728.989,0.0
729.186,0.0
729.382,0.0
729.579,0.0
729.776,0.0
729.972,0.0
730.169,0.0
730.366,0.0
730.562,0.0
730.759,0.0
730.955,0.0
731.152,0.0
731.348,0.0
731.545,0.0
731.741,0.0
731.938,0.0
732.134,0.0
732.331,0.0
732.527,0.0
732.724,0.0
732.92,0.0
733.116,0.0
733.313,0.0
733.509,0.0
733.705,0.0
733.902,0.0
734.098,0.0
734.294,0.0
734.49,0.0
734.687,0.0
734.883,0.0
735.079,0.0
735.275,0.0
735.471,0.0
735.667,0.0
735.863,0.0
736.06,0.0
736.256,0.0
736.452,0.0
736.648,0.0
736.844,0.0
737.04,0.0
737.236,0.0
737.432,0.0
737.628,0.0
737.824,0.0
738.019,0.0
738.215,0.0
738.411,0.0
738.607,0.0
738.803,0.0
738.999,7.685006448459177e-08
739.195,6.178337006732948e-07
739.39,1.2405015191417615e-06
739.586,1.9284112306271766e-06
739.782,2.6455347543530768e-06
739.978,3.341616104043223e-06
740.173,3.957133664283536e-06
740.369,4.477609933442675e-06
740.565,4.970156191411193e-06
740.76,5.382141320978206e-06
740.956,5.784796688710986e-06
741.152,6.251820217719433e-06
741.347,6.6927543911037835e-06
741.543,7.50058162615814e-06
741.738,8.54417503126531e-06
741.934,1.0115036963588397e-05
742.129,1.481591586698948e-05
742.325,2.2514965253978592e-05
742.52,2.753104029885146e-05
742.716,2.6545095139630892e-05
742.911,2.2603223456044884e-05
743.107,1.9024480146716145e-05
743.302,1.662354046065461e-05
743.498,1.579084661400556e-05
743.693,1.7172865228848364e-05
743.888,2.2539592118397867e-05
744.084,3.4574777430273164e-05
744.279,5.4663209502970075e-05
744.474,5.725809654262289e-05
744.67,4.4487596413091375e-05
744.865,3.503653989314081e-05
745.06,2.906797748143039e-05
745.255,2.567371357327411e-05
745.451,2.3398675095641548e-05
745.646,2.1694634563868722e-05
745.841,2.0867050076892098e-05
746.036,2.1200849540968186e-05
746.231,2.272052496119162e-05
746.426,2.7618582805757646e-05
746.622,4.2849904929457265e-05
746.817,7.56715507159548e-05
747.012,9.327108776446319e-05
747.207,7.621526245524119e-05
747.402,6.214464427461435e-05
747.597,5.305292160202477e-05
747.792,4.752113973076974e-05
747.987,4.325413454076641e-05
748.182,3.9500447189926316e-05
748.377,3.606738066740821e-05
748.572,3.276486203806954e-05
748.767,2.9786273382121146e-05
748.961,2.7319678009305292e-05
749.156,2.5256535033199653e-05
749.351,2.3531148798715122e-05
749.546,2.201389738655217e-05
749.741,2.0633346489731906e-05
749.936,1.940205579328933e-05
750.13,1.8304324848015322e-05
750.325,1.7304448083052276e-05
750.52,1.6333744478710868e-05
750.715,1.5385603345939056e-05
750.909,1.4430647380218212e-05
751.104,1.34696530187381e-05
751.299,1.2508694583047792e-05
751.493,1.1546023062343175e-05
751.688,1.0577184146583302e-05
751.882,9.60406649791982e-06
752.077,8.636528135240846e-06
752.272,7.674150100204768e-06
752.466,6.7253921015058846e-06
752.661,5.799899293518274e-06
752.855,4.905721417614345e-06
753.05,4.053445590865372e-06
753.244,3.2557165467383198e-06
753.439,2.5229934193383763e-06
753.633,1.8646349836217934e-06
753.828,1.2784334613008056e-06
754.022,7.627326168217421e-07
754.216,3.1347042080041734e-07
754.411,0.0
754.605,0.0
754.799,0.0
754.994,0.0
755.188,0.0
755.382,0.0
755.576,0.0
755.771,0.0
755.965,0.0
756.159,0.0
756.353,0.0
756.547,0.0
756.742,0.0
756.936,0.0
757.13,0.0
757.324,0.0
757.518,0.0
757.712,0.0
757.906,0.0
758.1,0.0
758.294,0.0
758.488,0.0
758.682,0.0
758.876,0.0
759.07,0.0
759.264,0.0
759.458,0.0
759.651,0.0
759.845,0.0
760.039,0.0
760.233,0.0
760.427,0.0
760.62,0.0
760.814,0.0
761.008,0.0
761.202,0.0
761.395,0.0
761.589,1.0693950370985674e-07
761.783,4.764452816410921e-07
761.976,8.012173278775951e-07
762.17,1.0874658488355164e-06
762.363,1.3404902186008718e-06
762.557,1.5511178743794366e-06
762.75,1.705767153402069e-06
762.944,1.8035148599178292e-06
763.138,1.8266837208328814e-06
763.331,1.7766740449935438e-06
763.524,1.697143533445731e-06
763.718,1.5450773342688798e-06
763.911,1.2655478157128806e-06
764.105,8.507652313205799e-07
764.298,2.9838607929862907e-07
764.492,0.0
764.685,0.0
764.878,0.0
765.072,0.0
765.265,0.0
765.458,0.0
765.651,0.0
765.845,0.0
766.038,0.0
766.231,1.2130650673873125e-05
766.424,7.087523357471304e-05
766.617,7.854447487805193e-05
766.811,7.906043459788584e-06
767.004,0.0
767.197,0.0
767.39,0.0
767.583,0.0
767.776,0.0
767.969,0.0
768.162,0.0
768.355,0.0
768.548,0.0
768.741,0.0
768.934,0.0
769.127,0.0
769.32,0.0
769.513,3.9858845174402105e-06
769.706,1.9461508451876484e-05
769.898,7.060354508569438e-05
770.091,3.5640802008722045e-05
770.284,7.851816490428299e-06
770.477,4.406968085358648e-06
770.67,3.5956968988185905e-06
770.862,4.359926903102047e-06
771.055,5.4101891450526315e-06
771.248,5.851916423002833e-06
771.441,6.022052500636614e-06
771.633,6.472057568333191e-06
771.826,7.245053218613229e-06
772.018,8.247490994362102e-06
772.211,9.293396629059281e-06
772.404,1.0260559443149133e-05
772.596,1.1136418161780269e-05
772.789,1.1973323255588879e-05
772.981,1.2858519261970591e-05
773.174,1.3847791481911344e-05
773.366,1.4966727072925067e-05
773.559,1.628189008681461e-05
773.751,1.7837687344338366e-05
773.944,1.96923247710504e-05
774.136,2.1946412001687842e-05
774.329,2.4698900786470073e-05
774.521,2.7969922417841825e-05
774.713,3.177120152815571e-05
774.906,3.607339470147003e-05
775.098,4.0732312511564616e-05
775.29,4.597701954542018e-05
775.483,5.2193512368939526e-05
775.675,5.9919571747427445e-05
775.867,7.00904726972288e-05
776.059,8.301884066141807e-05
776.251,9.932591547236545e-05
776.444,0.0001222164066453785
776.636,0.00015720462612269423
776.828,0.0002108232689805523
777.02,0.00032880401677776476
777.212,0.000515968462731112
777.404,0.0005885471405954855
777.596,0.0005459245151681782
777.788,0.00039034381105943204
777.98,0.0002809814548135206
778.172,0.00021726683289028515
778.364,0.00017386246731574583
778.556,0.00014790431932802523
778.748,0.0001237843789396958
778.94,0.0001041019224645801
779.132,8.8560495274138e-05
779.324,7.581178173651429e-05
779.516,6.542005173167643e-05
779.708,5.699397142874481e-05
779.9,5.015409948418957e-05
780.091,4.4594785284741775e-05
780.283,3.999485765477717e-05
780.475,3.605585813989184e-05
780.667,3.250205425358604e-05
780.859,2.9243526076617095e-05
781.05,2.622036784302602e-05
781.242,2.3428647918907416e-05
781.434,2.0897892504675373e-05
781.625,1.857276748187954e-05
781.817,1.6420292458680925e-05
782.008,1.4421910711315415e-05
782.2,1.2567522665104856e-05
782.392,1.0842152421946947e-05
782.583,9.249934471167807e-06
782.775,7.795633544226174e-06
782.966,6.478123881012712e-06
783.158,5.305163612275545e-06
783.349,4.276756913378865e-06
783.541,3.3894587695174073e-06
783.732,2.6377818273053683e-06
783.924,2.0250754738778782e-06
784.115,1.5386552616649952e-06
784.306,1.152767478455765e-06
784.498,8.368056230919743e-07
784.689,5.768429839820678e-07
784.88,3.6412456471773384e-07
785.072,1.9093903507663587e-07
785.263,4.940267186520152e-08
785.454,0.0
785.645,0.0
785.837,0.0
786.028,0.0
786.219,0.0
786.41,0.0
786.601,0.0
786.792,0.0
786.984,0.0
787.175,0.0
787.366,0.0
787.557,0.0
787.748,0.0
787.939,0.0
788.13,0.0
788.321,0.0
788.512,0.0
788.703,0.0
788.894,0.0
789.084,0.0
789.275,0.0
789.466,0.0
789.657,0.0
789.848,0.0
790.039,0.0
790.229,0.0
790.42,0.0
790.611,0.0
790.801,4.889780503830957e-07
790.992,1.0013668880467742e-06
791.183,1.4970522699937376e-06
791.373,1.9604932338869308e-06
791.564,2.4012551219272486e-06
791.755,2.835910968627094e-06
791.945,3.2782103785091684e-06
792.136,3.733600183907066e-06
792.326,4.199267723835677e-06
792.517,4.6822312006718025e-06
792.707,5.222910562765222e-06
792.898,5.9365296302599366e-06
793.088,6.829213853141717e-06
793.279,7.87310433237889e-06
793.469,9.06402325150881e-06
793.66,1.0364302813625482e-05
793.85,1.2085445095997374e-05
794.04,1.5085240540262129e-05
794.231,2.0205370596479794e-05
794.421,2.7500408824282334e-05
794.611,3.798070914600041e-05
794.802,5.564940311081694e-05
794.992,6.345174420087008e-05
795.182,6.372176871431735e-05
795.372,5.7091133004665014e-05
795.563,4.6407066740819595e-05
795.753,3.6470918848517524e-05
795.943,2.953138370615928e-05
796.133,2.4970282372327672e-05
796.323,2.181766412709178e-05
796.513,1.949984066592182e-05
796.703,1.757130614154323e-05
796.893,1.5797904037636717e-05
797.083,1.423477731334099e-05
797.273,1.2860326411743e-05
797.463,1.163626929237523e-05
797.653,1.0531245956863483e-05
797.843,9.462995419500792e-06
798.033,8.414124043621851e-06
798.223,7.385471662416901e-06
798.413,6.395960869954239e-06
798.603,5.452293978046915e-06
798.793,4.548886834669718e-06
798.983,3.686592547609562e-06
799.172,2.8564968099465376e-06
799.362,2.0608017637352724e-06
799.552,1.2969227769599037e-06
799.742,5.605993629666798e-07
799.932,0.0
800.121,0.0
800.311,0.0
800.501,0.0
800.69,0.0
800.88,0.0
801.07,0.0
801.259,0.0
801.449,0.0
801.638,0.0
801.828,0.0
802.017,0.0
802.207,0.0
802.396,0.0
802.586,0.0
802.775,0.0
802.965,0.0
803.154,0.0
803.343,0.0
803.533,0.0
803.722,0.0
803.911,0.0
804.101,0.0
804.29,0.0
804.479,0.0
804.668,0.0
804.857,0.0
805.047,0.0
805.236,0.0
805.425,0.0
805.614,0.0
805.803,0.0
805.992,0.0
806.181,0.0
806.37,0.0
806.559,0.0
806.748,0.0
806.937,0.0
807.126,0.0
807.315,0.0
807.504,0.0
807.693,0.0
807.882,0.0
808.071,0.0
808.26,0.0
808.448,0.0
808.637,0.0
808.826,0.0
809.015,0.0
809.203,0.0
809.392,0.0
809.581,0.0
809.77,0.0
809.958,0.0
810.147,0.0
810.335,0.0
810.524,0.0
810.713,0.0
810.901,0.0
811.09,6.119268997133046e-08
811.278,3.577421767471442e-07
811.467,6.684154019371389e-07
811.655,9.914778790960754e-07
811.844,1.3333499641883458e-06
812.032,1.6916791399856277e-06
812.22,2.067215858730485e-06
812.409,2.458577527332079e-06
812.597,2.874232272114708e-06
812.785,3.3000080059840857e-06
812.974,3.7329822750727413e-06
813.162,4.177854151987907e-06
813.35,4.642803103494386e-06
813.539,5.153827561031921e-06
813.727,5.728142153109071e-06
813.915,6.4087468086380755e-06
814.103,7.207760108399968e-06
814.291,8.187529651255881e-06
814.479,9.404616889763373e-06
814.668,1.0890098848734429e-05
814.856,1.26662556659126e-05
815.044,1.4758846510655409e-05
815.232,1.7250034258315452e-05
815.42,2.009093762756169e-05
815.608,2.3342421214469846e-05
815.796,2.699724109150567e-05
815.984,3.1005477347424574e-05
816.172,3.559792437977792e-05
816.36,4.0969932186941415e-05
816.548,4.741553055859454e-05
816.736,5.523954768899793e-05
816.924,6.475425229266924e-05
817.111,7.576960824320739e-05
817.299,8.801724336786967e-05
817.487,0.00010397624274531375
817.675,0.00012941286406097595
817.863,0.00016985774943196067
818.05,0.000259516429530941
818.238,0.0004801037492080818
818.426,0.000670655492913913
818.613,0.0004981716523225181
818.801,0.0004011539600580645
818.989,0.00038050181341638893
819.176,0.0004143276025485355
819.364,0.0006016302204156462
819.552,0.000810328798130732
819.739,0.0006349422860568272
819.927,0.0004727567752795092
820.114,0.0003781972717319933
820.302,0.0003213457934464413
820.489,0.00027848809733248075
820.677,0.0002484713186594376
820.864,0.0002283188993283399
821.052,0.00021829410743304576
821.239,0.0002101794252649619
821.426,0.00020930796563536333
821.614,0.00023228760912493153
821.801,0.00024287045949668239
821.988,0.00020731317911386622
822.176,0.00019840837959879046
822.363,0.00019601827787224096
822.55,0.00018014679955337843
822.737,0.00015706569921946533
822.924,0.00014309612314379263
823.112,0.00013232906908909224
823.299,0.00012141380159829532
823.486,0.00011116287078148424
823.673,0.00010226854011375449
823.86,9.669541888177064e-05
824.047,9.803463315103235e-05
824.234,0.00010823702760824397
824.421,0.00010809889707350129
824.608,9.174392726997687e-05
824.795,7.893447393876497e-05
824.982,6.990177576032133e-05
825.169,6.379475303994806e-05
825.356,5.8536579798577025e-05
825.543,5.3548908815717706e-05
825.73,4.9105972626055296e-05
825.917,4.50656557250197e-05
826.104,4.141768393661147e-05
826.29,3.814430042183086e-05
826.477,3.5082352979944814e-05
826.664,3.222128214386118e-05
826.851,2.951836097092717e-05
827.038,2.6940278390385776e-05
827.224,2.4506556579103764e-05
827.411,2.22127466642976e-05
827.598,2.008337509219218e-05
827.784,1.8133357030894975e-05
827.971,1.635097177626925e-05
828.157,1.4704985538647172e-05
828.344,1.317674823613971e-05
828.531,1.1758695892751462e-05
828.717,1.0437809810253757e-05
828.904,9.203139373669627e-06
829.09,8.036663061523797e-06
829.277,6.931825001532171e-06
829.463,5.890396584369906e-06
829.65,4.9181976962802865e-06
829.836,4.024958855437173e-06
830.022,3.212605269799511e-06
830.209,2.483235986477064e-06
830.395,1.8414361607246085e-06
830.581,1.2835375833059628e-06
830.768,7.986233576642747e-07
830.954,3.756069813993381e-07
831.14,7.469917039748766e-09
831.327,0.0
831.513,0.0
831.699,0.0
831.885,0.0
832.071,0.0
832.257,0.0
832.444,0.0
832.63,0.0
832.816,0.0
833.002,0.0
833.188,0.0
833.374,0.0
833.56,0.0
833.746,0.0
833.932,0.0
834.118,0.0
834.303,0.0
834.489,0.0
834.675,0.0
834.861,0.0
835.047,0.0
835.233,0.0
835.418,0.0
835.604,0.0
835.79,0.0
835.976,0.0
836.161,0.0
836.347,0.0
836.533,0.0
836.718,0.0
836.904,0.0
837.089,0.0
837.275,0.0
837.46,0.0
837.646,0.0
837.831,0.0
838.017,0.0
838.202,0.0
838.388,0.0
838.573,0.0
838.759,0.0
838.944,0.0
839.129,0.0
839.315,0.0
839.5,0.0
839.685,0.0
839.87,0.0
840.056,0.0
840.241,0.0
840.426,0.0
840.611,3.563038917336081e-07
840.796,7.960401779195752e-07
840.981,1.233063174861611e-06
841.166,1.6828996878738564e-06
841.352,2.1815982374197182e-06
841.537,2.740314116667668e-06
841.722,3.41416622433753e-06
841.907,4.218575974803793e-06
842.092,5.14341754157077e-06
842.277,6.164449088979488e-06
842.461,7.192970309125539e-06
842.646,8.23809834420397e-06
842.831,9.356256993654623e-06
843.016,1.0646977943131615e-05
843.201,1.2404001042687778e-05
843.386,1.4810803034524206e-05
843.571,1.8043891536291972e-05
843.755,2.2758545348699272e-05
843.94,2.9192555018825872e-05
844.125,3.823939851639555e-05
844.31,5.476944449606371e-05
844.494,8.505974567363036e-05
844.679,0.00013197981754769526
844.864,0.00013290703507495315
845.048,0.00010083273532479259
845.233,7.781091911798672e-05
845.418,6.149151661422412e-05
845.602,4.969235437875278e-05
845.787,4.071483718025268e-05
845.971,3.37462444516105e-05
846.156,2.834271014190592e-05
846.34,2.398348813425569e-05
846.525,2.037498152388133e-05
846.709,1.7402389564583646e-05
846.893,1.4866841379871915e-05
847.078,1.2672664101786748e-05
847.262,1.0763983000304558e-05
847.447,9.059505029759475e-06
847.631,7.566358703267794e-06
847.815,6.287375518028516e-06
848.0,5.203140004795223e-06
848.184,4.272666170811758e-06
848.368,3.461117444362982e-06
848.552,2.7370286601161354e-06
848.736,2.0771788580652274e-06
848.921,1.470268755713548e-06
849.105,8.948073214574846e-07
849.289,3.2987611306755985e-07
849.473,0.0
849.657,0.0
849.841,0.0
850.025,0.0
850.209,0.0
850.393,0.0
850.577,0.0
850.761,0.0
850.945,0.0
851.129,0.0
851.313,0.0
851.497,0.0
851.68,0.0
851.864,0.0
852.048,0.0
852.232,0.0
852.416,0.0
852.599,0.0
852.783,0.0
852.967,0.0
853.15,0.0
853.334,0.0
853.518,0.0
853.701,0.0
853.885,0.0
854.068,0.0
854.252,0.0
854.435,0.0
854.619,0.0
854.802,0.0
854.986,0.0
855.169,0.0
855.353,0.0
855.536,0.0
855.719,0.0
855.903,0.0
856.086,0.0
856.269,0.0
856.452,0.0
856.636,0.0
856.819,0.0
857.002,0.0
857.185,0.0
857.368,0.0
857.552,0.0
857.735,0.0
857.918,0.0
858.101,0.0
858.284,0.0
858.467,0.0
858.65,4.636687798124775e-07
858.833,1.1549057586391561e-06
859.016,2.1276908299207846e-06
859.199,4.401845991721636e-06
859.382,8.208451923354226e-06
859.564,1.1106786299789353e-05
859.747,1.0732723333609873e-05
859.93,8.185310712544029e-06
860.113,5.873174019850521e-06
860.296,4.321767884121051e-06
860.478,3.1664982437937594e-06
860.661,2.294324311579976e-06
860.844,1.5082959032634312e-06
861.027,7.188573443862857e-07
861.209,1.1244415020596151e-07
861.392,0.0
861.575,0.0
861.757,0.0
861.94,0.0
862.122,2.49172986460643e-07
862.305,1.5255650796793038e-06
862.487,4.449584873564355e-06
862.67,9.293032450763938e-06
862.852,1.6733903264796856e-05
863.035,2.7946161208236193e-05
863.217,2.8360318678626076e-05
863.4,2.3537799855695e-05
863.582,1.8601810027450497e-05
863.764,1.5067193670890269e-05
863.947,1.2561398906213558e-05
864.129,1.0778775849397981e-05
864.311,9.464502919753305e-06
864.493,8.522430317285383e-06
864.676,8.031988539557903e-06
864.858,7.986594544115687e-06
865.04,8.438268047035719e-06
865.222,9.292223811782831e-06
865.404,1.0393039596368843e-05
865.587,1.1614881361275543e-05
865.769,1.283024796087925e-05
865.951,1.3910195687030139e-05
866.133,1.4912636780047974e-05
866.315,1.593094113413577e-05
866.497,1.7197267591334384e-05
866.679,1.9088697125235347e-05
866.861,2.1671068895157543e-05
867.043,2.5176515322440682e-05
867.225,2.9601278963584132e-05
867.407,3.5150294830139016e-05
867.589,4.512184763897862e-05
867.77,6.638016605330636e-05
867.952,0.00010570653236809758
868.134,0.0001500647135276926
868.316,0.0001516637166584692
868.498,0.00014230419423509762
868.679,0.00012189907976856325
868.861,9.7171187760998e-05
869.043,7.608672133383894e-05
869.224,6.102013428219912e-05
869.406,5.060342028350042e-05
869.588,4.4152776471558085e-05
869.769,4.0429198588073214e-05
869.951,3.7908372262673056e-05
870.132,3.9093686560148766e-05
870.314,4.709955475549526e-05
870.495,4.733415151769667e-05
870.677,4.260146959433394e-05
870.858,3.9587932704353685e-05
871.04,4.314252176267582e-05
871.221,5.359425976219477e-05
871.403,4.830406210967917e-05
871.584,4.3056366189811115e-05
871.765,4.166222585621613e-05
871.947,4.698169748081677e-05
872.128,3.846521744064903e-05
872.309,3.1280704343683325e-05
872.491,2.5728965435602202e-05
872.672,2.1553308119352103e-05
872.853,1.842147421315308e-05
873.034,1.6291243898970628e-05
873.215,1.4452383487886755e-05
873.396,1.2493774990776855e-05
873.578,1.0629043705280723e-05
873.759,8.84028186437392e-06
873.94,7.235212852612685e-06
874.121,5.871167524808053e-06
874.302,4.636534177938328e-06
874.483,3.5340018221918204e-06
874.664,2.5751112582159143e-06
874.845,1.7782442082247041e-06
875.026,1.125780269153101e-06
875.207,5.984263857212549e-07
875.388,1.55750896854703e-07
875.568,0.0
875.749,0.0
875.93,0.0
876.111,0.0
876.292,0.0
876.472,0.0
876.653,0.0
876.834,0.0
877.015,0.0
877.195,0.0
877.376,0.0
877.556,0.0
877.737,0.0
877.918,0.0
878.098,0.0
878.279,0.0
878.459,0.0
878.64,0.0
878.82,0.0
879.0,0.0
879.181,0.0
879.361,0.0
879.542,0.0
879.722,0.0
879.902,0.0
880.083,0.0
880.263,0.0
880.443,2.807131447768753e-07
880.623,2.769012415200972e-06
880.803,3.349154005726801e-06
880.984,1.3018930394151093e-06
881.164,0.0
881.344,0.0
881.524,0.0
881.704,0.0
881.884,1.8654003819103754e-07
882.064,8.975140961787325e-07
882.244,1.2789048794794337e-06
882.424,1.4509777813232955e-06
882.604,1.4332219097197163e-06
882.784,1.3402963298203334e-06
882.964,1.2418996144929927e-06
883.144,1.123988006924385e-06
883.324,9.869147719339482e-07
883.504,8.546524815340814e-07
883.683,7.477262281548923e-07
883.863,6.663242511510936e-07
884.043,6.107022279219386e-07
884.223,5.613356822746631e-07
884.402,5.034770903128158e-07
884.582,4.3787900404737496e-07
884.762,3.654401595741411e-07
884.941,2.8432043723953906e-07
885.121,1.931060049680209e-07
885.301,9.279416681695049e-08
885.48,0.0
885.66,0.0
885.839,0.0
886.019,0.0
886.198,0.0
886.378,0.0
886.557,0.0
886.737,0.0
886.916,0.0
887.095,0.0
887.275,0.0
887.454,0.0
887.633,0.0
887.813,0.0
887.992,0.0
888.171,0.0
888.35,0.0
888.53,0.0
888.709,0.0
888.888,0.0
889.067,0.0
889.246,0.0
889.425,0.0
889.604,0.0
889.783,0.0
889.962,0.0
890.141,0.0
890.32,0.0
890.499,0.0
890.678,0.0
890.857,0.0
891.036,0.0
891.214,0.0
891.393,0.0
891.572,0.0
891.751,0.0
891.93,0.0
892.108,0.0
892.287,0.0
892.466,0.0
892.644,0.0
892.823,0.0
893.001,0.0
893.18,0.0
893.359,0.0
893.537,0.0
893.716,0.0
893.894,0.0
894.073,0.0
894.251,0.0
894.429,0.0
894.608,0.0
894.786,0.0
894.964,0.0
895.143,0.0
895.321,0.0
895.499,0.0
895.677,0.0
895.856,0.0
896.034,0.0
896.212,0.0
896.39,0.0
896.568,0.0
896.746,0.0
896.924,0.0
897.102,0.0
897.28,0.0
897.458,0.0
897.636,0.0
897.814,0.0
897.992,0.0
898.17,0.0
898.348,0.0
898.526,0.0
898.704,0.0
898.882,0.0
899.059,0.0
899.237,0.0
899.415,0.0
899.593,0.0
899.77,0.0
899.948,0.0
900.125,0.0
900.303,3.3164140033110737e-07
900.481,7.051424451256742e-07
900.658,1.061619732264445e-06
900.836,1.399195913447659e-06
901.013,1.719506025790308e-06
901.191,2.0268813783723434e-06
901.368,2.329768567526354e-06
901.546,2.6345484562595173e-06
901.723,2.925559800732753e-06
901.901,3.209030890555168e-06
902.078,3.4818576685999274e-06
902.255,3.7405907668859384e-06
902.433,3.952454219025227e-06
902.61,4.0861525191936395e-06
902.787,4.126749775801047e-06
902.964,4.1097082161437965e-06
903.142,4.1113046778686414e-06
903.319,4.0887660053995115e-06
903.496,4.125510094618228e-06
903.673,4.10379253902563e-06
903.85,4.185517607025307e-06
904.027,4.916350513749052e-06
904.204,6.4833437462875706e-06
904.381,9.818137441781406e-06
904.558,1.4614832994404248e-05
904.735,1.8231092698235415e-05
904.912,1.9761650637448045e-05
905.089,1.9633246439012904e-05
905.266,1.7183427413918373e-05
905.443,1.3166894615997653e-05
905.62,1.0047019871995228e-05
905.797,8.404559000847657e-06
905.974,7.5086353254927205e-06
906.151,7.258380627238724e-06
906.327,7.226387846607571e-06
906.504,7.058488963413468e-06
906.681,6.866653319611495e-06
906.858,6.599397773263749e-06
907.034,6.308016367806599e-06
907.211,6.046392301471594e-06
907.388,5.764280770877081e-06
907.564,5.464532599941385e-06
907.741,5.167321365237151e-06
907.917,4.890662847456581e-06
908.094,4.6405166194545544e-06
908.271,4.4214784813679885e-06
908.447,4.2148668708274525e-06
908.623,4.000532105796846e-06
908.8,3.7732174550635165e-06
908.976,3.5228542169674003e-06
909.153,3.2396549647247563e-06
909.329,2.921339115868255e-06
909.505,2.570088044891489e-06
909.682,2.1880911984483344e-06
909.858,1.7846866581903685e-06
910.034,1.3699383369789725e-06
910.211,9.518897511923812e-07
910.387,5.38668931257495e-07
910.563,1.3746237889995587e-07
910.739,0.0
910.915,0.0
911.091,0.0
911.268,0.0
911.444,0.0
911.62,0.0
911.796,0.0
911.972,0.0
912.148,0.0
912.324,0.0
912.5,0.0
912.676,0.0
912.851,0.0
913.027,0.0
913.203,0.0
913.379,0.0
913.555,0.0
913.73,0.0
913.906,0.0
914.082,0.0
914.258,0.0
914.433,0.0
914.609,0.0
914.784,0.0
914.96,0.0
915.136,0.0
915.311,0.0
915.487,0.0
915.662,0.0
915.838,0.0
916.013,0.0
916.189,0.0
916.364,0.0
916.539,0.0
916.715,0.0
916.89,0.0
917.065,0.0
917.24,0.0
917.416,0.0
917.591,0.0
917.766,0.0
917.941,0.0
918.116,0.0
918.292,0.0
918.467,0.0
918.642,0.0
918.817,0.0
918.992,0.0
919.167,0.0
919.342,0.0
919.517,0.0
919.692,0.0
919.867,0.0
920.041,0.0
920.216,0.0
920.391,0.0
920.566,0.0
920.741,0.0
920.915,1.1075983637907242e-06
921.09,5.475174417371039e-06
921.265,1.2186615111804203e-05
921.439,1.61100176400001e-05
921.614,1.325138240243864e-05
921.789,7.65302198954181e-06
921.963,3.948635729402156e-06
922.138,2.362967224535869e-06
922.312,2.4950816194428783e-06
922.487,4.153203945257645e-06
922.661,7.344798022753057e-06
922.836,1.116367160482944e-05
923.01,1.2398809990950638e-05
923.185,1.007702077868072e-05
923.359,7.298390700665139e-06
923.534,6.896294963484302e-06
923.708,8.814956667213798e-06
923.882,1.0633519908126577e-05
924.057,1.0075810984192112e-05
924.231,7.937098465399812e-06
924.405,6.511657548363797e-06
924.579,6.019931308843054e-06
924.753,5.76008918170533e-06
924.928,5.627226372997618e-06
925.102,5.524970629267545e-06
925.276,5.502997185136092e-06
925.45,5.732399304855603e-06
925.624,6.258504293895924e-06
925.798,7.140071512460236e-06
925.972,8.429646059801414e-06
926.146,1.0028263096201815e-05
926.32,1.1833071679225262e-05
926.494,1.353943543045119e-05
926.668,1.4797538962225353e-05
926.842,1.5520353157975554e-05
927.016,1.5650271399728277e-05
927.19,1.5320185475092508e-05
927.363,1.4697017002617992e-05
927.537,1.381594807329152e-05
927.711,1.275086560452547e-05
927.885,1.1588651003632147e-05
928.058,1.042122104259696e-05
928.232,9.330142000119002e-06
928.406,8.373575510192214e-06
928.579,7.5390106179992135e-06
928.753,6.8108243082869305e-06
928.927,6.195802844843282e-06
929.1,5.679323268912523e-06
929.274,5.240917684859736e-06
929.447,4.856870700927457e-06
929.621,4.500991772153732e-06
929.794,4.152783336673087e-06
929.968,3.8118946960175273e-06
930.141,3.476262247909354e-06
930.315,3.1404039549196315e-06
930.488,2.7985096851244324e-06
930.661,2.4445182625089936e-06
930.835,2.074264416492e-06
931.008,1.6848848520415845e-06
931.181,1.2759774689025277e-06
931.354,8.50559511285586e-07
931.528,4.1210993059126464e-07
931.701,0.0
931.874,0.0
932.047,0.0
932.22,0.0
932.393,0.0
932.566,0.0
932.739,0.0
932.912,0.0
933.085,0.0
933.258,0.0
933.431,0.0
933.604,0.0
933.777,0.0
933.95,0.0
934.123,0.0
934.296,0.0
934.468,0.0
934.641,0.0
934.814,0.0
934.987,0.0
935.159,0.0
935.332,0.0
935.505,0.0
935.677,0.0
935.85,0.0
936.022,0.0
936.195,0.0
936.367,0.0
936.54,0.0
936.712,0.0
936.885,0.0
937.057,0.0
937.229,0.0
937.402,0.0
937.574,0.0
937.746,0.0
937.919,4.249308422016323e-07
938.091,2.038967823141538e-06
938.263,4.437387887584292e-06
938.435,8.155063773991498e-06
938.608,1.311277353201902e-05
938.78,1.7209093592142748e-05
938.952,1.9228925212196553e-05
939.124,2.1963159026143836e-05
939.296,3.050986186029838e-05
939.468,3.2295322135195304e-05
939.64,2.5013284009415513e-05
939.812,1.9934243135924608e-05
939.984,1.6031192350708416e-05
940.156,1.2962048402746753e-05
940.328,1.0798642955153335e-05
940.5,9.269875126074938e-06
940.672,8.039382180614796e-06
940.843,7.117782076669344e-06
941.015,6.547602864208576e-06
941.187,6.310225109097727e-06
941.359,6.360972079514915e-06
941.531,6.543439439908074e-06
941.702,6.72694673626483e-06
941.874,6.850227187985967e-06
942.046,6.8777482096345286e-06
942.217,6.821125274923165e-06
942.389,6.689198809758227e-06
942.56,6.480607078178188e-06
942.732,6.190704150103804e-06
942.904,5.8422379360284155e-06
943.075,5.455651974116121e-06
943.247,5.043215148410194e-06
943.418,4.614524620699222e-06
943.589,4.162479625797817e-06
943.761,3.68657004648085e-06
943.932,3.187050042491016e-06
944.104,2.667816780639111e-06
944.275,2.1428022943010543e-06
944.446,1.6258871819781936e-06
944.617,1.129398463859689e-06
944.789,6.636971001556479e-07
944.96,2.3700546690027685e-07
945.131,0.0
945.302,0.0
945.473,0.0
945.645,0.0
945.816,0.0
945.987,0.0
946.158,0.0
946.329,0.0
946.5,0.0
946.671,0.0
946.842,0.0
947.013,0.0
947.183,0.0
947.354,0.0
947.525,0.0
947.696,0.0
947.867,0.0
948.037,0.0
948.208,0.0
948.379,0.0
948.55,0.0
948.72,0.0
948.891,0.0
949.061,0.0
949.232,0.0
949.403,0.0
949.573,0.0
949.744,0.0
949.914,0.0
950.085,0.0
950.255,0.0
950.425,0.0
950.596,0.0
950.766,0.0
950.936,0.0
951.107,0.0
951.277,0.0
951.447,0.0
951.617,0.0
951.788,0.0
951.958,0.0
952.128,0.0
952.298,0.0
952.468,0.0
952.638,0.0
952.808,0.0
952.978,0.0
953.148,0.0
953.318,0.0
953.488,0.0
953.658,0.0
953.828,0.0
953.998,0.0
954.167,0.0
954.337,0.0
954.507,0.0
954.677,0.0
954.846,0.0
955.016,0.0
955.186,0.0
955.355,0.0
955.525,0.0
955.695,0.0
955.864,0.0
956.034,0.0
956.203,0.0
956.373,0.0
956.542,0.0
956.711,0.0
956.881,0.0
957.05,0.0
957.22,0.0
957.389,0.0
957.558,0.0
957.727,0.0
957.897,0.0
958.066,0.0
958.235,0.0
958.404,0.0
958.573,0.0
958.743,0.0
958.912,0.0
959.081,0.0
959.25,0.0
959.419,0.0
959.588,0.0
959.757,0.0
959.926,0.0
960.094,0.0
960.263,0.0
960.432,0.0
960.601,0.0
960.77,0.0
960.939,0.0
961.107,0.0
961.276,0.0
961.445,0.0
961.613,0.0
961.782,0.0
961.951,0.0
962.119,0.0
962.288,0.0
962.456,0.0
962.625,0.0
962.793,0.0
962.962,0.0
963.13,0.0
963.298,0.0
963.467,0.0
963.635,0.0
963.803,0.0
963.972,0.0
964.14,0.0
964.308,0.0
964.477,0.0
964.645,0.0
964.813,0.0
964.981,0.0
965.149,0.0
965.317,0.0
965.485,0.0
965.653,0.0
965.821,0.0
965.989,0.0
966.157,0.0
966.325,0.0
966.493,0.0
966.661,0.0
966.829,0.0
966.996,0.0
967.164,0.0
967.332,7.366105214602977e-09
967.5,3.022897147071274e-08
967.667,5.241603162559476e-08
967.835,7.380256834562818e-08
968.003,9.425104617837386e-08
968.17,1.1361584712962568e-07
968.338,1.3176614049368992e-07
968.505,1.4867382130540698e-07
968.673,1.6438762744227566e-07
968.841,1.7892376859611227e-07
969.008,1.9228784590763048e-07
969.175,2.044619258899886e-07
969.343,2.1544106745415192e-07
969.51,2.2529408661995983e-07
969.678,2.3410932754642417e-07
969.845,2.41942882800952e-07
970.012,2.4881578166895784e-07
970.18,2.547267897266589e-07
970.347,2.596688544567359e-07
970.514,2.637026163697674e-07
970.681,2.668965512505309e-07
970.849,2.692640337316427e-07
971.016,2.7079815025934643e-07
971.183,2.714428407621753e-07
971.35,2.711215688131912e-07
971.517,2.698106696199945e-07
971.684,2.675203067967298e-07
971.851,2.6422527349385227e-07
972.018,2.5988197303590465e-07
972.185,2.5446312604952424e-07
972.352,2.479391927926949e-07
972.519,2.40340842220988e-07
972.686,2.3176633082079856e-07
972.853,2.2228272501818274e-07
973.02,2.1194268308090355e-07
973.186,2.0080871689737927e-07
973.353,1.8896594599710809e-07
973.52,1.7653573596822767e-07
973.687,1.6365096259403906e-07
973.853,1.503917998039161e-07
974.02,1.367825623315529e-07
974.187,1.2286484779652706e-07
974.353,1.086882078497558e-07
974.52,9.435007569003682e-08
974.687,7.99437474620208e-08
974.853,6.549646125566088e-08
975.02,5.101447510091931e-08
975.186,3.648682474004327e-08
975.353,2.1917853331735965e-08
975.519,7.3468079540108776e-09
975.685,0.0
975.852,0.0
976.018,0.0
976.184,0.0
976.351,0.0
976.517,0.0
976.683,0.0
976.849,0.0
977.016,0.0
977.182,0.0
977.348,0.0
977.514,0.0
977.68,0.0
977.846,0.0
978.012,0.0
978.178,0.0
978.344,0.0
978.51,0.0
978.676,0.0
978.842,0.0
979.008,0.0
979.174,0.0
979.34,0.0
979.505,0.0
979.671,0.0
979.837,0.0
980.003,0.0
980.168,0.0
980.334,0.0
980.499,0.0
980.665,0.0
980.831,0.0
980.996,0.0
981.162,0.0
981.327,0.0
981.493,0.0
981.658,0.0
981.823,0.0
981.989,0.0
982.154,0.0
982.319,0.0
982.485,0.0
982.65,0.0
982.815,0.0
982.98,0.0
983.146,0.0
983.311,0.0
983.476,0.0
983.641,0.0
983.806,0.0
983.971,0.0
984.136,0.0
984.301,0.0
984.466,0.0
984.631,0.0
984.796,0.0
984.961,0.0
985.126,0.0
985.291,0.0
985.455,0.0
985.62,0.0
985.785,0.0
985.95,0.0
986.114,0.0
986.279,0.0
986.444,0.0
986.608,0.0
986.773,0.0
986.937,0.0
987.102,0.0
987.266,7.374030371814243e-10
987.431,1.9989394018795943e-08
987.595,3.966588513417653e-08
987.76,5.968292553502015e-08
987.924,7.994814448260495e-08
988.088,1.0037877974564019e-07
988.253,1.2091096245345584e-07
988.417,1.415121535042601e-07
988.581,1.620941417814046e-07
988.746,1.82509912039816e-07
988.91,2.0261146269007088e-07
989.074,2.2225324431153333e-07
989.238,2.4132107145965255e-07
989.402,2.59702597005498e-07
989.566,2.772209377529438e-07
989.731,2.936306707943989e-07
989.895,3.0866543569348925e-07
990.059,3.220745170401408e-07
990.223,3.336208856432707e-07
990.387,3.4307554792393906e-07
990.551,3.5016801258307795e-07
990.714,3.54576793335455e-07
990.878,3.5599103056522766e-07
991.042,3.541578358433081e-07
991.206,3.4884772687689077e-07
991.37,3.398097644679964e-07
991.534,3.267481661345891e-07
991.697,3.092767398089511e-07
991.861,2.869855988403159e-07
992.025,2.594733623181993e-07
992.188,2.2630120228947155e-07
992.352,1.8697885675136333e-07
992.516,1.409508525594497e-07
992.679,8.761023810065523e-08
992.843,2.636758407292928e-08
993.006,0.0
993.17,0.0
993.333,0.0
993.497,0.0
993.66,0.0
993.824,0.0
993.987,0.0
994.15,0.0
994.314,0.0
994.477,0.0
994.64,0.0
994.803,0.0
994.967,0.0
995.13,0.0
995.293,0.0
995.456,0.0
995.619,0.0
995.782,0.0
995.945,0.0
996.108,0.0
996.271,0.0
996.434,0.0
996.597,0.0
996.76,0.0
996.923,0.0
997.086,0.0
997.248,0.0
997.411,0.0
997.574,0.0
997.737,0.0
997.899,0.0
998.062,0.0
998.225,0.0
998.387,0.0
998.55,0.0
998.712,0.0
998.875,0.0
999.037,0.0
999.2,0.0
999.362,0.0
999.525,0.0
999.687,0.0
999.849,0.0
