237.496,4.517406075206444e-07
237.566,0.0
237.636,0.0
237.705,0.0
237.775,0.0
237.845,0.0
237.914,0.0
237.984,0.0
238.054,0.0
238.123,0.0
238.193,0.0
238.263,0.0
238.332,0.0
238.402,0.0
238.471,1.3637800559526877e-08
238.541,9.846926788755681e-08
238.611,1.875262809411291e-07
238.68,2.593215165739238e-07
238.75,3.07084233968763e-07
238.819,3.3918768137278535e-07
238.889,3.516721360925215e-07
238.958,3.462562676809718e-07
239.028,3.2866202791771824e-07
239.097,2.9315787719637833e-07
239.167,2.524800381342153e-07
239.237,2.1379462063992986e-07
239.306,1.8015654019496773e-07
239.376,1.5156997721712427e-07
239.445,1.3429041643219914e-07
239.515,1.2811223578414108e-07
239.584,1.323432753868093e-07
239.654,1.4550323161585962e-07
239.723,1.6611704018132889e-07
239.793,1.9134510105647197e-07
239.862,2.185344132386045e-07
239.932,2.4628244963066494e-07
240.001,2.7431242847584854e-07
240.07,3.009151016492949e-07
240.14,3.2473791188333416e-07
240.209,3.4562155041571853e-07
240.279,3.615442734836312e-07
240.348,3.7316770483655386e-07
240.418,3.8143892881568424e-07
240.487,3.8566842800878124e-07
240.556,3.8398125597025403e-07
240.626,3.754960308044555e-07
240.695,3.605590360795199e-07
240.765,3.4076191158349695e-07
240.834,3.1687057732629015e-07
240.903,2.8991378370906234e-07
240.973,2.6086503582875574e-07
241.042,2.3038105820110693e-07
241.112,1.9887872995637141e-07
241.181,1.677915811423057e-07
241.25,1.3823222401418723e-07
241.32,1.1090480811070537e-07
241.389,8.61107473042998e-08
241.458,6.340054274980554e-08
241.528,4.235441004376941e-08
241.597,2.3006189985585973e-08
241.666,5.511924278436852e-09
241.736,0.0
241.805,0.0
241.874,0.0
241.943,0.0
242.013,0.0
242.082,0.0
242.151,0.0
242.221,0.0
242.29,0.0
242.359,0.0
242.428,0.0
242.498,0.0
242.567,0.0
242.636,0.0
242.705,0.0
242.774,0.0
242.844,0.0
242.913,0.0
242.982,0.0
243.051,0.0
243.12,0.0
243.19,0.0
243.259,0.0
243.328,0.0
243.397,0.0
243.466,0.0
243.535,0.0
243.605,0.0
243.674,0.0
243.743,1.6815316131004812e-10
243.812,8.746449014200337e-09
243.881,1.718099516757179e-08
243.95,2.5395946963911335e-08
244.019,3.335649869572372e-08
244.088,4.1028717504854985e-08
244.158,4.835301604758296e-08
244.227,5.526481871603269e-08
244.296,6.168324226273571e-08
244.365,6.755703696927867e-08
244.434,7.286760909171519e-08
244.503,7.75537356120964e-08
244.572,8.152733856147272e-08
244.641,8.471575134773953e-08
244.71,8.703597087463944e-08
244.779,8.840776624825145e-08
244.848,8.878376516131814e-08
244.917,8.808320493202634e-08
244.986,8.624695419719187e-08
245.055,8.328845515230713e-08
245.124,7.926752318458066e-08
245.193,7.42759544706131e-08
245.262,6.84144784678975e-08
245.331,6.179795644559125e-08
245.4,5.455501291598127e-08
245.469,4.6810097933079035e-08
245.538,3.866464036959153e-08
245.607,3.022545385025295e-08
245.676,2.1567222673610494e-08
245.745,1.2748248791224275e-08
245.814,3.800872535071989e-09
245.883,0.0
245.952,0.0
246.021,0.0
246.09,0.0
246.159,0.0
246.227,0.0
246.296,0.0
246.365,0.0
246.434,0.0
246.503,0.0
246.572,0.0
246.641,0.0
246.71,0.0
246.779,0.0
246.847,0.0
246.916,0.0
246.985,0.0
247.054,0.0
247.123,0.0
247.192,0.0
247.26,0.0
247.329,0.0
247.398,0.0
247.467,0.0
247.536,0.0
247.604,0.0
247.673,0.0
247.742,0.0
247.811,0.0
247.879,2.192703419520409e-09
247.948,1.51603995012608e-08
248.017,2.8416804555398242e-08
248.086,4.191069301894227e-08
248.154,5.5545312203347695e-08
248.223,6.920890431039827e-08
248.292,8.279677472812675e-08
248.361,9.62127995862869e-08
248.429,1.0933985199897619e-07
248.498,1.2204184485354252e-07
248.567,1.3417859777341733e-07
248.635,1.456066818356922e-07
248.704,1.5625520003856856e-07
248.773,1.6610290598005946e-07
248.841,1.7509691999029578e-07
248.91,1.8315277724023412e-07
248.979,1.901760183285754e-07
249.047,1.9608080224922482e-07
249.116,2.0080977986494584e-07
249.185,2.043340649590081e-07
249.253,2.066049971409357e-07
249.322,2.075564501627137e-07
249.39,2.0714796041828973e-07
249.459,2.0539319442300175e-07
249.528,2.0236041835236195e-07
249.596,1.981279765922109e-07
249.665,1.9277189510210587e-07
249.733,1.8635069756133526e-07
249.802,1.7891271935166838e-07
249.871,1.705396179662233e-07
249.939,1.613361380731319e-07
250.008,1.5139036950583171e-07
250.076,1.407477602071792e-07
250.145,1.2942860398780146e-07
250.213,1.1744569833091824e-07
250.282,1.0483343094789868e-07
250.35,9.166588128935875e-08
250.419,7.800905301070834e-08
250.487,6.39013119577672e-08
250.556,4.936818750913933e-08
250.624,3.446395765534005e-08
250.693,1.9271596857529746e-08
250.761,3.869059286430237e-09
250.83,0.0
250.898,0.0
250.967,0.0
251.035,0.0
251.104,0.0
251.172,0.0
251.241,0.0
251.309,0.0
251.378,0.0
251.446,0.0
251.514,0.0
251.583,0.0
251.651,0.0
251.72,0.0
251.788,0.0
251.856,0.0
251.925,0.0
251.993,0.0
252.062,0.0
252.13,0.0
252.198,0.0
252.267,0.0
252.335,0.0
252.403,0.0
252.472,0.0
252.54,0.0
252.608,0.0
252.677,0.0
252.745,0.0
252.813,0.0
252.881,0.0
252.95,0.0
253.018,0.0
253.086,0.0
253.155,0.0
253.223,0.0
253.291,0.0
253.359,0.0
253.428,0.0
253.496,0.0
253.564,0.0
253.632,0.0
253.7,0.0
253.769,0.0
253.837,0.0
253.905,0.0
253.973,0.0
254.041,0.0
254.11,0.0
254.178,0.0
254.246,0.0
254.314,0.0
254.382,0.0
254.45,0.0
254.518,0.0
254.587,0.0
254.655,0.0
254.723,0.0
254.791,0.0
254.859,0.0
254.927,0.0
254.995,0.0
255.063,0.0
255.131,0.0
255.199,0.0
255.267,0.0
255.336,0.0
255.404,0.0
255.472,0.0
255.54,0.0
255.608,0.0
255.676,0.0
255.744,0.0
255.812,0.0
255.88,0.0
255.948,0.0
256.016,0.0
256.084,0.0
256.152,0.0
256.22,0.0
256.288,0.0
256.356,0.0
256.424,0.0
256.491,0.0
256.559,0.0
256.627,0.0
256.695,0.0
256.763,0.0
256.831,0.0
256.899,0.0
256.967,0.0
257.035,0.0
257.103,0.0
257.171,0.0
257.238,0.0
257.306,0.0
257.374,0.0
257.442,0.0
257.51,0.0
257.578,0.0
257.646,0.0
257.713,0.0
257.781,0.0
257.849,0.0
257.917,0.0
257.985,0.0
258.052,0.0
258.12,0.0
258.188,0.0
258.256,0.0
258.324,0.0
258.391,0.0
258.459,0.0
258.527,0.0
258.595,0.0
258.662,0.0
258.73,0.0
258.798,0.0
258.865,0.0
258.933,0.0
259.001,0.0
259.069,0.0
259.136,0.0
259.204,0.0
259.272,0.0
259.339,0.0
259.407,0.0
259.475,0.0
259.542,0.0
259.61,0.0
259.677,0.0
259.745,0.0
259.813,0.0
259.88,0.0
259.948,0.0
260.016,0.0
260.083,0.0
260.151,0.0
260.218,0.0
260.286,0.0
260.353,0.0
260.421,0.0
260.489,0.0
260.556,0.0
260.624,0.0
260.691,0.0
260.759,0.0
260.826,0.0
260.894,0.0
260.961,0.0
261.029,0.0
261.096,0.0
261.164,0.0
261.231,0.0
261.299,5.402653312267858e-09
261.366,2.923506470281939e-08
261.434,5.219664260758023e-08
261.501,7.431978721417805e-08
261.568,9.560076744282676e-08
261.636,1.1603777412698183e-07
261.703,1.3563398084399278e-07
261.771,1.5437029714192685e-07
261.838,1.7219833574327574e-07
261.906,1.8902654962157916e-07
261.973,2.0476898289169441e-07
262.04,2.1934079648036068e-07
262.108,2.3265441869431833e-07
262.175,2.4461066987480457e-07
262.243,2.550674969380308e-07
262.31,2.6388405852029264e-07
262.377,2.7097461052750527e-07
262.445,2.76334928689739e-07
262.512,2.7997086926683747e-07
262.579,2.818837246638674e-07
262.647,2.821000434309351e-07
262.714,2.8067185491028914e-07
262.781,2.777022119356252e-07
262.849,2.733270790825312e-07
262.916,2.676587886878686e-07
262.983,2.607516812783151e-07
263.051,2.526924822633122e-07
263.118,2.4360391364795637e-07
263.185,2.3359426920668498e-07
263.252,2.2279128569871618e-07
263.32,2.1128431539002072e-07
263.387,1.9912826074512376e-07
263.454,1.8637488372528848e-07
263.522,1.730668798281572e-07
263.589,1.5923901274261968e-07
263.656,1.4491183225109913e-07
263.723,1.3011909037276029e-07
263.79,1.1489398681752694e-07
263.858,9.92874676931831e-08
263.925,8.33799833945047e-08
263.992,6.730831103309069e-08
264.059,5.129282325132015e-08
264.126,3.553317831124958e-08
264.194,2.0228562515524052e-08
264.261,5.609326801735713e-09
264.328,0.0
264.395,0.0
264.462,0.0
264.529,0.0
264.597,0.0
264.664,0.0
264.731,0.0
264.798,0.0
264.865,0.0
264.932,0.0
264.999,2.5124519952206144e-08
265.066,6.664838574172412e-08
265.133,1.2111721961851588e-07
265.201,1.9041373032673886e-07
265.268,2.7632953113699914e-07
265.335,3.804802343143794e-07
265.402,5.041058317686084e-07
265.469,6.479787239180858e-07
265.536,8.122725133931056e-07
265.603,9.963703951431591e-07
265.67,1.198846639259323e-06
265.737,1.4174949496999298e-06
265.804,1.6493880738826965e-06
265.871,1.891073303757625e-06
265.938,2.138819559810605e-06
266.005,2.3888268421826077e-06
266.072,2.637494860511971e-06
266.139,2.881585394896826e-06
266.206,3.1182871033429647e-06
266.273,3.3453939738917265e-06
266.34,3.5613054625974935e-06
266.407,3.7649392785096666e-06
266.474,3.95571958933398e-06
266.541,4.133416670702379e-06
266.608,4.2980116000842975e-06
266.675,4.449715391188658e-06
266.742,4.5889213675067226e-06
266.808,4.716053664280619e-06
266.875,4.83154984755392e-06
266.942,4.935887738189529e-06
267.009,5.029498901636768e-06
267.076,5.112828930451883e-06
267.143,5.186382869060104e-06
267.21,5.2506175623593894e-06
267.277,5.305956021547513e-06
267.344,5.3528517864254395e-06
267.41,5.391740530856814e-06
267.477,5.422981284845503e-06
267.544,5.446911741336192e-06
267.611,5.463797923493487e-06
267.678,5.473804919306253e-06
267.745,5.477100124509398e-06
267.811,5.473805674089852e-06
267.878,5.463988906706616e-06
267.945,5.447762638105897e-06
268.012,5.425265235063055e-06
268.079,5.3966300971116766e-06
268.145,5.362018224464643e-06
268.212,5.321534762534124e-06
268.279,5.2752109980590714e-06
268.346,5.223085386073202e-06
268.412,5.1651254927376256e-06
268.479,5.101211630290594e-06
268.546,5.031195436449562e-06
268.613,4.954843955023463e-06
268.679,4.871895016186892e-06
268.746,4.782174871186709e-06
268.813,4.685532512731892e-06
268.879,4.58180298820393e-06
268.946,4.470891094196724e-06
269.013,4.35271476397512e-06
269.079,4.227166027433874e-06
269.146,4.094235138417279e-06
269.213,3.9539598970439986e-06
269.28,3.806387946416844e-06
269.346,3.6516966364615036e-06
269.413,3.4901976983441007e-06
269.479,3.3223405347825316e-06
269.546,3.1488156922623193e-06
269.613,2.970637560805845e-06
269.679,2.78908987174551e-06
269.746,2.605751553456002e-06
269.813,2.422489978864221e-06
269.879,2.2413003486796457e-06
269.946,2.0642759870823076e-06
270.012,1.8934977432522705e-06
270.079,1.7307954469229356e-06
270.145,1.5776340516506474e-06
270.212,1.435028362121627e-06
270.279,1.3034661107560794e-06
270.345,1.1829786826918172e-06
270.412,1.0732008062734486e-06
270.478,9.733516830412347e-07
270.545,8.82390180444302e-07
270.611,7.991774439650155e-07
270.678,7.224831255298581e-07
270.744,6.51179151325435e-07
270.811,5.842618538428763e-07
270.877,5.207539561194699e-07
270.944,4.597951901901396e-07
271.01,4.0069288315009863e-07
271.077,3.428490011405477e-07
271.143,2.8581848036933664e-07
271.21,2.2932610542118254e-07
271.276,1.7310010176181776e-07
271.342,1.1694216882131633e-07
271.409,6.07789274414749e-08
271.475,4.583778360611043e-09
271.542,0.0
271.608,0.0
271.675,0.0
271.741,0.0
271.807,0.0
271.874,0.0
271.94,0.0
272.007,0.0
272.073,0.0
272.139,0.0
272.206,0.0
272.272,0.0
272.338,0.0
272.405,0.0
272.471,0.0
272.537,0.0
272.604,0.0
272.67,0.0
272.736,0.0
272.802,0.0
272.869,0.0
272.935,0.0
273.001,0.0
273.068,0.0
273.134,0.0
273.2,0.0
273.266,0.0
273.333,0.0
273.399,0.0
273.465,0.0
273.531,0.0
273.597,0.0
273.664,0.0
273.73,0.0
273.796,0.0
273.862,0.0
273.928,0.0
273.995,0.0
274.061,0.0
274.127,0.0
274.193,0.0
274.259,0.0
274.325,0.0
274.391,0.0
274.457,0.0
274.524,0.0
274.59,0.0
274.656,0.0
274.722,0.0
274.788,0.0
274.854,0.0
274.92,0.0
274.986,0.0
275.052,0.0
275.118,0.0
275.184,0.0
275.25,0.0
275.316,0.0
275.382,0.0
275.448,0.0
275.514,0.0
275.58,0.0
275.646,0.0
275.712,0.0
275.778,0.0
275.844,0.0
275.91,0.0
275.976,0.0
276.042,0.0
276.108,0.0
276.174,0.0
276.24,6.8718920309861044e-09
276.306,5.173926692108169e-08
276.372,9.58091121069805e-08
276.437,1.4473824041125708e-07
276.503,1.9689312016300305e-07
276.569,2.537046130578984e-07
276.635,3.180114405732496e-07
276.701,3.927458156994117e-07
276.767,4.734571354987523e-07
276.833,5.536652734123422e-07
276.899,6.307735747700682e-07
276.964,7.118445856726124e-07
277.03,8.458766270971907e-07
277.096,1.0631693668052874e-06
277.162,1.3538992588345779e-06
277.228,1.7349851583163677e-06
277.293,2.1448816828353264e-06
277.359,2.796776258997809e-06
277.425,4.000210589579392e-06
277.491,4.979042889919684e-06
277.557,6.4185423928647614e-06
277.622,1.2574725132321859e-05
277.688,1.2897874272335393e-05
277.754,1.2159285764415372e-05
277.82,1.4391008930737363e-05
277.885,2.1229099431226412e-05
277.951,3.44868089185466e-05
278.017,2.3189922715954016e-05
278.083,1.66485941872544e-05
278.148,1.4630763970715881e-05
278.214,1.4851511423971186e-05
278.28,1.4780053067841246e-05
278.345,1.3486236054202148e-05
278.411,1.148124062264336e-05
278.477,1.0495955450323275e-05
278.542,1.1347347311376732e-05
278.608,1.2701444233337804e-05
278.674,1.4328385585324011e-05
278.739,2.110009525746392e-05
278.805,2.615827790093746e-05
278.871,3.389042088037354e-05
278.936,4.56078401966208e-05
279.002,8.283073337731686e-05
279.067,0.0001268462348686337
279.133,0.00012731275962857985
279.199,0.00010944853605465614
279.264,0.00011870998115612682
279.33,0.00015724107677822592
279.395,0.0002655693393815617
279.461,0.0005832365026825397
279.527,0.0008296788253537483
279.592,0.0006026476370116064
279.658,0.0003171038033529153
279.723,0.0002672583249123841
279.789,0.00028379504148501593
279.854,0.0002385402187883855
279.92,0.00017100596540933977
279.985,0.00014607479177790268
280.051,0.00014896461919799278
280.116,0.00021014945447522514
280.182,0.0004606098046868631
280.247,0.0006323342766734132
280.313,0.0004230262582845844
280.378,0.00018004345344159922
280.444,0.00010247307374559845
280.509,7.257816274957411e-05
280.574,5.4835677361965765e-05
280.64,4.412583359591496e-05
280.705,3.749623171414649e-05
280.771,3.280376932663146e-05
280.836,2.8629283379618334e-05
280.902,2.5146408248912845e-05
280.967,2.22759857978917e-05
281.032,1.9662186583702592e-05
281.098,1.7249604624575308e-05
281.163,1.4967015075260963e-05
281.229,1.2961055878359247e-05
281.294,1.132719838610511e-05
281.359,1.0044610988280012e-05
281.425,9.067997504966009e-06
281.49,8.262889684085089e-06
281.555,7.5557429197327384e-06
281.621,6.925447435979681e-06
281.686,6.3509998077339664e-06
281.751,5.8090329405104215e-06
281.816,5.278419748107719e-06
281.882,4.738967701121248e-06
281.947,4.205736555530862e-06
282.012,3.700054673622739e-06
282.078,3.237493646787907e-06
282.143,2.822712059659562e-06
282.208,2.339110846835232e-06
282.273,1.7847770865041669e-06
282.339,1.1604078947858608e-06
282.404,4.6896748814007e-07
282.469,4.473237173610094e-07
282.534,1.0921561417263243e-06
282.6,1.1341478521296446e-06
282.665,5.687376108029301e-07
282.73,1.319610178041731e-07
282.795,0.0
282.86,0.0
282.926,0.0
282.991,0.0
283.056,0.0
283.121,0.0
283.186,0.0
283.251,0.0
283.316,0.0
283.382,0.0
283.447,0.0
283.512,0.0
283.577,0.0
283.642,0.0
283.707,0.0
283.772,0.0
283.837,0.0
283.902,6.462535741834026e-08
283.967,2.2772977781767267e-07
284.032,4.398975263347336e-07
284.097,7.061984486286523e-07
284.163,1.0481991980255328e-06
284.228,1.452852827960945e-06
284.293,1.8783660636547572e-06
284.358,2.177294871948687e-06
284.423,2.1581145390851874e-06
284.488,1.849591748612219e-06
284.553,1.432061964073129e-06
284.618,1.2949139772674323e-06
284.683,1.909403488283391e-06
284.748,3.1747272928906765e-06
284.812,4.776259796196623e-06
284.877,7.238080433065052e-06
284.942,1.1017172724202482e-05
285.007,1.5214433419205799e-05
285.072,3.602746370795751e-05
285.137,9.286123346337324e-05
285.202,0.00012537841661137468
285.267,9.130777479501421e-05
285.332,4.231504803742573e-05
285.397,2.3900466058522715e-05
285.462,1.5503603322660183e-05
285.527,1.199943938982525e-05
285.591,9.677325028519616e-06
285.656,7.56217594498826e-06
285.721,5.654465668122107e-06
285.786,4.109660266401182e-06
285.851,3.0103054963695175e-06
285.916,2.3811689163028643e-06
285.981,2.14415200621516e-06
286.045,2.143795658071372e-06
286.11,2.296572153380302e-06
286.175,2.399450921498988e-06
286.24,2.431628322821092e-06
286.305,2.426067871474152e-06
286.369,2.3691816058522924e-06
286.434,2.334463753255202e-06
286.499,2.3052822263575964e-06
286.564,2.2794579378215742e-06
286.628,2.26586262490441e-06
286.693,2.2640787586900242e-06
286.758,2.2686163853413422e-06
286.823,2.2641078123041827e-06
286.887,2.250642559499761e-06
286.952,2.2166488434845904e-06
287.017,2.1676618574425663e-06
287.082,2.106245938374693e-06
287.146,2.031568884383913e-06
287.211,1.948957002808837e-06
287.276,1.8649975096911932e-06
287.34,1.7864822609044702e-06
287.405,1.7143136179459406e-06
287.47,1.6472465101847015e-06
287.534,1.58148878299318e-06
287.599,1.514434474230053e-06
287.663,1.4450333070406906e-06
287.728,1.373822250090172e-06
287.793,1.3013717659944051e-06
287.857,1.228428926341257e-06
287.922,1.1541621066180614e-06
287.987,1.0793981192600902e-06
288.051,1.0054019203134142e-06
288.116,9.330390508017951e-07
288.18,8.622669320716427e-07
288.245,7.912645878391379e-07
288.309,7.183259685846978e-07
288.374,6.424344629457493e-07
288.439,5.635064595844175e-07
288.503,4.829101419130134e-07
288.568,4.020288199636743e-07
288.632,3.220525518988732e-07
288.697,2.4419573276218386e-07
288.761,1.6937919819795658e-07
288.826,9.842658822829006e-08
288.89,3.167056968653823e-08
288.955,0.0
289.019,0.0
289.084,0.0
289.148,0.0
289.212,0.0
289.277,0.0
289.341,0.0
289.406,0.0
289.47,0.0
289.535,0.0
289.599,0.0
289.663,0.0
289.728,0.0
289.792,0.0
289.857,0.0
289.921,0.0
289.985,0.0
290.05,0.0
290.114,0.0
290.178,0.0
290.243,0.0
290.307,0.0
290.371,0.0
290.436,0.0
290.5,0.0
290.564,0.0
290.629,0.0
290.693,0.0
290.757,0.0
290.821,0.0
290.886,0.0
290.95,0.0
291.014,0.0
291.078,0.0
291.143,9.05186215214831e-08
291.207,2.2640021909600617e-07
291.271,3.7349580847837413e-07
291.335,5.302463942627056e-07
291.399,6.966968092001294e-07
291.464,8.569709340771085e-07
291.528,1.0084108462077438e-06
291.592,1.1498588177476243e-06
291.656,1.278438307386849e-06
291.72,1.3868286888161928e-06
291.784,1.4841685354657532e-06
291.849,1.5868672478838364e-06
291.913,1.6931118736365121e-06
291.977,1.791199752303156e-06
292.041,1.8778196549593016e-06
292.105,1.952731822106784e-06
292.169,2.0301799189389973e-06
292.233,2.150364968754981e-06
292.297,2.2636551671890037e-06
292.361,2.3184023106298433e-06
292.425,2.357228021306267e-06
292.49,2.4752663577799175e-06
292.554,3.01074027911871e-06
292.618,4.261641725611841e-06
292.682,6.269483679188027e-06
292.746,8.920253670734757e-06
292.81,1.1545238706780686e-05
292.874,1.3394455750954483e-05
292.938,1.4023814752140896e-05
293.002,1.2587811871563411e-05
293.066,9.565150993223854e-06
293.13,7.161066567771779e-06
293.194,5.969241717568535e-06
293.258,5.600425864802782e-06
293.322,6.109585401426604e-06
293.386,7.588492204060436e-06
293.45,1.0291339466511557e-05
293.514,1.3560773536028645e-05
293.577,1.8197946104450292e-05
293.641,2.7592476485744997e-05
293.705,2.9948796997583986e-05
293.769,2.651412886041581e-05
293.833,2.1166708366783285e-05
293.897,1.663443535059159e-05
293.961,1.3192770115929396e-05
294.025,1.0677351377550226e-05
294.089,8.89263568283912e-06
294.152,7.594647283209639e-06
294.216,6.531591016473661e-06
294.28,5.7037389518085815e-06
294.344,5.110015648544165e-06
294.408,4.690953231128298e-06
294.472,4.4297954850484824e-06
294.536,4.210813255833641e-06
294.599,3.980475686218786e-06
294.663,3.730772585060744e-06
294.727,3.477075837765196e-06
294.791,3.2410984859482996e-06
294.855,3.027475650026535e-06
294.918,2.838860138479977e-06
294.982,2.6665944461079675e-06
295.046,2.5193974184086834e-06
295.11,2.4007378766697705e-06
295.173,2.30477991556555e-06
295.237,2.2189626679694886e-06
295.301,2.125468949769296e-06
295.364,2.017847571121974e-06
295.428,1.893526298813812e-06
295.492,1.7558947734702231e-06
295.556,1.608072954950356e-06
295.619,1.4533105880783162e-06
295.683,1.2951160368217842e-06
295.747,1.1371821064501595e-06
295.81,9.847723987404613e-07
295.874,8.400247100580841e-07
295.938,7.048379379518856e-07
296.001,5.804493616659895e-07
296.065,4.6740953307952816e-07
296.128,3.65842345498063e-07
296.192,2.763456559666647e-07
296.256,2.001858278872054e-07
296.319,1.3953703459137914e-07
296.383,9.504908968592879e-08
296.447,6.631419043269198e-08
296.51,5.199681238795229e-08
296.574,5.021696320257666e-08
296.637,5.8999539794031734e-08
296.701,7.621781338853708e-08
296.764,9.972687558395797e-08
296.828,1.266285355390194e-07
296.891,1.5517095164607172e-07
296.955,1.8408498869459847e-07
297.018,2.1273569641202884e-07
297.082,2.408858794140912e-07
297.145,2.684706037996473e-07
297.209,2.9550316125356725e-07
297.272,3.220970643859303e-07
297.336,3.4809794647834234e-07
297.399,3.732604483332782e-07
297.463,3.9737647921465976e-07
297.526,4.201983986368743e-07
297.59,4.414434711307445e-07
297.653,4.609325681670474e-07
297.717,4.784434152536778e-07
297.78,4.937010876384155e-07
297.843,5.064619546089156e-07
297.907,5.163298536266112e-07
297.97,5.230568715022887e-07
298.034,5.262562525107121e-07
298.097,5.255260642880598e-07
298.16,5.20485556492193e-07
298.224,5.108277116109605e-07
298.287,4.961870854644606e-07
298.35,4.7624185321441213e-07
298.414,4.5245619015862895e-07
298.477,4.24781505095073e-07
298.54,3.932337263960334e-07
298.604,3.5794023498301434e-07
298.667,3.19063826902406e-07
298.73,2.7683474707662005e-07
298.794,2.3157012895247914e-07
298.857,1.8374097012255982e-07
298.92,1.2044484254681752e-07
298.984,4.203766758311566e-08
299.047,0.0
299.11,0.0
299.173,0.0
299.237,0.0
299.3,0.0
299.363,0.0
299.426,0.0
299.489,0.0
299.553,0.0
299.616,0.0
299.679,0.0
299.742,0.0
299.805,0.0
299.868,0.0
299.932,0.0
299.995,0.0
300.058,0.0
300.121,0.0
300.184,0.0
300.247,0.0
300.31,0.0
300.374,0.0
300.437,0.0
300.5,0.0
300.563,0.0
300.626,0.0
300.689,0.0
300.752,0.0
300.815,0.0
300.878,0.0
300.941,0.0
301.004,0.0
301.067,0.0
301.13,0.0
301.193,0.0
301.256,0.0
301.319,0.0
301.382,0.0
301.445,0.0
301.508,0.0
301.571,0.0
301.634,0.0
301.697,0.0
301.76,0.0
301.823,0.0
301.885,0.0
301.948,0.0
302.011,0.0
302.074,0.0
302.137,0.0
302.2,0.0
302.263,0.0
302.326,0.0
302.388,0.0
302.451,0.0
302.514,0.0
302.577,0.0
302.64,0.0
302.703,0.0
302.765,0.0
302.828,0.0
302.891,0.0
302.954,0.0
303.016,0.0
303.079,0.0
303.142,0.0
303.205,0.0
303.267,0.0
303.33,0.0
303.393,0.0
303.456,0.0
303.518,0.0
303.581,0.0
303.644,0.0
303.706,0.0
303.769,0.0
303.832,0.0
303.894,0.0
303.957,0.0
304.02,0.0
304.082,0.0
304.145,0.0
304.207,0.0
304.27,0.0
304.333,0.0
304.395,0.0
304.458,0.0
304.52,0.0
304.583,0.0
304.646,0.0
304.708,0.0
304.771,0.0
304.833,0.0
304.896,0.0
304.958,0.0
305.021,0.0
305.083,0.0
305.146,0.0
305.208,0.0
305.271,0.0
305.333,0.0
305.396,0.0
305.458,0.0
305.52,0.0
305.583,0.0
305.645,0.0
305.708,0.0
305.77,0.0
305.833,0.0
305.895,0.0
305.957,0.0
306.02,0.0
306.082,0.0
306.144,0.0
306.207,0.0
306.269,0.0
306.331,0.0
306.394,0.0
306.456,0.0
306.518,0.0
306.581,0.0
306.643,0.0
306.705,0.0
306.768,0.0
306.83,0.0
306.892,0.0
306.954,0.0
307.017,4.9764395673318856e-08
307.079,1.236234357589452e-07
307.141,2.0566198693903262e-07
307.203,2.9602543318961715e-07
307.266,3.9479021257993914e-07
307.328,5.019454913562225e-07
307.39,6.171642608022444e-07
307.452,7.399844660074766e-07
307.514,8.698472484347933e-07
307.577,1.0061422059695727e-06
307.639,1.1481302619485448e-06
307.701,1.295047003433046e-06
307.763,1.446140212374601e-06
307.825,1.6005494289711266e-06
307.887,1.7573994320852443e-06
307.949,1.9158248558570046e-06
308.012,2.0749089682333798e-06
308.074,2.233711826857917e-06
308.136,2.391296968837864e-06
308.198,2.546694593934499e-06
308.26,2.698926591343398e-06
308.322,2.847084181690691e-06
308.384,2.9903005030150147e-06
308.446,3.127768247993487e-06
308.508,3.258727536645505e-06
308.57,3.3824710683335996e-06
308.632,3.498388233149677e-06
308.694,3.6059209299462994e-06
308.756,3.704566325225193e-06
308.818,3.7938738524961464e-06
308.88,3.871888982877586e-06
308.942,3.9367566494475425e-06
309.004,3.986584227430851e-06
309.066,4.019585205497123e-06
309.128,4.034114309884502e-06
309.19,4.028625106600924e-06
309.252,4.001554291301113e-06
309.314,3.9516391556857065e-06
309.376,3.87917521557826e-06
309.438,3.784590211449707e-06
309.5,3.6684272085172546e-06
309.562,3.5313118180801525e-06
309.624,3.3739894090870803e-06
309.686,3.1972579682627863e-06
309.747,3.0019151984675303e-06
309.809,2.78885087812542e-06
309.871,2.561581451296295e-06
309.933,2.323535901341951e-06
309.995,2.0784169359496798e-06
310.057,1.829913607117262e-06
310.119,1.5816371428068561e-06
310.18,1.3372870006328852e-06
310.242,1.1008389716968863e-06
310.304,8.75897088117299e-07
310.366,6.635449652765031e-07
310.428,4.648089218968487e-07
310.489,2.8066126325537355e-07
310.551,1.1202720120551792e-07
310.613,0.0
310.675,0.0
310.737,0.0
310.798,0.0
310.86,0.0
310.922,0.0
310.983,0.0
311.045,0.0
311.107,0.0
311.169,0.0
311.23,0.0
311.292,0.0
311.354,0.0
311.415,0.0
311.477,0.0
311.539,0.0
311.6,0.0
311.662,0.0
311.724,0.0
311.785,0.0
311.847,0.0
311.908,1.011687488715504e-07
311.97,2.161423366109547e-07
312.032,3.3642939079079574e-07
312.093,4.611995293511854e-07
312.155,5.895987552877705e-07
312.216,7.207104461776816e-07
312.278,8.536581339053523e-07
312.339,9.876105229791202e-07
312.401,1.1217661254777228e-06
312.462,1.2553482935460123e-06
312.524,1.3876060750488274e-06
312.585,1.517793328730297e-06
312.647,1.645168397822159e-06
312.708,1.7690287588293434e-06
312.77,1.8886795894646035e-06
312.831,2.0036642458546628e-06
312.893,2.1135530141242085e-06
312.954,2.2179832991339823e-06
313.016,2.3166156335722447e-06
313.077,2.409206106807864e-06
313.139,2.4956091511299845e-06
313.2,2.575736761552266e-06
313.261,2.6495484556327738e-06
313.323,2.7167976856028354e-06
313.384,2.7772458723205154e-06
313.446,2.8307484268686378e-06
313.507,2.8772067251210926e-06
313.568,2.916535842514992e-06
313.63,2.9486903794437353e-06
313.691,2.973638457839688e-06
313.752,2.991374839879042e-06
313.814,3.0020066693198275e-06
313.875,2.9249191849780764e-06
313.936,2.7602345231599247e-06
313.998,3.1812609600685383e-06
314.059,4.188149385003104e-06
314.12,1.7422614985067727e-06
314.182,2.736741134717434e-06
314.243,3.1330205492291015e-06
314.304,2.931301583857861e-06
314.365,2.8049336975921054e-06
314.427,2.7541220964588053e-06
314.488,2.6982954154953576e-06
314.549,2.6377212854405416e-06
314.61,2.5726849078288424e-06
314.672,2.5034315049858523e-06
314.733,2.430246566743435e-06
314.794,2.3534038927757e-06
314.855,2.2731810750445956e-06
314.917,2.189926574811753e-06
314.978,2.104002397148531e-06
315.039,2.015703154891789e-06
315.1,1.925283457839654e-06
315.161,1.8329995846932112e-06
315.222,1.7390905455536873e-06
315.283,1.643870766364455e-06
315.345,1.5458216010067076e-06
315.406,1.4452324751110264e-06
315.467,1.3424041956970363e-06
315.528,1.2376685750534963e-06
315.589,1.1332296571396521e-06
315.65,1.031189876628412e-06
315.711,9.31990927572436e-07
315.772,8.360209555815082e-07
315.833,7.593656710534601e-07
315.894,7.024782018567887e-07
315.955,6.657789774260656e-07
316.016,6.497460547646028e-07
316.078,6.393663796377308e-07
316.139,6.209172966324907e-07
316.2,5.947780375491304e-07
316.261,5.61302098399772e-07
316.322,4.265635737520772e-07
316.383,1.9083648686627962e-07
316.444,0.0
316.504,0.0
316.565,0.0
316.626,0.0
316.687,0.0
316.748,0.0
316.809,1.1560324712987564e-07
316.87,3.6625059456733105e-07
316.931,4.5563196770213605e-07
316.992,3.8333145384806035e-07
317.053,2.4194807565356355e-07
317.114,1.1563332422165378e-07
317.175,4.053651485537951e-09
317.235,0.0
317.296,0.0
317.357,0.0
317.418,0.0
317.479,0.0
317.54,0.0
317.601,0.0
317.661,0.0
317.722,0.0
317.783,0.0
317.844,0.0
317.904,0.0
317.965,9.116885138264501e-09
318.026,1.9917269900332282e-08
318.087,3.0156070135080835e-08
318.148,3.9756105614145645e-08
318.208,4.8657690997742514e-08
318.269,5.685312318882973e-08
318.33,6.423414262595781e-08
318.39,7.069316648558549e-08
318.451,7.621537422116868e-08
318.512,8.078052555821983e-08
318.572,8.436356613379695e-08
318.633,8.701543751372233e-08
318.694,8.875314949154721e-08
318.754,8.958546282432496e-08
318.815,8.967797582986451e-08
318.876,8.918249345529641e-08
318.936,8.820335062856402e-08
318.997,8.686948390990458e-08
319.058,8.525614678755099e-08
319.118,8.343829553308934e-08
319.179,8.157704000962791e-08
319.239,7.983463292494771e-08
319.3,7.830431040532545e-08
319.361,7.706983619915563e-08
319.421,7.615876732792403e-08
319.482,7.55702264035241e-08
319.542,7.536775316221947e-08
319.603,7.558641169983317e-08
319.663,7.619758840235081e-08
319.724,7.716263543483082e-08
319.784,7.838085752007829e-08
319.845,7.97117676735596e-08
319.905,8.109594713822717e-08
319.966,8.24983249723765e-08
320.026,8.383611703375807e-08
320.087,8.507656702185777e-08
320.147,8.616800295975584e-08
320.208,8.699580439048137e-08
320.268,8.754436632596887e-08
320.329,8.780837857138733e-08
320.389,8.76999480360395e-08
320.449,8.714806626389774e-08
320.51,8.608547906339436e-08
320.57,8.437151931025476e-08
320.631,8.190949835967212e-08
320.691,7.865598772276168e-08
320.751,7.446493033649317e-08
320.812,6.922638474109188e-08
320.872,6.288561824357019e-08
320.932,5.534571502581834e-08
320.993,4.6557261380104995e-08
321.053,3.647652455104205e-08
321.113,2.50060749860115e-08
321.174,1.208121987869277e-08
321.234,0.0
321.294,0.0
321.355,0.0
321.415,0.0
321.475,0.0
321.535,0.0
321.596,0.0
321.656,0.0
321.716,0.0
321.776,0.0
321.837,0.0
321.897,0.0
321.957,0.0
322.017,0.0
322.077,0.0
322.138,0.0
322.198,0.0
322.258,0.0
322.318,0.0
322.378,0.0
322.438,0.0
322.499,0.0
322.559,0.0
322.619,0.0
322.679,0.0
322.739,0.0
322.799,0.0
322.859,0.0
322.919,0.0
322.979,0.0
323.039,0.0
323.099,0.0
323.159,0.0
323.219,0.0
323.279,0.0
323.339,0.0
323.399,0.0
323.459,0.0
323.519,0.0
323.579,0.0
323.639,0.0
323.699,0.0
323.759,0.0
323.819,0.0
323.879,0.0
323.939,0.0
323.999,0.0
324.059,0.0
324.119,0.0
324.178,0.0
324.238,0.0
324.298,2.7308778407209066e-08
324.358,5.888307554568437e-08
324.418,8.943866664313223e-08
324.478,1.1871341917248832e-07
324.538,1.4648581208288647e-07
324.597,1.7257733292004373e-07
324.657,1.9687100381121232e-07
324.717,2.1929960373433278e-07
324.777,2.397594392565062e-07
324.837,2.581807860141295e-07
324.896,2.744886565856212e-07
324.956,2.8862225817282557e-07
325.016,3.0061826474306236e-07
325.076,3.1028210780468486e-07
325.135,3.1745360498576135e-07
325.195,3.220326711423112e-07
325.255,3.2417412843015125e-07
325.315,3.240080863291915e-07
325.374,3.2168348333203563e-07
325.434,3.173114454301202e-07
325.494,3.1081285570243764e-07
325.553,3.022812097010318e-07
325.613,2.9180081387478555e-07
325.673,2.79389993711794e-07
325.732,2.65058240524259e-07
325.792,2.488788847947094e-07
325.852,2.3097481502683266e-07
325.911,2.1148279577355455e-07
325.971,1.9072662919394192e-07
326.031,1.6912630283632048e-07
326.09,1.4711155128015306e-07
326.15,1.25194709291187e-07
326.209,1.0383724644630002e-07
326.269,8.345969454882713e-08
326.328,6.449404139663444e-08
326.388,4.733179588536555e-08
326.448,3.228377755369615e-08
326.507,1.9381730633331926e-08
326.567,8.496629830269258e-09
326.626,0.0
326.686,0.0
326.745,0.0
326.805,0.0
326.864,0.0
326.924,0.0
326.983,0.0
327.043,0.0
327.102,0.0
327.161,0.0
327.221,0.0
327.28,0.0
327.34,0.0
327.399,0.0
327.459,0.0
327.518,0.0
327.577,0.0
327.637,0.0
327.696,0.0
327.755,0.0
327.815,0.0
327.874,1.4893443964661515e-08
327.933,3.827325302112104e-08
327.993,6.382743284371643e-08
328.052,9.092274075532924e-08
328.111,1.2178714134676225e-07
328.171,1.5839301409053692e-07
328.23,2.020212751926895e-07
328.289,2.534436804353737e-07
328.349,3.118737613674617e-07
328.408,3.76236425364278e-07
328.467,4.440836077709661e-07
328.526,5.12608198870576e-07
328.586,5.782126667923651e-07
328.645,6.382106230136715e-07
328.704,6.879313962775791e-07
328.763,7.25482364777775e-07
328.822,7.600261510524627e-07
328.882,7.97092391406829e-07
328.941,8.441723996521849e-07
329.0,9.112662770939736e-07
329.059,1.0009094054941587e-06
329.118,1.1084662643418478e-06
329.177,1.2577021862830432e-06
329.237,1.4716682723505547e-06
329.296,1.7487953522719556e-06
329.355,2.1033563506023072e-06
329.414,2.5430370470835012e-06
329.473,3.078285441971301e-06
329.532,3.7661605886815636e-06
329.591,4.758985347720357e-06
329.65,6.067019619542121e-06
329.709,7.659479129754891e-06
329.768,9.587080668763683e-06
329.827,1.1710561445263392e-05
329.886,1.4322538026178232e-05
329.945,1.8085766612207207e-05
330.004,2.341620763663014e-05
330.063,3.141007654547845e-05
330.122,4.238253999028382e-05
330.181,5.1845073894028214e-05
330.24,5.2348982629134644e-05
330.299,3.9946517195846216e-05
330.358,2.894424163892005e-05
330.417,2.038233652911012e-05
330.476,1.4064285200582002e-05
330.535,9.843948260179946e-06
330.594,7.274315441919072e-06
330.653,5.520528342017311e-06
330.712,4.223736706504381e-06
330.771,3.203201728002049e-06
330.83,2.3946293357776247e-06
330.889,1.818472373668586e-06
330.948,1.4236574669950275e-06
331.006,1.139953831606725e-06
331.065,8.805943026332468e-07
331.124,6.306550005352082e-07
331.183,3.9039774137349014e-07
331.242,1.6006588571173132e-07
331.301,0.0
331.359,0.0
331.418,0.0
331.477,0.0
331.536,0.0
331.595,0.0
331.653,0.0
331.712,0.0
331.771,0.0
331.83,0.0
331.888,0.0
331.947,0.0
332.006,0.0
332.065,0.0
332.123,0.0
332.182,0.0
332.241,0.0
332.299,0.0
332.358,0.0
332.417,0.0
332.475,0.0
332.534,0.0
332.592,0.0
332.651,0.0
332.71,0.0
332.768,0.0
332.827,0.0
332.885,0.0
332.944,7.233409060038827e-08
333.003,1.6839916264952832e-07
333.061,2.5175773939775855e-07
333.12,3.2197024460023783e-07
333.178,3.785551733326099e-07
333.237,4.2230534182339905e-07
333.295,4.5460467282800045e-07
333.354,4.905102577480479e-07
333.412,5.316017999558478e-07
333.471,5.793690347384621e-07
333.529,6.350771962126073e-07
333.588,6.996616067659078e-07
333.646,7.735384460142324e-07
333.705,8.569945384824131e-07
333.763,9.503476334081889e-07
333.822,9.727905814027911e-07
333.88,9.245793763531192e-07
333.938,8.062949784468563e-07
333.997,6.184896876588067e-07
334.055,4.997230021995566e-07
334.114,4.5035073035308146e-07
334.172,4.7050747677584496e-07
334.23,5.602524872680636e-07
334.289,6.387216347938401e-07
334.347,7.059980624486445e-07
334.405,7.621154414873053e-07
334.464,8.071093018810949e-07
334.522,8.410354928177896e-07
334.58,8.639623021285312e-07
334.639,8.760553262017726e-07
334.697,8.775175759771111e-07
334.755,8.819355629971649e-07
334.814,8.893908439254912e-07
334.872,8.999703089908063e-07
334.93,9.136468936444422e-07
334.988,9.304126064289877e-07
335.047,9.5036275488509e-07
335.105,9.73379991842213e-07
335.163,9.9929127369275e-07
335.221,1.0263227124784953e-06
335.28,1.0542501551157832e-06
335.338,1.0828374711185784e-06
335.396,1.1118654366386777e-06
335.454,1.1410816938023242e-06
335.512,1.1702312869760204e-06
335.57,1.19908214374374e-06
335.629,1.2273087233411968e-06
335.687,1.254523671644373e-06
335.745,1.280358722041602e-06
335.803,1.3043720368071453e-06
335.861,1.3261622821076974e-06
335.919,1.345401083565725e-06
335.977,1.3617512644344371e-06
336.035,1.3749899349818119e-06
336.094,1.3849722503931408e-06
336.152,1.3915487387318531e-06
336.21,1.3945765476570251e-06
336.268,1.3939686817039779e-06
336.326,1.3896339630519607e-06
336.384,1.3815156444225657e-06
336.442,1.3696358971082547e-06
336.5,1.3539357120688767e-06
336.558,1.3343559268288278e-06
336.616,1.3109227297525477e-06
336.674,1.283648571256214e-06
336.732,1.2525746132875738e-06
336.79,1.2178102588685077e-06
336.848,1.1794282705539188e-06
336.906,1.1374745909374747e-06
336.964,1.0920954461728746e-06
337.022,1.043411969571824e-06
337.08,9.915287275554093e-07
337.138,9.366255353170256e-07
337.195,8.788656418623899e-07
337.253,8.184416405290443e-07
337.311,7.556194566432881e-07
337.369,6.906847047882137e-07
337.427,6.239410657150879e-07
337.485,5.557995861323203e-07
337.543,4.867013545421453e-07
337.601,4.170326379234778e-07
337.658,3.4724696313718814e-07
337.716,2.777189418382657e-07
337.774,2.0877027567785117e-07
337.832,1.4077411577515422e-07
337.89,7.398669145346425e-08
337.947,8.612967388036861e-09
338.005,0.0
338.063,0.0
338.121,0.0
338.178,0.0
338.236,0.0
338.294,0.0
338.352,0.0
338.409,0.0
338.467,0.0
338.525,0.0
338.583,0.0
338.64,0.0
338.698,0.0
338.756,0.0
338.813,0.0
338.871,0.0
338.928,0.0
338.986,0.0
339.044,0.0
339.101,0.0
339.159,0.0
339.216,0.0
339.274,0.0
339.332,0.0
339.389,0.0
339.447,0.0
339.504,0.0
339.562,0.0
339.619,0.0
339.677,0.0
339.734,0.0
339.792,0.0
339.849,0.0
339.907,0.0
339.964,0.0
340.022,0.0
340.079,0.0
340.137,0.0
340.194,0.0
340.252,0.0
340.309,0.0
340.366,0.0
340.424,0.0
340.481,0.0
340.538,0.0
340.596,0.0
340.653,0.0
340.711,0.0
340.768,0.0
340.825,0.0
340.883,0.0
340.94,0.0
340.997,0.0
341.054,0.0
341.112,0.0
341.169,0.0
341.226,0.0
341.284,0.0
341.341,0.0
341.398,0.0
341.455,0.0
341.512,0.0
341.57,0.0
341.627,0.0
341.684,0.0
341.741,0.0
341.798,0.0
341.856,0.0
341.913,0.0
341.97,0.0
342.027,0.0
342.084,0.0
342.141,0.0
342.198,0.0
342.255,0.0
342.313,0.0
342.37,0.0
342.427,0.0
342.484,0.0
342.541,0.0
342.598,0.0
342.655,0.0
342.712,0.0
342.769,0.0
342.826,0.0
342.883,0.0
342.94,0.0
342.997,0.0
343.054,0.0
343.111,0.0
343.168,1.1682734680039906e-07
343.225,7.19570080028836e-07
343.282,1.2686093479023278e-06
343.339,1.5176178819333929e-06
343.395,1.4659270681886704e-06
343.452,1.112879124222273e-06
343.509,6.927547051271454e-07
343.566,4.447180995919205e-07
343.623,3.6627505419849325e-07
343.68,4.568149445466318e-07
343.737,6.287535759300302e-07
343.794,7.946395090936853e-07
343.85,9.53978309633907e-07
343.907,1.1063385141521517e-06
343.964,1.236948095009311e-06
344.021,1.3302829712953961e-06
344.078,1.3861907554611446e-06
344.134,1.4045813311114187e-06
344.191,1.3999615002661208e-06
344.248,1.3884237033650335e-06
344.305,1.3700824271728823e-06
344.361,1.3451304564185158e-06
344.418,1.315585060519281e-06
344.475,1.283610775870558e-06
344.532,1.2495918489854294e-06
344.588,1.2139158926887337e-06
344.645,1.1752055924316386e-06
344.702,1.132094331692591e-06
344.758,1.0849903269689869e-06
344.815,1.0343036900515284e-06
344.872,9.80430941639028e-07
344.928,9.237584671121272e-07
344.985,8.647010278598552e-07
345.042,8.037599608330715e-07
345.098,7.415332106317037e-07
345.155,6.770618313941519e-07
345.212,6.109568007198976e-07
345.268,5.438005557019855e-07
345.325,4.761259870080098e-07
345.381,4.1013340764658425e-07
345.438,3.463172819057212e-07
345.495,2.8513256783930346e-07
345.551,2.2701858165690266e-07
345.608,1.8564525896905916e-07
345.664,1.613612044292893e-07
345.721,1.5445737270054436e-07
345.777,1.651998916100904e-07
345.834,1.798054100638929e-07
345.89,1.9840160115419307e-07
345.947,2.210568629706813e-07
346.003,2.4772410299365e-07
346.06,1.984233791969078e-07
346.116,7.302840861758853e-08
346.173,0.0
346.229,0.0
346.285,0.0
346.342,0.0
346.398,0.0
346.455,0.0
346.511,1.1698579497883552e-07
346.567,2.4569113987040494e-07
346.624,2.924299355115578e-07
346.68,2.568765542780066e-07
346.737,2.2260449422190658e-07
346.793,1.8928972026165942e-07
346.849,1.5659255490850036e-07
346.906,1.2414183811186962e-07
346.962,1.0483793272680847e-07
347.018,9.833053575246776e-08
347.074,1.0428703121890368e-07
347.131,1.224538659088374e-07
347.187,1.386545472455361e-07
347.243,1.527609592277351e-07
347.3,1.647015189313663e-07
347.356,1.7442762780152134e-07
347.412,1.8032429167299236e-07
347.468,1.8241010776642492e-07
347.524,1.8074537465829926e-07
347.581,1.7536756519722307e-07
347.637,1.6801182475609147e-07
347.693,1.5874506187692365e-07
347.749,1.4761423891821678e-07
347.805,1.3471580836933942e-07
347.862,1.2020428014735887e-07
347.918,1.0418125371019148e-07
347.974,8.677125213635665e-08
348.03,6.814502125597398e-08
348.086,4.844914285427882e-08
348.142,2.785162833921272e-08
348.198,6.59648464666559e-09
348.254,0.0
348.311,0.0
348.367,0.0
348.423,0.0
348.479,0.0
348.535,0.0
348.591,0.0
348.647,0.0
348.703,0.0
348.759,0.0
348.815,0.0
348.871,0.0
348.927,0.0
348.983,0.0
349.039,0.0
349.095,0.0
349.151,0.0
349.207,0.0
349.263,0.0
349.319,0.0
349.374,0.0
349.43,0.0
349.486,0.0
349.542,0.0
349.598,0.0
349.654,0.0
349.71,0.0
349.766,0.0
349.821,0.0
349.877,0.0
349.933,0.0
349.989,0.0
350.045,0.0
350.1,0.0
350.156,0.0
350.212,0.0
350.268,0.0
350.323,0.0
350.379,0.0
350.435,0.0
350.491,0.0
350.546,0.0
350.602,0.0
350.658,7.056172133734375e-09
350.713,2.787516440094103e-08
350.769,4.8964097103790575e-08
350.825,7.030619939224037e-08
350.88,9.195131127313274e-08
350.936,1.1400709397163576e-07
350.992,1.365609353385248e-07
351.047,1.5968671009682463e-07
351.103,1.834376160595394e-07
351.158,2.077848335869588e-07
351.214,2.327365154021359e-07
351.27,2.583458192293616e-07
351.325,2.8457218903798224e-07
351.381,3.113230308583938e-07
351.436,3.384679657344118e-07
351.492,3.658012957549407e-07
351.547,3.931293969984315e-07
351.603,4.2030117497357326e-07
351.658,4.470881289289503e-07
351.714,4.732091477440256e-07
351.769,4.984045531568903e-07
351.825,5.223952712510629e-07
351.88,5.449246328981006e-07
351.936,5.658069584595237e-07
351.991,5.848693599561679e-07
352.047,6.019391036364084e-07
352.102,6.169050065376375e-07
352.158,6.296782387362193e-07
352.213,6.401878348428517e-07
352.268,6.484548752088769e-07
352.324,6.545326722966807e-07
352.379,6.584627402056568e-07
352.434,6.602904339497164e-07
352.49,6.600185816107734e-07
352.545,6.576428455962481e-07
352.601,6.532258255834272e-07
352.656,6.468074843962086e-07
352.711,6.383691852589801e-07
352.767,6.279083897172399e-07
352.822,6.15421396684063e-07
352.877,6.009230569064431e-07
352.932,5.845066001609403e-07
352.988,5.662232377183808e-07
353.043,5.460505317338093e-07
353.098,5.240142843653359e-07
353.153,5.001788967079556e-07
353.209,4.746403530754344e-07
353.264,4.4756622333133074e-07
353.319,4.191257487162134e-07
353.374,3.8946344573801096e-07
353.43,3.587788016143229e-07
353.485,3.273094500586301e-07
353.54,2.95311380146641e-07
353.595,2.630613826070239e-07
353.65,2.3081844259665013e-07
353.705,1.9879276144246188e-07
353.761,1.6717378531188923e-07
353.816,1.361508508374714e-07
353.871,1.0589469385274491e-07
353.926,7.660202628644714e-08
353.981,4.845704925010693e-08
354.036,2.158089600951833e-08
354.091,0.0
354.146,0.0
354.201,0.0
354.256,0.0
354.311,0.0
354.367,0.0
354.422,0.0
354.477,0.0
354.532,0.0
354.587,0.0
354.642,0.0
354.697,0.0
354.751,0.0
354.806,0.0
354.861,0.0
354.916,0.0
354.971,0.0
355.026,0.0
355.081,0.0
355.136,0.0
355.191,0.0
355.246,0.0
355.301,0.0
355.355,0.0
355.41,0.0
355.465,0.0
355.52,0.0
355.575,0.0
355.63,0.0
355.684,0.0
355.739,1.2311640737900027e-08
355.794,3.65371572850222e-08
355.849,6.115418322903271e-08
355.904,8.604394076084697e-08
355.958,1.1107849164691573e-07
356.013,1.3612774235798416e-07
356.068,1.6105507143104107e-07
356.123,1.857851896544726e-07
356.177,2.1028096143795457e-07
356.232,2.3446963560280093e-07
356.287,2.5825492698255594e-07
356.341,2.8151204648150694e-07
356.396,3.041293470410247e-07
356.451,3.260174958403564e-07
356.505,3.4710613761225294e-07
356.56,3.67285084911792e-07
356.615,3.863755516221407e-07
356.669,4.0422958072199974e-07
356.724,4.2070598896129475e-07
356.778,4.356549049909789e-07
356.833,4.4894226015926627e-07
356.888,4.604041090659853e-07
356.942,4.698610733493582e-07
356.997,4.771713887042387e-07
357.051,4.822980345291043e-07
357.106,4.85237931699291e-07
357.16,4.859953338532111e-07
357.215,4.846315073167758e-07
357.269,4.81199693796694e-07
357.324,4.757877002567531e-07
357.378,4.6852449380079057e-07
357.433,4.595665686633369e-07
357.487,4.490666486373369e-07
357.542,4.371807478888645e-07
357.596,4.240578286747683e-07
357.651,4.0983918017238456e-07
357.705,3.947068061725379e-07
357.76,3.788480399323954e-07
357.814,3.624731131062083e-07
357.868,3.457564565359691e-07
357.923,3.2880072610997105e-07
357.977,3.1171942247133875e-07
358.032,2.946142351649072e-07
358.086,2.775619608989112e-07
358.14,2.605961274168542e-07
358.195,2.43751975473224e-07
358.249,2.270547602444981e-07
358.303,2.105495264495336e-07
358.358,1.9434223099100813e-07
358.412,1.7845037728427347e-07
358.466,1.6286800758687453e-07
358.521,1.4757532310626839e-07
358.575,1.324449947751272e-07
358.629,1.1759421472197893e-07
358.683,1.032184166075894e-07
358.738,8.946417789026084e-08
358.792,7.63686719391063e-08
358.846,6.379040415206212e-08
358.9,5.171400744696352e-08
358.954,4.001168492815992e-08
359.009,2.863026506815066e-08
359.063,1.751068584304478e-08
359.117,6.607991409134979e-09
359.171,0.0
359.225,0.0
359.28,0.0
359.334,0.0
359.388,0.0
359.442,0.0
359.496,0.0
359.55,0.0
359.604,0.0
359.658,0.0
359.712,0.0
359.766,0.0
359.82,0.0
359.875,0.0
359.929,0.0
359.983,0.0
360.037,0.0
360.091,0.0
360.145,0.0
360.199,0.0
360.253,0.0
360.306,0.0
360.36,0.0
360.414,0.0
360.468,0.0
360.522,0.0
360.576,0.0
360.63,0.0
360.684,0.0
360.738,0.0
360.792,0.0
360.846,0.0
360.899,0.0
360.953,0.0
361.007,0.0
361.061,0.0
361.115,0.0
361.168,2.986237140913142e-08
361.222,1.100135971949175e-07
361.276,1.893827843596986e-07
361.33,2.6471120274487173e-07
361.384,3.340564020531444e-07
361.437,3.955640416822912e-07
361.491,4.4706688535119206e-07
361.545,4.832831076324175e-07
361.599,5.054824360586055e-07
361.652,5.233369478974942e-07
361.706,5.429097499656171e-07
361.76,5.729159409551912e-07
361.813,6.252220177182783e-07
361.867,6.92712362016619e-07
361.921,7.747786167949781e-07
361.974,8.751920282643452e-07
362.028,9.87292231824332e-07
362.082,1.091196416227127e-06
362.135,1.1635704976089248e-06
362.189,1.1691852959922335e-06
362.242,1.087667507191486e-06
362.296,9.451041494916127e-07
362.35,7.278420412623315e-07
362.403,4.6147767134207605e-07
362.457,1.1876889786110196e-07
362.51,0.0
362.564,0.0
362.617,0.0
362.671,0.0
362.724,0.0
362.778,5.222772615490664e-07
362.831,7.902639200542858e-07
362.885,0.0
362.938,0.0
362.998,1.0320765824918492e-06
363.06,1.0054517946962088e-06
363.122,9.747954246254e-07
363.184,9.40243184665843e-07
363.246,9.019338657168606e-07
363.308,8.601341585286957e-07
363.37,8.151719083398931e-07
363.432,7.673373125398639e-07
363.494,7.169006655247909e-07
363.556,6.641550088219178e-07
363.618,6.094750733237085e-07
363.68,5.532901030913279e-07
363.742,4.960532316337222e-07
363.804,4.381665052581597e-07
363.866,3.800168586456182e-07
363.928,3.220458533308122e-07
363.99,2.6475441556061745e-07
364.052,2.0868808009099817e-07
364.114,1.5421947984151805e-07
364.176,1.016102891638606e-07
364.238,5.1072135703032524e-08
364.3,2.812462984751431e-09
364.362,0.0
364.424,0.0
364.486,0.0
364.548,0.0
364.609,0.0
364.671,0.0
364.733,0.0
364.795,0.0
364.857,0.0
364.919,0.0
364.981,0.0
365.042,0.0
365.104,0.0
365.166,0.0
365.228,0.0
365.29,0.0
365.351,0.0
365.413,0.0
365.475,0.0
365.537,0.0
365.598,0.0
365.66,0.0
365.722,3.42644742743626e-08
365.784,8.265750549091866e-08
365.845,1.3287030082921418e-07
365.907,1.8447544549520994e-07
365.969,2.3701031487460475e-07
366.03,2.8997813729415334e-07
366.092,3.4298913755510275e-07
366.154,3.9567676508025476e-07
366.215,4.4768623517003954e-07
366.277,4.986773736349499e-07
366.339,5.482696269077865e-07
366.4,5.95983454748168e-07
366.462,6.4119409629978e-07
366.524,6.832733636490108e-07
366.585,7.216443681429263e-07
366.647,7.55835426461752e-07
366.708,7.854207297560715e-07
366.77,8.100557036305826e-07
366.832,8.2950516150314e-07
366.893,8.437079120378431e-07
366.955,8.528622678102728e-07
367.016,8.571926307411922e-07
367.078,8.567964474335019e-07
367.139,8.516595071154208e-07
367.201,8.417643218690762e-07
367.262,8.271421377088801e-07
367.324,8.078813401767203e-07
367.385,7.840693554713325e-07
367.447,7.557230447755068e-07
367.508,7.228718599623566e-07
367.57,6.856864521372966e-07
367.631,6.444647610209277e-07
367.693,5.995911529073661e-07
367.754,5.515254379025284e-07
367.816,5.006976374651722e-07
367.877,4.4742652320849395e-07
367.939,3.919667809729141e-07
368.0,3.3458903721872745e-07
368.062,2.7556905615188173e-07
368.123,2.1526569157136293e-07
368.184,1.540758286397378e-07
368.246,9.239487881468757e-08
368.307,3.067042000581942e-08
368.369,0.0
368.43,0.0
368.491,0.0
368.553,0.0
368.614,0.0
368.675,0.0
368.737,0.0
368.798,0.0
368.859,0.0
368.921,0.0
368.982,0.0
369.043,0.0
369.104,0.0
369.166,0.0
369.227,0.0
369.288,0.0
369.349,0.0
369.411,0.0
369.472,0.0
369.533,0.0
369.594,0.0
369.656,0.0
369.717,0.0
369.778,0.0
369.839,0.0
369.9,0.0
369.961,0.0
370.023,0.0
370.084,0.0
370.145,0.0
370.206,0.0
370.267,0.0
370.328,0.0
370.389,2.9223368486857185e-08
370.451,8.378273068603778e-08
370.512,1.3774011581108072e-07
370.573,1.9069710295421068e-07
370.634,2.423209099099436e-07
370.695,2.924096549114815e-07
370.756,3.4081974270920943e-07
370.817,3.873643041907752e-07
370.878,4.3184321596874644e-07
370.939,4.739467807273898e-07
371.0,5.132978039088002e-07
371.061,5.495407940448472e-07
371.122,5.823749702970041e-07
371.183,6.115140221428626e-07
371.244,6.367709462277763e-07
371.305,6.580800561950033e-07
371.366,6.754619733497401e-07
371.427,6.891000183825216e-07
371.488,6.992024458443824e-07
371.549,7.059879774612814e-07
371.61,7.096822096630525e-07
371.671,7.104690345958049e-07
371.732,7.084471403594463e-07
371.793,7.035912094797979e-07
371.853,6.958842950377036e-07
371.914,6.854021642873849e-07
371.975,6.723245399259668e-07
372.036,6.569230383386496e-07
372.097,6.395216988886974e-07
372.158,6.205009369766149e-07
372.219,6.003278763489941e-07
372.28,5.795448671286571e-07
372.34,5.586820343416562e-07
372.401,5.381966421992715e-07
372.462,5.184605528231785e-07
372.523,4.997510063765311e-07
372.584,4.823387091060258e-07
372.645,4.663646320014304e-07
372.705,4.519477128919945e-07
372.766,4.393505151963303e-07
372.827,4.288576613568024e-07
372.888,4.208830179983373e-07
372.948,4.1591566586875297e-07
373.009,4.1437442891466995e-07
373.07,4.165977200434934e-07
373.131,4.229094223351411e-07
373.191,4.334699319286518e-07
373.252,4.4826084801457407e-07
373.313,4.672013550519605e-07
373.373,4.900243730610504e-07
373.434,5.164386703509341e-07
373.495,5.461400013316674e-07
373.555,5.788264625772998e-07
373.616,6.142991024016902e-07
373.677,6.524089049179937e-07
373.737,6.93024652793153e-07
373.798,7.359048556423202e-07
373.859,7.806512725564352e-07
373.919,8.267512293714112e-07
373.98,8.737007021342697e-07
374.041,9.20994104377072e-07
374.101,9.67988562768114e-07
374.162,1.0140048536700264e-06
374.222,1.0583371981248407e-06
374.283,1.1002894698992833e-06
374.343,1.139331879560241e-06
374.404,1.1750488049722157e-06
374.465,1.2070531761941446e-06
374.525,1.2349221108704494e-06
374.586,1.258388274266871e-06
374.646,1.277185776674482e-06
374.707,1.2909247215863975e-06
374.767,1.2993059247475018e-06
374.828,1.3018900570615776e-06
374.888,1.2981326144353568e-06
374.949,1.2875781721293923e-06
375.009,1.2698362218189747e-06
375.07,1.2445732409490033e-06
375.13,1.211648363839037e-06
375.19,1.1710731521416753e-06
375.251,1.1229243792166563e-06
375.311,1.0674681973572974e-06
375.372,1.0049831977640058e-06
375.432,9.358192900536955e-07
375.493,8.603692552610635e-07
375.553,7.788726058649237e-07
375.613,6.91637441524647e-07
375.674,5.990778736577431e-07
375.734,5.016596180674436e-07
375.794,4.000321492084611e-07
375.855,2.9498863661581545e-07
375.915,1.8721295300162608e-07
375.975,7.740201469046906e-08
376.036,0.0
376.096,0.0
376.156,0.0
376.217,0.0
376.277,0.0
376.337,0.0
376.398,0.0
376.458,0.0
376.518,0.0
376.578,0.0
376.639,0.0
376.699,0.0
376.759,0.0
376.819,0.0
376.88,0.0
376.94,0.0
377.0,0.0
377.06,0.0
377.12,0.0
377.18,0.0
377.241,0.0
377.301,0.0
377.361,0.0
377.421,0.0
377.481,0.0
377.541,0.0
377.601,0.0
377.661,0.0
377.722,0.0
377.782,0.0
377.842,0.0
377.902,0.0
377.962,0.0
378.022,0.0
378.082,0.0
378.142,0.0
378.202,0.0
378.262,0.0
378.322,0.0
378.382,0.0
378.442,0.0
378.502,0.0
378.562,0.0
378.622,0.0
378.682,0.0
378.742,0.0
378.802,0.0
378.862,0.0
378.921,0.0
378.981,0.0
379.041,0.0
379.101,0.0
379.161,0.0
379.221,1.6990598753203813e-08
379.281,2.8436604030289426e-08
379.341,3.370569034247818e-08
379.401,3.2491751669254424e-08
379.46,2.4749279133373184e-08
379.52,1.0808548095325499e-08
379.58,0.0
379.64,0.0
379.7,0.0
379.759,0.0
379.819,0.0
379.879,0.0
379.939,0.0
379.999,0.0
380.058,0.0
380.118,0.0
380.178,0.0
380.237,0.0
380.297,0.0
380.357,0.0
380.417,0.0
380.476,0.0
380.536,0.0
380.596,0.0
380.655,0.0
380.715,0.0
380.775,0.0
380.834,0.0
380.894,0.0
380.954,0.0
381.013,0.0
381.073,0.0
381.132,0.0
381.192,0.0
381.252,0.0
381.311,0.0
381.371,0.0
381.43,0.0
381.49,0.0
381.549,0.0
381.609,1.5400505182002483e-07
381.668,4.741633302657311e-07
381.728,5.657601688878767e-07
381.787,4.2792993516306297e-07
381.847,5.932785149016733e-08
381.906,0.0
381.966,0.0
382.025,0.0
382.085,4.2774227155865097e-07
382.144,1.6831557191971645e-06
382.204,2.757685565559275e-06
382.263,3.6380582102490562e-06
382.323,4.311584692765123e-06
382.382,4.762937584807832e-06
382.441,5.248026782681871e-06
382.501,5.712909298158054e-06
382.56,6.1183166563504995e-06
382.619,6.476579603702345e-06
382.679,6.94427318894651e-06
382.738,7.609298421306837e-06
382.798,8.49572929387296e-06
382.857,9.601605005679981e-06
382.916,1.034224244599182e-05
382.976,1.0958229041438884e-05
383.035,1.1985463886504616e-05
383.094,1.3322225292824722e-05
383.154,1.714918738539804e-05
383.213,2.242441668209246e-05
383.272,2.1716581623138235e-05
383.331,1.4944262978676119e-05
383.391,9.354545945693978e-06
383.45,6.556997802719875e-06
383.509,5.794081866810267e-06
383.568,7.977274816250743e-06
383.628,1.2478889507922195e-05
383.687,1.7961698615529558e-05
383.746,2.2982659505047868e-05
383.805,2.5809260751269575e-05
383.864,2.559996806108205e-05
383.924,2.2744107975895377e-05
383.983,1.836678426117076e-05
384.042,1.3811445161577712e-05
384.101,1.0080661672132341e-05
384.16,7.411208043417524e-06
384.219,5.592721963205166e-06
384.279,4.381141593893883e-06
384.338,3.5696850826702006e-06
384.397,3.0955024369661417e-06
384.456,2.8777225525414155e-06
384.515,2.8107266151116755e-06
384.574,2.8120375439823823e-06
384.633,2.7916481532255506e-06
384.692,2.770810708693079e-06
384.751,2.7346154124647247e-06
384.81,2.665587883650006e-06
384.869,2.5709912419002303e-06
384.929,2.458497739076986e-06
384.988,2.334077361384013e-06
385.047,2.187009772274702e-06
385.106,2.02829132654035e-06
385.165,1.8419917745605534e-06
385.224,1.6350500954731883e-06
385.283,1.4202247037879553e-06
385.342,1.197964323500371e-06
385.401,9.68819213287233e-07
385.459,7.358306326728858e-07
385.518,5.046292899276557e-07
385.577,2.8055672011206694e-07
385.636,3.0807488619180433e-07
385.695,5.947471915673158e-07
385.754,0.0
385.813,0.0
385.872,3.0402900730084697e-06
385.931,0.0
385.99,0.0
386.049,0.0
386.107,0.0
386.166,0.0
386.225,0.0
386.284,0.0
386.343,0.0
386.402,0.0
386.46,0.0
386.519,0.0
386.578,0.0
386.637,0.0
386.696,0.0
386.754,0.0
386.813,0.0
386.872,0.0
386.931,0.0
386.989,0.0
387.048,0.0
387.107,0.0
387.165,0.0
387.224,0.0
387.283,0.0
387.342,0.0
387.4,0.0
387.459,0.0
387.517,0.0
387.576,1.8587913713013604e-08
387.635,3.455308011971046e-08
387.693,4.7062986296328936e-08
387.752,5.609219268909753e-08
387.811,6.178285084892987e-08
387.869,6.370514576405233e-08
387.928,6.151035043453405e-08
387.986,5.511684656444457e-08
388.045,4.433043611041115e-08
388.103,2.9223665290494836e-08
388.162,9.866035167076013e-09
388.221,0.0
388.279,0.0
388.338,0.0
388.396,0.0
388.455,0.0
388.513,0.0
388.572,0.0
388.63,0.0
388.689,0.0
388.747,0.0
388.806,0.0
388.864,0.0
388.922,0.0
388.981,0.0
389.039,0.0
389.098,0.0
389.156,0.0
389.214,0.0
389.273,0.0
389.331,0.0
389.39,0.0
389.448,0.0
389.506,0.0
389.565,0.0
389.623,0.0
389.681,0.0
389.74,0.0
389.798,0.0
389.856,0.0
389.914,0.0
389.973,0.0
390.031,0.0
390.089,0.0
390.147,0.0
390.206,0.0
390.264,0.0
390.322,0.0
390.38,0.0
390.439,0.0
390.497,0.0
390.555,0.0
390.613,0.0
390.671,0.0
390.729,0.0
390.788,0.0
390.846,0.0
390.904,0.0
390.962,0.0
391.02,0.0
391.078,0.0
391.136,0.0
391.194,0.0
391.253,0.0
391.311,0.0
391.369,0.0
391.427,0.0
391.485,0.0
391.543,0.0
391.601,0.0
391.659,0.0
391.717,1.8417859949683895e-07
391.775,3.7280317285691107e-07
391.833,5.559330427193491e-07
391.891,7.274533219773591e-07
391.949,8.819218133945477e-07
392.007,1.0184326849075425e-06
392.065,1.1361433204195875e-06
392.123,1.2342951423266635e-06
392.18,1.318655363751655e-06
392.238,1.3929990561247273e-06
392.296,1.4367918719245274e-06
392.354,1.4541146815594678e-06
392.412,1.4431776471993536e-06
392.47,1.4036342056457882e-06
392.528,1.3351604305262402e-06
392.586,1.2376267268801979e-06
392.644,1.0592383291219708e-06
392.701,8.00091653607992e-07
392.759,5.351917105267039e-07
392.817,2.945371768673008e-07
392.875,1.506976650817899e-07
392.933,1.0409972951392768e-07
392.991,1.5516513933049968e-07
393.048,3.0420445079169245e-07
393.106,8.61605942511887e-07
393.164,1.8030679422070709e-06
393.222,3.020756786119296e-06
393.279,4.43785846468691e-06
393.337,5.1788583020124194e-06
393.395,5.244361925455924e-06
393.453,4.635245750436166e-06
393.51,3.352660599132435e-06
393.568,2.183943661451881e-06
393.626,1.1724355696038273e-06
393.684,3.995175164458796e-07
393.741,0.0
393.799,0.0
393.857,0.0
393.914,0.0
393.972,0.0
394.03,0.0
394.087,0.0
394.145,0.0
394.202,0.0
394.26,0.0
394.318,0.0
394.375,0.0
394.433,0.0
394.49,0.0
394.548,0.0
394.605,0.0
394.663,0.0
394.72,0.0
394.778,0.0
394.836,0.0
394.893,0.0
394.951,0.0
395.008,7.723361353990897e-10
395.065,1.7322060367170393e-08
395.123,3.618833296949443e-08
395.18,6.086251423494169e-08
395.238,9.066472084117488e-08
395.295,1.2474059953004637e-07
395.353,1.621433712356855e-07
395.41,2.017375217289223e-07
395.468,2.4245477227303403e-07
395.525,2.8405442799605767e-07
395.582,3.2635566081071117e-07
395.64,3.691245047722185e-07
395.697,4.1162714567505604e-07
395.754,4.531738594114513e-07
395.812,4.93160235684046e-07
395.869,5.310729453753057e-07
395.927,5.659381879594628e-07
395.984,5.966435429029463e-07
396.041,6.221762098996866e-07
396.098,6.41789623671664e-07
396.156,6.174889214056339e-07
396.213,5.488538419783631e-07
396.27,4.735390142017619e-07
396.328,3.9147368715213964e-07
396.385,6.144241381724597e-07
396.442,1.1427807831815841e-06
396.499,1.6618876840824033e-06
396.557,2.1719221990687355e-06
396.614,8.033598062106827e-07
396.671,0.0
396.728,0.0
396.785,6.692707404510481e-07
396.843,1.936351908952152e-06
396.9,1.310523211628251e-06
396.957,6.791966541629535e-07
397.014,4.412820333857934e-08
397.071,0.0
397.128,0.0
397.186,0.0
397.243,0.0
397.3,0.0
397.357,0.0
397.414,0.0
397.471,0.0
397.528,0.0
397.585,0.0
397.642,0.0
397.699,0.0
397.756,0.0
397.814,0.0
397.871,0.0
397.928,0.0
397.985,0.0
398.042,0.0
398.099,2.1702844860553754e-07
398.156,4.842670378680408e-07
398.212,7.918883098843046e-07
398.269,1.1424658569864625e-06
398.326,1.539329112594406e-06
398.383,1.9854333273369874e-06
398.44,2.4837387632215475e-06
398.497,3.0375993205309664e-06
398.554,3.6498979771191667e-06
398.611,4.3227452629095205e-06
398.668,5.057339074190964e-06
398.725,5.850195033970481e-06
398.782,6.6972841716950885e-06
398.839,7.595181748187551e-06
398.895,8.535416511159605e-06
398.952,9.532960531292782e-06
399.009,1.0606694868781787e-05
399.066,1.1742449593388915e-05
399.123,1.2926136755670247e-05
399.18,1.414387634811831e-05
399.236,1.5379017664779998e-05
399.293,1.6615398994777595e-05
399.35,1.783602278845231e-05
399.407,1.8981357907221374e-05
399.463,1.9985707182899472e-05
399.52,2.083136604158964e-05
399.577,2.1501750445532674e-05
399.634,2.198330962610326e-05
399.69,2.2264896470327648e-05
399.747,2.2340939574170036e-05
399.804,2.221080676772763e-05
399.861,2.190174676818118e-05
399.917,2.144553105542519e-05
399.974,2.0852749701868602e-05
400.031,2.013447156635622e-05
400.087,1.930230913429739e-05
400.144,1.8371183546435233e-05
400.201,1.7356057755077503e-05
400.257,1.6273189641524975e-05
400.314,1.5140769831764624e-05
400.37,1.3976929564968922e-05
400.427,1.2803060479359118e-05
400.484,1.16411839256938e-05
400.54,1.0511626036601758e-05
400.597,9.432498042456238e-06
400.653,8.414825188368221e-06
400.71,7.4670277922372944e-06
400.766,6.58814502721642e-06
400.823,5.776399619459374e-06
400.879,5.031677176261502e-06
400.936,4.353682529683087e-06
400.993,3.7417529141890433e-06
401.049,3.194020464587608e-06
401.105,2.7085291925214377e-06
401.162,2.282814452386892e-06
401.218,1.9138355373900572e-06
401.275,1.5984616963881306e-06
401.331,1.3283547755278477e-06
401.388,1.0935917352899199e-06
401.444,8.849294609987576e-07
401.501,6.940644769930622e-07
401.557,5.179198973384249e-07
401.614,3.5422306795652965e-07
401.67,2.038474396983085e-07
401.726,6.756074252902452e-08
401.783,0.0
401.839,0.0
401.895,0.0
401.952,0.0
402.008,0.0
402.064,0.0
402.121,0.0
402.177,0.0
402.233,0.0
402.29,0.0
402.346,0.0
402.402,0.0
402.458,0.0
402.515,0.0
402.571,0.0
402.627,0.0
402.683,0.0
402.74,0.0
402.796,0.0
402.852,0.0
402.908,0.0
402.964,0.0
403.021,0.0
403.077,0.0
403.133,0.0
403.189,0.0
403.245,0.0
403.301,0.0
403.357,1.8399388158070095e-08
403.414,7.659030780267127e-08
403.47,1.341214598524762e-07
403.526,1.9021666272623123e-07
403.582,2.441481255735077e-07
403.638,2.953661166347059e-07
403.694,3.4328279846859633e-07
403.75,3.8731484662643025e-07
403.806,4.2710248673634043e-07
403.862,4.623942864998712e-07
403.918,4.930566547912476e-07
403.974,5.187190724548446e-07
404.03,5.386771065580521e-07
404.086,5.522261003033033e-07
404.142,5.588183921510983e-07
404.198,5.579552184853325e-07
404.254,5.493504344540035e-07
404.31,5.328402804718089e-07
404.366,5.08355108490079e-07
404.422,4.7576257575643657e-07
404.478,4.3501864602268857e-07
404.534,3.8602154048765835e-07
404.59,3.2874474471727885e-07
404.646,2.637679920589682e-07
404.701,1.9199430857150975e-07
404.757,1.1453608247044445e-07
404.813,3.315442484287357e-08
404.869,0.0
404.925,0.0
404.981,0.0
405.037,0.0
405.092,0.0
405.148,0.0
405.204,0.0
405.26,0.0
405.316,0.0
405.371,0.0
405.427,0.0
405.483,0.0
405.539,0.0
405.594,0.0
405.65,0.0
405.706,0.0
405.761,0.0
405.817,0.0
405.873,0.0
405.928,1.0198517077829885e-07
405.984,3.4838215285230517e-07
406.04,6.432084909029683e-07
406.095,9.903918047883598e-07
406.151,1.393477335786869e-06
406.207,1.8562046928622524e-06
406.262,2.381756403462902e-06
406.318,2.9738846418242542e-06
406.374,3.636707660580917e-06
406.429,4.3725306690128624e-06
406.485,5.182806118872448e-06
406.54,6.067611185165782e-06
406.596,7.023540630769237e-06
406.651,8.042236048181481e-06
406.707,9.115075751626851e-06
406.763,1.0232869319166014e-05
406.818,1.1386352972146417e-05
406.874,1.2566100218141128e-05
406.929,1.3755296934224705e-05
406.985,1.4938820593831866e-05
407.04,1.6101776996743744e-05
407.095,1.7227890023431145e-05
407.151,1.830088117085269e-05
407.206,1.9302622431085798e-05
407.262,2.021306146012143e-05
407.317,2.10137267385627e-05
407.373,2.1689320591067435e-05
407.428,2.222758250292968e-05
407.484,2.2623034913196466e-05
407.539,2.2874295468135423e-05
407.594,2.2980698061135602e-05
407.65,2.294539087943158e-05
407.705,2.277186764054055e-05
407.76,2.246387818352259e-05
407.816,2.2030931990707256e-05
407.871,2.1484293038526644e-05
407.926,2.083556441628477e-05
407.982,2.0098158097818074e-05
408.037,1.9286288350161573e-05
408.092,1.8416315254980983e-05
408.148,1.750725233903456e-05
408.203,1.6580957955039902e-05
408.258,1.5653914585527514e-05
408.314,1.4740362321104113e-05
408.369,1.384980116146221e-05
408.424,1.2990148698844754e-05
408.479,1.2168902840101316e-05
408.534,1.1388258149010677e-05
408.59,1.0650418350375317e-05
408.645,9.957606278107413e-06
408.7,9.309832819649452e-06
408.755,8.705694892102614e-06
408.81,8.143602114053283e-06
408.866,7.6212920968041895e-06
408.921,7.136104079147954e-06
408.976,6.684598401971084e-06
409.031,6.2620458913868925e-06
409.086,5.858072450070038e-06
409.141,5.468141186750803e-06
409.196,5.088400070647501e-06
409.252,4.715959564555995e-06
409.307,4.348539928170763e-06
409.362,3.984105613356578e-06
409.417,3.6237421223934026e-06
409.472,3.268817995026218e-06
409.527,2.9210578760878097e-06
409.582,2.582516845296875e-06
409.637,2.2556961634659884e-06
409.692,1.9432753141557195e-06
409.747,1.6478555080189988e-06
409.802,1.3719397720197263e-06
409.857,1.1177515614886786e-06
409.912,8.871612710694603e-07
409.967,6.847109353063647e-07
410.022,5.11273993546695e-07
410.077,3.6697433869461426e-07
410.132,2.5159049529176763e-07
410.187,1.6406517132369795e-07
410.242,1.0272549850200467e-07
410.297,6.534993352190051e-08
410.351,4.919969238103613e-08
410.406,5.110485416498706e-08
410.461,6.809365946238553e-08
410.516,9.736510256995353e-08
410.571,1.362669952538996e-07
410.626,1.8259266797821096e-07
410.681,2.3440933569296593e-07
410.736,2.900835659130819e-07
410.79,3.483799315962405e-07
410.845,4.083479276809458e-07
410.9,4.691926644090628e-07
410.955,5.302351411129054e-07
411.01,5.907703757801105e-07
411.064,6.49940956070644e-07
411.119,7.069309493279399e-07
411.174,7.605994751537141e-07
411.229,8.09962328018525e-07
411.283,8.542908943968729e-07
411.338,8.929297953154454e-07
411.393,9.252868275510849e-07
411.447,9.509958616612645e-07
411.502,9.698948403956507e-07
411.557,9.820529047486085e-07
411.612,9.87682711959581e-07
411.666,9.869829315624994e-07
411.721,9.795576786690234e-07
411.776,9.655488753155228e-07
411.83,9.451036274415033e-07
411.885,9.18371606562439e-07
411.939,8.856567297244657e-07
411.994,8.472369988976792e-07
412.049,8.03331813017092e-07
412.103,7.541410483903386e-07
412.158,6.999373042750831e-07
412.212,6.410455052154354e-07
412.267,5.779233830930367e-07
412.322,5.110252156985912e-07
412.376,4.4056961360215017e-07
412.431,3.6673165526966884e-07
412.485,2.897389529885648e-07
412.54,2.0998809312879393e-07
412.594,1.280626331413069e-07
412.649,4.45219465115303e-08
412.703,0.0
412.758,0.0
412.812,0.0
412.866,0.0
412.921,0.0
412.975,0.0
413.03,0.0
413.084,0.0
413.139,0.0
413.193,0.0
413.247,0.0
413.302,0.0
413.356,0.0
413.41,0.0
413.465,0.0
413.519,0.0
413.573,0.0
413.628,0.0
413.682,0.0
413.736,0.0
413.791,0.0
413.845,0.0
413.899,0.0
413.953,0.0
414.008,0.0
414.062,0.0
414.116,0.0
414.17,0.0
414.225,0.0
414.279,0.0
414.333,0.0
414.387,0.0
414.441,0.0
414.496,3.3151614685767933e-08
414.55,1.3343934124809357e-07
414.604,2.3419070087870426e-07
414.658,3.343767228919786e-07
414.712,4.330600095353666e-07
414.766,5.294704708791989e-07
414.82,6.2290957580915e-07
414.874,7.128303721085925e-07
414.928,7.986518671345593e-07
414.982,8.795874679019666e-07
415.037,9.549520678073878e-07
415.091,1.0242144617011624e-06
415.145,1.0869247676118304e-06
415.199,1.1428023821667487e-06
415.253,1.1914916252862511e-06
415.307,1.232538971830157e-06
415.361,1.2656720622374145e-06
415.415,1.2907994114932485e-06
415.469,1.3080131194492564e-06
415.523,1.3175141004223128e-06
415.577,1.319376380690876e-06
415.631,1.313589459168437e-06
415.684,1.3003122073725295e-06
415.738,1.2798078624704298e-06
415.792,1.2523515589595175e-06
415.846,1.2183473208961972e-06
415.9,1.1782394628075572e-06
415.954,1.1325895310924975e-06
416.008,1.0823295077776614e-06
416.062,1.028544128813074e-06
416.116,9.722981125894703e-07
416.169,9.146654409053749e-07
416.223,8.567422774076255e-07
416.277,7.996632446438184e-07
416.331,7.446455500092064e-07
416.385,6.930308880504612e-07
416.439,6.406149557985203e-07
416.492,5.885370084572008e-07
416.546,5.379303459553627e-07
416.6,4.898512671467172e-07
416.654,4.5000444922813453e-07
416.707,4.1961007960106025e-07
416.761,3.9975956523821964e-07
416.815,3.9123725773106736e-07
416.869,4.3977497707028973e-07
416.922,5.455870978495291e-07
416.976,7.08756146909911e-07
417.03,9.292830553192829e-07
417.083,9.270694550999002e-07
417.137,7.014120585550252e-07
417.191,2.2646852486113244e-06
417.244,5.615763155689051e-06
417.298,0.0
417.352,1.2403297357414551e-06
417.405,2.0484120355677406e-06
417.459,8.257655328006315e-07
417.512,2.765649027549338e-07
417.566,3.999924713402666e-07
417.62,9.536437564237246e-07
417.673,1.9367283523504924e-06
417.727,2.686667338899822e-06
417.78,3.2024560356998395e-06
417.834,3.4833074371938138e-06
417.887,3.5285309868612294e-06
417.941,3.5661372646442652e-06
417.994,3.5954771462153234e-06
418.048,3.6159434186664317e-06
418.101,3.6269365040368483e-06
418.155,3.673296041686884e-06
418.208,3.754727870345358e-06
418.262,3.87086373873262e-06
418.315,4.0212655844658745e-06
418.369,4.167199330945347e-06
418.422,4.307914702566314e-06
418.476,4.442632722917454e-06
418.529,4.570743851913816e-06
418.582,4.686265961533181e-06
418.636,4.788634309295899e-06
418.689,4.877243948789683e-06
418.743,4.95136701349968e-06
418.796,5.015098439803655e-06
418.849,5.0682011871160005e-06
418.903,5.11050089219696e-06
418.956,5.141866940924306e-06
419.009,5.161961187514048e-06
419.063,5.170378261783544e-06
419.116,5.166886924451849e-06
419.169,5.151373746351801e-06
419.222,4.880253869849687e-06
419.276,4.35339637252746e-06
419.329,5.599575915729868e-06
419.382,8.618955853899928e-06
419.435,1.2396957441573272e-06
419.489,4.236616500284985e-06
419.542,5.4378938420700915e-06
419.595,4.844045080245672e-06
419.648,4.484362970655218e-06
419.701,4.359436675726141e-06
419.755,4.226448639593639e-06
419.808,4.0860277811544414e-06
419.861,3.938571440948238e-06
419.914,3.784390223157243e-06
419.967,3.623943025447817e-06
420.02,3.4578053230346476e-06
420.073,3.286735896464175e-06
420.127,3.111640981420845e-06
420.18,2.9334019433633184e-06
420.233,2.752735670875642e-06
420.286,2.5704025057011706e-06
420.339,2.3872565447125926e-06
420.392,2.2042056681371815e-06
420.445,2.022304963378473e-06
420.498,1.8423816811404112e-06
420.551,1.6650148525791944e-06
420.604,1.4907922819882012e-06
420.657,1.3203817457097713e-06
420.71,1.1547096191095065e-06
420.763,9.947447014105211e-07
420.816,8.412807860682632e-07
420.869,6.949179986855403e-07
420.922,5.562498720214278e-07
420.975,4.259438670369912e-07
421.028,3.045045930439313e-07
421.081,1.922748427202562e-07
421.134,8.914205174944504e-08
421.187,0.0
421.239,0.0
421.292,0.0
421.345,0.0
421.398,0.0
421.451,0.0
421.504,0.0
421.557,0.0
421.609,0.0
421.662,0.0
421.715,0.0
421.768,0.0
421.821,0.0
421.873,0.0
421.926,0.0
421.979,0.0
422.032,0.0
422.084,0.0
422.137,0.0
422.19,0.0
422.243,0.0
422.295,0.0
422.348,0.0
422.401,0.0
422.453,0.0
422.506,0.0
422.559,0.0
422.611,0.0
422.664,0.0
422.716,0.0
422.769,0.0
422.822,0.0
422.874,0.0
422.927,0.0
422.979,0.0
423.032,3.365376915212378e-08
423.084,7.513975401217879e-08
423.137,1.169629761186963e-07
423.189,1.5927341898303497e-07
423.242,2.0205022157382765e-07
423.294,2.4500882557222075e-07
423.347,2.8779762955382026e-07
423.399,3.3011076361728563e-07
423.452,3.717670780236055e-07
423.504,4.1270321846400995e-07
423.557,4.528265988341403e-07
423.609,4.918638456543187e-07
423.662,5.293958967050791e-07
423.714,5.651507311973838e-07
423.766,5.990087867452122e-07
423.819,6.308943362491947e-07
423.871,6.607266870053731e-07
423.923,6.882310247647906e-07
423.976,7.12969318648807e-07
424.028,7.346586169848748e-07
424.081,7.533154962110367e-07
424.133,7.6902591288988e-07
424.185,7.818211061218761e-07
424.238,7.915929071497738e-07
424.29,7.981792845612697e-07
424.342,8.016711345563613e-07
424.394,8.023743198779576e-07
424.447,8.005902492761046e-07
424.499,7.963460368742924e-07
424.551,7.893714392596988e-07
424.603,7.793883184241936e-07
424.656,7.662512497954663e-07
424.708,7.499208035734842e-07
424.76,7.303310852374196e-07
424.812,7.073148947100737e-07
424.864,6.806119000783221e-07
424.917,6.500244359235922e-07
424.969,6.157121902658259e-07
425.021,5.780719484429895e-07
425.073,5.375076726046874e-07
425.125,4.944318523747656e-07
425.177,6.718239932799309e-07
425.229,1.0697963532395275e-06
425.282,0.0
425.334,0.0
425.386,3.5902508592193145e-06
425.438,7.167457684973603e-07
425.49,0.0
425.542,0.0
425.594,3.631532683117698e-08
425.646,0.0
425.698,0.0
425.75,0.0
425.802,0.0
425.854,0.0
425.906,0.0
425.958,0.0
426.01,0.0
426.062,0.0
426.114,2.4335919635833657e-07
426.166,0.0
426.218,0.0
426.27,2.823965604094941e-06
426.321,0.0
426.373,0.0
426.425,0.0
426.477,0.0
426.529,0.0
426.581,0.0
426.633,0.0
426.684,0.0
426.736,0.0
426.788,0.0
426.84,0.0
426.892,0.0
426.943,0.0
426.995,0.0
427.047,0.0
427.099,0.0
427.15,0.0
427.202,0.0
427.254,0.0
427.306,0.0
427.357,2.9071863984855975e-06
427.409,2.9035249061228534e-06
427.461,0.0
427.512,0.0
427.564,0.0
427.616,0.0
427.667,8.231919028377769e-08
427.719,3.692581908112298e-07
427.77,3.140100055570068e-07
427.822,2.589753453244581e-07
427.874,2.0372314160742094e-07
427.925,1.861718906835682e-07
427.977,2.0579143146907538e-07
428.028,2.20822398296891e-07
428.08,2.3066789144965137e-07
428.131,2.3499756750093504e-07
428.183,2.3354553612517768e-07
428.234,2.2605977309636307e-07
428.286,2.1243520748319166e-07
428.337,1.926940097230292e-07
428.389,1.6696445889382295e-07
428.44,1.3563377586661096e-07
428.492,9.912528672230458e-08
428.543,5.7645841900899436e-08
428.595,1.1320484955530425e-08
428.646,0.0
428.697,0.0
428.749,0.0
428.8,0.0
428.852,0.0
428.903,0.0
428.954,0.0
429.006,0.0
429.057,0.0
429.108,0.0
429.16,0.0
429.211,0.0
429.262,0.0
429.314,0.0
429.365,0.0
429.416,0.0
429.467,0.0
429.519,0.0
429.57,0.0
429.621,0.0
429.672,0.0
429.724,0.0
429.775,0.0
429.826,5.506015203358976e-06
429.877,0.0
429.928,0.0
429.98,0.0
430.031,0.0
430.082,0.0
430.133,2.1276802335785673e-06
430.184,0.0
430.235,0.0
430.286,0.0
430.337,0.0
430.388,0.0
430.439,0.0
430.49,0.0
430.542,0.0
430.593,0.0
430.644,0.0
430.695,0.0
430.746,0.0
430.797,0.0
430.848,0.0
430.898,0.0
430.949,0.0
431.0,0.0
431.051,0.0
431.102,0.0
431.153,0.0
431.204,0.0
431.255,0.0
431.306,0.0
431.357,0.0
431.408,0.0
431.458,2.190799694119697e-08
431.509,7.490316348922106e-08
431.56,1.2208963136278656e-07
431.611,1.6324681491645764e-07
431.662,1.982301657802937e-07
431.713,2.2682475718285513e-07
431.763,2.489685124160324e-07
431.814,2.6470239592163764e-07
431.865,2.741654036160166e-07
431.916,2.77728443474686e-07
431.966,2.757881309360343e-07
432.017,2.6868805145791287e-07
432.068,2.564763994135911e-07
432.118,2.394267608355296e-07
432.169,2.1788109838035705e-07
432.22,1.928299341260837e-07
432.271,1.6524092363968701e-07
432.321,1.3610715256276725e-07
432.372,1.0657725772554367e-07
432.423,7.779195372948459e-08
432.473,5.095754122794823e-08
432.524,2.7278364813133552e-08
432.574,7.874812185982727e-09
432.625,0.0
432.676,0.0
432.726,0.0
432.777,0.0
432.827,1.6732081988900507e-08
432.878,4.81032739788013e-08
432.928,9.172506180475484e-08
432.979,1.4833469878467001e-07
433.029,2.1837016054933214e-07
433.08,3.0210998251180286e-07
433.13,3.997545155991281e-07
433.181,5.111387284617053e-07
433.231,6.35647385964336e-07
433.282,7.724837691386995e-07
433.332,9.208419667851087e-07
433.383,1.0797841685806542e-06
433.433,1.2483357660657856e-06
433.484,1.4253708551061057e-06
433.534,1.6095244161681314e-06
433.585,1.7995368274978292e-06
433.635,1.994294873546451e-06
433.685,2.1955035238740242e-06
433.736,2.4047044060489764e-06
433.786,2.6235847464621138e-06
433.836,2.8508676874769675e-06
433.887,3.085359073464306e-06
433.937,3.325869435323387e-06
433.987,3.5710879312429523e-06
434.038,3.819862407716676e-06
434.088,4.07107635324982e-06
434.138,4.323576548174347e-06
434.189,4.57637980512415e-06
434.239,4.8285491146072105e-06
434.289,5.079129944803772e-06
434.339,5.327371904309643e-06
434.389,5.572493612778828e-06
434.44,5.81342020577021e-06
434.49,6.044260974691273e-06
434.54,6.259482067402554e-06
434.59,6.453171354564977e-06
434.64,6.624463269591299e-06
434.691,6.772502197891977e-06
434.741,6.896302460103862e-06
434.791,6.995194739667881e-06
434.841,7.068797698292587e-06
434.891,7.116856276437143e-06
434.941,7.139271800177601e-06
434.991,7.136084132640619e-06
435.042,7.107365932109994e-06
435.092,7.053412427398333e-06
435.142,6.974765944967055e-06
435.192,6.871949763191158e-06
435.242,6.7455518358124005e-06
435.292,6.5991170135912695e-06
435.342,6.43597261170972e-06
435.392,6.259690325357887e-06
435.442,6.071167835761547e-06
435.492,5.871323128253072e-06
435.542,5.661265077746576e-06
435.592,5.442230627001935e-06
435.642,5.21532387229463e-06
435.692,4.9442188547329e-06
435.742,4.630033404341297e-06
435.792,4.2737580517893085e-06
435.842,3.8764494654931e-06
435.891,3.7510431685504038e-06
435.941,3.898343720186922e-06
435.991,4.319246078716342e-06
436.041,5.014903535606223e-06
436.091,4.115223856388284e-06
436.141,1.6216049472684028e-06
436.191,7.293138728206195e-07
436.241,1.4397110894947012e-06
436.29,1.8828315748968664e-06
436.34,2.060046489365829e-06
436.39,1.972408211638414e-06
436.44,1.6208090622066858e-06
436.49,1.3178391852775512e-06
436.539,1.0638753543566636e-06
436.589,8.59078922579331e-07
436.639,7.034126541145431e-07
436.689,5.591719995750658e-07
436.738,4.259301612831995e-07
436.788,3.0316921290307385e-07
436.838,1.902131302153822e-07
436.887,8.584618609978145e-08
436.937,0.0
436.987,0.0
437.036,0.0
437.086,0.0
437.136,0.0
437.185,0.0
437.235,0.0
437.285,0.0
437.334,0.0
437.384,0.0
437.433,0.0
437.483,0.0
437.532,0.0
437.582,0.0
437.631,0.0
437.681,0.0
437.73,0.0
437.78,0.0
437.829,0.0
437.879,0.0
437.928,0.0
437.978,0.0
438.027,0.0
438.077,0.0
438.126,0.0
438.176,0.0
438.225,0.0
438.274,0.0
438.324,0.0
438.373,0.0
438.422,0.0
438.472,0.0
438.521,0.0
438.57,0.0
438.62,0.0
438.669,0.0
438.718,0.0
438.768,0.0
438.817,0.0
438.866,0.0
438.915,0.0
438.965,0.0
439.014,0.0
439.063,0.0
439.112,0.0
439.162,0.0
439.211,0.0
439.26,0.0
439.309,0.0
439.358,0.0
439.407,0.0
439.456,0.0
439.506,0.0
439.555,0.0
439.604,0.0
439.653,0.0
439.702,0.0
439.751,0.0
439.8,0.0
439.849,0.0
439.898,0.0
439.947,0.0
439.996,0.0
440.045,0.0
440.094,0.0
440.143,0.0
440.192,0.0
440.241,0.0
440.29,0.0
440.339,0.0
440.388,0.0
440.437,0.0
440.486,0.0
440.535,0.0
440.583,0.0
440.632,0.0
440.681,0.0
440.73,5.097241827994621e-08
440.779,1.5931050904394027e-07
440.828,2.6161783741823096e-07
440.876,3.568547880261294e-07
440.925,4.440637302171496e-07
440.974,5.222693449502478e-07
441.023,5.905675185935146e-07
441.072,6.728268116010452e-07
441.12,7.682066492068176e-07
441.169,8.758521849777132e-07
441.218,9.952118149448723e-07
441.267,1.1257876457508213e-06
441.315,1.267041299677558e-06
441.364,1.4184674196030251e-06
441.413,1.5794364211198117e-06
441.461,1.707312673947571e-06
441.51,1.801698741672059e-06
441.559,1.8624212123185592e-06
441.607,1.8893503437981613e-06
441.656,1.8825535924901348e-06
441.705,1.842269695074733e-06
441.753,1.7689245138096195e-06
441.802,1.6632482540810159e-06
441.85,1.5507137670583403e-06
441.899,1.4322813093536764e-06
441.948,1.308946604864996e-06
441.996,1.1816881256263646e-06
442.045,1.0514771486686714e-06
442.093,9.193908937786727e-07
442.142,7.865247779752031e-07
442.19,6.539348948832191e-07
442.239,5.228259914804911e-07
442.287,3.9434616611653934e-07
442.336,2.696397252801364e-07
442.384,1.5012371841219912e-07
442.433,3.7302986654682706e-08
442.481,0.0
442.529,0.0
442.578,0.0
442.626,0.0
442.675,0.0
442.723,0.0
442.771,0.0
442.82,0.0
442.868,0.0
442.917,0.0
442.965,0.0
443.013,0.0
443.062,0.0
443.11,0.0
443.158,0.0
443.206,0.0
443.255,0.0
443.303,0.0
443.351,5.656432648509439e-08
443.399,1.9917458037791452e-07
443.448,3.543191793270431e-07
443.496,5.208425920931587e-07
443.544,6.976296944565784e-07
443.592,8.835727516801311e-07
443.64,1.077489205345838e-06
443.689,1.2781112162025312e-06
443.737,1.4842154608991476e-06
443.785,1.694492528838475e-06
443.833,1.907687949416632e-06
443.881,2.122609729244052e-06
443.929,2.3378628395301915e-06
443.977,2.5519347444683443e-06
444.025,2.76338992984477e-06
444.074,2.9709007315605147e-06
444.122,3.1731524866566625e-06
444.17,3.368940919316365e-06
444.218,3.5570413899244133e-06
444.266,3.736120512033589e-06
444.314,3.905041982204547e-06
444.362,4.0628248355847635e-06
444.41,4.208458957456423e-06
444.458,4.340923703367333e-06
444.506,4.459175523012821e-06
444.554,4.562139661378928e-06
444.602,4.648858273744239e-06
444.65,4.7186324547852235e-06
444.698,4.77088024007747e-06
444.746,4.805192537554979e-06
444.793,4.821366685697115e-06
444.841,4.819282125281658e-06
444.889,4.799064591666254e-06
444.937,4.761090680578355e-06
444.985,4.705900813209083e-06
445.033,4.6341595979712735e-06
445.081,4.546600724198146e-06
445.129,4.443943798250863e-06
445.176,4.326994242668718e-06
445.224,4.196719212330501e-06
445.272,4.0540848097442626e-06
445.32,3.900198761804524e-06
445.368,3.7362672241021007e-06
445.415,3.5634537641766583e-06
445.463,3.38306722591503e-06
445.511,3.196563395110857e-06
445.559,3.0053097686343846e-06
445.606,2.8105868594283417e-06
445.654,2.6181832496206595e-06
445.702,2.4292572680995215e-06
445.749,2.2448895663836635e-06
445.797,2.066280646830741e-06
445.845,1.8897011284688808e-06
445.892,1.7160488302580438e-06
445.94,1.5463194754168712e-06
445.988,1.3814933627893393e-06
446.035,1.1852461510057832e-06
446.083,9.586710516758175e-07
446.13,7.028103522442911e-07
446.178,4.185489223650179e-07
446.226,1.4656801189957568e-07
446.273,0.0
446.321,0.0
446.368,0.0
446.416,0.0
446.463,0.0
446.511,1.4985249495165555e-07
446.558,8.745949674969252e-07
446.606,1.2180843939443357e-06
446.653,1.1804254868821023e-06
446.701,7.616182833650697e-07
446.748,0.0
446.796,0.0
446.843,0.0
446.891,0.0
446.938,0.0
446.985,0.0
447.033,0.0
447.08,0.0
447.128,8.984209019228128e-08
447.175,2.710515227771101e-07
447.222,4.160025080192167e-07
447.27,5.23610260496942e-07
447.317,5.927297325805471e-07
447.364,6.62193346736985e-07
447.411,7.311562129476414e-07
447.459,7.986514962900177e-07
447.506,8.637406438409032e-07
447.553,9.299873811238904e-07
447.601,9.963920210092454e-07
447.648,1.0620904019991128e-06
447.695,1.126363004812138e-06
447.742,1.1837274139622858e-06
447.789,1.2337028963334164e-06
447.837,1.2759175707892612e-06
447.884,1.3099262881839067e-06
447.931,1.3353688783350483e-06
447.978,1.3519285656651046e-06
448.025,1.3592970410543859e-06
448.072,1.3573162183820365e-06
448.12,1.3459109209365704e-06
448.167,1.3248734118233165e-06
448.214,1.294104744907037e-06
448.261,1.253719038754041e-06
448.308,1.2039029339749495e-06
448.355,1.145146448736626e-06
448.402,1.0781596992558306e-06
448.449,1.0036972229484146e-06
448.496,9.22702083776133e-07
448.543,8.362433914712458e-07
448.59,7.453185758075812e-07
448.637,6.508756694148796e-07
448.684,5.538207480192364e-07
448.731,4.548978940691693e-07
448.778,3.547783868717379e-07
448.825,2.541267719075725e-07
448.872,1.534626966001072e-07
448.919,5.3272412058762396e-08
448.966,0.0
449.013,0.0
449.06,0.0
449.107,0.0
449.154,0.0
449.2,0.0
449.247,0.0
449.294,0.0
449.341,0.0
449.388,0.0
449.435,0.0
449.481,0.0
449.528,0.0
449.575,0.0
449.622,0.0
449.668,0.0
449.715,0.0
449.762,0.0
449.809,0.0
449.855,0.0
449.902,0.0
449.949,0.0
449.995,0.0
450.042,0.0
450.089,0.0
450.135,0.0
450.182,0.0
450.229,0.0
450.275,0.0
450.322,0.0
450.368,0.0
450.415,0.0
450.462,0.0
450.508,0.0
450.555,0.0
450.601,0.0
450.648,0.0
450.694,0.0
450.741,0.0
450.787,0.0
450.834,0.0
450.88,0.0
450.927,0.0
450.973,0.0
451.019,0.0
451.066,0.0
451.112,0.0
451.159,0.0
451.205,0.0
451.251,0.0
451.298,0.0
451.344,0.0
451.39,0.0
451.437,0.0
451.483,0.0
451.529,0.0
451.576,0.0
451.622,0.0
451.668,0.0
451.714,0.0
451.761,0.0
451.807,0.0
451.853,0.0
451.899,0.0
451.945,0.0
451.992,0.0
452.038,0.0
452.084,0.0
452.13,0.0
452.176,0.0
452.222,0.0
452.268,0.0
452.315,0.0
452.361,0.0
452.407,0.0
452.453,0.0
452.499,0.0
452.545,0.0
452.591,0.0
452.637,0.0
452.683,0.0
452.729,0.0
452.775,0.0
452.821,0.0
452.867,0.0
452.913,0.0
452.959,0.0
453.005,0.0
453.051,0.0
453.097,0.0
453.142,0.0
453.188,0.0
453.234,0.0
453.28,0.0
453.18,4.421271326734357e-07
453.319,8.529579258869967e-07
453.458,0.0
453.596,0.0
453.735,0.0
453.873,0.0
454.012,2.8610078050494786e-07
454.15,1.2873284059729742e-06
454.289,1.461197625501093e-06
454.427,1.1974424796563514e-06
454.566,8.03681329618037e-07
454.704,5.327655343478548e-07
454.843,4.422596020256429e-07
454.981,3.910870150359991e-07
455.12,2.6743622237167236e-07
455.258,9.71637508879188e-08
455.397,0.0
455.535,0.0
455.674,0.0
455.812,0.0
455.951,0.0
456.089,0.0
456.227,0.0
456.366,2.6347837136025756e-07
456.504,7.643370136046496e-07
456.642,1.3829863334299143e-06
456.781,2.093973490260521e-06
456.919,2.8814057312675974e-06
457.057,3.731600109458309e-06
457.196,4.633885700874015e-06
457.334,5.581818527277143e-06
457.472,6.56483559536355e-06
457.61,7.577913383181895e-06
457.749,8.618274204585954e-06
457.887,9.683088964776845e-06
458.025,1.0771328201708504e-05
458.163,1.1875736622544118e-05
458.301,1.2989363220892118e-05
458.44,1.4106353654679421e-05
458.578,1.521516013703873e-05
458.716,1.6311074979859537e-05
458.854,1.7389812410210335e-05
458.992,1.831750066617339e-05
459.13,1.9092400185783206e-05
459.269,2.0817607054062103e-05
459.407,2.349340864162105e-05
459.545,2.0512086696945087e-05
459.683,2.3162681401449736e-05
459.821,2.4835817509772966e-05
459.959,2.551420296564909e-05
460.097,2.6279742329279816e-05
460.235,2.713035525325838e-05
460.373,2.7935821585767022e-05
460.511,2.8691369318257756e-05
460.649,2.940132510707832e-05
460.787,3.0076442223346055e-05
460.925,3.0729014963035365e-05
461.063,3.142113602682428e-05
461.201,3.2225882837800807e-05
461.339,3.3034992321018754e-05
461.477,3.400038684203533e-05
461.615,3.62810474160697e-05
461.753,3.8643023694649645e-05
461.891,3.429466291441209e-05
462.029,4.20765528285035e-05
462.166,4.258908365462552e-05
462.304,4.301222495712723e-05
462.442,4.435671656042921e-05
462.58,4.536956010995555e-05
462.718,4.579991810377565e-05
462.856,4.564120601024617e-05
462.993,4.4734007155569386e-05
463.131,4.286662152839739e-05
463.269,4.017580972797113e-05
463.407,3.7521119411932554e-05
463.545,3.5991606603499685e-05
463.682,3.7308298076744185e-05
463.82,4.2854863791066655e-05
463.958,4.9637190543724685e-05
464.095,5.264030647777214e-05
464.233,5.2230878064993476e-05
464.371,5.1749224592506494e-05
464.509,5.136078049439714e-05
464.646,5.0227215695102626e-05
464.784,4.824015686204964e-05
464.921,4.523142937038356e-05
465.059,4.1379026815088085e-05
465.197,3.7084381455775705e-05
465.334,3.287787308467922e-05
465.472,2.897689424801423e-05
465.609,2.5478857438025352e-05
465.747,2.2398067819276048e-05
465.885,1.958657579500173e-05
466.022,1.7049004038117814e-05
466.16,1.4774728383027112e-05
466.297,1.2745160356228666e-05
466.435,1.0903527389885227e-05
466.572,9.19489083396319e-06
466.71,7.583538261175752e-06
466.847,6.0766447573697096e-06
466.985,4.706361853126664e-06
467.122,3.479234504492211e-06
467.26,2.393342319231837e-06
467.397,1.4402020023111957e-06
467.534,6.289814695989847e-07
467.672,0.0
467.809,0.0
467.947,0.0
468.084,0.0
468.221,0.0
468.359,0.0
468.496,0.0
468.633,0.0
468.771,0.0
468.908,0.0
469.045,4.6486841494700684e-07
469.183,1.0614898646274145e-06
469.32,1.714848391854604e-06
469.457,2.3768899168107222e-06
469.594,2.994200421618948e-06
469.732,3.5491140750282167e-06
469.869,4.02443456013361e-06
470.006,4.4042683160415234e-06
470.143,4.682171144557464e-06
470.28,4.851862802902814e-06
470.417,4.91023609763466e-06
470.555,4.873196281522424e-06
470.692,4.7637589423010986e-06
470.829,4.583017710020889e-06
470.966,4.333651106870319e-06
471.103,4.01866125900796e-06
471.24,3.641370220606778e-06
471.377,3.2058974709285124e-06
471.514,2.7174286733102603e-06
471.651,2.187546024986828e-06
471.789,1.6286794300984336e-06
471.926,1.053712570605474e-06
472.063,4.7461166736555035e-07
472.2,0.0
472.337,0.0
472.474,0.0
472.611,0.0
472.748,0.0
472.884,0.0
473.021,0.0
473.158,0.0
473.295,0.0
473.432,0.0
473.569,0.0
473.706,0.0
473.843,0.0
473.98,0.0
474.117,0.0
474.253,0.0
474.39,0.0
474.527,0.0
474.664,0.0
474.801,0.0
474.937,0.0
475.074,0.0
475.211,0.0
475.348,0.0
475.484,0.0
475.621,0.0
475.758,0.0
475.894,0.0
476.031,0.0
476.168,0.0
476.304,0.0
476.441,0.0
476.578,0.0
476.714,0.0
476.851,0.0
476.987,1.2540439897085618e-07
477.124,6.752776238042379e-07
477.261,1.23642220755359e-06
477.397,1.8055000431643443e-06
477.534,2.379132110569842e-06
477.67,2.953976285918065e-06
477.807,3.5266035006686375e-06
477.943,4.093556720366641e-06
478.08,4.651512967396987e-06
478.216,5.197886706063196e-06
478.353,5.730220727191662e-06
478.489,6.2462564699122225e-06
478.626,6.7378484711319985e-06
478.762,7.196821739378019e-06
478.898,7.621544990598284e-06
479.035,8.010663860467706e-06
479.171,8.362480461200846e-06
479.308,8.67556037598599e-06
479.444,8.945234881718169e-06
479.58,9.166849767514208e-06
479.717,9.339696585443796e-06
479.853,9.463262826197332e-06
479.989,9.53725863181454e-06
480.126,9.561711924562155e-06
480.262,9.53682128010731e-06
480.398,9.463094648867984e-06
480.535,9.341425454920457e-06
480.671,9.172984991178701e-06
480.807,8.962766771921739e-06
480.943,8.716144695883302e-06
481.08,8.434937399339516e-06
481.216,8.121059087766326e-06
481.352,7.776654303263076e-06
481.488,7.404011464414918e-06
481.624,7.011380290870184e-06
481.76,6.607354458944605e-06
481.897,6.194298931174654e-06
482.033,5.774568869704183e-06
482.169,5.350590982639047e-06
482.305,4.9248192377905766e-06
482.441,4.499622601048643e-06
482.577,4.0771843783726746e-06
482.713,3.6595793954650393e-06
482.849,3.248828139825434e-06
482.985,2.84696801127266e-06
483.121,2.4559562754536033e-06
483.258,2.0775904923708755e-06
483.394,1.7134424799097558e-06
483.53,1.3649946706634549e-06
483.665,1.0336028597260547e-06
483.801,7.171812118285021e-07
483.937,4.1341007925958194e-07
484.073,1.2343490032756326e-07
484.209,0.0
484.345,0.0
484.481,0.0
484.617,0.0
484.753,0.0
484.889,0.0
485.025,0.0
485.161,0.0
485.296,0.0
485.432,0.0
485.568,0.0
485.704,0.0
485.84,0.0
485.975,0.0
486.111,0.0
486.247,0.0
486.383,0.0
486.518,0.0
486.654,0.0
486.79,0.0
486.926,0.0
487.061,0.0
487.197,0.0
487.333,0.0
487.468,0.0
487.604,0.0
487.74,0.0
487.875,0.0
488.011,0.0
488.146,0.0
488.282,0.0
488.417,0.0
488.553,0.0
488.688,0.0
488.824,0.0
488.96,0.0
489.095,0.0
489.23,0.0
489.366,0.0
489.501,0.0
489.637,0.0
489.772,1.4406433250644002e-07
489.908,3.2455203903083e-07
490.043,5.110290581380609e-07
490.178,6.991514034890721e-07
490.314,8.841565367276658e-07
490.449,1.064654713895976e-06
490.585,1.2392119739265999e-06
490.72,1.379661571917931e-06
490.855,1.454788467778119e-06
490.991,1.4636851975515619e-06
491.126,1.4057863002563819e-06
491.261,1.1732607301238797e-06
491.396,7.92833306942357e-07
491.532,1.35436091375379e-06
491.667,2.857879892278538e-06
491.802,0.0
491.937,8.94761529156729e-07
492.073,2.231057279156968e-06
492.208,2.928093818656995e-06
492.343,3.65536097447996e-06
492.478,3.934609543115365e-06
492.613,3.632576423638538e-06
492.749,2.7475547936906546e-06
492.884,1.6839842993781344e-06
493.019,9.069175445179481e-07
493.154,4.1594733599301774e-07
493.289,2.1062264596886795e-07
493.424,1.4716397577321378e-07
493.559,6.171065818822179e-08
493.694,0.0
493.829,0.0
493.964,0.0
494.099,0.0
494.234,0.0
494.369,0.0
494.504,0.0
494.639,0.0
494.774,0.0
494.909,0.0
495.044,0.0
495.179,0.0
495.314,0.0
495.449,0.0
495.584,0.0
495.719,0.0
495.854,8.516785977006115e-07
495.988,2.1090668371119114e-06
496.123,3.815383580367615e-06
496.258,5.974641322746748e-06
496.393,8.593999467851423e-06
496.528,1.1701603764689884e-05
496.663,1.4257287450970168e-05
496.797,1.6344716595952964e-05
496.932,1.9847097517155532e-05
497.067,2.4602006483783582e-05
497.202,2.960151163798621e-05
497.336,3.4995579771708174e-05
497.471,4.087251013739356e-05
497.606,4.844488024907057e-05
497.74,5.7884266452687724e-05
497.875,6.679728693814526e-05
498.01,7.487037030084009e-05
498.144,8.275675463102057e-05
498.279,8.982733009193868e-05
498.414,9.596819172658968e-05
498.548,0.0001002403827096863
498.683,0.00010293489007842018
498.817,0.00010668411671356282
498.952,0.0001119822157863084
499.087,0.00011797483348344099
499.221,0.00012376891472589262
499.356,0.00012919678413528252
499.49,0.00013622282054593995
499.625,0.00014517675536765103
499.759,0.0001548819314886954
499.894,0.0001658175212015819
500.028,0.0001769943091366148
500.162,0.00018509205795237582
500.297,0.0001894367745521273
500.431,0.00019122962764972409
500.566,0.00019042145112130605
500.7,0.00018715713965222088
500.835,0.00018155406928592932
500.969,0.00017338130054187924
501.103,0.00016306623592437348
501.238,0.00015140497173970604
501.372,0.0001393283877043604
501.506,0.00012782166559087614
501.641,0.00011749985654259978
501.775,0.00010843879918111135
501.909,0.00010055822786118578
502.043,9.369434786201648e-05
502.178,8.769223317692716e-05
502.312,8.251231672829738e-05
502.446,7.804341287313302e-05
502.58,7.411418824631538e-05
502.715,7.055522735718691e-05
502.849,6.72523315821893e-05
502.983,6.413800277453218e-05
503.117,6.115606315770316e-05
503.251,5.8126933886243496e-05
503.385,5.501054914794906e-05
503.52,5.179127346439083e-05
503.654,4.859873539729422e-05
503.788,4.583134493457798e-05
503.922,4.34942618877625e-05
504.056,4.1583758920098245e-05
504.19,3.987028874791211e-05
504.324,3.796519415097271e-05
504.458,3.586010789673554e-05
504.592,3.3553067419430684e-05
504.726,3.1182202313415845e-05
504.86,2.8900702748745177e-05
504.994,2.672182799496709e-05
505.128,2.4655310402953405e-05
505.262,2.2710914049950842e-05
505.396,2.0913758244976458e-05
505.53,1.926738873859024e-05
505.664,1.777005566921038e-05
505.798,1.6394698391845876e-05
505.932,1.5109003422012059e-05
506.066,1.3904680171702223e-05
506.199,1.27746065099041e-05
506.333,1.1711164520455529e-05
506.467,1.0703441903166671e-05
506.601,9.746910966361321e-06
506.735,8.836846956585298e-06
506.869,7.971016001527975e-06
507.002,7.147743038843256e-06
507.136,6.360089738324682e-06
507.27,5.603468158311364e-06
507.404,4.875021593718649e-06
507.537,4.173891839241562e-06
507.671,3.5001512429608538e-06
507.805,2.85494313182902e-06
507.939,2.23976598200853e-06
508.072,1.6560485424321304e-06
508.206,1.1048966267892126e-06
508.34,5.870627031946976e-07
508.473,1.033242720140876e-07
508.607,0.0
508.74,0.0
508.874,0.0
509.008,0.0
509.141,0.0
509.275,0.0
509.408,0.0
509.542,0.0
509.675,0.0
509.809,0.0
509.942,0.0
510.076,0.0
510.209,0.0
510.343,0.0
510.476,0.0
510.61,0.0
510.743,0.0
510.877,0.0
511.01,0.0
511.143,0.0
511.277,0.0
511.41,0.0
511.543,0.0
511.677,0.0
511.81,0.0
511.943,0.0
512.077,0.0
512.21,0.0
512.343,0.0
512.476,0.0
512.61,0.0
512.743,0.0
512.876,0.0
513.009,0.0
513.142,8.936512713165006e-08
513.276,5.266679981579234e-07
513.409,1.0176708061871155e-06
513.542,1.5461216013087653e-06
513.675,2.1030222098941792e-06
513.808,2.689103679608447e-06
513.941,3.3324257910334164e-06
514.074,4.0590632261266365e-06
514.207,4.938964972189032e-06
514.34,6.008231669459658e-06
514.474,7.281647660962382e-06
514.607,8.887947993948642e-06
514.74,1.0722188907209028e-05
514.873,1.2836868087087914e-05
515.006,1.5342909930615492e-05
515.139,1.783018368389648e-05
515.272,2.09494813614546e-05
515.404,2.4237428817307403e-05
515.537,2.4154007075016516e-05
515.67,2.093627044217671e-05
515.803,1.8504931368529894e-05
515.936,1.75160858017866e-05
516.069,1.7248694681537712e-05
516.202,1.7927700847747265e-05
516.335,1.9642784197381334e-05
516.468,2.216696705162412e-05
516.6,2.5111952925493726e-05
516.733,2.871418003422528e-05
516.866,3.145500947546171e-05
516.999,3.211835032735983e-05
517.132,3.675764255147564e-05
517.264,5.191745315922953e-05
517.397,5.44232833116393e-05
517.53,4.156575028865551e-05
517.663,3.5309828425543534e-05
517.795,3.195749084644924e-05
517.928,3.0278838394131762e-05
518.061,3.053208114215023e-05
518.193,3.8545770154920724e-05
518.326,6.369096811661428e-05
518.459,6.794355685725032e-05
518.591,4.911949718608967e-05
518.724,3.4929669616445e-05
518.857,2.6841334690136895e-05
518.989,2.3352936624643183e-05
519.122,2.114754232455488e-05
519.254,1.9238349206441542e-05
519.387,1.7763017559185198e-05
519.519,1.6551590351742536e-05
519.652,1.5704640455040344e-05
519.784,1.5215189341833047e-05
519.917,1.4901044341903349e-05
520.049,1.4684619562823068e-05
520.182,1.4481561546809357e-05
520.314,1.4239411995013464e-05
520.447,1.3959343801551658e-05
520.579,1.3611095676407647e-05
520.712,1.318106284357293e-05
520.844,1.2677701230860465e-05
520.976,1.2090597798177621e-05
521.109,1.1413820376286186e-05
521.241,1.0648200079270345e-05
521.373,9.805285557203946e-06
521.506,8.924628538328534e-06
521.638,8.047221193310934e-06
521.77,7.188679462158721e-06
521.903,6.353053776655438e-06
522.035,5.553826064136462e-06
522.167,4.807102213735738e-06
522.3,4.126782285456243e-06
522.432,3.5198595843755324e-06
522.564,2.974718925283174e-06
522.696,2.4811321816559847e-06
522.828,2.0415210478170917e-06
522.961,1.6518727061560621e-06
523.093,1.3067313380004503e-06
523.225,9.997396300317526e-07
523.357,7.247012125506729e-07
523.489,4.754311796112532e-07
523.621,2.456039204782896e-07
523.753,2.9513432819792513e-08
523.885,0.0
524.018,0.0
524.15,0.0
524.282,0.0
524.414,0.0
524.546,0.0
524.678,0.0
524.81,0.0
524.942,0.0
525.074,0.0
525.206,0.0
525.338,0.0
525.469,0.0
525.601,0.0
525.733,0.0
525.865,0.0
525.997,0.0
526.129,0.0
526.261,0.0
526.393,0.0
526.524,0.0
526.656,0.0
526.788,0.0
526.92,0.0
527.052,0.0
527.183,0.0
527.315,0.0
527.447,0.0
527.578,0.0
527.71,0.0
527.842,0.0
527.973,0.0
528.105,0.0
528.237,0.0
528.368,0.0
528.5,0.0
528.632,0.0
528.763,0.0
528.895,0.0
529.026,0.0
529.158,0.0
529.289,0.0
529.421,0.0
529.552,0.0
529.684,0.0
529.815,0.0
529.947,0.0
530.078,0.0
530.21,0.0
530.341,0.0
530.472,0.0
530.604,2.0384772362117716e-07
530.735,4.832692668716375e-07
530.867,7.634190025569978e-07
530.998,1.0430653973744489e-06
531.129,1.320871325324604e-06
531.26,1.5955219715708017e-06
531.392,1.8657521197827049e-06
531.523,2.1110240106113078e-06
531.654,2.3302209313735546e-06
531.786,2.504338343565012e-06
531.917,2.6120536211833256e-06
532.048,2.652471993991493e-06
532.179,2.624917706654345e-06
532.311,2.528762496928834e-06
532.442,2.3635306407779727e-06
532.573,2.1619103410330886e-06
532.704,1.9235564915948775e-06
532.835,1.6970864398441063e-06
532.966,1.5359448195403963e-06
533.097,1.439826633893641e-06
533.229,1.4084327114185792e-06
533.36,1.441479780369198e-06
533.491,1.5385503367717131e-06
533.622,1.6798997965155685e-06
533.753,1.8653118073680734e-06
533.884,2.0454285349828156e-06
534.015,2.167372213668651e-06
534.146,2.231268582994184e-06
534.277,2.2372525469616557e-06
534.408,2.1856541564722656e-06
534.539,2.0771516731073645e-06
534.67,1.912632340974499e-06
534.801,1.6930984104959184e-06
534.932,1.4380084245848103e-06
535.063,1.1676104543819958e-06
535.194,8.831521950739823e-07
535.324,5.861268635573925e-07
535.455,2.7804230296658165e-07
535.586,0.0
535.717,0.0
535.848,0.0
535.979,0.0
536.109,0.0
536.24,0.0
536.371,0.0
536.502,0.0
536.632,0.0
536.763,0.0
536.894,0.0
537.025,0.0
537.155,0.0
537.286,0.0
537.417,0.0
537.547,0.0
537.678,0.0
537.808,0.0
537.939,0.0
538.07,0.0
538.2,0.0
538.331,0.0
538.461,0.0
538.592,0.0
538.722,0.0
538.853,0.0
538.983,0.0
539.114,0.0
539.244,0.0
539.375,0.0
539.505,0.0
539.636,0.0
539.766,0.0
539.896,0.0
540.027,0.0
540.157,0.0
540.287,0.0
540.418,0.0
540.548,0.0
540.678,0.0
540.809,0.0
540.939,0.0
541.069,0.0
541.2,0.0
541.33,0.0
541.46,0.0
541.59,0.0
541.72,0.0
541.851,0.0
541.981,3.288059823182148e-07
542.111,1.0111916686548336e-06
542.241,1.7526860901954424e-06
542.371,2.5509430505843012e-06
542.501,3.3459695447848966e-06
542.631,4.074617018320369e-06
542.761,4.6650809579742445e-06
542.891,5.060342682573743e-06
543.021,5.241905788078122e-06
543.151,5.192900637281257e-06
543.281,4.911622661123828e-06
543.411,4.3968881460445465e-06
543.542,3.7333021338906284e-06
543.671,3.005515112067904e-06
543.801,2.3115403774696874e-06
543.931,1.7533399189569498e-06
544.061,1.4013089949429421e-06
544.191,1.3222359935619463e-06
544.321,1.5459672997094627e-06
544.451,2.0723180667373576e-06
544.581,2.8345967502129333e-06
544.711,3.853022544156371e-06
544.841,5.143119371768031e-06
544.97,6.585557155679141e-06
545.1,8.070674173078263e-06
545.23,9.260695387214536e-06
545.36,9.702271704935828e-06
545.49,9.39677433993074e-06
545.619,8.367614547629307e-06
545.749,6.828994718740187e-06
545.879,5.330738950246414e-06
546.009,3.960062407337745e-06
546.138,2.8064493382984533e-06
546.268,1.958415442541272e-06
546.398,1.2706222637316731e-06
546.527,7.454542141467504e-07
546.657,3.8923683900406875e-07
546.786,1.5972800575469418e-07
546.916,7.664066904868007e-09
547.046,0.0
547.175,0.0
547.305,0.0
547.434,0.0
547.564,0.0
547.693,0.0
547.823,0.0
547.953,0.0
548.082,0.0
548.211,0.0
548.341,0.0
548.47,0.0
548.6,0.0
548.729,0.0
548.859,0.0
548.988,0.0
549.117,0.0
549.247,0.0
549.376,0.0
549.505,0.0
549.635,0.0
549.764,0.0
549.893,0.0
550.023,8.70570922122608e-09
550.152,1.4571483839617917e-07
550.281,2.9691789191039515e-07
550.41,4.6075362648873787e-07
550.539,6.350721340342722e-07
550.669,8.178452162006098e-07
550.798,1.0070578654167019e-06
550.927,1.2001459744725788e-06
551.056,1.3944695515960428e-06
551.185,1.5874677810171028e-06
551.314,1.7765946088932939e-06
551.443,1.9593706542403468e-06
551.573,2.1335933051529195e-06
551.702,2.297491339361569e-06
551.831,2.4494374865003936e-06
551.96,2.5879674050761443e-06
552.089,2.7117221723383195e-06
552.218,2.8194470732715236e-06
552.347,2.9100282226412664e-06
552.476,2.9824265591004678e-06
552.605,3.0357065242509343e-06
552.734,3.069046365322728e-06
552.863,3.081694691685137e-06
552.992,3.073056101048534e-06
553.121,3.0427439590847143e-06
553.249,2.9905248197542137e-06
553.378,2.9163420207003255e-06
553.507,2.8204062923921492e-06
553.636,2.7032099097136584e-06
553.765,2.5656267010262824e-06
553.894,2.4088374708914076e-06
554.023,2.2341099788123104e-06
554.151,2.0428190829344727e-06
554.28,1.836421090560845e-06
554.409,1.6163898421133405e-06
554.538,1.3843185562399725e-06
554.666,1.1418507237832142e-06
554.795,8.904920972523824e-07
554.924,6.317914285345198e-07
555.052,3.6735198782036303e-07
555.181,9.874078439203466e-08
555.31,0.0
555.439,0.0
555.567,0.0
555.696,0.0
555.824,0.0
555.953,0.0
556.082,0.0
556.21,0.0
556.339,0.0
556.467,0.0
556.596,0.0
556.724,0.0
556.853,0.0
556.981,0.0
557.11,0.0
557.238,0.0
557.367,0.0
557.495,0.0
557.623,0.0
557.752,0.0
557.88,0.0
558.008,0.0
558.137,0.0
558.265,0.0
558.393,0.0
558.522,0.0
558.65,0.0
558.778,0.0
558.906,0.0
559.035,0.0
559.163,0.0
559.291,0.0
559.419,0.0
559.548,0.0
559.676,0.0
559.804,0.0
559.932,0.0
560.06,0.0
560.188,0.0
560.316,2.5296454023037e-07
560.444,7.648186549149026e-07
560.572,1.2790163818013863e-06
560.7,1.7918735073030975e-06
560.828,2.30042091661215e-06
560.956,2.8059326357624178e-06
561.085,3.3099503736253216e-06
561.212,3.8138789735260776e-06
561.34,4.318795871846173e-06
561.468,4.843917940269446e-06
561.596,5.393880262171002e-06
561.724,5.974623907850916e-06
561.852,6.591514520490352e-06
561.98,7.250493733546548e-06
562.108,7.956049702917485e-06
562.236,8.710151513640447e-06
562.364,9.511127891355327e-06
562.492,1.0374214268688288e-05
562.619,1.1316011344641368e-05
562.747,1.2358065905767539e-05
562.875,1.3521111554439128e-05
563.003,1.4799593485537733e-05
563.13,1.6188518634748925e-05
563.258,1.768469084727383e-05
563.386,1.928769228571561e-05
563.514,2.0962674637649483e-05
563.641,2.2658813879377828e-05
563.769,2.4313732749068127e-05
563.897,2.5864091052185545e-05
564.024,2.728763304263221e-05
564.152,2.8569130635492746e-05
564.28,2.9706864142739685e-05
564.407,3.072212937928772e-05
564.535,3.166185461054395e-05
564.662,3.260873054766602e-05
564.79,3.366296041832321e-05
564.917,3.495422433466366e-05
565.045,3.6589204052308306e-05
565.173,3.866728561427902e-05
565.3,4.125692047378149e-05
565.428,4.4375329067466365e-05
565.555,4.803936791928345e-05
565.682,5.224111467833123e-05
565.81,5.6945925962844294e-05
565.937,6.202700598559573e-05
566.065,6.736766717919622e-05
566.192,7.284366004885771e-05
566.32,7.835424464715013e-05
566.447,8.38038115373093e-05
566.574,8.901430270109052e-05
566.702,9.370420500385276e-05
566.829,9.761688225688244e-05
566.956,0.00010082699174932528
567.083,0.00010333341297910552
567.211,0.00010535854877182231
567.338,0.00010700364891341295
567.465,0.00010786879951813595
567.593,0.00010824405797857271
567.72,0.00010823737221544614
567.847,0.00010872973519121973
567.974,0.00011537850823687574
568.101,0.00013964578735046763
568.228,0.00019337916274338906
568.356,0.0002197885250672289
568.483,0.00021461515024966027
568.61,0.00021105083008503462
568.737,0.0002707830701964761
568.864,0.0003344149036857548
568.991,0.0003226310578206736
569.118,0.0002697058029673435
569.245,0.00022536394139122514
569.372,0.00019301041316653383
569.499,0.00017011590368806582
569.626,0.00015122422986174256
569.753,0.00013490590850102752
569.88,0.00012129377828295516
570.007,0.00010958547620933464
570.134,9.958636420032939e-05
570.261,9.116790602923713e-05
570.388,8.385502087640175e-05
570.515,7.744614890127265e-05
570.642,7.175985991678051e-05
570.768,6.661402863483717e-05
570.895,6.199812038314342e-05
571.022,5.788963889062596e-05
571.149,5.424109597421842e-05
571.276,5.0991827178110736e-05
571.402,4.808362744791968e-05
571.529,4.547895594180917e-05
571.656,4.312485989821717e-05
571.783,4.099211978297162e-05
571.909,3.902586030204153e-05
572.036,3.717356093183511e-05
572.163,3.539466547194401e-05
572.289,3.366378403624373e-05
572.416,3.197326635033209e-05
572.543,3.031558652430787e-05
572.669,2.8701336164476252e-05
572.796,2.7137307555959807e-05
572.922,2.5635145563326096e-05
573.049,2.420875135933071e-05
573.176,2.28677380549247e-05
573.302,2.1612510970380393e-05
573.429,2.0439268164615756e-05
573.555,1.9339541750659062e-05
573.682,1.830494631120375e-05
573.808,1.73276933203022e-05
573.935,1.6404456856994375e-05
574.061,1.5525260864995903e-05
574.188,1.4681875437358672e-05
574.314,1.3868337643938167e-05
574.44,1.3079216912370594e-05
574.567,1.2311315596350661e-05
574.693,1.1558677581902685e-05
574.82,1.0815676761411233e-05
574.946,1.0077016887569263e-05
575.072,9.337821134940973e-06
575.198,8.594414432140193e-06
575.325,7.846267696036601e-06
575.451,7.094073989722243e-06
575.577,6.340825356799e-06
575.704,5.5900376741276275e-06
575.83,4.845791224896787e-06
575.956,4.109472919211595e-06
576.082,3.386473820359957e-06
576.208,2.6812654978042037e-06
576.335,1.996779353084089e-06
576.461,1.3349479582523752e-06
576.587,6.972854474797725e-07
576.713,8.583275690871094e-08
576.839,0.0
576.965,0.0
577.091,0.0
577.217,0.0
577.343,0.0
577.469,0.0
577.596,0.0
577.722,0.0
577.848,0.0
577.974,0.0
578.099,0.0
578.225,0.0
578.351,0.0
578.477,0.0
578.603,0.0
578.729,0.0
578.855,0.0
578.981,0.0
579.107,0.0
579.232,0.0
579.358,0.0
579.484,0.0
579.61,0.0
579.735,0.0
579.861,0.0
579.987,0.0
580.113,0.0
580.238,0.0
580.364,0.0
580.49,0.0
580.615,0.0
580.741,0.0
580.867,5.90905587378664e-07
580.992,1.355361717676492e-06
581.118,2.163672656443394e-06
581.243,3.017670054448533e-06
581.369,3.916747913556217e-06
581.494,4.862190768763407e-06
581.62,5.855761612586928e-06
581.745,6.899191907115022e-06
581.871,7.994296352660389e-06
581.996,9.143120921997347e-06
582.122,1.0352538877832289e-05
582.247,1.1629710584198169e-05
582.373,1.2983923378280131e-05
582.498,1.4425042712323516e-05
582.624,1.5965450519277856e-05
582.749,1.761877654880426e-05
582.874,1.9398949235741814e-05
583.0,2.1322511390833316e-05
583.125,2.3403096725315375e-05
583.25,2.565146362234593e-05
583.376,2.8084520536758368e-05
583.501,3.0716651492103994e-05
583.626,3.35616701453502e-05
583.751,3.6635379342484525e-05
583.877,3.9957816789543706e-05
584.002,4.354839387621066e-05
584.127,4.742639678387533e-05
584.252,5.16150781027384e-05
584.377,5.6124775203884564e-05
584.503,6.0963445311679735e-05
584.628,6.613339072083465e-05
584.753,7.163547750618727e-05
584.878,7.747939742735205e-05
585.003,8.367618555401801e-05
585.128,9.024323180366034e-05
585.253,9.720862166975401e-05
585.378,0.00010463120824313179
585.503,0.00011260123689956113
585.628,0.0001212498956695623
585.753,0.00013074423056748947
585.878,0.00014123034885969021
586.003,0.00015290423448099494
586.128,0.00016603387936924084
586.253,0.0001809264236334809
586.378,0.00019791422602250948
586.503,0.0002173961496378898
586.628,0.00023977367962479504
586.753,0.0002653437532208158
586.878,0.00029486553562621607
587.003,0.0003283337247545385
587.127,0.00036451108145080853
587.252,0.0004051869816923454
587.377,0.0004559517207334611
587.502,0.0004951854456760001
587.627,0.0005503435108723389
587.751,0.0006125448897254167
587.876,0.0006806042729673664
588.001,0.0007552505842720233
588.125,0.0008341231143510601
588.25,0.0009531841083445554
588.375,0.0010763504958197223
588.499,0.001232879489864516
588.624,0.001416051470920166
588.749,0.0016835802369249064
588.873,0.0018859374838646212
588.998,0.0020326084837602658
589.122,0.0022364433562942006
589.247,0.0022199088626237515
589.372,0.002070123048561485
589.496,0.001995415920384298
589.621,0.0020466354121175105
589.745,0.0020736733736054325
589.87,0.0018759516501101097
589.994,0.0015825699074443922
590.118,0.0013554403613739684
590.243,0.0011883954469731571
590.367,0.0010505128295160056
590.492,0.0009321445840642136
590.616,0.0008257406243099615
590.74,0.0007524850300232434
590.865,0.0006827539262929866
590.989,0.0006207926093488527
591.114,0.0005611036258036094
591.238,0.0005148057873245408
591.362,0.00047504544599422
591.486,0.0004390147550190262
591.611,0.0004036155164456746
591.735,0.00036850452809470525
591.859,0.00033763856916524024
591.983,0.0003124412583525418
592.107,0.00028800187672883344
592.232,0.00025582044287218963
592.356,0.0002345781574593518
592.48,0.00021554428450037396
592.604,0.00019761885651638114
592.728,0.00018200018336485176
592.852,0.00016804404267480388
592.976,0.00015541841582085257
593.1,0.0001441171629428932
593.224,0.00013397172071281317
593.349,0.00012504671527574726
593.473,0.00011728623485408491
593.597,0.00011051109995092068
593.721,0.00010463170971761597
593.844,9.911651793739572e-05
593.968,9.362949486810597e-05
594.092,8.807838766639644e-05
594.216,8.241591562875739e-05
594.34,7.707531540559714e-05
594.464,7.217588732054373e-05
594.588,6.770970504144192e-05
594.712,6.365491646929647e-05
594.836,5.9656966701844224e-05
594.959,5.571760648736017e-05
595.083,5.184052116910158e-05
595.207,4.801030754761958e-05
595.331,4.525962864487089e-05
595.455,4.35530414692245e-05
595.578,4.104876168617783e-05
595.702,3.7735227298428855e-05
595.826,3.4705381363266704e-05
595.949,3.195957890289234e-05
596.073,2.9492413662151067e-05
596.197,2.7297958533971993e-05
596.32,2.519332735967207e-05
596.444,2.317381718811578e-05
596.568,2.1233316368381303e-05
596.691,1.936804119508655e-05
596.815,1.7597494812200448e-05
596.938,1.5918221366500484e-05
597.062,1.4325255341528489e-05
597.186,1.2816462318138137e-05
597.309,1.1389144260130213e-05
597.433,1.004124015491194e-05
597.556,8.770706018484936e-06
597.68,7.577099365471482e-06
597.803,6.457446821274368e-06
597.926,5.406550242087141e-06
598.05,4.4222278414892135e-06
598.173,3.5024636469119525e-06
598.297,2.645612227580028e-06
598.42,1.8498133824242088e-06
598.543,1.1128543427590982e-06
598.667,4.326043064465342e-07
598.79,0.0
598.913,0.0
599.037,0.0
599.16,0.0
599.283,0.0
599.406,0.0
599.53,0.0
599.653,0.0
599.776,0.0
599.899,0.0
600.022,0.0
600.145,0.0
600.269,0.0
600.392,0.0
600.515,0.0
600.638,0.0
600.761,0.0
600.884,0.0
601.007,0.0
601.13,0.0
601.253,0.0
601.376,0.0
601.499,0.0
601.622,0.0
601.745,0.0
601.868,0.0
601.991,0.0
602.113,0.0
602.236,0.0
602.359,0.0
602.482,0.0
602.605,0.0
602.728,0.0
602.85,0.0
602.973,0.0
603.096,0.0
603.219,0.0
603.341,0.0
603.464,0.0
603.587,0.0
603.709,0.0
603.832,0.0
603.955,0.0
604.077,0.0
604.2,0.0
604.323,0.0
604.445,0.0
604.568,0.0
604.69,0.0
604.813,0.0
604.935,0.0
605.058,0.0
605.18,0.0
605.303,0.0
605.425,0.0
605.547,0.0
605.67,0.0
605.792,0.0
605.915,0.0
606.037,0.0
606.159,0.0
606.282,0.0
606.404,0.0
606.526,0.0
606.648,0.0
606.771,0.0
606.893,0.0
607.015,0.0
607.137,0.0
607.26,0.0
607.382,0.0
607.504,0.0
607.626,0.0
607.748,0.0
607.87,0.0
607.992,0.0
608.114,0.0
608.237,0.0
608.359,0.0
608.481,0.0
608.603,0.0
608.725,0.0
608.847,0.0
608.969,0.0
609.09,0.0
609.212,0.0
609.334,0.0
609.456,0.0
609.578,1.1682252873119775e-07
609.7,0.0
609.822,0.0
609.944,0.0
610.065,0.0
610.187,0.0
610.309,0.0
610.431,0.0
610.552,0.0
610.674,0.0
610.796,0.0
610.918,0.0
611.039,0.0
611.161,0.0
611.282,0.0
611.404,0.0
611.526,0.0
611.647,0.0
611.769,0.0
611.89,0.0
612.012,0.0
612.133,0.0
612.255,0.0
612.377,0.0
612.498,0.0
612.619,0.0
612.741,0.0
612.862,0.0
612.984,0.0
613.105,0.0
613.226,0.0
613.348,0.0
613.469,0.0
613.59,0.0
613.712,0.0
613.833,0.0
613.954,0.0
614.076,6.441867692092091e-08
614.197,1.9363480037107925e-07
614.318,2.585995093115212e-07
614.439,1.613813270374521e-07
614.56,1.2499390875558669e-07
614.682,2.037534912057444e-07
614.803,3.3148319729572213e-07
614.924,2.0550901270881773e-06
615.045,4.963686488468764e-06
615.166,8.426871724802233e-06
615.287,2.1542060966245115e-05
615.408,5.632016769184388e-05
615.529,6.657587955408621e-05
615.65,4.5400930972270986e-05
615.771,3.4859091006716045e-05
615.892,4.359582556144971e-05
616.013,8.343465605112803e-05
616.134,0.00012523079612715714
616.255,0.00010849818928261788
616.376,6.888463717194436e-05
616.497,4.861468580244397e-05
616.618,3.8156568980496445e-05
616.739,3.138275489158314e-05
616.86,2.6435930882542094e-05
616.981,2.2804342094917685e-05
617.102,2.01981344864431e-05
617.222,1.8269582321114825e-05
617.343,1.6681303688450386e-05
617.464,1.5230373662625078e-05
617.585,1.3735316452281593e-05
617.705,1.2174547742944597e-05
617.826,1.061432412646953e-05
617.947,9.118825314881164e-06
618.068,7.767222380582072e-06
618.188,6.611884729341954e-06
618.309,5.700810762898769e-06
618.43,5.00940029159111e-06
618.55,4.4881372700851905e-06
618.671,4.083246482365177e-06
618.791,3.750724237734537e-06
618.912,3.466539188606472e-06
619.033,3.2043463094016284e-06
619.153,2.9409566018243353e-06
619.274,2.6484876702127324e-06
619.394,2.335029784407899e-06
619.515,2.0198194721494882e-06
619.635,1.7208801843413784e-06
619.756,1.4462563341289458e-06
619.876,1.1967154861638939e-06
619.996,9.76818503412247e-07
620.117,7.90048123275584e-07
620.237,6.389475724748668e-07
620.358,5.161053385856297e-07
620.478,4.1519163112894334e-07
620.598,3.3123833692821237e-07
620.719,2.6203181316350604e-07
620.839,2.060635805843053e-07
620.959,1.6012803139729622e-07
621.079,1.2104933841504715e-07
621.2,8.949230442183668e-08
621.32,6.283514462838205e-08
621.44,3.794815345028938e-08
621.56,1.2017133606164486e-08
621.681,0.0
621.801,0.0
621.921,0.0
622.041,0.0
622.161,0.0
622.281,0.0
622.401,0.0
622.521,0.0
622.641,0.0
622.761,0.0
622.882,0.0
623.002,0.0
623.121,0.0
623.241,0.0
623.361,0.0
623.481,0.0
623.601,0.0
623.721,0.0
623.841,0.0
623.961,0.0
624.081,0.0
624.201,0.0
624.32,0.0
624.44,0.0
624.56,0.0
624.68,0.0
624.799,0.0
624.919,0.0
625.039,0.0
625.159,0.0
625.278,0.0
625.398,0.0
625.518,0.0
625.637,0.0
625.757,0.0
625.876,0.0
625.996,0.0
626.115,0.0
626.235,0.0
626.354,0.0
626.474,0.0
626.594,0.0
626.713,0.0
626.832,0.0
626.952,0.0
627.071,0.0
627.191,0.0
627.31,0.0
627.429,0.0
627.549,0.0
627.668,0.0
627.787,0.0
627.907,0.0
628.026,0.0
628.145,0.0
628.264,0.0
628.384,0.0
628.503,4.6335397370193574e-08
628.622,1.0456942965279349e-07
628.741,1.5979962031194245e-07
628.86,2.1172185996296194e-07
628.98,2.599523550780974e-07
629.099,3.0421923369218424e-07
629.218,3.4424707992390343e-07
629.337,3.797171810413196e-07
629.456,4.1046802715204865e-07
629.575,4.364845280383116e-07
629.694,4.577781806667298e-07
629.813,4.7441633659207596e-07
629.932,4.865418301715119e-07
630.051,4.942193963273417e-07
630.17,4.976752162083039e-07
630.289,4.972268864964529e-07
630.408,4.931488393925734e-07
630.527,4.857517868489289e-07
630.646,4.752299950522139e-07
630.764,4.616566082468171e-07
630.883,4.4516528209986825e-07
631.002,4.2594145711922805e-07
631.121,4.0413843513048167e-07
631.24,3.799767494718139e-07
631.359,3.536553248410141e-07
631.477,3.252935917442469e-07
631.596,2.951422299223102e-07
631.715,2.6349639236412754e-07
631.834,2.306237448460785e-07
631.952,1.9684881764708644e-07
632.071,1.6244115929886058e-07
632.19,1.2758299079051118e-07
632.308,9.251639052659438e-08
632.427,5.756346164986713e-08
632.546,2.3007724331350178e-08
632.664,0.0
632.783,0.0
632.901,0.0
633.02,0.0
633.138,0.0
633.257,0.0
633.375,0.0
633.494,0.0
633.612,0.0
633.731,0.0
633.849,0.0
633.968,0.0
634.086,0.0
634.204,0.0
634.323,0.0
634.441,0.0
634.559,0.0
634.678,0.0
634.796,0.0
634.914,0.0
635.032,0.0
635.151,0.0
635.269,0.0
635.387,0.0
635.505,0.0
635.623,0.0
635.742,0.0
635.86,0.0
635.978,0.0
636.096,0.0
636.214,0.0
636.332,0.0
636.45,0.0
636.568,0.0
636.686,0.0
636.804,0.0
636.922,0.0
637.04,0.0
637.158,0.0
637.276,0.0
637.394,0.0
637.512,0.0
637.629,0.0
637.747,0.0
637.865,0.0
637.983,0.0
638.101,0.0
638.218,0.0
638.336,0.0
638.454,0.0
638.572,0.0
638.689,0.0
638.807,0.0
638.925,0.0
639.042,0.0
639.16,0.0
639.278,0.0
639.395,0.0
639.513,0.0
639.63,0.0
639.748,0.0
639.865,0.0
639.983,0.0
640.1,0.0
640.218,0.0
640.335,0.0
640.453,0.0
640.57,0.0
640.688,0.0
640.805,0.0
640.922,0.0
641.04,0.0
641.157,0.0
641.274,0.0
641.391,0.0
641.509,0.0
641.626,0.0
641.743,0.0
641.86,0.0
641.978,0.0
642.095,0.0
642.212,0.0
642.329,0.0
642.446,0.0
642.563,0.0
642.681,0.0
642.798,0.0
642.915,0.0
643.032,0.0
643.149,0.0
643.266,0.0
643.383,0.0
643.5,0.0
643.617,0.0
643.734,0.0
643.85,0.0
643.967,0.0
644.084,0.0
644.201,0.0
644.318,0.0
644.435,0.0
644.552,0.0
644.668,0.0
644.785,0.0
644.902,0.0
645.019,0.0
645.135,0.0
645.252,0.0
645.369,0.0
645.485,0.0
645.602,0.0
645.719,0.0
645.835,0.0
645.952,0.0
646.068,0.0
646.185,0.0
646.302,0.0
646.418,7.0929214556070884e-09
646.535,1.1933220505103922e-07
646.651,2.284822258215832e-07
646.768,3.3402157246497467e-07
646.884,4.354264647301591e-07
647.0,5.321182112854715e-07
647.117,6.234867068164117e-07
647.233,7.088828506812848e-07
647.35,7.875978068678944e-07
647.466,8.588914397521061e-07
647.582,9.22008278391228e-07
647.699,9.76242569520187e-07
647.815,1.0209930973959111e-06
647.931,1.0557547321782204e-06
648.047,1.0800605995655903e-06
648.164,1.0935094454477897e-06
648.28,1.0958744620904852e-06
648.396,1.087035443476011e-06
648.512,1.0669709655581688e-06
648.629,1.0358207381636573e-06
648.745,9.937950650127937e-07
648.861,9.411984605390114e-07
648.977,8.786101022542512e-07
649.093,8.068633768235963e-07
649.209,7.262930528276202e-07
649.325,6.374039443512822e-07
649.441,5.406602619273685e-07
649.557,4.364418243529652e-07
649.673,3.2522799439263173e-07
649.789,2.0758939650914957e-07
649.905,8.416905440937738e-08
650.021,0.0
650.137,0.0
650.253,0.0
650.369,0.0
650.485,0.0
650.601,0.0
650.717,0.0
650.833,0.0
650.948,0.0
651.064,0.0
651.18,0.0
651.296,0.0
651.411,0.0
651.527,0.0
651.643,0.0
651.759,0.0
651.874,0.0
651.99,0.0
652.105,0.0
652.221,0.0
652.337,0.0
652.452,0.0
652.568,0.0
652.683,1.5550832650198445e-07
652.799,6.041092746845709e-07
652.914,1.1048775443631438e-06
653.03,1.6560184573936785e-06
653.145,2.2550983420688184e-06
653.261,2.898995670357285e-06
653.376,3.584689230776432e-06
653.492,4.309995921077441e-06
653.607,5.074547972651077e-06
653.722,5.882765443698355e-06
653.838,6.742500819435283e-06
653.953,7.661491142675842e-06
654.068,8.64771491035179e-06
654.184,9.71053469490818e-06
654.299,1.0858897903991041e-05
654.414,1.2100815089583777e-05
654.53,1.3441984015615805e-05
654.645,1.4882085158234423e-05
654.76,1.6405456547241848e-05
654.875,1.799935837380341e-05
654.99,1.9682338229060498e-05
655.106,2.147662789088336e-05
655.221,2.3402460896292666e-05
655.336,2.5473887687733675e-05
655.451,2.769278044373734e-05
655.566,3.003062511826437e-05
655.681,3.259535907176622e-05
655.796,3.5489379888619163e-05
655.911,3.859344282148559e-05
656.026,4.176611124148959e-05
656.141,4.456699433025769e-05
656.256,4.6553809592375134e-05
656.371,4.7619718211291e-05
656.486,4.7728628331033146e-05
656.601,4.7053551331483856e-05
656.716,4.579131628795823e-05
656.831,4.403681107438994e-05
656.946,4.19162713622805e-05
657.06,3.9565429507407753e-05
657.175,3.712333145364576e-05
657.29,3.4711597986846306e-05
657.405,3.240624922103766e-05
657.52,3.0245213492939015e-05
657.634,2.825596362455891e-05
657.749,2.6441599599792455e-05
657.864,2.4792750901639244e-05
657.979,2.329415028935509e-05
658.093,2.1926058926964355e-05
658.208,2.0670117757800493e-05
658.323,1.9510652787705372e-05
658.437,1.8435114367119798e-05
658.552,1.7428753982113882e-05
658.666,1.648518920983343e-05
658.781,1.5595261361170725e-05
658.895,1.4748871711674967e-05
659.01,1.3935242491576428e-05
659.125,1.314493892195971e-05
659.239,1.2373319034744855e-05
659.353,1.1615265019925921e-05
659.468,1.086568982774896e-05
659.582,1.0123565803731029e-05
659.697,9.390009564311043e-06
659.811,8.667311724981982e-06
659.926,7.9587263953271e-06
660.04,7.2675845935021245e-06
660.154,6.596833900902484e-06
660.269,5.94955716323401e-06
660.383,5.331652631229397e-06
660.497,4.745960775170849e-06
660.612,4.195122710321562e-06
660.726,3.681481338244981e-06
660.84,3.2068567072956276e-06
660.954,2.7723995741783337e-06
661.068,2.3781836309758934e-06
661.183,2.0236344219158207e-06
661.297,1.707545541264415e-06
661.411,1.4275597552509775e-06
661.525,1.1804730662058054e-06
661.639,9.625937206355519e-07
661.753,7.698944972707613e-07
661.867,5.982803152194335e-07
661.981,4.443529598649176e-07
662.095,3.0478813822919164e-07
662.209,1.7642888701363105e-07
662.323,5.719619787801221e-08
662.437,0.0
662.551,0.0
662.665,0.0
662.779,0.0
662.893,0.0
663.007,0.0
663.121,0.0
663.235,0.0
663.349,0.0
663.462,0.0
663.576,0.0
663.69,0.0
663.804,0.0
663.917,0.0
664.031,0.0
664.145,0.0
664.258,0.0
664.372,0.0
664.486,0.0
664.599,0.0
664.713,0.0
664.827,0.0
664.94,0.0
665.054,0.0
665.167,0.0
665.281,0.0
665.394,0.0
665.508,0.0
665.621,0.0
665.735,0.0
665.848,0.0
665.961,0.0
666.075,0.0
666.188,0.0
666.301,0.0
666.415,0.0
666.528,0.0
666.641,0.0
666.755,0.0
666.868,0.0
666.981,0.0
667.094,0.0
667.207,0.0
667.321,0.0
667.434,0.0
667.547,0.0
667.66,0.0
667.773,0.0
667.886,0.0
667.999,0.0
668.112,0.0
668.225,0.0
668.338,0.0
668.451,0.0
668.564,0.0
668.677,0.0
668.79,0.0
668.903,0.0
669.016,0.0
669.129,0.0
669.242,0.0
669.354,0.0
669.467,0.0
669.58,0.0
669.693,0.0
669.806,0.0
669.918,0.0
670.031,0.0
670.144,0.0
670.256,0.0
670.369,0.0
670.482,0.0
670.594,0.0
670.707,0.0
670.82,0.0
670.932,0.0
671.045,0.0
671.157,0.0
671.27,0.0
671.382,0.0
671.495,0.0
671.607,0.0
671.72,0.0
671.832,0.0
671.944,0.0
672.057,0.0
672.169,0.0
672.281,0.0
672.394,0.0
672.506,0.0
672.618,0.0
672.731,0.0
672.843,0.0
672.955,0.0
673.067,0.0
673.18,0.0
673.292,0.0
673.404,0.0
673.516,0.0
673.628,0.0
673.74,0.0
673.852,0.0
673.964,0.0
674.076,0.0
674.188,0.0
674.3,0.0
674.412,0.0
674.524,0.0
674.636,0.0
674.748,0.0
674.86,0.0
674.972,2.5024435745271643e-09
675.084,1.7729780771190646e-08
675.196,3.091825700519106e-08
675.307,4.202374583237195e-08
675.419,5.103965173029304e-08
675.531,5.7938556271409564e-08
675.643,6.262371601833138e-08
675.755,6.505013693179192e-08
675.866,6.520989779304198e-08
675.978,6.306182723029502e-08
676.09,5.862839653805249e-08
676.201,5.197912738385735e-08
676.313,4.311847101235359e-08
676.425,3.208459644526366e-08
676.536,1.8990751206550686e-08
676.648,3.8991756905298594e-09
676.759,0.0
676.871,0.0
676.983,0.0
677.094,0.0
677.206,0.0
677.317,0.0
677.429,0.0
677.54,0.0
677.651,0.0
677.763,0.0
677.874,0.0
677.986,0.0
678.097,0.0
678.208,0.0
678.32,0.0
678.431,0.0
678.542,0.0
678.653,0.0
678.765,0.0
678.876,0.0
678.987,0.0
679.098,0.0
679.209,0.0
679.32,0.0
679.432,0.0
679.543,0.0
679.654,0.0
679.765,0.0
679.876,0.0
679.987,0.0
680.098,0.0
680.209,0.0
680.32,0.0
680.431,0.0
680.542,0.0
680.653,0.0
680.763,0.0
680.874,0.0
680.985,0.0
681.096,0.0
681.207,0.0
681.318,0.0
681.428,0.0
681.539,0.0
681.65,0.0
681.76,0.0
681.871,0.0
681.982,0.0
682.093,0.0
682.203,0.0
682.314,0.0
682.424,0.0
682.535,0.0
682.646,0.0
682.756,0.0
682.867,0.0
682.977,0.0
683.088,0.0
683.198,0.0
683.308,0.0
683.419,0.0
683.529,0.0
683.64,0.0
683.75,0.0
683.86,0.0
683.971,0.0
684.081,0.0
684.191,0.0
684.301,0.0
684.412,0.0
684.522,0.0
684.632,0.0
684.742,0.0
684.852,0.0
684.963,0.0
685.073,0.0
685.183,0.0
685.293,0.0
685.403,0.0
685.513,0.0
685.623,0.0
685.733,0.0
685.843,0.0
685.953,0.0
686.063,0.0
686.173,0.0
686.283,0.0
686.393,0.0
686.503,0.0
686.612,0.0
686.722,0.0
686.832,0.0
686.942,0.0
687.052,0.0
687.161,0.0
687.271,0.0
687.381,0.0
687.491,0.0
687.6,0.0
687.71,0.0
687.82,0.0
687.929,0.0
688.039,0.0
688.148,0.0
688.258,0.0
688.367,0.0
688.477,0.0
688.586,0.0
688.696,0.0
688.805,0.0
688.915,0.0
689.024,0.0
689.134,0.0
689.243,0.0
689.352,0.0
689.462,0.0
689.571,0.0
689.68,0.0
689.79,0.0
689.899,0.0
690.008,0.0
690.117,0.0
690.227,0.0
690.336,0.0
690.445,0.0
690.554,0.0
690.663,0.0
690.772,0.0
690.881,0.0
690.99,0.0
691.099,0.0
691.209,0.0
691.318,0.0
691.427,0.0
691.536,0.0
691.644,0.0
691.753,0.0
691.862,0.0
691.971,0.0
692.08,0.0
692.189,0.0
692.298,0.0
692.406,0.0
692.515,0.0
692.624,0.0
692.733,0.0
692.842,0.0
692.95,0.0
693.059,0.0
693.168,0.0
693.276,0.0
693.385,0.0
693.494,0.0
693.602,0.0
693.711,0.0
693.819,0.0
693.928,0.0
694.036,0.0
694.145,0.0
694.253,0.0
694.362,0.0
694.47,0.0
694.579,6.320110567253073e-09
694.687,1.5907902247974455e-08
694.795,2.568578677628653e-08
694.693,0.0
694.893,0.0
695.093,2.0220415240418112e-07
695.293,6.940527541222044e-07
695.492,7.286834992782491e-07
695.692,0.0
695.891,0.0
696.091,0.0
696.291,0.0
696.49,0.0
696.69,0.0
696.889,0.0
697.089,0.0
697.288,0.0
697.488,0.0
697.687,8.070451474424937e-08
697.887,2.1700715192978168e-07
698.086,3.3993664032272283e-07
698.286,3.569337176781345e-07
698.485,3.231008846612717e-07
698.684,2.6967918739139215e-07
698.884,2.119422828476991e-07
699.083,1.6219201453739156e-07
699.282,1.463071198251141e-07
699.482,1.701803500371573e-07
699.681,2.3215738660016022e-07
699.88,3.478591084166579e-07
700.08,5.271699175990895e-07
700.279,7.548757594660067e-07
700.478,1.008814634275696e-06
700.677,1.26141229790643e-06
700.877,1.5013468822142273e-06
701.076,1.7225610648071007e-06
701.275,1.9195865368615452e-06
701.474,2.085173799587575e-06
701.673,2.2023130970864194e-06
701.872,2.269174462976005e-06
702.071,2.29575684648738e-06
702.271,2.286791028240027e-06
702.47,2.23050820862493e-06
702.669,2.1281792573921032e-06
702.868,1.9875364189300254e-06
703.067,1.8117758420511055e-06
703.266,1.600615894987522e-06
703.465,1.3516405522332208e-06
703.664,1.0615676796442402e-06
703.863,7.398142289689496e-07
704.062,3.9425069417262076e-07
704.26,3.452907632877997e-08
704.459,0.0
704.658,0.0
704.857,0.0
705.056,0.0
705.255,0.0
705.454,0.0
705.652,0.0
705.851,0.0
706.05,0.0
706.249,0.0
706.447,0.0
706.646,0.0
706.845,0.0
707.043,0.0
707.242,0.0
707.441,0.0
707.639,0.0
707.838,0.0
708.037,0.0
708.235,0.0
708.434,0.0
708.632,0.0
708.831,0.0
709.029,0.0
709.228,0.0
709.426,0.0
709.625,0.0
709.823,0.0
710.022,0.0
710.22,0.0
710.418,0.0
710.617,0.0
710.815,0.0
711.013,0.0
711.212,0.0
711.41,0.0
711.608,0.0
711.807,6.358625842814095e-08
712.005,1.644628554404265e-07
712.203,2.5862243566724106e-07
712.401,3.506444472679875e-07
712.599,4.4226536279544887e-07
712.798,5.335862091369271e-07
712.996,6.210566677446979e-07
713.194,6.801184299415359e-07
713.392,6.783886810079707e-07
713.59,6.072887807721179e-07
713.788,5.087440001601658e-07
713.986,4.1307902933082927e-07
714.184,3.709163450253066e-07
714.382,4.1709423117264054e-07
714.58,4.3951183393135045e-07
714.778,5.756114582213866e-07
714.976,1.0126064051338965e-06
715.174,1.9995422292948347e-06
715.372,4.2364329920466055e-06
715.57,7.4057894083512265e-06
715.768,9.665285684377101e-06
715.966,9.823288354564546e-06
716.164,8.548535225774227e-06
716.362,7.149132974581776e-06
716.56,6.029300255556794e-06
716.758,4.944055473280221e-06
716.955,4.000299166670343e-06
717.153,3.2769291108728914e-06
717.351,2.728168487777913e-06
717.549,2.3905554867179423e-06
717.746,2.1802967523075676e-06
717.944,2.0750292394416005e-06
718.142,2.044103168583581e-06
718.34,2.046274251993009e-06
718.537,2.0603223151551317e-06
718.735,2.058877375494965e-06
718.933,2.034329833450032e-06
719.13,1.986730314083216e-06
719.328,1.9337449159200576e-06
719.525,1.879160490953536e-06
719.723,1.827703292595661e-06
719.92,1.7802650135029997e-06
720.118,1.7331949091872301e-06
720.316,1.6822739068317251e-06
720.513,1.6209066310608869e-06
720.711,1.5429760694738825e-06
720.908,1.447452963753438e-06
721.105,1.3353713033088366e-06
721.303,1.2077818372841014e-06
721.5,1.0657395881800295e-06
721.698,9.140260770627998e-07
721.895,7.584106707867415e-07
722.092,6.048336555779742e-07
722.29,4.584103422326011e-07
722.487,3.198118596150707e-07
722.684,1.895225994357692e-07
722.882,6.789687534007862e-08
723.079,0.0
723.276,0.0
723.473,0.0
723.671,0.0
723.868,0.0
724.065,0.0
724.262,0.0
724.459,0.0
724.656,0.0
724.854,0.0
725.051,0.0
725.248,0.0
725.445,0.0
725.642,0.0
725.839,0.0
726.036,0.0
726.233,0.0
726.43,0.0
726.627,0.0
726.824,0.0
727.021,0.0
727.218,0.0
727.414,0.0
727.611,0.0
727.808,0.0
728.005,0.0
728.202,0.0
728.399,0.0
728.595,0.0
728.792,0.0
728.989,0.0
729.186,0.0
729.382,0.0
729.579,0.0
729.776,0.0
729.972,0.0
730.169,0.0
730.366,0.0
730.562,0.0
730.759,0.0
730.955,0.0
731.152,0.0
731.348,0.0
731.545,0.0
731.741,0.0
731.938,0.0
732.134,0.0
732.331,0.0
732.527,0.0
732.724,0.0
732.92,0.0
733.116,0.0
733.313,0.0
733.509,0.0
733.705,0.0
733.902,0.0
734.098,0.0
734.294,0.0
734.49,0.0
734.687,0.0
734.883,0.0
735.079,0.0
735.275,0.0
735.471,0.0
735.667,0.0
735.863,0.0
736.06,0.0
736.256,0.0
736.452,0.0
736.648,0.0
736.844,0.0
737.04,0.0
737.236,0.0
737.432,0.0
737.628,0.0
737.824,0.0
738.019,0.0
738.215,0.0
738.411,0.0
738.607,0.0
738.803,2.1749404564993056e-07
738.999,7.367237750841272e-07
739.195,1.2962747724366583e-06
739.39,1.9090314817263134e-06
739.586,2.55638345022844e-06
739.782,3.18339232014873e-06
739.978,3.7399098149284525e-06
740.173,4.177010088676356e-06
740.369,4.5204186387849785e-06
740.565,4.747462390242284e-06
740.76,4.8185146112336255e-06
740.956,4.6413484099454655e-06
741.152,4.2940726485779365e-06
741.347,4.0184028551940885e-06
741.543,4.314696579300623e-06
741.738,6.1521781073095775e-06
741.934,9.79629170801829e-06
742.129,1.5516851335536628e-05
742.325,2.404707348472704e-05
742.52,3.44024456875314e-05
742.716,2.7887507775049942e-05
742.911,2.313337782408669e-05
743.107,1.9955306417065933e-05
743.302,1.7803912200395747e-05
743.498,1.704411840849482e-05
743.693,1.8475578578475384e-05
743.888,2.451210754576209e-05
744.084,3.861772163437575e-05
744.279,6.332684878836027e-05
744.474,6.543227219919376e-05
744.67,5.0074133712930893e-05
744.865,3.8123918201057275e-05
745.06,3.0752264533126035e-05
745.255,2.7053354689299443e-05
745.451,2.48133536529391e-05
745.646,2.3098273861430845e-05
745.841,2.231065805084857e-05
746.036,2.2847517438567152e-05
746.231,2.495756631144791e-05
746.426,3.129143866695683e-05
746.622,4.947177188020561e-05
746.817,8.734401763227064e-05
747.012,0.00010927775342687608
747.207,8.821802524810532e-05
747.402,7.012483667054172e-05
747.597,5.770211062143011e-05
747.792,5.0632820695208657e-05
747.987,4.620126092726727e-05
748.182,4.2270963441127916e-05
748.377,3.828116221396681e-05
748.572,3.454748607615389e-05
748.767,3.12272536970182e-05
748.961,2.840720044460907e-05
749.156,2.618040103544053e-05
749.351,2.4376397443164166e-05
749.546,2.2848805119555523e-05
749.741,2.1505426175041612e-05
749.936,2.026201416323365e-05
750.13,1.913849080787389e-05
750.325,1.8106939872735482e-05
750.52,1.7112520188623518e-05
750.715,1.6128293761952655e-05
750.909,1.512394202414103e-05
751.104,1.4091127271317286e-05
751.299,1.3039117470549613e-05
751.493,1.198377106059271e-05
751.688,1.0917930363037169e-05
751.882,9.842424173446515e-06
752.077,8.767009911430908e-06
752.272,7.696344201052992e-06
752.466,6.644485663956259e-06
752.661,5.625638336954725e-06
752.855,4.65127928101635e-06
753.05,3.7329523835218878e-06
753.244,2.885819107895692e-06
753.439,2.122255228870242e-06
753.633,1.4514759622317802e-06
753.828,8.715533125574804e-07
754.022,3.779932967815277e-07
754.216,0.0
754.411,0.0
754.605,0.0
754.799,0.0
754.994,0.0
755.188,0.0
755.382,0.0
755.576,0.0
755.771,0.0
755.965,0.0
756.159,0.0
756.353,0.0
756.547,0.0
756.742,0.0
756.936,0.0
757.13,0.0
757.324,0.0
757.518,0.0
757.712,0.0
757.906,0.0
758.1,0.0
758.294,0.0
758.488,0.0
758.682,0.0
758.876,0.0
759.07,0.0
759.264,0.0
759.458,0.0
759.651,0.0
759.845,0.0
760.039,0.0
760.233,0.0
760.427,0.0
760.62,0.0
760.814,0.0
761.008,0.0
761.202,0.0
761.395,0.0
761.589,0.0
761.783,0.0
761.976,0.0
762.17,0.0
762.363,0.0
762.557,0.0
762.75,0.0
762.944,0.0
763.138,0.0
763.331,0.0
763.524,0.0
763.718,0.0
763.911,0.0
764.105,0.0
764.298,0.0
764.492,0.0
764.685,0.0
764.878,0.0
765.072,0.0
765.265,0.0
765.458,0.0
765.651,0.0
765.845,0.0
766.038,0.0
766.231,0.0
766.424,8.088584982622155e-06
766.617,8.929041843089039e-06
766.811,0.0
767.004,0.0
767.197,0.0
767.39,0.0
767.583,0.0
767.776,0.0
767.969,0.0
768.162,0.0
768.355,0.0
768.548,1.0872278004372552e-07
768.741,4.2637445284338205e-07
768.934,3.2791308973186284e-07
769.127,0.0
769.32,0.0
769.513,0.0
769.706,8.308253213201695e-07
769.898,5.376259853427347e-06
770.091,3.901732345329427e-06
770.284,1.2191957962299452e-06
770.477,4.1115671507027904e-07
770.67,9.401496933091918e-07
770.862,1.677467206770304e-06
771.055,2.547276579363817e-06
771.248,3.3231861717075767e-06
771.441,4.001591659470787e-06
771.633,4.758280517598401e-06
771.826,5.610097604642654e-06
772.018,6.567069393878998e-06
772.211,7.591605631426629e-06
772.404,8.629243453594464e-06
772.596,9.673292847944205e-06
772.789,1.07083037946614e-05
772.981,1.1744522924970542e-05
773.174,1.2835651595534312e-05
773.366,1.4028765645295515e-05
773.559,1.5383366503701518e-05
773.751,1.6969208229828223e-05
773.944,1.8866905431817418e-05
774.136,2.118110060302537e-05
774.329,2.403812754513301e-05
774.521,2.745764991254334e-05
774.713,3.143527737517724e-05
774.906,3.5884388399045325e-05
775.098,4.072463975584826e-05
775.29,4.618416231447628e-05
775.483,5.267142929726505e-05
775.675,6.0865687533415766e-05
775.867,7.162998612949523e-05
776.059,8.532150038059738e-05
776.251,0.00010234793046698408
776.444,0.00012635601597041859
776.636,0.00016556277705993022
776.828,0.00022798844439006418
777.02,0.00035933454084168974
777.212,0.0005868726980466882
777.404,0.0006703795912246244
777.596,0.000612270757804492
777.788,0.0004310199307452384
777.98,0.0003025965880674119
778.172,0.00023146926316703178
778.364,0.00018078517141795257
778.556,0.00015133411179132274
778.748,0.00012583238505948767
778.94,0.00010548723511257255
779.132,8.980532271523494e-05
779.324,7.721694903875446e-05
779.516,6.712411136479296e-05
779.708,5.8958996033178374e-05
779.9,5.210546435228049e-05
780.091,4.624234373614416e-05
780.283,4.103538859638492e-05
780.475,3.645322187746102e-05
780.667,3.246632600935892e-05
780.859,2.9001285790197306e-05
781.05,2.6015332040728135e-05
781.242,2.3389996394782816e-05
781.434,2.103765018327932e-05
781.625,1.8900785475240174e-05
781.817,1.6948900389661447e-05
782.008,1.5150682802240428e-05
782.2,1.3476453894945686e-05
782.392,1.1903931189636634e-05
782.583,1.042620863372155e-05
782.775,9.039813603323237e-06
782.966,7.766711426603488e-06
783.158,6.617396760207127e-06
783.349,5.591660982930894e-06
783.541,4.6866201739825256e-06
783.732,3.899007785236106e-06
783.924,3.2314754736884614e-06
784.115,2.6736710923620715e-06
784.306,2.2106527526855423e-06
784.498,1.8201233334974923e-06
784.689,1.4863667410532767e-06
784.88,1.1995652588568442e-06
785.072,9.519782537278959e-07
785.263,7.359539651250443e-07
785.454,5.314428743119684e-07
785.645,3.2663546534458516e-07
785.837,1.1293498007682997e-07
786.028,0.0
786.219,0.0
786.41,0.0
786.601,0.0
786.792,0.0
786.984,0.0
787.175,0.0
787.366,0.0
787.557,0.0
787.748,0.0
787.939,0.0
788.13,0.0
788.321,0.0
788.512,0.0
788.703,0.0
788.894,0.0
789.084,0.0
789.275,0.0
789.466,0.0
789.657,0.0
789.848,0.0
790.039,0.0
790.229,0.0
790.42,0.0
790.611,1.5386100439525804e-07
790.801,0.0
790.992,0.0
791.183,8.972725465317242e-07
791.373,1.2594866031362001e-06
791.564,1.6808007783556297e-06
791.755,2.1824706384505244e-06
791.945,2.709742952260271e-06
792.136,3.269350821662042e-06
792.326,3.868325941796477e-06
792.517,4.49205997066631e-06
792.707,5.143693966255861e-06
792.898,5.941149641494812e-06
793.088,6.912968358020452e-06
793.279,8.169323164122745e-06
793.469,9.810637075347562e-06
793.66,1.1778816265160708e-05
793.85,1.4332265272660959e-05
794.04,1.7549007354270646e-05
794.231,2.17070911625079e-05
794.421,2.8732772343605292e-05
794.611,4.1373243835746094e-05
794.802,6.180342493679489e-05
794.992,7.147597776433071e-05
795.182,7.215781321174063e-05
795.372,6.482241017727471e-05
795.563,5.2407572932591074e-05
795.753,4.02552932319442e-05
795.943,3.211304443867964e-05
796.133,2.7414755528004704e-05
796.323,2.3744007522328384e-05
796.513,2.0517186823516476e-05
796.703,1.7881724519925944e-05
796.893,1.5581751407432236e-05
797.083,1.3710865957400368e-05
797.273,1.2203559023953317e-05
797.463,1.0899867056526856e-05
797.653,9.774017267124476e-06
797.843,8.719290220934579e-06
798.033,7.70772663725627e-06
798.223,6.746818951602736e-06
798.413,5.815891074918343e-06
798.603,4.922311731202988e-06
798.793,4.064723841852152e-06
798.983,3.233064360232669e-06
799.172,2.414670395315967e-06
799.362,1.6132072747798833e-06
799.552,8.262572105969898e-07
799.742,5.119481775416577e-08
799.932,0.0
800.121,0.0
800.311,0.0
800.501,0.0
800.69,0.0
800.88,0.0
801.07,0.0
801.259,0.0
801.449,0.0
801.638,0.0
801.828,0.0
802.017,0.0
802.207,0.0
802.396,0.0
802.586,0.0
802.775,0.0
802.965,0.0
803.154,0.0
803.343,0.0
803.533,0.0
803.722,0.0
803.911,0.0
804.101,0.0
804.29,0.0
804.479,0.0
804.668,0.0
804.857,0.0
805.047,0.0
805.236,0.0
805.425,0.0
805.614,0.0
805.803,0.0
805.992,0.0
806.181,0.0
806.37,0.0
806.559,0.0
806.748,0.0
806.937,0.0
807.126,0.0
807.315,0.0
807.504,0.0
807.693,0.0
807.882,0.0
808.071,0.0
808.26,0.0
808.448,0.0
808.637,0.0
808.826,0.0
809.015,0.0
809.203,0.0
809.392,0.0
809.581,0.0
809.77,0.0
809.958,0.0
810.147,1.200857316354231e-07
810.335,5.27969392407094e-07
810.524,9.49475072852451e-07
810.713,1.384397796435334e-06
810.901,1.8385257921343733e-06
811.09,2.3069502074844283e-06
811.278,2.7873739650604583e-06
811.467,3.278062243290634e-06
811.655,3.777826849709424e-06
811.844,4.2955636125892805e-06
812.032,4.83172700078231e-06
812.22,5.385768522623053e-06
812.409,5.962358520546951e-06
812.597,6.571895508492741e-06
812.785,7.211318944959661e-06
812.974,7.896373784194979e-06
813.162,8.633875552546573e-06
813.35,9.425723881651304e-06
813.539,1.0303990708122606e-05
813.727,1.1313746424588115e-05
813.915,1.249188371419415e-05
814.103,1.3892576505790507e-05
814.291,1.558118826293335e-05
814.479,1.76127600692832e-05
814.668,2.005961890644848e-05
814.856,2.2994447530921227e-05
815.044,2.6469621744170732e-05
815.232,3.0498073631835806e-05
815.42,3.5101611441590815e-05
815.608,4.031234972111025e-05
815.796,4.613665499597379e-05
815.984,5.268435009062209e-05
816.172,6.0109422321361926e-05
816.36,6.862507950716862e-05
816.548,7.86132428132179e-05
816.736,9.052758019507957e-05
816.924,0.00010494944486073964
817.111,0.0001221007602794862
817.299,0.00014301368131110887
817.487,0.00017115003544140934
817.675,0.0002100335335301201
817.863,0.00027410302092680986
818.05,0.00040501618882331886
818.238,0.0006939124369211255
818.426,0.0009261518437581873
818.613,0.0007283786298069254
818.801,0.0005957314170857709
818.989,0.0005684975131855267
819.176,0.0006212526673924305
819.364,0.0008451328278589474
819.552,0.0010846920961123173
819.739,0.0008861970737933086
819.927,0.0006841862093112156
820.114,0.0005643946820172275
820.302,0.00048503364690479845
820.489,0.0004216667140653485
820.677,0.00037346063477070534
820.864,0.00033944515506176265
821.052,0.00032017357477611433
821.239,0.00030411731622366766
821.426,0.0002933725067825099
821.614,0.00031473679067311935
821.801,0.0003222171546836303
821.988,0.0002815094111688914
822.176,0.00026088114584321096
822.363,0.0002569428228640925
822.55,0.00023390075079523655
822.737,0.00020717772691188763
822.924,0.00018430407721787756
823.112,0.00017229747381131713
823.299,0.00015538749352955045
823.486,0.00014783707407499272
823.673,0.00013211242313771636
823.86,0.0001241701519105982
824.047,0.00012056928898206304
824.234,0.00013598151814410512
824.421,0.00013323235823598246
824.608,0.00011510464127060881
824.795,0.00010009843287446231
824.982,8.865341877923039e-05
825.169,7.995897260928007e-05
825.356,7.252544081064158e-05
825.543,6.569505600706724e-05
825.73,5.95972775245573e-05
825.917,5.4144643615155084e-05
826.104,4.9312525246795336e-05
826.29,4.511727600348769e-05
826.477,4.141504747643984e-05
826.664,3.80978621230258e-05
826.851,3.5085874868556696e-05
827.038,3.230886721100762e-05
827.224,2.974354515446251e-05
827.411,2.735333560436173e-05
827.598,2.5113775373609023e-05
827.784,2.3026555516483518e-05
827.971,2.1059610135597945e-05
828.157,1.9203254287635716e-05
828.344,1.744371976642791e-05
828.531,1.577732224046761e-05
828.717,1.4197208084823321e-05
828.904,1.269111102377764e-05
829.09,1.1257161173745952e-05
829.277,9.886660528434049e-06
829.463,8.581030746205998e-06
829.65,7.348686402142277e-06
829.836,6.195766907181879e-06
830.022,5.127242579200688e-06
830.209,4.148109322892266e-06
830.395,3.2675193262470165e-06
830.581,2.485384523060472e-06
830.768,1.7909165657500626e-06
830.954,1.1818204630008424e-06
831.14,6.47871848314948e-07
831.327,1.8119349372073199e-07
831.513,0.0
831.699,0.0
831.885,0.0
832.071,0.0
832.257,0.0
832.444,0.0
832.63,0.0
832.816,0.0
833.002,0.0
833.188,0.0
833.374,0.0
833.56,0.0
833.746,0.0
833.932,0.0
834.118,0.0
834.303,0.0
834.489,0.0
834.675,0.0
834.861,0.0
835.047,0.0
835.233,0.0
835.418,0.0
835.604,0.0
835.79,0.0
835.976,0.0
836.161,0.0
836.347,0.0
836.533,0.0
836.718,0.0
836.904,0.0
837.089,0.0
837.275,0.0
837.46,0.0
837.646,0.0
837.831,0.0
838.017,0.0
838.202,0.0
838.388,0.0
838.573,0.0
838.759,0.0
838.944,0.0
839.129,0.0
839.315,0.0
839.5,0.0
839.685,0.0
839.87,0.0
840.056,0.0
840.241,0.0
840.426,0.0
840.611,0.0
840.796,0.0
840.981,0.0
841.166,0.0
841.352,0.0
841.537,3.8508813127493515e-07
841.722,1.156513919006879e-06
841.907,2.085678250434358e-06
842.092,3.162105039345824e-06
842.277,4.333142051921124e-06
842.461,5.490193434625752e-06
842.646,6.63828872627665e-06
842.831,7.846739264476404e-06
843.016,9.358139244088679e-06
843.201,1.1513070171600176e-05
843.386,1.449045406292976e-05
843.571,1.8457010687100913e-05
843.755,2.3396949287020367e-05
843.94,2.9629741948335554e-05
844.125,3.943032106378903e-05
844.31,5.8088319708970876e-05
844.494,9.23952965660434e-05
844.679,0.00014679970227612915
844.864,0.00014839193268879162
845.048,0.0001086400055041246
845.233,8.074192899029857e-05
845.418,6.55548361576264e-05
845.602,5.111407833471165e-05
845.787,4.0419185010636674e-05
845.971,3.305098568028151e-05
846.156,2.735034383532393e-05
846.34,2.2820681198904398e-05
846.525,1.9213467243329375e-05
846.709,1.6238722232330754e-05
846.893,1.3734841504709875e-05
847.078,1.1581558411965586e-05
847.262,9.704113728046934e-06
847.447,8.022809789802953e-06
847.631,6.554694217572048e-06
847.815,5.301552666036718e-06
848.0,4.2370415465553444e-06
848.184,3.347777902612111e-06
848.368,2.5931842239156757e-06
848.552,1.937601552797715e-06
848.736,1.343948803160005e-06
848.921,7.995451970745013e-07
849.105,2.7981646415290555e-07
849.289,0.0
849.473,0.0
849.657,0.0
849.841,0.0
850.025,0.0
850.209,0.0
850.393,0.0
850.577,0.0
850.761,0.0
850.945,0.0
851.129,0.0
851.313,0.0
851.497,0.0
851.68,0.0
851.864,0.0
852.048,0.0
852.232,0.0
852.416,0.0
852.599,0.0
852.783,0.0
852.967,0.0
853.15,0.0
853.334,0.0
853.518,0.0
853.701,0.0
853.885,0.0
854.068,0.0
854.252,0.0
854.435,0.0
854.619,0.0
854.802,0.0
854.986,0.0
855.169,0.0
855.353,0.0
855.536,0.0
855.719,0.0
855.903,0.0
856.086,0.0
856.269,0.0
856.452,0.0
856.636,0.0
856.819,0.0
857.002,0.0
857.185,0.0
857.368,0.0
857.552,0.0
857.735,0.0
857.918,0.0
858.101,0.0
858.284,0.0
858.467,0.0
858.65,0.0
858.833,5.730380779546608e-07
859.016,2.2061988727660853e-06
859.199,5.095461550719505e-06
859.382,9.546206020708792e-06
859.564,1.309904689431693e-05
859.747,1.2785687371746563e-05
859.93,9.768071587599516e-06
860.113,7.078515551178911e-06
860.296,5.355198387637132e-06
860.478,4.0556833125352795e-06
860.661,3.086407294160355e-06
860.844,2.2247741036947932e-06
861.027,1.391479958501933e-06
861.209,7.245877253330103e-07
861.392,2.7307923015158403e-07
861.575,1.2619717376765396e-07
861.757,1.8455241827968163e-07
861.94,4.6563013994493116e-07
862.122,1.2392583932019448e-06
862.305,2.6917315234086672e-06
862.487,5.704675339531255e-06
862.67,1.1832483689951152e-05
862.852,2.207168470793452e-05
863.035,3.728985591899443e-05
863.217,3.852295840491776e-05
863.4,2.8398833323505217e-05
863.582,2.2414389088435227e-05
863.764,1.8270172380869554e-05
863.947,1.5015445422014013e-05
864.129,1.2970403363187553e-05
864.311,1.1716201821087824e-05
864.493,1.080296132309004e-05
864.676,1.0252260631644662e-05
864.858,1.0105555757833473e-05
865.04,1.0454752828285017e-05
865.222,1.1285903647232633e-05
865.404,1.2492181535424156e-05
865.587,1.3912129339146169e-05
865.769,1.5222953455280473e-05
865.951,1.625201223900734e-05
866.133,1.7056309883039318e-05
866.315,1.7737522629148187e-05
866.497,1.8682139552949232e-05
866.679,2.0348685132196072e-05
866.861,2.2803969809271116e-05
867.043,2.6220261470952613e-05
867.225,3.0735412423670515e-05
867.407,3.7436835776627965e-05
867.589,4.996730501014526e-05
867.77,7.165093974067454e-05
867.952,0.00012157835956540847
868.134,0.00017580601869207185
868.316,0.00017531063666783006
868.498,0.00016686291670974543
868.679,0.00013768428349643028
868.861,0.000107494379181811
869.043,8.159939284399253e-05
869.224,6.371864632668059e-05
869.406,5.361969103401981e-05
869.588,4.817252538972052e-05
869.769,4.3885421170888635e-05
869.951,4.085245486754005e-05
870.132,4.326658570116794e-05
870.314,5.360427723932513e-05
870.495,5.447120487103543e-05
870.677,4.523158964249696e-05
870.858,4.2772742096206164e-05
871.04,4.765287771106919e-05
871.221,5.904884670060163e-05
871.403,5.697013226217263e-05
871.584,4.6184449202706326e-05
871.765,4.61328032257242e-05
871.947,5.3852895733647376e-05
872.128,4.330897585013413e-05
872.309,3.305971878962889e-05
872.491,2.6637920554394332e-05
872.672,2.2845277616146233e-05
872.853,1.9596702254655743e-05
873.034,1.6831307819409463e-05
873.215,1.4417057416708828e-05
873.396,1.2106310404785377e-05
873.578,1.011836600785811e-05
873.759,8.433239255257884e-06
873.94,7.0235293440761765e-06
874.121,5.894139376940785e-06
874.302,4.903486823829558e-06
874.483,4.016278186690901e-06
874.664,3.263348042973821e-06
874.845,2.6297276827909617e-06
875.026,2.0846739611874344e-06
875.207,1.6052140187682264e-06
875.388,1.1619839079451315e-06
875.568,7.35773614419528e-07
875.749,3.314722590030469e-07
875.93,0.0
876.111,0.0
876.292,0.0
876.472,0.0
876.653,0.0
876.834,0.0
877.015,0.0
877.195,0.0
877.376,0.0
877.556,0.0
877.737,0.0
877.918,0.0
878.098,0.0
878.279,0.0
878.459,0.0
878.64,0.0
878.82,0.0
879.0,0.0
879.181,0.0
879.361,0.0
879.542,0.0
879.722,0.0
879.902,0.0
880.083,0.0
880.263,0.0
880.443,0.0
880.623,0.0
880.803,0.0
880.984,0.0
881.164,0.0
881.344,0.0
881.524,0.0
881.704,6.289718095029608e-07
881.884,1.7484236402288595e-06
882.064,2.6073895347211683e-06
882.244,2.913948703997353e-06
882.424,2.668600199001528e-06
882.604,1.980043588835143e-06
882.784,1.1878446583265042e-06
882.964,5.724594892330808e-07
883.144,1.340882274746671e-07
883.324,0.0
883.504,0.0
883.683,0.0
883.863,0.0
884.043,0.0
884.223,0.0
884.402,2.94368863044851e-08
884.582,6.597251860852957e-08
884.762,7.298075513744647e-08
884.941,5.186956071007254e-08
885.121,1.9729602066998864e-08
885.301,0.0
885.48,0.0
885.66,0.0
885.839,0.0
886.019,0.0
886.198,0.0
886.378,0.0
886.557,0.0
886.737,0.0
886.916,0.0
887.095,0.0
887.275,0.0
887.454,0.0
887.633,0.0
887.813,0.0
887.992,0.0
888.171,0.0
888.35,0.0
888.53,0.0
888.709,0.0
888.888,0.0
889.067,0.0
889.246,0.0
889.425,0.0
889.604,0.0
889.783,0.0
889.962,0.0
890.141,0.0
890.32,0.0
890.499,0.0
890.678,0.0
890.857,0.0
891.036,0.0
891.214,0.0
891.393,0.0
891.572,0.0
891.751,0.0
891.93,0.0
892.108,0.0
892.287,0.0
892.466,0.0
892.644,0.0
892.823,0.0
893.001,0.0
893.18,0.0
893.359,0.0
893.537,0.0
893.716,0.0
893.894,0.0
894.073,0.0
894.251,0.0
894.429,0.0
894.608,0.0
894.786,0.0
894.964,0.0
895.143,0.0
895.321,0.0
895.499,0.0
895.677,0.0
895.856,0.0
896.034,0.0
896.212,0.0
896.39,0.0
896.568,0.0
896.746,0.0
896.924,0.0
897.102,0.0
897.28,0.0
897.458,0.0
897.636,0.0
897.814,0.0
897.992,0.0
898.17,0.0
898.348,0.0
898.526,0.0
898.704,0.0
898.882,0.0
899.059,0.0
899.237,0.0
899.415,0.0
899.593,0.0
899.77,0.0
899.948,0.0
900.125,3.104146625889253e-07
900.303,7.8960675968715e-07
900.481,1.2593702886554106e-06
900.658,1.7107345920441206e-06
900.836,2.137907021445462e-06
901.013,2.5434839458604847e-06
901.191,2.936138168939371e-06
901.368,3.3066166053048508e-06
901.546,3.6387811574382357e-06
901.723,3.930855943943046e-06
901.901,4.181924621766071e-06
902.078,4.388776514154586e-06
902.255,4.548381112966796e-06
902.433,4.618112450465044e-06
902.61,4.564732471384715e-06
902.787,4.409802606005594e-06
902.964,4.23946655807656e-06
903.142,4.0472993057532585e-06
903.319,3.823772139116598e-06
903.496,3.6659646313230857e-06
903.673,3.4487981015442395e-06
903.85,3.4858573594389053e-06
904.027,4.3406692207699084e-06
904.204,6.1883605059998564e-06
904.381,1.0140398710219132e-05
904.558,1.6275426337418584e-05
904.735,2.1589379033363716e-05
904.912,2.3733401963227116e-05
905.089,2.2430579220043463e-05
905.266,1.869684299652527e-05
905.443,1.4774429904102481e-05
905.62,1.183679340648463e-05
905.797,9.758755122796361e-06
905.974,8.565917945681157e-06
906.151,8.105922884971797e-06
906.327,7.887272192915443e-06
906.504,7.683768195193005e-06
906.681,7.472994150960398e-06
906.858,7.173908229620449e-06
907.034,6.8511108713255364e-06
907.211,6.549668534589519e-06
907.388,6.2282618049762835e-06
907.564,5.897315510534771e-06
907.741,5.578744181675355e-06
907.917,5.287871359454836e-06
908.094,5.0319850074445625e-06
908.271,4.8156856653861855e-06
908.447,4.61605799500784e-06
908.623,4.410304159548762e-06
908.8,4.191515386905815e-06
908.976,3.946915022545155e-06
909.153,3.6649269783895497e-06
909.329,3.339464817140513e-06
909.505,2.972875247550503e-06
909.682,2.570938256173617e-06
909.858,2.1442056967256227e-06
910.034,1.7036071355089281e-06
910.211,1.2584385881912877e-06
910.387,8.177362222191833e-07
910.563,3.897841721522434e-07
910.739,0.0
910.915,0.0
911.091,0.0
911.268,0.0
911.444,0.0
911.62,0.0
911.796,0.0
911.972,0.0
912.148,0.0
912.324,0.0
912.5,0.0
912.676,0.0
912.851,0.0
913.027,0.0
913.203,0.0
913.379,0.0
913.555,0.0
913.73,0.0
913.906,0.0
914.082,0.0
914.258,0.0
914.433,0.0
914.609,0.0
914.784,0.0
914.96,0.0
915.136,0.0
915.311,0.0
915.487,0.0
915.662,0.0
915.838,0.0
916.013,0.0
916.189,0.0
916.364,0.0
916.539,0.0
916.715,0.0
916.89,0.0
917.065,0.0
917.24,0.0
917.416,0.0
917.591,0.0
917.766,0.0
917.941,0.0
918.116,0.0
918.292,0.0
918.467,0.0
918.642,0.0
918.817,0.0
918.992,0.0
919.167,0.0
919.342,0.0
919.517,0.0
919.692,0.0
919.867,0.0
920.041,0.0
920.216,0.0
920.391,0.0
920.566,0.0
920.741,0.0
920.915,1.2575173103972012e-06
921.09,5.144251577492048e-06
921.265,1.1575489993601346e-05
921.439,2.0346743459673505e-05
921.614,1.288866039963831e-05
921.789,7.56973528217082e-06
921.963,4.3037404360084345e-06
922.138,2.5408109922925325e-06
922.312,2.7140714976976077e-06
922.487,4.081719221142921e-06
922.661,6.822742920736162e-06
922.836,1.401040414372374e-05
923.01,1.4786817058150726e-05
923.185,1.2007293690886427e-05
923.359,9.158026535510362e-06
923.534,8.886746484864224e-06
923.708,1.045911898223713e-05
923.882,1.118569985990597e-05
924.057,1.0687508495539725e-05
924.231,9.82276618949581e-06
924.405,8.757268394305915e-06
924.579,7.764681391444157e-06
924.753,7.0698050415834545e-06
924.928,6.563168542292364e-06
925.102,6.2733338035865615e-06
925.276,6.27474588151039e-06
925.45,6.538037881788764e-06
925.624,7.133794685375922e-06
925.798,8.17511360968843e-06
925.972,9.759894617778193e-06
926.146,1.193354196729277e-05
926.32,1.4573767292268169e-05
926.494,1.7259910260056995e-05
926.668,1.9402849166051076e-05
926.842,2.0515907644315022e-05
927.016,2.0430127327100136e-05
927.19,1.9334721054839072e-05
927.363,1.7671888484127048e-05
927.537,1.589836218755816e-05
927.711,1.4270058751842242e-05
927.885,1.2887312937136355e-05
928.058,1.172635951334746e-05
928.232,1.0744474320008094e-05
928.406,9.91252014074953e-06
928.579,9.209073635865124e-06
928.753,8.610243145750181e-06
928.927,8.079845755156434e-06
929.1,7.600111429199922e-06
929.274,7.146154091792232e-06
929.447,6.7108656179819014e-06
929.621,6.286765055454811e-06
929.794,5.866410883964575e-06
929.968,5.4505382606013214e-06
930.141,5.037986412340091e-06
930.315,4.625593098397564e-06
930.488,4.206523089692933e-06
930.661,3.7737458783934736e-06
930.835,3.319740122110991e-06
931.008,2.8386336099807414e-06
931.181,2.327784342537549e-06
931.354,1.7909021525434735e-06
931.528,1.2322803216877062e-06
931.701,6.595521980708207e-07
931.874,8.178164479992152e-08
932.047,0.0
932.22,0.0
932.393,0.0
932.566,0.0
932.739,0.0
932.912,0.0
933.085,0.0
933.258,0.0
933.431,0.0
933.604,0.0
933.777,0.0
933.95,0.0
934.123,0.0
934.296,0.0
934.468,0.0
934.641,0.0
934.814,0.0
934.987,0.0
935.159,0.0
935.332,0.0
935.505,0.0
935.677,0.0
935.85,0.0
936.022,0.0
936.195,0.0
936.367,0.0
936.54,0.0
936.712,0.0
936.885,0.0
937.057,0.0
937.229,1.509756141616447e-07
937.402,6.151598615292309e-07
937.574,1.2567204686051378e-06
937.746,2.1143230272945223e-06
937.919,3.2853632112905886e-06
938.091,5.067465944297574e-06
938.263,7.857959396407707e-06
938.435,1.2177530289432668e-05
938.608,1.7956910988556698e-05
938.78,2.2953192530158217e-05
938.952,2.562364470359635e-05
939.124,2.9320579520762294e-05
939.296,3.9737441194062474e-05
939.468,4.1818494203165016e-05
939.64,3.1549025159258986e-05
939.812,2.482891616731409e-05
939.984,1.9706756747846496e-05
940.156,1.567477986123857e-05
940.328,1.3010163684117017e-05
940.5,1.1331212686670603e-05
940.672,1.0000544278616884e-05
940.843,8.889331116225639e-06
941.015,8.049662618057332e-06
941.187,7.455882669983373e-06
941.359,7.114432366741454e-06
941.531,6.961277491389175e-06
941.702,6.8507721070887126e-06
941.874,6.7179955011567015e-06
942.046,6.532632481467579e-06
942.217,6.283145873858643e-06
942.389,5.984785097792562e-06
942.56,5.636144149401637e-06
942.732,5.23659201626812e-06
942.904,4.793705269664625e-06
943.075,4.332294341945017e-06
943.247,3.866339256687569e-06
943.418,3.3976882416874525e-06
943.589,2.926749187768829e-06
943.761,2.4436578567328716e-06
943.932,1.9493538241321305e-06
944.104,1.450679143184087e-06
944.275,9.572854198835977e-07
944.446,4.773068020108354e-07
944.617,2.490887446867717e-08
944.789,0.0
944.96,0.0
945.131,0.0
945.302,0.0
945.473,0.0
945.645,0.0
945.816,0.0
945.987,0.0
946.158,0.0
946.329,0.0
946.5,0.0
946.671,0.0
946.842,0.0
947.013,0.0
947.183,0.0
947.354,0.0
947.525,0.0
947.696,0.0
947.867,0.0
948.037,0.0
948.208,0.0
948.379,0.0
948.55,0.0
948.72,0.0
948.891,0.0
949.061,0.0
949.232,0.0
949.403,0.0
949.573,0.0
949.744,0.0
949.914,0.0
950.085,0.0
950.255,0.0
950.425,0.0
950.596,0.0
950.766,0.0
950.936,0.0
951.107,0.0
951.277,0.0
951.447,0.0
951.617,0.0
951.788,0.0
951.958,0.0
952.128,0.0
952.298,0.0
952.468,0.0
952.638,0.0
952.808,0.0
952.978,0.0
953.148,0.0
953.318,0.0
953.488,0.0
953.658,0.0
953.828,0.0
953.998,0.0
954.167,0.0
954.337,0.0
954.507,0.0
954.677,0.0
954.846,0.0
955.016,0.0
955.186,0.0
955.355,0.0
955.525,0.0
955.695,0.0
955.864,0.0
956.034,0.0
956.203,0.0
956.373,0.0
956.542,0.0
956.711,0.0
956.881,0.0
957.05,0.0
957.22,0.0
957.389,0.0
957.558,0.0
957.727,0.0
957.897,0.0
958.066,0.0
958.235,0.0
958.404,0.0
958.573,0.0
958.743,0.0
958.912,0.0
959.081,0.0
959.25,0.0
959.419,0.0
959.588,0.0
959.757,0.0
959.926,0.0
960.094,0.0
960.263,0.0
960.432,0.0
960.601,0.0
960.77,0.0
960.939,0.0
961.107,0.0
961.276,0.0
961.445,0.0
961.613,0.0
961.782,0.0
961.951,0.0
962.119,0.0
962.288,0.0
962.456,0.0
962.625,0.0
962.793,0.0
962.962,0.0
963.13,0.0
963.298,0.0
963.467,0.0
963.635,0.0
963.803,0.0
963.972,0.0
964.14,0.0
964.308,0.0
964.477,0.0
964.645,0.0
964.813,0.0
964.981,0.0
965.149,0.0
965.317,0.0
965.485,0.0
965.653,0.0
965.821,0.0
965.989,0.0
966.157,0.0
966.325,0.0
966.493,0.0
966.661,0.0
966.829,0.0
966.996,7.111516825320514e-10
967.164,2.8457933123870407e-08
967.332,5.540959095033743e-08
967.5,8.143862477055517e-08
967.667,1.0644735647369091e-07
967.835,1.3030187019417148e-07
968.003,1.5284443391610562e-07
968.17,1.739031314723601e-07
968.338,1.9335132488473468e-07
968.505,2.1115825463780052e-07
968.673,2.2732232200546366e-07
968.841,2.418254887209345e-07
969.008,2.5464704600057985e-07
969.175,2.6577258469020494e-07
969.343,2.752333344137129e-07
969.51,2.831406444107275e-07
969.678,2.895875776050035e-07
969.845,2.946157906543869e-07
970.012,2.9828291860721007e-07
970.18,3.006378047692896e-07
970.347,3.017433039632148e-07
970.514,3.0170778276247843e-07
970.681,3.006014988213964e-07
970.849,2.984303177891005e-07
971.016,2.951781093714255e-07
971.183,2.907957041041202e-07
971.35,2.852271657252674e-07
971.517,2.784618730601921e-07
971.684,2.7050284974487734e-07
971.851,2.6133442810484674e-07
972.018,2.5092777410494046e-07
972.185,2.3927255762305283e-07
972.352,2.2640488560803667e-07
972.519,2.124125381868602e-07
972.686,1.974196811528138e-07
972.853,1.8151930991977524e-07
973.02,1.6477469030866384e-07
973.186,1.472731838624959e-07
973.353,1.2914256583425891e-07
973.52,1.1055250851344298e-07
973.687,9.165788789974021e-08
973.853,7.255819291026916e-08
974.02,5.33254798551231e-08
974.187,3.4040597632696224e-08
974.353,1.4798595935407035e-08
974.52,0.0
974.687,0.0
974.853,0.0
975.02,0.0
975.186,0.0
975.353,0.0
975.519,0.0
975.685,0.0
975.852,0.0
976.018,0.0
976.184,0.0
976.351,0.0
976.517,0.0
976.683,0.0
976.849,0.0
977.016,0.0
977.182,0.0
977.348,0.0
977.514,0.0
977.68,0.0
977.846,0.0
978.012,0.0
978.178,0.0
978.344,0.0
978.51,0.0
978.676,0.0
978.842,0.0
979.008,0.0
979.174,0.0
979.34,0.0
979.505,0.0
979.671,0.0
979.837,0.0
980.003,0.0
980.168,0.0
980.334,0.0
980.499,0.0
980.665,0.0
980.831,0.0
980.996,0.0
981.162,0.0
981.327,0.0
981.493,0.0
981.658,0.0
981.823,0.0
981.989,0.0
982.154,0.0
982.319,0.0
982.485,0.0
982.65,0.0
982.815,0.0
982.98,0.0
983.146,0.0
983.311,0.0
983.476,0.0
983.641,0.0
983.806,0.0
983.971,1.1718956341547978e-08
984.136,2.3036370678381475e-08
984.301,3.390546142390623e-08
984.466,4.435094571820582e-08
984.631,5.439274423107071e-08
984.796,6.403561821759264e-08
984.961,7.328645959858254e-08
985.126,8.216434738138441e-08
985.291,9.071936454476558e-08
985.455,9.901479879414618e-08
985.62,1.0708384724747447e-07
985.785,1.1494055707283752e-07
985.95,1.2258947173936516e-07
986.114,1.3003435537148517e-07
986.279,1.3729514159376527e-07
986.444,1.4438749746824594e-07
986.608,1.512916308211408e-07
986.773,1.5796116269146616e-07
986.937,1.6437013103819063e-07
987.102,1.7050497437097546e-07
987.266,1.7636467861144932e-07
987.431,1.8196365605239182e-07
987.595,1.8730693356122475e-07
987.76,1.9240422986483048e-07
987.924,1.9726884004877435e-07
988.088,2.01929318813875e-07
988.253,2.0640137765642596e-07
988.417,2.1067679977414943e-07
988.581,2.147470094802867e-07
988.746,2.1857278105073945e-07
988.91,2.2209275650478276e-07
989.074,2.2525376861038459e-07
989.238,2.2799791616026296e-07
989.402,2.3024699444322567e-07
989.566,2.3190383765492408e-07
989.731,2.3284481141911753e-07
989.895,2.3292276257267412e-07
990.059,2.3199577582896403e-07
990.223,2.2990781561527741e-07
990.387,2.2646938551881603e-07
990.551,2.2145750000933955e-07
990.714,2.146205201398456e-07
990.878,2.0573871804923307e-07
991.042,1.9461528276488421e-07
991.206,1.810380549326444e-07
991.37,1.6477363920349853e-07
991.534,1.455493396204956e-07
991.697,1.2306246519928265e-07
991.861,9.701207878734043e-08
992.025,6.708949622344553e-08
992.188,3.2924403385164976e-08
992.352,0.0
992.516,0.0
992.679,0.0
992.843,0.0
993.006,0.0
993.17,0.0
993.333,0.0
993.497,0.0
993.66,0.0
993.824,0.0
993.987,0.0
994.15,0.0
994.314,0.0
994.477,0.0
994.64,0.0
994.803,0.0
994.967,0.0
995.13,0.0
995.293,0.0
995.456,0.0
995.619,0.0
995.782,0.0
995.945,0.0
996.108,0.0
996.271,0.0
996.434,0.0
996.597,0.0
996.76,0.0
996.923,0.0
997.086,0.0
997.248,0.0
997.411,0.0
997.574,0.0
997.737,0.0
997.899,0.0
998.062,0.0
998.225,0.0
998.387,0.0
998.55,0.0
998.712,0.0
998.875,0.0
999.037,0.0
999.2,0.0
999.362,0.0
999.525,0.0
999.687,0.0
999.849,0.0
