237.496,0.0
237.566,0.0
237.636,0.0
237.705,0.0
237.775,5.175546264679238e-07
237.845,7.824623528130024e-07
237.914,1.6054328706042568e-07
237.984,0.0
238.054,0.0
238.123,0.0
238.193,0.0
238.263,0.0
238.332,0.0
238.402,0.0
238.471,0.0
238.541,0.0
238.611,0.0
238.68,3.0713068058159294e-08
238.75,1.4054318830061065e-07
238.819,2.422223174160688e-07
238.889,3.3210699134710734e-07
238.958,4.153518690637057e-07
239.028,4.6566274460930225e-07
239.097,4.766710297555665e-07
239.167,4.6282991168915873e-07
239.237,4.3335402231248875e-07
239.306,3.9354507948657206e-07
239.376,3.559131436885266e-07
239.445,3.2679726757844634e-07
239.515,3.053279959705684e-07
239.584,2.9271492014120535e-07
239.654,2.868417322100259e-07
239.723,2.858645365363473e-07
239.793,2.868636655657902e-07
239.862,2.872212866079447e-07
239.932,2.8536748013262613e-07
240.001,2.811790418377064e-07
240.07,2.75467329958804e-07
240.14,2.720276053788239e-07
240.209,2.7109008583282854e-07
240.279,2.7056195724126274e-07
240.348,2.708313328237665e-07
240.418,2.723128640255791e-07
240.487,2.720702030250519e-07
240.556,2.6816026211453017e-07
240.626,2.5968538657065595e-07
240.695,2.4693655297307415e-07
240.765,2.3164313103076985e-07
240.834,2.1477941946483366e-07
240.903,1.9741814639670624e-07
240.973,1.8054460333969732e-07
241.042,1.6487916971316183e-07
241.112,1.5055109838811166e-07
241.181,1.3753788752713982e-07
241.25,1.2533310421134463e-07
241.32,1.1466810687835611e-07
241.389,1.0586428613015015e-07
241.458,9.850411018901115e-08
241.528,9.220732796819302e-08
241.597,8.723446745960303e-08
241.666,8.37439900692573e-08
241.736,8.188893607532629e-08
241.805,8.159539268360338e-08
241.874,8.268286092800541e-08
241.943,8.479190873748493e-08
242.013,8.739289600180439e-08
242.082,9.011799657288949e-08
242.151,9.270752466670865e-08
242.221,9.492441446927183e-08
242.29,9.664778657488637e-08
242.359,9.771014184509901e-08
242.428,9.792437802357129e-08
242.498,9.731349333603358e-08
242.567,9.598332969098115e-08
242.636,9.39919086403153e-08
242.705,9.162612404739536e-08
242.774,8.909568862666385e-08
242.844,8.650642466714696e-08
242.913,8.380502980519452e-08
242.982,8.074423395302751e-08
243.051,7.727542691844037e-08
243.12,7.341351164119708e-08
243.19,6.913702961523126e-08
243.259,6.440933171348186e-08
243.328,5.926674772284158e-08
243.397,5.372527982202503e-08
243.466,4.7847782246646686e-08
243.535,4.154310218799482e-08
243.605,3.478795274129224e-08
243.674,2.7603429698100137e-08
243.743,2.0020943060533116e-08
243.812,1.2027919391959784e-08
243.881,3.618354397914566e-09
243.95,0.0
244.019,0.0
244.088,0.0
244.158,0.0
244.227,0.0
244.296,0.0
244.365,0.0
244.434,0.0
244.503,0.0
244.572,0.0
244.641,0.0
244.71,0.0
244.779,0.0
244.848,0.0
244.917,0.0
244.986,0.0
245.055,0.0
245.124,0.0
245.193,0.0
245.262,0.0
245.331,0.0
245.4,0.0
245.469,0.0
245.538,0.0
245.607,0.0
245.676,0.0
245.745,0.0
245.814,0.0
245.883,0.0
245.952,0.0
246.021,0.0
246.09,0.0
246.159,0.0
246.227,0.0
246.296,0.0
246.365,0.0
246.434,0.0
246.503,0.0
246.572,0.0
246.641,0.0
246.71,0.0
246.779,0.0
246.847,0.0
246.916,0.0
246.985,0.0
247.054,0.0
247.123,0.0
247.192,0.0
247.26,0.0
247.329,0.0
247.398,0.0
247.467,7.735606166255894e-09
247.536,2.119331875541615e-08
247.604,3.455910188803438e-08
247.673,4.775639632758702e-08
247.742,6.064702937695645e-08
247.811,7.311389982023208e-08
247.879,8.508579311764343e-08
247.948,9.6520577722669e-08
248.017,1.0739438718943303e-07
248.086,1.176716867560949e-07
248.154,1.2724690111031224e-07
248.223,1.360092427444462e-07
248.292,1.4388264496671695e-07
248.361,1.5077120347410355e-07
248.429,1.565805360852139e-07
248.498,1.6122841313077888e-07
248.567,1.646421326941103e-07
248.635,1.6677335669940837e-07
248.704,1.6764846894432177e-07
248.773,1.673389050710081e-07
248.841,1.6589013609013437e-07
248.91,1.6333738137356618e-07
248.979,1.597037000335059e-07
249.047,1.5501622378579956e-07
249.116,1.493403655735379e-07
249.185,1.4275828473988483e-07
249.253,1.3533436484210436e-07
249.322,1.270811580307581e-07
249.39,1.1796628884779824e-07
249.459,1.079864400321088e-07
249.528,9.719380435150768e-08
249.596,8.564405902710597e-08
249.665,7.339907991517409e-08
249.733,6.050908819740151e-08
249.802,4.697201288197332e-08
249.871,3.283681859799102e-08
249.939,1.822106430752633e-08
250.008,3.2280052643435153e-09
250.076,0.0
250.145,0.0
250.213,0.0
250.282,0.0
250.35,0.0
250.419,0.0
250.487,0.0
250.556,0.0
250.624,0.0
250.693,0.0
250.761,0.0
250.83,0.0
250.898,0.0
250.967,0.0
251.035,0.0
251.104,0.0
251.172,0.0
251.241,0.0
251.309,0.0
251.378,0.0
251.446,0.0
251.514,0.0
251.583,0.0
251.651,0.0
251.72,0.0
251.788,0.0
251.856,0.0
251.925,0.0
251.993,0.0
252.062,0.0
252.13,0.0
252.198,0.0
252.267,0.0
252.335,0.0
252.403,0.0
252.472,0.0
252.54,0.0
252.608,0.0
252.677,0.0
252.745,0.0
252.813,0.0
252.881,0.0
252.95,0.0
253.018,0.0
253.086,0.0
253.155,0.0
253.223,0.0
253.291,0.0
253.359,0.0
253.428,0.0
253.496,0.0
253.564,0.0
253.632,0.0
253.7,0.0
253.769,0.0
253.837,0.0
253.905,0.0
253.973,0.0
254.041,0.0
254.11,0.0
254.178,0.0
254.246,0.0
254.314,0.0
254.382,0.0
254.45,0.0
254.518,0.0
254.587,0.0
254.655,0.0
254.723,0.0
254.791,0.0
254.859,0.0
254.927,0.0
254.995,0.0
255.063,0.0
255.131,0.0
255.199,0.0
255.267,0.0
255.336,0.0
255.404,0.0
255.472,0.0
255.54,0.0
255.608,0.0
255.676,0.0
255.744,0.0
255.812,0.0
255.88,0.0
255.948,0.0
256.016,0.0
256.084,0.0
256.152,0.0
256.22,0.0
256.288,0.0
256.356,0.0
256.424,0.0
256.491,0.0
256.559,0.0
256.627,0.0
256.695,0.0
256.763,0.0
256.831,0.0
256.899,0.0
256.967,0.0
257.035,0.0
257.103,0.0
257.171,0.0
257.238,0.0
257.306,0.0
257.374,0.0
257.442,0.0
257.51,0.0
257.578,0.0
257.646,0.0
257.713,0.0
257.781,0.0
257.849,0.0
257.917,0.0
257.985,0.0
258.052,0.0
258.12,0.0
258.188,0.0
258.256,0.0
258.324,0.0
258.391,0.0
258.459,0.0
258.527,0.0
258.595,0.0
258.662,0.0
258.73,0.0
258.798,0.0
258.865,0.0
258.933,0.0
259.001,0.0
259.069,0.0
259.136,0.0
259.204,0.0
259.272,0.0
259.339,0.0
259.407,0.0
259.475,0.0
259.542,0.0
259.61,0.0
259.677,0.0
259.745,0.0
259.813,0.0
259.88,0.0
259.948,0.0
260.016,0.0
260.083,0.0
260.151,0.0
260.218,0.0
260.286,0.0
260.353,0.0
260.421,0.0
260.489,0.0
260.556,0.0
260.624,0.0
260.691,0.0
260.759,0.0
260.826,0.0
260.894,0.0
260.961,0.0
261.029,0.0
261.096,0.0
261.164,0.0
261.231,0.0
261.299,0.0
261.366,0.0
261.434,0.0
261.501,0.0
261.568,1.4764894158097784e-08
261.636,3.84134984284062e-08
261.703,6.122520297162764e-08
261.771,8.301437514693548e-08
261.838,1.0365867775779007e-07
261.906,1.2307084037484414e-07
261.973,1.411560967644349e-07
262.04,1.578173581079747e-07
262.108,1.7289797101220134e-07
262.175,1.861934920480783e-07
262.243,1.9760301284417637e-07
262.31,2.071118222808359e-07
262.377,2.1471122660444617e-07
262.445,2.2046516655919024e-07
262.512,2.245000125905311e-07
262.579,2.269390500884007e-07
262.647,2.2792665027546817e-07
262.714,2.2761994288112914e-07
262.781,2.2609980038660927e-07
262.849,2.2338201385583156e-07
262.916,2.1947334953208219e-07
262.983,2.1433072847257748e-07
263.051,2.0792484400423905e-07
263.118,2.0026796065358933e-07
263.185,1.9139937638309118e-07
263.252,1.8140099591876974e-07
263.32,1.7037095532112147e-07
263.387,1.5845929595021417e-07
263.454,1.458604900124502e-07
263.522,1.3278279432161727e-07
263.589,1.1936203027399807e-07
263.656,1.056593540262909e-07
263.723,9.170056599778293e-08
263.79,7.750105857552307e-08
263.858,6.321371833978537e-08
263.925,4.906621355997835e-08
263.992,3.5234337125426476e-08
264.059,2.1892442173150198e-08
264.126,9.25589524835391e-09
264.194,0.0
264.261,0.0
264.328,0.0
264.395,0.0
264.462,0.0
264.529,0.0
264.597,0.0
264.664,0.0
264.731,3.9673373421351737e-10
264.798,2.431045268131429e-08
264.865,5.7738298705054925e-08
264.932,1.0259662581691488e-07
264.999,1.6100848444433383e-07
265.066,2.3523184904084023e-07
265.133,3.2751435286942867e-07
265.201,4.398355807477677e-07
265.268,5.73735183028081e-07
265.335,7.300873563171823e-07
265.402,9.089264641723992e-07
265.469,1.1094503895039654e-06
265.536,1.329918727486993e-06
265.603,1.5676539863927584e-06
265.67,1.8192278367437829e-06
265.737,2.0807376843569686e-06
265.804,2.3480570252446916e-06
265.871,2.6171064760915517e-06
265.938,2.8840740961301768e-06
266.005,3.145458822666125e-06
266.072,3.3982348069140385e-06
266.139,3.6400216880666088e-06
266.206,3.869072733171081e-06
266.273,4.0842128046767404e-06
266.34,4.284762771274735e-06
266.407,4.470416592455328e-06
266.474,4.6411830990497635e-06
266.541,4.797394124912318e-06
266.608,4.939632514271553e-06
266.675,5.068608018939988e-06
266.742,5.185054407081286e-06
266.808,5.289669253498791e-06
266.875,5.383102750734204e-06
266.942,5.46595809612569e-06
267.009,5.538802278014053e-06
267.076,5.6021762843478505e-06
267.143,5.656555264441734e-06
267.21,5.702306043679818e-06
267.277,5.739734208451345e-06
267.344,5.769157684913525e-06
267.41,5.790871570914746e-06
267.477,5.805221046811465e-06
267.544,5.812586775595541e-06
267.611,5.813233863863291e-06
267.678,5.807358622772889e-06
267.745,5.795138761278036e-06
267.811,5.776707260377754e-06
267.878,5.752138100644212e-06
267.945,5.7214626847505634e-06
268.012,5.684651356296819e-06
268.079,5.641629369758413e-06
268.145,5.592367741211255e-06
268.212,5.536891532997573e-06
268.279,5.4752152332450434e-06
268.346,5.4073109992022914e-06
268.412,5.333105036585807e-06
268.479,5.2524742011384924e-06
268.546,5.165217052528714e-06
268.613,5.071061463729285e-06
268.679,4.969703354329481e-06
268.746,4.860766698695336e-06
268.813,4.7438681739569025e-06
268.879,4.61869883863433e-06
268.946,4.4849774412850995e-06
269.013,4.342478439552834e-06
269.079,4.191084972594712e-06
269.146,4.0307840163027584e-06
269.213,3.86168649489089e-06
269.28,3.684085322923779e-06
269.346,3.4985240883418623e-06
269.413,3.3058195940906197e-06
269.479,3.1071022494960804e-06
269.546,2.9038885686109122e-06
269.613,2.6980234466759e-06
269.679,2.491672460114948e-06
269.746,2.2873167911993587e-06
269.813,2.0876105957985794e-06
269.879,1.8951944467898204e-06
269.946,1.7125214246584609e-06
270.012,1.5416811969911977e-06
270.079,1.3842283957933713e-06
270.145,1.2410849907219474e-06
270.212,1.1124857065943562e-06
270.279,9.980153979901337e-07
270.345,8.966853119291221e-07
270.412,8.070906706806111e-07
270.478,7.275940984343823e-07
270.545,6.564813047387595e-07
270.611,5.920843659260994e-07
270.678,5.329386314176423e-07
270.744,4.777983264681797e-07
270.811,4.255708083735077e-07
270.877,3.7542905566334235e-07
270.944,3.2668989847241465e-07
271.01,2.787634315165341e-07
271.077,2.3123563875029557e-07
271.143,1.838176727160428e-07
271.21,1.362600861653401e-07
271.276,8.839029730356264e-08
271.342,4.0087759087142036e-08
271.409,0.0
271.475,0.0
271.542,0.0
271.608,0.0
271.675,0.0
271.741,0.0
271.807,0.0
271.874,0.0
271.94,0.0
272.007,0.0
272.073,0.0
272.139,0.0
272.206,0.0
272.272,0.0
272.338,0.0
272.405,0.0
272.471,0.0
272.537,0.0
272.604,0.0
272.67,0.0
272.736,0.0
272.802,0.0
272.869,0.0
272.935,0.0
273.001,0.0
273.068,0.0
273.134,0.0
273.2,0.0
273.266,0.0
273.333,0.0
273.399,0.0
273.465,0.0
273.531,0.0
273.597,0.0
273.664,0.0
273.73,0.0
273.796,0.0
273.862,0.0
273.928,0.0
273.995,0.0
274.061,0.0
274.127,0.0
274.193,0.0
274.259,0.0
274.325,0.0
274.391,0.0
274.457,0.0
274.524,0.0
274.59,0.0
274.656,0.0
274.722,0.0
274.788,0.0
274.854,0.0
274.92,0.0
274.986,0.0
275.052,0.0
275.118,0.0
275.184,0.0
275.25,0.0
275.316,0.0
275.382,0.0
275.448,0.0
275.514,0.0
275.58,0.0
275.646,0.0
275.712,0.0
275.778,0.0
275.844,0.0
275.91,0.0
275.976,0.0
276.042,0.0
276.108,0.0
276.174,0.0
276.24,0.0
276.306,0.0
276.372,4.098633757362645e-09
276.437,8.012293587268382e-09
276.503,0.0
276.569,0.0
276.635,0.0
276.701,0.0
276.767,0.0
276.833,0.0
276.899,0.0
276.964,0.0
277.03,0.0
277.096,0.0
277.162,1.5162339812779149e-07
277.228,4.1995096591796926e-07
277.293,7.842789383017655e-07
277.359,1.2762649796981513e-06
277.425,1.8999112300646723e-06
277.491,2.651176307483855e-06
277.557,3.4672887878488358e-06
277.622,4.297793223577679e-06
277.688,5.0937661902447805e-06
277.754,5.8056317340757096e-06
277.82,6.399099328736767e-06
277.885,6.6986000511646285e-06
277.951,6.671289311947787e-06
278.017,6.286381456313893e-06
278.083,5.6039696974910755e-06
278.148,4.9041232113970406e-06
278.214,4.239396155640608e-06
278.28,3.646004662302801e-06
278.345,3.182652359971339e-06
278.411,2.730376378778979e-06
278.477,2.387514478291715e-06
278.542,2.5524912270404418e-06
278.608,3.145140752549488e-06
278.674,4.909943321100084e-06
278.739,7.885207824215375e-06
278.805,9.204938127129013e-06
278.871,9.549428569518213e-06
278.936,1.3859032544564146e-05
279.002,2.313385229131585e-05
279.067,3.220939634768957e-05
279.133,3.593871407775184e-05
279.199,3.669622166864516e-05
279.264,4.2146843779336596e-05
279.33,5.6569853444893105e-05
279.395,0.00010500433908646656
279.461,0.00030825674459647885
279.527,0.0004534563986049915
279.592,0.0003126487239512286
279.658,0.0001339157716059276
279.723,9.733150577282269e-05
279.789,9.518628133094315e-05
279.854,8.325904416131439e-05
279.92,5.913871064295893e-05
279.985,5.2155892285651654e-05
280.051,5.479102501324463e-05
280.116,8.593712153302454e-05
280.182,0.00022290132189803266
280.247,0.00031951348547170163
280.313,0.00020064312729255925
280.378,7.032586287821699e-05
280.444,4.230297921317847e-05
280.509,2.713220617641631e-05
280.574,1.9981368068960026e-05
280.64,1.6078159533022966e-05
280.705,1.3460803456769986e-05
280.771,1.1604158305283376e-05
280.836,1.0366786105837089e-05
280.902,9.589530173681342e-06
280.967,8.837816958638307e-06
281.032,7.960685544342578e-06
281.098,6.979264757736999e-06
281.163,5.908128467711371e-06
281.229,4.926294847550892e-06
281.294,4.084463897700636e-06
281.359,3.367454303134819e-06
281.425,2.7814064323793227e-06
281.49,2.2736644217024664e-06
281.555,1.8351389554414414e-06
281.621,1.48071844347182e-06
281.686,1.2114040843319405e-06
281.751,1.0043554809189047e-06
281.816,8.545840555152181e-07
281.882,7.457700819859271e-07
281.947,6.680987595926173e-07
282.012,6.197991701386583e-07
282.078,5.884606747012319e-07
282.143,5.547099500361532e-07
282.208,5.134981785834011e-07
282.273,4.6711732813685994e-07
282.339,4.1075296328428956e-07
282.404,3.520208325821798e-07
282.469,2.848746734423668e-07
282.534,2.095216409354335e-07
282.6,1.2770787992822943e-07
282.665,4.5411539504232505e-08
282.73,0.0
282.795,0.0
282.86,0.0
282.926,0.0
282.991,0.0
283.056,0.0
283.121,0.0
283.186,0.0
283.251,0.0
283.316,0.0
283.382,0.0
283.447,0.0
283.512,0.0
283.577,0.0
283.642,0.0
283.707,0.0
283.772,0.0
283.837,1.1162188945600327e-07
283.902,2.336923395083903e-07
283.967,3.5728972655362227e-07
284.032,4.933800468794501e-07
284.097,6.597645409969434e-07
284.163,8.493800769011363e-07
284.228,1.0439125137588753e-06
284.293,1.2042074815548383e-06
284.358,1.390344062707114e-06
284.423,1.7582612205553075e-06
284.488,2.3631114687776486e-06
284.553,3.0354918199776552e-06
284.618,3.5230309329607526e-06
284.683,2.9241669536543124e-06
284.748,1.2800866206592995e-06
284.812,1.3638531339233533e-06
284.877,3.897945588744762e-06
284.942,6.18849567092072e-06
285.007,8.729178339438034e-06
285.072,1.702934295452615e-05
285.137,5.714348668972038e-05
285.202,7.918606431210879e-05
285.267,5.1424702026614535e-05
285.332,2.6841207812336112e-05
285.397,1.2251622998643906e-05
285.462,7.227363399283058e-06
285.527,6.246183124154093e-06
285.591,5.2144190653512625e-06
285.656,3.7534737450707193e-06
285.721,2.7105430195113127e-06
285.786,2.138824327527482e-06
285.851,2.0617050798918956e-06
285.916,2.2998084125343253e-06
285.981,2.5188119308113223e-06
286.045,2.5961581056098885e-06
286.11,2.470446147057721e-06
286.175,2.2519976691385586e-06
286.24,2.0339914523523355e-06
286.305,1.8475653853224667e-06
286.369,1.6995286869713396e-06
286.434,1.5821789760458629e-06
286.499,1.5011269415600988e-06
286.564,1.4635591738914156e-06
286.628,1.4686071138766716e-06
286.693,1.4948306871788897e-06
286.758,1.5230627790971545e-06
286.823,1.5435313426952403e-06
286.887,1.5513572775034281e-06
286.952,1.5479743694670778e-06
287.017,1.5370224893723568e-06
287.082,1.5204046806267818e-06
287.146,1.5034421261683603e-06
287.211,1.4900356628578086e-06
287.276,1.485229659190576e-06
287.34,1.4923930648753248e-06
287.405,1.511625008384536e-06
287.47,1.5376936173532336e-06
287.534,1.5644276630285085e-06
287.599,1.5867956999918933e-06
287.663,1.6021922197548941e-06
287.728,1.609244868731776e-06
287.793,1.6061209691854275e-06
287.857,1.5912417378952577e-06
287.922,1.5652661777257737e-06
287.987,1.5296731051248862e-06
288.051,1.485503777297328e-06
288.116,1.4335891883935443e-06
288.18,1.373012918832432e-06
288.245,1.3030663873300201e-06
288.309,1.222995627233562e-06
288.374,1.1325377745064503e-06
288.439,1.0319569077940708e-06
288.503,9.23368919638562e-07
288.568,8.094456925237902e-07
288.632,6.926737839901237e-07
288.697,5.751660672945924e-07
288.761,4.5897896399954265e-07
288.826,3.4640267759009784e-07
288.89,2.39120257319259e-07
288.955,1.3769401447080647e-07
289.019,4.210007082229142e-08
289.084,0.0
289.148,0.0
289.212,0.0
289.277,0.0
289.341,0.0
289.406,0.0
289.47,0.0
289.535,0.0
289.599,0.0
289.663,0.0
289.728,0.0
289.792,0.0
289.857,0.0
289.921,0.0
289.985,0.0
290.05,0.0
290.114,0.0
290.178,0.0
290.243,0.0
290.307,0.0
290.371,0.0
290.436,0.0
290.5,0.0
290.564,0.0
290.629,0.0
290.693,0.0
290.757,0.0
290.821,0.0
290.886,3.456567269294126e-08
290.95,9.221772676955234e-08
291.014,1.5057092286037452e-07
291.078,2.0983282026445494e-07
291.143,2.6992815235657647e-07
291.207,3.307868279322207e-07
291.271,3.923561850462515e-07
291.335,4.52125222323757e-07
291.399,5.101695504475219e-07
291.464,5.66935551579508e-07
291.528,6.249736337501453e-07
291.592,6.843796820883003e-07
291.656,7.454720358039001e-07
291.72,8.08507325956962e-07
291.784,8.712631031743822e-07
291.849,9.541738085923794e-07
291.913,1.0574271021120316e-06
291.977,1.1785838727379565e-06
292.041,1.2936471832273006e-06
292.105,1.400028105198075e-06
292.169,1.4976032921182004e-06
292.233,1.5862245439666202e-06
292.297,1.6864612943645398e-06
292.361,1.6770236827125592e-06
292.425,1.5574485810968218e-06
292.49,1.3289362280119305e-06
292.554,1.1234310928628022e-06
292.618,1.1509819236983872e-06
292.682,1.412435208442185e-06
292.746,1.9071200809805085e-06
292.81,2.2898785808561577e-06
292.874,2.439120724663612e-06
292.938,2.354386084476064e-06
293.002,2.1719719619008474e-06
293.066,2.1212401123105497e-06
293.13,1.2025061049952303e-06
293.194,4.760928733864235e-07
293.258,6.024074454195524e-06
293.322,9.774353037248747e-07
293.386,2.29862866560411e-06
293.45,3.62418539789192e-06
293.514,3.910186435339685e-06
293.577,4.154546300034316e-06
293.641,4.437672611163436e-06
293.705,4.629687197304297e-06
293.769,4.730625018528098e-06
293.833,4.7613861101899925e-06
293.897,4.719622271442423e-06
293.961,4.605444300451652e-06
294.025,4.43404328273513e-06
294.089,4.244623211241452e-06
294.152,4.074629974473783e-06
294.216,3.92421888927355e-06
294.28,3.7934650946251844e-06
294.344,3.6799652246620257e-06
294.408,3.583752607281939e-06
294.472,3.504947812953748e-06
294.536,3.4478859124907927e-06
294.599,3.401752616864421e-06
294.663,3.3550726508015837e-06
294.727,3.309440679534893e-06
294.791,3.2650026040251486e-06
294.855,3.2218968699779385e-06
294.918,3.180347738718319e-06
294.982,3.1404501387353e-06
295.046,3.0997314772779592e-06
295.11,3.055744750984241e-06
295.173,3.0060925203483273e-06
295.237,2.950762115399057e-06
295.301,2.8897879192419213e-06
295.364,2.8232138271254695e-06
295.428,2.7313472928118087e-06
295.492,2.614213775941297e-06
295.556,2.4910100626467827e-06
295.619,2.364032517888907e-06
295.683,2.3996174707982476e-06
295.747,2.5980074199399176e-06
295.81,2.7880548877160994e-06
295.874,2.9699770912546113e-06
295.938,2.161264337345872e-06
296.001,3.622756147609704e-07
296.065,2.7895555861571914e-07
296.128,1.9120023738104747e-06
296.192,2.524997580261893e-06
296.256,2.118588977835691e-06
296.319,1.7214884006276044e-06
296.383,1.3345215194912403e-06
296.447,1.1224254087874902e-06
296.51,1.0860199521606682e-06
296.574,1.0543737119605979e-06
296.637,1.0276350165471294e-06
296.701,9.861423277250713e-07
296.764,9.300355016510287e-07
296.828,8.801608293591105e-07
296.891,8.366166914506767e-07
296.955,7.9923699832276e-07
297.018,7.677822680289944e-07
297.082,7.419340831196712e-07
297.145,7.212765567303698e-07
297.209,7.053451205855952e-07
297.272,6.93523783188241e-07
297.336,6.85082522145592e-07
297.399,6.792965332483656e-07
297.463,6.754767683790977e-07
297.526,6.729620436244507e-07
297.59,6.713316529773278e-07
297.653,6.698180220556037e-07
297.717,6.676488377170631e-07
297.78,6.641955365320732e-07
297.843,6.589034316623895e-07
297.907,6.51256992658542e-07
297.97,6.408244767674021e-07
298.034,6.271955156911988e-07
298.097,6.100056060981443e-07
298.16,5.890828422584785e-07
298.224,5.643677432784977e-07
298.287,5.357576031698728e-07
298.35,5.031558704253034e-07
298.414,4.6648233247531537e-07
298.477,4.2560024657747307e-07
298.54,3.8048932156554565e-07
298.604,3.313375325803635e-07
298.667,2.783225629905274e-07
298.73,2.2162935530786444e-07
298.794,1.6143437498261092e-07
298.857,9.783654491118351e-08
298.92,3.102256265822537e-08
298.984,0.0
299.047,0.0
299.11,0.0
299.173,0.0
299.237,0.0
299.3,0.0
299.363,0.0
299.426,0.0
299.489,0.0
299.553,0.0
299.616,2.4533553638262464e-07
299.679,0.0
299.742,0.0
299.805,0.0
299.868,0.0
299.932,0.0
299.995,0.0
300.058,0.0
300.121,0.0
300.184,0.0
300.247,0.0
300.31,0.0
300.374,0.0
300.437,0.0
300.5,0.0
300.563,0.0
300.626,0.0
300.689,0.0
300.752,0.0
300.815,0.0
300.878,0.0
300.941,0.0
301.004,0.0
301.067,0.0
301.13,0.0
301.193,0.0
301.256,0.0
301.319,0.0
301.382,0.0
301.445,0.0
301.508,0.0
301.571,0.0
301.634,0.0
301.697,0.0
301.76,0.0
301.823,0.0
301.885,0.0
301.948,0.0
302.011,0.0
302.074,0.0
302.137,0.0
302.2,0.0
302.263,0.0
302.326,0.0
302.388,0.0
302.451,0.0
302.514,0.0
302.577,0.0
302.64,0.0
302.703,0.0
302.765,0.0
302.828,0.0
302.891,0.0
302.954,0.0
303.016,0.0
303.079,0.0
303.142,0.0
303.205,0.0
303.267,0.0
303.33,0.0
303.393,0.0
303.456,0.0
303.518,0.0
303.581,0.0
303.644,0.0
303.706,0.0
303.769,0.0
303.832,0.0
303.894,0.0
303.957,0.0
304.02,0.0
304.082,0.0
304.145,0.0
304.207,0.0
304.27,0.0
304.333,0.0
304.395,0.0
304.458,0.0
304.52,0.0
304.583,0.0
304.646,0.0
304.708,0.0
304.771,0.0
304.833,0.0
304.896,0.0
304.958,0.0
305.021,0.0
305.083,0.0
305.146,0.0
305.208,0.0
305.271,0.0
305.333,0.0
305.396,0.0
305.458,0.0
305.52,0.0
305.583,0.0
305.645,0.0
305.708,0.0
305.77,0.0
305.833,0.0
305.895,0.0
305.957,0.0
306.02,0.0
306.082,0.0
306.144,0.0
306.207,0.0
306.269,0.0
306.331,0.0
306.394,0.0
306.456,0.0
306.518,0.0
306.581,0.0
306.643,0.0
306.705,0.0
306.768,0.0
306.83,0.0
306.892,0.0
306.954,0.0
307.017,0.0
307.079,0.0
307.141,0.0
307.203,2.01458309638037e-07
307.266,3.0767436951577453e-07
307.328,3.116603913245868e-07
307.39,2.130299694183852e-07
307.452,1.1462030070386539e-08
307.514,0.0
307.577,0.0
307.639,6.816200190121487e-08
307.701,3.0576622336032615e-07
307.763,5.264923747231696e-07
307.825,7.298309569517596e-07
307.887,9.151890807179274e-07
307.949,1.0819790028102296e-06
308.012,1.2295810134091945e-06
308.074,1.357248667957572e-06
308.136,1.4642761795864437e-06
308.198,1.5500243390663092e-06
308.26,1.6346419680843772e-06
308.322,1.7174237749282197e-06
308.384,1.7977391959503535e-06
308.446,1.8748427220280042e-06
308.508,1.9479763467215867e-06
308.57,2.016553054632362e-06
308.632,2.0800109381999833e-06
308.694,2.1377720633959126e-06
308.756,2.1868879678125323e-06
308.818,2.226929868696345e-06
308.88,2.257432744566131e-06
308.942,2.2780944942934905e-06
309.004,2.2887024124144427e-06
309.066,2.2890106172435545e-06
309.128,2.2789285527283256e-06
309.19,2.258531657948609e-06
309.252,2.2282004488407556e-06
309.314,2.188466233647149e-06
309.376,2.1396885431075995e-06
309.438,2.082258754099638e-06
309.5,2.016661122892423e-06
309.562,1.9434600853855457e-06
309.624,1.8632275177490454e-06
309.686,1.7765848954773331e-06
309.747,1.6841172732102295e-06
309.809,1.5863728417249683e-06
309.871,1.4839981706400929e-06
309.933,1.3776107191275468e-06
309.995,1.2678563293314072e-06
310.057,1.1555609556971392e-06
310.119,1.0415231369342885e-06
310.18,9.264695808099389e-07
310.242,8.112006811686924e-07
310.304,6.964627277460515e-07
310.366,5.82942851820192e-07
310.428,4.714706326231626e-07
310.489,3.628867176132675e-07
310.551,2.578787930623077e-07
310.613,1.571686893650898e-07
310.675,6.150137270637842e-08
310.737,0.0
310.798,0.0
310.86,0.0
310.922,0.0
310.983,0.0
311.045,0.0
311.107,0.0
311.169,0.0
311.23,0.0
311.292,0.0
311.354,0.0
311.415,0.0
311.477,0.0
311.539,0.0
311.6,0.0
311.662,0.0
311.724,0.0
311.785,0.0
311.847,0.0
311.908,0.0
311.97,0.0
312.032,0.0
312.093,7.296015067331352e-08
312.155,1.579652924920427e-07
312.216,2.4647570463863764e-07
312.278,3.3798259182556065e-07
312.339,4.320402803592339e-07
312.401,4.0885772479712336e-07
312.462,2.678598753064311e-07
312.524,1.002205292960756e-06
312.585,2.61130044394518e-06
312.647,0.0
312.708,7.406647009870528e-07
312.77,1.4728776237346452e-06
312.831,1.3286865757971346e-06
312.893,1.301192800935134e-06
312.954,1.3898311470805374e-06
313.016,1.4748359362141426e-06
313.077,1.5558496243934854e-06
313.139,1.632578028014967e-06
313.2,1.7046763455866142e-06
313.261,1.7718486492600051e-06
313.323,1.8338604103718683e-06
313.384,1.8905868298273798e-06
313.446,1.9420683748648014e-06
313.507,1.9883813808803087e-06
313.568,2.029533788305594e-06
313.63,2.0655712894314186e-06
313.691,2.0965706109870427e-06
313.752,2.1225690949643336e-06
313.814,2.1436818502546934e-06
313.875,2.1599545450807496e-06
313.936,2.171328825712731e-06
313.998,2.1778558692286805e-06
314.059,2.179548327960257e-06
314.12,2.1763491155274087e-06
314.182,2.168300676194736e-06
314.243,2.155440461969644e-06
314.304,2.13776550119486e-06
314.365,2.1153633752292837e-06
314.427,2.0883409094419623e-06
314.488,2.0567265704383444e-06
314.549,2.020709054552708e-06
314.61,1.9805353541151245e-06
314.672,1.9362911167072077e-06
314.733,1.8881514752211625e-06
314.794,1.8363165154292058e-06
314.855,1.780959159138135e-06
314.917,1.72241366193084e-06
314.978,1.6610535499217123e-06
315.039,1.5971139303732504e-06
315.1,1.5308184649172288e-06
315.161,1.4624840723076017e-06
315.222,1.3924085368995385e-06
315.283,1.3209227107831225e-06
315.345,1.248323220457859e-06
315.406,1.1747276768476667e-06
315.467,1.1002363067028305e-06
315.528,1.025015172286493e-06
315.589,9.492298647499887e-07
315.65,8.731027951299292e-07
315.711,7.969308474330041e-07
315.772,7.209751690003949e-07
315.833,6.455739497974051e-07
315.894,5.711718545606099e-07
315.955,4.981393603836569e-07
316.016,4.2692075109375134e-07
316.078,3.5804301559823785e-07
316.139,2.9191150662168204e-07
316.2,2.2890201304268097e-07
316.261,1.693850844426017e-07
316.322,1.1363125285687852e-07
316.383,6.192952071297645e-08
316.444,1.4662230072040933e-08
316.504,0.0
316.565,0.0
316.626,0.0
316.687,0.0
316.748,0.0
316.809,0.0
316.87,0.0
316.931,0.0
316.992,0.0
317.053,0.0
317.114,0.0
317.175,0.0
317.235,0.0
317.296,0.0
317.357,0.0
317.418,0.0
317.479,0.0
317.54,0.0
317.601,0.0
317.661,0.0
317.722,1.3916025557253825e-09
317.783,3.052640180003912e-08
317.844,6.030850133937818e-08
317.904,9.048440844705813e-08
317.965,1.2068964801439728e-07
318.026,1.5048028801984505e-07
318.087,1.7953876216337022e-07
318.148,2.0759029606082042e-07
318.208,2.3440793097059655e-07
318.269,2.598628308058392e-07
318.33,2.8374946162681136e-07
318.39,3.0575860161032823e-07
318.451,3.257611850039303e-07
318.512,3.437448603546283e-07
318.572,3.5962606633469805e-07
318.633,3.733743160479621e-07
318.694,3.849317760752206e-07
318.754,3.942211246209353e-07
318.815,4.013914198952403e-07
318.876,4.067128373075751e-07
318.936,4.103192682803168e-07
318.997,4.1227413803866917e-07
319.058,4.126357834953446e-07
319.118,4.1142796934391636e-07
319.179,4.087818722266021e-07
319.239,4.048297644009306e-07
319.3,3.9953654997626727e-07
319.361,3.9284263845930955e-07
319.421,3.846796714726557e-07
319.482,3.7502796149698097e-07
319.542,3.6401648150323286e-07
319.603,3.517727203736116e-07
319.663,3.3834606506462187e-07
319.724,3.2379905463687135e-07
319.784,3.081730176082394e-07
319.845,2.9149060543856316e-07
319.905,2.739570754705287e-07
319.966,2.558921831036148e-07
320.026,2.3750617792997565e-07
320.087,2.1895619757092677e-07
320.147,2.0036637934110695e-07
320.208,1.817798465954691e-07
320.268,1.6332916507476843e-07
320.329,1.4523200028619254e-07
320.389,1.2752109840136755e-07
320.449,1.1008111014148369e-07
320.51,9.282625684689241e-08
320.57,7.569808955161327e-08
320.631,5.867293128404801e-08
320.691,4.1756724728701544e-08
320.751,2.481282477646537e-08
320.812,7.586011862854432e-09
320.872,0.0
320.932,0.0
320.993,0.0
321.053,0.0
321.113,0.0
321.174,0.0
321.234,0.0
321.294,0.0
321.355,0.0
321.415,0.0
321.475,0.0
321.535,0.0
321.596,0.0
321.656,0.0
321.716,0.0
321.776,0.0
321.837,2.710169955449613e-07
321.897,5.976560732784369e-07
321.957,8.797024899637072e-08
322.017,0.0
322.077,0.0
322.138,0.0
322.198,0.0
322.258,0.0
322.318,0.0
322.378,0.0
322.438,0.0
322.499,0.0
322.559,0.0
322.619,0.0
322.679,0.0
322.739,0.0
322.799,0.0
322.859,0.0
322.919,0.0
322.979,0.0
323.039,0.0
323.099,0.0
323.159,0.0
323.219,0.0
323.279,0.0
323.339,0.0
323.399,0.0
323.459,0.0
323.519,0.0
323.579,5.827606574417408e-09
323.639,4.131974067400377e-08
323.699,7.622248888636466e-08
323.759,1.1038005434226833e-07
323.819,1.4371187906211589e-07
323.879,1.759904332119252e-07
323.939,2.069012152615783e-07
323.999,2.3620020685744162e-07
324.059,2.6365359172899886e-07
324.119,2.890774726840712e-07
324.178,3.123896769396458e-07
324.238,3.333722227391992e-07
324.298,3.5176367584698214e-07
324.358,3.674514388376109e-07
324.418,3.8287722362852e-07
324.478,4.009712133850759e-07
324.538,4.217858330955033e-07
324.597,4.4534698668329235e-07
324.657,4.715980814833002e-07
324.717,4.97998696231449e-07
324.777,5.244978589021477e-07
324.837,5.510435373976309e-07
324.896,5.569585223709548e-07
324.956,5.178665228187011e-07
325.016,4.338417323648358e-07
325.076,3.0509407062324757e-07
325.135,1.3161952049544968e-07
325.195,0.0
325.255,0.0
325.315,0.0
325.374,0.0
325.434,0.0
325.494,0.0
325.553,3.9222663270577535e-07
325.613,1.0322427255970247e-06
325.673,1.3339432989430033e-06
325.732,1.2975286237271397e-06
325.792,9.232877015661065e-07
325.852,3.357317058992349e-07
325.911,0.0
325.971,0.0
326.031,0.0
326.09,0.0
326.15,0.0
326.209,0.0
326.269,0.0
326.328,0.0
326.388,0.0
326.448,0.0
326.507,0.0
326.567,0.0
326.626,0.0
326.686,0.0
326.745,0.0
326.805,0.0
326.864,0.0
326.924,0.0
326.983,0.0
327.043,0.0
327.102,0.0
327.161,0.0
327.221,1.8038347878990704e-08
327.28,3.533524413014937e-08
327.34,5.01127203353403e-08
327.399,6.324706088670486e-08
327.459,7.459512000315022e-08
327.518,8.431505342260875e-08
327.577,9.288809644272837e-08
327.637,1.0119531369765878e-07
327.696,1.1039227318323312e-07
327.755,1.2167288246025918e-07
327.815,1.3573736667107352e-07
327.874,1.520830103989254e-07
327.933,1.7171729354758423e-07
327.993,1.9271433320468615e-07
328.052,2.1333614481226038e-07
328.111,2.320581666358195e-07
328.171,2.509205828843208e-07
328.23,2.728980446126075e-07
328.289,3.0046255465311977e-07
328.349,3.330666537611162e-07
328.408,3.7117121564047445e-07
328.467,4.153471838887615e-07
328.526,4.653911943935117e-07
328.586,5.199078338607333e-07
328.645,5.735603530097384e-07
328.704,6.174313711811532e-07
328.763,6.465908676511059e-07
328.822,6.703485050493647e-07
328.882,6.949070406575098e-07
328.941,7.379388059166811e-07
329.0,8.186358375069964e-07
329.059,9.476982073212803e-07
329.118,1.1471787893911558e-06
329.177,1.45186586030081e-06
329.237,1.8897572861418778e-06
329.296,2.458552879280692e-06
329.355,3.1622237615902376e-06
329.414,3.967559041141296e-06
329.473,4.853830791409778e-06
329.532,5.898398297997093e-06
329.591,7.128519940457853e-06
329.65,8.462547842069062e-06
329.709,9.832701423059199e-06
329.768,1.107062721132137e-05
329.827,1.2212499908909948e-05
329.886,1.4111520717503087e-05
329.945,1.7693535605313984e-05
330.004,2.467897408690217e-05
330.063,3.681707858839022e-05
330.122,5.007535732602175e-05
330.181,5.7241493787997554e-05
330.24,5.6205990840753624e-05
330.299,4.8190058313662206e-05
330.358,3.139924784731558e-05
330.417,2.3408588470254625e-05
330.476,1.7256472836181608e-05
330.535,1.214599669653757e-05
330.594,9.051581674778944e-06
330.653,7.181901345886739e-06
330.712,5.885552481418035e-06
330.771,4.91762891575116e-06
330.83,4.1353932777755335e-06
330.889,3.5124490960585484e-06
330.948,3.030599635814346e-06
331.006,2.619155913112035e-06
331.065,2.197300868635827e-06
331.124,1.7591185161072628e-06
331.183,1.3131070689567432e-06
331.242,8.97604004935867e-07
331.301,5.268355190544048e-07
331.359,1.903454367828414e-07
331.418,0.0
331.477,0.0
331.536,0.0
331.595,0.0
331.653,0.0
331.712,0.0
331.771,0.0
331.83,0.0
331.888,0.0
331.947,0.0
332.006,0.0
332.065,0.0
332.123,0.0
332.182,0.0
332.241,0.0
332.299,0.0
332.358,0.0
332.417,0.0
332.475,0.0
332.534,0.0
332.592,0.0
332.651,0.0
332.71,0.0
332.768,0.0
332.827,0.0
332.885,0.0
332.944,0.0
333.003,6.88717682581477e-08
333.061,1.5469501544644327e-07
333.12,2.2939925260307712e-07
333.178,2.926250558489971e-07
333.237,3.4525965288467225e-07
333.295,3.887101883448927e-07
333.354,4.2463986175572877e-07
333.412,4.5477858039220996e-07
333.471,4.806557395549351e-07
333.529,5.034313163893402e-07
333.588,5.235952606803563e-07
333.646,5.413697191211081e-07
333.705,5.568170436832158e-07
333.763,5.700965389826543e-07
333.822,5.812186344800969e-07
333.88,5.907207489133671e-07
333.938,5.992106917211825e-07
333.997,6.071186591350773e-07
334.055,6.147108321759834e-07
334.114,6.221034036261257e-07
334.172,6.292693536048715e-07
334.23,6.361691594988318e-07
334.289,6.427612653381675e-07
334.347,6.489123806566627e-07
334.405,6.544956758868054e-07
334.464,6.595101937101896e-07
334.522,6.640451190421766e-07
334.58,6.708793997703244e-07
334.639,6.803417403022663e-07
334.697,6.926698648937046e-07
334.755,7.080522546316046e-07
334.814,7.265998469466643e-07
334.872,7.48393276584002e-07
334.93,7.735344809740492e-07
334.988,8.02084686066788e-07
335.047,8.132438479207306e-07
335.105,8.068894413298147e-07
335.163,7.827812813467324e-07
335.221,7.407240902043454e-07
335.28,6.805839681331182e-07
335.338,6.021947972880679e-07
335.396,5.053921759433895e-07
335.454,3.8999453612949906e-07
335.512,3.810792927872319e-07
335.57,4.785948127165263e-07
335.629,6.824992476101887e-07
335.687,9.926143447976117e-07
335.745,1.194927303627254e-06
335.803,1.2890800549653301e-06
335.861,1.2747236993181707e-06
335.919,1.1516505580664029e-06
335.977,1.0447309412589164e-06
336.035,9.53579555949339e-07
336.094,8.780826331740422e-07
336.152,8.181622084157593e-07
336.21,7.737477279814507e-07
336.268,7.448031545066327e-07
336.326,7.313228500230032e-07
336.384,7.332177803820894e-07
336.442,7.100843606086985e-07
336.5,6.62082096514946e-07
336.558,5.893731034859403e-07
336.616,4.918952596118509e-07
336.674,5.331306011310657e-07
336.732,7.13118696329031e-07
336.79,1.0318898579705454e-06
336.848,1.4895313553093002e-06
336.906,1.1101661156442897e-06
336.964,0.0
337.022,0.0
337.08,0.0
337.138,3.0917255579563304e-07
337.195,4.917138614758993e-07
337.253,5.335259168552774e-07
337.311,4.348737065615307e-07
337.369,3.5728103825012765e-07
337.427,2.9836750800097817e-07
337.485,2.559053142046302e-07
337.543,2.3016127684892094e-07
337.601,2.018675037022401e-07
337.658,1.714232059422838e-07
337.716,1.3925052512343597e-07
337.774,1.0562298507190715e-07
337.832,5.801026707128848e-08
337.89,0.0
337.947,0.0
338.005,0.0
338.063,0.0
338.121,0.0
338.178,0.0
338.236,0.0
338.294,0.0
338.352,0.0
338.409,0.0
338.467,0.0
338.525,0.0
338.583,0.0
338.64,0.0
338.698,0.0
338.756,0.0
338.813,0.0
338.871,0.0
338.928,0.0
338.986,0.0
339.044,0.0
339.101,0.0
339.159,0.0
339.216,0.0
339.274,0.0
339.332,0.0
339.389,0.0
339.447,0.0
339.504,0.0
339.562,0.0
339.619,0.0
339.677,0.0
339.734,0.0
339.792,0.0
339.849,0.0
339.907,0.0
339.964,0.0
340.022,0.0
340.079,0.0
340.137,0.0
340.194,0.0
340.252,0.0
340.309,0.0
340.366,0.0
340.424,0.0
340.481,0.0
340.538,0.0
340.596,0.0
340.653,0.0
340.711,0.0
340.768,0.0
340.825,0.0
340.883,0.0
340.94,0.0
340.997,0.0
341.054,0.0
341.112,0.0
341.169,0.0
341.226,0.0
341.284,0.0
341.341,0.0
341.398,0.0
341.455,0.0
341.512,0.0
341.57,0.0
341.627,0.0
341.684,0.0
341.741,0.0
341.798,0.0
341.856,0.0
341.913,0.0
341.97,0.0
342.027,0.0
342.084,0.0
342.141,0.0
342.198,0.0
342.255,0.0
342.313,0.0
342.37,0.0
342.427,0.0
342.484,0.0
342.541,0.0
342.598,0.0
342.655,0.0
342.712,0.0
342.769,0.0
342.826,0.0
342.883,0.0
342.94,0.0
342.997,0.0
343.054,0.0
343.111,0.0
343.168,0.0
343.225,0.0
343.282,0.0
343.339,0.0
343.395,1.5702312170780832e-08
343.452,1.0887589710568505e-07
343.509,2.026255161175288e-07
343.566,2.937907819747119e-07
343.623,3.816927178516585e-07
343.68,4.656924877840592e-07
343.737,5.452664383131363e-07
343.794,6.199418129540173e-07
343.85,6.892596008137596e-07
343.907,7.528343545555879e-07
343.964,8.102742001366762e-07
344.021,8.613324852676016e-07
344.078,9.059872735729064e-07
344.134,9.442051055389597e-07
344.191,9.75898528287848e-07
344.248,1.000942872984806e-06
344.305,1.019191409822169e-06
344.361,1.030611801173692e-06
344.418,1.0353514915766736e-06
344.475,1.0350922616284566e-06
344.532,1.0299871539103302e-06
344.588,1.0202305551607452e-06
344.645,1.006050251147884e-06
344.702,9.877273781161389e-07
344.758,9.65608011090658e-07
344.815,9.399281883346514e-07
344.872,9.1081849139734e-07
344.928,8.783825663096901e-07
344.985,8.4271764627442e-07
345.042,8.040145822515413e-07
345.098,7.625976703676326e-07
345.155,7.188059946437334e-07
345.212,6.729711521265582e-07
345.268,6.2547352602026e-07
345.325,5.766783166400288e-07
345.381,5.27030916413298e-07
345.438,4.771006925648468e-07
345.495,4.2741379009496057e-07
345.551,3.7836632144709095e-07
345.608,3.3030604238966855e-07
345.664,2.835431226488527e-07
345.721,2.3836581554753925e-07
345.777,1.9515732309915872e-07
345.834,1.5417924221725765e-07
345.89,1.1547984505993465e-07
345.947,7.910211119460813e-08
346.003,4.511691162075278e-08
346.06,1.3648954581335377e-08
346.116,0.0
346.173,0.0
346.229,0.0
346.285,0.0
346.342,0.0
346.398,0.0
346.455,0.0
346.511,0.0
346.567,0.0
346.624,0.0
346.68,0.0
346.737,0.0
346.793,0.0
346.849,0.0
346.906,0.0
346.962,0.0
347.018,0.0
347.074,0.0
347.131,0.0
347.187,0.0
347.243,0.0
347.3,0.0
347.356,0.0
347.412,0.0
347.468,0.0
347.524,0.0
347.581,0.0
347.637,0.0
347.693,0.0
347.749,0.0
347.805,0.0
347.862,0.0
347.918,0.0
347.974,0.0
348.03,0.0
348.086,0.0
348.142,0.0
348.198,0.0
348.254,0.0
348.311,3.867551612296565e-09
348.367,1.284041372090729e-08
348.423,2.2161117853602194e-08
348.479,3.1855872175968226e-08
348.535,4.184388559857589e-08
348.591,5.1913317868636564e-08
348.647,6.190949947905211e-08
348.703,7.177557879408854e-08
348.759,8.143139669303238e-08
348.815,9.084991209148524e-08
348.871,9.99977622560574e-08
348.927,1.0869418674012852e-07
348.983,1.1686607392214851e-07
349.039,1.245602568283548e-07
349.095,1.317927968306732e-07
349.151,1.3859064869107723e-07
349.207,1.4493315067590673e-07
349.263,1.507077460360521e-07
349.319,1.5586529681722082e-07
349.374,1.6051446259483335e-07
349.43,1.6473733897031312e-07
349.486,1.6857123137197994e-07
349.542,1.7203001829189372e-07
349.598,1.7504167041380533e-07
349.654,1.776097683791478e-07
349.71,1.7984374727700388e-07
349.766,1.8180020073656385e-07
349.821,1.8348189607195383e-07
349.877,1.8485657259268826e-07
349.933,1.8583535857187273e-07
349.989,1.8638107611054263e-07
350.045,1.865655061079331e-07
350.1,1.864241374740089e-07
350.156,1.8595616977797192e-07
350.212,1.8518633804041145e-07
350.268,1.8409247137136915e-07
350.323,1.8271208980495334e-07
350.379,1.811972598701316e-07
350.435,1.7967413047955148e-07
350.491,1.7822299227050997e-07
350.546,1.7693844081118694e-07
350.602,1.7586434216308025e-07
350.658,1.7507441742627875e-07
350.713,1.747821439147759e-07
350.769,1.7513437178555938e-07
350.825,1.761791554962787e-07
350.88,1.7793328302238618e-07
350.936,1.8032046697840782e-07
350.992,1.8329585747760494e-07
351.047,1.8688796038529574e-07
351.103,1.9106413525313027e-07
351.158,1.957132857388905e-07
351.214,2.0073380796074603e-07
351.27,2.0602621155501793e-07
351.325,2.1154462542730567e-07
351.381,2.173536941170653e-07
351.436,2.2345196596969376e-07
351.492,2.2976113118623162e-07
351.547,2.362251046724137e-07
351.603,2.4274880447602863e-07
351.658,2.4925978171273306e-07
351.714,2.5576019476071973e-07
351.769,2.6220251740567227e-07
351.825,2.684619032534068e-07
351.88,2.744306584926501e-07
351.936,2.8003306681993155e-07
351.991,2.85219032878423e-07
352.047,2.900211709538189e-07
352.102,2.944654763763572e-07
352.158,2.9846854374021135e-07
352.213,3.019220638085843e-07
352.268,3.047301771492123e-07
352.324,3.068019255446467e-07
352.379,3.080758155349236e-07
352.434,3.0846197178530166e-07
352.49,3.077875867230901e-07
352.545,3.0588194354472783e-07
352.601,3.0266559167160733e-07
352.656,2.9814862981685317e-07
352.711,2.9244124397472375e-07
352.767,2.856642368070508e-07
352.822,2.778867238164981e-07
352.877,2.691908013765098e-07
352.932,2.5966744065873363e-07
352.988,2.4941407663060615e-07
353.043,2.3855993119878683e-07
353.098,2.271943392499248e-07
353.153,2.1530832963623886e-07
353.209,2.02914740101502e-07
353.264,1.9008473045262322e-07
353.319,1.7689787361130586e-07
353.374,1.6352490003930795e-07
353.43,1.501436887313386e-07
353.485,1.3682871756894316e-07
353.54,1.236655620216605e-07
353.595,1.1078794726985345e-07
353.65,9.831918319882084e-08
353.705,8.63550414329281e-08
353.761,7.496288208035681e-08
353.816,6.4130664056978e-08
353.871,5.381714412651277e-08
353.926,4.410049669210854e-08
353.981,3.5112753824507227e-08
354.036,2.6971083570716338e-08
354.091,1.979344704656315e-08
354.146,1.367395451995864e-08
354.201,8.696527699061852e-09
354.256,4.977386354913996e-09
354.311,2.6767482246614653e-09
354.367,1.8857276758981386e-09
354.422,2.6047836203161478e-09
354.477,4.772605523781702e-09
354.532,8.274950495156506e-09
354.587,1.3030590730093735e-08
354.642,1.8985662134489218e-08
354.697,2.6094290768606225e-08
354.751,3.4289436974799546e-08
354.806,4.343162394391069e-08
354.861,5.337370320257668e-08
354.916,6.405409338842621e-08
354.971,7.542076434645663e-08
355.026,8.739077079857732e-08
355.081,9.989854069891812e-08
355.136,1.1278583781851165e-07
355.191,1.2586395291627528e-07
355.246,1.390659363183304e-07
355.301,1.523270316775871e-07
355.355,1.6552289582080559e-07
355.41,1.7856263046539438e-07
355.465,1.913649516269354e-07
355.52,2.0384242622608756e-07
355.575,2.159901717906957e-07
355.63,2.2783643393005603e-07
355.684,2.3929888259877167e-07
355.739,2.502597293651504e-07
355.794,2.606282338277974e-07
355.849,2.7030026218880357e-07
355.904,2.792063282822215e-07
355.958,2.873043375384857e-07
356.013,2.9453582962858204e-07
356.068,3.00786921868774e-07
356.123,3.0595616674544986e-07
356.177,3.100137957391602e-07
356.232,3.129844815164422e-07
356.287,3.149393430246116e-07
356.341,3.159410472209893e-07
356.396,3.1602618312004445e-07
356.451,3.152045369833927e-07
356.505,3.1351547397634635e-07
356.56,4.4058235470226105e-07
356.615,6.965923615436281e-07
356.669,2.7012422177007655e-09
356.724,0.0
356.778,2.2393838868918167e-06
356.833,5.953353915119213e-07
356.888,0.0
356.942,1.555826780715652e-07
356.997,2.810650949008337e-07
357.051,2.771583519268112e-07
357.106,2.7344045044191036e-07
357.16,2.6992824502033506e-07
357.215,2.6666629510885517e-07
357.269,2.637262840155325e-07
357.324,2.610739723544424e-07
357.378,2.586562229838111e-07
357.433,2.5648461925268433e-07
357.487,2.545676530755178e-07
357.542,2.529143630943641e-07
357.596,2.515515224795188e-07
357.651,2.5045694523816165e-07
357.705,2.4962966869918965e-07
357.76,2.49092033871711e-07
357.814,2.489046590260848e-07
357.868,2.4919930746228566e-07
357.923,2.500252359941956e-07
357.977,2.513132283224489e-07
358.032,2.529773492672123e-07
358.086,2.5490285636453505e-07
358.14,2.569660349491359e-07
358.195,2.5916012074774365e-07
358.249,2.6149247531637795e-07
358.303,2.63807593706092e-07
358.358,2.6587052902395075e-07
358.412,2.674512284232651e-07
358.466,2.682769462875852e-07
358.521,2.680892372583732e-07
358.575,2.666253249021687e-07
358.629,2.637730405702697e-07
358.683,2.5934693828701776e-07
358.738,2.5328567327185e-07
358.792,2.4557320192743587e-07
358.846,2.3604221067549648e-07
358.9,2.247690735122416e-07
358.954,2.1167569357828612e-07
359.009,1.966547853557791e-07
359.063,1.7979691727917914e-07
359.117,1.6124814657395221e-07
359.171,1.4117637913177198e-07
359.225,1.1978904477582126e-07
359.28,9.714170857610452e-08
359.334,7.323747515604883e-08
359.388,4.8141618421274635e-08
359.442,2.179704377192007e-08
359.496,0.0
359.55,0.0
359.604,0.0
359.658,0.0
359.712,0.0
359.766,0.0
359.82,0.0
359.875,0.0
359.929,0.0
359.983,0.0
360.037,0.0
360.091,0.0
360.145,0.0
360.199,0.0
360.253,0.0
360.306,0.0
360.36,0.0
360.414,0.0
360.468,0.0
360.522,0.0
360.576,0.0
360.63,0.0
360.684,0.0
360.738,0.0
360.792,0.0
360.846,0.0
360.899,0.0
360.953,0.0
361.007,0.0
361.061,6.04730733755092e-08
361.115,1.825518824219582e-07
361.168,3.0903484698255897e-07
361.222,4.3769170439824714e-07
361.276,5.640971222674784e-07
361.33,6.842058950307171e-07
361.384,7.956568985290378e-07
361.437,8.952655569404936e-07
361.491,9.830125571903902e-07
361.545,1.0525821776988053e-06
361.599,1.1042515956344849e-06
361.652,1.1481769052789202e-06
361.706,1.1893476799439713e-06
361.76,1.2358787764424193e-06
361.813,1.299637079648735e-06
361.867,1.372744572080111e-06
361.921,1.4293590694131817e-06
361.974,1.4860531673819402e-06
362.028,1.5393811151798095e-06
362.082,1.575622671393781e-06
362.135,1.582289451373466e-06
362.189,1.5171917167790313e-06
362.242,1.3552415741404247e-06
362.296,1.1285774139727502e-06
362.35,9.760763072046982e-07
362.403,8.692797901206137e-07
362.457,7.591482485731788e-07
362.51,5.107644887045222e-07
362.564,0.0
362.617,0.0
362.671,0.0
362.724,0.0
362.778,0.0
362.831,1.2572520603572181e-06
362.885,7.40566089308369e-07
362.938,0.0
362.998,1.175261280387609e-06
363.06,1.1630851113968616e-06
363.122,1.1474736639722296e-06
363.184,1.1283962044030196e-06
363.246,1.1057833789771204e-06
363.308,1.0798110410504958e-06
363.37,1.0509685735326925e-06
363.432,1.0196552325980169e-06
363.494,9.862791060360175e-07
363.556,9.514812073649022e-07
363.618,9.158370815945972e-07
363.68,8.7988824681291e-07
363.742,8.442842139161527e-07
363.804,8.093748102521102e-07
363.866,7.753581898072243e-07
363.928,7.425705182124587e-07
363.99,7.111705981064768e-07
364.052,6.812290721999822e-07
364.114,6.53002755565154e-07
364.176,6.266858582126042e-07
364.238,6.023949084033655e-07
364.3,5.804790040019697e-07
364.362,5.612068793658326e-07
364.424,5.447686785402553e-07
364.486,5.315152925214191e-07
364.548,5.215668827808565e-07
364.609,5.148181518458622e-07
364.671,5.110901807498799e-07
364.733,5.101257234229343e-07
364.795,5.11647087765693e-07
364.857,5.154480016562705e-07
364.919,5.212305530458446e-07
364.981,5.285693680601486e-07
365.042,5.373101910094149e-07
365.104,5.474702464207147e-07
365.166,5.591289259255013e-07
365.228,5.723786215133901e-07
365.29,5.869657297623672e-07
365.351,6.023883953156861e-07
365.413,6.182035259024437e-07
365.475,6.339715996442061e-07
365.537,6.492033982311903e-07
365.598,6.635552581443383e-07
365.66,6.766836006709839e-07
365.722,6.882109028773548e-07
365.784,6.980046081533668e-07
365.845,7.059975443657325e-07
365.907,7.121334968614169e-07
365.969,7.164933928154682e-07
366.03,7.190416401126096e-07
366.092,7.194809723156012e-07
366.154,7.174734525182376e-07
366.215,7.127132445543701e-07
366.277,7.04829610612256e-07
366.339,6.935309689436782e-07
366.4,6.784673463188129e-07
366.462,6.591954844888751e-07
366.524,6.355417187263446e-07
366.585,6.075379486126567e-07
366.647,5.7542467399955e-07
366.708,5.394346399317271e-07
366.77,4.996382116014512e-07
366.832,4.5618984941226533e-07
366.893,4.0934784857714387e-07
366.955,3.5945927964173916e-07
367.016,3.068345543991836e-07
367.078,2.516231478568292e-07
367.139,1.938119192172521e-07
367.201,1.3352083721925224e-07
367.262,7.119028081395311e-08
367.324,7.391988879111801e-09
367.385,0.0
367.447,0.0
367.508,0.0
367.57,0.0
367.631,0.0
367.693,0.0
367.754,0.0
367.816,0.0
367.877,0.0
367.939,0.0
368.0,0.0
368.062,0.0
368.123,0.0
368.184,0.0
368.246,0.0
368.307,0.0
368.369,0.0
368.43,0.0
368.491,0.0
368.553,0.0
368.614,0.0
368.675,0.0
368.737,0.0
368.798,0.0
368.859,0.0
368.921,0.0
368.982,0.0
369.043,0.0
369.104,0.0
369.166,0.0
369.227,0.0
369.288,0.0
369.349,0.0
369.411,0.0
369.472,0.0
369.533,0.0
369.594,0.0
369.656,0.0
369.717,0.0
369.778,7.776135029566814e-08
369.839,1.7484558965110795e-07
369.9,2.738789506764324e-07
369.961,3.7466712468371086e-07
370.023,4.7667313917102987e-07
370.084,5.790400948616117e-07
370.145,6.81035522785958e-07
370.206,7.821961949055003e-07
370.267,8.819599548950374e-07
370.328,9.796446646566586e-07
370.389,1.0745489474789963e-06
370.451,1.165915153342691e-06
370.512,1.253144996927519e-06
370.573,1.33597838074804e-06
370.634,1.414015041769177e-06
370.695,1.4866887769228835e-06
370.756,1.5536345108612069e-06
370.817,1.6142840426139482e-06
370.878,1.6680563982374862e-06
370.939,1.7147068260341946e-06
371.0,1.753931228228506e-06
371.061,1.7853795044249745e-06
371.122,1.8088652152085629e-06
371.183,1.8242528806878892e-06
371.244,1.831552134745503e-06
371.305,1.8311732002138514e-06
371.366,1.823659649660817e-06
371.427,1.809381470618188e-06
371.488,1.7885870478775143e-06
371.549,1.761429901984161e-06
371.61,1.728132381465956e-06
371.671,1.6891298896461127e-06
371.732,1.64479410813886e-06
371.793,1.595254149008474e-06
371.853,1.5406163745970513e-06
371.914,1.4811560609702061e-06
371.975,1.417422599018961e-06
372.036,1.3502230481661294e-06
372.097,1.2803269418647174e-06
372.158,1.2082248679922392e-06
372.219,1.134460171753512e-06
372.28,1.0596774690712053e-06
372.34,9.844557747454035e-07
372.401,9.094694221610335e-07
372.462,8.35331898041424e-07
372.523,7.623925417673373e-07
372.584,6.910467813895597e-07
372.645,6.21826637997157e-07
372.705,5.552098414349638e-07
372.766,4.919368862938034e-07
372.827,4.328316221958214e-07
372.888,3.7845036679011096e-07
372.948,3.293257762108309e-07
373.009,2.859668214326924e-07
373.07,2.4877087628183346e-07
373.131,2.1811458774925364e-07
373.191,1.9421848801123716e-07
373.252,1.769744116377484e-07
373.313,1.6614904759456935e-07
373.373,1.6155587205282572e-07
373.434,1.6303642721049628e-07
373.495,1.7043493708785975e-07
373.555,1.835869351393572e-07
373.616,2.0219042503573899e-07
373.677,2.258988240478482e-07
373.737,2.544498575564526e-07
373.798,2.8746428732553244e-07
373.859,3.24365196831902e-07
373.919,3.644686631464382e-07
373.98,4.070326662716039e-07
374.041,4.5126449146243067e-07
374.101,4.96575239087358e-07
374.162,5.424061845190005e-07
374.222,5.880576729613556e-07
374.283,6.329748232087074e-07
374.343,6.766920209751437e-07
374.404,7.187147688263623e-07
374.465,7.586821786059917e-07
374.525,7.962705859513527e-07
374.586,8.309895836908053e-07
374.646,8.623285098538982e-07
374.707,8.897148970822258e-07
374.767,9.125200835845021e-07
374.828,9.301880882275105e-07
374.888,9.422217325238761e-07
374.949,9.48127362735729e-07
375.009,9.47473609278595e-07
375.07,9.399429256438963e-07
375.13,9.253222704750263e-07
375.19,9.0355652342069e-07
375.251,8.746635477965149e-07
375.311,8.386605360219124e-07
375.372,7.956387549362298e-07
375.432,7.458588820781976e-07
375.493,6.895648841595735e-07
375.553,6.27065283449708e-07
375.613,5.588507263692048e-07
375.674,4.853815296733991e-07
375.734,4.0725909923081677e-07
375.794,3.253378766313587e-07
375.855,2.4040313559426524e-07
375.915,1.5311767671865086e-07
375.975,6.422615471543072e-08
376.036,0.0
376.096,0.0
376.156,0.0
376.217,0.0
376.277,0.0
376.337,0.0
376.398,0.0
376.458,0.0
376.518,0.0
376.578,0.0
376.639,0.0
376.699,0.0
376.759,0.0
376.819,0.0
376.88,0.0
376.94,0.0
377.0,0.0
377.06,0.0
377.12,0.0
377.18,0.0
377.241,0.0
377.301,0.0
377.361,0.0
377.421,0.0
377.481,0.0
377.541,0.0
377.601,0.0
377.661,0.0
377.722,0.0
377.782,0.0
377.842,0.0
377.902,0.0
377.962,0.0
378.022,0.0
378.082,0.0
378.142,0.0
378.202,0.0
378.262,0.0
378.322,0.0
378.382,0.0
378.442,0.0
378.502,0.0
378.562,0.0
378.622,0.0
378.682,0.0
378.742,0.0
378.802,0.0
378.862,0.0
378.921,0.0
378.981,0.0
379.041,0.0
379.101,0.0
379.161,0.0
379.221,0.0
379.281,0.0
379.341,0.0
379.401,0.0
379.46,0.0
379.52,0.0
379.58,0.0
379.64,0.0
379.7,0.0
379.759,0.0
379.819,0.0
379.879,0.0
379.939,0.0
379.999,0.0
380.058,0.0
380.118,0.0
380.178,0.0
380.237,0.0
380.297,0.0
380.357,0.0
380.417,0.0
380.476,0.0
380.536,0.0
380.596,0.0
380.655,0.0
380.715,0.0
380.775,0.0
380.834,0.0
380.894,0.0
380.954,0.0
381.013,0.0
381.073,0.0
381.132,0.0
381.192,0.0
381.252,0.0
381.311,0.0
381.371,0.0
381.43,0.0
381.49,0.0
381.549,0.0
381.609,0.0
381.668,0.0
381.728,0.0
381.787,0.0
381.847,0.0
381.906,0.0
381.966,0.0
382.025,0.0
382.085,0.0
382.144,0.0
382.204,0.0
382.263,9.731424265558869e-08
382.323,2.7896822809286546e-07
382.382,4.617731878489598e-07
382.441,6.446193507122704e-07
382.501,8.262140003262212e-07
382.56,1.0053749135706962e-06
382.619,1.18105062764917e-06
382.679,1.3521170160965144e-06
382.738,1.5173540158977167e-06
382.798,1.6754950749914112e-06
382.857,1.8250582868780174e-06
382.916,1.9646421163769306e-06
382.976,2.09316899948039e-06
383.035,2.2096711678419833e-06
383.094,2.3133960407629423e-06
383.154,2.403615477419047e-06
383.213,2.4795627425791877e-06
383.272,2.540798287212461e-06
383.331,2.587148390353884e-06
383.391,2.6185762799259157e-06
383.45,2.635070086138028e-06
383.509,2.63656107573972e-06
383.568,2.6229595762905205e-06
383.628,2.594337562229237e-06
383.687,2.5510685200271234e-06
383.746,2.4934795517191724e-06
383.805,2.4219368359896872e-06
383.864,2.3370981140222276e-06
383.924,2.2397703739480972e-06
383.983,2.1310311002150623e-06
384.042,2.0122091178160535e-06
384.101,1.884520110222741e-06
384.16,1.749050975427162e-06
384.219,1.6069578412391702e-06
384.279,1.4593688347208098e-06
384.338,1.307410519285625e-06
384.397,1.1523620499537784e-06
384.456,9.954338781811743e-07
384.515,8.37684667231764e-07
384.574,6.801903991665272e-07
384.633,5.240449534967254e-07
384.692,3.704265604917211e-07
384.751,2.2071764760695059e-07
384.81,7.619875452807799e-08
384.869,0.0
384.929,0.0
384.988,0.0
385.047,0.0
385.106,0.0
385.165,0.0
385.224,0.0
385.283,0.0
385.342,0.0
385.401,0.0
385.459,0.0
385.518,0.0
385.577,0.0
385.636,0.0
385.695,0.0
385.754,0.0
385.813,0.0
385.872,0.0
385.931,0.0
385.99,0.0
386.049,0.0
386.107,0.0
386.166,0.0
386.225,0.0
386.284,0.0
386.343,0.0
386.402,0.0
386.46,0.0
386.519,0.0
386.578,0.0
386.637,0.0
386.696,0.0
386.754,0.0
386.813,3.769262453880755e-08
386.872,9.446976190534742e-08
386.931,1.4663527038372833e-07
386.989,1.9343474854654536e-07
387.048,2.3436333602176927e-07
387.107,2.6916672631872897e-07
387.165,2.97571503263706e-07
387.224,3.193215181138228e-07
387.283,3.34254675556205e-07
387.342,3.421694260228406e-07
387.4,3.430615597407045e-07
387.459,3.3709942650932213e-07
387.517,3.2433946117056343e-07
387.576,3.048191369166715e-07
387.635,2.786413540024918e-07
387.693,2.4590774428768196e-07
387.752,2.0680882867490364e-07
387.811,1.6168073873303847e-07
387.869,1.1083164929291577e-07
387.928,5.459362151193532e-08
387.986,0.0
388.045,0.0
388.103,0.0
388.162,0.0
388.221,0.0
388.279,0.0
388.338,0.0
388.396,0.0
388.455,0.0
388.513,0.0
388.572,0.0
388.63,0.0
388.689,0.0
388.747,0.0
388.806,0.0
388.864,0.0
388.922,0.0
388.981,0.0
389.039,0.0
389.098,0.0
389.156,0.0
389.214,0.0
389.273,0.0
389.331,0.0
389.39,0.0
389.448,0.0
389.506,0.0
389.565,0.0
389.623,0.0
389.681,0.0
389.74,0.0
389.798,0.0
389.856,0.0
389.914,0.0
389.973,2.5225249175744294e-06
390.031,0.0
390.089,0.0
390.147,0.0
390.206,0.0
390.264,0.0
390.322,0.0
390.38,0.0
390.439,0.0
390.497,0.0
390.555,0.0
390.613,0.0
390.671,0.0
390.729,0.0
390.788,0.0
390.846,0.0
390.904,0.0
390.962,0.0
391.02,0.0
391.078,0.0
391.136,0.0
391.194,0.0
391.253,0.0
391.311,0.0
391.369,0.0
391.427,0.0
391.485,0.0
391.543,1.4103319662558053e-10
391.601,1.322344284551515e-07
391.659,2.6083007463939546e-07
391.717,3.850678825673843e-07
391.775,5.04006654105399e-07
391.833,6.169517465785087e-07
391.891,7.236480112628764e-07
391.949,8.237093184060831e-07
392.007,9.164915751515486e-07
392.065,1.001332892904223e-06
392.123,1.0775822733521311e-06
392.18,1.1447988410307945e-06
392.238,1.2028337709304107e-06
392.296,1.251492864795209e-06
392.354,1.2904799403541727e-06
392.412,1.319791098101144e-06
392.47,1.3395835020118124e-06
392.528,1.3500332171509018e-06
392.586,1.3515155430528771e-06
392.644,1.3442718698006385e-06
392.701,1.3284883212991345e-06
392.759,1.304594918688574e-06
392.817,1.2729188536856916e-06
392.875,1.2337242268196549e-06
392.933,1.18750201744563e-06
392.991,1.1347223963682326e-06
393.048,1.0757698733563461e-06
393.106,1.0112594096116173e-06
393.164,9.417254037745306e-07
393.222,8.677194238144622e-07
393.279,7.902718295848788e-07
393.337,7.103811492918736e-07
393.395,6.288720488401692e-07
393.453,5.466543289472301e-07
393.51,4.6466863700895787e-07
393.568,3.838718825212221e-07
393.626,3.0533018240403325e-07
393.684,2.2990943419462992e-07
393.741,1.5792752798728436e-07
393.799,8.970745678146363e-08
393.857,2.580839819792337e-08
393.914,0.0
393.972,0.0
394.03,0.0
394.087,0.0
394.145,0.0
394.202,0.0
394.26,0.0
394.318,0.0
394.375,0.0
394.433,0.0
394.49,0.0
394.548,0.0
394.605,0.0
394.663,0.0
394.72,0.0
394.778,0.0
394.836,0.0
394.893,0.0
394.951,0.0
395.008,0.0
395.065,1.246586768775104e-08
395.123,5.464370839718103e-08
395.18,9.680183194294604e-08
395.238,1.3804529265561935e-07
395.295,1.7739703080164015e-07
395.353,2.1398567153615425e-07
395.41,2.470189705713319e-07
395.468,2.7561584033158267e-07
395.525,2.9904080716997005e-07
395.582,3.170886126670146e-07
395.64,3.296431261751434e-07
395.697,3.3654944466026433e-07
395.754,3.376919927163616e-07
395.812,3.3278820561086725e-07
395.869,3.2154502897222556e-07
395.927,3.0374508085424866e-07
395.984,2.791842829652903e-07
396.041,2.477380089087319e-07
396.098,2.095435770295409e-07
396.156,1.6487591744698203e-07
396.213,1.1410872235251807e-07
396.27,5.791504699116965e-08
396.328,0.0
396.385,0.0
396.442,0.0
396.499,0.0
396.557,0.0
396.614,0.0
396.671,0.0
396.728,0.0
396.785,0.0
396.843,0.0
396.9,0.0
396.957,0.0
397.014,0.0
397.071,0.0
397.128,0.0
397.186,0.0
397.243,0.0
397.3,0.0
397.357,0.0
397.414,0.0
397.471,0.0
397.528,1.4644547675606018e-08
397.585,2.007282427253581e-07
397.642,4.132123972359347e-07
397.699,6.532727574018709e-07
397.756,9.221058169889273e-07
397.814,1.220623649246952e-06
397.871,1.549320440037759e-06
397.928,1.9075648705987346e-06
397.985,2.2942666250859147e-06
398.042,2.7079623466919282e-06
398.099,3.1468669966853462e-06
398.156,3.608966392246236e-06
398.212,4.091878973610583e-06
398.269,4.5929203834726245e-06
398.326,5.1095280530324235e-06
398.383,5.6392722444535235e-06
398.44,6.1797823201998396e-06
398.497,6.728740209563228e-06
398.554,7.283785131747406e-06
398.611,7.84249830526172e-06
398.668,8.402521459304026e-06
398.725,8.961527419104714e-06
398.782,9.516956138522433e-06
398.839,1.0066024335516132e-05
398.895,1.0605764129421651e-05
398.952,1.1133132423098832e-05
399.009,1.1645183213666905e-05
399.066,1.2139066770800787e-05
399.123,1.2612138169399454e-05
399.18,1.3062007768494755e-05
399.236,1.3486496346949231e-05
399.293,1.3883607347000407e-05
399.35,1.4251495592675384e-05
399.407,1.4588293731775664e-05
399.463,1.4892233448933211e-05
399.52,1.515791909711144e-05
399.577,1.537939307790838e-05
399.634,1.5551183413478016e-05
399.69,1.5668046495338107e-05
399.747,1.5729244159088927e-05
399.804,1.573456363477404e-05
399.861,1.568425237043825e-05
399.917,1.5578767714395194e-05
399.974,1.5418713563509902e-05
400.031,1.5205058060417804e-05
400.087,1.4939103813313801e-05
400.144,1.4622285742222964e-05
400.201,1.425610183885872e-05
400.257,1.3841969799384556e-05
400.314,1.3381462718179964e-05
400.37,1.2876453265163431e-05
400.427,1.2335715629994821e-05
400.484,1.1769194312097834e-05
400.54,1.118633292700174e-05
400.597,1.0596968842883312e-05
400.653,1.0004012253241364e-05
400.71,9.410567583823726e-06
400.766,8.81986559012795e-06
400.823,8.23515580921766e-06
400.879,7.659795171588825e-06
400.936,7.097005422538332e-06
400.993,6.549771984360445e-06
401.049,6.021033017032356e-06
401.105,5.5135882236329905e-06
401.162,5.030181918104513e-06
401.218,4.573549333407662e-06
401.275,4.146088559089146e-06
401.331,3.745839817859538e-06
401.388,3.370109526952539e-06
401.444,3.016360126279754e-06
401.501,2.6815132999905713e-06
401.557,2.366312105055429e-06
401.614,2.07095971783412e-06
401.67,1.7951830455745213e-06
401.726,1.926303986933446e-06
401.783,1.998283732049917e-06
401.839,0.0
401.895,0.0
401.952,1.3498589707944154e-05
402.008,0.0
402.064,0.0
402.121,1.261866434891535e-06
402.177,6.040411422550529e-07
402.233,4.118144679726245e-08
402.29,0.0
402.346,0.0
402.402,0.0
402.458,0.0
402.515,0.0
402.571,0.0
402.627,0.0
402.683,0.0
402.74,0.0
402.796,0.0
402.852,0.0
402.908,0.0
402.964,0.0
403.021,1.1643154315186058e-08
403.077,5.592104776144503e-08
403.133,9.920670894193801e-08
403.189,1.411579373830468e-07
403.245,1.8135691080143022e-07
403.301,2.1952054425872464e-07
403.357,2.547825224330697e-07
403.414,2.865140580584078e-07
403.47,3.1435185788158773e-07
403.526,3.37856891818557e-07
403.582,3.565022193588085e-07
403.638,3.6985772650731007e-07
403.694,3.775732512938533e-07
403.75,3.7940878415203634e-07
403.806,3.751304669326745e-07
403.862,3.645124653720263e-07
403.918,3.4748409932298603e-07
403.974,3.242243510439941e-07
404.03,2.9509293325363785e-07
404.086,2.605577736453055e-07
404.142,2.2117328038660402e-07
404.198,1.7750553977103146e-07
404.254,1.3020098681842459e-07
404.31,8.00178168900449e-08
404.366,2.7717536707380694e-08
404.422,0.0
404.478,0.0
404.534,0.0
404.59,0.0
404.646,0.0
404.701,0.0
404.757,0.0
404.813,0.0
404.869,0.0
404.925,0.0
404.981,0.0
405.037,0.0
405.092,0.0
405.148,0.0
405.204,0.0
405.26,0.0
405.316,0.0
405.371,0.0
405.427,0.0
405.483,0.0
405.539,5.158691539644603e-08
405.594,2.2693107579361774e-07
405.65,4.315401956539464e-07
405.706,6.66058565107762e-07
405.761,9.307066496464216e-07
405.817,1.2251483517031653e-06
405.873,1.5486587453235472e-06
405.928,1.9000591825639552e-06
405.984,2.2777498165287384e-06
406.04,2.679693566071013e-06
406.095,3.103483253046452e-06
406.151,3.5465786620604345e-06
406.207,4.006270793246316e-06
406.262,4.484303327836245e-06
406.318,4.983667546790039e-06
406.374,5.507088437691263e-06
406.429,6.056867903188448e-06
406.485,6.6341056836048985e-06
406.54,7.235851260906835e-06
406.596,7.859193317661313e-06
406.651,8.501539688109742e-06
406.707,9.160538518608486e-06
406.763,9.834045284040148e-06
406.818,1.0519959721760324e-05
406.874,1.1216162532841704e-05
406.929,1.1920616761530934e-05
406.985,1.2631265197047758e-05
407.04,1.3346068486712374e-05
407.095,1.4062959164201737e-05
407.151,1.476850786656909e-05
407.206,1.544499558842274e-05
407.262,1.6075252806125485e-05
407.317,1.6643410477369176e-05
407.373,1.7136862572306425e-05
407.428,1.7554305266148725e-05
407.484,1.7894731792783277e-05
407.539,1.8157207107473602e-05
407.594,1.834103264457531e-05
407.65,1.844560553975737e-05
407.705,1.847033511984404e-05
407.76,1.841473581495328e-05
407.816,1.827862539171654e-05
407.871,1.8062074382819573e-05
407.926,1.7765207817045517e-05
407.982,1.7388385911378107e-05
408.037,1.6942835663289135e-05
408.092,1.644499764744145e-05
408.148,1.5911549594351468e-05
408.203,1.535842616373687e-05
408.258,1.4798484752773308e-05
408.314,1.4233585745249461e-05
408.369,1.3665741164713169e-05
408.424,1.3096895024918267e-05
408.479,1.2528976084699603e-05
408.534,1.1963852915034234e-05
408.59,1.1403372799362756e-05
408.645,1.0849422702982301e-05
408.7,1.0303798747544829e-05
408.755,9.768390126276992e-06
408.81,9.245223604923843e-06
408.866,8.736347370116081e-06
408.921,8.240213760564993e-06
408.976,7.75313434564975e-06
409.031,7.271176082358912e-06
409.086,6.7905686471031535e-06
409.141,6.308992963617108e-06
409.196,5.828273349536612e-06
409.252,5.349982220275358e-06
409.307,4.8760031309814364e-06
409.362,4.408387868297774e-06
409.417,3.949330443813298e-06
409.472,3.5015651178276177e-06
409.527,3.0682070726751487e-06
409.582,2.652325531742342e-06
409.637,2.25701311588392e-06
409.692,1.8855461415991932e-06
409.747,1.5409690462223194e-06
409.802,1.2252045839561087e-06
409.857,9.394587267873602e-07
409.912,6.840937396338769e-07
409.967,4.5868687335927217e-07
410.022,2.6236122711298803e-07
410.077,9.433029240313032e-08
410.132,0.0
410.187,0.0
410.242,0.0
410.297,0.0
410.351,0.0
410.406,0.0
410.461,0.0
410.516,0.0
410.571,0.0
410.626,0.0
410.681,0.0
410.736,0.0
410.79,0.0
410.845,6.204327620513376e-07
410.9,5.101803439282034e-06
410.955,0.0
411.01,0.0
411.064,1.1901557574302425e-06
411.119,5.94250666982609e-07
411.174,3.5077440629440817e-07
411.229,4.584943452526134e-07
411.283,5.680416807929032e-07
411.338,6.783557589122679e-07
411.393,7.885097847252782e-07
411.447,8.973804500942219e-07
411.502,1.0039127874158438e-06
411.557,1.107217266323701e-06
411.612,1.2065116796175767e-06
411.666,1.3014277140603798e-06
411.721,1.3917678290262005e-06
411.776,1.4773611403895692e-06
411.83,1.5579921565421137e-06
411.885,1.6334345887834686e-06
411.939,1.7035933112696513e-06
411.994,1.7684225388123356e-06
412.049,1.8277016741962792e-06
412.103,1.881121936066431e-06
412.158,1.9284785829302864e-06
412.212,1.9695194778030438e-06
412.267,2.0041159164613523e-06
412.322,2.032525221676328e-06
412.376,2.05495981751588e-06
412.431,1.6655010271556537e-06
412.485,8.644492371227341e-07
412.54,3.0355382927767593e-06
412.594,8.17886500715259e-06
412.649,0.0
412.703,1.128082461121324e-06
412.758,3.2804064637042382e-06
412.812,2.4512036725047263e-06
412.866,2.0243884971725907e-06
412.921,2.0003640480939944e-06
412.975,1.973810334150328e-06
413.03,1.9454550471965726e-06
413.084,1.9157972732818838e-06
413.139,1.8851509411984753e-06
413.193,1.853982909976114e-06
413.247,2.1599900960834558e-06
413.302,2.454507797200641e-06
413.356,0.0
413.41,0.0
413.465,1.2000734269562757e-05
413.519,0.0
413.573,0.0
413.628,2.3415526448279746e-06
413.682,1.9580053087569242e-06
413.736,1.587978095056925e-06
413.791,1.5686328026980736e-06
413.845,1.5509654362874972e-06
413.899,1.5351257434971084e-06
413.953,1.5212049395779206e-06
414.008,1.5092160643250353e-06
414.062,1.498852567084633e-06
414.116,1.4898676040567117e-06
414.17,1.482109227304893e-06
414.225,1.475277608182506e-06
414.279,1.4690992188414696e-06
414.333,1.463309116316755e-06
414.387,1.4575395531364153e-06
414.441,1.4513445613014088e-06
414.496,1.4445010917567207e-06
414.55,1.4367766867083814e-06
414.604,1.4277733361032346e-06
414.658,1.417089433776443e-06
414.712,1.73267245000344e-06
414.766,2.374078372625722e-06
414.82,6.036488407428747e-07
414.874,0.0
414.928,6.25168633889087e-06
414.982,2.063292686549239e-06
415.037,2.803412032793851e-07
415.091,9.02673528891593e-07
415.145,1.1929470268010579e-06
415.199,1.1513419513554118e-06
415.253,1.1064035342598367e-06
415.307,1.0580119952192918e-06
415.361,1.0059625140459117e-06
415.415,9.504157943597213e-07
415.469,8.917544668736166e-07
415.523,8.304353699084957e-07
415.577,7.668948936459804e-07
415.631,7.014822526405271e-07
415.684,6.346575545120583e-07
415.738,5.669117059277075e-07
415.792,4.988686230531084e-07
415.846,4.3110349690366924e-07
415.9,3.641073381301624e-07
415.954,2.9839215203007696e-07
416.008,2.344356354890338e-07
416.062,1.7291112119147478e-07
416.116,1.146113567020046e-07
416.169,6.05230437634177e-08
416.223,1.1751314715758207e-08
416.277,0.0
416.331,0.0
416.385,0.0
416.439,0.0
416.492,0.0
416.546,0.0
416.6,0.0
416.654,0.0
416.707,0.0
416.761,0.0
416.815,5.655596844541777e-08
416.869,1.2638956688275995e-07
416.922,2.082601707577327e-07
416.976,3.0202268046470396e-07
417.03,4.075012834502672e-07
417.083,5.243437632717434e-07
417.137,6.516346057760205e-07
417.191,7.881609900782368e-07
417.244,9.325712102087104e-07
417.298,1.0834784670237396e-06
417.352,1.239731234743446e-06
417.405,1.4002121372796907e-06
417.459,1.5638490599599953e-06
417.512,1.7297435505090913e-06
417.566,1.8971421940951023e-06
417.62,2.0652829483149374e-06
417.673,2.2335329155142497e-06
417.727,2.40136889629086e-06
417.78,2.567992319658668e-06
417.834,2.732533239563553e-06
417.887,2.8939527719719695e-06
417.941,3.0509838985802997e-06
417.994,3.20264651447593e-06
418.048,3.3483076766452063e-06
418.101,3.487498010342666e-06
418.155,3.619856711914566e-06
418.208,3.7453324068626416e-06
418.262,3.863976856823947e-06
418.315,3.975932026474297e-06
418.369,4.0814259494735655e-06
418.422,4.180175297257166e-06
418.476,4.271542672706664e-06
418.529,4.354772871705924e-06
418.582,4.42902408403604e-06
418.636,4.493517895583622e-06
418.689,4.547596615019074e-06
418.743,4.590668855896458e-06
418.796,4.622422001240711e-06
418.849,4.643066582640017e-06
418.903,4.652922798317215e-06
418.956,4.652423145962356e-06
419.009,4.642054855740045e-06
419.063,4.621992779747545e-06
419.116,4.5922918046603295e-06
419.169,4.553031250273747e-06
419.222,4.504775515574232e-06
419.276,4.447375774997131e-06
419.329,4.381058451373369e-06
419.382,4.306078618356217e-06
419.435,4.222762093676383e-06
419.489,4.131858711137672e-06
419.542,4.034232527040405e-06
419.595,3.930952014374598e-06
419.648,3.823274691130632e-06
419.701,3.7121434211454867e-06
419.755,3.598065198470676e-06
419.808,3.4813154089446336e-06
419.861,3.362045995823237e-06
419.914,3.240175030469928e-06
419.967,3.115624596534488e-06
420.02,2.9882762297677984e-06
420.073,2.852369610476301e-06
420.127,2.7083035332165533e-06
420.18,2.5568072568521167e-06
420.233,2.398866865458529e-06
420.286,2.2356065289291026e-06
420.339,2.068149171524914e-06
420.392,1.8974217647467104e-06
420.445,1.72424731964926e-06
420.498,1.549185722941543e-06
420.551,1.3724385750787288e-06
420.604,1.1943912479129265e-06
420.657,1.0154183848951337e-06
420.71,8.359329321517108e-07
420.763,6.566818355163988e-07
420.816,4.785730499888585e-07
420.869,3.02503906169627e-07
420.922,1.6369132532893592e-07
420.975,6.306774501987098e-08
421.028,9.303874828578886e-10
421.081,0.0
421.134,0.0
421.187,4.36542700199892e-08
421.239,1.319385490850066e-07
421.292,2.5552627310985466e-07
421.345,3.548714766501669e-07
421.398,4.2906970638568995e-07
421.451,4.775457572310746e-07
421.504,4.999614103699709e-07
421.557,4.96048902534901e-07
421.609,4.6572266649899764e-07
421.662,4.088870221600421e-07
421.715,3.254753805133966e-07
421.768,2.495117214227485e-07
421.821,1.7327396492621409e-07
421.873,9.626442667446917e-08
421.926,1.791094495433307e-08
421.979,0.0
422.032,0.0
422.084,0.0
422.137,0.0
422.19,0.0
422.243,0.0
422.295,0.0
422.348,0.0
422.401,0.0
422.453,1.7902595042435394e-06
422.506,4.402278588161342e-06
422.559,0.0
422.611,5.22776268201405e-06
422.664,2.806598995503928e-06
422.716,1.2730569443627844e-07
422.769,0.0
422.822,0.0
422.874,0.0
422.927,0.0
422.979,0.0
423.032,0.0
423.084,0.0
423.137,0.0
423.189,0.0
423.242,0.0
423.294,0.0
423.347,3.949078977075125e-08
423.399,3.6731019871715715e-08
423.452,0.0
423.504,0.0
423.557,0.0
423.609,0.0
423.662,0.0
423.714,0.0
423.766,0.0
423.819,0.0
423.871,0.0
423.923,0.0
423.976,0.0
424.028,0.0
424.081,1.597319523154328e-08
424.133,4.729923076646668e-08
424.185,8.013364859204132e-08
424.238,1.1449845960844544e-07
424.29,1.5039847061587793e-07
424.342,1.880384144895078e-07
424.394,2.824404196781541e-07
424.447,4.3345033808788805e-07
424.499,5.845507253250951e-07
424.551,7.353018295262733e-07
424.603,4.266015574241963e-07
424.656,0.0
424.708,0.0
424.76,0.0
424.812,1.6546113148062222e-07
424.864,4.940315378587049e-06
424.917,4.959366801320083e-06
424.969,2.2214836313114103e-07
425.021,0.0
425.073,0.0
425.125,3.562477804178136e-08
425.177,8.871793452065789e-07
425.229,1.265929037829415e-06
425.282,1.171558609088322e-06
425.334,1.074292524329772e-06
425.386,9.743812543456849e-07
425.438,9.269331882875573e-07
425.49,9.319771066498084e-07
425.542,9.329996683134032e-07
425.594,9.300342172799275e-07
425.646,9.231740802464078e-07
425.698,9.124030389062052e-07
425.75,8.977338376088223e-07
425.802,8.790927214946089e-07
425.854,8.563479015520021e-07
425.906,8.296047408538532e-07
425.958,7.990324983094331e-07
426.01,7.645763838960016e-07
426.062,7.26297497405362e-07
426.114,6.842901559976944e-07
426.166,6.383505833280525e-07
426.218,5.885558301838931e-07
426.27,5.352518620594326e-07
426.321,4.784903343706596e-07
426.373,4.1843193199429517e-07
426.425,3.5548768928100344e-07
426.477,2.899429007261164e-07
426.529,2.2231749607269074e-07
426.581,1.5365459522618995e-07
426.633,8.466051338869397e-08
426.684,1.5650981361666164e-08
426.736,0.0
426.788,0.0
426.84,0.0
426.892,0.0
426.943,0.0
426.995,0.0
427.047,0.0
427.099,1.7371399572244912e-07
427.15,0.0
427.202,0.0
427.254,9.64308425009025e-06
427.306,0.0
427.357,0.0
427.409,0.0
427.461,0.0
427.512,0.0
427.564,0.0
427.616,0.0
427.667,0.0
427.719,0.0
427.77,0.0
427.822,0.0
427.874,0.0
427.925,0.0
427.977,0.0
428.028,9.91493881814797e-09
428.08,0.0
428.131,0.0
428.183,3.889674015475755e-06
428.234,0.0
428.286,0.0
428.337,0.0
428.389,0.0
428.44,0.0
428.492,0.0
428.543,0.0
428.595,0.0
428.646,0.0
428.697,0.0
428.749,0.0
428.8,0.0
428.852,0.0
428.903,0.0
428.954,0.0
429.006,0.0
429.057,0.0
429.108,0.0
429.16,0.0
429.211,0.0
429.262,0.0
429.314,0.0
429.365,0.0
429.416,0.0
429.467,0.0
429.519,0.0
429.57,0.0
429.621,0.0
429.672,0.0
429.724,0.0
429.775,0.0
429.826,0.0
429.877,0.0
429.928,0.0
429.98,0.0
430.031,0.0
430.082,0.0
430.133,0.0
430.184,0.0
430.235,0.0
430.286,0.0
430.337,1.7157827062787616e-08
430.388,9.473047529523797e-08
430.439,1.7432569724940248e-07
430.49,2.552629529899625e-07
430.542,3.367209637041055e-07
430.593,4.179764581285535e-07
430.644,4.985465022058275e-07
430.695,5.779815252850154e-07
430.746,6.557506499288955e-07
430.797,7.314311256972358e-07
430.848,8.043464097315137e-07
430.898,8.737423545300273e-07
430.949,9.389284971565076e-07
431.0,9.990923317981883e-07
431.051,1.0534087525613642e-06
431.102,1.1011892796720424e-06
431.153,1.1417563591894089e-06
431.204,1.1742453660598773e-06
431.255,1.1981132203532599e-06
431.306,1.2131446353442658e-06
431.357,1.219140367769711e-06
431.408,1.2159358529448107e-06
431.458,1.2031796675954936e-06
431.509,1.1804484201065316e-06
431.56,1.1475109721026085e-06
431.611,1.1044582632269408e-06
431.662,1.0515159750302074e-06
431.713,9.886414754318686e-07
431.763,9.158401511791329e-07
431.814,8.334172522542833e-07
431.865,7.420724229040049e-07
431.916,6.429323602908542e-07
431.966,5.371972704379943e-07
432.017,4.260201959510244e-07
432.068,3.1059028366502224e-07
432.118,1.9231963625775625e-07
432.169,7.268317762960342e-08
432.22,0.0
432.271,0.0
432.321,0.0
432.372,0.0
432.423,0.0
432.473,0.0
432.524,0.0
432.574,0.0
432.625,0.0
432.676,0.0
432.726,0.0
432.777,0.0
432.827,0.0
432.878,0.0
432.928,0.0
432.979,0.0
433.029,0.0
433.08,0.0
433.13,0.0
433.181,0.0
433.231,0.0
433.282,0.0
433.332,4.771334861756815e-08
433.383,2.610957219057362e-07
433.433,4.938555049592884e-07
433.484,7.448443493675524e-07
433.534,1.0124546887899565e-06
433.585,1.2949480986981388e-06
433.635,1.5905992005308954e-06
433.685,1.8975717731041402e-06
433.736,2.213909038897445e-06
433.786,2.5377055730086406e-06
433.836,2.8670043167212047e-06
433.887,3.1998851556586343e-06
433.937,3.5345043983556584e-06
433.987,3.868818838303402e-06
434.038,4.200851822188901e-06
434.088,4.528602533037929e-06
434.138,4.8498440510637235e-06
434.189,5.162388695227332e-06
434.239,5.464097039570904e-06
434.289,5.753003020735923e-06
434.339,6.027535342756912e-06
434.389,6.286332962249221e-06
434.44,6.52799831784602e-06
434.49,6.751380414222329e-06
434.54,6.955590633378206e-06
434.59,7.139695564135324e-06
434.64,7.302800695054047e-06
434.691,7.443889929246611e-06
434.741,7.561861051952014e-06
434.791,7.655827723988768e-06
434.841,7.72513768035517e-06
434.891,7.769303401857062e-06
434.941,7.787886335876416e-06
434.991,7.780745919106445e-06
435.042,7.748142856525674e-06
435.092,7.690618533449339e-06
435.142,7.609109925498293e-06
435.192,7.504739958415451e-06
435.242,7.378655581453049e-06
435.292,7.2321396354678346e-06
435.342,7.066548855689974e-06
435.392,6.883206474567645e-06
435.442,6.683534556285818e-06
435.492,6.46907078717244e-06
435.542,6.241319693180207e-06
435.592,6.001883882727351e-06
435.642,5.752315502440298e-06
435.692,5.4941592374820025e-06
435.742,5.229202457737244e-06
435.792,4.959191702079953e-06
435.842,4.68583496827285e-06
435.891,4.410674674138456e-06
435.941,4.134828547781051e-06
435.991,3.859274674327876e-06
436.041,3.5850680724886893e-06
436.091,3.313179201844775e-06
436.141,3.0444991614243763e-06
436.191,2.7800544573546922e-06
436.241,2.5208598827196572e-06
436.29,2.2679896555665926e-06
436.34,2.0227213734451404e-06
436.39,1.7862598453230756e-06
436.44,1.5596723163719328e-06
436.49,1.3438777598421261e-06
436.539,1.1396500353417928e-06
436.589,9.47482665192941e-07
436.639,7.674599888716195e-07
436.689,5.994700536075464e-07
436.738,4.4306903851686074e-07
436.788,2.9754736968735056e-07
436.838,1.6218221461711075e-07
436.887,3.6187489689838646e-08
436.937,0.0
436.987,0.0
437.036,0.0
437.086,0.0
437.136,0.0
437.185,0.0
437.235,0.0
437.285,0.0
437.334,0.0
437.384,0.0
437.433,0.0
437.483,0.0
437.532,0.0
437.582,0.0
437.631,0.0
437.681,0.0
437.73,0.0
437.78,0.0
437.829,0.0
437.879,0.0
437.928,0.0
437.978,0.0
438.027,0.0
438.077,0.0
438.126,0.0
438.176,0.0
438.225,0.0
438.274,0.0
438.324,0.0
438.373,0.0
438.422,0.0
438.472,0.0
438.521,0.0
438.57,0.0
438.62,0.0
438.669,0.0
438.718,0.0
438.768,0.0
438.817,0.0
438.866,0.0
438.915,0.0
438.965,0.0
439.014,0.0
439.063,0.0
439.112,0.0
439.162,0.0
439.211,0.0
439.26,0.0
439.309,0.0
439.358,0.0
439.407,0.0
439.456,0.0
439.506,0.0
439.555,0.0
439.604,0.0
439.653,0.0
439.702,0.0
439.751,0.0
439.8,0.0
439.849,0.0
439.898,0.0
439.947,0.0
439.996,0.0
440.045,0.0
440.094,0.0
440.143,0.0
440.192,0.0
440.241,0.0
440.29,0.0
440.339,0.0
440.388,0.0
440.437,0.0
440.486,0.0
440.535,0.0
440.583,0.0
440.632,0.0
440.681,1.8460193482988486e-08
440.73,1.2483714916745003e-07
440.779,2.3111199105255332e-07
440.828,3.364499957912006e-07
440.876,4.4012380043340544e-07
440.925,5.415002443706172e-07
440.974,6.399866350865117e-07
441.023,7.348954228500375e-07
441.072,8.253482206038982e-07
441.12,9.104755577052932e-07
441.169,9.89430339577312e-07
441.218,1.0614028684445821e-06
441.267,1.125642064888404e-06
441.315,1.181312751956579e-06
441.364,1.2275144782182729e-06
441.413,1.2634205149459852e-06
441.461,1.288365616285919e-06
441.51,1.3019315306288216e-06
441.559,1.3040562023805445e-06
441.607,1.2947759122347962e-06
441.656,1.2741391039591006e-06
441.705,1.2424323807125337e-06
441.753,1.200017162744058e-06
441.802,1.1473598497312378e-06
441.85,1.085106525859898e-06
441.899,1.013834032067416e-06
441.948,9.340623378879071e-07
441.996,8.464948304004568e-07
442.045,7.521339482569451e-07
442.093,6.521897652632945e-07
442.142,5.479853715072934e-07
442.19,4.40751343977477e-07
442.239,3.3159743258649015e-07
442.287,2.2170521909052785e-07
442.336,1.1226746325066187e-07
442.384,4.427834167491438e-09
442.433,0.0
442.481,0.0
442.529,0.0
442.578,0.0
442.626,0.0
442.675,0.0
442.723,0.0
442.771,0.0
442.82,0.0
442.868,0.0
442.917,0.0
442.965,0.0
443.013,0.0
443.062,0.0
443.11,0.0
443.158,0.0
443.206,0.0
443.255,0.0
443.303,0.0
443.351,0.0
443.399,0.0
443.448,1.7594265150231197e-08
443.496,1.7496926546393786e-07
443.544,3.434717273112558e-07
443.592,5.218623621870522e-07
443.64,7.087263457947624e-07
443.689,9.024856903472314e-07
443.737,1.101635964902491e-06
443.785,1.3048796859331805e-06
443.833,1.5109430152391838e-06
443.881,1.7186659765686697e-06
443.929,1.927011532800601e-06
443.977,2.134995279191093e-06
444.025,2.3417144787759044e-06
444.074,2.546379639876742e-06
444.122,2.7481034405746295e-06
444.17,2.9458768594027384e-06
444.218,3.138721186141249e-06
444.266,3.3254943780358353e-06
444.314,3.5050136871069723e-06
444.362,3.676319359176028e-06
444.41,3.838525745237503e-06
444.458,3.990633145456586e-06
444.506,4.131684349444061e-06
444.554,4.2607578102746555e-06
444.602,4.376928532556559e-06
444.65,4.479613688066114e-06
444.698,4.5683025093539205e-06
444.746,4.642400591989384e-06
444.793,4.701514170430108e-06
444.841,4.745365663136876e-06
444.889,4.773861632984555e-06
444.937,4.78713152114061e-06
444.985,4.785387096771124e-06
445.033,4.768806034577699e-06
445.081,4.737711070406923e-06
445.129,4.692681973197453e-06
445.176,4.634355291943974e-06
445.224,4.563566483877077e-06
445.272,4.481152499914519e-06
445.32,4.38781330756015e-06
445.368,4.284350574934024e-06
445.415,4.171520151696235e-06
445.463,4.050044619003715e-06
445.511,3.920650095968652e-06
445.559,3.7839782405208253e-06
445.606,3.6405400195701003e-06
445.654,3.4908915563478724e-06
445.702,3.3356781570844546e-06
445.749,3.175520626758087e-06
445.797,3.011295726203582e-06
445.845,2.8438503041509787e-06
445.892,2.6737867221142864e-06
445.94,2.5018255635020606e-06
445.988,2.3287846929275786e-06
446.035,2.155514389922838e-06
446.083,1.983068415519835e-06
446.13,1.8125227739551528e-06
446.178,1.6446378611881414e-06
446.226,1.4802770369944499e-06
446.273,1.3204107211464415e-06
446.321,1.1658197624364162e-06
446.368,1.0173631001855627e-06
446.416,8.757837248774722e-07
446.463,7.41599039781457e-07
446.511,6.152943908627865e-07
446.558,4.97344119239516e-07
446.606,3.881551800272834e-07
446.653,2.880904451821966e-07
446.701,1.9754358073326967e-07
446.748,1.1670762793223813e-07
446.796,4.5700100948817883e-08
446.843,0.0
446.891,0.0
446.938,0.0
446.985,0.0
447.033,0.0
447.08,0.0
447.128,0.0
447.175,0.0
447.222,0.0
447.27,0.0
447.317,0.0
447.364,0.0
447.411,0.0
447.459,9.832776235016798e-08
447.506,1.094195001967739e-06
447.553,2.4864898015380624e-06
447.601,1.5828257709327993e-06
447.648,0.0
447.695,0.0
447.742,0.0
447.789,0.0
447.837,4.5618526630280336e-07
447.884,6.538904233977802e-07
447.931,4.5307417186931077e-07
447.978,3.02026098795212e-07
448.025,2.0053218689241837e-07
448.072,1.4847054993416123e-07
448.12,1.4561919157886328e-07
448.167,1.3780506012273305e-07
448.214,1.2470343406874452e-07
448.261,1.0616365747586235e-07
448.308,8.215729780072058e-08
448.355,5.296737162539387e-08
448.402,1.9061834798755165e-08
448.449,0.0
448.496,0.0
448.543,0.0
448.59,0.0
448.637,0.0
448.684,0.0
448.731,0.0
448.778,0.0
448.825,0.0
448.872,0.0
448.919,0.0
448.966,0.0
449.013,0.0
449.06,0.0
449.107,0.0
449.154,0.0
449.2,0.0
449.247,0.0
449.294,0.0
449.341,0.0
449.388,0.0
449.435,0.0
449.481,0.0
449.528,0.0
449.575,0.0
449.622,0.0
449.668,0.0
449.715,0.0
449.762,0.0
449.809,0.0
449.855,0.0
449.902,0.0
449.949,0.0
449.995,0.0
450.042,0.0
450.089,0.0
450.135,0.0
450.182,0.0
450.229,0.0
450.275,0.0
450.322,0.0
450.368,0.0
450.415,0.0
450.462,0.0
450.508,0.0
450.555,0.0
450.601,0.0
450.648,0.0
450.694,0.0
450.741,0.0
450.787,0.0
450.834,0.0
450.88,0.0
450.927,0.0
450.973,0.0
451.019,0.0
451.066,0.0
451.112,0.0
451.159,0.0
451.205,0.0
451.251,0.0
451.298,0.0
451.344,0.0
451.39,0.0
451.437,0.0
451.483,0.0
451.529,0.0
451.576,0.0
451.622,0.0
451.668,0.0
451.714,0.0
451.761,0.0
451.807,0.0
451.853,0.0
451.899,0.0
451.945,0.0
451.992,0.0
452.038,0.0
452.084,0.0
452.13,0.0
452.176,0.0
452.222,0.0
452.268,0.0
452.315,0.0
452.361,0.0
452.407,0.0
452.453,0.0
452.499,0.0
452.545,0.0
452.591,0.0
452.637,0.0
452.683,0.0
452.729,0.0
452.775,0.0
452.821,0.0
452.867,0.0
452.913,0.0
452.959,0.0
453.005,0.0
453.051,0.0
453.097,0.0
453.142,0.0
453.188,0.0
453.234,0.0
453.28,0.0
453.18,0.0
453.319,2.0656536080322309e-07
453.458,1.2864502566152145e-06
453.596,8.335983028685278e-07
453.735,4.85954551537263e-07
453.873,6.178530210371599e-07
454.012,1.2553862965639549e-06
454.15,1.562553862752086e-06
454.289,1.3849840347223956e-06
454.427,9.78658588959867e-07
454.566,5.079940411259268e-07
454.704,2.2743826734734456e-07
454.843,1.9901209092771354e-07
454.981,2.458502997287468e-07
455.12,2.3391221210055667e-07
455.258,1.5511614549166638e-07
455.397,0.0
455.535,0.0
455.674,0.0
455.812,0.0
455.951,0.0
456.089,0.0
456.227,0.0
456.366,0.0
456.504,4.029367609593612e-07
456.642,9.603296059733817e-07
456.781,1.6067017323668004e-06
456.919,2.3266250959716408e-06
457.057,3.1069608882077197e-06
457.196,3.936830568826352e-06
457.334,4.809285650447117e-06
457.472,5.712840662472064e-06
457.61,6.642182286462836e-06
457.749,7.589589334323223e-06
457.887,8.546503393598526e-06
458.025,9.503451024828107e-06
458.163,1.0451286628685583e-05
458.301,1.1385101350826798e-05
458.44,1.230244926210563e-05
458.578,1.3201853632112485e-05
458.716,1.408375427249655e-05
458.854,1.4952942351989764e-05
458.992,1.5813213166012303e-05
459.13,1.6667032675980318e-05
459.269,1.7516278185680254e-05
459.407,1.836238634680659e-05
459.545,1.92097021382013e-05
459.683,2.0062668106570507e-05
459.821,2.0924143121138176e-05
459.959,2.17972459061527e-05
460.097,2.2680818179341348e-05
460.235,2.357407356017631e-05
460.373,2.448089709455017e-05
460.511,2.5396887825084916e-05
460.649,2.6309254258011138e-05
460.787,2.7201081234814224e-05
460.925,2.8062386488146693e-05
461.063,2.8887009125328656e-05
461.201,2.9678566358164003e-05
461.339,3.0442986818636098e-05
461.477,3.1183334535707786e-05
461.615,3.190034416513796e-05
461.753,3.2617167758581735e-05
461.891,3.3371684794484664e-05
462.029,3.413753234888784e-05
462.166,3.489407548629778e-05
462.304,3.559233753604171e-05
462.442,3.6161669964976774e-05
462.58,3.65426552013029e-05
462.718,3.679612604934126e-05
462.856,3.673671856463624e-05
462.993,3.609947829525398e-05
463.131,3.499358537719598e-05
463.269,3.310835760423732e-05
463.407,3.119475115220491e-05
463.545,3.031288549225177e-05
463.682,3.0761055972139154e-05
463.82,3.475293055799769e-05
463.958,4.135167205531521e-05
464.095,4.536401577289302e-05
464.233,4.6065042323919496e-05
464.371,4.559372561554489e-05
464.509,4.423171365876346e-05
464.646,4.239122654513733e-05
464.784,4.038038999767923e-05
464.921,3.7856138355096895e-05
465.059,3.496670202148724e-05
465.197,3.192813384710892e-05
465.334,2.8905150713070254e-05
465.472,2.6061346426759143e-05
465.609,2.3403233055613093e-05
465.747,2.0916236851977746e-05
465.885,1.8566917107792393e-05
466.022,1.638092644104077e-05
466.16,1.4357836008918805e-05
466.297,1.2479408131530959e-05
466.435,1.0730283402393896e-05
466.572,9.102719115479483e-06
466.71,7.596199055333209e-06
466.847,6.212188250594074e-06
466.985,4.973027151829966e-06
467.122,3.8837778329118674e-06
467.26,2.9451248470841485e-06
467.397,2.1465448723087476e-06
467.534,1.4769309723494325e-06
467.672,9.260787136835272e-07
467.809,4.87293995890979e-07
467.947,1.5245072371184275e-07
468.084,0.0
468.221,0.0
468.359,0.0
468.496,0.0
468.633,0.0
468.771,0.0
468.908,0.0
469.045,2.0131982240736808e-08
469.183,2.335859867691735e-07
469.32,4.841967317909901e-07
469.457,7.624091318699029e-07
469.594,1.0648740737874906e-06
469.732,1.3791811895417757e-06
469.869,1.6915889464507786e-06
470.006,1.989256544242009e-06
470.143,2.2588582656551417e-06
470.28,2.4881193716055722e-06
470.417,2.6712045834131786e-06
470.555,2.8019463098542433e-06
470.692,2.8772936592399347e-06
470.829,2.894411180797764e-06
470.966,2.851486122041988e-06
471.103,2.7472291732288988e-06
471.24,2.580659793514179e-06
471.377,2.351609043271014e-06
471.514,2.0602948167754763e-06
471.651,1.7107761747166894e-06
471.789,1.3043097447098711e-06
471.926,8.524634496329139e-07
472.063,3.687903447095595e-07
472.2,4.259486420612023e-08
472.337,0.0
472.474,0.0
472.611,0.0
472.748,5.567551795852676e-07
472.884,0.0
473.021,0.0
473.158,0.0
473.295,0.0
473.432,0.0
473.569,0.0
473.706,0.0
473.843,0.0
473.98,0.0
474.117,0.0
474.253,0.0
474.39,0.0
474.527,0.0
474.664,0.0
474.801,0.0
474.937,0.0
475.074,0.0
475.211,0.0
475.348,0.0
475.484,0.0
475.621,0.0
475.758,0.0
475.894,0.0
476.031,0.0
476.168,0.0
476.304,0.0
476.441,0.0
476.578,0.0
476.714,0.0
476.851,0.0
476.987,0.0
477.124,0.0
477.261,4.3595794803460586e-07
477.397,9.557119114128372e-07
477.534,1.482788628284209e-06
477.67,2.014229659436983e-06
477.807,2.5471682088934667e-06
477.943,3.0787370011474834e-06
478.08,3.6004275739621615e-06
478.216,4.103637970379311e-06
478.353,4.580144920952959e-06
478.489,5.022297504842278e-06
478.626,5.428930844346289e-06
478.762,5.798845786158296e-06
478.898,6.131048903826528e-06
479.035,6.424742490569841e-06
479.171,6.679207671681065e-06
479.308,6.89386178406984e-06
479.444,7.067723440545647e-06
479.58,7.2000065805128025e-06
479.717,7.290146057153558e-06
479.853,7.337877964594025e-06
479.989,7.343237446267842e-06
480.126,7.306443212807241e-06
480.262,7.2313028664999685e-06
480.398,7.122123778147622e-06
480.535,6.9832510825808705e-06
480.671,6.8194914821716935e-06
480.807,6.6327104467704e-06
480.943,6.424359356164913e-06
481.08,6.196044368204917e-06
481.216,5.949498779387974e-06
481.352,5.686396490362196e-06
481.488,5.4085566299501595e-06
481.624,5.11791912005892e-06
481.76,4.816530329955943e-06
481.897,4.506171354872422e-06
482.033,4.1890970615496825e-06
482.169,3.8673706476055756e-06
482.305,3.5430836938798767e-06
482.441,3.2182256911117237e-06
482.577,2.8945843060827676e-06
482.713,2.573849552970078e-06
482.849,2.2574491123825265e-06
482.985,1.942234178980076e-06
483.121,1.6294788002847507e-06
483.258,1.3205369472764137e-06
483.394,1.0165824779996198e-06
483.53,7.187947388066154e-07
483.665,4.283011031451184e-07
483.801,1.4619038776207688e-07
483.937,0.0
484.073,0.0
484.209,0.0
484.345,0.0
484.481,0.0
484.617,0.0
484.753,0.0
484.889,0.0
485.025,0.0
485.161,0.0
485.296,0.0
485.432,0.0
485.568,0.0
485.704,0.0
485.84,0.0
485.975,0.0
486.111,0.0
486.247,0.0
486.383,0.0
486.518,0.0
486.654,0.0
486.79,0.0
486.926,0.0
487.061,0.0
487.197,0.0
487.333,0.0
487.468,0.0
487.604,0.0
487.74,0.0
487.875,0.0
488.011,0.0
488.146,0.0
488.282,0.0
488.417,0.0
488.553,0.0
488.688,0.0
488.824,0.0
488.96,0.0
489.095,0.0
489.23,0.0
489.366,0.0
489.501,0.0
489.637,0.0
489.772,0.0
489.908,6.187045071020198e-08
490.043,1.7314612614570445e-07
490.178,2.7635106468096145e-07
490.314,3.7079163361805415e-07
490.449,4.5596227605938226e-07
490.585,5.358603933725198e-07
490.72,6.102049601110598e-07
490.855,6.781047921142749e-07
490.991,7.387668280789674e-07
491.126,7.915426380027293e-07
491.261,8.358884055993174e-07
491.396,8.70704735462395e-07
491.532,8.951758666411096e-07
491.667,9.097363508805197e-07
491.802,9.148006091412741e-07
491.937,9.115137260679726e-07
492.073,8.9855290797755e-07
492.208,8.745518232544926e-07
492.343,8.386691177995599e-07
492.478,7.906238092946899e-07
492.613,7.305650701910274e-07
492.749,6.581077264112534e-07
492.884,5.728905417873104e-07
493.019,4.7412393671870094e-07
493.154,3.6091269931024225e-07
493.289,2.3165832685687014e-07
493.424,8.522778341998284e-08
493.559,0.0
493.694,0.0
493.829,0.0
493.964,0.0
494.099,0.0
494.234,0.0
494.369,0.0
494.504,0.0
494.639,0.0
494.774,0.0
494.909,0.0
495.044,0.0
495.179,0.0
495.314,0.0
495.449,0.0
495.584,2.5237498106827815e-07
495.719,1.078016905582208e-06
495.854,2.1086785660617536e-06
495.988,3.3782067265135863e-06
496.123,4.917572661897235e-06
496.258,6.538988575144869e-06
496.393,8.428447298284232e-06
496.528,1.2160096289671583e-05
496.663,1.6202882571199315e-05
496.797,1.1510492739832382e-05
496.932,2.3359621562119937e-05
497.067,2.6360462850605596e-05
497.202,3.0050210862576208e-05
497.336,3.6132612178675874e-05
497.471,4.3208479246545474e-05
497.606,5.095127046346493e-05
497.74,5.935890585521655e-05
497.875,6.782531462651548e-05
498.01,7.565094983613123e-05
498.144,8.266446075629693e-05
498.279,8.874407833828785e-05
498.414,9.397139450976256e-05
498.548,9.857687385963057e-05
498.683,0.00010267247950187214
498.817,0.00010643948054495055
498.952,0.00011014711160031837
499.087,0.00011404051306176321
499.221,0.0001182810320151935
499.356,0.00012295036336526505
499.49,0.00012832939399954647
499.625,0.0001345271771379464
499.759,0.0001413455610714692
499.894,0.00014852143198638867
500.028,0.00015508227366860437
500.162,0.00016013574492514162
500.297,0.00016332079475022548
500.431,0.0001643515522313066
500.566,0.00016340422814145538
500.7,0.0001607621484177204
500.835,0.00015645653062287644
500.969,0.0001504024930762599
501.103,0.000142917415247931
501.238,0.00013435317433802587
501.372,0.00012512236362785057
501.506,0.00011611039151197529
501.641,0.00010758465084005618
501.775,9.974218349289649e-05
501.909,9.280572520390461e-05
502.043,8.658312892556569e-05
502.178,8.10751643510782e-05
502.312,7.62571815351439e-05
502.446,7.201988616935195e-05
502.58,6.822183336097182e-05
502.715,6.475705799861297e-05
502.849,6.152184967809916e-05
502.983,5.84149295343859e-05
503.117,5.544352511126736e-05
503.251,5.258976371884184e-05
503.385,4.9832329779323336e-05
503.52,4.717280270965728e-05
503.654,4.462085577508636e-05
503.788,4.217963791138395e-05
503.922,3.9852711856723806e-05
504.056,3.763914239498586e-05
504.19,3.550980416293401e-05
504.324,3.3450820604491185e-05
504.458,3.145399286256244e-05
504.592,2.9518078249510672e-05
504.726,2.764661846043464e-05
504.86,2.5843690244492042e-05
504.994,2.411867504871315e-05
505.128,2.2479395624445496e-05
505.262,2.093191086873575e-05
505.396,1.9475486156943826e-05
505.53,1.810676486598244e-05
505.664,1.681935470864643e-05
505.798,1.5604476952531183e-05
505.932,1.4453867601187466e-05
506.066,1.3359101747685911e-05
506.199,1.2312566711989703e-05
506.333,1.1316759163033814e-05
506.467,1.0368438329077222e-05
506.601,9.46466835421793e-06
506.735,8.60263102831945e-06
506.869,7.779719189653841e-06
507.002,6.993081270041788e-06
507.136,6.238235965899319e-06
507.27,5.512015209651334e-06
507.404,4.812674144231983e-06
507.537,4.139737201733049e-06
507.671,3.49332296569523e-06
507.805,2.874607452544638e-06
507.939,2.2851796306858e-06
508.072,1.726511509702617e-06
508.206,1.1999116917788543e-06
508.34,7.064798802733443e-07
508.473,2.432485073922993e-07
508.607,0.0
508.74,0.0
508.874,0.0
509.008,0.0
509.141,0.0
509.275,0.0
509.408,0.0
509.542,0.0
509.675,0.0
509.809,0.0
509.942,0.0
510.076,0.0
510.209,0.0
510.343,0.0
510.476,0.0
510.61,0.0
510.743,0.0
510.877,0.0
511.01,0.0
511.143,0.0
511.277,0.0
511.41,0.0
511.543,0.0
511.677,0.0
511.81,0.0
511.943,0.0
512.077,0.0
512.21,0.0
512.343,0.0
512.476,0.0
512.61,0.0
512.743,0.0
512.876,1.855844282944795e-07
513.009,4.790690625098049e-07
513.142,8.125985939941756e-07
513.276,1.186177277465694e-06
513.409,1.5953521421582567e-06
513.542,2.0390208439692477e-06
513.675,2.5531170488958726e-06
513.808,3.1737031738613755e-06
513.941,3.931582076286601e-06
514.074,4.860671546894655e-06
514.207,6.024496298473339e-06
514.34,7.452444590623056e-06
514.474,9.130576043760724e-06
514.607,1.1021074785997568e-05
514.74,1.2687221542009929e-05
514.873,1.4009843345171733e-05
515.006,1.5206460016040722e-05
515.139,1.6414742932186598e-05
515.272,1.9556472909525762e-05
515.404,2.442634244271943e-05
515.537,2.5463677163318678e-05
515.67,2.1190936596718136e-05
515.803,1.703106837577941e-05
515.936,1.598287913373838e-05
516.069,1.656811869118583e-05
516.202,1.7399310553528545e-05
516.335,1.8207071218514603e-05
516.468,1.879376571087507e-05
516.6,1.9306306781604905e-05
516.733,2.0009928203279596e-05
516.866,2.0838457149615776e-05
516.999,2.1694466726325264e-05
517.132,2.2494490003794984e-05
517.264,2.324024024628451e-05
517.397,2.4166329542603352e-05
517.53,2.5252738978857885e-05
517.663,2.6082318895790968e-05
517.795,2.6306091184544394e-05
517.928,2.483892911579509e-05
518.061,2.21267206816052e-05
518.193,2.3043794131504746e-05
518.326,2.8897589475046823e-05
518.459,3.2114038816391403e-05
518.591,2.69925280560012e-05
518.724,1.844658215263942e-05
518.857,1.5832763225860587e-05
518.989,2.0090282089997742e-05
519.122,2.277549266823412e-05
519.254,1.358646869863372e-05
519.387,1.4271532958464241e-05
519.519,1.4911986823574314e-05
519.652,1.4252905355269022e-05
519.784,1.3972559858837891e-05
519.917,1.3686052574565292e-05
520.049,1.3100661263223272e-05
520.182,1.2446856731715914e-05
520.314,1.1724225540264955e-05
520.447,1.1015576424878687e-05
520.579,1.0362235192216305e-05
520.712,9.733268756106128e-06
520.844,9.123862711219402e-06
520.976,8.52879217765067e-06
521.109,7.950516574017194e-06
521.241,7.387321157241974e-06
521.373,6.837882109291785e-06
521.506,6.296377487061369e-06
521.638,5.759819513455854e-06
521.77,5.229869254268319e-06
521.903,4.712997990795974e-06
522.035,4.216379453199949e-06
522.167,3.745577842104546e-06
522.3,3.3010183753512867e-06
522.432,2.882349452439667e-06
522.564,2.4882238936908425e-06
522.696,2.1169106935472427e-06
522.828,1.766142756521269e-06
522.961,1.4339597789435883e-06
523.093,1.1184784040926544e-06
523.225,8.173748606945316e-07
523.357,5.285794876619054e-07
523.489,2.5054193970213405e-07
523.621,0.0
523.753,0.0
523.885,0.0
524.018,0.0
524.15,0.0
524.282,0.0
524.414,0.0
524.546,0.0
524.678,0.0
524.81,0.0
524.942,0.0
525.074,0.0
525.206,0.0
525.338,0.0
525.469,0.0
525.601,0.0
525.733,0.0
525.865,0.0
525.997,0.0
526.129,0.0
526.261,0.0
526.393,0.0
526.524,0.0
526.656,0.0
526.788,0.0
526.92,0.0
527.052,0.0
527.183,0.0
527.315,0.0
527.447,0.0
527.578,0.0
527.71,0.0
527.842,0.0
527.973,0.0
528.105,0.0
528.237,0.0
528.368,0.0
528.5,0.0
528.632,0.0
528.763,0.0
528.895,0.0
529.026,0.0
529.158,0.0
529.289,0.0
529.421,0.0
529.552,0.0
529.684,0.0
529.815,0.0
529.947,0.0
530.078,0.0
530.21,0.0
530.341,0.0
530.472,1.9367733509179542e-08
530.604,2.031439544736975e-07
530.735,3.838992415678832e-07
530.867,5.606790301625187e-07
530.998,7.32526935867674e-07
531.129,8.984960391585476e-07
531.26,1.0575458728923947e-06
531.392,1.2086683435676033e-06
531.523,1.3511655795727985e-06
531.654,1.4843956361772558e-06
531.786,1.607563016552529e-06
531.917,1.719941322842788e-06
532.048,1.820737876813938e-06
532.179,1.9091558172266038e-06
532.311,1.984668992281073e-06
532.442,2.046921314063159e-06
532.573,2.095616963183977e-06
532.704,2.1305281922357995e-06
532.835,2.1513942825545174e-06
532.966,2.1578866131736445e-06
533.097,2.1498164036810603e-06
533.229,2.1271669832617835e-06
533.36,2.090041292897617e-06
533.491,2.038473765403835e-06
533.622,1.9722826981551763e-06
533.753,1.8912941369797028e-06
533.884,1.7954848196186755e-06
534.015,1.6850692303838107e-06
534.146,1.5604232945256726e-06
534.277,1.4219404194150898e-06
534.408,1.2700011941481594e-06
534.539,1.1051077844289164e-06
534.67,9.281248507428883e-07
534.801,7.401085180140224e-07
534.932,5.420825645814487e-07
535.063,3.3509601965440504e-07
535.194,1.202032638807553e-07
535.324,0.0
535.455,0.0
535.586,0.0
535.717,0.0
535.848,0.0
535.979,0.0
536.109,0.0
536.24,0.0
536.371,0.0
536.502,0.0
536.632,0.0
536.763,0.0
536.894,0.0
537.025,0.0
537.155,0.0
537.286,0.0
537.417,0.0
537.547,0.0
537.678,0.0
537.808,0.0
537.939,0.0
538.07,0.0
538.2,0.0
538.331,0.0
538.461,0.0
538.592,0.0
538.722,0.0
538.853,0.0
538.983,0.0
539.114,0.0
539.244,0.0
539.375,0.0
539.505,0.0
539.636,0.0
539.766,0.0
539.896,0.0
540.027,0.0
540.157,0.0
540.287,0.0
540.418,0.0
540.548,0.0
540.678,0.0
540.809,0.0
540.939,0.0
541.069,0.0
541.2,0.0
541.33,0.0
541.46,0.0
541.59,0.0
541.72,0.0
541.851,2.731284056426656e-07
541.981,6.200689261224215e-07
542.111,9.470540701565505e-07
542.241,1.2520163795171698e-06
542.371,1.5330363460367812e-06
542.501,1.9610056709316058e-06
542.631,2.5131280998955447e-06
542.761,3.118773484369835e-06
542.891,3.7523505285000357e-06
543.021,4.058144007518943e-06
543.151,4.039019271841805e-06
543.281,3.6940083523500507e-06
543.411,3.0223941968350192e-06
543.542,2.2894256232018093e-06
543.671,1.5664564435497047e-06
543.801,9.643148620637282e-07
543.931,5.610961500078431e-07
544.061,4.2475779648055964e-07
544.191,5.792262946459303e-07
544.321,9.943288628314732e-07
544.451,1.669683751894545e-06
544.581,2.499212906397056e-06
544.711,3.3843687262609416e-06
544.841,4.45978419291535e-06
544.97,5.619493097196756e-06
545.1,6.765301119115385e-06
545.23,7.83227782103047e-06
545.36,7.323483513320306e-06
545.49,5.240309793814684e-06
545.619,4.1736188126915035e-06
545.749,4.194661250409503e-06
545.879,3.882910150257722e-06
546.009,3.315824677062222e-06
546.138,2.570213658955077e-06
546.268,1.7139874087890642e-06
546.398,9.98996483041506e-07
546.527,4.2745872676387986e-07
546.657,5.433032772201414e-09
546.786,0.0
546.916,0.0
547.046,0.0
547.175,0.0
547.305,0.0
547.434,0.0
547.564,0.0
547.693,0.0
547.823,0.0
547.953,0.0
548.082,0.0
548.211,0.0
548.341,0.0
548.47,0.0
548.6,0.0
548.729,0.0
548.859,0.0
548.988,0.0
549.117,0.0
549.247,0.0
549.376,0.0
549.505,0.0
549.635,0.0
549.764,0.0
549.893,0.0
550.023,0.0
550.152,0.0
550.281,5.0759364436814674e-08
550.41,2.3204923374863952e-07
550.539,4.223448887393533e-07
550.669,6.195730959692192e-07
550.798,8.217380256919949e-07
550.927,1.0264097907634793e-06
551.056,1.231057423932511e-06
551.185,1.4333183943946266e-06
551.314,1.6308713715925268e-06
551.443,1.8214319268213732e-06
551.573,2.0033314096798353e-06
551.702,2.175053663278334e-06
551.831,2.3351446385064806e-06
551.96,2.482324454526144e-06
552.089,2.6153658422588532e-06
552.218,2.7329709564439474e-06
552.347,2.83397490536406e-06
552.476,2.9172810453896544e-06
552.605,2.981813861302932e-06
552.734,3.026685650621596e-06
552.863,3.051177636420874e-06
552.992,3.0546900606785963e-06
553.121,3.0368979777347908e-06
553.249,2.9977060476909143e-06
553.378,2.9371423244551625e-06
553.507,2.855516838301304e-06
553.636,2.753323289525762e-06
553.765,2.6311927592394803e-06
553.894,2.4900018231770966e-06
554.023,2.3307670094486342e-06
554.151,2.154644078747868e-06
554.28,1.962943297846994e-06
554.409,1.7570642380861358e-06
554.538,1.5384171601411607e-06
554.666,1.308555838822818e-06
554.795,1.0691164344160344e-06
554.924,8.217117810138988e-07
555.052,5.680370308819006e-07
555.181,3.096976176417446e-07
555.31,4.811888385727509e-08
555.439,0.0
555.567,0.0
555.696,0.0
555.824,0.0
555.953,0.0
556.082,0.0
556.21,0.0
556.339,0.0
556.467,0.0
556.596,0.0
556.724,0.0
556.853,0.0
556.981,0.0
557.11,0.0
557.238,0.0
557.367,0.0
557.495,0.0
557.623,0.0
557.752,0.0
557.88,0.0
558.008,0.0
558.137,0.0
558.265,0.0
558.393,0.0
558.522,0.0
558.65,0.0
558.778,0.0
558.906,0.0
559.035,0.0
559.163,0.0
559.291,0.0
559.419,0.0
559.548,0.0
559.676,0.0
559.804,0.0
559.932,0.0
560.06,0.0
560.188,5.98034785116612e-08
560.316,4.789240284628565e-07
560.444,9.188689950913012e-07
560.572,1.3753594462038311e-06
560.7,1.848623783602996e-06
560.828,2.339092882860577e-06
560.956,2.8485425770388743e-06
561.085,3.378937953867356e-06
561.212,3.931967911745804e-06
561.34,4.509020916912937e-06
561.468,5.110986061691705e-06
561.596,5.743312788319707e-06
561.724,6.407048112175667e-06
561.852,7.101131286903317e-06
561.98,7.828798309076407e-06
562.108,8.5881621190959e-06
562.236,9.37654661577873e-06
562.364,1.019150631549099e-05
562.492,1.1055369233045582e-05
562.619,1.1992986289678028e-05
562.747,1.3003680993802692e-05
562.875,1.4091418123932565e-05
563.003,1.5253521344424342e-05
563.13,1.6487496511672105e-05
563.258,1.779229181533633e-05
563.386,1.916616511212743e-05
563.514,2.056302446118821e-05
563.641,2.1912032964841028e-05
563.769,2.321650825854543e-05
563.897,2.4486411826683838e-05
564.024,2.5711681055635405e-05
564.152,2.6909871493864998e-05
564.28,2.810059714745656e-05
564.407,2.9305056632879455e-05
564.535,3.057529651895977e-05
564.662,3.200745958476033e-05
564.79,3.362353155910965e-05
564.917,3.5427506085960484e-05
565.045,3.7502299736535364e-05
565.173,3.988643308686789e-05
565.3,4.261903609018594e-05
565.428,4.575491086787002e-05
565.555,4.9344074374252986e-05
565.682,5.340109432687875e-05
565.81,5.795021260885281e-05
565.937,6.299988944021833e-05
566.065,6.841352557487253e-05
566.192,7.408439413206739e-05
566.32,7.990396190531954e-05
566.447,8.569465918182376e-05
566.574,9.126491850790366e-05
566.702,9.630306894149478e-05
566.829,0.00010049532024320884
566.956,0.0001036917263427368
567.083,0.00010604813027824896
567.211,0.00010790895517231749
567.338,0.00010966310028966573
567.465,0.00011111122255244118
567.593,0.00011207553798728105
567.72,0.00011469220106695671
567.847,0.00011876052351533909
567.974,0.00011719951148154173
568.101,0.00015006050533963804
568.228,0.00021474015101102963
568.356,0.00024735699025529574
568.483,0.00024518327917172204
568.61,0.00024401204090505665
568.737,0.00030963825822959677
568.864,0.00038621757724787174
568.991,0.0003692347656495695
569.118,0.000319600456158975
569.245,0.00027385191667277716
569.372,0.00023338534623581895
569.499,0.0001998892820385701
569.626,0.00018109968658404745
569.753,0.00015783408166559373
569.88,0.00014779748132466575
570.007,0.00013244711534140727
570.134,0.00011986477998008524
570.261,0.00011019854687453744
570.388,0.00010174144530149057
570.515,9.4180514639741e-05
570.642,8.752695813479847e-05
570.768,8.155074128454895e-05
570.895,7.59826947526243e-05
571.022,7.081272390978335e-05
571.149,6.601104836385895e-05
571.276,6.12183888993535e-05
571.402,5.6919330029966065e-05
571.529,5.3354847435690995e-05
571.656,5.0463625828482984e-05
571.783,4.982804286713072e-05
571.909,5.0843881001600754e-05
572.036,4.913966840998929e-05
572.163,4.464159911612368e-05
572.289,4.149245006551319e-05
572.416,3.986595407933401e-05
572.543,3.825051126504508e-05
572.669,3.666870336499768e-05
572.796,3.4869650892808335e-05
572.922,3.291015741955334e-05
573.049,3.1062086335946654e-05
573.176,2.934036755030345e-05
573.302,2.778270684287171e-05
573.429,2.6352697110868123e-05
573.555,2.5011140434336352e-05
573.682,2.3748662059830943e-05
573.808,2.2556037427226797e-05
573.935,2.1425517308405665e-05
574.061,2.0354289070422193e-05
574.188,1.9332751623077207e-05
574.314,1.8177882612616398e-05
574.44,1.6886170746166254e-05
574.567,1.690302354930882e-05
574.693,1.8219782548929397e-05
574.82,1.2129683315212412e-05
574.946,1.3471490461305167e-05
575.072,1.3540144921912601e-05
575.198,1.233277819763512e-05
575.325,1.1298738891533458e-05
575.451,1.0437386955110117e-05
575.577,9.577319840388849e-06
575.704,8.72192232020562e-06
575.83,7.87495797753716e-06
575.956,7.037893812121249e-06
576.082,6.2122048994877365e-06
576.208,5.402462812371625e-06
576.335,4.611931110471809e-06
576.461,3.842567857992225e-06
576.587,3.095503030387248e-06
576.713,2.372871764210424e-06
576.839,1.6772390526217603e-06
576.965,1.0113815252322024e-06
577.091,3.7788992248809367e-07
577.217,0.0
577.343,0.0
577.469,0.0
577.596,0.0
577.722,0.0
577.848,0.0
577.974,0.0
578.099,0.0
578.225,0.0
578.351,0.0
578.477,0.0
578.603,0.0
578.729,0.0
578.855,0.0
578.981,0.0
579.107,0.0
579.232,0.0
579.358,0.0
579.484,0.0
579.61,0.0
579.735,0.0
579.861,0.0
579.987,0.0
580.113,0.0
580.238,0.0
580.364,0.0
580.49,0.0
580.615,0.0
580.741,2.4007409725705093e-07
580.867,1.0452171717250438e-06
580.992,1.908286985112543e-06
581.118,2.8275191953852487e-06
581.243,3.80420425743066e-06
581.369,4.8391675981321945e-06
581.494,5.931799669230274e-06
581.62,7.079473011699541e-06
581.745,8.282115654795678e-06
581.871,9.539876433128674e-06
581.996,1.0853642538856173e-05
582.122,1.222435924343294e-05
582.247,1.3690732942843346e-05
582.373,1.5260864087456182e-05
582.498,1.690696056188312e-05
582.624,1.864000905797639e-05
582.749,2.0214518195858948e-05
582.874,2.1647437665104046e-05
583.0,2.3244974933288515e-05
583.125,2.502676875017844e-05
583.25,2.8562759545223912e-05
583.376,3.3867410998811176e-05
583.501,3.658447848367914e-05
583.626,3.674190430917962e-05
583.751,3.886151381541409e-05
583.877,4.2969170227451236e-05
584.002,4.736701600716241e-05
584.127,5.208324762622336e-05
584.252,5.688633002958146e-05
584.377,6.181065620078202e-05
584.503,6.718635512043119e-05
584.628,7.30336423007491e-05
584.753,7.921138628064153e-05
584.878,8.573383062129352e-05
585.003,9.415447306766372e-05
585.128,0.00010449264425418666
585.253,0.00010734957790718438
585.378,0.00011885843822890072
585.503,0.00012963917639029622
585.628,0.0001397674461534739
585.753,0.00015088170106847926
585.878,0.00016312959990960558
586.003,0.00017655012153715277
586.128,0.0001913900478191652
586.253,0.0002082850638352753
586.378,0.00022738764909300809
586.503,0.00024879608555498873
586.628,0.00027474639054560093
586.753,0.00030409086238588517
586.878,0.00032727656889035744
587.003,0.00036736062754931834
587.127,0.0004144658438508643
587.252,0.00046080276164223296
587.377,0.0005084895326819557
587.502,0.0005631986181169177
587.627,0.000623172471575546
587.751,0.0006889281021162673
587.876,0.0007695397650957755
588.001,0.0008386709937356905
588.125,0.0009285920915965304
588.25,0.0010369114140891694
588.375,0.0011598902602801958
588.499,0.0012980528070191209
588.624,0.0014561746448414942
588.749,0.0016355636313936106
588.873,0.001709319350518039
588.998,0.0017493291746001533
589.122,0.0019216649366085295
589.247,0.0020247398345198597
589.372,0.0019280992289566075
589.496,0.0018299692886770543
589.621,0.001814305674571581
589.745,0.0018897671938550168
589.87,0.001823165024907862
589.994,0.0016036163115713598
590.118,0.0014296348292649808
590.243,0.0012623428326701874
590.367,0.0011386265748984641
590.492,0.0010107023924627377
590.616,0.0009077478042923289
590.74,0.0008198372635592323
590.865,0.0007430111049241992
590.989,0.0006777188830650499
591.114,0.0006240880956289571
591.238,0.0005832584260458288
591.362,0.0005218513454100025
591.486,0.0004792762429243533
591.611,0.0004512035732995895
591.735,0.00040550216869404747
591.859,0.00037201258409919134
591.983,0.00034210143970553
592.107,0.0003112724822980735
592.232,0.000281581147917826
592.356,0.0002552117569634591
592.48,0.00023189431751988477
592.604,0.00021159002596624063
592.728,0.00019546545992540036
592.852,0.0001827854722574431
592.976,0.00017062200111117668
593.1,0.00015864297128053226
593.224,0.00014800233020512209
593.349,0.0001384736068042361
593.473,0.0001298832557095304
593.597,0.00012208689200394712
593.721,0.00011472857393275057
593.844,0.00010776236021241165
593.968,0.00010114650331210671
594.092,9.483359596330983e-05
594.216,8.884124236860464e-05
594.34,8.316431853726755e-05
594.464,7.779374107625974e-05
594.588,7.272879341658074e-05
594.712,6.796858107038076e-05
594.836,6.34956648649614e-05
594.959,5.9293658536442353e-05
595.083,5.534254220526635e-05
595.207,5.162574971358663e-05
595.331,4.812941333748301e-05
595.455,4.484047271180098e-05
595.578,4.174217111152706e-05
595.702,3.882077672660521e-05
595.826,3.6065125978092705e-05
595.949,3.3468037773714345e-05
596.073,3.1027015929079236e-05
596.197,2.8730686591343066e-05
596.32,2.6566288440266883e-05
596.444,2.4522168388536117e-05
596.568,2.2586901119298694e-05
596.691,2.074987392916406e-05
596.815,1.9003055037459322e-05
596.938,1.7339006754951766e-05
597.062,1.5755597367281323e-05
597.186,1.4249996459107336e-05
597.309,1.2818877028665705e-05
597.433,1.1459032097401429e-05
597.556,1.01708686174504e-05
597.68,8.95361952590106e-06
597.803,7.805270434747769e-06
597.926,6.7221870873357605e-06
598.05,5.6990203036884375e-06
598.173,4.7345999033410414e-06
598.297,3.827876424320426e-06
598.42,2.977825422192413e-06
598.543,2.183037549596426e-06
598.667,1.4422466095037418e-06
598.79,7.541528943802047e-07
598.913,1.1750579218072914e-07
599.037,0.0
599.16,0.0
599.283,0.0
599.406,0.0
599.53,0.0
599.653,0.0
599.776,0.0
599.899,0.0
600.022,0.0
600.145,0.0
600.269,0.0
600.392,0.0
600.515,0.0
600.638,0.0
600.761,0.0
600.884,0.0
601.007,0.0
601.13,0.0
601.253,0.0
601.376,0.0
601.499,0.0
601.622,0.0
601.745,0.0
601.868,0.0
601.991,0.0
602.113,0.0
602.236,0.0
602.359,0.0
602.482,0.0
602.605,0.0
602.728,0.0
602.85,0.0
602.973,0.0
603.096,0.0
603.219,0.0
603.341,0.0
603.464,0.0
603.587,0.0
603.709,0.0
603.832,0.0
603.955,0.0
604.077,0.0
604.2,0.0
604.323,0.0
604.445,0.0
604.568,0.0
604.69,0.0
604.813,0.0
604.935,0.0
605.058,0.0
605.18,0.0
605.303,0.0
605.425,0.0
605.547,0.0
605.67,0.0
605.792,0.0
605.915,0.0
606.037,0.0
606.159,0.0
606.282,0.0
606.404,0.0
606.526,0.0
606.648,0.0
606.771,0.0
606.893,0.0
607.015,0.0
607.137,0.0
607.26,0.0
607.382,0.0
607.504,0.0
607.626,0.0
607.748,0.0
607.87,0.0
607.992,0.0
608.114,0.0
608.237,0.0
608.359,0.0
608.481,0.0
608.603,0.0
608.725,0.0
608.847,0.0
608.969,0.0
609.09,0.0
609.212,0.0
609.334,0.0
609.456,0.0
609.578,0.0
609.7,0.0
609.822,0.0
609.944,0.0
610.065,0.0
610.187,0.0
610.309,0.0
610.431,0.0
610.552,0.0
610.674,0.0
610.796,0.0
610.918,0.0
611.039,0.0
611.161,0.0
611.282,0.0
611.404,0.0
611.526,0.0
611.647,0.0
611.769,0.0
611.89,0.0
612.012,0.0
612.133,0.0
612.255,0.0
612.377,0.0
612.498,0.0
612.619,0.0
612.741,0.0
612.862,0.0
612.984,0.0
613.105,0.0
613.226,0.0
613.348,0.0
613.469,0.0
613.59,0.0
613.712,0.0
613.833,0.0
613.954,0.0
614.076,0.0
614.197,0.0
614.318,0.0
614.439,0.0
614.56,8.050056734302524e-07
614.682,2.271739358870964e-06
614.803,4.0311478937558865e-06
614.924,5.398607051592073e-06
615.045,6.086228739932018e-06
615.166,1.053198029469574e-05
615.287,2.7961112300112306e-05
615.408,6.822447286650065e-05
615.529,7.875312079504802e-05
615.65,6.631221818473852e-05
615.771,3.982424603500682e-05
615.892,5.0011931031324166e-05
616.013,0.00010397931797695092
616.134,0.0001544665742117855
616.255,0.0001340809984539273
616.376,8.523612054934368e-05
616.497,5.728442382773548e-05
616.618,4.4120721918939536e-05
616.739,3.710203259662533e-05
616.86,3.11262299540077e-05
616.981,2.5907809983338896e-05
617.102,2.187422599403996e-05
617.222,1.8798514934245084e-05
617.343,1.656170001531544e-05
617.464,1.4872083513552726e-05
617.585,1.335483598620211e-05
617.705,1.1905383963213331e-05
617.826,1.0525653837162392e-05
617.947,9.266395415428987e-06
618.068,8.220889660004894e-06
618.188,7.413845170448624e-06
618.309,6.816093872713741e-06
618.43,6.384776853030295e-06
618.55,6.059838058206114e-06
618.671,5.7909321188714975e-06
618.791,5.539153840345811e-06
618.912,5.2864079053307775e-06
619.033,5.008098212147867e-06
619.153,4.6866180636843155e-06
619.274,4.320827389431238e-06
619.394,3.917596683547534e-06
619.515,3.5018521159452277e-06
619.635,3.0958786384012036e-06
619.756,2.7097420465482627e-06
619.876,2.34646220856055e-06
619.996,2.0140356489909115e-06
620.117,1.7210600934867414e-06
620.237,1.4770362631975477e-06
620.358,1.2785378468159638e-06
620.478,1.1175402988690865e-06
620.598,9.863702133952203e-07
620.719,8.807229203942354e-07
620.839,7.970587881061145e-07
620.959,7.305568764768939e-07
621.079,6.760668634965166e-07
621.2,6.293372325247452e-07
621.32,5.882243371223217e-07
621.44,5.490641765266194e-07
621.56,5.086657055916497e-07
621.681,4.6468434270188636e-07
621.801,4.147254460032589e-07
621.921,3.5571515209929524e-07
622.041,2.846714221486501e-07
622.161,1.985601803769808e-07
622.281,9.851084139729708e-08
622.401,0.0
622.521,0.0
622.641,0.0
622.761,0.0
622.882,0.0
623.002,0.0
623.121,0.0
623.241,0.0
623.361,0.0
623.481,0.0
623.601,0.0
623.721,0.0
623.841,0.0
623.961,0.0
624.081,0.0
624.201,0.0
624.32,0.0
624.44,0.0
624.56,0.0
624.68,0.0
624.799,0.0
624.919,0.0
625.039,0.0
625.159,0.0
625.278,0.0
625.398,0.0
625.518,0.0
625.637,0.0
625.757,0.0
625.876,0.0
625.996,0.0
626.115,0.0
626.235,0.0
626.354,0.0
626.474,0.0
626.594,0.0
626.713,0.0
626.832,0.0
626.952,0.0
627.071,0.0
627.191,0.0
627.31,0.0
627.429,0.0
627.549,0.0
627.668,0.0
627.787,0.0
627.907,0.0
628.026,0.0
628.145,0.0
628.264,0.0
628.384,0.0
628.503,0.0
628.622,0.0
628.741,0.0
628.86,0.0
628.98,0.0
629.099,0.0
629.218,3.2784513333877166e-08
629.337,9.618486950970852e-08
629.456,1.5635472095909068e-07
629.575,2.1325806759633366e-07
629.694,2.666745287669103e-07
629.813,3.163487895666863e-07
629.932,3.62162565243118e-07
630.051,4.039647199297023e-07
630.17,4.417202747727018e-07
630.289,4.7541882489011757e-07
630.408,5.048805109965162e-07
630.527,5.299149978441715e-07
630.646,5.50369229015062e-07
630.764,5.66118092047669e-07
630.883,5.771433571339559e-07
631.002,5.835221283657888e-07
631.121,5.85353502430614e-07
631.24,5.828364964868787e-07
631.359,5.762824394173734e-07
631.477,5.660398706024457e-07
631.596,5.525756582332323e-07
631.715,5.363001523384459e-07
631.834,5.174815447016265e-07
631.952,4.964424883882842e-07
632.071,4.735457840285058e-07
632.19,4.491827873790176e-07
632.308,4.2383604826510456e-07
632.427,3.979468161376237e-07
632.546,3.7171247899412183e-07
632.664,3.4531438754089946e-07
632.783,3.19036688656657e-07
632.901,2.930822852073643e-07
633.02,2.6767506770821947e-07
633.138,2.429769378223001e-07
633.257,2.1892189831201148e-07
633.375,1.954198288534513e-07
633.494,1.7252610002004764e-07
633.612,1.502777492635439e-07
633.731,1.286923297979693e-07
633.849,1.0783578375367934e-07
633.968,8.765645449331627e-08
634.086,6.812242970131853e-08
634.204,4.93608662767026e-08
634.323,3.1517105848742856e-08
634.441,1.4785492235173554e-08
634.559,0.0
634.678,0.0
634.796,0.0
634.914,0.0
635.032,0.0
635.151,0.0
635.269,0.0
635.387,0.0
635.505,0.0
635.623,0.0
635.742,0.0
635.86,0.0
635.978,0.0
636.096,0.0
636.214,0.0
636.332,0.0
636.45,0.0
636.568,0.0
636.686,0.0
636.804,0.0
636.922,0.0
637.04,0.0
637.158,0.0
637.276,0.0
637.394,0.0
637.512,0.0
637.629,0.0
637.747,0.0
637.865,0.0
637.983,0.0
638.101,0.0
638.218,0.0
638.336,0.0
638.454,0.0
638.572,0.0
638.689,0.0
638.807,0.0
638.925,0.0
639.042,0.0
639.16,0.0
639.278,0.0
639.395,0.0
639.513,0.0
639.63,0.0
639.748,0.0
639.865,0.0
639.983,0.0
640.1,0.0
640.218,0.0
640.335,0.0
640.453,0.0
640.57,0.0
640.688,0.0
640.805,0.0
640.922,0.0
641.04,0.0
641.157,0.0
641.274,0.0
641.391,0.0
641.509,0.0
641.626,0.0
641.743,0.0
641.86,0.0
641.978,0.0
642.095,0.0
642.212,0.0
642.329,0.0
642.446,0.0
642.563,0.0
642.681,0.0
642.798,0.0
642.915,0.0
643.032,0.0
643.149,0.0
643.266,0.0
643.383,0.0
643.5,0.0
643.617,0.0
643.734,0.0
643.85,0.0
643.967,0.0
644.084,0.0
644.201,0.0
644.318,0.0
644.435,0.0
644.552,0.0
644.668,0.0
644.785,0.0
644.902,0.0
645.019,0.0
645.135,0.0
645.252,0.0
645.369,0.0
645.485,0.0
645.602,0.0
645.719,0.0
645.835,0.0
645.952,9.290264878171492e-08
646.068,2.0142096002861693e-07
646.185,3.07281503381633e-07
646.302,4.09863947346514e-07
646.418,5.085726901842562e-07
646.535,6.028514394295011e-07
646.651,6.922308399503664e-07
646.768,7.762753569086159e-07
646.884,8.54529078910668e-07
647.0,9.265321340177788e-07
647.117,9.918327165397642e-07
647.233,1.049972084903771e-06
647.35,1.1004674708268715e-06
647.466,1.1428626505575498e-06
647.582,1.1767986899960706e-06
647.699,1.2018727481363496e-06
647.815,1.2177816966033633e-06
647.931,1.224304385759835e-06
648.047,1.2212232549339848e-06
648.164,1.2083767224554869e-06
648.28,1.1858112694633917e-06
648.396,1.153661160991212e-06
648.512,1.11205633268225e-06
648.629,1.061277575108239e-06
648.745,1.001649655383945e-06
648.861,9.336072231258953e-07
648.977,8.578259466568265e-07
649.093,7.750690836941567e-07
649.209,6.861774589560777e-07
649.325,5.915048329157398e-07
649.441,4.914333529314848e-07
649.557,3.863649227647012e-07
649.673,2.768606688141331e-07
649.789,1.6349021055167937e-07
649.905,4.670406373611626e-08
650.021,0.0
650.137,0.0
650.253,0.0
650.369,0.0
650.485,0.0
650.601,0.0
650.717,0.0
650.833,0.0
650.948,0.0
651.064,0.0
651.18,0.0
651.296,0.0
651.411,0.0
651.527,0.0
651.643,0.0
651.759,0.0
651.874,0.0
651.99,0.0
652.105,0.0
652.221,0.0
652.337,0.0
652.452,0.0
652.568,0.0
652.683,0.0
652.799,0.0
652.914,5.228371620995226e-08
653.03,4.075550339288717e-07
653.145,7.933199710871058e-07
653.261,1.2072502521973335e-06
653.376,1.6470590819640035e-06
653.492,2.1165164209698284e-06
653.607,2.619913485308645e-06
653.722,3.161735554421865e-06
653.838,3.7463363420620705e-06
653.953,4.3780870403291045e-06
654.068,5.0665746305549595e-06
654.184,5.821521178658618e-06
654.299,6.6517151620558296e-06
654.414,7.562189739984322e-06
654.53,8.552371294756304e-06
654.645,9.61849949134406e-06
654.76,1.075667300761702e-05
654.875,1.1989857843736674e-05
654.99,1.3345196667283689e-05
655.106,1.4841981600196588e-05
655.221,1.649690686943688e-05
655.336,1.8289812541851017e-05
655.451,2.0198758446483578e-05
655.566,2.2200535267781292e-05
655.681,2.4272178573787804e-05
655.796,2.6331653230597417e-05
655.911,2.8254010434329894e-05
656.026,2.9914326783218285e-05
656.141,3.1194031201308125e-05
656.256,3.2050567054806546e-05
656.371,3.247033659735391e-05
656.486,3.244758495746015e-05
656.601,3.197819872003058e-05
656.716,3.11012462126478e-05
656.831,2.9920515355166146e-05
656.946,2.855526332331601e-05
657.06,2.7121278537982484e-05
657.175,2.5679692483520676e-05
657.29,2.42497718991947e-05
657.405,2.2852689444318487e-05
657.52,2.1509708588477177e-05
657.634,2.024265983791891e-05
657.749,1.9039586960130875e-05
657.864,1.788237525293992e-05
657.979,1.6754369740491444e-05
658.093,1.5652092965394035e-05
658.208,1.4595614047572855e-05
658.323,1.3596180328187275e-05
658.437,1.2663236003047251e-05
658.552,1.1794083227563607e-05
658.666,1.0985038611792599e-05
658.781,1.0228383248606545e-05
658.895,9.515819753973025e-06
659.01,8.844858473214511e-06
659.125,8.21239647484836e-06
659.239,7.614510446130976e-06
659.353,7.04730764085448e-06
659.468,6.506767223712383e-06
659.582,5.994365503862002e-06
659.697,5.512699858650973e-06
659.811,5.064144910562531e-06
659.926,4.6434329317509705e-06
660.04,4.241397487514532e-06
660.154,3.855493995593343e-06
660.269,3.484032426452746e-06
660.383,3.1288025034879667e-06
660.497,2.7914403037328307e-06
660.612,2.473235536462566e-06
660.726,2.175293989719882e-06
660.84,1.8978883796056944e-06
660.954,1.6410943000467256e-06
661.068,1.4047633039758386e-06
661.183,1.188540850472079e-06
661.297,9.917751292122293e-07
661.411,8.128934064007984e-07
661.525,6.498887418996078e-07
661.639,5.0037281606812e-07
661.753,3.6534329877246023e-07
661.867,2.4605738147288383e-07
661.981,1.4079250466171565e-07
662.095,4.767799810537005e-08
662.209,0.0
662.323,0.0
662.437,0.0
662.551,0.0
662.665,0.0
662.779,0.0
662.893,0.0
663.007,0.0
663.121,0.0
663.235,0.0
663.349,0.0
663.462,0.0
663.576,0.0
663.69,0.0
663.804,0.0
663.917,0.0
664.031,0.0
664.145,0.0
664.258,0.0
664.372,0.0
664.486,0.0
664.599,0.0
664.713,0.0
664.827,0.0
664.94,0.0
665.054,0.0
665.167,0.0
665.281,0.0
665.394,0.0
665.508,0.0
665.621,0.0
665.735,0.0
665.848,0.0
665.961,0.0
666.075,0.0
666.188,0.0
666.301,0.0
666.415,0.0
666.528,0.0
666.641,0.0
666.755,0.0
666.868,0.0
666.981,0.0
667.094,0.0
667.207,0.0
667.321,0.0
667.434,0.0
667.547,0.0
667.66,0.0
667.773,0.0
667.886,0.0
667.999,0.0
668.112,0.0
668.225,0.0
668.338,0.0
668.451,0.0
668.564,0.0
668.677,0.0
668.79,0.0
668.903,0.0
669.016,0.0
669.129,0.0
669.242,0.0
669.354,0.0
669.467,0.0
669.58,0.0
669.693,0.0
669.806,0.0
669.918,0.0
670.031,0.0
670.144,0.0
670.256,0.0
670.369,0.0
670.482,0.0
670.594,0.0
670.707,0.0
670.82,0.0
670.932,0.0
671.045,0.0
671.157,0.0
671.27,0.0
671.382,0.0
671.495,0.0
671.607,0.0
671.72,0.0
671.832,0.0
671.944,0.0
672.057,0.0
672.169,0.0
672.281,0.0
672.394,0.0
672.506,0.0
672.618,0.0
672.731,0.0
672.843,0.0
672.955,0.0
673.067,0.0
673.18,0.0
673.292,0.0
673.404,0.0
673.516,0.0
673.628,0.0
673.74,0.0
673.852,0.0
673.964,0.0
674.076,1.5025969661908247e-08
674.188,3.413955312324507e-08
674.3,5.191197357321657e-08
674.412,6.836846081376234e-08
674.524,8.344931482184414e-08
674.636,9.705039604402461e-08
674.748,1.0906637795587424e-07
674.86,1.1934033507296874e-07
674.972,1.2767804978634227e-07
675.084,1.33958592172098e-07
675.196,1.381320170569392e-07
675.307,1.401903992206799e-07
675.419,1.4018188602416825e-07
675.531,1.3813415507220455e-07
675.643,1.3407199852805805e-07
675.755,1.2807063961949792e-07
675.866,1.2023142278558212e-07
675.978,1.1064809853408475e-07
676.09,9.938858797847577e-08
676.201,8.651108532675221e-08
676.313,7.212011334656357e-08
676.425,5.6439363356859547e-08
676.536,3.971382254671584e-08
676.648,2.2147369078247952e-08
676.759,3.94255978235053e-09
676.871,0.0
676.983,0.0
677.094,0.0
677.206,0.0
677.317,0.0
677.429,0.0
677.54,0.0
677.651,0.0
677.763,0.0
677.874,0.0
677.986,0.0
678.097,0.0
678.208,0.0
678.32,0.0
678.431,0.0
678.542,0.0
678.653,0.0
678.765,0.0
678.876,0.0
678.987,0.0
679.098,0.0
679.209,0.0
679.32,0.0
679.432,0.0
679.543,0.0
679.654,0.0
679.765,0.0
679.876,0.0
679.987,0.0
680.098,0.0
680.209,0.0
680.32,0.0
680.431,0.0
680.542,0.0
680.653,0.0
680.763,0.0
680.874,0.0
680.985,0.0
681.096,0.0
681.207,0.0
681.318,0.0
681.428,0.0
681.539,0.0
681.65,0.0
681.76,0.0
681.871,0.0
681.982,0.0
682.093,0.0
682.203,0.0
682.314,0.0
682.424,0.0
682.535,0.0
682.646,0.0
682.756,0.0
682.867,0.0
682.977,0.0
683.088,0.0
683.198,0.0
683.308,0.0
683.419,0.0
683.529,0.0
683.64,0.0
683.75,0.0
683.86,0.0
683.971,0.0
684.081,0.0
684.191,0.0
684.301,0.0
684.412,0.0
684.522,0.0
684.632,2.411513894129211e-08
684.742,5.442485574170789e-08
684.852,8.324302316880681e-08
684.963,1.1026318438190298e-07
685.073,1.3510388449463735e-07
685.183,1.5745836236242644e-07
685.293,1.7718639998599193e-07
685.403,1.941421945402562e-07
685.513,2.082753201339924e-07
685.623,2.1962332105589984e-07
685.733,2.2810756976994894e-07
685.843,2.3368552306869676e-07
685.953,2.3640642783041985e-07
686.063,2.3632753307080404e-07
686.173,2.3359490765978356e-07
686.283,2.2835800596929832e-07
686.393,2.206510529947796e-07
686.503,2.104956078056214e-07
686.612,1.9798349959940876e-07
686.722,1.8319487232606338e-07
686.832,1.6624154164696942e-07
686.942,1.472580058002408e-07
687.052,1.2626449184832926e-07
687.161,1.0335233382375258e-07
687.271,7.870899506020022e-08
687.381,5.248529231605917e-08
687.491,2.486645223550863e-08
687.6,0.0
687.71,0.0
687.82,0.0
687.929,0.0
688.039,0.0
688.148,0.0
688.258,0.0
688.367,0.0
688.477,0.0
688.586,0.0
688.696,0.0
688.805,0.0
688.915,0.0
689.024,0.0
689.134,0.0
689.243,0.0
689.352,0.0
689.462,0.0
689.571,0.0
689.68,0.0
689.79,0.0
689.899,0.0
690.008,0.0
690.117,0.0
690.227,0.0
690.336,0.0
690.445,0.0
690.554,0.0
690.663,0.0
690.772,0.0
690.881,0.0
690.99,0.0
691.099,0.0
691.209,0.0
691.318,0.0
691.427,0.0
691.536,0.0
691.644,0.0
691.753,0.0
691.862,1.4656273256896183e-08
691.971,3.902199592672251e-08
692.08,6.179721546847739e-08
692.189,8.276757025322621e-08
692.298,1.0181859359995071e-07
692.406,1.1897481185994505e-07
692.515,1.3435061379293307e-07
692.624,1.4789494920062154e-07
692.733,1.5948245053208197e-07
692.842,1.6904584222113095e-07
692.95,1.7660536093895812e-07
693.059,1.8223421152154957e-07
693.168,1.8607555876793597e-07
693.276,1.881986385434451e-07
693.385,1.8860881612906012e-07
693.494,1.8738573859089782e-07
693.602,1.8464119771281625e-07
693.711,1.8057590868965346e-07
693.819,1.7542024269470159e-07
693.928,1.6936527511765735e-07
694.036,1.6243846105350008e-07
694.145,1.5459203347014071e-07
694.253,1.4578371205252998e-07
694.362,1.3614015014411854e-07
694.47,1.2594245353409192e-07
694.579,1.153942720436163e-07
694.687,1.0470114251943508e-07
694.795,9.418721220372252e-08
694.693,0.0
694.893,0.0
695.093,0.0
695.293,0.0
695.492,7.093189679822137e-09
695.692,8.473550261314934e-08
695.891,2.5309387992458783e-08
696.091,5.186743916126106e-08
696.291,1.0716138732251107e-07
696.49,7.133940816908262e-08
696.69,0.0
696.889,0.0
697.089,0.0
697.288,0.0
697.488,0.0
697.687,0.0
697.887,0.0
698.086,1.9305038678395136e-07
698.286,3.6120290648091215e-07
698.485,4.5358213500592847e-07
698.684,4.850553026421219e-07
698.884,4.636963327571214e-07
699.083,4.0066955694630307e-07
699.282,3.223984372324244e-07
699.482,2.601032981739739e-07
699.681,2.2320663237212138e-07
699.88,2.3656915482826781e-07
700.08,3.143341149819516e-07
700.279,4.514783393174794e-07
700.478,6.279617210798043e-07
700.677,8.194356514348682e-07
700.877,1.0137500168267354e-06
701.076,1.199824811056972e-06
701.275,1.369266813015272e-06
701.474,1.5113471143055786e-06
701.673,1.6109566560501401e-06
701.872,1.6679891655501555e-06
702.071,1.6922084974006407e-06
702.271,1.6880322499146558e-06
702.47,1.6437832932520714e-06
702.669,1.560740340194094e-06
702.868,1.4454666414232765e-06
703.067,1.2998124646284615e-06
703.266,1.1220738029550306e-06
703.465,9.086073478160699e-07
703.664,6.561048260127237e-07
703.863,3.726474362119871e-07
704.062,6.571040226560855e-08
704.26,0.0
704.459,0.0
704.658,0.0
704.857,0.0
705.056,0.0
705.255,0.0
705.454,0.0
705.652,0.0
705.851,0.0
706.05,0.0
706.249,0.0
706.447,0.0
706.646,0.0
706.845,0.0
707.043,0.0
707.242,0.0
707.441,0.0
707.639,0.0
707.838,0.0
708.037,0.0
708.235,0.0
708.434,0.0
708.632,0.0
708.831,0.0
709.029,0.0
709.228,0.0
709.426,0.0
709.625,0.0
709.823,0.0
710.022,0.0
710.22,0.0
710.418,0.0
710.617,0.0
710.815,0.0
711.013,0.0
711.212,0.0
711.41,0.0
711.608,0.0
711.807,0.0
712.005,0.0
712.203,1.055719075512409e-07
712.401,2.3109242968798762e-07
712.599,3.633991965400336e-07
712.798,5.028253358001321e-07
712.996,6.480661763908113e-07
713.194,7.976810541470554e-07
713.392,9.259904539149342e-07
713.59,1.004601270704585e-06
713.788,1.0332694273915135e-06
713.986,1.0333636692674902e-06
714.184,1.0268108326692642e-06
714.382,1.055958272259953e-06
714.58,1.1204459400312452e-06
714.778,1.2197541497980613e-06
714.976,1.5012310561312549e-06
715.174,2.1310211294669166e-06
715.372,3.087727030128421e-06
715.57,4.310608033051727e-06
715.768,5.4833836019790185e-06
715.966,6.130213276234692e-06
716.164,6.250452927822758e-06
716.362,5.8437611321440895e-06
716.56,5.058261792257786e-06
716.758,4.283583911737136e-06
716.955,3.5544947317751004e-06
717.153,2.9318650377309843e-06
717.351,2.4804204017177886e-06
717.549,2.1317671415801267e-06
717.746,1.886414048525369e-06
717.944,1.744854263691025e-06
718.142,1.6828881895843708e-06
718.34,1.6733133343703334e-06
718.537,1.6965172629122965e-06
718.735,1.7301800668871212e-06
718.933,1.7502538189673252e-06
719.13,1.7555479559535263e-06
719.328,1.7469823730027089e-06
719.525,1.7255624573008355e-06
719.723,1.695214842583822e-06
719.92,1.6601134034577292e-06
720.118,1.6210089710751152e-06
720.316,1.575094256776714e-06
720.513,1.5194987822858303e-06
720.711,1.4489413577242771e-06
720.908,1.364187033493362e-06
721.105,1.2659615956259778e-06
721.303,1.1550284594845504e-06
721.5,1.0322096134035545e-06
721.698,9.017503157019584e-07
721.895,7.683530399787292e-07
722.092,6.369310630211091e-07
722.29,5.121277612615824e-07
722.487,3.9448662830493173e-07
722.684,2.843732559531085e-07
722.882,1.8199375495061742e-07
723.079,8.741648096706464e-08
723.276,6.285968612057225e-10
723.473,0.0
723.671,0.0
723.868,0.0
724.065,0.0
724.262,0.0
724.459,0.0
724.656,0.0
724.854,0.0
725.051,0.0
725.248,0.0
725.445,0.0
725.642,0.0
725.839,0.0
726.036,0.0
726.233,0.0
726.43,0.0
726.627,0.0
726.824,0.0
727.021,0.0
727.218,0.0
727.414,0.0
727.611,0.0
727.808,0.0
728.005,0.0
728.202,0.0
728.399,0.0
728.595,0.0
728.792,0.0
728.989,0.0
729.186,0.0
729.382,0.0
729.579,0.0
729.776,0.0
729.972,0.0
730.169,0.0
730.366,0.0
730.562,0.0
730.759,0.0
730.955,0.0
731.152,0.0
731.348,0.0
731.545,0.0
731.741,0.0
731.938,0.0
732.134,0.0
732.331,0.0
732.527,0.0
732.724,0.0
732.92,0.0
733.116,0.0
733.313,0.0
733.509,0.0
733.705,0.0
733.902,0.0
734.098,0.0
734.294,0.0
734.49,0.0
734.687,0.0
734.883,0.0
735.079,0.0
735.275,0.0
735.471,0.0
735.667,0.0
735.863,0.0
736.06,0.0
736.256,0.0
736.452,0.0
736.648,0.0
736.844,0.0
737.04,0.0
737.236,0.0
737.432,0.0
737.628,0.0
737.824,0.0
738.019,0.0
738.215,0.0
738.411,0.0
738.607,0.0
738.803,0.0
738.999,1.1135749236059898e-07
739.195,6.279446985086369e-07
739.39,1.2194310538599185e-06
739.586,1.8704399065822772e-06
739.782,2.5373533277601424e-06
739.978,3.1719990629748736e-06
740.173,3.743241124137199e-06
740.369,4.248560831528038e-06
740.565,4.621991355609191e-06
740.76,4.808963814203473e-06
740.956,4.8758372864669785e-06
741.152,4.8854257550179e-06
741.347,5.022191854796895e-06
741.543,5.636828349353862e-06
741.738,7.139397597344462e-06
741.934,9.80995073547715e-06
742.129,1.4588679691267861e-05
742.325,2.1601033660627076e-05
742.52,2.6176736007962403e-05
742.716,2.451954062560409e-05
742.911,2.036103695718447e-05
743.107,1.7798568573487243e-05
743.302,1.6647665303070144e-05
743.498,1.623620545701363e-05
743.693,1.6548048481643946e-05
743.888,1.993550141582533e-05
744.084,3.15676550925668e-05
744.279,5.5417136565883996e-05
744.474,5.789797923657891e-05
744.67,4.384521462863407e-05
744.865,3.478641720786464e-05
745.06,2.873655057256851e-05
745.255,2.460935544893112e-05
745.451,2.245043415702713e-05
745.646,2.1392278277381886e-05
745.841,2.0920820137462374e-05
746.036,2.112434525990662e-05
746.231,2.273651563943441e-05
746.426,2.8666896109878754e-05
746.622,4.416334796470648e-05
746.817,7.456281317819234e-05
747.012,9.402695799154456e-05
747.207,7.638059678703675e-05
747.402,6.158535884777803e-05
747.597,5.163459949236082e-05
747.792,4.519337909896082e-05
747.987,4.031763920497097e-05
748.182,3.638020479612915e-05
748.377,3.3028260863924696e-05
748.572,2.991236220017183e-05
748.767,2.7111325394434076e-05
748.961,2.4763380184673765e-05
749.156,2.2778145637164462e-05
749.351,2.1126297752179538e-05
749.546,1.9688682841726073e-05
749.741,1.8378400428638316e-05
749.936,1.7195997670459596e-05
750.13,1.612876135853391e-05
750.325,1.5154178228763465e-05
750.52,1.4246418070431991e-05
750.715,1.339019817946822e-05
750.909,1.2549274084352793e-05
751.104,1.171544728672702e-05
751.299,1.0891111122569884e-05
751.493,1.0070687333257232e-05
751.688,9.250408831436596e-06
751.882,8.429830220955213e-06
752.077,7.598019579180933e-06
752.272,6.755775175544143e-06
752.466,5.9146353647383985e-06
752.661,5.087960754723171e-06
752.855,4.286980892210745e-06
753.05,3.525133713339299e-06
753.244,2.8171236406440312e-06
753.439,2.174833587509633e-06
753.633,1.6064221473194766e-06
753.828,1.1104061340304333e-06
754.022,6.858185250312158e-07
754.216,3.283612141925303e-07
754.411,3.318562811690007e-08
754.605,0.0
754.799,0.0
754.994,0.0
755.188,0.0
755.382,0.0
755.576,0.0
755.771,0.0
755.965,0.0
756.159,0.0
756.353,0.0
756.547,0.0
756.742,0.0
756.936,0.0
757.13,0.0
757.324,0.0
757.518,0.0
757.712,0.0
757.906,0.0
758.1,0.0
758.294,0.0
758.488,0.0
758.682,0.0
758.876,0.0
759.07,0.0
759.264,0.0
759.458,0.0
759.651,0.0
759.845,0.0
760.039,0.0
760.233,0.0
760.427,0.0
760.62,0.0
760.814,0.0
761.008,0.0
761.202,0.0
761.395,0.0
761.589,0.0
761.783,0.0
761.976,0.0
762.17,0.0
762.363,0.0
762.557,0.0
762.75,0.0
762.944,0.0
763.138,0.0
763.331,0.0
763.524,0.0
763.718,0.0
763.911,0.0
764.105,0.0
764.298,0.0
764.492,0.0
764.685,0.0
764.878,0.0
765.072,0.0
765.265,0.0
765.458,0.0
765.651,0.0
765.845,0.0
766.038,0.0
766.231,0.0
766.424,5.671524863273172e-06
766.617,8.23125582702661e-06
766.811,0.0
767.004,0.0
767.197,0.0
767.39,0.0
767.583,0.0
767.776,8.340028062888478e-08
767.969,3.099617539531052e-07
768.162,4.1067183824463233e-07
768.355,3.9164941674899597e-07
768.548,4.039854698598076e-07
768.741,4.2925714720511707e-07
768.934,4.097238054259942e-07
769.127,3.5430917999800163e-07
769.32,2.997784684373086e-07
769.513,2.8218493376144287e-07
769.706,3.084540337492517e-07
769.898,3.9177369061656715e-07
770.091,5.163451975942077e-07
770.284,6.874299269350722e-07
770.477,9.118545346615735e-07
770.67,1.1989868108824439e-06
770.862,1.5629868347132549e-06
771.055,2.0222590814476122e-06
771.248,2.6012968280143834e-06
771.441,3.2972508368094163e-06
771.633,4.098623787134478e-06
771.826,4.983954968084523e-06
772.018,5.942811133607825e-06
772.211,6.956689143286761e-06
772.404,7.998001607047796e-06
772.596,9.027816368479257e-06
772.789,1.0019345239663175e-05
772.981,1.0980110872467704e-05
773.174,1.1830256511707729e-05
773.366,1.2750270697130769e-05
773.559,1.4791806481173345e-05
773.751,1.7063489018730053e-05
773.944,1.3622296639237428e-05
774.136,2.0567335063138975e-05
774.329,2.224896971642293e-05
774.521,2.4398104655805227e-05
774.713,2.8030936980134598e-05
774.906,3.21203292996594e-05
775.098,3.6497002237858295e-05
775.29,4.1435993576327636e-05
775.483,4.7282257062668704e-05
775.675,5.435485731706663e-05
775.867,6.329984674072791e-05
776.059,7.555724571559449e-05
776.251,9.150367962868796e-05
776.444,0.00010936162983108355
776.636,0.0001464553640114235
776.828,0.00019728149548207006
777.02,0.0003166776855136422
777.212,0.0005107271585235415
777.404,0.0005849413732265818
777.596,0.0005318103726125029
777.788,0.00037590871436955385
777.98,0.00026574526639435147
778.172,0.00019657686393232098
778.364,0.00016140970338176882
778.556,0.00013347314667055512
778.748,0.00011210370145234302
778.94,9.550704309798139e-05
779.132,8.190175551091755e-05
779.324,7.057433711459003e-05
779.516,6.109051583622194e-05
779.708,5.32277969920455e-05
779.9,4.6660802914777664e-05
780.091,4.112988042522952e-05
780.283,3.6541191303292876e-05
780.475,3.253195916590868e-05
780.667,2.9040536488508203e-05
780.859,2.6006517016856195e-05
781.05,2.3290000164423494e-05
781.242,2.0938059377636277e-05
781.434,1.8860262379121717e-05
781.625,1.699580278424115e-05
781.817,1.530746091325411e-05
782.008,1.3780828087653168e-05
782.2,1.2365328946534483e-05
782.392,1.1038793521563635e-05
782.583,9.812131095136035e-06
782.775,8.645746002517184e-06
782.966,7.557898036183671e-06
783.158,6.557734535892364e-06
783.349,5.64686998252558e-06
783.541,4.820734459018062e-06
783.732,4.09295504009235e-06
783.924,3.4648990432978304e-06
784.115,2.9252034551611627e-06
784.306,2.4689047349661218e-06
784.498,2.0774524815939043e-06
784.689,1.7389923429554705e-06
784.88,1.4450261442280877e-06
785.072,1.1880043146455732e-06
785.263,9.607409457328486e-07
785.454,7.461742572866524e-07
785.645,5.340747092444622e-07
785.837,3.177028455079523e-07
786.028,9.104387790272655e-08
786.219,0.0
786.41,0.0
786.601,0.0
786.792,0.0
786.984,0.0
787.175,0.0
787.366,0.0
787.557,0.0
787.748,0.0
787.939,0.0
788.13,0.0
788.321,0.0
788.512,0.0
788.703,0.0
788.894,0.0
789.084,0.0
789.275,0.0
789.466,0.0
789.657,0.0
789.848,0.0
790.039,0.0
790.229,0.0
790.42,0.0
790.611,0.0
790.801,0.0
790.992,0.0
791.183,0.0
791.373,3.6442300194002055e-07
791.564,8.250453553749e-07
791.755,1.2956882288336191e-06
791.945,1.7906131480007559e-06
792.136,2.3139473063111295e-06
792.326,2.837956019456434e-06
792.517,3.379224570188335e-06
792.707,3.9697213259785725e-06
792.898,4.692902072709718e-06
793.088,5.592858282548976e-06
793.279,6.68104998126536e-06
793.469,7.954647044804608e-06
793.66,9.516767861909615e-06
793.85,1.1596297812744863e-05
794.04,1.4824237551956908e-05
794.231,2.0044598913639324e-05
794.421,2.675064126316513e-05
794.611,3.5952128153106044e-05
794.802,5.255861683390914e-05
794.992,6.184012124495547e-05
795.182,6.253869955992136e-05
795.372,5.436910466094248e-05
795.563,4.237298557972257e-05
795.753,3.318607796358359e-05
795.943,2.7582298918567444e-05
796.133,2.3049811528744855e-05
796.323,1.9333563337686174e-05
796.513,1.6729945374314254e-05
796.703,1.4707529551200204e-05
796.893,1.3006538704492119e-05
797.083,1.1568884299798712e-05
797.273,1.0255917010464358e-05
797.463,9.082062033565742e-06
797.653,8.068414546827581e-06
797.843,7.131715921705386e-06
798.033,6.258307424778841e-06
798.223,5.445688021094718e-06
798.413,4.682979450876356e-06
798.603,3.975629153920186e-06
798.793,3.2994427815524063e-06
798.983,2.6332670990799214e-06
799.172,1.956453637120826e-06
799.362,1.276640063817269e-06
799.552,5.965981499491076e-07
799.742,0.0
799.932,0.0
800.121,0.0
800.311,0.0
800.501,0.0
800.69,0.0
800.88,0.0
801.07,0.0
801.259,0.0
801.449,0.0
801.638,0.0
801.828,0.0
802.017,0.0
802.207,0.0
802.396,0.0
802.586,0.0
802.775,0.0
802.965,0.0
803.154,0.0
803.343,0.0
803.533,0.0
803.722,0.0
803.911,0.0
804.101,0.0
804.29,0.0
804.479,0.0
804.668,0.0
804.857,0.0
805.047,0.0
805.236,0.0
805.425,0.0
805.614,0.0
805.803,0.0
805.992,0.0
806.181,0.0
806.37,0.0
806.559,0.0
806.748,0.0
806.937,0.0
807.126,0.0
807.315,0.0
807.504,0.0
807.693,0.0
807.882,0.0
808.071,0.0
808.26,0.0
808.448,0.0
808.637,0.0
808.826,0.0
809.015,0.0
809.203,0.0
809.392,0.0
809.581,3.1078747098288414e-07
809.77,7.319340729148151e-07
809.958,1.16417427694836e-06
810.147,1.6131191880034358e-06
810.335,2.079883038082133e-06
810.524,2.562420112167089e-06
810.713,3.059891231424796e-06
810.901,3.5794935438567007e-06
811.09,4.121085343524511e-06
811.278,4.684591588482925e-06
811.467,5.268674703645233e-06
811.655,5.872873805743399e-06
811.844,6.5063307769529685e-06
812.032,7.163508413176039e-06
812.22,7.843327659044504e-06
812.409,8.549850068836591e-06
812.597,9.291635713720807e-06
812.785,1.006949988310709e-05
812.974,1.0899467774604301e-05
813.162,1.1782062693682069e-05
813.35,1.2723611911542446e-05
813.539,1.376245889644708e-05
813.727,1.4931961554595856e-05
813.915,1.626465412735366e-05
814.103,1.7799308558040877e-05
814.291,1.9592011748405733e-05
814.479,2.1705591253809292e-05
814.668,2.423200463548304e-05
814.856,2.7248576986557142e-05
815.044,3.0823665211295843e-05
815.232,3.50767221663978e-05
815.42,4.008068956612515e-05
815.608,4.589739303278934e-05
815.796,5.2542344004923654e-05
815.984,5.991920868024096e-05
816.172,6.808602582482305e-05
816.36,7.726828933478381e-05
816.548,8.804851330724447e-05
816.736,0.00010107147875536738
816.924,0.00011633995948633707
817.111,0.0001355285278884999
817.299,0.0001637214839824197
817.487,0.00018854007911713874
817.675,0.00023721773770971007
817.863,0.0003130163750765162
818.05,0.00045701421691117457
818.238,0.000758433694024195
818.426,0.000982614614800974
818.613,0.0007987768903064053
818.801,0.0006671249582289013
818.989,0.0006364078225710356
819.176,0.0006884943114196518
819.364,0.0009016062190883444
819.552,0.0011050677628488383
819.739,0.0009379946682744543
819.927,0.0007597008839129903
820.114,0.0006241708686514091
820.302,0.000533236401933606
820.489,0.0004572829222201874
820.677,0.0004007206671753452
820.864,0.00036125018204502844
821.052,0.0003325605608918236
821.239,0.0003111565832494777
821.426,0.0002976736970458473
821.614,0.00031601707478219913
821.801,0.00030877778562810103
821.988,0.0002730153644477265
822.176,0.00025053478041348347
822.363,0.00024364411422137447
822.55,0.00022577353168650545
822.737,0.00019692103644691164
822.924,0.00017769071893079441
823.112,0.00016482894625606103
823.299,0.0001538850772249573
823.486,0.00014246385915367567
823.673,0.00013055894997168567
823.86,0.00012183635548138318
824.047,0.00012096118282466901
824.234,0.000125725551674907
824.421,0.00012546981403864328
824.608,0.00010955593005591896
824.795,9.589177154261427e-05
824.982,8.543155906776756e-05
825.169,7.764061543979827e-05
825.356,7.065258155247615e-05
825.543,6.391859557068415e-05
825.73,5.774781689001668e-05
825.917,5.2046189953142126e-05
826.104,4.703146249758034e-05
826.29,4.2716633946511465e-05
826.477,3.886795994918658e-05
826.664,3.5448033142947246e-05
826.851,3.2289786041271245e-05
827.038,2.936786820526447e-05
827.224,2.670483083222536e-05
827.411,2.4263220957906538e-05
827.598,2.2032771290331694e-05
827.784,2.000310873564816e-05
827.971,1.816434872818646e-05
828.157,1.647942829475949e-05
828.344,1.4944508104344145e-05
828.531,1.3530508444989484e-05
828.717,1.220338413536969e-05
828.904,1.0956320708152643e-05
829.09,9.769169547501909e-06
829.277,8.636470509878815e-06
829.463,7.560385814215377e-06
829.65,6.544268168245411e-06
829.836,5.5912056843547076e-06
830.022,4.704793011716425e-06
830.209,3.88859654889246e-06
830.395,3.1458896933140133e-06
830.581,2.478302596060299e-06
830.768,1.8782811551690149e-06
830.954,1.3383628187309335e-06
831.14,8.532772977449073e-07
831.327,4.177276177740146e-07
831.513,3.040878825606976e-08
831.699,0.0
831.885,0.0
832.071,0.0
832.257,0.0
832.444,0.0
832.63,0.0
832.816,0.0
833.002,0.0
833.188,0.0
833.374,0.0
833.56,0.0
833.746,0.0
833.932,0.0
834.118,0.0
834.303,0.0
834.489,0.0
834.675,0.0
834.861,0.0
835.047,0.0
835.233,0.0
835.418,0.0
835.604,0.0
835.79,0.0
835.976,0.0
836.161,0.0
836.347,0.0
836.533,0.0
836.718,0.0
836.904,0.0
837.089,0.0
837.275,0.0
837.46,0.0
837.646,0.0
837.831,0.0
838.017,0.0
838.202,0.0
838.388,0.0
838.573,0.0
838.759,0.0
838.944,0.0
839.129,0.0
839.315,0.0
839.5,0.0
839.685,0.0
839.87,0.0
840.056,0.0
840.241,0.0
840.426,0.0
840.611,0.0
840.796,0.0
840.981,0.0
841.166,4.732394898417844e-08
841.352,6.165411292419683e-07
841.537,1.2616803937840146e-06
841.722,1.998775122054835e-06
841.907,2.8523937088025583e-06
842.092,3.816952571318295e-06
842.277,4.8482151221147815e-06
842.461,5.849486039104939e-06
842.646,6.831943180653147e-06
842.831,7.900315950937763e-06
843.016,9.149199550712222e-06
843.201,1.0860616479981116e-05
843.386,1.3156413460840974e-05
843.571,1.6083870872786098e-05
843.755,2.0315904063803144e-05
843.94,2.629303937780711e-05
844.125,3.4963124647170925e-05
844.31,5.0663242826430966e-05
844.494,8.031422929729483e-05
844.679,0.0001293136392312568
844.864,0.00012798745179415507
845.048,9.591954243958055e-05
845.233,7.136485366937436e-05
845.418,5.3848347512801017e-05
845.602,4.247575454646987e-05
845.787,3.476116265324777e-05
845.971,2.9007432870051647e-05
846.156,2.4569448807300644e-05
846.34,2.0831270325443207e-05
846.525,1.7646754467665436e-05
846.709,1.4951601794537976e-05
846.893,1.2622485372020578e-05
847.078,1.0613825209220592e-05
847.262,8.827971877101458e-06
847.447,7.181890628668089e-06
847.631,5.7138011950137215e-06
847.815,4.449190297535626e-06
848.0,3.3705881393375967e-06
848.184,2.4931385195766545e-06
848.368,1.7667847571361015e-06
848.552,1.1484615172951911e-06
848.736,6.103940551386176e-07
848.921,1.4005218061587523e-07
849.105,0.0
849.289,0.0
849.473,0.0
849.657,0.0
849.841,0.0
850.025,0.0
850.209,0.0
850.393,0.0
850.577,0.0
850.761,0.0
850.945,0.0
851.129,0.0
851.313,0.0
851.497,0.0
851.68,0.0
851.864,0.0
852.048,0.0
852.232,0.0
852.416,0.0
852.599,0.0
852.783,0.0
852.967,0.0
853.15,0.0
853.334,0.0
853.518,0.0
853.701,0.0
853.885,0.0
854.068,0.0
854.252,0.0
854.435,0.0
854.619,0.0
854.802,0.0
854.986,0.0
855.169,0.0
855.353,0.0
855.536,0.0
855.719,0.0
855.903,0.0
856.086,0.0
856.269,0.0
856.452,0.0
856.636,0.0
856.819,0.0
857.002,0.0
857.185,0.0
857.368,0.0
857.552,0.0
857.735,0.0
857.918,0.0
858.101,0.0
858.284,0.0
858.467,0.0
858.65,1.7048477139108395e-07
858.833,8.816528197318152e-07
859.016,2.013257684804116e-06
859.199,3.6960165240681075e-06
859.382,7.058487720505556e-06
859.564,1.4928562758817694e-05
859.747,1.0392729071209083e-05
859.93,8.418514089985684e-06
860.113,6.791062543747032e-06
860.296,5.123440690333594e-06
860.478,3.804719815460273e-06
860.661,2.825859947955087e-06
860.844,1.864969295379313e-06
861.027,8.6183451967691e-07
861.209,4.066176533534178e-08
861.392,0.0
861.575,0.0
861.757,0.0
861.94,1.7490746640635857e-07
862.122,1.1387764612077402e-06
862.305,2.508622908029915e-06
862.487,4.8134170488066874e-06
862.67,9.708594946551733e-06
862.852,1.8091118650591742e-05
863.035,3.1295085838832595e-05
863.217,3.0339756334695982e-05
863.4,2.3979725999358452e-05
863.582,1.8597356903149865e-05
863.764,1.4698456145756184e-05
863.947,1.1769652950732459e-05
864.129,1.0146995532091128e-05
864.311,9.422975369294994e-06
864.493,9.138190094877688e-06
864.676,9.130453647469432e-06
864.858,9.294183945553165e-06
865.04,9.635623253281631e-06
865.222,1.0182538346240899e-05
865.404,1.091280694503396e-05
865.587,1.1718899272634579e-05
865.769,1.2490677957321458e-05
865.951,1.3104293427426208e-05
866.133,1.3628724375099145e-05
866.315,1.4230121785729829e-05
866.497,1.5296582366123933e-05
866.679,1.7252553751494495e-05
866.861,2.0104062362585086e-05
867.043,2.3851907126976012e-05
867.225,2.7999432467276495e-05
867.407,3.247961675536174e-05
867.589,4.130289087112491e-05
867.77,6.296656506969928e-05
867.952,0.00010552233375808788
868.134,0.00015198073620547166
868.316,0.000149506541064753
868.498,0.00014407611991777152
868.679,0.000117799110668022
868.861,9.323477947049957e-05
869.043,7.34369417315394e-05
869.224,5.830854759180567e-05
869.406,4.73263055553465e-05
869.588,4.052313562150227e-05
869.769,3.723374749021204e-05
869.951,3.6710864349732426e-05
870.132,3.9749838262199876e-05
870.314,4.487501113647443e-05
870.495,4.5922919919390024e-05
870.677,4.124452911612802e-05
870.858,3.7770157851838974e-05
871.04,4.1381998111260765e-05
871.221,5.208285145027444e-05
871.403,4.923893051178134e-05
871.584,4.2039464154833365e-05
871.765,3.940731109740001e-05
871.947,4.499029975029217e-05
872.128,3.904710376951811e-05
872.309,3.0101590323272492e-05
872.491,2.3994941889581078e-05
872.672,2.018070675801289e-05
872.853,1.741654667383404e-05
873.034,1.5604796478824312e-05
873.215,1.3871972994637334e-05
873.396,1.2017521018834749e-05
873.578,1.0276620665604491e-05
873.759,8.624924361757e-06
873.94,7.237441166113474e-06
874.121,6.044660961709707e-06
874.302,4.928659623529444e-06
874.483,3.904372779436575e-06
874.664,3.0120220222494836e-06
874.845,2.266292607218213e-06
875.026,1.6491034837538276e-06
875.207,1.1409734806657792e-06
875.388,6.905948771899237e-07
875.568,2.965511831652881e-07
875.749,0.0
875.93,0.0
876.111,0.0
876.292,0.0
876.472,0.0
876.653,0.0
876.834,0.0
877.015,0.0
877.195,0.0
877.376,0.0
877.556,0.0
877.737,0.0
877.918,0.0
878.098,0.0
878.279,0.0
878.459,0.0
878.64,0.0
878.82,0.0
879.0,0.0
879.181,0.0
879.361,0.0
879.542,0.0
879.722,0.0
879.902,0.0
880.083,0.0
880.263,0.0
880.443,0.0
880.623,0.0
880.803,0.0
880.984,0.0
881.164,0.0
881.344,0.0
881.524,5.0172466354888624e-08
881.704,1.3805893841314317e-07
881.884,2.155758641063284e-07
882.064,2.8251387018689953e-07
882.244,3.389840397542704e-07
882.424,3.853949023870275e-07
882.604,4.224096209407771e-07
882.784,4.507374046051775e-07
882.964,4.7090278704115544e-07
883.144,4.831967638919553e-07
883.324,4.878826566351694e-07
883.504,4.849145510765232e-07
883.683,4.742054267453757e-07
883.863,4.557279058944191e-07
884.043,4.2950639391204403e-07
884.223,3.956851393471071e-07
884.402,3.545849512752225e-07
884.582,3.0665225474609434e-07
884.762,2.525119476109545e-07
884.941,1.9297573758930747e-07
885.121,1.2889907229313978e-07
885.301,6.111464545488921e-08
885.48,0.0
885.66,0.0
885.839,0.0
886.019,0.0
886.198,0.0
886.378,0.0
886.557,0.0
886.737,0.0
886.916,0.0
887.095,0.0
887.275,0.0
887.454,0.0
887.633,0.0
887.813,0.0
887.992,0.0
888.171,0.0
888.35,0.0
888.53,0.0
888.709,0.0
888.888,0.0
889.067,0.0
889.246,0.0
889.425,0.0
889.604,0.0
889.783,0.0
889.962,0.0
890.141,0.0
890.32,0.0
890.499,0.0
890.678,0.0
890.857,0.0
891.036,0.0
891.214,0.0
891.393,0.0
891.572,0.0
891.751,0.0
891.93,0.0
892.108,0.0
892.287,0.0
892.466,0.0
892.644,0.0
892.823,0.0
893.001,0.0
893.18,0.0
893.359,0.0
893.537,0.0
893.716,0.0
893.894,0.0
894.073,0.0
894.251,0.0
894.429,0.0
894.608,0.0
894.786,0.0
894.964,0.0
895.143,0.0
895.321,0.0
895.499,0.0
895.677,0.0
895.856,0.0
896.034,0.0
896.212,0.0
896.39,0.0
896.568,0.0
896.746,0.0
896.924,0.0
897.102,0.0
897.28,0.0
897.458,0.0
897.636,0.0
897.814,0.0
897.992,0.0
898.17,0.0
898.348,0.0
898.526,0.0
898.704,0.0
898.882,0.0
899.059,0.0
899.237,0.0
899.415,0.0
899.593,0.0
899.77,0.0
899.948,0.0
900.125,8.963536509109002e-08
900.303,4.3993175845999185e-07
900.481,7.758322929852614e-07
900.658,1.089838297258118e-06
900.836,1.3801459710810038e-06
901.013,1.648324707288033e-06
901.191,1.898818985334489e-06
901.368,2.140672744614568e-06
901.546,2.3814097314461547e-06
901.723,2.6053867893960784e-06
901.901,2.8382790546450965e-06
902.078,3.07667514867996e-06
902.255,3.312871279842914e-06
902.433,3.512979717851595e-06
902.61,3.6302130410781318e-06
902.787,3.6505216915220023e-06
902.964,3.613309580885582e-06
903.142,3.5969674635184026e-06
903.319,3.666164484603834e-06
903.496,3.906265059664727e-06
903.673,4.15494948546513e-06
903.85,4.604795490435356e-06
904.027,4.967261249553814e-06
904.204,5.429172013620131e-06
904.381,8.661732632080225e-06
904.558,1.4228468052290947e-05
904.735,1.8154484795827763e-05
904.912,1.951189860087068e-05
905.089,1.8971098221440372e-05
905.266,1.6573727947282018e-05
905.443,1.3209255109398872e-05
905.62,9.94705766503016e-06
905.797,7.452385981297172e-06
905.974,6.065166206438506e-06
906.151,5.671934863765861e-06
906.327,5.815024177491609e-06
906.504,6.012814501748193e-06
906.681,6.107272612015136e-06
906.858,6.046911788388829e-06
907.034,5.887390095156633e-06
907.211,5.708439525126802e-06
907.388,5.474901332381472e-06
907.564,5.18505779986201e-06
907.741,4.862287950417263e-06
907.917,4.5526198210883236e-06
908.094,4.283499995827916e-06
908.271,4.059166899500455e-06
908.447,3.859324527617311e-06
908.623,3.6583617757147644e-06
908.8,3.4506056953228454e-06
908.976,3.2257717700740688e-06
909.153,2.9736589741567494e-06
909.329,2.6908905699179253e-06
909.505,2.376740596606501e-06
909.682,2.033150824027966e-06
909.858,1.669738657065672e-06
910.034,1.297480860575092e-06
910.211,9.245075503707818e-07
910.387,5.592414084367021e-07
910.563,2.0853249345357362e-07
910.739,0.0
910.915,0.0
911.091,0.0
911.268,0.0
911.444,0.0
911.62,0.0
911.796,0.0
911.972,0.0
912.148,0.0
912.324,0.0
912.5,0.0
912.676,0.0
912.851,0.0
913.027,0.0
913.203,0.0
913.379,0.0
913.555,0.0
913.73,0.0
913.906,0.0
914.082,0.0
914.258,0.0
914.433,0.0
914.609,0.0
914.784,0.0
914.96,0.0
915.136,0.0
915.311,0.0
915.487,0.0
915.662,0.0
915.838,0.0
916.013,0.0
916.189,0.0
916.364,0.0
916.539,0.0
916.715,0.0
916.89,0.0
917.065,0.0
917.24,0.0
917.416,0.0
917.591,0.0
917.766,0.0
917.941,0.0
918.116,0.0
918.292,0.0
918.467,0.0
918.642,0.0
918.817,0.0
918.992,0.0
919.167,0.0
919.342,0.0
919.517,0.0
919.692,0.0
919.867,0.0
920.041,0.0
920.216,0.0
920.391,0.0
920.566,0.0
920.741,0.0
920.915,1.4158801564727194e-06
921.09,5.2824767494371275e-06
921.265,1.204931105993708e-05
921.439,2.1928135546596192e-05
921.614,1.3597579004228544e-05
921.789,7.6194345397118654e-06
921.963,4.020234276752847e-06
922.138,2.106159000642752e-06
922.312,2.336051229691332e-06
922.487,4.697184343561748e-06
922.661,9.038703149104448e-06
922.836,1.4081390696158586e-05
923.01,1.560848017999137e-05
923.185,1.19694602629492e-05
923.359,7.820509574620533e-06
923.534,7.847520109269475e-06
923.708,1.0781531255523128e-05
923.882,1.2526692769929738e-05
924.057,1.1607599518891372e-05
924.231,9.28646419064941e-06
924.405,7.383336176809193e-06
924.579,6.51289455967996e-06
924.753,6.051911449364601e-06
924.928,5.805928967748878e-06
925.102,5.797766421896493e-06
925.276,5.933822338658117e-06
925.45,6.4108342000523476e-06
925.624,7.2982224866018045e-06
925.798,8.514116565175156e-06
925.972,9.957099098206881e-06
926.146,1.148622542267753e-05
926.32,1.297726833293153e-05
926.494,1.4302655079857238e-05
926.668,1.536511154668674e-05
926.842,1.607475877645927e-05
927.016,1.6369016403680052e-05
927.19,1.627218847993816e-05
927.363,1.5816864434616257e-05
927.537,1.5047615640110912e-05
927.711,1.4052102054066924e-05
927.885,1.292658089220965e-05
928.058,1.1761137045700363e-05
928.232,1.0638185427390202e-05
928.406,9.618077738971956e-06
928.579,8.70812830171958e-06
928.753,7.9169324896399e-06
928.927,7.252395527307202e-06
929.1,6.696958696903637e-06
929.274,6.227220050450624e-06
929.447,5.8186370174129315e-06
929.621,5.444962730150694e-06
929.794,5.085518553598445e-06
929.968,4.737038845600727e-06
930.141,4.394198470489581e-06
930.315,4.050430352833824e-06
930.488,3.6987059008581435e-06
930.661,3.3320277037057075e-06
930.835,2.9459743406254457e-06
931.008,2.537545526419258e-06
931.181,2.1059714277732496e-06
931.354,1.6541305641596018e-06
931.528,1.1853428539496497e-06
931.701,7.033878750160591e-07
931.874,2.164571278382466e-07
932.047,0.0
932.22,0.0
932.393,0.0
932.566,0.0
932.739,0.0
932.912,0.0
933.085,0.0
933.258,0.0
933.431,0.0
933.604,0.0
933.777,0.0
933.95,0.0
934.123,0.0
934.296,0.0
934.468,0.0
934.641,0.0
934.814,0.0
934.987,0.0
935.159,0.0
935.332,0.0
935.505,0.0
935.677,0.0
935.85,0.0
936.022,0.0
936.195,0.0
936.367,0.0
936.54,0.0
936.712,0.0
936.885,0.0
937.057,0.0
937.229,0.0
937.402,3.4996871213853387e-07
937.574,1.1073377656609013e-06
937.746,2.0918970143605694e-06
937.919,3.238983762379421e-06
938.091,4.857889655520648e-06
938.263,7.108806104289271e-06
938.435,9.78753975755691e-06
938.608,1.3543499749977075e-05
938.78,2.150082800330319e-05
938.952,2.2084440628386182e-05
939.124,2.4409470718325002e-05
939.296,3.0483363636466278e-05
939.468,3.39087608478182e-05
939.64,2.6560213413413833e-05
939.812,2.2031796192065524e-05
939.984,1.7972551252024964e-05
940.156,1.4368808466219481e-05
940.328,1.1759375410364643e-05
940.5,9.914694786617486e-06
940.672,8.478926971915831e-06
940.843,7.414527728711626e-06
941.015,6.66509094111204e-06
941.187,6.215499005550047e-06
941.359,6.025053095590414e-06
941.531,5.949785207206765e-06
941.702,5.867973725439081e-06
941.874,5.710572727546041e-06
942.046,5.473069603104968e-06
942.217,5.172156199224476e-06
942.389,4.844452302124701e-06
942.56,4.488546081915361e-06
942.732,4.0999588502008274e-06
942.904,3.7015217444476304e-06
943.075,3.3159098555607787e-06
943.247,2.957493284782944e-06
943.418,2.610683579058762e-06
943.589,2.2608098879567982e-06
943.761,1.8990966538338063e-06
943.932,1.526217098481505e-06
944.104,1.1460963777592075e-06
944.275,7.653467664535609e-07
944.446,3.912650345040208e-07
944.617,3.603067309364904e-08
944.789,0.0
944.96,0.0
945.131,0.0
945.302,0.0
945.473,0.0
945.645,0.0
945.816,0.0
945.987,0.0
946.158,0.0
946.329,0.0
946.5,0.0
946.671,0.0
946.842,0.0
947.013,0.0
947.183,0.0
947.354,0.0
947.525,0.0
947.696,0.0
947.867,0.0
948.037,0.0
948.208,0.0
948.379,0.0
948.55,0.0
948.72,0.0
948.891,0.0
949.061,0.0
949.232,0.0
949.403,0.0
949.573,0.0
949.744,0.0
949.914,0.0
950.085,0.0
950.255,0.0
950.425,0.0
950.596,0.0
950.766,0.0
950.936,0.0
951.107,0.0
951.277,0.0
951.447,0.0
951.617,0.0
951.788,0.0
951.958,0.0
952.128,0.0
952.298,0.0
952.468,0.0
952.638,0.0
952.808,0.0
952.978,0.0
953.148,0.0
953.318,0.0
953.488,0.0
953.658,0.0
953.828,0.0
953.998,0.0
954.167,0.0
954.337,0.0
954.507,0.0
954.677,0.0
954.846,0.0
955.016,0.0
955.186,0.0
955.355,0.0
955.525,0.0
955.695,0.0
955.864,0.0
956.034,0.0
956.203,0.0
956.373,0.0
956.542,0.0
956.711,0.0
956.881,0.0
957.05,0.0
957.22,0.0
957.389,0.0
957.558,0.0
957.727,0.0
957.897,0.0
958.066,0.0
958.235,0.0
958.404,0.0
958.573,0.0
958.743,0.0
958.912,0.0
959.081,0.0
959.25,0.0
959.419,0.0
959.588,0.0
959.757,0.0
959.926,0.0
960.094,0.0
960.263,0.0
960.432,0.0
960.601,0.0
960.77,0.0
960.939,0.0
961.107,0.0
961.276,0.0
961.445,0.0
961.613,0.0
961.782,0.0
961.951,0.0
962.119,0.0
962.288,0.0
962.456,0.0
962.625,0.0
962.793,0.0
962.962,0.0
963.13,0.0
963.298,0.0
963.467,0.0
963.635,0.0
963.803,0.0
963.972,0.0
964.14,0.0
964.308,0.0
964.477,0.0
964.645,0.0
964.813,0.0
964.981,0.0
965.149,0.0
965.317,0.0
965.485,0.0
965.653,0.0
965.821,0.0
965.989,0.0
966.157,0.0
966.325,0.0
966.493,1.9458346597153355e-09
966.661,2.0097776627822135e-08
966.829,3.782086812728978e-08
966.996,5.5032108926206924e-08
967.164,7.162157104763537e-08
967.332,8.74440532714837e-08
967.5,1.0238526206466985e-07
967.667,1.1639130822868256e-07
967.835,1.2939692618479128e-07
968.003,1.4134785383587657e-07
968.17,1.521925988917546e-07
968.338,1.618845442160994e-07
968.505,1.7044714480922024e-07
968.673,1.7796196463304912e-07
968.841,1.8450801779618618e-07
969.008,1.9013656191828988e-07
969.175,1.9487697677823711e-07
969.343,1.9875793489303047e-07
969.51,2.0184338292960344e-07
969.678,2.042248263903495e-07
969.845,2.0598514713078684e-07
970.012,2.0716161445396986e-07
970.18,2.0774159836094825e-07
970.347,2.076896110940662e-07
970.514,2.0697731875476433e-07
970.681,2.0557963760802137e-07
970.849,2.0345256680511445e-07
971.016,2.0052024832248683e-07
971.183,1.9666187494370594e-07
971.35,1.9176760318771228e-07
971.517,1.8579160908431153e-07
971.684,1.7874315841825462e-07
971.851,1.7065940659448437e-07
972.018,1.6156204227548468e-07
972.185,1.514607925011909e-07
972.352,1.4038351374812205e-07
972.519,1.28381720779776e-07
972.686,1.1555675833583958e-07
972.853,1.0199955321290445e-07
973.02,8.776212049181617e-08
973.186,7.292088999806192e-08
973.353,5.755741606425415e-08
973.52,4.176366142814168e-08
973.687,2.564344695683827e-08
973.853,9.245942249027766e-09
974.02,0.0
974.187,0.0
974.353,0.0
974.52,0.0
974.687,0.0
974.853,0.0
975.02,0.0
975.186,0.0
975.353,0.0
975.519,0.0
975.685,0.0
975.852,0.0
976.018,0.0
976.184,0.0
976.351,0.0
976.517,0.0
976.683,0.0
976.849,0.0
977.016,0.0
977.182,0.0
977.348,0.0
977.514,0.0
977.68,0.0
977.846,0.0
978.012,0.0
978.178,0.0
978.344,0.0
978.51,0.0
978.676,0.0
978.842,0.0
979.008,0.0
979.174,0.0
979.34,0.0
979.505,0.0
979.671,0.0
979.837,0.0
980.003,0.0
980.168,0.0
980.334,0.0
980.499,0.0
980.665,0.0
980.831,0.0
980.996,0.0
981.162,0.0
981.327,0.0
981.493,0.0
981.658,0.0
981.823,0.0
981.989,0.0
982.154,0.0
982.319,0.0
982.485,0.0
982.65,0.0
982.815,0.0
982.98,0.0
983.146,0.0
983.311,0.0
983.476,0.0
983.641,0.0
983.806,2.2487754940996297e-09
983.971,1.7912396927624217e-08
984.136,3.2962407978552185e-08
984.301,4.739045537550158e-08
984.466,6.117617489532324e-08
984.631,7.430537994795103e-08
984.796,8.676704335266244e-08
984.961,9.851236648150174e-08
985.126,1.0950102560712281e-07
985.291,1.197578432834872e-07
985.455,1.2930377170970087e-07
985.62,1.3815577371286272e-07
985.785,1.463427195921273e-07
985.95,1.538692107221332e-07
986.114,1.6077039176306873e-07
986.279,1.6712534430379624e-07
986.444,1.7298587666445382e-07
986.608,1.783543659097046e-07
986.773,1.8320443286499082e-07
986.937,1.8750093227700836e-07
987.102,1.9126744992772838e-07
987.266,1.9458102831282235e-07
987.431,1.975065234334615e-07
987.595,2.001137386820515e-07
987.76,2.0244060321459627e-07
987.924,2.0452825777577222e-07
988.088,2.0649466645428725e-07
988.253,2.0846804734225946e-07
988.417,2.1056338803311643e-07
988.581,2.1286180047054783e-07
988.746,2.1537776108258785e-07
988.91,2.1806773123655502e-07
989.074,2.2087881268601472e-07
989.238,2.2378446608104891e-07
989.402,2.2671544266950913e-07
989.566,2.29563108035204e-07
989.731,2.3220294520402617e-07
989.895,2.3445835393472122e-07
990.059,2.3616454993164132e-07
990.223,2.3719922016354645e-07
990.387,2.374251295085526e-07
990.551,2.3665227737829309e-07
990.714,2.3466891877261672e-07
990.878,2.3124356458759833e-07
991.042,2.2613486308227097e-07
991.206,2.1914191262147074e-07
991.37,2.1001503128645137e-07
991.534,1.9842851802988262e-07
991.697,1.8405201679306286e-07
991.861,1.6653312536287998e-07
992.025,1.455150095575748e-07
992.188,1.2063025431466558e-07
992.352,9.141593596195518e-08
992.516,5.7342794277389526e-08
992.679,1.7885349851050854e-08
992.843,0.0
993.006,0.0
993.17,0.0
993.333,0.0
993.497,0.0
993.66,0.0
993.824,0.0
993.987,0.0
994.15,0.0
994.314,0.0
994.477,0.0
994.64,0.0
994.803,0.0
994.967,0.0
995.13,0.0
995.293,0.0
995.456,0.0
995.619,0.0
995.782,0.0
995.945,0.0
996.108,0.0
996.271,0.0
996.434,0.0
996.597,0.0
996.76,0.0
996.923,0.0
997.086,0.0
997.248,0.0
997.411,0.0
997.574,0.0
997.737,0.0
997.899,0.0
998.062,0.0
998.225,0.0
998.387,0.0
998.55,0.0
998.712,0.0
998.875,0.0
999.037,0.0
999.2,0.0
999.362,0.0
999.525,0.0
999.687,0.0
999.849,0.0
