237.496,0.0
237.566,4.106046039023729e-07
237.636,2.906909729200459e-07
237.705,0.0
237.775,0.0
237.845,0.0
237.914,0.0
237.984,0.0
238.054,0.0
238.123,0.0
238.193,0.0
238.263,0.0
238.332,0.0
238.402,0.0
238.471,0.0
238.541,0.0
238.611,0.0
238.68,0.0
238.75,0.0
238.819,3.6521445334057605e-08
238.889,7.540214602819563e-08
238.958,1.0988623325004727e-07
239.028,1.3286935769966308e-07
239.097,1.3910733407161287e-07
239.167,1.3852871899027902e-07
239.237,1.3652677926041438e-07
239.306,1.360056810465364e-07
239.376,1.3551076094242678e-07
239.445,1.3971765035899115e-07
239.515,1.4823999387086738e-07
239.584,1.6179499943996884e-07
239.654,1.7915153613574621e-07
239.723,1.987949027517825e-07
239.793,2.18354172120995e-07
239.862,2.3620358978468304e-07
239.932,2.5164748619507777e-07
240.001,2.6510257828880546e-07
240.07,2.774785779838087e-07
240.14,2.8773433311282414e-07
240.209,2.958388384603885e-07
240.279,3.002466955584607e-07
240.348,3.015025164945619e-07
240.418,3.0025782820722325e-07
240.487,2.9717023065910444e-07
240.556,2.907617682369611e-07
240.626,2.8034037841855675e-07
240.695,2.662007115602577e-07
240.765,2.4965653773209964e-07
240.834,2.3148146750456358e-07
240.903,2.126186622564479e-07
240.973,1.937842064739311e-07
241.042,1.7546773232913813e-07
241.112,1.5783783463743212e-07
241.181,1.40903060706366e-07
241.25,1.2563970337624151e-07
241.32,1.1265217319894585e-07
241.389,1.022498319659796e-07
241.458,9.415860016190354e-08
241.528,8.81277841242508e-08
241.597,8.426403901044352e-08
241.666,8.278347460466616e-08
241.736,8.391511062131625e-08
241.805,8.768822809690937e-08
241.874,9.399882970936971e-08
241.943,1.0263610334837435e-07
242.013,1.1324922689568399e-07
242.082,1.2557877832638893e-07
242.151,1.3942571785619917e-07
242.221,1.5454659340857579e-07
242.29,1.707696350586712e-07
242.359,1.8795429253613362e-07
242.428,2.059781680143952e-07
242.498,2.2483209968656592e-07
242.567,2.4454416139856733e-07
242.636,2.650678254564983e-07
242.705,2.8630689175239594e-07
242.774,3.08319720318248e-07
242.844,3.310529594419734e-07
242.913,3.5429215198961824e-07
242.982,3.776770680055771e-07
243.051,4.0097820206599045e-07
243.12,4.239770200327037e-07
243.19,4.4645419222465833e-07
243.259,4.681924941360769e-07
243.328,4.890285632357473e-07
243.397,5.088173195742305e-07
243.466,5.272453706536916e-07
243.535,5.440521394498948e-07
243.605,5.590570692032539e-07
243.674,5.72151921191453e-07
243.743,5.832527636248167e-07
243.812,5.922273773533888e-07
243.881,5.989158143125056e-07
243.95,6.031629532695723e-07
244.019,6.048881914587145e-07
244.088,6.040356310955019e-07
244.158,6.005605974330924e-07
244.227,5.94441878071027e-07
244.296,5.856313384496997e-07
244.365,5.741002007086125e-07
244.434,5.598802767285255e-07
244.503,5.429928700194867e-07
244.572,5.234406755080875e-07
244.641,5.012480857563825e-07
244.71,4.76438318633409e-07
244.779,4.4904208129892977e-07
244.848,4.1913981061363363e-07
244.917,3.8682921555009474e-07
244.986,3.522161435519975e-07
245.055,3.1547817918783964e-07
245.124,2.7683236275004324e-07
245.193,2.365357054251046e-07
245.262,1.9486751746618882e-07
245.331,1.5212277004549557e-07
245.4,1.0861866532321825e-07
245.469,6.467766371109832e-08
245.538,2.0574911824220823e-08
245.607,0.0
245.676,0.0
245.745,0.0
245.814,0.0
245.883,0.0
245.952,0.0
246.021,0.0
246.09,0.0
246.159,0.0
246.227,0.0
246.296,0.0
246.365,0.0
246.434,0.0
246.503,0.0
246.572,0.0
246.641,0.0
246.71,0.0
246.779,0.0
246.847,0.0
246.916,0.0
246.985,0.0
247.054,0.0
247.123,0.0
247.192,0.0
247.26,0.0
247.329,0.0
247.398,0.0
247.467,0.0
247.536,0.0
247.604,0.0
247.673,0.0
247.742,0.0
247.811,0.0
247.879,0.0
247.948,0.0
248.017,0.0
248.086,0.0
248.154,0.0
248.223,0.0
248.292,0.0
248.361,0.0
248.429,0.0
248.498,0.0
248.567,0.0
248.635,0.0
248.704,2.2382581563060283e-08
248.773,5.388082002928563e-08
248.841,8.497503178035949e-08
248.91,1.1558123856530166e-07
248.979,1.456133570411214e-07
249.047,1.7498924027165083e-07
249.116,2.0363401620500202e-07
249.185,2.3148626440592992e-07
249.253,2.584842375814258e-07
249.322,2.8454825990722795e-07
249.39,3.096322972928837e-07
249.459,3.3374437016647966e-07
249.528,3.568937991550312e-07
249.596,3.791062736015926e-07
249.665,4.0042587833644844e-07
249.733,4.2088074729590445e-07
249.802,4.4049947137884014e-07
249.871,4.593326027668585e-07
249.939,4.774171447567916e-07
250.008,4.947802780062652e-07
250.076,5.114627146512283e-07
250.145,5.27471475881418e-07
250.213,5.427742909056172e-07
250.282,5.573344041715121e-07
250.35,5.710945973207359e-07
250.419,5.839680834020972e-07
250.487,5.958554954869056e-07
250.556,6.066343040758918e-07
250.624,6.161712706184925e-07
250.693,6.243561951589853e-07
250.761,6.310808121107369e-07
250.83,6.362160392468682e-07
250.898,6.396173128142906e-07
250.967,6.411146953004457e-07
251.035,6.405461773398394e-07
251.104,6.377750501738927e-07
251.172,6.326481455521899e-07
251.241,6.250071131900702e-07
251.309,6.147203942238805e-07
251.378,6.016710523609245e-07
251.446,5.857608076269748e-07
251.514,5.669486703472179e-07
251.583,5.451923848469597e-07
251.651,5.204201703115845e-07
251.72,4.925824896311722e-07
251.788,4.6161683501356246e-07
251.856,4.2744918068231026e-07
251.925,3.900410382875244e-07
251.993,3.493682861209467e-07
252.062,3.0539048480670763e-07
252.13,2.580730070643353e-07
252.198,2.0739412214159297e-07
252.267,1.5334926269632133e-07
252.335,9.599590799819136e-08
252.403,3.543761910882252e-08
252.472,0.0
252.54,0.0
252.608,0.0
252.677,0.0
252.745,0.0
252.813,0.0
252.881,0.0
252.95,0.0
253.018,0.0
253.086,0.0
253.155,0.0
253.223,0.0
253.291,0.0
253.359,0.0
253.428,0.0
253.496,0.0
253.564,0.0
253.632,0.0
253.7,0.0
253.769,0.0
253.837,0.0
253.905,0.0
253.973,0.0
254.041,0.0
254.11,0.0
254.178,0.0
254.246,0.0
254.314,0.0
254.382,0.0
254.45,0.0
254.518,0.0
254.587,0.0
254.655,0.0
254.723,0.0
254.791,0.0
254.859,0.0
254.927,0.0
254.995,0.0
255.063,0.0
255.131,0.0
255.199,0.0
255.267,0.0
255.336,0.0
255.404,0.0
255.472,0.0
255.54,0.0
255.608,0.0
255.676,0.0
255.744,0.0
255.812,0.0
255.88,0.0
255.948,0.0
256.016,0.0
256.084,0.0
256.152,0.0
256.22,0.0
256.288,0.0
256.356,0.0
256.424,0.0
256.491,0.0
256.559,0.0
256.627,0.0
256.695,0.0
256.763,0.0
256.831,0.0
256.899,0.0
256.967,0.0
257.035,0.0
257.103,0.0
257.171,0.0
257.238,0.0
257.306,0.0
257.374,0.0
257.442,0.0
257.51,0.0
257.578,0.0
257.646,0.0
257.713,0.0
257.781,0.0
257.849,0.0
257.917,0.0
257.985,0.0
258.052,0.0
258.12,0.0
258.188,0.0
258.256,0.0
258.324,0.0
258.391,0.0
258.459,0.0
258.527,0.0
258.595,0.0
258.662,0.0
258.73,0.0
258.798,0.0
258.865,0.0
258.933,0.0
259.001,0.0
259.069,0.0
259.136,0.0
259.204,0.0
259.272,0.0
259.339,0.0
259.407,0.0
259.475,0.0
259.542,0.0
259.61,0.0
259.677,0.0
259.745,0.0
259.813,0.0
259.88,0.0
259.948,0.0
260.016,0.0
260.083,0.0
260.151,0.0
260.218,0.0
260.286,0.0
260.353,0.0
260.421,0.0
260.489,0.0
260.556,0.0
260.624,0.0
260.691,0.0
260.759,0.0
260.826,0.0
260.894,0.0
260.961,0.0
261.029,0.0
261.096,0.0
261.164,0.0
261.231,0.0
261.299,0.0
261.366,0.0
261.434,0.0
261.501,0.0
261.568,0.0
261.636,0.0
261.703,0.0
261.771,1.1218508815951776e-08
261.838,3.590559516882676e-08
261.906,5.943870623896119e-08
261.973,8.172418574626798e-08
262.04,1.0270975156577604e-07
262.108,1.223441613616875e-07
262.175,1.4055899330323203e-07
262.243,1.572812194621411e-07
262.31,1.7244504891608063e-07
262.377,1.8597338973298068e-07
262.445,1.978316588662879e-07
262.512,2.0798848032009443e-07
262.579,2.1640839441090343e-07
262.647,2.2308438492590048e-07
262.714,2.280087266052359e-07
262.781,2.311883880049015e-07
262.849,2.326507840137075e-07
262.916,2.3243853756330878e-07
262.983,2.306008334385704e-07
263.051,2.2719759948126524e-07
263.118,2.2229422123940306e-07
263.185,2.1594374837097015e-07
263.252,2.0822661469191157e-07
263.32,1.9923484293126149e-07
263.387,1.890599018862594e-07
263.454,1.778229306974817e-07
263.522,1.6565432375167323e-07
263.589,1.5270493228610098e-07
263.656,1.3914507253782496e-07
263.723,1.2514741959505763e-07
263.79,1.1087489799087749e-07
263.858,9.653501342343627e-08
263.925,8.239702124989694e-08
263.992,6.876977068323574e-08
264.059,5.60387785271646e-08
264.126,4.4612719048289114e-08
264.194,3.494485412400514e-08
264.261,2.759166216852904e-08
264.328,2.3209821246811967e-08
264.395,2.2571944489314953e-08
264.462,2.6570368018534865e-08
264.529,3.620078669438141e-08
264.597,5.2544364972950735e-08
264.664,7.680002047493199e-08
264.731,1.1026068493439243e-07
264.798,1.542653939977639e-07
264.865,2.1017752603478793e-07
264.932,2.7927177751519913e-07
264.999,3.6264596836418305e-07
265.066,4.6116281451103935e-07
265.133,5.753218292846383e-07
265.201,7.051952200768206e-07
265.268,8.503820185226045e-07
265.335,1.0099575765486962e-06
265.402,1.1824869382481217e-06
265.469,1.3661035048922608e-06
265.536,1.558594116827077e-06
265.603,1.7575081225929833e-06
265.67,1.9603341873858275e-06
265.737,2.1646067806433177e-06
265.804,2.368018237407096e-06
265.871,2.568535654189164e-06
265.938,2.76443046933912e-06
266.005,2.9542669072319906e-06
266.072,3.1369062513588407e-06
266.139,3.311491832609661e-06
266.206,3.4774073244506845e-06
266.273,3.6342742670732578e-06
266.34,3.7819060880276207e-06
266.407,3.920236911433744e-06
266.474,4.04929686984914e-06
266.541,4.169179554207572e-06
266.608,4.28002461228804e-06
266.675,4.382030822033786e-06
266.742,4.4754281009885775e-06
266.808,4.560448673892417e-06
266.875,4.6373145314811096e-06
266.942,4.706223552561127e-06
267.009,4.767337949062001e-06
267.076,4.820827901108665e-06
267.143,4.866870114744656e-06
267.21,4.905606048498735e-06
267.277,4.937197528044498e-06
267.344,4.961781479235425e-06
267.41,4.979451771530546e-06
267.477,4.990314595274068e-06
267.544,4.994469017106508e-06
267.611,4.992001297602719e-06
267.678,4.983004642367388e-06
267.745,4.967574861624009e-06
267.811,4.945771029967568e-06
267.878,4.917645416798252e-06
267.945,4.883250975371378e-06
268.012,4.842620232725183e-06
268.079,4.7957916845196825e-06
268.145,4.742798549418982e-06
268.212,4.683667683021044e-06
268.279,4.618426002124678e-06
268.346,4.547091183907042e-06
268.412,4.469693364613044e-06
268.479,4.38625779586061e-06
268.546,4.296795935869641e-06
268.613,4.201332965420692e-06
268.679,4.099928206992571e-06
268.746,3.992673663847029e-06
268.813,3.879692521323623e-06
268.879,3.7611590346349104e-06
268.946,3.637288095056172e-06
269.013,3.5083785823334982e-06
269.079,3.3748426423925076e-06
269.146,3.237212455655253e-06
269.213,3.096121675169206e-06
269.28,2.952298627336566e-06
269.346,2.8066099491105127e-06
269.413,2.6600145973101164e-06
269.479,2.5135983194221505e-06
269.546,2.3685650139072253e-06
269.613,2.2261461451960785e-06
269.679,2.087550719248519e-06
269.746,1.9538776939799967e-06
269.813,1.826048177218282e-06
269.879,1.7047449772929978e-06
269.946,1.590375652144252e-06
270.012,1.483039897030792e-06
270.079,1.3824833911580304e-06
270.145,1.288115667071939e-06
270.212,1.199056963320057e-06
270.279,1.1142837778565587e-06
270.345,1.0326727318422675e-06
270.412,9.53099160822988e-07
270.478,8.745302939583287e-07
270.545,7.959901334809205e-07
270.611,7.166566505435222e-07
270.678,6.35937030031573e-07
270.744,5.534304631479601e-07
270.811,4.6887708914352e-07
270.877,3.8213373756106504e-07
270.944,2.9314386167194946e-07
271.01,2.0193808542738951e-07
271.077,1.0865020955321933e-07
271.143,1.3431496576162262e-08
271.21,0.0
271.276,0.0
271.342,0.0
271.409,0.0
271.475,0.0
271.542,0.0
271.608,0.0
271.675,0.0
271.741,0.0
271.807,0.0
271.874,0.0
271.94,0.0
272.007,0.0
272.073,0.0
272.139,0.0
272.206,0.0
272.272,0.0
272.338,0.0
272.405,0.0
272.471,0.0
272.537,0.0
272.604,0.0
272.67,0.0
272.736,0.0
272.802,0.0
272.869,0.0
272.935,0.0
273.001,0.0
273.068,0.0
273.134,0.0
273.2,0.0
273.266,0.0
273.333,0.0
273.399,0.0
273.465,0.0
273.531,0.0
273.597,0.0
273.664,0.0
273.73,0.0
273.796,0.0
273.862,0.0
273.928,0.0
273.995,0.0
274.061,0.0
274.127,0.0
274.193,0.0
274.259,0.0
274.325,0.0
274.391,0.0
274.457,0.0
274.524,0.0
274.59,0.0
274.656,0.0
274.722,0.0
274.788,0.0
274.854,0.0
274.92,0.0
274.986,1.9485133364981936e-08
275.052,1.5393162574103193e-07
275.118,2.9418748977772237e-07
275.184,4.434472334988736e-07
275.25,6.05002537386498e-07
275.316,7.808652078022433e-07
275.382,9.736550944507878e-07
275.448,1.1871030560811056e-06
275.514,1.4256219003680455e-06
275.58,1.6931867595499229e-06
275.646,1.994578392992741e-06
275.712,2.334112840540497e-06
275.778,2.71556422208828e-06
275.844,3.1430239738375744e-06
275.91,3.611928099695281e-06
275.976,4.123519802743275e-06
276.042,4.677309837391304e-06
276.108,5.27258029643382e-06
276.174,5.907401928518886e-06
276.24,6.583462299404884e-06
276.306,7.308739719171129e-06
276.372,8.089059024174693e-06
276.437,8.941503187476798e-06
276.503,9.871523221263705e-06
276.569,1.0893925600255987e-05
276.635,1.2029853620962347e-05
276.701,1.3283332312960401e-05
276.767,1.4646130449672535e-05
276.833,1.6034584248824016e-05
276.899,1.7413297152615954e-05
276.964,1.8828933507785473e-05
277.03,2.0330679985438684e-05
277.096,2.2145507794933173e-05
277.162,2.4321532425378152e-05
277.228,2.6724233941767163e-05
277.293,2.9513483592133728e-05
277.359,3.2499609713159974e-05
277.425,3.599860108571255e-05
277.491,4.3979745933493434e-05
277.557,6.416944689608223e-05
277.622,0.00010363470847482175
277.688,0.00010222561759770422
277.754,0.0001052663361510586
277.82,0.0001242884903400237
277.885,0.0001571676717502254
277.951,0.00020270602988763033
278.017,0.00017240141062968277
278.083,0.0001432722185602834
278.148,0.0001383896093004068
278.214,0.00014128602700795847
278.28,0.00015057043984421185
278.345,0.00013667304557944633
278.411,0.00012594816705423155
278.477,0.00013530558332956893
278.542,0.00014888362681866137
278.608,0.0001653023268736474
278.674,0.00018554069607098394
278.739,0.00022360319453372594
278.805,0.00026061355254249904
278.871,0.0003244852336885916
278.936,0.00041761177727614647
279.002,0.0006203603308069368
279.067,0.0008127425767608333
279.133,0.0008010848589881601
279.199,0.0007376359117301308
279.264,0.0007708774936370214
279.33,0.000889209283630552
279.395,0.0011054373750481843
279.461,0.001327004399370669
279.527,0.001435893784674239
279.592,0.001392811670275298
279.658,0.0012493534380085024
279.723,0.0012135473530535605
279.789,0.0012422111569752963
279.854,0.0011279679597993872
279.92,0.0009689311066208323
279.985,0.0008863999804344099
280.051,0.0009040504556048317
280.116,0.0010354851276081418
280.182,0.0012583677321497976
280.247,0.0013737452889986323
280.313,0.0012340097561326611
280.378,0.0009431014049364593
280.444,0.0007112764751334399
280.509,0.0005563222521252013
280.574,0.00045476088902816225
280.64,0.000379984646795683
280.705,0.0003227508865453024
280.771,0.00028828437734720923
280.836,0.00025573384774015174
280.902,0.0002269220563506527
280.967,0.00020294656756425681
281.032,0.00018748846190440088
281.098,0.0001659504551343462
281.163,0.00014931460968730517
281.229,0.0001345622071273316
281.294,0.00011982886674479394
281.359,0.00010657250723175858
281.425,9.909431547205225e-05
281.49,8.77960000922922e-05
281.555,7.685061365380447e-05
281.621,6.889275195014167e-05
281.686,6.367296649505812e-05
281.751,5.923741847936651e-05
281.816,5.210582739191776e-05
281.882,4.834613074065373e-05
281.947,4.4466240099489855e-05
282.012,4.05277371418419e-05
282.078,3.70324132131651e-05
282.143,3.385737546219339e-05
282.208,3.0896970127107354e-05
282.273,2.8114991436543894e-05
282.339,2.5502530936341097e-05
282.404,2.3064615254857954e-05
282.469,2.0797643894580762e-05
282.534,1.8693082648130705e-05
282.6,1.6743888957735208e-05
282.665,1.494130639015892e-05
282.73,1.3278912932216264e-05
282.795,1.1743478095759692e-05
282.86,1.0323141398381518e-05
282.926,9.01092041619757e-06
282.991,7.796983353694183e-06
283.056,6.67012466833089e-06
283.121,5.623451054283012e-06
283.186,4.6564647946032935e-06
283.251,3.7680832201834547e-06
283.316,2.956256357341873e-06
283.382,2.215937665428348e-06
283.447,1.5385297386728727e-06
283.512,9.232573861143223e-07
283.577,3.7045023926250314e-07
283.642,0.0
283.707,0.0
283.772,0.0
283.837,0.0
283.902,0.0
283.967,0.0
284.032,0.0
284.097,0.0
284.163,5.623068855933737e-07
284.228,0.0
284.293,0.0
284.358,9.517078170341056e-07
284.423,2.1357882870678324e-06
284.488,3.5507713368933895e-06
284.553,5.333491588881476e-06
284.618,7.722954047386016e-06
284.683,1.111012552205483e-05
284.748,1.57189357696586e-05
284.812,2.2731142874860604e-05
284.877,3.334044985541485e-05
284.942,4.721917164652102e-05
285.007,7.621100331491474e-05
285.072,0.00013597027378902288
285.137,0.00025797566549224277
285.202,0.0003724715906340941
285.267,0.00032507626663097515
285.332,0.00020059524835264897
285.397,0.00012621575564782537
285.462,8.679929101286368e-05
285.527,6.023802963959325e-05
285.591,4.783772002858397e-05
285.656,3.619224813958736e-05
285.721,2.7354800957613293e-05
285.786,2.1229227299348003e-05
285.851,1.6484581677293046e-05
285.916,1.2702812816962221e-05
285.981,9.843759615076114e-06
286.045,7.704121040485702e-06
286.11,6.800284043136912e-06
286.175,6.951745519627149e-06
286.24,6.199843862784812e-06
286.305,3.924398449180168e-06
286.369,1.9056528880047434e-06
286.434,1.17073324342861e-06
286.499,1.1464017462926799e-06
286.564,1.1958548447310868e-06
286.628,1.0492289055610246e-06
286.693,6.88648624439617e-07
286.758,2.1682599070409135e-07
286.823,0.0
286.887,0.0
286.952,0.0
287.017,0.0
287.082,0.0
287.146,0.0
287.211,0.0
287.276,0.0
287.34,0.0
287.405,0.0
287.47,0.0
287.534,0.0
287.599,0.0
287.663,0.0
287.728,0.0
287.793,0.0
287.857,0.0
287.922,0.0
287.987,0.0
288.051,0.0
288.116,0.0
288.18,0.0
288.245,0.0
288.309,0.0
288.374,0.0
288.439,0.0
288.503,0.0
288.568,0.0
288.632,0.0
288.697,0.0
288.761,0.0
288.826,0.0
288.89,0.0
288.955,0.0
289.019,0.0
289.084,0.0
289.148,0.0
289.212,0.0
289.277,0.0
289.341,0.0
289.406,0.0
289.47,0.0
289.535,0.0
289.599,0.0
289.663,0.0
289.728,3.770845155586095e-08
289.792,2.1493326458341447e-07
289.857,3.894732286921733e-07
289.921,5.573070923314244e-07
289.985,7.154055884521816e-07
290.05,8.661389349316084e-07
290.114,1.0166672456397456e-06
290.178,1.176877137777997e-06
290.243,1.3592320221214831e-06
290.307,1.5621229929706036e-06
290.371,1.7809387795744522e-06
290.436,2.004143724146787e-06
290.5,2.248602726954751e-06
290.564,2.620368583256192e-06
290.629,3.1127316678271083e-06
290.693,3.69038985075922e-06
290.757,4.330532617748823e-06
290.821,4.394629447727332e-06
290.886,3.932232474327577e-06
290.95,4.2283410228312855e-06
291.014,5.246009087368692e-06
291.078,6.242573506329689e-06
291.143,7.13525656750491e-06
291.207,7.394151007275887e-06
291.271,7.30191496949798e-06
291.335,8.930001684487813e-06
291.399,1.2900954899108245e-05
291.464,1.66438385098812e-05
291.528,1.7943897122606052e-05
291.592,1.714104607770481e-05
291.656,1.5254060496890022e-05
291.72,1.298645575837933e-05
291.784,1.1126620129031064e-05
291.849,1.0082888901394455e-05
291.913,9.807746139798824e-06
291.977,1.0176097588526871e-05
292.041,1.0817897070645963e-05
292.105,1.157077784868184e-05
292.169,1.2422204943295069e-05
292.233,1.3450131509038626e-05
292.297,1.4942216680380952e-05
292.361,1.6485307869772545e-05
292.425,1.8198096657428925e-05
292.49,2.339059206829698e-05
292.554,2.651690817327744e-05
292.618,3.207162086768364e-05
292.682,4.326902798890434e-05
292.746,6.303037665465608e-05
292.81,0.00011275010033880763
292.874,0.00015559361219549312
292.938,0.0001579354110942662
293.002,0.0001349699573947215
293.066,0.00011644242630483339
293.13,0.0001034342189336758
293.194,9.520194546914319e-05
293.258,8.932352899180564e-05
293.322,8.343419997803026e-05
293.386,8.697354070442077e-05
293.45,9.932602085898043e-05
293.514,0.00012257534790741104
293.577,0.0001834689963320442
293.641,0.0002696342620610906
293.705,0.0002937632357533024
293.769,0.0002597865794952114
293.833,0.0002165671304596471
293.897,0.00018243140538755796
293.961,0.0001558161084722007
294.025,0.00013455580853162123
294.089,0.00011672403488634222
294.152,0.00010158425436131045
294.216,8.890982274380302e-05
294.28,7.827100956647414e-05
294.344,6.939006585318042e-05
294.408,6.198443584797882e-05
294.472,5.5694982673340634e-05
294.536,5.0298983051504415e-05
294.599,4.552798614495777e-05
294.663,4.1260818389055025e-05
294.727,3.744464694875733e-05
294.791,3.401960351202356e-05
294.855,3.097790336329335e-05
294.918,2.8230910076772663e-05
294.982,2.5716118710957957e-05
295.046,2.3383195386397795e-05
295.11,2.119848522033878e-05
295.173,1.9155854696176157e-05
295.237,1.724589725338823e-05
295.301,1.545483969598534e-05
295.364,1.3772011569495216e-05
295.428,1.221049159870597e-05
295.492,1.0780791812968205e-05
295.556,9.49488712747344e-06
295.619,8.35640722345006e-06
295.683,7.3550207923767746e-06
295.747,6.4788356539920104e-06
295.81,5.720786518908384e-06
295.874,5.07054347010603e-06
295.938,4.5130953087895156e-06
296.001,4.034074134643929e-06
296.065,3.6178139785377596e-06
296.128,3.2528975211225704e-06
296.192,2.9302516683520486e-06
296.256,2.642875109739158e-06
296.319,2.3857748598397413e-06
296.383,2.155513068157926e-06
296.447,1.9488736787890016e-06
296.51,1.7620456550212465e-06
296.574,1.589550491730808e-06
296.637,1.4278998124817427e-06
296.701,1.2755950668198303e-06
296.764,1.1315148246496513e-06
296.828,9.93793987191982e-07
296.891,8.600656739409368e-07
296.955,7.293649080230714e-07
297.018,6.009612687515765e-07
297.082,4.7648266051826786e-07
297.145,3.5698366034544063e-07
297.209,2.437432466395218e-07
297.272,1.379327682198296e-07
297.336,4.004391401539817e-08
297.399,0.0
297.463,0.0
297.526,0.0
297.59,0.0
297.653,0.0
297.717,0.0
297.78,0.0
297.843,0.0
297.907,0.0
297.97,0.0
298.034,0.0
298.097,0.0
298.16,0.0
298.224,0.0
298.287,0.0
298.35,0.0
298.414,0.0
298.477,0.0
298.54,0.0
298.604,0.0
298.667,0.0
298.73,0.0
298.794,0.0
298.857,0.0
298.92,0.0
298.984,0.0
299.047,0.0
299.11,0.0
299.173,0.0
299.237,0.0
299.3,0.0
299.363,0.0
299.426,0.0
299.489,0.0
299.553,0.0
299.616,0.0
299.679,0.0
299.742,0.0
299.805,0.0
299.868,0.0
299.932,0.0
299.995,0.0
300.058,0.0
300.121,0.0
300.184,0.0
300.247,0.0
300.31,0.0
300.374,0.0
300.437,0.0
300.5,0.0
300.563,0.0
300.626,0.0
300.689,0.0
300.752,0.0
300.815,0.0
300.878,0.0
300.941,0.0
301.004,0.0
301.067,0.0
301.13,0.0
301.193,0.0
301.256,0.0
301.319,0.0
301.382,0.0
301.445,0.0
301.508,0.0
301.571,0.0
301.634,0.0
301.697,0.0
301.76,0.0
301.823,0.0
301.885,0.0
301.948,0.0
302.011,0.0
302.074,0.0
302.137,0.0
302.2,0.0
302.263,0.0
302.326,0.0
302.388,0.0
302.451,0.0
302.514,0.0
302.577,0.0
302.64,0.0
302.703,0.0
302.765,0.0
302.828,0.0
302.891,0.0
302.954,0.0
303.016,0.0
303.079,0.0
303.142,0.0
303.205,0.0
303.267,0.0
303.33,0.0
303.393,0.0
303.456,0.0
303.518,0.0
303.581,0.0
303.644,0.0
303.706,0.0
303.769,0.0
303.832,0.0
303.894,0.0
303.957,0.0
304.02,0.0
304.082,0.0
304.145,0.0
304.207,0.0
304.27,0.0
304.333,0.0
304.395,0.0
304.458,0.0
304.52,0.0
304.583,0.0
304.646,0.0
304.708,0.0
304.771,0.0
304.833,0.0
304.896,0.0
304.958,0.0
305.021,0.0
305.083,0.0
305.146,0.0
305.208,0.0
305.271,0.0
305.333,0.0
305.396,0.0
305.458,0.0
305.52,0.0
305.583,0.0
305.645,0.0
305.708,0.0
305.77,0.0
305.833,0.0
305.895,0.0
305.957,0.0
306.02,0.0
306.082,0.0
306.144,0.0
306.207,0.0
306.269,0.0
306.331,0.0
306.394,0.0
306.456,0.0
306.518,0.0
306.581,0.0
306.643,0.0
306.705,0.0
306.768,0.0
306.83,0.0
306.892,0.0
306.954,0.0
307.017,0.0
307.079,0.0
307.141,0.0
307.203,0.0
307.266,0.0
307.328,0.0
307.39,0.0
307.452,0.0
307.514,0.0
307.577,0.0
307.639,0.0
307.701,0.0
307.763,0.0
307.825,0.0
307.887,9.588924634039588e-08
307.949,0.0
308.012,0.0
308.074,2.4694553211941313e-06
308.136,0.0
308.198,2.842595150537295e-07
308.26,1.0011200286405418e-06
308.322,1.159609713885234e-06
308.384,1.3323246175463773e-06
308.446,1.5821041280581613e-06
308.508,1.8282738188342957e-06
308.57,2.0720777543078537e-06
308.632,2.327417490423627e-06
308.694,2.6314810831121224e-06
308.756,3.004550832278902e-06
308.818,3.439608173987827e-06
308.88,3.903388315300417e-06
308.942,4.360076810700725e-06
309.004,4.87217736412356e-06
309.066,5.569553620507977e-06
309.128,6.4829347056424535e-06
309.19,7.913823398307804e-06
309.252,9.566294623519567e-06
309.314,9.559264951547816e-06
309.376,7.588738360740886e-06
309.438,5.9912909538466275e-06
309.5,6.299421662522409e-06
309.562,8.533280399965011e-06
309.624,1.1627625240956974e-05
309.686,1.3546783989618597e-05
309.747,1.3130388044127675e-05
309.809,1.1236366961551268e-05
309.871,9.454848933669426e-06
309.933,8.256288857671367e-06
309.995,7.321736518899853e-06
310.057,6.557310209674301e-06
310.119,5.889867144037833e-06
310.18,5.243695513838785e-06
310.242,4.686483234150733e-06
310.304,4.2429724093833926e-06
310.366,3.897176091508984e-06
310.428,3.615270105780432e-06
310.489,3.3542094972033223e-06
310.551,3.1036317216009894e-06
310.613,2.870230893486984e-06
310.675,2.6626977170651364e-06
310.737,2.466657923290729e-06
310.798,2.281322789945437e-06
310.86,2.1072747746053045e-06
310.922,1.947554592759973e-06
310.983,1.8693666791739636e-06
311.045,1.8697547868934569e-06
311.107,1.3986963564663606e-06
311.169,4.493524038856825e-07
311.23,2.28999964048153e-06
311.292,1.346763079213455e-06
311.354,8.814988139932344e-07
311.415,8.945940279589564e-07
311.477,8.43041319519838e-07
311.539,7.282805423252661e-07
311.6,6.174446502264867e-07
311.662,5.126894494390361e-07
311.724,4.1732372664687096e-07
311.785,3.3187804333910644e-07
311.847,2.5657667066961515e-07
311.908,1.9128161544158102e-07
311.97,1.3578554664735686e-07
312.032,8.997610839042592e-08
312.093,5.368013314837075e-08
312.155,2.6577536658026772e-08
312.216,6.481952964594791e-09
312.278,0.0
312.339,0.0
312.401,0.0
312.462,0.0
312.524,6.024487814873612e-09
312.585,2.0986204738036062e-08
312.647,3.8911918206266305e-08
312.708,5.8888079437551485e-08
312.77,8.029057299239596e-08
312.831,1.0275318716306349e-07
312.893,1.2599481128992327e-07
312.954,1.4971169395816897e-07
313.016,1.7362818235497332e-07
313.077,1.976387089713163e-07
313.139,2.217042501346287e-07
313.2,2.459494820073294e-07
313.261,2.703898978973956e-07
313.323,2.949394152758968e-07
313.384,3.194177445552207e-07
313.446,3.437217652825366e-07
313.507,3.6776027489389096e-07
313.568,3.914082146167734e-07
313.63,4.145517276239186e-07
313.691,4.368473571348454e-07
313.752,4.5798344576287777e-07
313.814,4.777670294337467e-07
313.875,4.960644641348423e-07
313.936,5.127488693978468e-07
313.998,5.277799181263343e-07
314.059,5.411244984208174e-07
314.12,5.52782455550742e-07
314.182,5.628511775761668e-07
314.243,5.712261555269916e-07
314.304,5.779883520504048e-07
314.365,5.832273238037477e-07
314.427,5.87003907481443e-07
314.488,5.893556630869736e-07
314.549,5.904181009745657e-07
314.61,5.903530483351439e-07
314.672,5.892534978957135e-07
314.733,5.872437078418314e-07
314.794,5.843905584581167e-07
314.855,5.807110505820827e-07
314.917,5.762708621067836e-07
314.978,5.711416177113843e-07
315.039,5.652942948528209e-07
315.1,5.586826106925743e-07
315.161,5.512852366061287e-07
315.222,5.430373833383694e-07
315.283,5.324368368099345e-07
315.345,5.195524755466203e-07
315.406,5.043770223085004e-07
315.467,4.869149050869021e-07
315.528,4.6717467789283143e-07
315.589,4.451576345300092e-07
315.65,4.209550010494069e-07
315.711,4.0662025776102856e-07
315.772,4.1496954544337993e-07
315.833,4.461235252836139e-07
315.894,5.002219756521297e-07
315.955,4.781359403484793e-07
316.016,3.799916465648385e-07
316.078,2.0592890356045617e-07
316.139,0.0
316.2,2.2556278443214991e-07
316.261,9.384162292043075e-07
316.322,1.0786422004375015e-06
316.383,6.462395114213429e-07
316.444,2.365020564695241e-07
316.504,0.0
316.565,0.0
316.626,0.0
316.687,2.4616156499018688e-08
316.748,1.0317134847426789e-07
316.809,1.5878148340687358e-07
316.87,1.913565564148537e-07
316.931,2.1272111441700814e-07
316.992,2.2286602032332505e-07
317.053,2.2179791240678893e-07
317.114,2.09522833254316e-07
317.175,1.860760896888554e-07
317.235,1.6413461429153536e-07
317.296,1.4367066232171916e-07
317.357,1.247339006719125e-07
317.418,1.0736039451758675e-07
317.479,9.159994886462284e-08
317.54,7.750804036945176e-08
317.601,6.506486800848727e-08
317.661,5.4227031423614187e-08
317.722,4.3459465027159197e-08
317.783,3.274573488088254e-08
317.844,2.2075664106655054e-08
317.904,1.147483984039637e-08
317.965,9.095503226396256e-10
318.026,0.0
318.087,0.0
318.148,0.0
318.208,0.0
318.269,0.0
318.33,0.0
318.39,0.0
318.451,0.0
318.512,0.0
318.572,0.0
318.633,0.0
318.694,0.0
318.754,0.0
318.815,0.0
318.876,0.0
318.936,0.0
318.997,0.0
319.058,0.0
319.118,0.0
319.179,0.0
319.239,0.0
319.3,0.0
319.361,0.0
319.421,0.0
319.482,0.0
319.542,0.0
319.603,0.0
319.663,0.0
319.724,0.0
319.784,0.0
319.845,0.0
319.905,0.0
319.966,0.0
320.026,0.0
320.087,0.0
320.147,0.0
320.208,0.0
320.268,0.0
320.329,0.0
320.389,0.0
320.449,0.0
320.51,0.0
320.57,0.0
320.631,0.0
320.691,0.0
320.751,0.0
320.812,0.0
320.872,0.0
320.932,0.0
320.993,0.0
321.053,0.0
321.113,0.0
321.174,0.0
321.234,0.0
321.294,0.0
321.355,0.0
321.415,0.0
321.475,0.0
321.535,0.0
321.596,0.0
321.656,0.0
321.716,0.0
321.776,0.0
321.837,0.0
321.897,0.0
321.957,0.0
322.017,0.0
322.077,0.0
322.138,0.0
322.198,0.0
322.258,0.0
322.318,0.0
322.378,0.0
322.438,0.0
322.499,0.0
322.559,0.0
322.619,0.0
322.679,0.0
322.739,0.0
322.799,0.0
322.859,0.0
322.919,0.0
322.979,0.0
323.039,0.0
323.099,0.0
323.159,0.0
323.219,0.0
323.279,0.0
323.339,0.0
323.399,2.817477286612972e-08
323.459,6.672349823229852e-08
323.519,1.0603770814064334e-07
323.579,1.4582886515523484e-07
323.639,1.8581819039972152e-07
323.699,2.2575285203106545e-07
323.759,2.65478661522628e-07
323.819,3.0490348323145754e-07
323.879,3.4391390161625583e-07
323.939,3.824079836032218e-07
323.999,4.2028572344956354e-07
324.059,4.574150601190779e-07
324.119,4.936650792636095e-07
324.178,5.289177369277931e-07
324.238,5.630333067786859e-07
324.298,5.958558437905918e-07
324.358,6.27224865460881e-07
324.418,6.569889103951897e-07
324.478,6.850472847590781e-07
324.538,7.113341066011799e-07
324.597,7.35829880792374e-07
324.657,7.585083953186753e-07
324.717,7.79308141799739e-07
324.777,7.98185827890789e-07
324.837,8.151202778861604e-07
324.896,8.30084551778831e-07
324.956,8.430241614817804e-07
325.016,8.538853536684042e-07
325.076,8.626010339798576e-07
325.135,8.691249757917862e-07
325.195,8.734929736560591e-07
325.255,8.757629338936194e-07
325.315,8.759860115434404e-07
325.374,8.7424173157819e-07
325.434,8.706239710161236e-07
325.494,8.652210167001716e-07
325.553,8.581003013396828e-07
325.613,8.493074993964723e-07
325.673,8.388291390205325e-07
325.732,8.266128097480516e-07
325.792,8.126340002822114e-07
325.852,7.968728406110903e-07
325.911,7.793296290087434e-07
325.971,7.600377994656112e-07
326.031,7.390605441192017e-07
326.09,7.164654393540184e-07
326.15,6.923234388116218e-07
326.209,6.667121230937267e-07
326.269,6.396860926943178e-07
326.328,6.112911533286501e-07
326.388,5.81548426955079e-07
326.448,5.504646938570695e-07
326.507,5.180271905297271e-07
326.567,4.842552036689538e-07
326.626,4.492397996369472e-07
326.686,4.130874380534963e-07
326.745,3.7592326651894255e-07
326.805,3.378813335712445e-07
326.864,2.990947086192302e-07
326.924,2.597129467619626e-07
326.983,2.1991512384417182e-07
327.043,1.798840900589172e-07
327.102,1.397551703839018e-07
327.161,9.965915033359208e-08
327.221,5.974437242862461e-08
327.28,2.0155782145322427e-08
327.34,0.0
327.399,0.0
327.459,0.0
327.518,0.0
327.577,0.0
327.637,0.0
327.696,0.0
327.755,0.0
327.815,0.0
327.874,0.0
327.933,0.0
327.993,0.0
328.052,0.0
328.111,0.0
328.171,0.0
328.23,0.0
328.289,0.0
328.349,0.0
328.408,0.0
328.467,0.0
328.526,0.0
328.586,0.0
328.645,0.0
328.704,0.0
328.763,0.0
328.822,0.0
328.882,0.0
328.941,0.0
329.0,0.0
329.059,0.0
329.118,0.0
329.177,0.0
329.237,0.0
329.296,0.0
329.355,0.0
329.414,0.0
329.473,0.0
329.532,0.0
329.591,0.0
329.65,0.0
329.709,0.0
329.768,0.0
329.827,0.0
329.886,0.0
329.945,0.0
330.004,0.0
330.063,0.0
330.122,0.0
330.181,0.0
330.24,0.0
330.299,0.0
330.358,0.0
330.417,0.0
330.476,0.0
330.535,0.0
330.594,0.0
330.653,0.0
330.712,0.0
330.771,0.0
330.83,0.0
330.889,0.0
330.948,0.0
331.006,0.0
331.065,0.0
331.124,0.0
331.183,0.0
331.242,0.0
331.301,0.0
331.359,0.0
331.418,0.0
331.477,0.0
331.536,0.0
331.595,0.0
331.653,0.0
331.712,0.0
331.771,0.0
331.83,0.0
331.888,0.0
331.947,0.0
332.006,0.0
332.065,0.0
332.123,0.0
332.182,0.0
332.241,0.0
332.299,0.0
332.358,0.0
332.417,0.0
332.475,0.0
332.534,0.0
332.592,0.0
332.651,0.0
332.71,0.0
332.768,3.365664004238722e-07
332.827,8.235412711474088e-07
332.885,1.3243490200339617e-06
332.944,1.8217437249748516e-06
333.003,1.5690693411462205e-06
333.061,5.612598818207313e-07
333.12,8.006890679811542e-07
333.178,2.2816990676360216e-06
333.237,2.977621437608897e-06
333.295,2.8833111060855777e-06
333.354,2.752981108459236e-06
333.412,2.6697064815939786e-06
333.471,2.8433625311506625e-06
333.529,3.2640863533421706e-06
333.588,3.7783012670519853e-06
333.646,4.2426183235701806e-06
333.705,4.489525586082027e-06
333.763,4.51879427706833e-06
333.822,4.346802811244425e-06
333.88,4.0588646471228185e-06
333.938,3.7486696536176536e-06
333.997,3.4364680569689246e-06
334.055,3.1552913659633975e-06
334.114,2.9104287485573653e-06
334.172,2.707172683579888e-06
334.23,2.5504360931641056e-06
334.289,2.4441670477589693e-06
334.347,2.3746012680351045e-06
334.405,2.327034651616454e-06
334.464,2.292432086350375e-06
334.522,2.2597526716630607e-06
334.58,2.2292693454955834e-06
334.639,2.2013169392830387e-06
334.697,2.1762794553374612e-06
334.755,2.1545238688459014e-06
334.814,2.1380749071727067e-06
334.872,2.127649314065526e-06
334.93,2.1219757199665077e-06
334.988,2.1180758029137044e-06
335.047,2.1142486232402184e-06
335.105,2.1086537481643563e-06
335.163,2.099542448629212e-06
335.221,2.0855568847149105e-06
335.28,2.0668190353145905e-06
335.338,2.043482428964425e-06
335.396,2.0172678350821614e-06
335.454,1.9902255006296845e-06
335.512,1.9624590683812894e-06
335.57,1.9340351721766882e-06
335.629,1.9049306449641661e-06
335.687,1.874807027238711e-06
335.745,1.8432633573420801e-06
335.803,1.8098367304696174e-06
335.861,1.7741062138734609e-06
335.919,1.735878472351339e-06
335.977,1.694822916843411e-06
336.035,1.6507269190154972e-06
336.094,1.6034851424442663e-06
336.152,1.5531262734852649e-06
336.21,1.499915379409714e-06
336.268,1.4441190576015277e-06
336.326,1.3858265270689628e-06
336.384,1.3250787645553604e-06
336.442,1.2621427630527504e-06
336.5,1.1972140128061665e-06
336.558,1.1304293020967157e-06
336.616,1.0619198574288478e-06
336.674,9.917933688801137e-07
336.732,9.203936488219221e-07
336.79,8.481032404359791e-07
336.848,7.753009471741894e-07
336.906,7.023543807213625e-07
336.964,6.296595886083007e-07
337.022,5.575741384591027e-07
337.08,4.863228768441553e-07
337.138,4.158454540893356e-07
337.195,3.460363760107735e-07
337.253,2.7675635056009434e-07
337.311,2.0787380443063473e-07
337.369,1.3931765860616566e-07
337.427,7.106044509134229e-08
337.485,3.1376452876587705e-09
337.543,0.0
337.601,0.0
337.658,0.0
337.716,0.0
337.774,0.0
337.832,0.0
337.89,0.0
337.947,0.0
338.005,0.0
338.063,0.0
338.121,0.0
338.178,0.0
338.236,0.0
338.294,0.0
338.352,0.0
338.409,0.0
338.467,0.0
338.525,0.0
338.583,0.0
338.64,0.0
338.698,0.0
338.756,0.0
338.813,0.0
338.871,0.0
338.928,0.0
338.986,0.0
339.044,0.0
339.101,0.0
339.159,0.0
339.216,0.0
339.274,0.0
339.332,0.0
339.389,0.0
339.447,0.0
339.504,0.0
339.562,0.0
339.619,0.0
339.677,0.0
339.734,0.0
339.792,0.0
339.849,0.0
339.907,0.0
339.964,0.0
340.022,0.0
340.079,0.0
340.137,0.0
340.194,0.0
340.252,0.0
340.309,0.0
340.366,0.0
340.424,0.0
340.481,0.0
340.538,0.0
340.596,0.0
340.653,0.0
340.711,0.0
340.768,0.0
340.825,0.0
340.883,0.0
340.94,0.0
340.997,0.0
341.054,0.0
341.112,0.0
341.169,0.0
341.226,0.0
341.284,0.0
341.341,0.0
341.398,0.0
341.455,0.0
341.512,0.0
341.57,0.0
341.627,0.0
341.684,0.0
341.741,0.0
341.798,0.0
341.856,0.0
341.913,0.0
341.97,0.0
342.027,0.0
342.084,0.0
342.141,0.0
342.198,0.0
342.255,0.0
342.313,0.0
342.37,0.0
342.427,0.0
342.484,0.0
342.541,0.0
342.598,0.0
342.655,0.0
342.712,0.0
342.769,0.0
342.826,0.0
342.883,0.0
342.94,0.0
342.997,0.0
343.054,0.0
343.111,0.0
343.168,0.0
343.225,3.884764557021832e-08
343.282,4.806603424275956e-07
343.339,7.828082844264588e-07
343.395,9.445442130905048e-07
343.452,9.65106677069117e-07
343.509,9.295474223081901e-07
343.566,9.140362276779595e-07
343.623,9.178198360760786e-07
343.68,9.401918712107446e-07
343.737,9.804982158970297e-07
343.794,1.038111773018899e-06
343.85,1.1124412827880743e-06
343.907,1.2029122199240565e-06
343.964,1.2946863205744918e-06
344.021,1.374509986135931e-06
344.078,1.4420385694361038e-06
344.134,1.4969900435076584e-06
344.191,1.540381446939014e-06
344.248,1.573386938069205e-06
344.305,1.5958906510751224e-06
344.361,1.6078852406469724e-06
344.418,1.611182964641268e-06
344.475,1.6074456431761464e-06
344.532,1.5968516381990193e-06
344.588,1.579632269931582e-06
344.645,1.5560551574073437e-06
344.702,1.526445766632063e-06
344.758,1.4911503814803805e-06
344.815,1.450496728785601e-06
344.872,1.4047983996589955e-06
344.928,1.3543927993917844e-06
344.985,1.2996703496353873e-06
345.042,1.2410897238060691e-06
345.098,1.1791830210597457e-06
345.155,1.114520761453562e-06
345.212,1.0476837932310097e-06
345.268,9.792436381624217e-07
345.325,9.11257802493347e-07
345.381,8.458034595677728e-07
345.438,7.834426766466423e-07
345.495,7.247128478769965e-07
345.551,6.70125628929297e-07
345.608,6.201629786108593e-07
345.664,5.75281569754877e-07
345.721,5.359302781797514e-07
345.777,4.901212576954294e-07
345.834,4.257428209097593e-07
345.89,3.4311081737012847e-07
345.947,2.424764238896929e-07
346.003,1.2380891543183243e-07
346.06,0.0
346.116,0.0
346.173,0.0
346.229,0.0
346.285,0.0
346.342,0.0
346.398,0.0
346.455,2.6077791531282795e-07
346.511,4.164427732763971e-07
346.567,4.470925563063756e-07
346.624,3.5246623879783737e-07
346.68,2.0689786848652053e-07
346.737,8.510554089434914e-08
346.793,0.0
346.849,0.0
346.906,0.0
346.962,0.0
347.018,0.0
347.074,0.0
347.131,0.0
347.187,0.0
347.243,0.0
347.3,0.0
347.356,0.0
347.412,0.0
347.468,0.0
347.524,0.0
347.581,0.0
347.637,0.0
347.693,0.0
347.749,0.0
347.805,0.0
347.862,0.0
347.918,0.0
347.974,0.0
348.03,0.0
348.086,0.0
348.142,0.0
348.198,0.0
348.254,0.0
348.311,0.0
348.367,0.0
348.423,0.0
348.479,0.0
348.535,0.0
348.591,0.0
348.647,0.0
348.703,0.0
348.759,0.0
348.815,0.0
348.871,0.0
348.927,0.0
348.983,0.0
349.039,0.0
349.095,0.0
349.151,0.0
349.207,0.0
349.263,0.0
349.319,0.0
349.374,0.0
349.43,0.0
349.486,0.0
349.542,0.0
349.598,0.0
349.654,0.0
349.71,0.0
349.766,0.0
349.821,0.0
349.877,0.0
349.933,0.0
349.989,0.0
350.045,0.0
350.1,0.0
350.156,1.9282913477359334e-08
350.212,4.4555641008680017e-08
350.268,7.070679825189472e-08
350.323,9.752813858293638e-08
350.379,1.248162726127893e-07
350.435,1.5237421819665618e-07
350.491,1.8002675006354208e-07
350.546,2.0765547871870113e-07
350.602,2.3515295620915955e-07
350.658,2.6239419803707743e-07
350.713,2.892842936515376e-07
350.769,3.157316873478984e-07
350.825,3.4161676558802105e-07
350.88,3.6686510822401495e-07
350.936,3.9138665733563094e-07
350.992,4.1505282554581716e-07
351.047,4.3777122071548663e-07
351.103,4.594347579517963e-07
351.158,4.7992183555266e-07
351.214,4.991384187948923e-07
351.27,5.169835629136774e-07
351.325,5.333313887491902e-07
351.381,5.480633243898564e-07
351.436,5.610282063117704e-07
351.492,5.720436336303822e-07
351.547,5.809442704499861e-07
351.603,5.875635317314114e-07
351.658,5.917373180015276e-07
351.714,5.933160452248749e-07
351.769,5.921529369038095e-07
351.825,5.881105050518532e-07
351.88,5.811075496947344e-07
351.936,5.71119298364272e-07
351.991,5.581728249168269e-07
352.047,5.423627357747926e-07
352.102,5.238180669447733e-07
352.158,5.026766052784434e-07
352.213,4.790970788129796e-07
352.268,4.5323369369481323e-07
352.324,4.25219315746273e-07
352.379,3.951926441673561e-07
352.434,3.632926921338583e-07
352.49,3.2964977906967395e-07
352.545,2.9443151350199773e-07
352.601,2.5786165500256574e-07
352.656,2.2015783949428534e-07
352.711,1.8157035421219252e-07
352.767,1.4237279268317055e-07
352.822,1.028153134492972e-07
352.877,6.316562217760183e-08
352.932,2.369205187802524e-08
352.988,0.0
353.043,0.0
353.098,0.0
353.153,0.0
353.209,0.0
353.264,0.0
353.319,0.0
353.374,0.0
353.43,0.0
353.485,0.0
353.54,0.0
353.595,0.0
353.65,0.0
353.705,0.0
353.761,0.0
353.816,0.0
353.871,0.0
353.926,0.0
353.981,0.0
354.036,0.0
354.091,0.0
354.146,0.0
354.201,0.0
354.256,0.0
354.311,0.0
354.367,0.0
354.422,0.0
354.477,0.0
354.532,0.0
354.587,0.0
354.642,0.0
354.697,0.0
354.751,0.0
354.806,0.0
354.861,2.481176308332388e-09
354.916,4.032338745422976e-08
354.971,7.840928618960245e-08
355.026,1.1649581981069345e-07
355.081,1.5436481497430034e-07
355.136,1.9182769283262434e-07
355.191,2.2876278531287357e-07
355.246,2.650719280292891e-07
355.301,3.00633021451763e-07
355.355,3.3531913958155044e-07
355.41,3.69031436941235e-07
355.465,4.016731795704835e-07
355.52,4.331737916991052e-07
355.575,4.634801705261529e-07
355.63,4.924699644609025e-07
355.684,5.200014188792781e-07
355.739,5.45988354406322e-07
355.794,5.703526610712158e-07
355.849,5.930381723318531e-07
355.904,6.140298762885938e-07
355.958,6.332782715076717e-07
356.013,6.507212443956103e-07
356.068,6.66346028139635e-07
356.123,6.801460497106157e-07
356.177,6.921186298345935e-07
356.232,7.022893682637217e-07
356.287,7.106709802509891e-07
356.341,7.173017722162692e-07
356.396,7.222393085645026e-07
356.451,7.255497494905697e-07
356.505,7.273243702832059e-07
356.56,7.276341376920126e-07
356.615,7.265456601819164e-07
356.669,7.241435892891243e-07
356.724,7.205295613732116e-07
356.778,7.157824917788652e-07
356.833,7.099420296134853e-07
356.888,7.030109128211517e-07
356.942,6.949186129138682e-07
356.997,6.856102148382951e-07
357.051,6.750796235801593e-07
357.106,6.633493848136872e-07
357.16,6.504250211462719e-07
357.215,6.363447034944378e-07
357.269,6.211667221540612e-07
357.324,6.049688980043224e-07
357.378,5.878958875591662e-07
357.433,5.701042478429163e-07
357.487,5.516890818038803e-07
357.542,5.327384660330539e-07
357.596,5.133388920968715e-07
357.651,4.93550532307506e-07
357.705,4.7346800928360457e-07
357.76,4.532074278522922e-07
357.814,4.328728637326071e-07
357.868,4.1258587315764657e-07
357.923,3.924600464270257e-07
357.977,3.725895256647164e-07
358.032,3.5305726241109805e-07
358.086,3.338901723679797e-07
358.14,3.150886360577886e-07
358.195,2.96669671333219e-07
358.249,2.7864498127067687e-07
358.303,2.6104163874290885e-07
358.358,2.438694502076849e-07
358.412,2.27052640204014e-07
358.466,2.1049192725271684e-07
358.521,1.940963433395531e-07
358.575,1.7794986395583982e-07
358.629,1.6218537227384836e-07
358.683,1.4698824960864785e-07
358.738,1.3247810736175916e-07
358.792,1.1872550184233573e-07
358.846,1.0564693488808929e-07
358.9,9.327881164742732e-08
358.954,8.157338265159473e-08
359.009,7.044128457087085e-08
359.063,5.977680028643783e-08
359.117,4.950048735264526e-08
359.171,3.957186549650378e-08
359.225,2.995655677785651e-08
359.28,2.056171632045378e-08
359.334,1.1271393729741926e-08
359.388,1.941192948858622e-09
359.442,0.0
359.496,0.0
359.55,0.0
359.604,0.0
359.658,0.0
359.712,0.0
359.766,0.0
359.82,0.0
359.875,0.0
359.929,0.0
359.983,0.0
360.037,0.0
360.091,0.0
360.145,0.0
360.199,0.0
360.253,0.0
360.306,0.0
360.36,0.0
360.414,0.0
360.468,0.0
360.522,0.0
360.576,0.0
360.63,0.0
360.684,0.0
360.738,0.0
360.792,0.0
360.846,0.0
360.899,0.0
360.953,0.0
361.007,0.0
361.061,0.0
361.115,0.0
361.168,0.0
361.222,0.0
361.276,0.0
361.33,1.2743298541480278e-08
361.384,5.9048291450569975e-08
361.437,1.0317842803935858e-07
361.491,1.4358915538312e-07
361.545,1.7636621903383678e-07
361.599,2.0204965740066317e-07
361.652,2.2792421895101844e-07
361.706,2.599481186635646e-07
361.76,3.0615600877067844e-07
361.813,3.750836159836147e-07
361.867,4.601636204612746e-07
361.921,5.592727670541256e-07
361.974,6.737561607599709e-07
362.028,7.973299927743157e-07
362.082,9.134017064471408e-07
362.135,1.0006665623036544e-06
362.189,1.0288276155401594e-06
362.242,9.821612899482589e-07
362.296,8.796910262546973e-07
362.35,7.180135051378742e-07
362.403,5.275161274612054e-07
362.457,2.7853151910326496e-07
362.51,0.0
362.564,0.0
362.617,0.0
362.671,0.0
362.724,0.0
362.778,9.795498631838664e-08
362.831,5.564648925084459e-07
362.885,0.0
362.938,0.0
362.998,2.6727427201695593e-07
363.06,2.644416885471492e-07
363.122,2.610757395582079e-07
363.184,2.572343263449871e-07
363.246,2.5301748645615097e-07
363.308,2.4862300496223774e-07
363.37,2.4431074383687807e-07
363.432,2.4027489218830387e-07
363.494,2.3667378374994598e-07
363.556,2.3370638198784817e-07
363.618,2.3157980572241992e-07
363.68,2.3040064105440283e-07
363.742,2.3025564802170822e-07
363.804,2.3116688475844436e-07
363.866,2.3301658107055e-07
363.928,2.357383815336581e-07
363.99,2.393882707145672e-07
364.052,2.440399804977367e-07
364.114,2.496837292933925e-07
364.176,2.5632310302472255e-07
364.238,2.639161457019075e-07
364.3,2.7241863232368513e-07
364.362,2.819224787344369e-07
364.424,2.9249013071767586e-07
364.486,3.041190077498804e-07
364.548,3.167740256129532e-07
364.609,3.3046603951829194e-07
364.671,3.452498467606592e-07
364.733,3.6117190949446103e-07
364.795,3.78263474122817e-07
364.857,3.964980158818099e-07
364.919,4.157961353279795e-07
364.981,4.3607734718674994e-07
365.042,4.5734352740455403e-07
365.104,4.795999874522411e-07
365.166,5.027763330712359e-07
365.228,5.267893126325181e-07
365.29,5.514541503190948e-07
365.351,5.764703456486524e-07
365.413,6.016030070934694e-07
365.475,6.266644358697672e-07
365.537,6.514204323259422e-07
365.598,6.755705215932819e-07
365.66,6.988410494675834e-07
365.722,7.209898886164721e-07
365.784,7.418280170989188e-07
365.845,7.613506678369773e-07
365.907,7.795801554376491e-07
365.969,7.964069849317642e-07
366.03,8.117112130746925e-07
366.092,8.254389714007886e-07
366.154,8.374818113545867e-07
366.215,8.477728695268192e-07
366.277,8.56259369304439e-07
366.339,8.627465114691604e-07
366.4,8.67042562054724e-07
366.462,8.690222939034248e-07
366.524,8.685813487484409e-07
366.585,8.656433400651707e-07
366.647,8.601656463777475e-07
366.708,8.520636033335425e-07
366.77,8.412716970654178e-07
366.832,8.277632407369596e-07
366.893,8.11517142845731e-07
366.955,7.925822660940871e-07
367.016,7.709647682846217e-07
367.078,7.466123264778943e-07
367.139,7.195423607447954e-07
367.201,6.898109232174364e-07
367.262,6.575459998134368e-07
367.324,6.230058446628133e-07
367.385,5.864215389844365e-07
367.447,5.479591915580204e-07
367.508,5.078324848028218e-07
367.57,4.6634163988087794e-07
367.631,4.2376347039549484e-07
367.693,3.803494024270135e-07
367.754,3.3634786728132374e-07
367.816,2.918257376535844e-07
367.877,2.467711028138037e-07
367.939,2.0129028012131212e-07
368.0,1.5550888608969484e-07
368.062,1.0956889907088259e-07
368.123,6.372058914797014e-08
368.184,1.8153183867577797e-08
368.246,0.0
368.307,0.0
368.369,0.0
368.43,0.0
368.491,0.0
368.553,0.0
368.614,0.0
368.675,1.3289945345557189e-07
368.737,2.506184133394348e-06
368.798,0.0
368.859,0.0
368.921,1.3771735385724112e-07
368.982,0.0
369.043,0.0
369.104,0.0
369.166,0.0
369.227,0.0
369.288,0.0
369.349,0.0
369.411,0.0
369.472,0.0
369.533,0.0
369.594,0.0
369.656,0.0
369.717,0.0
369.778,0.0
369.839,0.0
369.9,0.0
369.961,0.0
370.023,0.0
370.084,0.0
370.145,0.0
370.206,0.0
370.267,0.0
370.328,0.0
370.389,0.0
370.451,0.0
370.512,0.0
370.573,0.0
370.634,0.0
370.695,0.0
370.756,0.0
370.817,0.0
370.878,0.0
370.939,0.0
371.0,0.0
371.061,0.0
371.122,0.0
371.183,0.0
371.244,0.0
371.305,0.0
371.366,0.0
371.427,0.0
371.488,0.0
371.549,0.0
371.61,0.0
371.671,0.0
371.732,0.0
371.793,0.0
371.853,0.0
371.914,0.0
371.975,0.0
372.036,0.0
372.097,0.0
372.158,0.0
372.219,0.0
372.28,0.0
372.34,0.0
372.401,0.0
372.462,0.0
372.523,0.0
372.584,0.0
372.645,0.0
372.705,0.0
372.766,0.0
372.827,0.0
372.888,0.0
372.948,0.0
373.009,0.0
373.07,0.0
373.131,0.0
373.191,7.002287719147093e-08
373.252,1.8153708673781285e-07
373.313,2.947866780937763e-07
373.373,4.09627777924838e-07
373.434,3.500109841522956e-07
373.495,1.1584425304179779e-07
373.555,0.0
373.616,0.0
373.677,0.0
373.737,0.0
373.798,0.0
373.859,0.0
373.919,1.9601013920266247e-07
373.98,4.5490636404485657e-07
374.041,5.396609537714827e-07
374.101,4.500761697583539e-07
374.162,3.5831774555092867e-07
374.222,2.640220810846981e-07
374.283,1.66914084496446e-07
374.343,6.671763930554635e-08
374.404,0.0
374.465,0.0
374.525,0.0
374.586,0.0
374.646,0.0
374.707,0.0
374.767,0.0
374.828,0.0
374.888,0.0
374.949,0.0
375.009,0.0
375.07,0.0
375.13,0.0
375.19,0.0
375.251,0.0
375.311,0.0
375.372,0.0
375.432,0.0
375.493,0.0
375.553,0.0
375.613,0.0
375.674,0.0
375.734,0.0
375.794,0.0
375.855,0.0
375.915,0.0
375.975,0.0
376.036,0.0
376.096,0.0
376.156,0.0
376.217,0.0
376.277,0.0
376.337,0.0
376.398,0.0
376.458,0.0
376.518,0.0
376.578,0.0
376.639,0.0
376.699,0.0
376.759,0.0
376.819,0.0
376.88,0.0
376.94,0.0
377.0,0.0
377.06,0.0
377.12,0.0
377.18,0.0
377.241,0.0
377.301,0.0
377.361,0.0
377.421,0.0
377.481,0.0
377.541,0.0
377.601,0.0
377.661,0.0
377.722,0.0
377.782,0.0
377.842,0.0
377.902,0.0
377.962,0.0
378.022,0.0
378.082,0.0
378.142,0.0
378.202,0.0
378.262,0.0
378.322,0.0
378.382,0.0
378.442,0.0
378.502,0.0
378.562,0.0
378.622,0.0
378.682,0.0
378.742,0.0
378.802,0.0
378.862,0.0
378.921,0.0
378.981,0.0
379.041,0.0
379.101,0.0
379.161,0.0
379.221,0.0
379.281,0.0
379.341,0.0
379.401,0.0
379.46,5.558967576780591e-08
379.52,1.1283172597229231e-07
379.58,1.6530738482810592e-07
379.64,2.12602880549422e-07
379.7,2.5449442442909266e-07
379.759,2.909690249744247e-07
379.819,3.222508994405678e-07
379.879,3.487785643925783e-07
379.939,3.6969541184408354e-07
379.999,3.827416351044975e-07
380.058,3.849649930737523e-07
380.118,3.741098077277739e-07
380.178,3.497260431689872e-07
380.237,3.128253924473985e-07
380.297,2.6504170842763e-07
380.357,2.0713163609176025e-07
380.417,1.410295740057926e-07
380.476,7.034491603513854e-08
380.536,1.3860121068190038e-10
380.596,0.0
380.655,0.0
380.715,0.0
380.775,0.0
380.834,0.0
380.894,0.0
380.954,0.0
381.013,0.0
381.073,0.0
381.132,0.0
381.192,0.0
381.252,1.6683762877716242e-07
381.311,4.244164797509839e-07
381.371,7.406312341028866e-07
381.43,1.1033902103812516e-06
381.49,1.5032344809043243e-06
381.549,1.937954210619785e-06
381.609,2.4247296144428787e-06
381.668,2.991857695590933e-06
381.728,3.6557679968573364e-06
381.787,4.434560768781076e-06
381.847,5.3705008747294445e-06
381.906,6.510298502246908e-06
381.966,7.848762001265375e-06
382.025,9.403571377236757e-06
382.085,1.1144224435181959e-05
382.144,1.3005888931661846e-05
382.204,1.4927662028387571e-05
382.263,1.6929076258037147e-05
382.323,1.8924658601905065e-05
382.382,2.0879600435697515e-05
382.441,2.3268256238288246e-05
382.501,2.5993309896946554e-05
382.56,2.934943643041845e-05
382.619,3.385687447520069e-05
382.679,3.8356879417763596e-05
382.738,4.427795365651518e-05
382.798,5.675961268544853e-05
382.857,7.73847357000808e-05
382.916,9.800286250447007e-05
382.976,0.00010310025768646169
383.035,8.283549410211415e-05
383.094,8.947347693491934e-05
383.154,0.00011966651780143393
383.213,0.00016208362775741944
383.272,0.0001547085005987636
383.331,9.996976342577815e-05
383.391,7.11366825751062e-05
383.45,7.09684706048463e-05
383.509,7.124196052955981e-05
383.568,7.69414773164982e-05
383.628,8.86944280240462e-05
383.687,0.00010872477385944072
383.746,0.0001428048191847381
383.805,0.00019071577334959727
383.864,0.0001862928303201592
383.924,0.00011744619014777516
383.983,7.578712666444201e-05
384.042,5.517992607701891e-05
384.101,4.5178197163853495e-05
384.16,3.7631767306034336e-05
384.219,3.1356974767466284e-05
384.279,2.6478904771504255e-05
384.338,2.24691147449411e-05
384.397,1.955897141505032e-05
384.456,1.7544635957374344e-05
384.515,1.5953542594445016e-05
384.574,1.4578906826534301e-05
384.633,1.3206754328098962e-05
384.692,1.1862045409407721e-05
384.751,1.070157085517379e-05
384.81,9.759730070879554e-06
384.869,9.004179280509909e-06
384.929,8.382588901301236e-06
384.988,7.813722050363932e-06
385.047,7.276185930001557e-06
385.106,6.775217197353381e-06
385.165,6.2865233389764575e-06
385.224,5.772843027309057e-06
385.283,5.21831452726343e-06
385.342,4.628474216358985e-06
385.401,4.015172502112521e-06
385.459,3.4156132936970545e-06
385.518,2.846185138698809e-06
385.577,2.3128676741329297e-06
385.636,1.8293605025972555e-06
385.695,1.4066023820703035e-06
385.754,1.0527200637513705e-06
385.813,7.714036097514752e-07
385.872,5.566716638430008e-07
385.931,3.997297377499323e-07
385.99,2.9255592725824316e-07
386.049,2.2680915661111184e-07
386.107,1.965371356856541e-07
386.166,1.9764840535027362e-07
386.225,2.2027780950356768e-07
386.284,2.562999490648937e-07
386.343,3.017563596233971e-07
386.402,3.501528330668363e-07
386.46,3.9819149353038404e-07
386.519,4.433750384998735e-07
386.578,4.811311049825264e-07
386.637,5.075920560631619e-07
386.696,5.201369787587e-07
386.754,5.172576492687784e-07
386.813,5.000958467405311e-07
386.872,4.7045408331436974e-07
386.931,4.299053617914734e-07
386.989,3.8023559503527864e-07
387.048,3.231485898170292e-07
387.107,2.5991217393445887e-07
387.165,1.9428337349013977e-07
387.224,1.2867438284146864e-07
387.283,6.37761904038013e-08
387.342,0.0
387.4,0.0
387.459,0.0
387.517,0.0
387.576,0.0
387.635,0.0
387.693,0.0
387.752,0.0
387.811,0.0
387.869,0.0
387.928,0.0
387.986,0.0
388.045,0.0
388.103,0.0
388.162,0.0
388.221,0.0
388.279,0.0
388.338,0.0
388.396,0.0
388.455,0.0
388.513,0.0
388.572,0.0
388.63,0.0
388.689,0.0
388.747,0.0
388.806,0.0
388.864,0.0
388.922,0.0
388.981,0.0
389.039,0.0
389.098,0.0
389.156,0.0
389.214,0.0
389.273,0.0
389.331,0.0
389.39,0.0
389.448,0.0
389.506,0.0
389.565,0.0
389.623,0.0
389.681,0.0
389.74,0.0
389.798,0.0
389.856,0.0
389.914,0.0
389.973,0.0
390.031,0.0
390.089,0.0
390.147,0.0
390.206,0.0
390.264,0.0
390.322,0.0
390.38,0.0
390.439,0.0
390.497,0.0
390.555,0.0
390.613,0.0
390.671,0.0
390.729,0.0
390.788,0.0
390.846,0.0
390.904,0.0
390.962,0.0
391.02,0.0
391.078,0.0
391.136,0.0
391.194,0.0
391.253,0.0
391.311,0.0
391.369,0.0
391.427,0.0
391.485,0.0
391.543,0.0
391.601,0.0
391.659,0.0
391.717,0.0
391.775,0.0
391.833,0.0
391.891,0.0
391.949,0.0
392.007,0.0
392.065,0.0
392.123,0.0
392.18,0.0
392.238,0.0
392.296,0.0
392.354,0.0
392.412,0.0
392.47,0.0
392.528,0.0
392.586,0.0
392.644,0.0
392.701,0.0
392.759,0.0
392.817,0.0
392.875,0.0
392.933,0.0
392.991,4.333942839690443e-07
393.048,0.0
393.106,0.0
393.164,0.0
393.222,0.0
393.279,1.2007031281980373e-06
393.337,6.683928971064336e-07
393.395,0.0
393.453,0.0
393.51,0.0
393.568,0.0
393.626,0.0
393.684,0.0
393.741,0.0
393.799,0.0
393.857,0.0
393.914,0.0
393.972,0.0
394.03,0.0
394.087,0.0
394.145,0.0
394.202,0.0
394.26,0.0
394.318,0.0
394.375,0.0
394.433,0.0
394.49,0.0
394.548,0.0
394.605,0.0
394.663,0.0
394.72,0.0
394.778,0.0
394.836,0.0
394.893,0.0
394.951,0.0
395.008,0.0
395.065,0.0
395.123,0.0
395.18,0.0
395.238,0.0
395.295,0.0
395.353,3.1193650534268886e-08
395.41,8.627118034983393e-08
395.468,1.3683361108568054e-07
395.525,1.8226339470826303e-07
395.582,2.2207160916986856e-07
395.64,2.558395144471682e-07
395.697,2.832978268298723e-07
395.754,3.0417791750744804e-07
395.812,3.1829005315203474e-07
395.869,3.2552239333388246e-07
395.927,3.2582316038271814e-07
395.984,3.191751785367487e-07
396.041,3.056160570525591e-07
396.098,2.8535782405323613e-07
396.156,2.58658218859077e-07
396.213,2.2601712820418178e-07
396.27,1.8772273949714317e-07
396.328,1.4392727265206848e-07
396.385,9.487419324419653e-08
396.442,4.100524201932188e-08
396.499,0.0
396.557,0.0
396.614,0.0
396.671,0.0
396.728,0.0
396.785,0.0
396.843,0.0
396.9,0.0
396.957,0.0
397.014,0.0
397.071,0.0
397.128,0.0
397.186,0.0
397.243,0.0
397.3,0.0
397.357,0.0
397.414,0.0
397.471,0.0
397.528,0.0
397.585,0.0
397.642,0.0
397.699,0.0
397.756,0.0
397.814,0.0
397.871,0.0
397.928,2.1408255741380496e-07
397.985,4.673484265657011e-07
398.042,7.478025961974054e-07
398.099,1.0569997700063466e-06
398.156,1.3977152914589039e-06
398.212,1.7728436756086122e-06
398.269,2.1846503735324973e-06
398.326,2.635675375137819e-06
398.383,3.128026300591446e-06
398.44,3.6633814990188565e-06
398.497,4.243936211716045e-06
398.554,4.871278981817193e-06
398.611,5.54598691992221e-06
398.668,6.268200629257503e-06
398.725,7.03496237493589e-06
398.782,7.843337673147828e-06
398.839,8.690438586690711e-06
398.895,9.573236331222937e-06
398.952,1.0488745818471298e-05
399.009,1.1429309930599836e-05
399.066,1.2381905004656114e-05
399.123,1.3332204530130825e-05
399.18,1.4266545336331548e-05
399.236,1.5169530382492957e-05
399.293,1.6026317948714102e-05
399.35,1.6822682348353848e-05
399.407,1.7542684603459875e-05
399.463,1.8171909715582174e-05
399.52,1.8698450170362914e-05
399.577,1.9111457539591037e-05
399.634,1.9405913408576526e-05
399.69,1.9577455596490187e-05
399.747,1.962188433831583e-05
399.804,1.953570570450112e-05
399.861,1.9319029830218464e-05
399.917,1.897507307676705e-05
399.974,1.8513498173376995e-05
400.031,1.7945854608137765e-05
400.087,1.7283924276453032e-05
400.144,1.6541884359778804e-05
400.201,1.5733969091666933e-05
400.257,1.4874515994359572e-05
400.314,1.3979906936758898e-05
400.37,1.3065370198837847e-05
400.427,1.2144345648514963e-05
400.484,1.1229774402743334e-05
400.54,1.0330948881345546e-05
400.597,9.45653586035371e-06
400.653,8.615355873611998e-06
400.71,7.815703481118199e-06
400.766,7.060229240904881e-06
400.823,6.351548566918536e-06
400.879,5.689749082082121e-06
400.936,5.074199873800112e-06
400.993,4.503997634818999e-06
401.049,3.977343368046527e-06
401.105,3.4922465110323656e-06
401.162,3.046407591767217e-06
401.218,2.6368790281470664e-06
401.275,2.2610978571459603e-06
401.331,1.916736096784207e-06
401.388,1.6014155029156243e-06
401.444,1.312950169513818e-06
401.501,1.049264569854605e-06
401.557,8.080642639060143e-07
401.614,5.871528550236964e-07
401.67,3.8741420228652027e-07
401.726,2.0907274779585566e-07
401.783,5.182831184686673e-08
401.839,0.0
401.895,0.0
401.952,0.0
402.008,0.0
402.064,0.0
402.121,0.0
402.177,0.0
402.233,0.0
402.29,0.0
402.346,0.0
402.402,0.0
402.458,0.0
402.515,0.0
402.571,0.0
402.627,0.0
402.683,0.0
402.74,0.0
402.796,0.0
402.852,0.0
402.908,0.0
402.964,0.0
403.021,0.0
403.077,0.0
403.133,0.0
403.189,0.0
403.245,0.0
403.301,0.0
403.357,0.0
403.414,0.0
403.47,0.0
403.526,0.0
403.582,0.0
403.638,0.0
403.694,1.2056234823248251e-08
403.75,2.821355139772008e-08
403.806,4.066577797739904e-08
403.862,4.931269262855968e-08
403.918,5.42940254038165e-08
403.974,5.5918101164517436e-08
404.03,5.446862196538742e-08
404.086,5.026442518901856e-08
404.142,4.3149784577359994e-08
404.198,3.2945859640626755e-08
404.254,1.9395228855061945e-08
404.31,2.2566690191396676e-09
404.366,0.0
404.422,0.0
404.478,0.0
404.534,0.0
404.59,0.0
404.646,0.0
404.701,0.0
404.757,0.0
404.813,0.0
404.869,0.0
404.925,0.0
404.981,0.0
405.037,0.0
405.092,0.0
405.148,0.0
405.204,0.0
405.26,0.0
405.316,0.0
405.371,0.0
405.427,0.0
405.483,0.0
405.539,0.0
405.594,0.0
405.65,0.0
405.706,1.094809955553282e-07
405.761,2.8052239299378905e-07
405.817,4.7585043594988943e-07
405.873,6.957099174564643e-07
405.928,9.426293587092024e-07
405.984,1.219025427596961e-06
406.04,1.527682659188872e-06
406.095,1.8713759985436763e-06
406.151,2.252210696989065e-06
406.207,2.6716290329722984e-06
406.262,3.1305926838093607e-06
406.318,3.6295981368882267e-06
406.374,4.1690956036138675e-06
406.429,4.749568903162646e-06
406.485,5.3683445079596245e-06
406.54,6.022701330735272e-06
406.596,6.7098689786500925e-06
406.651,7.427059238306449e-06
406.707,8.171602495633989e-06
406.763,8.94090815034475e-06
406.818,9.728027295773366e-06
406.874,1.0526109606571973e-05
406.929,1.1326701888584354e-05
406.985,1.211801582657006e-05
407.04,1.2888644526444366e-05
407.095,1.3628209817160947e-05
407.151,1.432651900634339e-05
407.206,1.4974009363723575e-05
407.262,1.556099510410359e-05
407.317,1.6077091484323554e-05
407.373,1.6517841169527005e-05
407.428,1.6879390308155478e-05
407.484,1.715822094593862e-05
407.539,1.7353537184140687e-05
407.594,1.7464660172648455e-05
407.65,1.7491013708475438e-05
407.705,1.74348049340808e-05
407.76,1.7294891572399426e-05
407.816,1.7074760304877348e-05
407.871,1.6783139348171516e-05
407.926,1.6429106582692604e-05
407.982,1.6021227456243203e-05
408.037,1.556835326618629e-05
408.092,1.5079212180364085e-05
408.148,1.4563035514524338e-05
408.203,1.4030308670518581e-05
408.258,1.3487801039396664e-05
408.314,1.2941641431692582e-05
408.369,1.239771577439247e-05
408.424,1.1857558629407444e-05
408.479,1.1322684572294301e-05
408.534,1.0794614591590828e-05
408.59,1.027488234639597e-05
408.645,9.787750915962132e-06
408.7,9.334776554295396e-06
408.755,8.914772695210487e-06
408.81,8.52608835400639e-06
408.866,8.16698221747981e-06
408.921,7.835540807683367e-06
408.976,7.529682916886503e-06
409.031,7.246980091183289e-06
409.086,6.94564161441687e-06
409.141,6.623003541081956e-06
409.196,6.276854614213265e-06
409.252,5.905441909211009e-06
409.307,5.509948774281157e-06
409.362,5.091943913623442e-06
409.417,4.6534763780991055e-06
409.472,4.1966276330095075e-06
409.527,3.746650589514186e-06
409.582,3.30645868516096e-06
409.637,2.879375716353253e-06
409.692,2.4691683315713026e-06
409.747,2.0798612988169033e-06
409.802,1.7153650146585436e-06
409.857,1.379358017248347e-06
409.912,1.0749589539764184e-06
409.967,8.044083268717359e-07
410.022,5.696005495178334e-07
410.077,3.7140455115756485e-07
410.132,2.0955287150890587e-07
410.187,8.278767278093242e-08
410.242,0.0
410.297,0.0
410.351,0.0
410.406,0.0
410.461,0.0
410.516,0.0
410.571,0.0
410.626,0.0
410.681,4.2558976778752196e-10
410.736,5.031669412595231e-08
410.79,1.0481610000054125e-07
410.845,1.6294465708194804e-07
410.9,2.239306146110767e-07
410.955,2.8722023747193776e-07
411.01,3.5230233503583436e-07
411.064,4.182147539264523e-07
411.119,4.83995087781203e-07
411.174,5.486540206046422e-07
411.229,6.113180132975693e-07
411.283,6.717279236032009e-07
411.338,7.293584251057726e-07
411.393,7.837957131468041e-07
411.447,8.34602712605361e-07
411.502,8.813676525241427e-07
411.557,9.237990512087036e-07
411.612,9.963161495906656e-07
411.666,1.0987008222025459e-06
411.721,1.1931390435737773e-06
411.776,1.2792986005150619e-06
411.83,1.0675757736286472e-06
411.885,5.577045414157353e-07
411.939,6.364848534813333e-08
411.994,0.0
412.049,8.580665784416188e-07
412.103,3.8819158993937655e-06
412.158,3.811493171994082e-06
412.212,6.472137826668046e-07
412.267,0.0
412.322,0.0
412.376,4.1984124630953093e-07
412.431,9.213486506484869e-07
412.485,1.1088172373759617e-06
412.54,9.825615102411779e-07
412.594,8.534920885327939e-07
412.649,7.220520249401243e-07
412.703,6.233002110450593e-07
412.758,5.57613467133474e-07
412.812,4.878344746117186e-07
412.866,4.1456837653882796e-07
412.921,3.3853402205545083e-07
412.975,2.604592834811849e-07
413.03,2.1114460718288535e-07
413.084,1.909951244578355e-07
413.139,2.002503850603334e-07
413.193,2.3921755523141556e-07
413.247,3.082418742723802e-07
413.302,1.9575550063140738e-07
413.356,0.0
413.41,1.1928697692080478e-06
413.465,3.887062911513168e-06
413.519,0.0
413.573,0.0
413.628,4.798961747439966e-07
413.682,0.0
413.736,0.0
413.791,0.0
413.845,0.0
413.899,0.0
413.953,3.9100777000515e-08
414.008,1.7636450833545088e-07
414.062,2.904627632707308e-07
414.116,3.808778722664296e-07
414.17,4.4705090434396226e-07
414.225,4.885129575725219e-07
414.279,5.047749228596788e-07
414.333,5.253953594499245e-07
414.387,5.496848206547128e-07
414.441,5.769820192921982e-07
414.496,6.066562218779453e-07
414.55,6.380394713609022e-07
414.604,6.705018997874785e-07
414.658,7.033796475396665e-07
414.712,7.360436618869247e-07
414.766,7.643902918109035e-07
414.82,7.881051888475222e-07
414.874,8.070933951110362e-07
414.928,8.212450439289394e-07
414.982,8.30413120029836e-07
415.037,8.344766116710075e-07
415.091,8.332101956621562e-07
415.145,8.264118299887825e-07
415.199,8.139545913102392e-07
415.253,7.95644308509261e-07
415.307,7.712130199097589e-07
415.361,7.404921105937668e-07
415.415,7.035089500775161e-07
415.469,6.604102223163297e-07
415.523,6.115949380794858e-07
415.577,5.576051580304879e-07
415.631,4.989291354651573e-07
415.684,4.360958586504228e-07
415.738,3.696974563386044e-07
415.792,3.0032285033071527e-07
415.846,2.2853927894029179e-07
415.9,1.5500482464874084e-07
415.954,8.036867311471905e-08
416.008,5.309060050955303e-09
416.062,0.0
416.116,0.0
416.169,0.0
416.223,0.0
416.277,0.0
416.331,0.0
416.385,0.0
416.439,0.0
416.492,0.0
416.546,0.0
416.6,0.0
416.654,0.0
416.707,0.0
416.761,0.0
416.815,0.0
416.869,0.0
416.922,7.136015004629238e-07
416.976,2.9322810435008017e-06
417.03,0.0
417.083,2.3006294353828536e-06
417.137,9.541049052932972e-07
417.191,0.0
417.244,0.0
417.298,0.0
417.352,7.317104281914166e-09
417.405,1.2342449143433212e-07
417.459,2.472846022866006e-07
417.512,3.784308076671412e-07
417.566,5.164008901982381e-07
417.62,6.605891947262143e-07
417.673,8.102919249181475e-07
417.727,9.646925721772383e-07
417.78,1.122808030887904e-06
417.834,1.283664357268492e-06
417.887,1.4462979570939314e-06
417.941,1.6096316584265856e-06
417.994,1.7726189402277814e-06
418.048,1.934320196572975e-06
418.101,2.0938858206058193e-06
418.155,2.2506891587442435e-06
418.208,2.4042546829111535e-06
418.262,2.5540729987471618e-06
418.315,2.699593337164516e-06
418.369,2.8402628219574867e-06
418.422,2.975512898205412e-06
418.476,3.1048098585198087e-06
418.529,3.2275568399012757e-06
418.582,3.342972986178039e-06
418.636,3.4501964028875523e-06
418.689,3.54838254713594e-06
418.743,3.6368552380280807e-06
418.796,3.715225509231913e-06
418.849,3.783283937715519e-06
418.903,3.840839512549588e-06
418.956,3.887797393248036e-06
419.009,3.924143058097801e-06
419.063,3.949858842797183e-06
419.116,3.965032789835708e-06
419.169,3.9697127188461114e-06
419.222,3.963726447563987e-06
419.276,3.946914286887233e-06
419.329,3.9153522278490364e-06
419.382,3.869155990697186e-06
419.435,3.808720693390153e-06
419.489,3.734638063906667e-06
419.542,3.6474422315190343e-06
419.595,3.5476542064752215e-06
419.648,3.4359087699284624e-06
419.701,3.3128234204850887e-06
419.755,3.211593213172905e-06
419.808,3.1328185647386003e-06
419.861,3.0436211051126187e-06
419.914,2.9442429451841068e-06
419.967,2.8350016178330016e-06
420.02,2.7163890320039543e-06
420.073,2.865970975150886e-06
420.127,3.2844588237694743e-06
420.18,3.7771146511684373e-06
420.233,4.344549904372552e-06
420.286,3.326199129544091e-06
420.339,7.22946236454175e-07
420.392,0.0
420.445,2.7166980063368204e-07
420.498,7.635523732199961e-07
420.551,1.1804840800992822e-06
420.604,1.327510786861139e-06
420.657,1.2050219145375042e-06
420.71,1.090423322198547e-06
420.763,9.84230390223284e-07
420.816,8.867801358213581e-07
420.869,7.984321774156293e-07
420.922,6.865597274837435e-07
420.975,5.517560219096063e-07
421.028,4.2714782301316146e-07
421.081,3.1323769548873877e-07
421.134,2.101421717367028e-07
421.187,1.1781044189359973e-07
421.239,3.626230511780602e-08
421.292,0.0
421.345,0.0
421.398,0.0
421.451,0.0
421.504,0.0
421.557,0.0
421.609,0.0
421.662,0.0
421.715,0.0
421.768,0.0
421.821,0.0
421.873,0.0
421.926,0.0
421.979,0.0
422.032,0.0
422.084,0.0
422.137,0.0
422.19,0.0
422.243,0.0
422.295,0.0
422.348,0.0
422.401,0.0
422.453,0.0
422.506,3.7884929258356395e-10
422.559,3.6348541735393786e-08
422.611,7.302549214250963e-08
422.664,1.10097745644407e-07
422.716,1.471201366646561e-07
422.769,1.8364402843066342e-07
422.822,2.1956127224360286e-07
422.874,2.5486194494105096e-07
422.927,2.8943361117265775e-07
422.979,3.2309762583603395e-07
423.032,3.5549952367283797e-07
423.084,3.863005906210175e-07
423.137,4.1541961965363044e-07
423.189,4.4289006963239856e-07
423.242,4.687023960283478e-07
423.294,4.928288739401397e-07
423.347,5.151753658968392e-07
423.399,5.357150657544111e-07
423.452,5.547308892924366e-07
423.504,5.724614191262656e-07
423.557,5.889936687527408e-07
423.609,6.043708705203131e-07
423.662,6.184202938279407e-07
423.714,6.310355466209417e-07
423.766,6.423291606427672e-07
423.819,6.523237093089073e-07
423.871,6.60851685888726e-07
423.923,6.677744512252146e-07
423.976,6.729581900528114e-07
424.028,6.762944000182951e-07
424.081,6.779294006823649e-07
424.133,6.779455077468948e-07
424.185,6.761995233465427e-07
424.238,6.725603958875932e-07
424.29,6.669436470782007e-07
424.342,6.593821555635917e-07
424.394,6.501024063689945e-07
424.447,6.393541112355534e-07
424.499,6.271776245055373e-07
424.551,6.135103936029003e-07
424.603,5.983711750342932e-07
424.656,5.818654802188656e-07
424.708,5.642642579612243e-07
424.76,5.457946306970513e-07
424.812,5.264407543208335e-07
424.864,5.060663364312192e-07
424.917,4.844902384926582e-07
424.969,4.6160684657553756e-07
425.021,4.374495556885872e-07
425.073,4.1203558977424917e-07
425.125,3.852111942981215e-07
425.177,3.568755268958354e-07
425.229,3.2700902878774777e-07
425.282,2.9564539693438317e-07
425.334,2.630929727387122e-07
425.386,2.2965683706562628e-07
425.438,1.954859455940584e-07
425.49,1.6079030071508266e-07
425.542,1.2580270555493718e-07
425.594,9.069688845469155e-08
425.646,5.5674671939034495e-08
425.698,2.09696197910724e-08
425.75,0.0
425.802,0.0
425.854,0.0
425.906,0.0
425.958,0.0
426.01,0.0
426.062,0.0
426.114,0.0
426.166,0.0
426.218,0.0
426.27,0.0
426.321,0.0
426.373,0.0
426.425,0.0
426.477,0.0
426.529,0.0
426.581,2.109136045344404e-09
426.633,1.1058302657452153e-07
426.684,2.221132293730917e-07
426.736,1.3816934708561638e-07
426.788,0.0
426.84,0.0
426.892,0.0
426.943,0.0
426.995,0.0
427.047,0.0
427.099,0.0
427.15,0.0
427.202,1.4716375366512866e-07
427.254,2.3809177803721095e-07
427.306,1.353180103294009e-07
427.357,3.118930936746063e-08
427.409,0.0
427.461,0.0
427.512,0.0
427.564,0.0
427.616,0.0
427.667,0.0
427.719,0.0
427.77,0.0
427.822,0.0
427.874,0.0
427.925,0.0
427.977,0.0
428.028,0.0
428.08,0.0
428.131,0.0
428.183,0.0
428.234,0.0
428.286,0.0
428.337,0.0
428.389,0.0
428.44,0.0
428.492,0.0
428.543,0.0
428.595,0.0
428.646,0.0
428.697,0.0
428.749,0.0
428.8,0.0
428.852,0.0
428.903,0.0
428.954,0.0
429.006,0.0
429.057,0.0
429.108,0.0
429.16,0.0
429.211,0.0
429.262,0.0
429.314,0.0
429.365,0.0
429.416,0.0
429.467,0.0
429.519,0.0
429.57,0.0
429.621,0.0
429.672,0.0
429.724,0.0
429.775,0.0
429.826,0.0
429.877,0.0
429.928,0.0
429.98,0.0
430.031,0.0
430.082,0.0
430.133,0.0
430.184,0.0
430.235,1.739956150468807e-06
430.286,0.0
430.337,0.0
430.388,0.0
430.439,0.0
430.49,0.0
430.542,0.0
430.593,0.0
430.644,0.0
430.695,0.0
430.746,0.0
430.797,0.0
430.848,0.0
430.898,0.0
430.949,0.0
431.0,0.0
431.051,0.0
431.102,0.0
431.153,0.0
431.204,0.0
431.255,4.9310160422015466e-08
431.306,1.1567762557043809e-07
431.357,1.7664906735205708e-07
431.408,2.3166522400660159e-07
431.458,2.8021973630542166e-07
431.509,3.2195766489298195e-07
431.56,3.5676388837950014e-07
431.611,3.846266682202411e-07
431.662,4.054483976501878e-07
431.713,4.190397550984069e-07
431.763,4.253967809236378e-07
431.814,4.246906360788889e-07
431.865,4.171125143789489e-07
431.916,4.02842284990918e-07
431.966,3.8193898767036826e-07
432.017,3.5450949640174237e-07
432.068,3.2097757077319796e-07
432.118,2.8202067751190394e-07
432.169,2.3834606510460985e-07
432.22,1.9074283190591587e-07
432.271,1.4008420621633238e-07
432.321,8.737107227989163e-08
432.372,3.389426765272527e-08
432.423,0.0
432.473,0.0
432.524,0.0
432.574,0.0
432.625,0.0
432.676,0.0
432.726,0.0
432.777,0.0
432.827,0.0
432.878,0.0
432.928,0.0
432.979,0.0
433.029,0.0
433.08,0.0
433.13,0.0
433.181,0.0
433.231,8.304542239003449e-08
433.282,1.8538114641747362e-07
433.332,2.999673680465459e-07
433.383,4.263494329722771e-07
433.433,5.638903871800619e-07
433.484,7.119017563540043e-07
433.534,8.696899832158667e-07
433.585,1.0366700231315217e-06
433.635,1.2122216271172402e-06
433.685,1.3954723097799423e-06
433.736,1.5854016085849387e-06
433.786,1.7810028664669053e-06
433.836,1.9811942798380987e-06
433.887,2.1848297312916e-06
433.937,2.3907467902122664e-06
433.987,2.597648510136282e-06
434.038,2.8043049474067302e-06
434.088,3.009536432437033e-06
434.138,3.212075443775901e-06
434.189,3.410748630482591e-06
434.239,3.6044268365686065e-06
434.289,3.791972187572649e-06
434.339,3.972299016381673e-06
434.389,4.144281900658538e-06
434.44,4.306758932477698e-06
434.49,4.722219946279917e-06
434.54,5.190120632199015e-06
434.59,3.514262877774176e-06
434.64,1.358234389637038e-06
434.691,1.1892844104725481e-05
434.741,2.6516779541330475e-06
434.791,3.849362438470771e-06
434.841,5.499309622093305e-06
434.891,5.405947388295224e-06
434.941,5.233473152768756e-06
434.991,5.245276483959859e-06
435.042,5.241684818112876e-06
435.092,5.222825410479592e-06
435.142,5.188864437308834e-06
435.192,5.139963500288297e-06
435.242,5.076378767385536e-06
435.292,4.998568499746576e-06
435.342,4.907097580635898e-06
435.392,4.80258100602311e-06
435.442,4.685750254782741e-06
435.492,4.557449875007297e-06
435.542,4.418547805458283e-06
435.592,4.269888953941726e-06
435.642,4.11224357152804e-06
435.692,3.946400854185096e-06
435.742,3.773244213851065e-06
435.792,3.593665621681349e-06
435.842,3.4085638069017924e-06
435.891,3.2188268674257566e-06
435.941,3.0253419290522844e-06
435.991,2.8291273438764584e-06
436.041,2.6313278435318126e-06
436.091,2.432974507931887e-06
436.141,2.2350461382415125e-06
436.191,2.038576719807686e-06
436.241,1.8444219873285587e-06
436.29,1.6533691904985993e-06
436.34,1.466227844888265e-06
436.39,1.283595565500754e-06
436.44,1.1060390366770872e-06
436.49,9.341731938699652e-07
436.539,7.684531771291012e-07
436.589,6.092368736204148e-07
436.639,4.568096362998568e-07
436.689,3.1133704009872713e-07
436.738,1.7287372579786083e-07
436.788,4.13316802421211e-08
436.838,0.0
436.887,0.0
436.937,0.0
436.987,0.0
437.036,0.0
437.086,0.0
437.136,0.0
437.185,0.0
437.235,0.0
437.285,0.0
437.334,0.0
437.384,0.0
437.433,0.0
437.483,0.0
437.532,0.0
437.582,0.0
437.631,0.0
437.681,0.0
437.73,0.0
437.78,0.0
437.829,0.0
437.879,0.0
437.928,0.0
437.978,0.0
438.027,0.0
438.077,0.0
438.126,0.0
438.176,0.0
438.225,0.0
438.274,0.0
438.324,0.0
438.373,0.0
438.422,0.0
438.472,0.0
438.521,0.0
438.57,0.0
438.62,0.0
438.669,0.0
438.718,0.0
438.768,0.0
438.817,0.0
438.866,0.0
438.915,0.0
438.965,0.0
439.014,0.0
439.063,0.0
439.112,0.0
439.162,0.0
439.211,0.0
439.26,0.0
439.309,0.0
439.358,0.0
439.407,0.0
439.456,0.0
439.506,0.0
439.555,0.0
439.604,0.0
439.653,0.0
439.702,0.0
439.751,0.0
439.8,0.0
439.849,0.0
439.898,0.0
439.947,0.0
439.996,0.0
440.045,0.0
440.094,0.0
440.143,0.0
440.192,0.0
440.241,0.0
440.29,0.0
440.339,0.0
440.388,0.0
440.437,0.0
440.486,0.0
440.535,0.0
440.583,0.0
440.632,0.0
440.681,0.0
440.73,0.0
440.779,5.672652890034015e-08
440.828,1.5739559442667125e-07
440.876,2.533113947783839e-07
440.925,3.438109340849607e-07
440.974,4.283423233189014e-07
441.023,5.063488542616629e-07
441.072,5.771916392061954e-07
441.12,6.402984727918885e-07
441.169,6.951054733299919e-07
441.218,7.410704131885695e-07
441.267,7.776360121386792e-07
441.315,8.042106923248262e-07
441.364,8.201831656176777e-07
441.413,8.250065723397322e-07
441.461,8.182696682892368e-07
441.51,7.996698985106633e-07
441.559,7.691399278324698e-07
441.607,7.268019835077665e-07
441.656,6.73005587471186e-07
441.705,6.08286657851718e-07
441.753,5.331805864454476e-07
441.802,4.482602950835883e-07
441.85,3.5418207943641883e-07
441.899,2.516599353089608e-07
441.948,1.4145218979801058e-07
441.996,2.4358275810053084e-08
442.045,0.0
442.093,0.0
442.142,0.0
442.19,0.0
442.239,0.0
442.287,0.0
442.336,0.0
442.384,0.0
442.433,0.0
442.481,0.0
442.529,0.0
442.578,0.0
442.626,0.0
442.675,0.0
442.723,0.0
442.771,0.0
442.82,0.0
442.868,0.0
442.917,0.0
442.965,0.0
443.013,0.0
443.062,0.0
443.11,0.0
443.158,0.0
443.206,0.0
443.255,0.0
443.303,0.0
443.351,0.0
443.399,0.0
443.448,0.0
443.496,0.0
443.544,0.0
443.592,0.0
443.64,0.0
443.689,0.0
443.737,0.0
443.785,0.0
443.833,0.0
443.881,0.0
443.929,0.0
443.977,0.0
444.025,0.0
444.074,0.0
444.122,0.0
444.17,0.0
444.218,2.7764700178685238e-08
444.266,1.656270380903348e-07
444.314,2.9639651120510323e-07
444.362,4.1882211955283146e-07
444.41,5.31615125065783e-07
444.458,6.334800267799653e-07
444.506,7.237978574326875e-07
444.554,8.021027390476041e-07
444.602,8.679682838496045e-07
444.65,9.210676621737155e-07
444.698,9.611423936157965e-07
444.746,9.876463732840934e-07
444.793,1.0007622597548942e-06
444.841,1.0004431816378743e-06
444.889,9.867323867320291e-07
444.937,9.599791467116083e-07
444.985,9.208364934542411e-07
445.033,8.698499792557223e-07
445.081,8.078984811527621e-07
445.129,7.359244771332479e-07
445.176,6.548961651111453e-07
445.224,5.658329682931898e-07
445.272,4.6976395826369936e-07
445.32,3.677695954805161e-07
445.368,2.6112246112608946e-07
445.415,1.5108328997711851e-07
445.463,3.901335242619886e-08
445.511,0.0
445.559,0.0
445.606,0.0
445.654,0.0
445.702,0.0
445.749,0.0
445.797,0.0
445.845,0.0
445.892,0.0
445.94,0.0
445.988,0.0
446.035,0.0
446.083,0.0
446.13,0.0
446.178,0.0
446.226,0.0
446.273,1.4769916699619148e-07
446.321,4.830036829363997e-07
446.368,8.889861956568291e-07
446.416,1.3737408546343892e-06
446.463,1.9448658699603943e-06
446.511,2.6087039872566597e-06
446.558,3.3726764846556206e-06
446.606,4.242588739505523e-06
446.653,5.218970828286532e-06
446.701,6.299137270850592e-06
446.748,7.4763566217461574e-06
446.796,8.74587650185401e-06
446.843,1.0101309471362084e-05
446.891,1.1533870757336562e-05
446.938,1.3036586650540844e-05
446.985,1.460681600024548e-05
447.033,1.623751987741931e-05
447.08,1.7927638307973497e-05
447.128,1.9676554203423732e-05
447.175,2.148568079797515e-05
447.222,2.3358078984780273e-05
447.27,2.5299237798782916e-05
447.317,2.730986831038881e-05
447.364,2.9387924501876677e-05
447.411,3.1548283269394076e-05
447.459,3.380967937229323e-05
447.506,3.619344203813147e-05
447.553,3.871620372320321e-05
447.601,4.139078354701212e-05
447.648,4.422993114620944e-05
447.695,4.72298329865247e-05
447.742,5.0354645742698326e-05
447.789,5.353491776953899e-05
447.837,5.668623293320385e-05
447.884,5.96818624609595e-05
447.931,6.238517343298262e-05
447.978,6.465814460366183e-05
448.025,6.635164147711798e-05
448.072,6.73403863630329e-05
448.12,6.75749125115751e-05
448.167,6.703995827595783e-05
448.214,6.573618962913565e-05
448.261,6.375918178690398e-05
448.308,6.122967020586268e-05
448.355,5.828175163930925e-05
448.402,5.507751538171449e-05
448.449,5.179483194906198e-05
448.496,4.853829093871299e-05
448.543,4.5403857323669636e-05
448.59,4.248196292923087e-05
448.637,3.978597846772877e-05
448.684,3.731988803734747e-05
448.731,3.507929509202835e-05
448.778,3.3039010428227184e-05
448.825,3.1134370395546066e-05
448.872,2.9343818334235546e-05
448.919,2.7643425809462654e-05
448.966,2.601170224344536e-05
449.013,2.4449037372386103e-05
449.06,2.2949302972315103e-05
449.107,2.1504993125276223e-05
449.154,2.0106900417975322e-05
449.2,1.876651281204704e-05
449.247,1.7480182251494433e-05
449.294,1.6243438253408736e-05
449.341,1.5047134619330765e-05
449.388,1.3886092368246234e-05
449.435,1.2755883801017724e-05
449.481,1.1654404226253287e-05
449.528,1.0588584550960544e-05
449.575,9.5662369358021e-06
449.622,8.593969081580213e-06
449.668,7.67823396958045e-06
449.715,6.824835952811729e-06
449.762,6.035014066878052e-06
449.809,5.311316284414154e-06
449.855,4.654690647630989e-06
449.902,4.064479490377361e-06
449.949,3.534788773664839e-06
449.995,3.0612010090617154e-06
450.042,2.6385308762423937e-06
450.089,2.2637696743376004e-06
450.135,1.9333362674661037e-06
450.182,1.6442119783230375e-06
450.229,1.3932313494042513e-06
450.275,1.1744869304786615e-06
450.322,9.826215495385311e-07
450.368,8.129370674837108e-07
450.415,6.615144718514478e-07
450.462,5.247561635606977e-07
450.508,4.003644774568903e-07
450.555,2.8638321550502467e-07
450.601,1.812002745212738e-07
450.648,8.356171980056161e-08
450.694,0.0
450.741,0.0
450.787,0.0
450.834,0.0
450.88,0.0
450.927,0.0
450.973,0.0
451.019,0.0
451.066,0.0
451.112,0.0
451.159,0.0
451.205,0.0
451.251,0.0
451.298,2.0376881928218485e-07
451.344,6.980496032740216e-07
451.39,0.0
451.437,0.0
451.483,0.0
451.529,0.0
451.576,0.0
451.622,0.0
451.668,0.0
451.714,0.0
451.761,0.0
451.807,0.0
451.853,0.0
451.899,0.0
451.945,0.0
451.992,0.0
452.038,0.0
452.084,0.0
452.13,0.0
452.176,0.0
452.222,0.0
452.268,0.0
452.315,0.0
452.361,0.0
452.407,0.0
452.453,0.0
452.499,0.0
452.545,0.0
452.591,0.0
452.637,0.0
452.683,0.0
452.729,0.0
452.775,0.0
452.821,0.0
452.867,0.0
452.913,0.0
452.959,0.0
453.005,0.0
453.051,0.0
453.097,0.0
453.142,0.0
453.188,0.0
453.234,0.0
453.28,0.0
453.18,0.0
453.319,7.30380956343622e-07
453.458,8.868962833555251e-07
453.596,0.0
453.735,0.0
453.873,0.0
454.012,0.0
454.15,2.5749296022832043e-07
454.289,6.189424477830272e-07
454.427,6.501977323198369e-07
454.566,5.400935259297489e-07
454.704,4.470097077778042e-07
454.843,4.2987702565059223e-07
454.981,4.7001965668611076e-07
455.12,4.4966611135041833e-07
455.258,3.7343675508776513e-07
455.397,2.782342287864361e-07
455.535,2.1057467620379425e-07
455.674,1.986485491090193e-07
455.812,2.6459727274228306e-07
455.951,4.279199865897542e-07
456.089,6.946922098327489e-07
456.227,1.0951728008075245e-06
456.366,1.640597424085344e-06
456.504,2.3197508801935423e-06
456.642,3.1160450208601693e-06
456.781,4.015830524188242e-06
456.919,4.9947837606351565e-06
457.057,6.0361951804613185e-06
457.196,7.132297946671388e-06
457.334,8.273879372066074e-06
457.472,9.451196737705723e-06
457.61,1.0656176603583075e-05
457.749,1.1883409557440706e-05
457.887,1.3127132314620059e-05
458.025,1.4380980335997056e-05
458.163,1.56376490492189e-05
458.301,1.6890659810450264e-05
458.44,1.813045701356583e-05
458.578,1.9347970749564158e-05
458.716,2.0535779081932196e-05
458.854,2.1689000617349615e-05
458.992,2.2802897735934747e-05
459.13,2.3876880106857713e-05
459.269,2.4912152402505856e-05
459.407,2.5912119167270065e-05
459.545,2.688091392707067e-05
459.683,2.7824946623992707e-05
459.821,2.8748768841940084e-05
459.959,2.965535498094483e-05
460.097,3.05491847549902e-05
460.235,3.143450329006132e-05
460.373,3.231356364956416e-05
460.511,3.3180247069848187e-05
460.649,3.403721968838458e-05
460.787,3.487149064121926e-05
460.925,3.5695533435273224e-05
461.063,3.652763734579666e-05
461.201,3.739163931441131e-05
461.339,3.830870188077515e-05
461.477,3.928366693363653e-05
461.615,4.032429977538192e-05
461.753,4.142247590026122e-05
461.891,4.2687601852613455e-05
462.029,4.407535428231501e-05
462.166,4.548067837619928e-05
462.304,4.675679829222293e-05
462.442,4.746008978592371e-05
462.58,4.757280419873637e-05
462.718,4.723713713622469e-05
462.856,4.656844848881559e-05
462.993,4.6372174867512556e-05
463.131,4.6378686211414665e-05
463.269,4.4180901397335754e-05
463.407,3.914189051573165e-05
463.545,3.523184332558596e-05
463.682,3.714164358853968e-05
463.82,4.481221040391833e-05
463.958,5.278814920074154e-05
464.095,5.571115552335563e-05
464.233,5.4456950720465687e-05
464.371,5.290041621951738e-05
464.509,5.1696897630484944e-05
464.646,4.9970530858074477e-05
464.784,4.756339807401621e-05
464.921,4.429095252688405e-05
465.059,4.020056350675569e-05
465.197,3.583811942331091e-05
465.334,3.165370153023555e-05
465.472,2.781874757482306e-05
465.609,2.4416397274483006e-05
465.747,2.1338336597708786e-05
465.885,1.8489597440035614e-05
466.022,1.589098511346543e-05
466.16,1.3561993964189084e-05
466.297,1.1476783206016306e-05
466.435,9.589927153957752e-06
466.572,7.867073902471532e-06
466.71,6.276576965958033e-06
466.847,4.837945129159203e-06
466.985,3.570145156873638e-06
467.122,2.4740946940961253e-06
467.26,1.5363974328753054e-06
467.397,7.544699288916504e-07
467.534,1.2783231422800775e-07
467.672,0.0
467.809,0.0
467.947,0.0
468.084,0.0
468.221,0.0
468.359,0.0
468.496,0.0
468.633,1.446815191981559e-07
468.771,6.708544877151521e-07
468.908,1.2904700323265182e-06
469.045,2.0060687894037166e-06
469.183,2.8014330362430027e-06
469.32,3.6584593331533464e-06
469.457,4.562128420075095e-06
469.594,5.467769755062784e-06
469.732,6.3317651414167976e-06
469.869,7.136238675470111e-06
470.006,7.862569481184816e-06
470.143,8.469423718299752e-06
470.28,8.94279436134689e-06
470.417,9.272481161317243e-06
470.555,9.454402413307552e-06
470.692,9.501873011667072e-06
470.829,9.4311139439075e-06
470.966,9.24435011481637e-06
471.103,8.944663462781365e-06
471.24,8.551224604005072e-06
471.377,8.073106874964593e-06
471.514,7.521246499438459e-06
471.651,6.907173848238315e-06
471.789,6.2434068934766175e-06
471.926,5.542928847541579e-06
472.063,4.819281459202422e-06
472.2,4.086673925967609e-06
472.337,3.3588768893815765e-06
472.474,2.6488540626823835e-06
472.611,1.968895990472197e-06
472.748,1.327892045729644e-06
472.884,7.308650620902311e-07
473.021,1.7852376145859957e-07
473.158,0.0
473.295,0.0
473.432,0.0
473.569,0.0
473.706,0.0
473.843,0.0
473.98,0.0
474.117,0.0
474.253,0.0
474.39,0.0
474.527,0.0
474.664,0.0
474.801,0.0
474.937,0.0
475.074,0.0
475.211,0.0
475.348,0.0
475.484,0.0
475.621,0.0
475.758,0.0
475.894,0.0
476.031,0.0
476.168,0.0
476.304,2.712030643199121e-07
476.441,6.812332660154598e-07
476.578,1.1192610030053576e-06
476.714,1.58596926369834e-06
476.851,2.0820614095548117e-06
476.987,2.605833601316982e-06
477.124,3.1377787251786368e-06
477.261,3.6768365319764564e-06
477.397,4.221830437639372e-06
477.534,4.788735783294742e-06
477.67,5.375961372404698e-06
477.807,5.981664532979762e-06
477.943,6.602718912279112e-06
478.08,7.236400850005409e-06
478.216,7.989244467085585e-06
478.353,8.854108568837196e-06
478.489,9.823641937655528e-06
478.626,1.0858142207063326e-05
478.762,1.1759636174374497e-05
478.898,1.251825393675311e-05
479.035,1.3124696176854381e-05
479.171,1.3574275858313578e-05
479.308,1.3972722372664169e-05
479.444,1.4316210052026984e-05
479.58,1.4600812942370378e-05
479.717,1.4840721967311555e-05
479.853,1.5035512981959551e-05
479.989,1.518494494177519e-05
480.126,1.527424225783962e-05
480.262,1.5284796115609954e-05
480.398,1.5183018553838379e-05
480.535,1.4972379126701917e-05
480.671,1.4656700633867424e-05
480.807,1.4244209405732898e-05
480.943,1.374398313257669e-05
481.08,1.3165485418405841e-05
481.216,1.2547689479271926e-05
481.352,1.1934278897782769e-05
481.488,1.136544266948709e-05
481.624,1.0847710261825909e-05
481.76,1.0387488641379316e-05
481.897,9.987608987864624e-06
482.033,9.647120987548489e-06
482.169,9.364765299790046e-06
482.305,9.124169641952598e-06
482.441,8.904868422876096e-06
482.577,8.689617585739321e-06
482.713,8.481537814181658e-06
482.849,8.281353591532782e-06
482.985,8.087357700059809e-06
483.121,7.915826071187997e-06
483.258,7.783928753136255e-06
483.394,7.688862173174873e-06
483.53,7.627309979554784e-06
483.665,7.5957205997314255e-06
483.801,7.571541596794038e-06
483.937,7.55139649824483e-06
484.073,7.532495025592725e-06
484.209,7.403798980169016e-06
484.345,7.046463069906632e-06
484.481,6.4624666329192514e-06
484.617,5.654700860755815e-06
484.753,4.8143050630044275e-06
484.889,4.257943683983155e-06
485.025,3.985662269124364e-06
485.161,3.997840244580847e-06
485.296,4.184763392461849e-06
485.432,4.233143080721384e-06
485.568,4.144896885092304e-06
485.704,3.9230091670444975e-06
485.84,3.571065696901464e-06
485.975,3.2080836533859172e-06
486.111,2.8382129286491704e-06
486.247,2.46561163021955e-06
486.383,2.112652864151401e-06
486.518,1.8025924569011586e-06
486.654,1.5379656099042833e-06
486.79,1.320184356289667e-06
486.926,1.1495971752498006e-06
487.061,1.0067847899156113e-06
487.197,8.906069131409582e-07
487.333,7.995658877543837e-07
487.468,7.294565802757621e-07
487.604,6.755060079214344e-07
487.74,6.351047400154778e-07
487.875,6.057835929974616e-07
488.011,5.852753202383346e-07
488.146,5.737121126492023e-07
488.282,5.691615523034874e-07
488.417,5.698765305174331e-07
488.553,5.739256251392897e-07
488.688,5.796933660109048e-07
488.824,5.858722890516204e-07
488.96,5.913198465446833e-07
489.095,5.949913628941919e-07
489.23,5.959805898731156e-07
489.366,5.939417039555722e-07
489.501,5.88767587332807e-07
489.637,5.80571575856135e-07
489.772,5.695313565688792e-07
489.908,5.557982163303114e-07
490.043,5.392620761809972e-07
490.178,5.197014111804716e-07
490.314,6.110607084236736e-07
490.449,8.132983573798116e-07
490.585,1.75519116470002e-07
490.72,0.0
490.855,2.085233361447807e-06
490.991,6.007493944264109e-07
491.126,0.0
491.261,1.3279910069725472e-07
491.396,1.991686746943278e-07
491.532,1.491694266490908e-07
491.667,9.709762601420115e-08
491.802,4.3045711096263644e-08
491.937,0.0
492.073,0.0
492.208,0.0
492.343,0.0
492.478,0.0
492.613,0.0
492.749,0.0
492.884,0.0
493.019,0.0
493.154,0.0
493.289,0.0
493.424,0.0
493.559,0.0
493.694,0.0
493.829,0.0
493.964,0.0
494.099,0.0
494.234,0.0
494.369,0.0
494.504,0.0
494.639,0.0
494.774,0.0
494.909,0.0
495.044,0.0
495.179,2.492165947321926e-07
495.314,5.827241741391438e-07
495.449,9.84626018839991e-07
495.584,1.4610527881600212e-06
495.719,2.015817630785697e-06
495.854,2.660134836307098e-06
495.988,3.4061797159609816e-06
496.123,4.267501838830927e-06
496.258,5.259995802693626e-06
496.393,6.400223085374188e-06
496.528,7.706149604576822e-06
496.663,9.199039862230498e-06
496.797,1.0900816937826112e-05
496.932,1.2839356740673992e-05
497.067,1.503242771114307e-05
497.202,1.749954399341906e-05
497.336,2.0265423203777693e-05
497.471,2.3350119157683654e-05
497.606,2.6765243963973577e-05
497.74,3.051847142415215e-05
497.875,3.4643421569202703e-05
498.01,3.913421477236382e-05
498.144,4.4016650551024136e-05
498.279,4.930563905131871e-05
498.414,5.4987446043884385e-05
498.548,6.106618507340727e-05
498.683,6.757550928991333e-05
498.817,7.447262402758232e-05
498.952,8.166823548145662e-05
499.087,9.006119489244871e-05
499.221,9.959774264074693e-05
499.356,0.00010497717079122081
499.49,0.00011531937422994393
499.625,0.00012556641876800806
499.759,0.00013560410045162523
499.894,0.00014690614500202946
500.028,0.0001584023085921307
500.162,0.00016695303561757344
500.297,0.0001718871158084661
500.431,0.00017403462238145488
500.566,0.0001734787543677913
500.7,0.0001707120777517653
500.835,0.00016584228087256176
500.969,0.00015885465476400345
501.103,0.00015030486367781284
501.238,0.00014063719112631458
501.372,0.00013069106347502767
501.506,0.00012119970152940564
501.641,0.00011235392511549391
501.775,0.00010426658282476135
501.909,9.671436681651017e-05
502.043,8.960247334483218e-05
502.178,8.297332439983697e-05
502.312,7.683522956966093e-05
502.446,7.197207862655491e-05
502.58,6.829029552354824e-05
502.715,6.426036139651097e-05
502.849,5.984548216983591e-05
502.983,5.592103078031697e-05
503.117,5.2502570391737965e-05
503.251,4.956835591861902e-05
503.385,4.7084249324484376e-05
503.52,4.488326888213764e-05
503.654,4.29467895955658e-05
503.788,4.1256755107204174e-05
503.922,3.975184756212109e-05
504.056,3.8347998591270265e-05
504.19,3.6950709447771116e-05
504.324,3.5506013986927016e-05
504.458,3.399832697069601e-05
504.592,3.241926330374104e-05
504.726,3.07650448156586e-05
504.86,2.903494345304416e-05
504.994,2.726724668797989e-05
505.128,2.551263411760692e-05
505.262,2.3829551487032156e-05
505.396,2.2235133473205104e-05
505.53,2.0705290864959162e-05
505.664,1.9239212713588246e-05
505.798,1.783730097712445e-05
505.932,1.6499794668526498e-05
506.066,1.5122489089611425e-05
506.199,1.3715446014969012e-05
506.333,1.226742504591808e-05
506.467,1.0784086383393864e-05
506.601,9.583712710426977e-06
506.735,8.666192592439236e-06
506.869,8.031898134882743e-06
507.002,7.681222033385057e-06
507.136,7.281288071106365e-06
507.27,6.7146757352000285e-06
507.404,5.976239766828678e-06
507.537,5.063191186224768e-06
507.671,4.1067040029826115e-06
507.805,3.2999237413203754e-06
507.939,2.6381713085139263e-06
508.072,2.116668627151583e-06
508.206,1.7478975540540424e-06
508.34,1.4144612480948594e-06
508.473,1.1130810660452569e-06
508.607,8.414426335510681e-07
508.74,5.754541469293682e-07
508.874,3.1523638225761286e-07
509.008,6.096787639778846e-08
509.141,0.0
509.275,0.0
509.408,0.0
509.542,0.0
509.675,0.0
509.809,0.0
509.942,0.0
510.076,0.0
510.209,0.0
510.343,0.0
510.476,0.0
510.61,0.0
510.743,0.0
510.877,0.0
511.01,0.0
511.143,0.0
511.277,0.0
511.41,0.0
511.543,0.0
511.677,0.0
511.81,0.0
511.943,0.0
512.077,0.0
512.21,0.0
512.343,0.0
512.476,0.0
512.61,0.0
512.743,0.0
512.876,0.0
513.009,0.0
513.142,0.0
513.276,0.0
513.409,1.958943107272392e-08
513.542,2.898844737630358e-07
513.675,5.789082290771274e-07
513.808,8.864394664425942e-07
513.941,1.2264361740591404e-06
514.074,1.6148451178176863e-06
514.207,2.054867804634596e-06
514.34,2.545064384003498e-06
514.474,3.0945449209945294e-06
514.607,3.7282512688949274e-06
514.74,4.4648652586616015e-06
514.873,5.283210037997438e-06
515.006,6.115825502449365e-06
515.139,6.817787389756105e-06
515.272,7.3731632203509715e-06
515.404,7.919566060046404e-06
515.537,8.521280236094921e-06
515.67,9.450043363624941e-06
515.803,1.0737806028401586e-05
515.936,1.1962514611946218e-05
516.069,1.3764453579927236e-05
516.202,1.7281193363327018e-05
516.335,2.254167414490577e-05
516.468,3.049175445195207e-05
516.6,6.95454854772841e-05
516.733,0.00012172835305124412
516.866,0.00011602063813348748
516.999,8.684279920537676e-05
517.132,0.00014381728594754214
517.264,0.00025940552025385734
517.397,0.00023730352880607026
517.53,0.0001372592234168473
517.663,9.192249576289785e-05
517.795,8.230963099918617e-05
517.928,6.894723540133252e-05
518.061,7.579666977552865e-05
518.193,0.00014798090337467688
518.326,0.0003229629479882481
518.459,0.00033498735850844024
518.591,0.00020353294726541238
518.724,0.0001207318854869911
518.857,8.855211413691075e-05
518.989,6.908836048733272e-05
519.122,5.791824756869151e-05
519.254,4.976455782868625e-05
519.387,4.2220732194143436e-05
519.519,3.565025001608119e-05
519.652,3.056242935356981e-05
519.784,2.681075341341234e-05
519.917,2.4125670538848398e-05
520.049,2.2101000152784832e-05
520.182,2.0375582458302446e-05
520.314,1.876651148909443e-05
520.447,1.7256436071281842e-05
520.579,1.5840309887962795e-05
520.712,1.4521082344407933e-05
520.844,1.330687415206666e-05
520.976,1.211593625528679e-05
521.109,1.0958529108601877e-05
521.241,9.843665459246952e-06
521.373,8.777798490030043e-06
521.506,7.785704104888954e-06
521.638,6.875619217045285e-06
521.77,6.054138752700993e-06
521.903,5.319727230775395e-06
522.035,4.691560407962522e-06
522.167,4.1475679087821874e-06
522.3,3.687362488523279e-06
522.432,3.3004741880517084e-06
522.564,2.9708983313022787e-06
522.696,2.688208265912272e-06
522.828,2.442075813819101e-06
522.961,2.2297481942823374e-06
523.093,2.0379190822384503e-06
523.225,1.867603053092673e-06
523.357,1.7079591987442781e-06
523.489,1.5539273614764242e-06
523.621,1.402281317723413e-06
523.753,1.2502625938563137e-06
523.885,1.0948357581910589e-06
524.018,9.31406219063104e-07
524.15,7.599192936842742e-07
524.282,5.827690553261249e-07
524.414,4.0068602971815516e-07
524.546,2.1341313668257139e-07
524.678,2.1046873393187442e-08
524.81,0.0
524.942,0.0
525.074,0.0
525.206,0.0
525.338,0.0
525.469,0.0
525.601,0.0
525.733,0.0
525.865,0.0
525.997,0.0
526.129,0.0
526.261,0.0
526.393,0.0
526.524,0.0
526.656,0.0
526.788,0.0
526.92,0.0
527.052,0.0
527.183,0.0
527.315,0.0
527.447,0.0
527.578,0.0
527.71,0.0
527.842,0.0
527.973,0.0
528.105,0.0
528.237,0.0
528.368,0.0
528.5,0.0
528.632,0.0
528.763,0.0
528.895,0.0
529.026,0.0
529.158,0.0
529.289,0.0
529.421,0.0
529.552,0.0
529.684,0.0
529.815,0.0
529.947,0.0
530.078,0.0
530.21,0.0
530.341,0.0
530.472,0.0
530.604,0.0
530.735,0.0
530.867,0.0
530.998,0.0
531.129,0.0
531.26,0.0
531.392,0.0
531.523,0.0
531.654,0.0
531.786,0.0
531.917,9.81125258412339e-08
532.048,1.966576463236176e-07
532.179,2.8897764761477866e-07
532.311,3.74639927746494e-07
532.442,4.5319569399056644e-07
532.573,5.242707924384266e-07
532.704,5.87580841690456e-07
532.835,6.42844340773353e-07
532.966,6.898030769827058e-07
533.097,7.282720149406595e-07
533.229,7.580878397943258e-07
533.36,7.790929100784612e-07
533.491,7.911620246291757e-07
533.622,7.941580224364048e-07
533.753,7.878956898402511e-07
533.884,7.722916646608159e-07
534.015,7.47341137787656e-07
534.146,7.130058251068541e-07
534.277,6.692957199930736e-07
534.408,6.16282810890879e-07
534.539,5.541255414453866e-07
534.67,4.830892224921545e-07
534.801,4.0356588007697734e-07
534.932,3.160080343191395e-07
535.063,2.2090772234649606e-07
535.194,1.1883106249656445e-07
535.324,1.0395148479567207e-08
535.455,0.0
535.586,0.0
535.717,0.0
535.848,0.0
535.979,0.0
536.109,0.0
536.24,0.0
536.371,0.0
536.502,0.0
536.632,0.0
536.763,0.0
536.894,0.0
537.025,0.0
537.155,0.0
537.286,0.0
537.417,0.0
537.547,0.0
537.678,0.0
537.808,0.0
537.939,0.0
538.07,0.0
538.2,0.0
538.331,0.0
538.461,0.0
538.592,0.0
538.722,0.0
538.853,0.0
538.983,0.0
539.114,0.0
539.244,0.0
539.375,0.0
539.505,0.0
539.636,0.0
539.766,0.0
539.896,0.0
540.027,0.0
540.157,0.0
540.287,0.0
540.418,0.0
540.548,0.0
540.678,0.0
540.809,0.0
540.939,0.0
541.069,0.0
541.2,0.0
541.33,0.0
541.46,0.0
541.59,0.0
541.72,0.0
541.851,0.0
541.981,0.0
542.111,0.0
542.241,0.0
542.371,0.0
542.501,0.0
542.631,0.0
542.761,0.0
542.891,0.0
543.021,0.0
543.151,0.0
543.281,0.0
543.411,0.0
543.542,0.0
543.671,1.4278194144196814e-08
543.801,1.0553419302668484e-07
543.931,1.9009577152573225e-07
544.061,2.675436062758848e-07
544.191,3.3749027242816485e-07
544.321,3.9959746448376176e-07
544.451,4.5359400318217624e-07
544.581,4.992842356138639e-07
544.711,5.365928362280722e-07
544.841,5.65538016827011e-07
544.97,5.862834748652865e-07
545.1,5.991450933079648e-07
545.23,6.045738513657343e-07
545.36,6.031301964822728e-07
545.49,5.954663723846049e-07
545.619,5.819029080540922e-07
545.749,5.627624315684878e-07
545.879,5.384284522028021e-07
546.009,5.090781028823997e-07
546.138,4.748347960557827e-07
546.268,4.3578480094455534e-07
546.398,3.922868475716658e-07
546.527,3.447487298145974e-07
546.657,2.937357441718715e-07
546.786,2.3997087296817384e-07
546.916,1.847365319279534e-07
547.046,1.296334282107937e-07
547.175,7.638542493194903e-08
547.305,2.6774862491019612e-08
547.434,0.0
547.564,0.0
547.693,0.0
547.823,0.0
547.953,0.0
548.082,0.0
548.211,0.0
548.341,0.0
548.47,5.035166500429274e-08
548.6,1.4523801877279674e-07
548.729,2.6349342459223074e-07
548.859,4.051971785373508e-07
548.988,5.705099911643038e-07
549.117,7.56135570878338e-07
549.247,9.571711734376637e-07
549.376,1.167825209564118e-06
549.505,1.381988703764246e-06
549.635,1.5936988093110243e-06
549.764,1.799665519218453e-06
549.893,1.997909310242177e-06
550.023,2.190141528665625e-06
550.152,2.3661626942789787e-06
550.281,2.518351300875236e-06
550.41,2.6395159091158316e-06
550.539,2.7363985526044203e-06
550.669,2.815547412697962e-06
550.798,2.8798069508698215e-06
550.927,2.9312785728316114e-06
551.056,2.968354829494459e-06
551.185,3.007287429793048e-06
551.314,3.0712511894498744e-06
551.443,3.1950676916921664e-06
551.573,3.407047949220445e-06
551.702,3.733885519336167e-06
551.831,4.219892207531597e-06
551.96,4.901335897382378e-06
552.089,5.7684056499538e-06
552.218,6.914222133209019e-06
552.347,8.414870950867958e-06
552.476,1.0287136873861823e-05
552.605,1.244302921896479e-05
552.734,1.4546904266906066e-05
552.863,1.6104186413040772e-05
552.992,1.6719260871775493e-05
553.121,1.6388829358562336e-05
553.249,1.5276640210075797e-05
553.378,1.3838124321468066e-05
553.507,1.2484882744795007e-05
553.636,1.128936725365888e-05
553.765,1.0321800945749196e-05
553.894,9.504905574997958e-06
554.023,8.761069360526155e-06
554.151,8.099355813991838e-06
554.28,7.507511223509587e-06
554.409,6.957216095069968e-06
554.538,6.4223495810908406e-06
554.666,5.890415299246125e-06
554.795,5.349418730950401e-06
554.924,4.813947855354565e-06
555.052,4.297480072215654e-06
555.181,3.8063891087934776e-06
555.31,3.3425621340898423e-06
555.439,2.9068841176325354e-06
555.567,2.4987362265484574e-06
555.696,2.115077037152926e-06
555.824,1.7531568599634056e-06
555.953,1.407754173349146e-06
556.082,1.0748934822460495e-06
556.21,7.5394547136347e-07
556.339,4.437234255817358e-07
556.467,1.4507980093905978e-07
556.596,0.0
556.724,0.0
556.853,0.0
556.981,0.0
557.11,0.0
557.238,0.0
557.367,0.0
557.495,0.0
557.623,0.0
557.752,0.0
557.88,0.0
558.008,0.0
558.137,0.0
558.265,0.0
558.393,0.0
558.522,0.0
558.65,0.0
558.778,0.0
558.906,0.0
559.035,0.0
559.163,0.0
559.291,0.0
559.419,0.0
559.548,0.0
559.676,0.0
559.804,0.0
559.932,0.0
560.06,0.0
560.188,0.0
560.316,0.0
560.444,0.0
560.572,0.0
560.7,0.0
560.828,0.0
560.956,6.727697709187933e-08
561.085,2.5943889977596686e-07
561.212,4.612576071193276e-07
561.34,6.741447259444688e-07
561.468,9.020974978059017e-07
561.596,1.1465907671605424e-06
561.724,1.4091925749756021e-06
561.852,1.692112488756625e-06
561.98,1.996087622066486e-06
562.108,2.3246815392412697e-06
562.236,2.679262538410725e-06
562.364,3.0611568830637875e-06
562.492,3.4896235438225943e-06
562.619,3.968601505177341e-06
562.747,4.501528885503636e-06
562.875,5.091647910651038e-06
563.003,5.761187172339509e-06
563.13,6.5117999242173e-06
563.258,7.344178967725661e-06
563.386,8.26044429453296e-06
563.514,9.221285191728955e-06
563.641,1.0228637233007138e-05
563.769,1.1284521877394604e-05
563.897,1.2390598530001372e-05
564.024,1.3429098324884394e-05
564.152,1.4399597767659972e-05
564.28,1.530658033365441e-05
564.407,1.6154793482312277e-05
564.535,1.7184860516469404e-05
564.662,1.839651414413091e-05
564.79,1.979143857329877e-05
564.917,2.137046149961271e-05
565.045,2.3016675829089938e-05
565.173,2.47329795190748e-05
565.3,2.6521630139154248e-05
565.428,2.838057407153129e-05
565.555,3.0288588902409644e-05
565.682,3.223810914337674e-05
565.81,3.421746878720273e-05
565.937,3.620840917330705e-05
566.065,3.823000689809443e-05
566.192,4.027790017421203e-05
566.32,4.234150452215365e-05
566.447,4.440836890551973e-05
566.574,4.646380593655887e-05
566.702,4.8492553327941235e-05
566.829,5.048193047239615e-05
566.956,5.242813919228188e-05
567.083,5.4268220064007215e-05
567.211,5.591438237376238e-05
567.338,5.728146638140481e-05
567.465,5.8282693002933645e-05
567.593,5.884322383197456e-05
567.72,5.889787140085609e-05
567.847,5.830915517746243e-05
567.974,5.691368065767797e-05
568.101,5.473227385275456e-05
568.228,5.1852385735953796e-05
568.356,4.8553398351695184e-05
568.483,4.520662080242224e-05
568.61,4.193593640203178e-05
568.737,3.885740118446231e-05
568.864,3.5962326808691585e-05
568.991,3.319152157219883e-05
569.118,3.061132415902698e-05
569.245,2.82438915221551e-05
569.372,2.6087262030077733e-05
569.499,2.41244615532717e-05
569.626,2.233153608053612e-05
569.753,2.068554553831176e-05
569.88,1.918047228141158e-05
570.007,1.781273679826194e-05
570.134,1.6559840048007493e-05
570.261,1.5390248581412873e-05
570.388,1.4298484846229492e-05
570.515,1.3274041271544764e-05
570.642,1.2305205165912991e-05
570.768,1.1380370695243772e-05
570.895,1.048873173705546e-05
571.022,9.6187837647066e-06
571.149,8.763923949619666e-06
571.276,7.93902129731288e-06
571.402,7.14484743980038e-06
571.529,6.3874650767984355e-06
571.656,5.672338178312816e-06
571.783,5.0033107509380545e-06
571.909,4.383277799926905e-06
572.036,3.815842648979729e-06
572.163,3.3013734922255202e-06
572.289,2.8356401317771366e-06
572.416,2.41350729088282e-06
572.543,2.031957525965233e-06
572.669,1.6884902902618043e-06
572.796,1.381371181280713e-06
572.922,1.1089552805672517e-06
573.049,8.701400198613654e-07
573.176,6.63739561876463e-07
573.302,4.850184006739958e-07
573.429,3.3184841687293757e-07
573.555,1.9990094722764223e-07
573.682,8.550677386998253e-08
573.808,0.0
573.935,0.0
574.061,0.0
574.188,0.0
574.314,0.0
574.44,0.0
574.567,0.0
574.693,0.0
574.82,0.0
574.946,0.0
575.072,0.0
575.198,0.0
575.325,0.0
575.451,0.0
575.577,0.0
575.704,0.0
575.83,0.0
575.956,0.0
576.082,0.0
576.208,0.0
576.335,0.0
576.461,0.0
576.587,0.0
576.713,0.0
576.839,0.0
576.965,0.0
577.091,0.0
577.217,0.0
577.343,0.0
577.469,0.0
577.596,0.0
577.722,0.0
577.848,0.0
577.974,0.0
578.099,0.0
578.225,0.0
578.351,0.0
578.477,0.0
578.603,0.0
578.729,0.0
578.855,0.0
578.981,0.0
579.107,0.0
579.232,0.0
579.358,0.0
579.484,0.0
579.61,0.0
579.735,0.0
579.861,0.0
579.987,0.0
580.113,0.0
580.238,0.0
580.364,0.0
580.49,0.0
580.615,0.0
580.741,0.0
580.867,0.0
580.992,0.0
581.118,0.0
581.243,0.0
581.369,0.0
581.494,0.0
581.62,0.0
581.745,0.0
581.871,0.0
581.996,0.0
582.122,0.0
582.247,0.0
582.373,0.0
582.498,0.0
582.624,0.0
582.749,0.0
582.874,0.0
583.0,0.0
583.125,0.0
583.25,0.0
583.376,0.0
583.501,0.0
583.626,0.0
583.751,0.0
583.877,0.0
584.002,0.0
584.127,1.3594237109858914e-06
584.252,0.0
584.377,0.0
584.503,2.4943020819119996e-08
584.628,0.0
584.753,0.0
584.878,0.0
585.003,0.0
585.128,0.0
585.253,7.471975396524125e-07
585.378,7.071578689095325e-07
585.503,0.0
585.628,0.0
585.753,0.0
585.878,0.0
586.003,0.0
586.128,0.0
586.253,0.0
586.378,0.0
586.503,0.0
586.628,0.0
586.753,0.0
586.878,2.0157693252040346e-07
587.003,4.095738027385364e-07
587.127,6.327382794992945e-07
587.252,8.306413839337848e-07
587.377,9.426855502680803e-07
587.502,8.515012677944679e-07
587.627,5.529643302934146e-07
587.751,2.089324517469095e-07
587.876,2.8434158740052315e-08
588.001,2.296885766994622e-07
588.125,7.585727560275341e-07
588.25,1.2177122882936935e-06
588.375,1.044702111911796e-06
588.499,1.0345353011531632e-07
588.624,5.73652704152983e-07
588.749,8.034677575590482e-06
588.873,2.8024738124992837e-05
588.998,6.121953722459634e-05
589.122,4.0234441310452985e-05
589.247,9.573382285354576e-06
589.372,5.851859243305075e-06
589.496,3.1223398143482216e-05
589.621,4.269796531185642e-05
589.745,2.0331658627924554e-05
589.87,8.553451732795702e-06
589.994,5.2533423443634555e-06
590.118,5.431432660243981e-06
590.243,5.769939273233751e-06
590.367,6.151424332385584e-06
590.492,6.6430998491401185e-06
590.616,7.050190508577933e-06
590.74,7.574911765985152e-06
590.865,8.177965562246233e-06
590.989,8.763570019570393e-06
591.114,9.332520180594155e-06
591.238,9.822523029204355e-06
591.362,1.0263568032864958e-05
591.486,1.0727659244394825e-05
591.611,1.1272158503800457e-05
591.735,1.1915972987248226e-05
591.859,1.2643174165224474e-05
591.983,1.341574799893486e-05
592.107,1.4200289097417629e-05
592.232,1.498240052549603e-05
592.356,1.5749852755727415e-05
592.48,1.6486619382704225e-05
592.604,1.7167971675918278e-05
592.728,1.777335527878026e-05
592.852,1.829615940769235e-05
592.976,1.8740212866338993e-05
593.1,1.9110447158074127e-05
593.224,1.9408558159113056e-05
593.349,1.9634113109521693e-05
593.473,1.978651461188326e-05
593.597,1.9865409650240484e-05
593.721,1.9873399559068917e-05
593.844,1.9811018535329667e-05
593.968,1.9677220672879836e-05
594.092,1.9471224291246326e-05
594.216,1.9193842196213214e-05
594.34,1.884850050103923e-05
594.464,1.8438971215074467e-05
594.588,1.7974212601391008e-05
594.712,1.7462873725350682e-05
594.836,1.6912430852031603e-05
594.959,1.6329619090290496e-05
595.083,1.5721262232288327e-05
595.207,1.5094489603074124e-05
595.331,1.4450295168860501e-05
595.455,1.3790104852754365e-05
595.578,1.3115143568168683e-05
595.702,1.2427609387292687e-05
595.826,1.1731104135600505e-05
595.949,1.1030385114641316e-05
596.073,1.0330403940448291e-05
596.197,9.635514677415106e-06
596.32,8.949676695564008e-06
596.444,8.277128956917231e-06
596.568,7.619853880385272e-06
596.691,6.98006221389462e-06
596.815,6.359970660974182e-06
596.938,5.761649845774489e-06
597.062,5.186799927164328e-06
597.186,4.636638314001875e-06
597.309,4.114740481557881e-06
597.433,3.62405107701787e-06
597.556,3.1667004167505185e-06
597.68,2.743620541602119e-06
597.803,2.354716793680693e-06
597.926,1.9990268009503075e-06
598.05,1.6750393472310701e-06
598.173,1.3808910700699001e-06
598.297,1.1144675132788141e-06
598.42,8.735195199067986e-07
598.543,6.557727276047368e-07
598.667,4.5913332611588353e-07
598.79,2.816983273133627e-07
598.913,1.2173890017692436e-07
599.037,0.0
599.16,0.0
599.283,0.0
599.406,0.0
599.53,0.0
599.653,0.0
599.776,0.0
599.899,0.0
600.022,0.0
600.145,0.0
600.269,0.0
600.392,0.0
600.515,0.0
600.638,0.0
600.761,0.0
600.884,0.0
601.007,0.0
601.13,0.0
601.253,0.0
601.376,0.0
601.499,0.0
601.622,0.0
601.745,0.0
601.868,0.0
601.991,0.0
602.113,0.0
602.236,0.0
602.359,0.0
602.482,0.0
602.605,0.0
602.728,0.0
602.85,0.0
602.973,0.0
603.096,0.0
603.219,0.0
603.341,0.0
603.464,0.0
603.587,0.0
603.709,0.0
603.832,0.0
603.955,0.0
604.077,0.0
604.2,0.0
604.323,0.0
604.445,0.0
604.568,0.0
604.69,0.0
604.813,0.0
604.935,0.0
605.058,0.0
605.18,0.0
605.303,0.0
605.425,0.0
605.547,0.0
605.67,0.0
605.792,0.0
605.915,0.0
606.037,0.0
606.159,0.0
606.282,0.0
606.404,0.0
606.526,0.0
606.648,0.0
606.771,0.0
606.893,0.0
607.015,0.0
607.137,0.0
607.26,0.0
607.382,0.0
607.504,0.0
607.626,0.0
607.748,0.0
607.87,0.0
607.992,0.0
608.114,0.0
608.237,0.0
608.359,0.0
608.481,0.0
608.603,0.0
608.725,0.0
608.847,0.0
608.969,0.0
609.09,0.0
609.212,0.0
609.334,0.0
609.456,0.0
609.578,0.0
609.7,0.0
609.822,0.0
609.944,0.0
610.065,0.0
610.187,0.0
610.309,0.0
610.431,0.0
610.552,0.0
610.674,0.0
610.796,0.0
610.918,0.0
611.039,0.0
611.161,0.0
611.282,0.0
611.404,0.0
611.526,0.0
611.647,0.0
611.769,0.0
611.89,0.0
612.012,0.0
612.133,0.0
612.255,0.0
612.377,0.0
612.498,0.0
612.619,0.0
612.741,0.0
612.862,0.0
612.984,0.0
613.105,0.0
613.226,0.0
613.348,0.0
613.469,0.0
613.59,0.0
613.712,0.0
613.833,0.0
613.954,0.0
614.076,0.0
614.197,0.0
614.318,0.0
614.439,0.0
614.56,0.0
614.682,2.3239593260920632e-08
614.803,5.819313838532811e-08
614.924,9.382707262871363e-08
615.045,1.3005038864149702e-07
615.166,1.6681386342533546e-07
615.287,2.040463373760778e-07
615.408,2.41701065064553e-07
615.529,2.7967016681225466e-07
615.65,3.1768607967571323e-07
615.771,3.5549962746733936e-07
615.892,3.929172184333419e-07
616.013,4.296874408220019e-07
616.134,4.655675731257901e-07
616.255,5.002744888968088e-07
616.376,5.334425389166649e-07
616.497,5.648241864957011e-07
616.618,5.943032334796473e-07
616.739,6.21774116249502e-07
616.86,6.471781002075645e-07
616.981,6.704276652155767e-07
617.102,6.913917572650386e-07
617.222,7.1003088739116e-07
617.343,7.263554434172113e-07
617.464,7.403531242478167e-07
617.585,7.520465116914407e-07
617.705,7.614673019303422e-07
617.826,7.686302337071219e-07
617.947,7.736209938150518e-07
618.068,7.765271473757672e-07
618.188,7.77374688544473e-07
618.309,7.762324743834331e-07
618.43,7.731781053146045e-07
618.55,7.682110662839604e-07
618.671,7.613331847688763e-07
618.791,7.525237313418455e-07
618.912,7.416854941298275e-07
619.033,7.287405475747105e-07
619.153,7.136106811658672e-07
619.274,6.961712548621252e-07
619.394,6.763766487588949e-07
619.515,6.543255874529066e-07
619.635,6.301477373696007e-07
619.756,6.039933888637461e-07
619.876,5.760601899538168e-07
619.996,5.465259751559499e-07
620.117,5.156061084665414e-07
620.237,4.835769885138777e-07
620.358,4.5062288340127135e-07
620.478,4.168562100876536e-07
620.598,3.823702637026383e-07
620.719,3.471983419813664e-07
620.839,3.1140677082797967e-07
620.959,2.7508631183309165e-07
621.079,2.383068853085587e-07
621.2,2.0116517962317715e-07
621.32,1.6377948231224057e-07
621.44,1.2621941897856955e-07
621.56,8.852636533694082e-08
621.681,5.0755375004742025e-08
621.801,1.2928011434631942e-08
621.921,0.0
622.041,0.0
622.161,0.0
622.281,0.0
622.401,0.0
622.521,0.0
622.641,0.0
622.761,0.0
622.882,0.0
623.002,0.0
623.121,0.0
623.241,0.0
623.361,0.0
623.481,0.0
623.601,0.0
623.721,0.0
623.841,0.0
623.961,0.0
624.081,0.0
624.201,0.0
624.32,0.0
624.44,0.0
624.56,0.0
624.68,0.0
624.799,0.0
624.919,0.0
625.039,0.0
625.159,0.0
625.278,0.0
625.398,0.0
625.518,0.0
625.637,0.0
625.757,0.0
625.876,0.0
625.996,0.0
626.115,0.0
626.235,0.0
626.354,0.0
626.474,0.0
626.594,0.0
626.713,0.0
626.832,0.0
626.952,0.0
627.071,0.0
627.191,0.0
627.31,0.0
627.429,0.0
627.549,0.0
627.668,0.0
627.787,0.0
627.907,0.0
628.026,0.0
628.145,0.0
628.264,0.0
628.384,0.0
628.503,0.0
628.622,0.0
628.741,0.0
628.86,0.0
628.98,0.0
629.099,0.0
629.218,0.0
629.337,0.0
629.456,0.0
629.575,0.0
629.694,0.0
629.813,0.0
629.932,0.0
630.051,0.0
630.17,0.0
630.289,0.0
630.408,0.0
630.527,0.0
630.646,0.0
630.764,0.0
630.883,0.0
631.002,0.0
631.121,0.0
631.24,0.0
631.359,0.0
631.477,0.0
631.596,0.0
631.715,0.0
631.834,0.0
631.952,0.0
632.071,0.0
632.19,0.0
632.308,0.0
632.427,0.0
632.546,0.0
632.664,0.0
632.783,0.0
632.901,0.0
633.02,0.0
633.138,0.0
633.257,0.0
633.375,0.0
633.494,0.0
633.612,0.0
633.731,0.0
633.849,0.0
633.968,0.0
634.086,0.0
634.204,0.0
634.323,0.0
634.441,0.0
634.559,0.0
634.678,0.0
634.796,0.0
634.914,0.0
635.032,0.0
635.151,0.0
635.269,0.0
635.387,0.0
635.505,0.0
635.623,0.0
635.742,0.0
635.86,0.0
635.978,0.0
636.096,0.0
636.214,0.0
636.332,0.0
636.45,0.0
636.568,0.0
636.686,0.0
636.804,0.0
636.922,0.0
637.04,0.0
637.158,0.0
637.276,0.0
637.394,0.0
637.512,0.0
637.629,0.0
637.747,0.0
637.865,0.0
637.983,0.0
638.101,0.0
638.218,0.0
638.336,0.0
638.454,0.0
638.572,0.0
638.689,0.0
638.807,0.0
638.925,0.0
639.042,0.0
639.16,0.0
639.278,0.0
639.395,0.0
639.513,0.0
639.63,0.0
639.748,0.0
639.865,0.0
639.983,0.0
640.1,0.0
640.218,0.0
640.335,0.0
640.453,0.0
640.57,0.0
640.688,0.0
640.805,0.0
640.922,0.0
641.04,0.0
641.157,0.0
641.274,0.0
641.391,0.0
641.509,0.0
641.626,0.0
641.743,0.0
641.86,0.0
641.978,0.0
642.095,0.0
642.212,0.0
642.329,0.0
642.446,0.0
642.563,0.0
642.681,0.0
642.798,0.0
642.915,0.0
643.032,0.0
643.149,0.0
643.266,0.0
643.383,0.0
643.5,0.0
643.617,0.0
643.734,0.0
643.85,0.0
643.967,0.0
644.084,0.0
644.201,0.0
644.318,0.0
644.435,0.0
644.552,0.0
644.668,0.0
644.785,0.0
644.902,0.0
645.019,0.0
645.135,0.0
645.252,0.0
645.369,0.0
645.485,0.0
645.602,0.0
645.719,0.0
645.835,0.0
645.952,0.0
646.068,0.0
646.185,0.0
646.302,0.0
646.418,0.0
646.535,0.0
646.651,0.0
646.768,0.0
646.884,0.0
647.0,0.0
647.117,0.0
647.233,0.0
647.35,0.0
647.466,0.0
647.582,0.0
647.699,0.0
647.815,0.0
647.931,0.0
648.047,0.0
648.164,0.0
648.28,0.0
648.396,0.0
648.512,0.0
648.629,0.0
648.745,0.0
648.861,0.0
648.977,0.0
649.093,0.0
649.209,0.0
649.325,0.0
649.441,0.0
649.557,0.0
649.673,0.0
649.789,0.0
649.905,0.0
650.021,0.0
650.137,0.0
650.253,1.0264579892143341e-07
650.369,2.6555479601285026e-07
650.485,4.4111747751666614e-07
650.601,6.312307450538535e-07
650.717,8.390476675877223e-07
650.833,1.066261289425472e-06
650.948,1.3151591710819248e-06
651.064,1.5887163479210768e-06
651.18,1.8897876473213684e-06
651.296,2.2211635832695138e-06
651.411,2.58557847772103e-06
651.527,2.985466126697315e-06
651.643,3.4227538217364657e-06
651.759,3.901284490897564e-06
651.874,4.425675109168399e-06
651.99,5.0002120046189455e-06
652.105,5.62936801534163e-06
652.221,6.318311357597378e-06
652.337,7.072762839408341e-06
652.452,7.89865654256499e-06
652.568,8.800130391350112e-06
652.683,9.785546731133355e-06
652.799,1.0863269249850782e-05
652.914,1.2044159423389919e-05
653.03,1.3342621105533489e-05
653.145,1.4777451057660899e-05
653.261,1.6372471764710134e-05
653.376,1.8159030341979705e-05
653.492,2.0176047124771267e-05
653.607,2.2454762940468914e-05
653.722,2.5027341829957395e-05
653.838,2.7927502128015547e-05
653.953,3.118066225395806e-05
654.068,3.479641031866524e-05
654.184,3.876359212074122e-05
654.299,4.305147854750203e-05
654.414,4.762904430632749e-05
654.53,5.248723552341804e-05
654.645,5.762088254397369e-05
654.76,6.302014803839044e-05
654.875,6.870360043797931e-05
654.99,7.471889685325693e-05
655.106,8.116892910815442e-05
655.221,8.818369241426615e-05
655.336,9.58387434197626e-05
655.451,0.00010414586203753653
655.566,0.00011304010794740622
655.681,0.00012247457064268092
655.796,0.00013248456830546656
655.911,0.0001429888403659564
656.026,0.0001542435941571462
656.141,0.00016628915610839354
656.256,0.00017601056347507976
656.371,0.00017921136613400175
656.486,0.00017738679179758068
656.601,0.00017783576201998888
656.716,0.00016414947157758245
656.831,0.00015668706266366828
656.946,0.00015005258464060044
657.06,0.00014275242265722563
657.175,0.00013592524567033215
657.29,0.00012958555027961204
657.405,0.00012348430163219035
657.52,0.00011768899238689513
657.634,0.00011222127588903862
657.749,0.00010702082847882483
657.864,0.00010204013385150073
657.979,9.723083237212956e-05
658.093,9.25769753747457e-05
658.208,8.819931514801127e-05
658.323,8.410499721415424e-05
658.437,8.030580457325833e-05
658.552,7.678630470003348e-05
658.666,7.333920660065065e-05
658.781,6.993969271997967e-05
658.895,6.656937601640317e-05
659.01,6.321028738859182e-05
659.125,5.995637768772356e-05
659.239,5.6783919238921e-05
659.353,5.366264605444735e-05
659.468,5.0571980565625625e-05
659.582,4.749948533129225e-05
659.697,4.444084785951276e-05
659.811,4.139958261149914e-05
659.926,3.8388534397551444e-05
660.04,3.541154343995402e-05
660.154,3.2502004805928125e-05
660.269,2.969961548095247e-05
660.383,2.704641881604614e-05
660.497,2.4581964237067e-05
660.612,2.2337481001691405e-05
660.726,2.032522453545889e-05
660.84,1.8540200767509045e-05
660.954,1.6969325838698433e-05
661.068,1.5589172188244826e-05
661.183,1.4374114339399826e-05
661.297,1.3297646151926225e-05
661.411,1.2334714426622802e-05
661.525,1.1463244138416997e-05
661.639,1.0665124941181669e-05
661.753,9.92641336936886e-06
661.867,9.236482182421386e-06
661.981,8.587485938610088e-06
662.095,7.974303296376309e-06
662.209,7.3929083578580305e-06
662.323,6.838430449196114e-06
662.437,6.307452734698813e-06
662.551,5.797922962239967e-06
662.665,5.308545124276253e-06
662.779,4.838608239308916e-06
662.893,4.387736325064634e-06
663.007,3.955409460881643e-06
663.121,3.541291801239228e-06
663.235,3.1451760320454385e-06
663.349,2.766991099272909e-06
663.462,2.4067924889015377e-06
663.576,2.0647105950491536e-06
663.69,1.7408661593378976e-06
663.804,1.4351626994200925e-06
663.917,1.1473190866104183e-06
664.031,8.589694864748117e-07
664.145,5.694181142733317e-07
664.258,2.958749080103916e-07
664.372,3.758641086379942e-08
664.486,0.0
664.599,1.1711904561651652e-08
664.713,8.970255333780713e-08
664.827,1.7637584191258456e-07
664.94,0.0
665.054,0.0
665.167,0.0
665.281,0.0
665.394,0.0
665.508,0.0
665.621,0.0
665.735,0.0
665.848,0.0
665.961,0.0
666.075,0.0
666.188,0.0
666.301,0.0
666.415,0.0
666.528,0.0
666.641,0.0
666.755,0.0
666.868,0.0
666.981,0.0
667.094,0.0
667.207,0.0
667.321,0.0
667.434,0.0
667.547,0.0
667.66,0.0
667.773,0.0
667.886,0.0
667.999,0.0
668.112,0.0
668.225,0.0
668.338,0.0
668.451,0.0
668.564,0.0
668.677,0.0
668.79,0.0
668.903,0.0
669.016,0.0
669.129,0.0
669.242,0.0
669.354,0.0
669.467,0.0
669.58,0.0
669.693,0.0
669.806,0.0
669.918,0.0
670.031,0.0
670.144,0.0
670.256,0.0
670.369,0.0
670.482,0.0
670.594,0.0
670.707,0.0
670.82,0.0
670.932,0.0
671.045,0.0
671.157,0.0
671.27,0.0
671.382,0.0
671.495,0.0
671.607,0.0
671.72,0.0
671.832,0.0
671.944,0.0
672.057,0.0
672.169,0.0
672.281,0.0
672.394,0.0
672.506,0.0
672.618,0.0
672.731,0.0
672.843,0.0
672.955,0.0
673.067,0.0
673.18,0.0
673.292,0.0
673.404,0.0
673.516,0.0
673.628,0.0
673.74,0.0
673.852,0.0
673.964,0.0
674.076,0.0
674.188,0.0
674.3,0.0
674.412,0.0
674.524,0.0
674.636,0.0
674.748,0.0
674.86,0.0
674.972,0.0
675.084,0.0
675.196,0.0
675.307,0.0
675.419,0.0
675.531,0.0
675.643,0.0
675.755,0.0
675.866,0.0
675.978,0.0
676.09,0.0
676.201,0.0
676.313,0.0
676.425,0.0
676.536,0.0
676.648,0.0
676.759,0.0
676.871,0.0
676.983,0.0
677.094,0.0
677.206,0.0
677.317,0.0
677.429,0.0
677.54,0.0
677.651,0.0
677.763,0.0
677.874,0.0
677.986,0.0
678.097,0.0
678.208,0.0
678.32,0.0
678.431,0.0
678.542,0.0
678.653,0.0
678.765,0.0
678.876,0.0
678.987,0.0
679.098,0.0
679.209,0.0
679.32,0.0
679.432,0.0
679.543,0.0
679.654,0.0
679.765,0.0
679.876,0.0
679.987,0.0
680.098,0.0
680.209,0.0
680.32,0.0
680.431,0.0
680.542,0.0
680.653,0.0
680.763,0.0
680.874,0.0
680.985,0.0
681.096,0.0
681.207,0.0
681.318,0.0
681.428,0.0
681.539,0.0
681.65,0.0
681.76,0.0
681.871,0.0
681.982,0.0
682.093,0.0
682.203,0.0
682.314,0.0
682.424,0.0
682.535,0.0
682.646,0.0
682.756,0.0
682.867,0.0
682.977,0.0
683.088,0.0
683.198,0.0
683.308,0.0
683.419,0.0
683.529,0.0
683.64,0.0
683.75,0.0
683.86,0.0
683.971,0.0
684.081,0.0
684.191,0.0
684.301,0.0
684.412,0.0
684.522,0.0
684.632,0.0
684.742,0.0
684.852,0.0
684.963,0.0
685.073,0.0
685.183,0.0
685.293,0.0
685.403,0.0
685.513,0.0
685.623,0.0
685.733,0.0
685.843,0.0
685.953,0.0
686.063,0.0
686.173,0.0
686.283,0.0
686.393,0.0
686.503,0.0
686.612,0.0
686.722,0.0
686.832,0.0
686.942,0.0
687.052,0.0
687.161,0.0
687.271,0.0
687.381,0.0
687.491,0.0
687.6,0.0
687.71,0.0
687.82,0.0
687.929,0.0
688.039,0.0
688.148,0.0
688.258,0.0
688.367,0.0
688.477,0.0
688.586,0.0
688.696,0.0
688.805,0.0
688.915,0.0
689.024,0.0
689.134,0.0
689.243,0.0
689.352,0.0
689.462,0.0
689.571,0.0
689.68,0.0
689.79,0.0
689.899,0.0
690.008,0.0
690.117,0.0
690.227,0.0
690.336,0.0
690.445,0.0
690.554,0.0
690.663,0.0
690.772,0.0
690.881,0.0
690.99,0.0
691.099,0.0
691.209,0.0
691.318,0.0
691.427,0.0
691.536,0.0
691.644,0.0
691.753,0.0
691.862,0.0
691.971,0.0
692.08,0.0
692.189,0.0
692.298,0.0
692.406,0.0
692.515,0.0
692.624,0.0
692.733,0.0
692.842,0.0
692.95,0.0
693.059,0.0
693.168,0.0
693.276,0.0
693.385,0.0
693.494,0.0
693.602,0.0
693.711,0.0
693.819,0.0
693.928,0.0
694.036,0.0
694.145,0.0
694.253,0.0
694.362,0.0
694.47,0.0
694.579,0.0
694.687,1.6632127161038384e-08
694.795,3.794700477200363e-08
694.693,0.0
694.893,0.0
695.093,1.3338823361795223e-07
695.293,5.04065414405163e-07
695.492,5.891676653472444e-07
695.692,0.0
695.891,0.0
696.091,0.0
696.291,0.0
696.49,0.0
696.69,0.0
696.889,0.0
697.089,0.0
697.288,0.0
697.488,4.0957630932984626e-08
697.687,2.5239622841025097e-07
697.887,3.9492827991683874e-07
698.086,4.5692165955795466e-07
698.286,4.287052604556198e-07
698.485,3.8252302018614085e-07
698.684,3.317302904413299e-07
698.884,2.906101100109076e-07
699.083,2.71515722492522e-07
699.282,2.9517366245712813e-07
699.482,3.6603113644134953e-07
699.681,4.824240216955911e-07
699.88,6.420893651203874e-07
700.08,8.2890844520617e-07
700.279,1.0354728602206122e-06
700.478,1.2325027322455358e-06
700.677,1.4026592318182723e-06
700.877,1.5348863395936149e-06
701.076,1.6226747929472892e-06
701.275,1.6681527204648832e-06
701.474,1.6731795005354594e-06
701.673,1.6353158134785282e-06
701.872,1.5546036525066058e-06
702.071,1.4444743590989512e-06
702.271,1.310903923157949e-06
702.47,1.1522672291802802e-06
702.669,9.706924874379004e-07
702.868,7.760692552665796e-07
703.067,5.735936406380463e-07
703.266,3.637225615764311e-07
703.465,1.429859507131877e-07
703.664,0.0
703.863,0.0
704.062,0.0
704.26,0.0
704.459,0.0
704.658,0.0
704.857,0.0
705.056,0.0
705.255,0.0
705.454,0.0
705.652,0.0
705.851,0.0
706.05,0.0
706.249,0.0
706.447,0.0
706.646,0.0
706.845,0.0
707.043,0.0
707.242,0.0
707.441,0.0
707.639,0.0
707.838,0.0
708.037,0.0
708.235,0.0
708.434,0.0
708.632,0.0
708.831,0.0
709.029,0.0
709.228,0.0
709.426,0.0
709.625,0.0
709.823,0.0
710.022,0.0
710.22,0.0
710.418,0.0
710.617,0.0
710.815,0.0
711.013,0.0
711.212,0.0
711.41,8.104643964549965e-07
711.608,0.0
711.807,0.0
712.005,3.648176537324202e-07
712.203,3.3489353037288915e-07
712.401,3.675404337562385e-07
712.599,4.6314673860953485e-07
712.798,5.592781013531525e-07
712.996,6.547411278677066e-07
713.194,7.335923791365835e-07
713.392,7.702501022321989e-07
713.59,7.417676216755184e-07
713.788,6.635092201341634e-07
713.986,5.542625832570769e-07
714.184,4.5431201587769713e-07
714.382,4.0075410101504874e-07
714.58,3.934783117355592e-07
714.778,5.201186202003042e-07
714.976,9.292335024396194e-07
715.174,1.7563359663285125e-06
715.372,2.9742603715143044e-06
715.57,4.380543801846147e-06
715.768,5.542274759372022e-06
715.966,6.06202517926405e-06
716.164,5.939144513344091e-06
716.362,5.261351021926559e-06
716.56,4.387144930905452e-06
716.758,3.6491177580184647e-06
716.955,3.06266261239492e-06
717.153,2.677275485364126e-06
717.351,2.423748591132266e-06
717.549,2.236594589057238e-06
717.746,2.1162925092839697e-06
717.944,2.0486225667733835e-06
718.142,2.009153223521197e-06
718.34,1.9756426071307394e-06
718.537,1.948636150513559e-06
718.735,1.9113362417075193e-06
718.933,1.865835552300669e-06
719.13,1.813723501835531e-06
719.328,1.755714533918956e-06
719.525,1.6942934390210833e-06
719.723,1.6331304520764945e-06
719.92,1.575608846194201e-06
720.118,1.519794718419363e-06
720.316,1.4631463401581067e-06
720.513,1.4005105898757037e-06
720.711,1.3272615070037178e-06
720.908,1.244106779044567e-06
721.105,1.151842549367142e-06
721.303,1.0513197259171206e-06
721.5,9.433879664881504e-07
721.698,8.289027314819511e-07
721.895,7.116028820463178e-07
722.092,5.954522529248065e-07
722.29,4.842056045675763e-07
722.487,3.784626075172135e-07
722.684,2.7866021494146597e-07
722.882,1.8507251963761758e-07
723.079,9.790041852692639e-08
723.276,1.7603223131477e-08
723.473,0.0
723.671,0.0
723.868,0.0
724.065,0.0
724.262,0.0
724.459,0.0
724.656,0.0
724.854,0.0
725.051,0.0
725.248,0.0
725.445,0.0
725.642,0.0
725.839,0.0
726.036,0.0
726.233,0.0
726.43,0.0
726.627,0.0
726.824,0.0
727.021,0.0
727.218,0.0
727.414,0.0
727.611,0.0
727.808,0.0
728.005,0.0
728.202,0.0
728.399,0.0
728.595,0.0
728.792,0.0
728.989,0.0
729.186,0.0
729.382,0.0
729.579,0.0
729.776,0.0
729.972,0.0
730.169,0.0
730.366,0.0
730.562,0.0
730.759,0.0
730.955,0.0
731.152,0.0
731.348,0.0
731.545,0.0
731.741,0.0
731.938,0.0
732.134,0.0
732.331,0.0
732.527,0.0
732.724,0.0
732.92,0.0
733.116,0.0
733.313,0.0
733.509,0.0
733.705,0.0
733.902,0.0
734.098,0.0
734.294,0.0
734.49,0.0
734.687,0.0
734.883,0.0
735.079,0.0
735.275,0.0
735.471,0.0
735.667,0.0
735.863,0.0
736.06,0.0
736.256,0.0
736.452,0.0
736.648,0.0
736.844,0.0
737.04,0.0
737.236,0.0
737.432,0.0
737.628,0.0
737.824,0.0
738.019,0.0
738.215,0.0
738.411,0.0
738.607,0.0
738.803,3.554409280007941e-07
738.999,8.499713035348435e-07
739.195,1.38108570863506e-06
739.39,1.9538711991801477e-06
739.586,2.555148300409317e-06
739.782,3.1476426205865137e-06
739.978,3.6875330766981677e-06
740.173,4.1448854533935726e-06
740.369,4.541168228174681e-06
740.565,4.853762538653051e-06
740.76,5.0573624600538356e-06
740.956,5.106845397443679e-06
741.152,5.051013456810216e-06
741.347,5.040816587375865e-06
741.543,5.413877932490391e-06
741.738,6.8345425444671096e-06
741.934,9.441590432441117e-06
742.129,1.3282577757995555e-05
742.325,1.9243589311117194e-05
742.52,2.7921645625620524e-05
742.716,2.2258295242023195e-05
742.911,1.9494100225414753e-05
743.107,1.78655141906173e-05
743.302,1.6527576019021394e-05
743.498,1.571786601521058e-05
743.693,1.6688655780645105e-05
743.888,2.174856687412072e-05
744.084,3.237121068404825e-05
744.279,5.0312858312663546e-05
744.474,5.170482300692969e-05
744.67,4.097075110432172e-05
744.865,3.290734082149235e-05
745.06,2.7821496744628663e-05
745.255,2.4854243197106563e-05
745.451,2.2841395735034433e-05
745.646,2.1348585860169896e-05
745.841,2.0652192512490688e-05
746.036,2.1060140007624318e-05
746.231,2.2795592858881695e-05
746.426,2.758633734140429e-05
746.622,4.0625945127823265e-05
746.817,6.784538752415212e-05
747.012,8.369990178465385e-05
747.207,7.151808055492107e-05
747.402,6.010395242395248e-05
747.597,5.167798866927886e-05
747.792,4.566698645526221e-05
747.987,4.0855122592089896e-05
748.182,3.698562210180953e-05
748.377,3.3706687082547255e-05
748.572,3.073532536318437e-05
748.767,2.8116594024989367e-05
748.961,2.587611585059801e-05
749.156,2.395669539196015e-05
749.351,2.2318943785241702e-05
749.546,2.086059607267955e-05
749.741,1.9508497966549804e-05
749.936,1.8265018531355892e-05
750.13,1.712447041213594e-05
750.325,1.6069054584334768e-05
750.52,1.5060860087810078e-05
750.715,1.4086891506116397e-05
750.909,1.3122041858219237e-05
751.104,1.2166459059730552e-05
751.299,1.1226828425295489e-05
751.493,1.0301036469626879e-05
751.688,9.383330932112574e-06
751.882,8.471999884525526e-06
752.077,7.571591318393662e-06
752.272,6.680725361566576e-06
752.466,5.806765565055765e-06
752.661,4.958860228144397e-06
752.855,4.144053233719427e-06
753.05,3.370914495897861e-06
753.244,2.64957495636967e-06
753.439,1.988302423119963e-06
753.633,1.3957893538189103e-06
753.828,8.726851061636679e-07
754.022,4.174183100147089e-07
754.216,2.6188933860921762e-08
754.411,0.0
754.605,0.0
754.799,0.0
754.994,0.0
755.188,0.0
755.382,0.0
755.576,0.0
755.771,0.0
755.965,0.0
756.159,0.0
756.353,0.0
756.547,0.0
756.742,0.0
756.936,0.0
757.13,0.0
757.324,0.0
757.518,0.0
757.712,0.0
757.906,0.0
758.1,0.0
758.294,0.0
758.488,0.0
758.682,0.0
758.876,0.0
759.07,0.0
759.264,0.0
759.458,0.0
759.651,0.0
759.845,0.0
760.039,0.0
760.233,0.0
760.427,0.0
760.62,0.0
760.814,0.0
761.008,0.0
761.202,0.0
761.395,1.530463014849789e-08
761.589,2.6261939336643934e-07
761.783,4.7383251044250965e-07
761.976,6.313707781505603e-07
762.17,7.398262650607464e-07
762.363,8.030256440671496e-07
762.557,8.181401498267461e-07
762.75,7.789402044498979e-07
762.944,6.862104802902643e-07
763.138,5.504218094647938e-07
763.331,3.955112680304232e-07
763.524,2.4783882003592974e-07
763.718,7.570667118679009e-08
763.911,0.0
764.105,0.0
764.298,0.0
764.492,0.0
764.685,0.0
764.878,0.0
765.072,0.0
765.265,0.0
765.458,0.0
765.651,0.0
765.845,0.0
766.038,0.0
766.231,9.10144745069333e-06
766.424,4.635722694891365e-05
766.617,4.983972763356277e-05
766.811,5.2383396212758455e-06
767.004,0.0
767.197,0.0
767.39,0.0
767.583,0.0
767.776,0.0
767.969,0.0
768.162,0.0
768.355,0.0
768.548,0.0
768.741,0.0
768.934,7.984346234614609e-08
769.127,1.6350762933501253e-07
769.32,3.5640537854322093e-07
769.513,3.0638246446031004e-06
769.706,1.2850188178943952e-05
769.898,5.0325992923476163e-05
770.091,2.302679029483254e-05
770.284,5.927319135411885e-06
770.477,2.534505759478545e-06
770.67,1.857546118205081e-06
770.862,2.8829858741333132e-06
771.055,4.030406822555621e-06
771.248,4.685264548890671e-06
771.441,5.144986229042562e-06
771.633,5.729461566694995e-06
771.826,6.456704367534912e-06
772.018,7.312926934915612e-06
772.211,8.177433096142411e-06
772.404,9.001393630799765e-06
772.596,9.790233575885383e-06
772.789,1.0561743138595688e-05
772.981,1.141536855172673e-05
773.174,1.2405215189809632e-05
773.366,1.3555810710244137e-05
773.559,1.4889506269538754e-05
773.751,1.6445170385042324e-05
773.944,1.8259585756379246e-05
774.136,2.0337903245208556e-05
774.329,2.277261446590772e-05
774.521,2.5562774456434272e-05
774.713,2.8726788181330267e-05
774.906,3.239273861309048e-05
775.098,3.6543160986256e-05
775.29,4.137498282101703e-05
775.483,4.722026694940154e-05
775.675,5.4453867659482147e-05
775.867,6.370884785702993e-05
776.059,7.53225259382422e-05
776.251,8.957726292254525e-05
776.444,0.00010910443996880762
776.636,0.00014036418180092975
776.828,0.00019024743937568335
777.02,0.0002902669133313208
777.212,0.0004578619185559061
777.404,0.0005202780600673573
777.596,0.0004818584465754823
777.788,0.0003481624949730905
777.98,0.00025466769814274287
778.172,0.00019836854788248155
778.364,0.00015865759035771094
778.556,0.0001343414759156668
778.748,0.00011293460884795515
778.94,9.555219231797705e-05
779.132,8.196425760228582e-05
779.324,7.083127626368009e-05
779.516,6.165026860419487e-05
779.708,5.4009338517427235e-05
779.9,4.742983885291207e-05
780.091,4.170286533944588e-05
780.283,3.669725417336949e-05
780.475,3.236160511466138e-05
780.667,2.865307034696336e-05
780.859,2.5514745813116685e-05
781.05,2.281615594927009e-05
781.242,2.043890722725301e-05
781.434,1.830885169999758e-05
781.625,1.6359720884409797e-05
781.817,1.4554541663992088e-05
782.008,1.2862841101762429e-05
782.2,1.1257277723908985e-05
782.392,9.716944827863157e-06
782.583,8.25459448481342e-06
782.775,6.891931551754821e-06
782.966,5.646251367404677e-06
783.158,4.5295369079789055e-06
783.349,3.544372398244221e-06
783.541,2.691102163167728e-06
783.732,1.969076850684152e-06
783.924,1.379382021485031e-06
784.115,9.108611640273264e-07
784.306,5.399826772078621e-07
784.498,2.394826838736795e-07
784.689,0.0
784.88,0.0
785.072,0.0
785.263,0.0
785.454,0.0
785.645,0.0
785.837,0.0
786.028,0.0
786.219,0.0
786.41,0.0
786.601,0.0
786.792,0.0
786.984,0.0
787.175,0.0
787.366,0.0
787.557,0.0
787.748,0.0
787.939,0.0
788.13,0.0
788.321,0.0
788.512,0.0
788.703,0.0
788.894,0.0
789.084,0.0
789.275,0.0
789.466,0.0
789.657,2.6581772402896343e-07
789.848,7.87594619802688e-07
790.039,1.334412092788115e-06
790.229,1.8902396003132173e-06
790.42,2.4410505106227484e-06
790.611,2.982554518117818e-06
790.801,3.5052974014119476e-06
790.992,4.00263317632228e-06
791.183,4.4682466995440865e-06
791.373,4.9036961697474745e-06
791.564,5.315990150967543e-06
791.755,5.719671836573227e-06
791.945,6.126611401457298e-06
792.136,6.54338411130679e-06
792.326,6.975742396296582e-06
792.517,7.433827772212382e-06
792.707,7.956927153080972e-06
792.898,8.563491622298385e-06
793.088,9.276100895571885e-06
793.279,1.00826730370162e-05
793.469,1.0991689556441108e-05
793.66,1.210561909675534e-05
793.85,1.3686980043985633e-05
794.04,1.6442554224883512e-05
794.231,2.103617564477218e-05
794.421,2.752883269799821e-05
794.611,3.657620466406326e-05
794.802,5.0826445974479315e-05
794.992,5.708701511368648e-05
795.182,5.746469470803264e-05
795.372,5.22396259886249e-05
795.563,4.403624752153267e-05
795.753,3.665698689970775e-05
795.943,3.079013388061869e-05
796.133,2.6055161280166834e-05
796.323,2.2541302779632685e-05
796.513,1.9880751691510543e-05
796.703,1.7791653238919645e-05
796.893,1.6077396644283626e-05
797.083,1.4589174096187694e-05
797.273,1.3306040934824475e-05
797.463,1.2182935867591237e-05
797.653,1.120034917995265e-05
797.843,1.0284943357652521e-05
798.033,9.40648917225484e-06
798.223,8.55226272239361e-06
798.413,7.711593231766129e-06
798.603,6.904846179782961e-06
798.793,6.117370663938864e-06
798.983,5.34957049662229e-06
799.172,4.592622727536047e-06
799.362,3.852610108929495e-06
799.552,3.1315703277965416e-06
799.742,2.4300547887964292e-06
799.932,1.7469684387949527e-06
800.121,1.0773314200250094e-06
800.311,4.258436361099809e-07
800.501,0.0
800.69,0.0
800.88,0.0
801.07,0.0
801.259,0.0
801.449,0.0
801.638,0.0
801.828,0.0
802.017,0.0
802.207,0.0
802.396,0.0
802.586,0.0
802.775,0.0
802.965,0.0
803.154,0.0
803.343,0.0
803.533,0.0
803.722,0.0
803.911,0.0
804.101,0.0
804.29,0.0
804.479,0.0
804.668,0.0
804.857,0.0
805.047,0.0
805.236,0.0
805.425,0.0
805.614,0.0
805.803,0.0
805.992,0.0
806.181,0.0
806.37,0.0
806.559,0.0
806.748,0.0
806.937,0.0
807.126,0.0
807.315,0.0
807.504,0.0
807.693,0.0
807.882,0.0
808.071,0.0
808.26,0.0
808.448,0.0
808.637,0.0
808.826,0.0
809.015,0.0
809.203,0.0
809.392,0.0
809.581,0.0
809.77,0.0
809.958,0.0
810.147,0.0
810.335,0.0
810.524,0.0
810.713,0.0
810.901,0.0
811.09,0.0
811.278,0.0
811.467,0.0
811.655,0.0
811.844,0.0
812.032,0.0
812.22,0.0
812.409,0.0
812.597,0.0
812.785,0.0
812.974,0.0
813.162,0.0
813.35,0.0
813.539,0.0
813.727,1.9463462309545956e-07
813.915,7.899813942838599e-07
814.103,1.3795531661806101e-06
814.291,1.9494053614759277e-06
814.479,2.5018066616751185e-06
814.668,3.036840041779823e-06
814.856,3.5578176929240476e-06
815.044,4.062747405779983e-06
815.232,4.5590779869720166e-06
815.42,5.063310259874264e-06
815.608,5.596811316027889e-06
815.796,6.1701358845031085e-06
815.984,6.772112032782274e-06
816.172,7.384442500592739e-06
816.36,7.963156902770114e-06
816.548,8.536366584311571e-06
816.736,9.133329989541576e-06
816.924,9.76498502796384e-06
817.111,1.0608091894471356e-05
817.299,1.1677675442108882e-05
817.487,1.3061034260419221e-05
817.675,1.534300686362194e-05
817.863,1.837887050016159e-05
818.05,2.264212013725468e-05
818.238,3.2160152245383696e-05
818.426,5.133743330976362e-05
818.613,6.775503881179604e-05
818.801,7.772380599620211e-05
818.989,7.645696279961021e-05
819.176,5.94812799005576e-05
819.364,4.8781371705686805e-05
819.552,4.453989922265511e-05
819.739,3.9704797127368024e-05
819.927,3.8531994463670694e-05
820.114,3.995203231306226e-05
820.302,4.004312416565027e-05
820.489,3.865631396435305e-05
820.677,3.9590638031768795e-05
820.864,4.5406824212981264e-05
821.052,5.5504737705388925e-05
821.239,6.785070020822445e-05
821.426,8.150401697743402e-05
821.614,0.00012039105678779329
821.801,0.00014343023996060597
821.988,0.00012170981363010429
822.176,0.00011395582144259136
822.363,0.00011907853626509472
822.55,0.00010979556023223677
822.737,9.072869459451374e-05
822.924,8.030038328198569e-05
823.112,7.337946986647702e-05
823.299,6.631863652025244e-05
823.486,5.9799010952930316e-05
823.673,5.4700471517047976e-05
823.86,5.2262529902325384e-05
824.047,5.5667823556017084e-05
824.234,6.71630029096729e-05
824.421,6.950498847926432e-05
824.608,5.83175660766641e-05
824.795,4.875874405075046e-05
824.982,4.1497992155147663e-05
825.169,3.636776882369258e-05
825.356,3.235952280105117e-05
825.543,2.9020986042951096e-05
825.73,2.6209922654138285e-05
825.917,2.3668307633897913e-05
826.104,2.1351543275472958e-05
826.29,1.9285037893546075e-05
826.477,1.7398303830617043e-05
826.664,1.5674697593527614e-05
826.851,1.4077873862706893e-05
827.038,1.2565571340177003e-05
827.224,1.114446264332047e-05
827.411,9.822218393621523e-06
827.598,8.59871035260913e-06
827.784,7.466979519584094e-06
827.971,6.413213390073231e-06
828.157,5.425717724270882e-06
828.344,4.504547159070739e-06
828.531,3.6579025331859614e-06
828.717,2.885753968213741e-06
828.904,2.188871041795937e-06
829.09,1.5677605318299834e-06
829.277,1.0133167477063268e-06
829.463,5.222512927462456e-07
829.65,9.382257475919457e-08
829.836,0.0
830.022,0.0
830.209,0.0
830.395,0.0
830.581,0.0
830.768,0.0
830.954,0.0
831.14,0.0
831.327,0.0
831.513,0.0
831.699,0.0
831.885,0.0
832.071,0.0
832.257,0.0
832.444,0.0
832.63,0.0
832.816,0.0
833.002,0.0
833.188,0.0
833.374,0.0
833.56,0.0
833.746,0.0
833.932,0.0
834.118,0.0
834.303,0.0
834.489,0.0
834.675,0.0
834.861,0.0
835.047,0.0
835.233,0.0
835.418,0.0
835.604,0.0
835.79,0.0
835.976,0.0
836.161,0.0
836.347,0.0
836.533,0.0
836.718,0.0
836.904,0.0
837.089,0.0
837.275,0.0
837.46,0.0
837.646,0.0
837.831,0.0
838.017,0.0
838.202,0.0
838.388,0.0
838.573,0.0
838.759,0.0
838.944,0.0
839.129,0.0
839.315,0.0
839.5,0.0
839.685,0.0
839.87,8.10475091929493e-08
840.056,5.918278925390693e-07
840.241,1.0676912711683994e-06
840.426,1.502279305981357e-06
840.611,1.9045639533856564e-06
840.796,2.29227045238938e-06
840.981,2.68865441979366e-06
841.166,3.1085777958479234e-06
841.352,3.583421325149739e-06
841.537,4.129309062651329e-06
841.722,4.797656532684612e-06
841.907,5.604842809662152e-06
842.092,6.535983769228193e-06
842.277,7.556873040131944e-06
842.461,8.57968730253874e-06
842.646,9.603372317378731e-06
842.831,1.0681031104579604e-05
843.016,1.1882267377901685e-05
843.201,1.3456367498980667e-05
843.386,1.555311959515596e-05
843.571,1.828942124896536e-05
843.755,2.2247070366753076e-05
843.94,2.761864778835772e-05
844.125,3.509968297261903e-05
844.31,4.8953662212972314e-05
844.494,7.537058070983608e-05
844.679,0.00011801196688497183
844.864,0.0001166784390890809
845.048,8.947468762251957e-05
845.233,6.882566717304784e-05
845.418,5.4607212363073254e-05
845.602,4.4631454226852156e-05
845.787,3.71144218648124e-05
845.971,3.138633750339708e-05
846.156,2.6861032182268565e-05
846.34,2.3143067372673018e-05
846.525,2.003712664907926e-05
846.709,1.739497945421562e-05
846.893,1.5104647756968227e-05
847.078,1.3085748473988457e-05
847.262,1.1279296822373177e-05
847.447,9.62865569997193e-06
847.631,8.154473517231798e-06
847.815,6.864723683049683e-06
848.0,5.742020963452774e-06
848.184,4.783141920497472e-06
848.368,3.951170192386016e-06
848.552,3.2172727573474494e-06
848.736,2.563268484305499e-06
848.921,1.9783440663866584e-06
849.105,1.4422016768281321e-06
849.289,9.377447224763031e-07
849.473,4.5551998594409074e-07
849.657,0.0
849.841,0.0
850.025,0.0
850.209,0.0
850.393,0.0
850.577,0.0
850.761,0.0
850.945,0.0
851.129,0.0
851.313,0.0
851.497,0.0
851.68,0.0
851.864,0.0
852.048,0.0
852.232,0.0
852.416,0.0
852.599,0.0
852.783,0.0
852.967,0.0
853.15,0.0
853.334,0.0
853.518,0.0
853.701,0.0
853.885,0.0
854.068,0.0
854.252,0.0
854.435,0.0
854.619,0.0
854.802,0.0
854.986,0.0
855.169,0.0
855.353,0.0
855.536,0.0
855.719,0.0
855.903,0.0
856.086,0.0
856.269,0.0
856.452,0.0
856.636,0.0
856.819,0.0
857.002,0.0
857.185,0.0
857.368,0.0
857.552,0.0
857.735,0.0
857.918,0.0
858.101,0.0
858.284,0.0
858.467,0.0
858.65,0.0
858.833,0.0
859.016,1.0688056238817086e-06
859.199,3.015668580032979e-06
859.382,6.051176153768698e-06
859.564,8.59689980065134e-06
859.747,8.516251409248693e-06
859.93,6.550016785110556e-06
860.113,4.870031353028107e-06
860.296,3.860820906636999e-06
860.478,3.1040275146291396e-06
860.661,2.539245787073003e-06
860.844,1.9745482305831328e-06
861.027,1.3623245301806314e-06
861.209,9.055866856063694e-07
861.392,6.57145305002061e-07
861.575,7.044567642428101e-07
861.757,9.55525654357367e-07
861.94,1.1776785000820626e-06
862.122,1.556421481221339e-06
862.305,2.0998562997394953e-06
862.487,3.5457830955878576e-06
862.67,8.020389649876114e-06
862.852,1.628265816259253e-05
863.035,2.7486265263055442e-05
863.217,2.7685873329978014e-05
863.4,2.076040953087042e-05
863.582,1.762531235039746e-05
863.764,1.5129136311070818e-05
863.947,1.270564854540388e-05
864.129,1.1214552832149033e-05
864.311,1.0346321893937014e-05
864.493,9.862462195823785e-06
864.676,9.738559105671775e-06
864.858,9.893106202119315e-06
865.04,1.0340713006414248e-05
865.222,1.1060019068053308e-05
865.404,1.1982167922340124e-05
865.587,1.2992896709303814e-05
865.769,1.3991477179345298e-05
865.951,1.4869411924331521e-05
866.133,1.5689881767676936e-05
866.315,1.653454162395519e-05
866.497,1.76119319003209e-05
866.679,1.9285620068733212e-05
866.861,2.162399977311278e-05
867.043,2.4797831177001968e-05
867.225,2.8996380792831154e-05
867.407,3.4851425264947134e-05
867.589,4.486463009239869e-05
867.77,6.198283154195002e-05
867.952,9.935257019695963e-05
868.134,0.00013941189484109834
868.316,0.00014152907612793804
868.498,0.00013380347851269306
868.679,0.00011282299897357114
868.861,9.183953622103705e-05
869.043,7.353119747079561e-05
869.224,5.962198450013602e-05
869.406,4.9800129680575696e-05
869.588,4.353129854288467e-05
869.769,4.0346285112465324e-05
869.951,3.880733948210368e-05
870.132,3.943379101696852e-05
870.314,4.547532364089146e-05
870.495,4.58930490836021e-05
870.677,4.031451786248788e-05
870.858,4.009729810831448e-05
871.04,4.431007741784458e-05
871.221,4.844408054954816e-05
871.403,4.7942734474240646e-05
871.584,4.176875760266324e-05
871.765,4.224756589835875e-05
871.947,4.748240407840795e-05
872.128,3.7240327440161454e-05
872.309,2.9613306153732563e-05
872.491,2.4763792903982933e-05
872.672,2.1493899505345337e-05
872.853,1.8751662484044453e-05
873.034,1.6410607285039578e-05
873.215,1.4301720205403117e-05
873.396,1.2284740693063676e-05
873.578,1.0480511924648654e-05
873.759,8.873456871340708e-06
873.94,7.482305860391275e-06
874.121,6.309356486307773e-06
874.302,5.252822441164037e-06
874.483,4.293688639505008e-06
874.664,3.455371452540371e-06
874.845,2.7392564448184576e-06
875.026,2.1475567882136e-06
875.207,1.6632134651312694e-06
875.388,1.246606830758017e-06
875.568,8.780889399243191e-07
875.749,5.56399928936141e-07
875.93,2.7718443165370305e-07
876.111,2.284340203548581e-08
876.292,0.0
876.472,0.0
876.653,0.0
876.834,0.0
877.015,0.0
877.195,0.0
877.376,0.0
877.556,0.0
877.737,0.0
877.918,0.0
878.098,0.0
878.279,0.0
878.459,0.0
878.64,0.0
878.82,0.0
879.0,0.0
879.181,0.0
879.361,0.0
879.542,0.0
879.722,0.0
879.902,0.0
880.083,0.0
880.263,0.0
880.443,1.0695068189302641e-06
880.623,7.369462310507268e-06
880.803,1.4205784496875197e-05
880.984,4.507332358288561e-06
881.164,6.530267496906408e-07
881.344,0.0
881.524,0.0
881.704,0.0
881.884,9.62263315722532e-07
882.064,2.3132326771204544e-06
882.244,3.1271356972449694e-06
882.424,3.299199909358685e-06
882.604,2.9472946336039875e-06
882.784,2.377348445988067e-06
882.964,1.8367801456724593e-06
883.144,1.3897363037379574e-06
883.324,1.0690781894134438e-06
883.504,8.374731089982298e-07
883.683,6.537318001670579e-07
883.863,5.408225377871682e-07
884.043,4.848385871727524e-07
884.223,4.567123111383319e-07
884.402,4.294754218210534e-07
884.582,3.851714362817528e-07
884.762,3.1696467610012943e-07
884.941,2.3042862668758307e-07
885.121,1.3166758538974004e-07
885.301,1.9188368798294408e-08
885.48,0.0
885.66,0.0
885.839,0.0
886.019,0.0
886.198,0.0
886.378,0.0
886.557,0.0
886.737,0.0
886.916,0.0
887.095,0.0
887.275,0.0
887.454,0.0
887.633,0.0
887.813,0.0
887.992,0.0
888.171,0.0
888.35,0.0
888.53,0.0
888.709,0.0
888.888,0.0
889.067,0.0
889.246,0.0
889.425,0.0
889.604,0.0
889.783,0.0
889.962,0.0
890.141,0.0
890.32,0.0
890.499,0.0
890.678,0.0
890.857,0.0
891.036,0.0
891.214,0.0
891.393,0.0
891.572,0.0
891.751,0.0
891.93,0.0
892.108,0.0
892.287,0.0
892.466,0.0
892.644,0.0
892.823,0.0
893.001,0.0
893.18,0.0
893.359,0.0
893.537,0.0
893.716,0.0
893.894,0.0
894.073,0.0
894.251,0.0
894.429,0.0
894.608,0.0
894.786,0.0
894.964,0.0
895.143,0.0
895.321,0.0
895.499,0.0
895.677,0.0
895.856,0.0
896.034,0.0
896.212,0.0
896.39,0.0
896.568,0.0
896.746,0.0
896.924,0.0
897.102,0.0
897.28,0.0
897.458,0.0
897.636,0.0
897.814,0.0
897.992,0.0
898.17,0.0
898.348,0.0
898.526,0.0
898.704,0.0
898.882,0.0
899.059,0.0
899.237,0.0
899.415,0.0
899.593,0.0
899.77,0.0
899.948,0.0
900.125,1.7531728264921534e-07
900.303,5.560370602763603e-07
900.481,9.317988727775739e-07
900.658,1.295797206817874e-06
900.836,1.6432616590941032e-06
901.013,1.975558468133493e-06
901.191,2.2957651331230114e-06
901.368,2.6101371156102786e-06
901.546,2.906267642654817e-06
901.723,3.1836059171697e-06
901.901,3.4428796206742737e-06
902.078,3.6814499660735985e-06
902.255,3.896702888515787e-06
902.433,4.057929766292724e-06
902.61,4.143666372375666e-06
902.787,4.146490939932954e-06
902.964,4.129183089699004e-06
903.142,4.068758163940006e-06
903.319,3.950743722462224e-06
903.496,3.845149250953872e-06
903.673,3.6795659656042043e-06
903.85,3.7865035338678654e-06
904.027,4.56746974431327e-06
904.204,6.158838037843783e-06
904.381,9.247953231294391e-06
904.558,1.3344949772170877e-05
904.735,1.6391614084907307e-05
904.912,1.7660311921471966e-05
905.089,1.7448673767847226e-05
905.266,1.5834105897663886e-05
905.443,1.3418050839546005e-05
905.62,1.1042792939591433e-05
905.797,9.17914315018189e-06
905.974,8.078759030588041e-06
906.151,7.662043970290803e-06
906.327,7.558840659869556e-06
906.504,7.500363825788206e-06
906.681,7.37894968617668e-06
906.858,7.154333608677891e-06
907.034,6.885740484687775e-06
907.211,6.624002221254781e-06
907.388,6.340440916888353e-06
907.564,6.037765927646458e-06
907.741,5.731911847136235e-06
907.917,5.435089729949916e-06
908.094,5.166334527868098e-06
908.271,4.928953875412693e-06
908.447,4.704767604584851e-06
908.623,4.476329885796696e-06
908.8,4.238971455197597e-06
908.976,3.984487492253489e-06
909.153,3.7048158394682754e-06
909.329,3.395444210094413e-06
909.505,3.056870206705789e-06
909.682,2.6912838312815066e-06
909.858,2.3068540412228344e-06
910.034,1.9120387615633086e-06
910.211,1.5138849558207446e-06
910.387,1.119364945878727e-06
910.563,7.3486675781097e-07
910.739,3.651950121000118e-07
910.915,1.1584883161023162e-08
911.091,0.0
911.268,0.0
911.444,0.0
911.62,0.0
911.796,0.0
911.972,0.0
912.148,0.0
912.324,0.0
912.5,0.0
912.676,0.0
912.851,0.0
913.027,0.0
913.203,0.0
913.379,0.0
913.555,0.0
913.73,0.0
913.906,0.0
914.082,0.0
914.258,0.0
914.433,0.0
914.609,0.0
914.784,0.0
914.96,0.0
915.136,0.0
915.311,0.0
915.487,0.0
915.662,0.0
915.838,0.0
916.013,0.0
916.189,0.0
916.364,0.0
916.539,0.0
916.715,0.0
916.89,0.0
917.065,0.0
917.24,0.0
917.416,0.0
917.591,0.0
917.766,0.0
917.941,0.0
918.116,0.0
918.292,0.0
918.467,0.0
918.642,0.0
918.817,0.0
918.992,0.0
919.167,0.0
919.342,0.0
919.517,0.0
919.692,0.0
919.867,0.0
920.041,0.0
920.216,0.0
920.391,0.0
920.566,0.0
920.741,0.0
920.915,2.5246022075231177e-07
921.09,1.833256664002508e-06
921.265,3.778884646101387e-06
921.439,4.782054541386485e-06
921.614,4.164286898788852e-06
921.789,2.5872612534818467e-06
921.963,1.440987678991431e-06
922.138,1.1496455722292377e-06
922.312,1.46020421863102e-06
922.487,2.286299967473638e-06
922.661,3.345444756225237e-06
922.836,4.357307218503744e-06
923.01,4.695402059284571e-06
923.185,4.341502773926542e-06
923.359,4.40568605116653e-06
923.534,4.93224494138011e-06
923.708,5.255830030148303e-06
923.882,5.358808163962723e-06
924.057,5.263971837327638e-06
924.231,4.994780884024793e-06
924.405,4.650985868800296e-06
924.579,4.257895890329852e-06
924.753,3.840624592801106e-06
924.928,3.453780812468888e-06
925.102,3.1525437690251206e-06
925.276,3.018448515491426e-06
925.45,3.095973778062827e-06
925.624,3.412407262223624e-06
925.798,4.081725662912087e-06
925.972,5.194680913997278e-06
926.146,6.785249255428828e-06
926.32,8.75782191688271e-06
926.494,1.0807863785056547e-05
926.668,1.2472095357267764e-05
926.842,1.3366074575290376e-05
927.016,1.3357518010108513e-05
927.19,1.2563096381285113e-05
927.363,1.1334247291670853e-05
927.537,1.0033247063598079e-05
927.711,8.866331340016711e-06
927.885,7.910249403961122e-06
928.058,7.138774401405389e-06
928.232,6.510720317160102e-06
928.406,5.995873543009556e-06
928.579,5.57597249995819e-06
928.753,5.2308496048235065e-06
928.927,4.930673329286747e-06
929.1,4.6607330870534516e-06
929.274,4.4021845124285365e-06
929.447,4.15026896655458e-06
929.621,3.900029365820515e-06
929.794,3.646784558102185e-06
929.968,3.3933316279830955e-06
930.141,3.1391113020185393e-06
930.315,2.8818945045134966e-06
930.488,2.6164723633546197e-06
930.661,2.3374866050753763e-06
930.835,2.0381990959060458e-06
931.008,1.7139014033772707e-06
931.181,1.362632961479972e-06
931.354,9.87730079849196e-07
931.528,5.927206998504782e-07
931.701,1.83980108463498e-07
931.874,0.0
932.047,0.0
932.22,0.0
932.393,0.0
932.566,0.0
932.739,0.0
932.912,0.0
933.085,0.0
933.258,0.0
933.431,0.0
933.604,0.0
933.777,0.0
933.95,0.0
934.123,0.0
934.296,0.0
934.468,0.0
934.641,0.0
934.814,0.0
934.987,0.0
935.159,0.0
935.332,0.0
935.505,0.0
935.677,0.0
935.85,0.0
936.022,0.0
936.195,0.0
936.367,0.0
936.54,0.0
936.712,0.0
936.885,0.0
937.057,0.0
937.229,0.0
937.402,0.0
937.574,2.999356190833006e-07
937.746,1.17760233815851e-06
937.919,2.4910240652256893e-06
938.091,4.356963953931373e-06
938.263,6.887873166684844e-06
938.435,9.968385501675383e-06
938.608,1.3556442931936187e-05
938.78,1.755069064604916e-05
938.952,2.0948910327927592e-05
939.124,2.4127243675911976e-05
939.296,3.080205418454009e-05
939.468,3.216801285315598e-05
939.64,2.561085635234267e-05
939.812,2.142826172432332e-05
939.984,1.8049542256084063e-05
940.156,1.5260529701506998e-05
940.328,1.3260118511749766e-05
940.5,1.1818558867637999e-05
940.672,1.0637357402644562e-05
940.843,9.57877807707179e-06
941.015,8.690351159817728e-06
941.187,7.956069400211336e-06
941.359,7.339617112671644e-06
941.531,6.827089616036276e-06
941.702,6.339108926983259e-06
941.874,5.853149444372675e-06
942.046,5.369311667691459e-06
942.217,4.900237099195342e-06
942.389,4.45124105315585e-06
942.56,4.021448277563824e-06
942.732,3.607197964197704e-06
942.904,3.2056845379562674e-06
943.075,2.826876634933354e-06
943.247,2.476258206443907e-06
943.418,2.145344158329739e-06
943.589,1.8211920724569477e-06
943.761,1.4960649222930647e-06
943.932,1.1688511391525238e-06
944.104,8.409991701979833e-07
944.275,5.176431756642352e-07
944.446,2.0258049713684062e-07
944.617,0.0
944.789,0.0
944.96,0.0
945.131,0.0
945.302,0.0
945.473,0.0
945.645,0.0
945.816,0.0
945.987,0.0
946.158,0.0
946.329,0.0
946.5,0.0
946.671,0.0
946.842,0.0
947.013,0.0
947.183,0.0
947.354,0.0
947.525,0.0
947.696,0.0
947.867,0.0
948.037,0.0
948.208,0.0
948.379,0.0
948.55,0.0
948.72,0.0
948.891,0.0
949.061,0.0
949.232,0.0
949.403,0.0
949.573,0.0
949.744,0.0
949.914,0.0
950.085,0.0
950.255,0.0
950.425,0.0
950.596,0.0
950.766,0.0
950.936,0.0
951.107,0.0
951.277,0.0
951.447,0.0
951.617,0.0
951.788,0.0
951.958,0.0
952.128,0.0
952.298,0.0
952.468,0.0
952.638,0.0
952.808,0.0
952.978,0.0
953.148,0.0
953.318,0.0
953.488,0.0
953.658,0.0
953.828,0.0
953.998,0.0
954.167,0.0
954.337,0.0
954.507,0.0
954.677,0.0
954.846,0.0
955.016,0.0
955.186,0.0
955.355,0.0
955.525,0.0
955.695,0.0
955.864,0.0
956.034,0.0
956.203,0.0
956.373,0.0
956.542,0.0
956.711,0.0
956.881,0.0
957.05,0.0
957.22,0.0
957.389,0.0
957.558,0.0
957.727,0.0
957.897,0.0
958.066,0.0
958.235,0.0
958.404,0.0
958.573,0.0
958.743,0.0
958.912,0.0
959.081,0.0
959.25,0.0
959.419,0.0
959.588,0.0
959.757,0.0
959.926,0.0
960.094,0.0
960.263,0.0
960.432,0.0
960.601,0.0
960.77,0.0
960.939,0.0
961.107,0.0
961.276,0.0
961.445,0.0
961.613,0.0
961.782,0.0
961.951,0.0
962.119,0.0
962.288,0.0
962.456,0.0
962.625,0.0
962.793,0.0
962.962,0.0
963.13,0.0
963.298,0.0
963.467,0.0
963.635,0.0
963.803,0.0
963.972,0.0
964.14,0.0
964.308,0.0
964.477,0.0
964.645,0.0
964.813,0.0
964.981,0.0
965.149,0.0
965.317,0.0
965.485,0.0
965.653,0.0
965.821,0.0
965.989,0.0
966.157,0.0
966.325,0.0
966.493,0.0
966.661,0.0
966.829,0.0
966.996,0.0
967.164,0.0
967.332,0.0
967.5,0.0
967.667,0.0
967.835,0.0
968.003,0.0
968.17,0.0
968.338,2.4709099305919222e-08
968.505,5.300021156510331e-08
968.673,8.109163726207671e-08
968.841,1.0890874805005914e-07
969.008,1.3637771977174952e-07
969.175,1.6338575442826643e-07
969.343,1.8981734076345994e-07
969.51,2.1555882011877725e-07
969.678,2.4047249667042137e-07
969.845,2.644162984634541e-07
970.012,2.872597848239651e-07
970.18,3.088623463964982e-07
970.347,3.290974409273854e-07
970.514,3.478699186573883e-07
970.681,3.6507136547230864e-07
970.849,3.806050963674394e-07
971.016,3.944057227706341e-07
971.183,4.0638808670433767e-07
971.35,4.164487183241171e-07
971.517,4.2448816930455164e-07
971.684,4.3039917386707497e-07
971.851,4.340891441584454e-07
972.018,4.3549724648495116e-07
972.185,4.3457425964397617e-07
972.352,4.31281674304838e-07
972.519,4.2561152822332584e-07
972.686,4.1760257729407656e-07
972.853,4.0732193533816435e-07
973.02,3.9484849405063675e-07
973.186,3.802671944994465e-07
973.353,3.6366568886216233e-07
973.52,3.4516432588461873e-07
973.687,3.249038701466891e-07
973.853,3.030128149596777e-07
974.02,2.79622194056316e-07
974.187,2.5484792172160294e-07
974.353,2.2881877317298766e-07
974.52,2.017147765374104e-07
974.687,1.7371951926255546e-07
974.853,1.45011047525967e-07
975.02,1.1577082207916084e-07
975.186,8.616723696206287e-08
975.353,5.6364391516018536e-08
975.519,2.6547276059949076e-08
975.685,0.0
975.852,0.0
976.018,0.0
976.184,0.0
976.351,0.0
976.517,0.0
976.683,0.0
976.849,0.0
977.016,0.0
977.182,0.0
977.348,0.0
977.514,0.0
977.68,0.0
977.846,0.0
978.012,0.0
978.178,0.0
978.344,0.0
978.51,0.0
978.676,0.0
978.842,0.0
979.008,0.0
979.174,0.0
979.34,0.0
979.505,0.0
979.671,0.0
979.837,0.0
980.003,0.0
980.168,0.0
980.334,0.0
980.499,0.0
980.665,0.0
980.831,0.0
980.996,0.0
981.162,0.0
981.327,0.0
981.493,0.0
981.658,0.0
981.823,0.0
981.989,0.0
982.154,0.0
982.319,0.0
982.485,0.0
982.65,0.0
982.815,0.0
982.98,0.0
983.146,0.0
983.311,0.0
983.476,0.0
983.641,0.0
983.806,0.0
983.971,0.0
984.136,0.0
984.301,0.0
984.466,0.0
984.631,0.0
984.796,0.0
984.961,0.0
985.126,0.0
985.291,0.0
985.455,0.0
985.62,0.0
985.785,0.0
985.95,0.0
986.114,0.0
986.279,0.0
986.444,0.0
986.608,0.0
986.773,0.0
986.937,0.0
987.102,0.0
987.266,0.0
987.431,0.0
987.595,0.0
987.76,0.0
987.924,3.6788641998787853e-09
988.088,1.629363938776812e-08
988.253,2.9747563233411958e-08
988.417,4.3992918909061576e-08
988.581,5.896781220266802e-08
988.746,7.459665872406942e-08
988.91,9.078184740336438e-08
989.074,1.0744065318485877e-07
989.238,1.2450539917365923e-07
989.402,1.4187048039436563e-07
989.566,1.593949452889089e-07
989.731,1.769138165034431e-07
989.895,1.9422307898970964e-07
990.059,2.1125011469921729e-07
990.223,2.2791129816551223e-07
990.387,2.440767117436142e-07
990.551,2.5960316069501213e-07
990.714,2.7419979373086587e-07
990.878,2.8757751965083226e-07
991.042,2.9948021474206774e-07
991.206,3.0964320081141153e-07
991.37,3.17752695247169e-07
991.534,3.234718265306958e-07
991.697,3.2642542632959537e-07
991.861,3.2617701215986253e-07
992.025,3.222720130247931e-07
992.188,3.141942458316411e-07
992.352,3.0133755630686924e-07
992.516,2.8308714569998977e-07
992.679,2.5884075934158076e-07
992.843,2.2801231379893028e-07
993.006,1.900661655383321e-07
993.17,1.4451380641391224e-07
993.333,9.087404997391864e-08
993.497,2.8705112301094243e-08
993.66,0.0
993.824,0.0
993.987,0.0
994.15,0.0
994.314,0.0
994.477,0.0
994.64,0.0
994.803,0.0
994.967,0.0
995.13,0.0
995.293,0.0
995.456,0.0
995.619,0.0
995.782,0.0
995.945,0.0
996.108,0.0
996.271,0.0
996.434,0.0
996.597,0.0
996.76,0.0
996.923,0.0
997.086,0.0
997.248,0.0
997.411,0.0
997.574,0.0
997.737,0.0
997.899,0.0
998.062,0.0
998.225,0.0
998.387,0.0
998.55,0.0
998.712,0.0
998.875,0.0
999.037,0.0
999.2,0.0
999.362,0.0
999.525,0.0
999.687,0.0
999.849,0.0
