237.496,1.4526575877369613e-08
237.566,0.0
237.636,0.0
237.705,0.0
237.775,4.21485564205252e-09
237.845,3.358075164331085e-07
237.914,1.2087572022507374e-08
237.984,0.0
238.054,0.0
238.123,0.0
238.193,1.4424205058471423e-07
238.263,2.1938285930595168e-07
238.332,1.734434774934478e-07
238.402,7.146154770802046e-08
238.471,1.0386423878994424e-08
238.541,5.074812975118708e-09
238.611,3.783913713684664e-08
238.68,9.390692054252345e-08
238.75,1.601342074672025e-07
238.819,2.236561587498839e-07
238.889,2.809917650251233e-07
238.958,3.288876629893056e-07
239.028,3.4722276954400394e-07
239.097,3.3080924334018764e-07
239.167,2.9114279831823704e-07
239.237,2.3417608474070644e-07
239.306,1.680427319872049e-07
239.376,1.0311024697397381e-07
239.445,4.492829976869511e-08
239.515,0.0
239.584,0.0
239.654,0.0
239.723,0.0
239.793,0.0
239.862,0.0
239.932,0.0
240.001,0.0
240.07,0.0
240.14,0.0
240.209,0.0
240.279,0.0
240.348,0.0
240.418,0.0
240.487,0.0
240.556,0.0
240.626,0.0
240.695,0.0
240.765,0.0
240.834,0.0
240.903,0.0
240.973,0.0
241.042,0.0
241.112,0.0
241.181,0.0
241.25,0.0
241.32,0.0
241.389,0.0
241.458,0.0
241.528,0.0
241.597,0.0
241.666,0.0
241.736,0.0
241.805,1.0538685914285801e-08
241.874,3.6466978374905357e-08
241.943,6.409408721656588e-08
242.013,9.292080684899903e-08
242.082,1.2248888020908386e-07
242.151,1.5242387153332884e-07
242.221,1.8244670094495998e-07
242.29,2.123126344874513e-07
242.359,2.4178927469880627e-07
242.428,2.7071543839960823e-07
242.498,2.990468307657596e-07
242.567,3.2674023871485297e-07
242.636,3.539569363354239e-07
242.705,3.807801481892701e-07
242.774,4.0720759412496765e-07
242.844,4.3319933215572584e-07
242.913,4.5858139252880917e-07
242.982,4.832303800864126e-07
243.051,5.070470264672685e-07
243.12,5.299138860956773e-07
243.19,5.51678975701767e-07
243.259,5.722033233701013e-07
243.328,5.913585318947763e-07
243.397,6.088209220630259e-07
243.466,6.243298775337413e-07
243.535,6.376665155160281e-07
243.605,6.486839705655639e-07
243.674,6.573151364349328e-07
243.743,6.6351557938336e-07
243.812,6.672241632621553e-07
243.881,6.684276110163774e-07
243.95,6.671210284880945e-07
244.019,6.632920336713421e-07
244.088,6.569649004550713e-07
244.158,6.482064719826778e-07
244.227,6.370844458692495e-07
244.296,6.236812790997191e-07
244.365,6.080820410318512e-07
244.434,5.903400144914026e-07
244.503,5.70514276656684e-07
244.572,5.487037171643207e-07
244.641,5.250059011546416e-07
244.71,4.995146785544659e-07
244.779,4.723479315386365e-07
244.848,4.435858484887709e-07
244.917,4.1330483459878357e-07
244.986,3.816069915505958e-07
245.055,3.48596683524259e-07
245.124,3.1440777225550244e-07
245.193,2.7921219257461496e-07
245.262,2.431839307409348e-07
245.331,2.0648963551238322e-07
245.4,1.693224122666375e-07
245.469,1.318815882663713e-07
245.538,9.437890481807932e-08
245.607,5.7071596374637174e-08
245.676,2.018833990092424e-08
245.745,0.0
245.814,0.0
245.883,0.0
245.952,0.0
246.021,0.0
246.09,0.0
246.159,0.0
246.227,0.0
246.296,0.0
246.365,0.0
246.434,0.0
246.503,0.0
246.572,0.0
246.641,0.0
246.71,0.0
246.779,0.0
246.847,0.0
246.916,0.0
246.985,0.0
247.054,0.0
247.123,0.0
247.192,0.0
247.26,0.0
247.329,0.0
247.398,0.0
247.467,0.0
247.536,0.0
247.604,0.0
247.673,0.0
247.742,0.0
247.811,0.0
247.879,0.0
247.948,0.0
248.017,0.0
248.086,0.0
248.154,0.0
248.223,0.0
248.292,0.0
248.361,0.0
248.429,0.0
248.498,0.0
248.567,0.0
248.635,0.0
248.704,0.0
248.773,0.0
248.841,0.0
248.91,0.0
248.979,0.0
249.047,0.0
249.116,0.0
249.185,0.0
249.253,0.0
249.322,0.0
249.39,0.0
249.459,1.8769260230578387e-08
249.528,4.0516320055768086e-08
249.596,6.278249691385759e-08
249.665,8.55657728927164e-08
249.733,1.0884999281259043e-07
249.802,1.326474566421362e-07
249.871,1.56964529621933e-07
249.939,1.81783042196778e-07
250.008,2.0710458755781973e-07
250.076,2.3290987482788448e-07
250.145,2.5911785272108973e-07
250.213,2.85661677899419e-07
250.282,3.1245170143259e-07
250.35,3.393472521221298e-07
250.419,3.6621099436392924e-07
250.487,3.9290107170631796e-07
250.556,4.1924465804331266e-07
250.624,4.4505239118874046e-07
250.693,4.70110608312662e-07
250.761,4.941443339863149e-07
250.83,5.168928007495012e-07
250.898,5.381227130315985e-07
250.967,5.575761140589272e-07
251.035,5.750077742756164e-07
251.104,5.901552508220743e-07
251.172,6.027355744990311e-07
251.241,6.125171002039991e-07
251.309,6.192880292676759e-07
251.378,6.228238374157535e-07
251.446,6.229225895833628e-07
251.514,6.194020030674795e-07
251.583,6.120784465665565e-07
251.651,6.00823878814642e-07
251.72,5.855600663245853e-07
251.788,5.661862897725602e-07
251.856,5.426324506802904e-07
251.925,5.148486644862104e-07
251.993,4.827638236134073e-07
252.062,4.463478876320595e-07
252.13,4.0562469500221614e-07
252.198,3.6060663200981394e-07
252.267,3.113242634458816e-07
252.335,2.578679489253842e-07
252.403,2.0033150004994896e-07
252.472,1.388555868707141e-07
252.54,7.363576632064935e-08
252.608,4.858168734951742e-09
252.677,0.0
252.745,0.0
252.813,0.0
252.881,0.0
252.95,0.0
253.018,0.0
253.086,0.0
253.155,0.0
253.223,0.0
253.291,0.0
253.359,0.0
253.428,0.0
253.496,0.0
253.564,0.0
253.632,0.0
253.7,0.0
253.769,0.0
253.837,0.0
253.905,0.0
253.973,0.0
254.041,0.0
254.11,0.0
254.178,0.0
254.246,0.0
254.314,0.0
254.382,0.0
254.45,0.0
254.518,0.0
254.587,0.0
254.655,0.0
254.723,0.0
254.791,0.0
254.859,0.0
254.927,0.0
254.995,0.0
255.063,0.0
255.131,0.0
255.199,0.0
255.267,0.0
255.336,0.0
255.404,0.0
255.472,0.0
255.54,0.0
255.608,0.0
255.676,0.0
255.744,0.0
255.812,0.0
255.88,0.0
255.948,0.0
256.016,0.0
256.084,0.0
256.152,0.0
256.22,0.0
256.288,0.0
256.356,0.0
256.424,0.0
256.491,0.0
256.559,0.0
256.627,0.0
256.695,0.0
256.763,0.0
256.831,0.0
256.899,0.0
256.967,0.0
257.035,0.0
257.103,0.0
257.171,0.0
257.238,0.0
257.306,0.0
257.374,0.0
257.442,0.0
257.51,0.0
257.578,0.0
257.646,0.0
257.713,0.0
257.781,0.0
257.849,0.0
257.917,0.0
257.985,0.0
258.052,0.0
258.12,0.0
258.188,0.0
258.256,0.0
258.324,0.0
258.391,0.0
258.459,0.0
258.527,0.0
258.595,0.0
258.662,0.0
258.73,0.0
258.798,0.0
258.865,0.0
258.933,0.0
259.001,0.0
259.069,0.0
259.136,0.0
259.204,0.0
259.272,0.0
259.339,0.0
259.407,0.0
259.475,0.0
259.542,0.0
259.61,0.0
259.677,0.0
259.745,0.0
259.813,0.0
259.88,0.0
259.948,0.0
260.016,0.0
260.083,0.0
260.151,0.0
260.218,0.0
260.286,0.0
260.353,0.0
260.421,0.0
260.489,0.0
260.556,0.0
260.624,0.0
260.691,0.0
260.759,0.0
260.826,0.0
260.894,0.0
260.961,0.0
261.029,0.0
261.096,0.0
261.164,0.0
261.231,0.0
261.299,0.0
261.366,0.0
261.434,0.0
261.501,2.128661376304314e-08
261.568,4.20709169319713e-08
261.636,6.16729315191584e-08
261.703,8.010672449703996e-08
261.771,9.742168538927863e-08
261.838,1.1365091336416513e-07
261.906,1.2876334630863356e-07
261.973,1.4273086726334133e-07
262.04,1.555449847629505e-07
262.108,1.672046252132829e-07
262.175,1.7772972003275032e-07
262.243,1.8715308060908398e-07
262.31,1.9548141537746975e-07
262.377,2.0272805297071235e-07
262.445,2.0893126210924902e-07
262.512,2.1413778689570568e-07
262.579,2.1837129983057993e-07
262.647,2.2167365201794125e-07
262.714,2.240831354273531e-07
262.781,2.2560936024859927e-07
262.849,2.263047687992266e-07
262.916,2.2617646530029475e-07
262.983,2.2520207147583746e-07
263.051,2.2337688929068974e-07
263.118,2.2067992412534828e-07
263.185,2.171197351142119e-07
263.252,2.1272794257834682e-07
263.32,2.0751882735697092e-07
263.387,2.014933906304372e-07
263.454,1.9464270100077557e-07
263.522,1.8692596369838495e-07
263.589,1.7831859554811868e-07
263.656,1.688319624898045e-07
263.723,1.5844817292195836e-07
263.79,1.4716967723171508e-07
263.858,1.3505636509293179e-07
263.925,1.2218762094520254e-07
263.992,1.087640014136292e-07
264.059,9.511763075105059e-08
264.126,8.161008374815663e-08
264.194,6.864417857384407e-08
264.261,5.6704793339260784e-08
264.328,4.635731959195908e-08
264.395,3.8299037877605225e-08
264.462,3.3403818648717316e-08
264.529,3.266370633464872e-08
264.597,3.7218322282067947e-08
264.664,4.839754575295157e-08
264.731,6.773741854394911e-08
264.798,9.694812533470546e-08
264.865,1.3785211139681743e-07
264.932,1.9228609038856913e-07
264.999,2.619589351998851e-07
265.066,3.484201020240807e-07
265.133,4.5291220250678743e-07
265.201,5.762261117015259e-07
265.268,7.185875825779777e-07
265.335,8.794850987610776e-07
265.402,1.0576859733494965e-06
265.469,1.2513107817444164e-06
265.536,1.457926440217319e-06
265.603,1.6747398749861846e-06
265.67,1.8987488141666243e-06
265.737,2.126836449178401e-06
265.804,2.355972298473162e-06
265.871,2.5834237406290514e-06
265.938,2.8068045826519137e-06
266.005,3.0241463194802617e-06
266.072,3.2339177315264675e-06
266.139,3.4348629935142386e-06
266.206,3.6260126756298444e-06
266.273,3.8067739363124667e-06
266.34,3.976863798615462e-06
266.407,4.136248257341174e-06
266.474,4.285085078455266e-06
266.541,4.423599450047771e-06
266.608,4.552041890084609e-06
266.675,4.670740651410974e-06
266.742,4.7800679552755696e-06
266.808,4.8803771847265325e-06
266.875,4.971955417264742e-06
266.942,5.05499506519414e-06
267.009,5.1296199000621804e-06
267.076,5.195952628893033e-06
267.143,5.254156743614483e-06
267.21,5.30439621656231e-06
267.277,5.346817864901695e-06
267.344,5.381506057651879e-06
267.41,5.408508516737097e-06
267.477,5.427935498045305e-06
267.544,5.439896974674511e-06
267.611,5.444487592135742e-06
267.678,5.4417761707480376e-06
267.745,5.431694583805653e-06
267.811,5.4141143893416185e-06
267.878,5.3889837315051145e-06
267.945,5.356272007021185e-06
268.012,5.315948605475992e-06
268.079,5.268032525068858e-06
268.145,5.212502916343717e-06
268.212,5.149327133489635e-06
268.279,5.078618516996642e-06
268.346,5.000562112783802e-06
268.412,4.915295931064136e-06
268.479,4.822918082629442e-06
268.546,4.72343642465665e-06
268.613,4.61679760195869e-06
268.679,4.503007760578256e-06
268.746,4.382120902572307e-06
268.813,4.254210440606902e-06
268.879,4.119357360034196e-06
268.946,3.977668607875079e-06
269.013,3.82936000604542e-06
269.079,3.6748097437061123e-06
269.146,3.5145558521877463e-06
269.213,3.349255764839675e-06
269.28,3.1796683393351043e-06
269.346,3.0066622385342884e-06
269.413,2.8312835941547105e-06
269.479,2.6548498653104426e-06
269.546,2.4788805951395683e-06
269.613,2.3049944029725837e-06
269.679,2.134907355595636e-06
269.746,1.9703147647773295e-06
269.813,1.8128081131628187e-06
269.879,1.663881871378831e-06
269.946,1.5247446350181509e-06
270.012,1.3961448602741538e-06
270.079,1.2783808439712806e-06
270.145,1.1712766432275016e-06
270.212,1.0741753122359705e-06
270.279,9.861533547783908e-07
270.345,9.060729042223891e-07
270.412,8.325759583618143e-07
270.478,7.642298089164377e-07
270.545,6.996683141961587e-07
270.611,6.376509383565655e-07
270.678,5.77177613360848e-07
270.744,5.174695571918232e-07
270.811,4.578581521691676e-07
270.877,3.978059026855107e-07
270.944,3.368941689498208e-07
271.01,2.7483694060210877e-07
271.077,2.1149854944302966e-07
271.143,1.4678285642459597e-07
271.21,8.057383987523193e-08
271.276,1.2767316923268713e-08
271.342,0.0
271.409,0.0
271.475,0.0
271.542,0.0
271.608,0.0
271.675,0.0
271.741,0.0
271.807,0.0
271.874,0.0
271.94,0.0
272.007,0.0
272.073,0.0
272.139,0.0
272.206,0.0
272.272,0.0
272.338,0.0
272.405,0.0
272.471,0.0
272.537,0.0
272.604,0.0
272.67,0.0
272.736,0.0
272.802,0.0
272.869,0.0
272.935,0.0
273.001,0.0
273.068,0.0
273.134,0.0
273.2,0.0
273.266,0.0
273.333,0.0
273.399,0.0
273.465,0.0
273.531,0.0
273.597,0.0
273.664,0.0
273.73,0.0
273.796,0.0
273.862,0.0
273.928,0.0
273.995,0.0
274.061,0.0
274.127,0.0
274.193,0.0
274.259,0.0
274.325,0.0
274.391,0.0
274.457,0.0
274.524,0.0
274.59,0.0
274.656,0.0
274.722,0.0
274.788,0.0
274.854,0.0
274.92,0.0
274.986,0.0
275.052,0.0
275.118,4.703832071680392e-08
275.184,1.8100351399603465e-07
275.25,3.284480270800732e-07
275.316,4.905049111181491e-07
275.382,6.686294877077247e-07
275.448,8.648633163523018e-07
275.514,1.0821684148662832e-06
275.58,1.323010439475323e-06
275.646,1.587432903645308e-06
275.712,1.8767301183439794e-06
275.778,2.1964667627588966e-06
275.844,2.548408020821015e-06
275.91,2.926793800071999e-06
275.976,3.3181645967884337e-06
276.042,3.718611487047057e-06
276.108,4.126282717722844e-06
276.174,4.54029847941855e-06
276.24,4.962648976170394e-06
276.306,5.383857340045264e-06
276.372,5.8112523127528695e-06
276.437,6.263165764483661e-06
276.503,6.776527724449248e-06
276.569,7.376487807838029e-06
276.635,8.080237029302404e-06
276.701,8.89841552832991e-06
276.767,9.826718082368863e-06
276.833,1.0889295985565359e-05
276.899,1.20499007686697e-05
276.964,1.3351708086501083e-05
277.03,1.4800365688284328e-05
277.096,1.6391478184306716e-05
277.162,1.824695264994789e-05
277.228,2.0191958826980507e-05
277.293,2.2354056253432505e-05
277.359,2.4716111557221236e-05
277.425,2.717379068434634e-05
277.491,3.368646970407339e-05
277.557,5.2086656797850545e-05
277.622,8.757334622008518e-05
277.688,8.557159856618269e-05
277.754,8.892377412923686e-05
277.82,0.00010252688755626766
277.885,0.00013141495954951366
277.951,0.00017805817099131386
278.017,0.00014298083380736258
278.083,0.00011902890725587775
278.148,0.00010951432307184197
278.214,0.00011234592359554344
278.28,0.00012270294129876477
278.345,0.00010207840679358636
278.411,9.17414082788632e-05
278.477,9.51454292573896e-05
278.542,0.00010265328652067269
278.608,0.00011564350674159892
278.674,0.0001338444224469361
278.739,0.00015714416260881632
278.805,0.00018509632014986543
278.871,0.00023218878234542735
278.936,0.0003126429877218745
279.002,0.0004976599326546872
279.067,0.0006691130451943101
279.133,0.0006552172745907469
279.199,0.0005931331838243009
279.264,0.0006241382268242596
279.33,0.0007476524623124933
279.395,0.0010001816306837578
279.461,0.0013160034717038045
279.527,0.0014759544465040592
279.592,0.0013742510830302794
279.658,0.0011255723712322314
279.723,0.001086084367956482
279.789,0.0011343581107035872
279.854,0.0010030706008483706
279.92,0.0008083120670708488
279.985,0.0007275810714373885
280.051,0.0007411794365311129
280.116,0.0008979635216547231
280.182,0.0012207189883296676
280.247,0.0013851552848360982
280.313,0.0011678051105074893
280.378,0.000803691042106418
280.444,0.0005584377213535875
280.509,0.000426618416737301
280.574,0.0003428501599684721
280.64,0.0002816215066950744
280.705,0.00024323864612574615
280.771,0.0002098405812879334
280.836,0.00018725159105437443
280.902,0.0001651536558928616
280.967,0.00014655299258912633
281.032,0.0001313300119356265
281.098,0.00011826044212290308
281.163,0.00010611678142965986
281.229,9.468234929137872e-05
281.294,8.765219686696356e-05
281.359,7.781698890054862e-05
281.425,6.922641538930703e-05
281.49,6.186851721008525e-05
281.555,5.512573148499518e-05
281.621,4.909070852856404e-05
281.686,4.382245101043497e-05
281.751,3.9239957969371975e-05
281.816,3.5246173639052804e-05
281.882,3.1743833187473e-05
281.947,2.8635382797636616e-05
282.012,2.5852751346299565e-05
282.078,2.333700613124232e-05
282.143,2.1031954347683256e-05
282.208,1.890406384075461e-05
282.273,1.6938690941501123e-05
282.339,1.5118214122859072e-05
282.404,1.3426568733373635e-05
282.469,1.1853955890123938e-05
282.534,1.039285317443355e-05
282.6,9.039886121360978e-06
282.665,7.794917676300658e-06
282.73,6.6588217104192354e-06
282.795,5.624865845990551e-06
282.86,4.689033184722691e-06
282.926,3.849584913669929e-06
282.991,3.0996544681495633e-06
283.056,2.4318596210804752e-06
283.121,1.8378468951572053e-06
283.186,1.3144588791415395e-06
283.251,8.480020498348727e-07
283.316,4.354278158335805e-07
283.382,7.44199486048141e-08
283.447,0.0
283.512,0.0
283.577,0.0
283.642,0.0
283.707,0.0
283.772,0.0
283.837,0.0
283.902,0.0
283.967,0.0
284.032,0.0
284.097,0.0
284.163,6.645447026816731e-07
284.228,1.6667211424149774e-06
284.293,2.9197334834966474e-06
284.358,4.367342519448707e-06
284.423,5.907610010091594e-06
284.488,7.592762469040208e-06
284.553,9.537528692347941e-06
284.618,1.2052069402786755e-05
284.683,1.5736096130694896e-05
284.748,2.0938168976406565e-05
284.812,2.8336381005451006e-05
284.877,4.038463636656061e-05
284.942,6.0061312074326694e-05
285.007,8.840209099219235e-05
285.072,0.00015461556073642754
285.137,0.0002911922543265756
285.202,0.00039759393065804923
285.267,0.00033880148254928684
285.332,0.00020827297493644637
285.397,0.00013276655370348628
285.462,9.364410561469331e-05
285.527,6.706830477327375e-05
285.591,5.104816658847329e-05
285.656,4.113170954751701e-05
285.721,3.323511752084798e-05
285.786,2.6739864755871913e-05
285.851,2.201713918758269e-05
285.916,1.8479861843387706e-05
285.981,1.5754168407481894e-05
286.045,1.3559587611742786e-05
286.11,1.157744978438029e-05
286.175,9.750933853220982e-06
286.24,8.136299162683053e-06
286.305,6.755332236995714e-06
286.369,5.610786860701705e-06
286.434,4.708770115549518e-06
286.499,3.996994522544763e-06
286.564,3.429875224224733e-06
286.628,2.9810929082479137e-06
286.693,2.6104183884652814e-06
286.758,2.281257410499508e-06
286.823,2.091654059141547e-06
286.887,2.0257993800617674e-06
286.952,2.071043742768315e-06
287.017,2.222686653166539e-06
287.082,1.7480235233423577e-06
287.146,6.568855334122343e-07
287.211,2.0450442918802393e-07
287.276,3.9481323365371626e-07
287.34,4.962294325410872e-07
287.405,5.112295196422877e-07
287.47,4.3914466523123765e-07
287.534,2.800314569523932e-07
287.599,1.54636682292063e-07
287.663,5.6238446766477454e-08
287.728,0.0
287.793,0.0
287.857,0.0
287.922,0.0
287.987,0.0
288.051,0.0
288.116,0.0
288.18,0.0
288.245,0.0
288.309,0.0
288.374,0.0
288.439,0.0
288.503,0.0
288.568,0.0
288.632,0.0
288.697,0.0
288.761,0.0
288.826,0.0
288.89,0.0
288.955,0.0
289.019,0.0
289.084,0.0
289.148,0.0
289.212,0.0
289.277,0.0
289.341,0.0
289.406,0.0
289.47,0.0
289.535,0.0
289.599,0.0
289.663,0.0
289.728,0.0
289.792,0.0
289.857,0.0
289.921,1.4821554825297866e-07
289.985,3.0461304099048204e-07
290.05,4.5854346949311803e-07
290.114,6.136932250651603e-07
290.178,7.766319013847837e-07
290.243,9.553860835634082e-07
290.307,1.1440707938089239e-06
290.371,1.332385277330171e-06
290.436,1.5097533399163414e-06
290.5,1.6925382447901688e-06
290.564,1.8818263837349665e-06
290.629,2.087499822481278e-06
290.693,2.296482611144059e-06
290.757,2.486619817063265e-06
290.821,2.6828503001096585e-06
290.886,2.9349838254037606e-06
290.95,3.299323409490107e-06
291.014,3.7217067203165787e-06
291.078,4.205750655745183e-06
291.143,4.583411781881344e-06
291.207,5.031056991867421e-06
291.271,5.8346996057849196e-06
291.335,6.254024301258603e-06
291.399,7.047814281833041e-06
291.464,1.183789510136777e-05
291.528,1.157352217718129e-05
291.592,1.0995703448308356e-05
291.656,1.0940214952601134e-05
291.72,6.930399209661087e-06
291.784,6.798430502867325e-06
291.849,6.6410996239388766e-06
291.913,6.361676786668789e-06
291.977,6.563816029216837e-06
292.041,6.9227962647007334e-06
292.105,7.205953581273009e-06
292.169,7.475429780620919e-06
292.233,7.738065032162243e-06
292.297,8.273467138281387e-06
292.361,9.409063302684688e-06
292.425,1.1159558401387073e-05
292.49,1.3697819962570758e-05
292.554,1.6718766086795327e-05
292.618,1.9975064162609617e-05
292.682,2.6881942398563733e-05
292.746,4.2929303985747587e-05
292.81,6.882267705700867e-05
292.874,0.00010067353446581618
292.938,0.00010729207536145644
293.002,9.005776594662559e-05
293.066,7.628961848652216e-05
293.13,6.691336668992947e-05
293.194,6.124354935888629e-05
293.258,5.777608888748261e-05
293.322,5.544789141969231e-05
293.386,5.54097472338801e-05
293.45,6.226646231718401e-05
293.514,7.981273136316129e-05
293.577,0.00012213227139264095
293.641,0.00018425000446294011
293.705,0.00020420124933763007
293.769,0.0001775168882024848
293.833,0.0001439263939432191
293.897,0.00012294956532250467
293.961,9.924991908952623e-05
294.025,8.810630317186419e-05
294.089,7.688180178458611e-05
294.152,6.647417024162326e-05
294.216,5.7489513312344105e-05
294.28,5.0581094619349935e-05
294.344,4.543187437909577e-05
294.408,4.061885797286387e-05
294.472,3.5896177291506864e-05
294.536,3.180983941779205e-05
294.599,2.828992846028214e-05
294.663,2.5277784408872016e-05
294.727,2.2742755137645753e-05
294.791,2.0516116103835884e-05
294.855,1.853303871677866e-05
294.918,1.673790475278432e-05
294.982,1.5084794282572863e-05
295.046,1.3549461755859047e-05
295.11,1.2104596945960133e-05
295.173,1.0733678403913636e-05
295.237,9.437892336213462e-06
295.301,8.224515898375934e-06
295.364,7.112552575320393e-06
295.428,6.106680003197268e-06
295.492,5.21136031638981e-06
295.556,4.432160093751876e-06
295.619,3.7693006788171634e-06
295.683,3.2218960666262656e-06
295.747,2.7797330088456096e-06
295.81,2.431474433078099e-06
295.874,2.1669670570615793e-06
295.938,1.97594571641044e-06
296.001,1.1349850500602968e-06
296.065,0.0
296.128,1.9031257533680364e-06
296.192,6.264247820563828e-07
296.256,8.249665504150993e-08
296.319,2.6695981510622224e-07
296.383,3.714369252333521e-07
296.447,3.926966863352632e-07
296.51,4.1392078705621105e-07
296.574,4.314466535592322e-07
296.637,4.4117913059713684e-07
296.701,4.3859027513161976e-07
296.764,4.2102585365447303e-07
296.828,3.8686163131025795e-07
296.891,3.4951651996631556e-07
296.955,3.086246546828849e-07
297.018,2.639267734241509e-07
297.082,2.167423052242612e-07
297.145,1.6708843313028582e-07
297.209,1.1554195229035432e-07
297.272,6.281437223622908e-08
297.336,9.416448729444004e-09
297.399,0.0
297.463,0.0
297.526,0.0
297.59,0.0
297.653,0.0
297.717,0.0
297.78,0.0
297.843,0.0
297.907,0.0
297.97,0.0
298.034,0.0
298.097,0.0
298.16,0.0
298.224,0.0
298.287,0.0
298.35,0.0
298.414,0.0
298.477,0.0
298.54,0.0
298.604,0.0
298.667,0.0
298.73,0.0
298.794,0.0
298.857,0.0
298.92,0.0
298.984,0.0
299.047,0.0
299.11,0.0
299.173,0.0
299.237,0.0
299.3,0.0
299.363,0.0
299.426,0.0
299.489,0.0
299.553,0.0
299.616,0.0
299.679,0.0
299.742,0.0
299.805,0.0
299.868,0.0
299.932,1.137740494635191e-06
299.995,0.0
300.058,0.0
300.121,0.0
300.184,0.0
300.247,0.0
300.31,0.0
300.374,0.0
300.437,0.0
300.5,0.0
300.563,0.0
300.626,0.0
300.689,0.0
300.752,0.0
300.815,0.0
300.878,0.0
300.941,0.0
301.004,0.0
301.067,0.0
301.13,0.0
301.193,0.0
301.256,0.0
301.319,0.0
301.382,0.0
301.445,0.0
301.508,0.0
301.571,0.0
301.634,0.0
301.697,0.0
301.76,0.0
301.823,0.0
301.885,0.0
301.948,0.0
302.011,0.0
302.074,0.0
302.137,0.0
302.2,0.0
302.263,0.0
302.326,0.0
302.388,0.0
302.451,0.0
302.514,0.0
302.577,0.0
302.64,0.0
302.703,0.0
302.765,0.0
302.828,0.0
302.891,0.0
302.954,0.0
303.016,0.0
303.079,0.0
303.142,0.0
303.205,0.0
303.267,0.0
303.33,0.0
303.393,0.0
303.456,0.0
303.518,0.0
303.581,0.0
303.644,0.0
303.706,0.0
303.769,0.0
303.832,0.0
303.894,0.0
303.957,0.0
304.02,0.0
304.082,0.0
304.145,0.0
304.207,0.0
304.27,0.0
304.333,0.0
304.395,0.0
304.458,0.0
304.52,0.0
304.583,0.0
304.646,0.0
304.708,0.0
304.771,0.0
304.833,0.0
304.896,0.0
304.958,0.0
305.021,0.0
305.083,0.0
305.146,0.0
305.208,0.0
305.271,0.0
305.333,0.0
305.396,0.0
305.458,0.0
305.52,0.0
305.583,0.0
305.645,0.0
305.708,0.0
305.77,0.0
305.833,0.0
305.895,0.0
305.957,0.0
306.02,0.0
306.082,0.0
306.144,0.0
306.207,0.0
306.269,0.0
306.331,0.0
306.394,0.0
306.456,0.0
306.518,0.0
306.581,0.0
306.643,0.0
306.705,0.0
306.768,0.0
306.83,0.0
306.892,0.0
306.954,0.0
307.017,0.0
307.079,0.0
307.141,0.0
307.203,0.0
307.266,2.370466480491868e-08
307.328,8.874274605138801e-08
307.39,1.5319128381227017e-07
307.452,2.1713456343539912e-07
307.514,2.801757370560793e-07
307.577,3.4012604789801197e-07
307.639,3.945567736864263e-07
307.701,4.4017970370109594e-07
307.763,4.7488691027818897e-07
307.825,4.974707362774644e-07
307.887,5.102715823852932e-07
307.949,5.200104088075731e-07
308.012,5.321702761490795e-07
308.074,5.520440470302306e-07
308.136,5.849568760126854e-07
308.198,6.363131191636724e-07
308.26,7.127780594792117e-07
308.322,8.204964916591845e-07
308.384,9.625521061940675e-07
308.446,1.1267420104684908e-06
308.508,1.3137643889131979e-06
308.57,1.5343784708864148e-06
308.632,1.7976970084735045e-06
308.694,2.1185521719367847e-06
308.756,2.5095892475451607e-06
308.818,2.9789111525046747e-06
308.88,3.528889021576303e-06
308.942,4.236156688114748e-06
309.004,5.089224741867274e-06
309.066,6.059607952898755e-06
309.128,7.129353934538523e-06
309.19,8.110799872757727e-06
309.252,8.955695376703061e-06
309.314,9.618496411603824e-06
309.376,1.0059747715246015e-05
309.438,1.0349889315771767e-05
309.5,1.0477318583064467e-05
309.562,1.0440290840591548e-05
309.624,1.0166408251404068e-05
309.686,9.67199227198981e-06
309.747,8.990688688898283e-06
309.809,8.160896387019434e-06
309.871,7.367261670527569e-06
309.933,6.62275291710148e-06
309.995,5.956000997277846e-06
310.057,5.396315818397531e-06
310.119,4.868972364869627e-06
310.18,4.38418624335208e-06
310.242,3.942953907062809e-06
310.304,3.5434420021000256e-06
310.366,3.180705592659082e-06
310.428,2.8513756370181925e-06
310.489,2.545351507196987e-06
310.551,2.250573302718827e-06
310.613,1.9804099305648803e-06
310.675,1.733479409702491e-06
310.737,1.5083966623055108e-06
310.798,1.302629835215535e-06
310.86,1.1135619273907643e-06
310.922,9.402515517452901e-07
310.983,7.81404991200961e-07
311.045,6.356380041055797e-07
311.107,4.996369093741262e-07
311.169,3.7154250501893514e-07
311.23,2.5086214758611733e-07
311.292,1.375428004969323e-07
311.354,3.2019186382609815e-08
311.415,0.0
311.477,0.0
311.539,0.0
311.6,0.0
311.662,0.0
311.724,0.0
311.785,0.0
311.847,0.0
311.908,0.0
311.97,0.0
312.032,0.0
312.093,0.0
312.155,0.0
312.216,0.0
312.278,0.0
312.339,0.0
312.401,6.854183866029205e-08
312.462,1.469454202286301e-07
312.524,2.2701996919561082e-07
312.585,3.0796135126666544e-07
312.647,3.889639583648988e-07
312.708,4.691725362914548e-07
312.77,5.479319090316763e-07
312.831,6.247009422937507e-07
312.893,6.990352890681463e-07
312.954,7.705607065606306e-07
313.016,8.389355562555895e-07
313.077,9.039329679621668e-07
313.139,9.653796740442298e-07
313.2,1.0231804431167558e-06
313.261,1.0772984748771833e-06
313.323,1.1276605114565637e-06
313.384,1.1741379243808146e-06
313.446,1.2163576370660614e-06
313.507,1.2540291208644172e-06
313.568,1.2868813250261695e-06
313.63,1.3147288418600097e-06
313.691,1.3374839891779874e-06
313.752,1.3551157101553765e-06
313.814,1.3676906346424018e-06
313.875,1.3753094288559927e-06
313.936,1.3781285213418568e-06
313.998,1.3763258243989605e-06
314.059,1.3700871290248236e-06
314.12,1.359640353600788e-06
314.182,1.3451984075467986e-06
314.243,1.3269463097268116e-06
314.304,1.3050721265939055e-06
314.365,1.2798077754525957e-06
314.427,1.2513432180757744e-06
314.488,1.219873108102691e-06
314.549,1.1856587283589418e-06
314.61,1.148925310507689e-06
314.672,1.1099459769833268e-06
314.733,1.0690603482736764e-06
314.794,1.0265540428698238e-06
314.855,9.826703252701255e-07
314.917,9.376608288188023e-07
314.978,8.917408143090923e-07
315.039,8.450503932165502e-07
315.1,7.977371727500811e-07
315.161,7.499125655552463e-07
315.222,7.016418594333647e-07
315.283,6.530469224805911e-07
315.345,6.042705820282585e-07
315.406,5.554815846506878e-07
315.467,5.068594901349124e-07
315.528,4.586074531830653e-07
315.589,4.1092940100229444e-07
315.65,3.640129803428014e-07
315.711,3.180076849820947e-07
315.772,2.7303383302701007e-07
315.833,2.2924415951401843e-07
315.894,1.8678536478004538e-07
315.955,1.4582061075984338e-07
316.016,1.0654285952670201e-07
316.078,6.907777803027135e-08
316.139,3.3547730943997676e-08
316.2,1.4222096044553386e-10
316.261,0.0
316.322,0.0
316.383,0.0
316.444,0.0
316.504,0.0
316.565,0.0
316.626,0.0
316.687,0.0
316.748,0.0
316.809,0.0
316.87,0.0
316.931,0.0
316.992,0.0
317.053,0.0
317.114,0.0
317.175,0.0
317.235,0.0
317.296,0.0
317.357,0.0
317.418,0.0
317.479,0.0
317.54,0.0
317.601,0.0
317.661,0.0
317.722,0.0
317.783,0.0
317.844,0.0
317.904,0.0
317.965,0.0
318.026,0.0
318.087,0.0
318.148,0.0
318.208,1.2474015787975423e-09
318.269,2.3769217493705706e-08
318.33,4.723954944013831e-08
318.39,5.72684830316827e-08
318.451,5.389751424332665e-08
318.512,3.71070627031978e-08
318.572,6.8914277011122206e-09
318.633,0.0
318.694,0.0
318.754,0.0
318.815,0.0
318.876,0.0
318.936,0.0
318.997,0.0
319.058,1.4820200535627888e-07
319.118,2.823798091885888e-07
319.179,3.426639475384604e-07
319.239,3.290935476281043e-07
319.3,2.417118212627196e-07
319.361,1.6654798093697892e-07
319.421,1.0366376833803374e-07
319.482,5.314251663798082e-08
319.542,1.5070849812519823e-08
319.603,0.0
319.663,0.0
319.724,0.0
319.784,0.0
319.845,0.0
319.905,5.635251775215529e-09
319.966,1.1908665571969298e-08
320.026,1.6309703853886423e-08
320.087,1.8881117024868513e-08
320.147,1.9643859591260035e-08
320.208,1.858298271312919e-08
320.268,1.573066583587862e-08
320.329,1.2773246972718846e-08
320.389,9.574557732441479e-09
320.449,6.0653245039611885e-09
320.51,2.187228406218558e-09
320.57,0.0
320.631,0.0
320.691,0.0
320.751,0.0
320.812,0.0
320.872,0.0
320.932,0.0
320.993,0.0
321.053,0.0
321.113,0.0
321.174,0.0
321.234,0.0
321.294,0.0
321.355,0.0
321.415,0.0
321.475,0.0
321.535,0.0
321.596,0.0
321.656,0.0
321.716,0.0
321.776,0.0
321.837,0.0
321.897,0.0
321.957,0.0
322.017,0.0
322.077,0.0
322.138,0.0
322.198,0.0
322.258,0.0
322.318,0.0
322.378,0.0
322.438,0.0
322.499,0.0
322.559,0.0
322.619,0.0
322.679,0.0
322.739,0.0
322.799,0.0
322.859,0.0
322.919,0.0
322.979,0.0
323.039,0.0
323.099,0.0
323.159,0.0
323.219,0.0
323.279,0.0
323.339,0.0
323.399,0.0
323.459,0.0
323.519,0.0
323.579,0.0
323.639,5.014884374418643e-09
323.699,1.8696789207454195e-08
323.759,3.213183327825389e-08
323.819,4.5281253401358884e-08
323.879,5.808666051866578e-08
323.939,7.046814615535907e-08
323.999,8.231791871856514e-08
324.059,9.351997573436589e-08
324.119,1.8521741151570404e-07
324.178,3.5733810424840173e-07
324.238,0.0
324.298,0.0
324.358,1.355554943543425e-06
324.418,3.325687012098641e-07
324.478,0.0
324.538,7.095813555204354e-08
324.597,1.5563506268608066e-07
324.657,1.584923044007161e-07
324.717,1.6084864878255966e-07
324.777,1.6273729504921528e-07
324.837,1.6419813452492345e-07
324.896,1.653092287983266e-07
324.956,1.6613221520822133e-07
325.016,1.667036319268344e-07
325.076,1.6703479605515933e-07
325.135,1.6718379562621481e-07
325.195,1.6730290105834065e-07
325.255,1.6757091161037732e-07
325.315,1.681625645157284e-07
325.374,1.6913995402127044e-07
325.434,1.7045023313388308e-07
325.494,1.7201012833382845e-07
325.553,1.7362720602203435e-07
325.613,1.7527656090659523e-07
325.673,1.7696185366350488e-07
325.732,1.786952998300787e-07
325.792,1.804992121788239e-07
325.852,1.8245142723565037e-07
325.911,1.8468101359552203e-07
325.971,1.8733774294931831e-07
326.031,1.9060771865598918e-07
326.09,1.946591348391272e-07
326.15,1.996027645856047e-07
326.209,2.0549205078649258e-07
326.269,2.12354690225441e-07
326.328,2.2022697772621153e-07
326.388,2.291151812819874e-07
326.448,2.388969865235423e-07
326.507,2.4932464723687555e-07
326.567,2.6012885426488236e-07
326.626,2.7104365638938814e-07
326.686,2.8182906909667694e-07
326.745,2.9230619873685723e-07
326.805,3.0225576063675096e-07
326.864,3.113918157198645e-07
326.924,3.194441810408834e-07
326.983,3.261172158405567e-07
327.043,3.30683242481355e-07
327.102,3.3221471657962405e-07
327.161,3.297663332601198e-07
327.221,3.224109410867739e-07
327.28,3.094445286933639e-07
327.34,2.9056448662633406e-07
327.399,2.661269196666583e-07
327.459,2.373119956565391e-07
327.518,2.0470514826585602e-07
327.577,1.6901023597127509e-07
327.637,1.3089242081413955e-07
327.696,9.116691220736901e-08
327.755,5.0466845698217045e-08
327.815,9.027352194363927e-09
327.874,0.0
327.933,0.0
327.993,0.0
328.052,0.0
328.111,0.0
328.171,0.0
328.23,0.0
328.289,0.0
328.349,0.0
328.408,0.0
328.467,0.0
328.526,0.0
328.586,0.0
328.645,0.0
328.704,0.0
328.763,0.0
328.822,0.0
328.882,0.0
328.941,0.0
329.0,0.0
329.059,0.0
329.118,0.0
329.177,0.0
329.237,0.0
329.296,0.0
329.355,8.61741537137779e-08
329.414,2.2724401466247605e-07
329.473,3.720191645005085e-07
329.532,5.443675607574622e-07
329.591,8.470637128105559e-07
329.65,1.3030641958083872e-06
329.709,1.9039539589313008e-06
329.768,2.706229767901121e-06
329.827,3.6762717678123156e-06
329.886,5.032913498029953e-06
329.945,7.2534852888478115e-06
330.004,1.068065431174573e-05
330.063,1.5976616096356417e-05
330.122,2.3448655122846298e-05
330.181,2.9967666146296757e-05
330.24,3.0200636057649803e-05
330.299,2.3491917188068143e-05
330.358,1.4859192372732638e-05
330.417,8.462722653300278e-06
330.476,4.540446977924773e-06
330.535,2.2426230220897933e-06
330.594,1.196788133070661e-06
330.653,8.565558233221432e-07
330.712,7.438742646511285e-07
330.771,6.322036127824416e-07
330.83,4.5930510760688094e-07
330.889,2.3611882022559577e-07
330.948,0.0
331.006,0.0
331.065,0.0
331.124,0.0
331.183,0.0
331.242,0.0
331.301,0.0
331.359,0.0
331.418,0.0
331.477,0.0
331.536,0.0
331.595,0.0
331.653,0.0
331.712,0.0
331.771,0.0
331.83,0.0
331.888,0.0
331.947,0.0
332.006,0.0
332.065,0.0
332.123,0.0
332.182,0.0
332.241,0.0
332.299,0.0
332.358,0.0
332.417,0.0
332.475,0.0
332.534,0.0
332.592,0.0
332.651,0.0
332.71,5.578580141994826e-08
332.768,2.4185854391784954e-07
332.827,4.3029827066398495e-07
332.885,6.035538987787575e-07
332.944,7.456555541880779e-07
333.003,8.550341470325417e-07
333.061,9.292286269487686e-07
333.12,9.667444922098033e-07
333.178,9.671011668359887e-07
333.237,9.304844751714059e-07
333.295,8.574706110635866e-07
333.354,8.423407931621911e-07
333.412,9.71411869619791e-07
333.471,1.2453293713237242e-06
333.529,1.6645827631020598e-06
333.588,2.0694293807692303e-06
333.646,2.3136412253783316e-06
333.705,2.397361928037187e-06
333.763,2.3206704792933896e-06
333.822,2.177669990717979e-06
333.88,2.054661071298433e-06
333.938,1.9521477263361052e-06
333.997,1.8706069000860043e-06
334.055,1.8105096577926255e-06
334.114,1.7722930248924469e-06
334.172,1.756312433372947e-06
334.23,1.762833518826916e-06
334.289,1.7763759508536e-06
334.347,1.7828470299784708e-06
334.405,1.7825097422034453e-06
334.464,1.7756647835632204e-06
334.522,1.7626580501721266e-06
334.58,1.7438011839577527e-06
334.639,1.7193929620013585e-06
334.697,1.6899970678190016e-06
334.755,1.6579156524596184e-06
334.814,1.6252419355420254e-06
334.872,1.5923385370120958e-06
334.93,1.559687668513069e-06
334.988,1.5276267904940406e-06
335.047,1.496427904286903e-06
335.105,1.4662870172531003e-06
335.163,1.437304622874893e-06
335.221,1.409561025541307e-06
335.28,1.3830955214216518e-06
335.338,1.3578799428321512e-06
335.396,1.3339226582661361e-06
335.454,1.3112462040393834e-06
335.512,1.2897919173551193e-06
335.57,1.2694567582286834e-06
335.629,1.248533800164278e-06
335.687,1.226720841416989e-06
335.745,1.2037481444817387e-06
335.803,1.1794129360451657e-06
335.861,1.1535427579621412e-06
335.919,1.1259800680201454e-06
335.977,1.096576009585626e-06
336.035,1.0651778664128612e-06
336.094,1.0316868717912085e-06
336.152,9.960909201058998e-07
336.21,9.583667135720205e-07
336.268,9.184759315804977e-07
336.326,8.76340887033084e-07
336.384,8.318640477300583e-07
336.442,7.850093560110316e-07
336.5,7.357852111484341e-07
336.558,6.932628406082577e-07
336.616,6.574378067685591e-07
336.674,6.282945813845356e-07
336.732,6.057835282491248e-07
336.79,5.898854232330816e-07
336.848,5.806179200706204e-07
336.906,5.77940340912121e-07
336.964,5.818259893277647e-07
337.022,5.767740925718716e-07
337.08,5.627452765055112e-07
337.138,5.397737347345596e-07
337.195,5.079476557574295e-07
337.253,4.673383421052308e-07
337.311,4.1803668047263065e-07
337.369,3.6020006814503633e-07
337.427,2.939944664555548e-07
337.485,2.2870259687158681e-07
337.543,1.6458157428755959e-07
337.601,1.018177654234461e-07
337.658,4.0560781049260056e-08
337.716,0.0
337.774,0.0
337.832,0.0
337.89,0.0
337.947,0.0
338.005,0.0
338.063,0.0
338.121,0.0
338.178,0.0
338.236,0.0
338.294,0.0
338.352,0.0
338.409,0.0
338.467,0.0
338.525,0.0
338.583,0.0
338.64,0.0
338.698,0.0
338.756,0.0
338.813,0.0
338.871,0.0
338.928,3.649463566953211e-07
338.986,0.0
339.044,0.0
339.101,0.0
339.159,0.0
339.216,0.0
339.274,0.0
339.332,0.0
339.389,0.0
339.447,0.0
339.504,0.0
339.562,0.0
339.619,0.0
339.677,0.0
339.734,0.0
339.792,0.0
339.849,0.0
339.907,0.0
339.964,0.0
340.022,0.0
340.079,0.0
340.137,0.0
340.194,0.0
340.252,0.0
340.309,0.0
340.366,0.0
340.424,0.0
340.481,0.0
340.538,0.0
340.596,0.0
340.653,0.0
340.711,0.0
340.768,0.0
340.825,0.0
340.883,0.0
340.94,0.0
340.997,0.0
341.054,0.0
341.112,0.0
341.169,0.0
341.226,0.0
341.284,0.0
341.341,0.0
341.398,0.0
341.455,0.0
341.512,0.0
341.57,0.0
341.627,0.0
341.684,0.0
341.741,0.0
341.798,0.0
341.856,0.0
341.913,0.0
341.97,0.0
342.027,0.0
342.084,0.0
342.141,0.0
342.198,0.0
342.255,0.0
342.313,0.0
342.37,0.0
342.427,0.0
342.484,0.0
342.541,0.0
342.598,0.0
342.655,0.0
342.712,0.0
342.769,0.0
342.826,0.0
342.883,0.0
342.94,0.0
342.997,9.987034454472515e-08
343.054,2.248040776068772e-07
343.111,3.543843214669254e-07
343.168,4.879644616630689e-07
343.225,6.24859664108245e-07
343.282,7.644245531115052e-07
343.339,9.060562302223375e-07
343.395,1.0491173031761801e-06
343.452,1.190692885508844e-06
343.509,1.327777022877305e-06
343.566,1.4572805679800081e-06
343.623,1.5786379479423685e-06
343.68,1.691325285348856e-06
343.737,1.7947678095177757e-06
343.794,1.8883585837933681e-06
343.85,1.9715600726940744e-06
343.907,2.0439019913422697e-06
343.964,2.1049636247189484e-06
344.021,2.154424072154704e-06
344.078,2.1920475595968188e-06
344.134,2.2176449494350938e-06
344.191,2.2311179843761776e-06
344.248,2.2324585785450794e-06
344.305,2.2217199024957458e-06
344.361,2.200334497166939e-06
344.418,2.1698508332994672e-06
344.475,2.1319175831135005e-06
344.532,2.009507165517256e-06
344.588,1.8029328560758195e-06
344.645,2.156502464060898e-06
344.702,3.0707156681746673e-06
344.758,6.828433319455609e-07
344.815,1.5865846734822398e-06
344.872,1.919240330342602e-06
344.928,1.6813368214918785e-06
344.985,1.5173181494115131e-06
345.042,1.4278043829208772e-06
345.098,1.3360865809419606e-06
345.155,1.2426589880997452e-06
345.212,1.1480507680114491e-06
345.268,1.0527867607999385e-06
345.325,9.573623079683767e-07
345.381,8.622822962113057e-07
345.438,7.680242453166864e-07
345.495,6.750342246832792e-07
345.551,5.838103140288564e-07
345.608,4.94904908295802e-07
345.664,4.088383211230848e-07
345.721,3.260931210396083e-07
345.777,2.4713416499139117e-07
345.834,1.7233145943647505e-07
345.89,1.0196709387146516e-07
345.947,3.6276845182296904e-08
346.003,0.0
346.06,0.0
346.116,0.0
346.173,0.0
346.229,0.0
346.285,0.0
346.342,0.0
346.398,0.0
346.455,0.0
346.511,0.0
346.567,0.0
346.624,0.0
346.68,0.0
346.737,0.0
346.793,0.0
346.849,0.0
346.906,0.0
346.962,0.0
347.018,0.0
347.074,0.0
347.131,0.0
347.187,0.0
347.243,0.0
347.3,0.0
347.356,0.0
347.412,0.0
347.468,0.0
347.524,0.0
347.581,0.0
347.637,0.0
347.693,0.0
347.749,0.0
347.805,0.0
347.862,0.0
347.918,0.0
347.974,0.0
348.03,0.0
348.086,0.0
348.142,0.0
348.198,0.0
348.254,0.0
348.311,0.0
348.367,0.0
348.423,0.0
348.479,2.0131524983967508e-08
348.535,4.4870134234231835e-08
348.591,7.025115912661642e-08
348.647,9.62424528654265e-08
348.703,1.227230223278683e-07
348.759,1.4950097790716184e-07
348.815,1.7636753353145426e-07
348.871,2.0314308971642813e-07
348.927,2.2969055146151718e-07
348.983,2.5585274492431253e-07
349.039,2.814400358429979e-07
349.095,3.0625003204660676e-07
349.151,3.3012453072232737e-07
349.207,3.5299120752890407e-07
349.263,3.7480415966956334e-07
349.319,3.954930063156522e-07
349.374,4.149625718496442e-07
349.43,4.330864762883736e-07
349.486,4.497202259662254e-07
349.542,4.6475998055359836e-07
349.598,4.781262367398374e-07
349.654,4.897292237192249e-07
349.71,4.995432873078677e-07
349.766,5.075938588790094e-07
349.821,5.13918584198018e-07
349.877,5.186263494650208e-07
349.933,5.218621328368628e-07
349.989,5.237201192290414e-07
350.045,5.242366189554216e-07
350.1,5.234067835198273e-07
350.156,5.211850269019606e-07
350.212,5.175495931808133e-07
350.268,5.125291179738796e-07
350.323,5.06133410318337e-07
350.379,4.983639730991968e-07
350.435,5.727463340490636e-07
350.491,6.40082008173966e-07
350.546,4.857426819807967e-09
350.602,0.0
350.658,3.0344247778448477e-06
350.713,0.0
350.769,0.0
350.825,5.84897161922517e-07
350.88,4.7500413837243984e-07
350.936,3.7078817144135396e-07
350.992,3.5577212066739095e-07
351.047,3.4065881701186363e-07
351.103,3.255007119080384e-07
351.158,3.103946097990303e-07
351.214,2.9546359230660256e-07
351.27,2.8084014146818227e-07
351.325,2.6659647253978094e-07
351.381,2.527666777389493e-07
351.436,2.393906030768847e-07
351.492,2.2644338742992485e-07
351.547,2.1387028795709363e-07
351.603,2.0161994974741685e-07
351.658,1.8958255614885078e-07
351.714,1.776110777254061e-07
351.769,1.656051766385864e-07
351.825,1.535249238697536e-07
351.88,1.4137194039104493e-07
351.936,1.2920713752882458e-07
351.991,1.1708749827998965e-07
352.047,1.0501820812095676e-07
352.102,9.303333150921567e-08
352.158,8.121031200593748e-08
352.213,6.961467103596428e-08
352.268,5.826633358665818e-08
352.324,4.713681940411263e-08
352.379,3.61697431070872e-08
352.434,2.5360597856427947e-08
352.49,1.479287862828438e-08
352.545,4.541352367017577e-09
352.601,0.0
352.656,0.0
352.711,0.0
352.767,0.0
352.822,0.0
352.877,0.0
352.932,0.0
352.988,0.0
353.043,0.0
353.098,0.0
353.153,0.0
353.209,0.0
353.264,0.0
353.319,0.0
353.374,0.0
353.43,0.0
353.485,0.0
353.54,0.0
353.595,0.0
353.65,0.0
353.705,0.0
353.761,0.0
353.816,0.0
353.871,0.0
353.926,0.0
353.981,0.0
354.036,0.0
354.091,0.0
354.146,0.0
354.201,0.0
354.256,0.0
354.311,0.0
354.367,0.0
354.422,0.0
354.477,0.0
354.532,0.0
354.587,0.0
354.642,0.0
354.697,0.0
354.751,0.0
354.806,0.0
354.861,0.0
354.916,0.0
354.971,2.43060751998623e-09
355.026,1.3572913366894085e-08
355.081,2.5251167567338287e-08
355.136,3.745483697367305e-08
355.191,5.014233771143665e-08
355.246,6.323634226944905e-08
355.301,7.668090591083791e-08
355.355,9.040151843303088e-08
355.41,1.0431026768240709e-07
355.465,1.1834772754781452e-07
355.52,1.3243939896631586e-07
355.575,1.4649157444943526e-07
355.63,1.6043547256224672e-07
355.684,1.7423080968071926e-07
355.739,1.878580084959285e-07
355.794,2.0132755408602783e-07
355.849,2.1463101036047027e-07
355.904,2.2774558416464373e-07
355.958,2.4068791065988674e-07
356.013,2.535299476350331e-07
356.068,2.663509865242915e-07
356.123,2.792070434369986e-07
356.177,2.9208916699550063e-07
356.232,3.0492325955581256e-07
356.287,3.1768241498937005e-07
356.341,3.303556253844086e-07
356.396,3.4288853920745453e-07
356.451,3.5522978192645154e-07
356.505,3.672910865151396e-07
356.56,3.7893830226957264e-07
356.615,3.901190666561433e-07
356.669,4.008075165558997e-07
356.724,4.1094418200209236e-07
356.778,4.2049715238163745e-07
356.833,4.293849363613908e-07
356.888,4.374848862406983e-07
356.942,4.4472117888258304e-07
356.997,4.510570256549807e-07
357.051,4.564309948907349e-07
357.106,4.6085265584695676e-07
357.16,4.6432978451985793e-07
357.215,4.6685136030065454e-07
357.269,4.6847566341611723e-07
357.324,4.6932334414773406e-07
357.378,4.6948450396351413e-07
357.433,4.6903209228812014e-07
357.487,4.6800349352109665e-07
357.542,4.6638733178855405e-07
357.596,4.6422147944433255e-07
357.651,4.615742019849272e-07
357.705,4.584692082761896e-07
357.76,4.5487972376358004e-07
357.814,4.5076268289023034e-07
357.868,4.4609703001412404e-07
357.923,4.409373596280168e-07
357.977,4.3540177034315455e-07
358.032,4.295308636374465e-07
358.086,4.232908036404224e-07
358.14,4.16649320878318e-07
358.195,4.0955757776936746e-07
358.249,4.0205543890853904e-07
358.303,3.942242047425163e-07
358.358,3.8601692076488754e-07
358.412,3.7728358550571804e-07
358.466,3.678732030404738e-07
358.521,3.576089171820864e-07
358.575,3.466151902757037e-07
358.629,3.351418832823715e-07
358.683,3.233919067051768e-07
358.738,3.114800768697288e-07
358.792,2.995240285052626e-07
358.846,2.874024153490639e-07
358.9,2.7515584967740927e-07
358.954,2.6299512118884244e-07
359.009,2.510912434474597e-07
359.063,2.393324993981702e-07
359.117,2.2766327848239262e-07
359.171,2.160542344417365e-07
359.225,2.0451830511465684e-07
359.28,1.9306031333229844e-07
359.334,1.8158431859857503e-07
359.388,1.698921294780853e-07
359.442,1.5775034221548882e-07
359.496,1.4493592894860347e-07
359.55,1.3120060788010965e-07
359.604,1.16239187128949e-07
359.658,9.974791548407002e-08
359.712,8.14718417155671e-08
359.766,6.136071572919928e-08
359.82,3.9607351427814274e-08
359.875,1.6486252661532044e-08
359.929,0.0
359.983,0.0
360.037,0.0
360.091,0.0
360.145,0.0
360.199,0.0
360.253,0.0
360.306,0.0
360.36,0.0
360.414,0.0
360.468,0.0
360.522,0.0
360.576,0.0
360.63,0.0
360.684,0.0
360.738,0.0
360.792,0.0
360.846,0.0
360.899,0.0
360.953,0.0
361.007,0.0
361.061,0.0
361.115,0.0
361.168,0.0
361.222,0.0
361.276,0.0
361.33,0.0
361.384,0.0
361.437,0.0
361.491,0.0
361.545,0.0
361.599,0.0
361.652,0.0
361.706,0.0
361.76,0.0
361.813,0.0
361.867,5.495599872914128e-10
361.921,8.537980081704775e-08
361.974,1.7438649294076047e-07
362.028,2.5861334205127854e-07
362.082,3.234163339948694e-07
362.135,4.7579056522594936e-07
362.189,6.873638042332072e-07
362.242,9.335285019591154e-07
362.296,1.2288770172653826e-06
362.35,9.76334334679779e-07
362.403,1.9606832642464305e-07
362.457,1.630559263321926e-08
362.51,3.4209390224990773e-07
362.564,3.032590069589442e-07
362.617,0.0
362.671,0.0
362.724,0.0
362.778,2.8943703596876246e-07
362.831,7.624299683465202e-07
362.885,8.439293040982734e-08
362.938,0.0
362.998,8.85320541197087e-07
363.06,9.001415483302298e-07
363.122,9.121826957275851e-07
363.184,9.211252506479075e-07
363.246,9.266720422401971e-07
363.308,9.286624678832773e-07
363.37,9.270081441022402e-07
363.432,9.215714766456661e-07
363.494,9.122848945518471e-07
363.556,8.991281400475213e-07
363.618,8.820899070668645e-07
363.68,8.614003470977984e-07
363.742,8.373425861187342e-07
363.804,8.100561353858061e-07
363.866,7.797028951667851e-07
363.928,7.464657923762187e-07
363.99,7.105589846160439e-07
364.052,6.723429324403786e-07
364.114,6.321564357944704e-07
364.176,5.901281859376368e-07
364.238,5.464350354131086e-07
364.3,5.013838916618716e-07
364.362,4.5531303585736544e-07
364.424,4.0865470700247135e-07
364.486,3.617025870832613e-07
364.548,3.1456660778394023e-07
364.609,2.6735962464292976e-07
364.671,2.2027029031817855e-07
364.733,1.7357999273970762e-07
364.795,1.2757469797368832e-07
364.857,8.253915858475025e-08
364.919,3.8716929393725904e-08
364.981,0.0
365.042,0.0
365.104,0.0
365.166,0.0
365.228,0.0
365.29,0.0
365.351,0.0
365.413,0.0
365.475,0.0
365.537,0.0
365.598,0.0
365.66,0.0
365.722,0.0
365.784,0.0
365.845,0.0
365.907,0.0
365.969,0.0
366.03,0.0
366.092,0.0
366.154,0.0
366.215,0.0
366.277,0.0
366.339,0.0
366.4,0.0
366.462,0.0
366.524,0.0
366.585,1.2164184559519195e-08
366.647,4.2760942550601065e-08
366.708,7.33284130983336e-08
366.77,1.0353166203127114e-07
366.832,1.3308769802742796e-07
366.893,1.6173267744565516e-07
366.955,1.891642646171754e-07
367.016,2.1500525880455138e-07
367.078,2.3886732746034564e-07
367.139,2.603815268836606e-07
367.201,2.793171842746676e-07
367.262,2.955503454248019e-07
367.324,3.089661229435449e-07
367.385,3.1942494130627966e-07
367.447,3.26703635808238e-07
367.508,3.3064313104267614e-07
367.57,3.312191480999839e-07
367.631,3.2852748678865864e-07
367.693,3.2265974186434203e-07
367.754,3.1356964064094807e-07
367.816,3.0124835139124857e-07
367.877,2.858601812126909e-07
367.939,2.677629140389524e-07
368.0,2.473552853464868e-07
368.062,2.249315796656328e-07
368.123,2.0066714144975725e-07
368.184,1.747597594178819e-07
368.246,1.4759446145067468e-07
368.307,1.196106946318516e-07
368.369,9.114643162792669e-08
368.43,6.235933810030575e-08
368.491,3.334894529041569e-08
368.553,4.304301778573009e-09
368.614,0.0
368.675,0.0
368.737,0.0
368.798,0.0
368.859,0.0
368.921,0.0
368.982,0.0
369.043,0.0
369.104,0.0
369.166,0.0
369.227,0.0
369.288,0.0
369.349,0.0
369.411,0.0
369.472,0.0
369.533,0.0
369.594,0.0
369.656,0.0
369.717,0.0
369.778,0.0
369.839,0.0
369.9,0.0
369.961,0.0
370.023,0.0
370.084,0.0
370.145,0.0
370.206,0.0
370.267,5.514310892116338e-09
370.328,3.275554080340773e-08
370.389,5.992716600607476e-08
370.451,8.682031246667229e-08
370.512,1.1316474076800097e-07
370.573,1.3864591894295348e-07
370.634,1.6286232181913755e-07
370.695,1.8545367962887055e-07
370.756,2.0612547494655776e-07
370.817,2.24562382929351e-07
370.878,2.4049142491283145e-07
370.939,2.536710192725321e-07
371.0,2.6383825602088263e-07
371.061,2.707342595396485e-07
371.122,2.7422933093914137e-07
371.183,2.7428520826166704e-07
371.244,2.7088995786682426e-07
371.305,2.6406061297333916e-07
371.366,2.5371005471666843e-07
371.427,2.3979760855333393e-07
371.488,2.2242720533408016e-07
371.549,2.0178268250882567e-07
371.61,1.7807261323887664e-07
371.671,1.514690769857258e-07
371.732,1.2216577603683944e-07
371.793,9.042443064218074e-08
371.853,5.661016051843999e-08
371.914,2.1024447523735285e-08
371.975,0.0
372.036,0.0
372.097,0.0
372.158,0.0
372.219,0.0
372.28,0.0
372.34,0.0
372.401,0.0
372.462,0.0
372.523,0.0
372.584,0.0
372.645,0.0
372.705,0.0
372.766,0.0
372.827,0.0
372.888,0.0
372.948,0.0
373.009,0.0
373.07,0.0
373.131,0.0
373.191,0.0
373.252,0.0
373.313,0.0
373.373,0.0
373.434,0.0
373.495,0.0
373.555,0.0
373.616,0.0
373.677,0.0
373.737,0.0
373.798,0.0
373.859,0.0
373.919,0.0
373.98,0.0
374.041,0.0
374.101,0.0
374.162,2.355350671662413e-08
374.222,7.709335565726366e-08
374.283,1.2976322343781601e-07
374.343,1.8090757215965274e-07
374.404,2.2993183402366595e-07
374.465,2.7628035171704953e-07
374.525,3.194396233757588e-07
374.586,3.588919055409759e-07
374.646,3.9410023356893156e-07
374.707,4.2454432997446196e-07
374.767,4.4974448058854486e-07
374.828,4.692287145526779e-07
374.888,4.825535866664249e-07
374.949,4.8932917815317e-07
375.009,4.89203020761945e-07
375.07,4.819846115730198e-07
375.13,4.676591890957066e-07
375.19,4.462443919826514e-07
375.251,4.178079557207889e-07
375.311,3.825079429918038e-07
375.372,3.4046774444014733e-07
375.432,2.918245469229215e-07
375.493,2.367711545685252e-07
375.553,1.7540822740033427e-07
375.613,1.078467243006817e-07
375.674,3.426058126931118e-08
375.734,0.0
375.794,0.0
375.855,0.0
375.915,0.0
375.975,0.0
376.036,0.0
376.096,0.0
376.156,0.0
376.217,0.0
376.277,0.0
376.337,0.0
376.398,0.0
376.458,0.0
376.518,0.0
376.578,0.0
376.639,0.0
376.699,0.0
376.759,0.0
376.819,0.0
376.88,0.0
376.94,0.0
377.0,0.0
377.06,0.0
377.12,0.0
377.18,0.0
377.241,0.0
377.301,0.0
377.361,0.0
377.421,0.0
377.481,0.0
377.541,0.0
377.601,0.0
377.661,0.0
377.722,0.0
377.782,0.0
377.842,0.0
377.902,0.0
377.962,0.0
378.022,0.0
378.082,0.0
378.142,0.0
378.202,0.0
378.262,0.0
378.322,0.0
378.382,0.0
378.442,0.0
378.502,0.0
378.562,0.0
378.622,0.0
378.682,0.0
378.742,0.0
378.802,0.0
378.862,0.0
378.921,0.0
378.981,0.0
379.041,0.0
379.101,0.0
379.161,0.0
379.221,0.0
379.281,0.0
379.341,0.0
379.401,0.0
379.46,0.0
379.52,0.0
379.58,0.0
379.64,0.0
379.7,0.0
379.759,0.0
379.819,0.0
379.879,0.0
379.939,0.0
379.999,5.0364469622348936e-08
380.058,1.305510822558688e-07
380.118,1.9857940857387167e-07
380.178,2.534036161841594e-07
380.237,2.951293852231697e-07
380.297,3.2460348712202365e-07
380.357,3.446262042640174e-07
380.417,3.5694018613545074e-07
380.476,3.646705768341818e-07
380.536,3.714250250033373e-07
380.596,3.7972526345560224e-07
380.655,3.9068469620009744e-07
380.715,4.0492389410260496e-07
380.775,4.24151899407555e-07
380.834,4.488066641119417e-07
380.894,4.838720852029966e-07
380.954,5.367752300709128e-07
381.013,6.162061255404399e-07
381.073,7.29560640176336e-07
381.132,8.828799176458783e-07
381.192,1.081391431115502e-06
381.252,1.3319870367967392e-06
381.311,1.636177531126204e-06
381.371,1.9962462363846335e-06
381.43,2.403604817331848e-06
381.49,2.8535396773718124e-06
381.549,3.348120717158328e-06
381.609,3.901837349747438e-06
381.668,4.534621408323286e-06
381.728,5.258694122268817e-06
381.787,6.090006061199422e-06
381.847,7.026635873411e-06
381.906,8.10590842234143e-06
381.966,9.3310782317373e-06
382.025,1.072379948662262e-05
382.085,1.227206132655125e-05
382.144,1.3947281008820002e-05
382.204,1.573249576116351e-05
382.263,1.7676733082549923e-05
382.323,1.992965118387213e-05
382.382,2.2456476935755974e-05
382.441,2.5361101233415205e-05
382.501,2.856179328824641e-05
382.56,3.184860808740919e-05
382.619,3.573900737668858e-05
382.679,4.0958406107204556e-05
382.738,4.831455560082835e-05
382.798,5.999088798202457e-05
382.857,7.635581614947001e-05
382.916,9.001980453300348e-05
382.976,9.241995563356139e-05
383.035,8.93514216157815e-05
383.094,9.823658480002484e-05
383.154,0.00012487519520468094
383.213,0.00015846443934933383
383.272,0.00014705332526591188
383.331,9.932670052293522e-05
383.391,7.893169416494709e-05
383.45,7.590110322849321e-05
383.509,7.944772836163118e-05
383.568,8.481553250097866e-05
383.628,9.474215040361328e-05
383.687,0.00011613010888982118
383.746,0.0001517855863691016
383.805,0.000198707791581314
383.864,0.00019337255894144118
383.924,0.00012513848976332365
383.983,8.168515006682428e-05
384.042,5.844302520378867e-05
384.101,4.625202002082998e-05
384.16,3.776334831033093e-05
384.219,3.1528127367431496e-05
384.279,2.7216600430076493e-05
384.338,2.3934721958949663e-05
384.397,2.1443548643977788e-05
384.456,1.9554875287607564e-05
384.515,1.78549468354246e-05
384.574,1.6222223832826075e-05
384.633,1.4594253752313349e-05
384.692,1.2940253236999241e-05
384.751,1.1400154552024186e-05
384.81,1.0030569366309114e-05
384.869,8.837149451738766e-06
384.929,7.772113664171355e-06
384.988,6.7976455224171075e-06
385.047,5.903995764723681e-06
385.106,5.108569251380659e-06
385.165,4.4336062337136094e-06
385.224,3.847613613749189e-06
385.283,3.3265487020044225e-06
385.342,2.869194803551755e-06
385.401,2.4865436532553644e-06
385.459,2.1869186902658773e-06
385.518,1.971766812739768e-06
385.577,1.7722589762504477e-06
385.636,1.575099596834352e-06
385.695,1.3879604158413879e-06
385.754,1.2150665308963935e-06
385.813,1.0549967441895428e-06
385.872,8.987307444168042e-07
385.931,7.352594394736146e-07
385.99,5.553144578826314e-07
386.049,4.155394465004813e-07
386.107,3.1046891183203837e-07
386.166,2.3636305346401327e-07
386.225,1.8993733311459734e-07
386.284,1.6434611176781375e-07
386.343,1.5632467614751336e-07
386.402,1.6533004788639578e-07
386.46,1.919123165520091e-07
386.519,2.1371681003907387e-07
386.578,2.3093646842799042e-07
386.637,2.403593641430128e-07
386.696,2.39664936210596e-07
386.754,2.2805936575920674e-07
386.813,2.0715809645376906e-07
386.872,1.7861641673600648e-07
386.931,1.4377229345897963e-07
386.989,9.964455146347564e-08
387.048,4.7341294644181654e-08
387.107,0.0
387.165,0.0
387.224,0.0
387.283,0.0
387.342,0.0
387.4,0.0
387.459,0.0
387.517,0.0
387.576,0.0
387.635,0.0
387.693,0.0
387.752,0.0
387.811,0.0
387.869,0.0
387.928,0.0
387.986,0.0
388.045,0.0
388.103,0.0
388.162,0.0
388.221,4.7255656305078467e-07
388.279,0.0
388.338,0.0
388.396,0.0
388.455,0.0
388.513,0.0
388.572,0.0
388.63,0.0
388.689,0.0
388.747,0.0
388.806,0.0
388.864,0.0
388.922,0.0
388.981,0.0
389.039,0.0
389.098,0.0
389.156,0.0
389.214,0.0
389.273,0.0
389.331,0.0
389.39,0.0
389.448,0.0
389.506,0.0
389.565,0.0
389.623,0.0
389.681,0.0
389.74,0.0
389.798,0.0
389.856,0.0
389.914,0.0
389.973,0.0
390.031,0.0
390.089,0.0
390.147,0.0
390.206,0.0
390.264,0.0
390.322,0.0
390.38,0.0
390.439,0.0
390.497,0.0
390.555,0.0
390.613,0.0
390.671,0.0
390.729,0.0
390.788,0.0
390.846,0.0
390.904,0.0
390.962,0.0
391.02,0.0
391.078,0.0
391.136,0.0
391.194,0.0
391.253,0.0
391.311,0.0
391.369,0.0
391.427,0.0
391.485,0.0
391.543,0.0
391.601,0.0
391.659,0.0
391.717,0.0
391.775,0.0
391.833,0.0
391.891,0.0
391.949,0.0
392.007,0.0
392.065,0.0
392.123,0.0
392.18,0.0
392.238,0.0
392.296,0.0
392.354,0.0
392.412,0.0
392.47,9.754159521307733e-08
392.528,5.115250792261626e-07
392.586,5.663218902470754e-07
392.644,2.61939151196747e-07
392.701,0.0
392.759,0.0
392.817,0.0
392.875,0.0
392.933,0.0
392.991,0.0
393.048,0.0
393.106,0.0
393.164,0.0
393.222,0.0
393.279,0.0
393.337,0.0
393.395,0.0
393.453,0.0
393.51,0.0
393.568,0.0
393.626,0.0
393.684,0.0
393.741,0.0
393.799,0.0
393.857,0.0
393.914,0.0
393.972,0.0
394.03,0.0
394.087,0.0
394.145,0.0
394.202,0.0
394.26,0.0
394.318,0.0
394.375,0.0
394.433,0.0
394.49,0.0
394.548,0.0
394.605,0.0
394.663,0.0
394.72,0.0
394.778,0.0
394.836,0.0
394.893,0.0
394.951,0.0
395.008,0.0
395.065,0.0
395.123,0.0
395.18,0.0
395.238,0.0
395.295,0.0
395.353,3.6027117489363845e-08
395.41,7.574432938643484e-08
395.468,1.1306148636523424e-07
395.525,1.471834990391214e-07
395.582,1.7743458719674702e-07
395.64,2.0313902096078987e-07
395.697,2.2370050063560911e-07
395.754,2.3876226385812347e-07
395.812,2.4795262405917185e-07
395.869,2.509106702262346e-07
395.927,2.4742671473510996e-07
395.984,2.3731140739845125e-07
396.041,2.205680700906929e-07
396.098,1.9761641528254566e-07
396.156,1.6907016324107325e-07
396.213,1.3507939229413717e-07
396.27,9.586280317345254e-08
396.328,5.160081447108515e-08
396.385,2.6152722136092772e-09
396.442,0.0
396.499,0.0
396.557,0.0
396.614,0.0
396.671,0.0
396.728,0.0
396.785,0.0
396.843,0.0
396.9,0.0
396.957,0.0
397.014,0.0
397.071,0.0
397.128,0.0
397.186,0.0
397.243,0.0
397.3,0.0
397.357,0.0
397.414,0.0
397.471,0.0
397.528,0.0
397.585,0.0
397.642,0.0
397.699,0.0
397.756,0.0
397.814,0.0
397.871,0.0
397.928,0.0
397.985,2.2058109788155014e-07
398.042,5.065369641421912e-07
398.099,8.212031365089855e-07
398.156,1.1647208291803919e-06
398.212,1.5402905579925346e-06
398.269,1.95027979187524e-06
398.326,2.397502971096514e-06
398.383,2.8851693429373236e-06
398.44,3.417009858530486e-06
398.497,4.033465987696139e-06
398.554,4.737657821683504e-06
398.611,5.500721677587866e-06
398.668,6.323339378808235e-06
398.725,6.898403121892644e-06
398.782,7.222708200692557e-06
398.839,7.582263333361376e-06
398.895,7.996161909547316e-06
398.952,1.0279577681958553e-05
399.009,1.4444064392181251e-05
399.066,1.5645510982082652e-05
399.123,1.3868407663687999e-05
399.18,1.388472513453179e-05
399.236,1.5678128194148586e-05
399.293,1.74955392503544e-05
399.35,1.9279242764643396e-05
399.407,2.0705289354885842e-05
399.463,2.1716418706829418e-05
399.52,2.2525000717602724e-05
399.577,2.3118119311957478e-05
399.634,2.3526169152990986e-05
399.69,2.3743644124670834e-05
399.747,2.3731380550778623e-05
399.804,2.3508766803522374e-05
399.861,2.307946273732776e-05
399.917,2.24719209429268e-05
399.974,2.1760766451477218e-05
400.031,2.095780869869506e-05
400.087,2.0075403391872945e-05
400.144,1.912765556233925e-05
400.201,1.8129706372738268e-05
400.257,1.7099390029157273e-05
400.314,1.6055363485281097e-05
400.37,1.5014734184393616e-05
400.427,1.3970002112574254e-05
400.484,1.2934997125435433e-05
400.54,1.1919664630073485e-05
400.597,1.093397411249134e-05
400.653,9.987198137222401e-06
400.71,9.08341820873908e-06
400.766,8.22589318249018e-06
400.823,7.414170909697928e-06
400.879,6.6447804519891285e-06
400.936,6.128481836452029e-06
400.993,5.865284684567425e-06
401.049,4.101958842908084e-06
401.105,8.377093196010523e-07
401.162,6.586695641930878e-06
401.218,3.3991033054367766e-06
401.275,1.789065722492295e-06
401.331,1.7584262385380398e-06
401.388,1.5526366631025626e-06
401.444,1.1702567361277584e-06
401.501,8.197702810918444e-07
401.557,4.988502004162171e-07
401.614,2.0669904808630975e-07
401.67,0.0
401.726,0.0
401.783,0.0
401.839,0.0
401.895,0.0
401.952,0.0
402.008,0.0
402.064,0.0
402.121,0.0
402.177,0.0
402.233,0.0
402.29,0.0
402.346,0.0
402.402,0.0
402.458,0.0
402.515,0.0
402.571,0.0
402.627,0.0
402.683,0.0
402.74,0.0
402.796,0.0
402.852,0.0
402.908,4.0848924549327594e-08
402.964,2.278413321012971e-07
403.021,4.2120952075242016e-07
403.077,6.195069456713406e-07
403.133,8.214410096202557e-07
403.189,1.02074769804153e-06
403.245,1.215919967023573e-06
403.301,1.4056330314993422e-06
403.357,1.5615617661810853e-06
403.414,1.6825719976950724e-06
403.47,1.7674557657985206e-06
403.526,1.8152367026239388e-06
403.582,1.8252346763052015e-06
403.638,1.7969731242300555e-06
403.694,1.7302184015067297e-06
403.75,1.625086413177735e-06
403.806,1.5280699533879864e-06
403.862,1.4395885720520112e-06
403.918,1.3599875151949658e-06
403.974,1.289594057742921e-06
404.03,1.228738027423408e-06
404.086,1.1807157668482516e-06
404.142,1.1454224237860076e-06
404.198,1.1225917446217512e-06
404.254,1.0848441678337534e-06
404.31,1.031984927047695e-06
404.366,9.642095731347891e-07
404.422,8.820387525717107e-07
404.478,7.862421032477681e-07
404.534,6.77710398293978e-07
404.59,5.574846629637182e-07
404.646,4.2733344225288777e-07
404.701,2.891302595356777e-07
404.757,1.4487771560061662e-07
404.813,0.0
404.869,0.0
404.925,0.0
404.981,0.0
405.037,0.0
405.092,0.0
405.148,0.0
405.204,0.0
405.26,0.0
405.316,0.0
405.371,0.0
405.427,0.0
405.483,0.0
405.539,0.0
405.594,0.0
405.65,0.0
405.706,0.0
405.761,0.0
405.817,0.0
405.873,0.0
405.928,1.3909732095853614e-07
405.984,4.5118903386872784e-07
406.04,8.05157456978132e-07
406.095,1.2046889517801446e-06
406.151,1.6522500480669053e-06
406.207,2.149912078089935e-06
406.262,2.6991887768307427e-06
406.318,3.3009598377295776e-06
406.374,3.955660204548289e-06
406.429,4.660473227770608e-06
406.485,5.41260234259573e-06
406.54,6.2091885413184366e-06
406.596,7.04720304815288e-06
406.651,7.923576805805225e-06
406.707,8.835298166242934e-06
406.763,9.558798636197741e-06
406.818,1.0084425796486003e-05
406.874,1.2238762509383143e-05
406.929,1.6010226865242247e-05
406.985,1.0363101668074684e-05
407.04,1.4093400377449946e-05
407.095,1.6166718341965905e-05
407.151,1.6569791632952387e-05
407.206,1.7126973061936618e-05
407.262,1.7827026893625084e-05
407.317,1.8444629922534244e-05
407.373,1.89752808950647e-05
407.428,1.9417771377327546e-05
407.484,1.9767756612587367e-05
407.539,2.002045011054709e-05
407.594,2.017178895686849e-05
407.65,2.0218342862305508e-05
407.705,2.0163498663017207e-05
407.76,2.001108177253301e-05
407.816,1.9765782964262677e-05
407.871,1.9437565780195308e-05
407.926,1.9035888802468388e-05
407.982,1.857148966888241e-05
408.037,1.8055836311897737e-05
408.092,1.750059915598967e-05
408.148,1.691646640286783e-05
408.203,1.6310085192080364e-05
408.258,1.5688052653578342e-05
408.314,1.5051793281127584e-05
408.369,1.4408473449371586e-05
408.424,1.3766400002068542e-05
408.479,1.3132829417833232e-05
408.534,1.2514547658325107e-05
408.59,1.1913723013626965e-05
408.645,1.13325975824578e-05
408.7,1.0773584492996968e-05
408.755,1.0236278654620113e-05
408.81,9.719855868875196e-06
408.866,9.22281202942925e-06
408.921,8.743205788527772e-06
408.976,8.278600710041308e-06
409.031,7.826859850833529e-06
409.086,7.386218534947825e-06
409.141,6.9546766176673034e-06
409.196,6.533227761530276e-06
409.252,6.119768347337371e-06
409.307,5.711606599637814e-06
409.362,5.306860841372224e-06
409.417,4.904220420359911e-06
409.472,4.504578587883524e-06
409.527,4.109172206333335e-06
409.582,3.719511148236195e-06
409.637,3.33739169877563e-06
409.692,2.965162946500127e-06
409.747,2.605412825153222e-06
409.802,2.2607699504466105e-06
409.857,1.933911696544771e-06
409.912,1.6275147694193181e-06
409.967,1.3443945796085584e-06
410.022,1.0869359468175347e-06
410.077,8.56907051031257e-07
410.132,6.551005913653157e-07
410.187,4.814874218811211e-07
410.242,3.3529894628063957e-07
410.297,2.1499635920873892e-07
410.351,1.1843558303673047e-07
410.406,4.303131270119515e-08
410.461,0.0
410.516,0.0
410.571,0.0
410.626,0.0
410.681,0.0
410.736,0.0
410.79,0.0
410.845,0.0
410.9,0.0
410.955,0.0
411.01,0.0
411.064,0.0
411.119,9.970412253176472e-09
411.174,3.679012598479725e-08
411.229,6.501370925976642e-08
411.283,9.420093595801668e-08
411.338,1.238973915116166e-07
411.393,1.5377386299642607e-07
411.447,1.834405892980704e-07
411.502,2.1247556607485216e-07
411.557,2.4063275256414134e-07
411.612,2.6767013631708083e-07
411.666,2.932599675252181e-07
411.721,3.1711926984150057e-07
411.776,3.388932337317123e-07
411.83,3.581451296439968e-07
411.885,3.745706651730406e-07
411.939,3.878756004516992e-07
411.994,3.9779372356354057e-07
412.049,4.042320529338551e-07
412.103,4.0723157858568965e-07
412.158,4.069316019580244e-07
412.212,4.035969519285336e-07
412.267,3.975406142448877e-07
412.322,3.890082922042007e-07
412.376,3.7830191201176205e-07
412.431,3.658081901367131e-07
412.485,3.518050926988432e-07
412.54,3.366072415998002e-07
412.594,3.2051854257213276e-07
412.649,3.037684354227782e-07
412.703,2.86637681000685e-07
412.758,2.6936391001200385e-07
412.812,2.520933167086747e-07
412.866,2.3498018678781438e-07
412.921,2.1829870943713048e-07
412.975,0.0
413.03,0.0
413.084,1.5990028923673622e-06
413.139,3.2745609782404524e-06
413.193,0.0
413.247,3.753547494437777e-06
413.302,1.5404261800790718e-06
413.356,0.0
413.41,0.0
413.465,1.2919777001640372e-07
413.519,1.337157988843449e-07
413.573,1.4174567928011838e-07
413.628,1.5351214985702517e-07
413.682,1.691947771527506e-07
413.736,1.8889059255184988e-07
413.791,2.1255671229661577e-07
413.845,2.400865410138713e-07
413.899,2.7134566325323463e-07
413.953,3.0610590895726546e-07
414.008,3.440457992365338e-07
414.062,3.8483833464953423e-07
414.116,4.2807096567893587e-07
414.17,4.733299388725257e-07
414.225,5.202666957716604e-07
414.279,5.684300362410376e-07
414.333,6.172978357146346e-07
414.387,6.663598076806479e-07
414.441,7.151692039127943e-07
414.496,7.633173943056471e-07
414.55,8.104889884709713e-07
414.604,8.563910354566617e-07
414.658,9.006036917198909e-07
414.712,9.427893951400541e-07
414.766,9.827507013822265e-07
414.82,1.020309624712981e-06
414.874,1.0552894901440385e-06
414.928,1.087428334891972e-06
414.982,1.1163549925700293e-06
415.037,1.1416944974887868e-06
415.091,1.1631730423959637e-06
415.145,1.1805512035414257e-06
415.199,1.1935420622377327e-06
415.253,1.2018387315369228e-06
415.307,1.2051403795227753e-06
415.361,1.2032391938034192e-06
415.415,1.1960137246843741e-06
415.469,1.1835012671511221e-06
415.523,1.1658317065567545e-06
415.577,1.1430781601985948e-06
415.631,1.1153082203095394e-06
415.684,1.082655501291248e-06
415.738,1.045377550002109e-06
415.792,1.0038419133682394e-06
415.846,9.585070782439612e-07
415.9,9.098214226632815e-07
415.954,8.582102722253717e-07
416.008,8.042819647085514e-07
416.062,7.488660313898172e-07
416.116,6.928776896308325e-07
416.169,6.371540097183005e-07
416.223,5.824504753548496e-07
416.277,5.294499921220893e-07
416.331,4.78803994567486e-07
416.385,4.3134647078233717e-07
416.439,3.879267006599864e-07
416.492,3.492318080442392e-07
416.546,3.159228550906419e-07
416.6,2.8869378751333426e-07
416.654,2.6833004563752806e-07
416.707,2.557282417892629e-07
416.761,2.518356011231974e-07
416.815,5.085473681017783e-07
416.869,7.641292957598574e-07
416.922,0.0
416.976,0.0
417.03,8.08665357947749e-06
417.083,0.0
417.137,0.0
417.191,1.8479277209286845e-06
417.244,3.991948697224252e-07
417.298,0.0
417.352,4.475742639728024e-06
417.405,1.586081275876781e-06
417.459,4.4935844505414835e-07
417.512,1.0648890239066641e-06
417.566,1.4500909192796918e-06
417.62,1.6042015104740445e-06
417.673,1.7643841690745936e-06
417.727,1.9298891996856302e-06
417.78,2.099745958230307e-06
417.834,2.272920507766727e-06
417.887,2.4484656775145406e-06
417.941,2.6256129825805684e-06
417.994,2.8037140078373798e-06
418.048,2.9822061959353862e-06
418.101,3.160386690176108e-06
418.155,3.337460412431468e-06
418.208,3.512762655537563e-06
418.262,3.6856315725327046e-06
418.315,3.8554040294533546e-06
418.369,4.0213041187548654e-06
418.422,4.182361197586965e-06
418.476,4.337515047795941e-06
418.529,4.485762669531237e-06
418.582,4.626195590333695e-06
418.636,4.757991876599869e-06
418.689,4.880404259765315e-06
418.743,4.9926042407985865e-06
418.796,5.093871883572414e-06
418.849,5.18357162830234e-06
418.903,5.26109727679157e-06
418.956,5.326036106859162e-06
419.009,5.377969399844941e-06
419.063,5.416394104321268e-06
419.116,5.440826760637695e-06
419.169,5.450933427652835e-06
419.222,5.446552769369429e-06
419.276,5.427693020694597e-06
419.329,5.394529481585126e-06
419.382,5.347171495445249e-06
419.435,5.285841795836711e-06
419.489,5.210989884870009e-06
419.542,5.123146512426133e-06
419.595,5.022915945633207e-06
419.648,4.910776663493333e-06
419.701,4.787158129875328e-06
419.755,4.652531305162604e-06
419.808,4.507467079003927e-06
419.861,4.352668672836528e-06
419.914,4.1888622609021084e-06
419.967,4.016839593137997e-06
420.02,3.8373810568266175e-06
420.073,3.6514139141580904e-06
420.127,3.4600441047601327e-06
420.18,3.2643856318632283e-06
420.233,3.0656188727643936e-06
420.286,2.864890357528388e-06
420.339,2.6631450316276183e-06
420.392,2.4612516841485087e-06
420.445,2.260169172708046e-06
420.498,2.0607734297083058e-06
420.551,1.8639355669115005e-06
420.604,1.6705910504055349e-06
420.657,1.4815154361229562e-06
420.71,1.2974169600627486e-06
420.763,1.1190921657541688e-06
420.816,9.473256649963379e-07
420.869,7.827653869691116e-07
420.922,6.259392221990827e-07
420.975,4.771908942644967e-07
421.028,3.3669863564888745e-07
421.081,2.0465934857050006e-07
421.134,8.115029641181634e-08
421.187,0.0
421.239,0.0
421.292,0.0
421.345,0.0
421.398,0.0
421.451,0.0
421.504,0.0
421.557,0.0
421.609,0.0
421.662,0.0
421.715,0.0
421.768,0.0
421.821,0.0
421.873,0.0
421.926,0.0
421.979,0.0
422.032,0.0
422.084,0.0
422.137,0.0
422.19,0.0
422.243,0.0
422.295,0.0
422.348,0.0
422.401,0.0
422.453,0.0
422.506,0.0
422.559,0.0
422.611,0.0
422.664,0.0
422.716,0.0
422.769,0.0
422.822,0.0
422.874,0.0
422.927,0.0
422.979,0.0
423.032,0.0
423.084,0.0
423.137,0.0
423.189,0.0
423.242,0.0
423.294,0.0
423.347,0.0
423.399,0.0
423.452,2.7818824878113117e-08
423.504,8.378785238186628e-08
423.557,1.4041912621202875e-07
423.609,1.9768891043274387e-07
423.662,2.55425076502139e-07
423.714,3.1335421085878464e-07
423.766,3.712589194532995e-07
423.819,4.2887666591206796e-07
423.871,4.860080120689089e-07
423.923,5.425325634070788e-07
423.976,5.981812275776819e-07
424.028,6.527372994189658e-07
424.081,7.059807653134063e-07
424.133,7.57563258007642e-07
424.185,8.071611190431028e-07
424.238,8.543642656923802e-07
424.29,8.985978510526856e-07
424.342,9.393489872481474e-07
424.394,9.762731032242986e-07
424.447,1.0090821167542273e-06
424.499,1.0376482746092465e-06
424.551,1.06208293615726e-06
424.603,1.082490342935157e-06
424.656,1.0990592512637691e-06
424.708,1.1121715013776814e-06
424.76,1.1220419384084326e-06
424.812,1.128779028421872e-06
424.864,1.1324226020230226e-06
424.917,1.1328497684915217e-06
424.969,1.1299199206522796e-06
425.021,1.1235299307809191e-06
425.073,1.1135318876637227e-06
425.125,1.0997231739014484e-06
425.177,1.0820041976237435e-06
425.229,1.0602898272584646e-06
425.282,1.0345619604515968e-06
425.334,1.0049611933756899e-06
425.386,9.715694821947259e-07
425.438,9.343800574058017e-07
425.49,8.93435458726254e-07
425.542,8.486667856332386e-07
425.594,7.999961452005666e-07
425.646,7.475975341564704e-07
425.698,6.916588490476605e-07
425.75,6.324069985999481e-07
425.802,5.702824060159313e-07
425.854,5.057474862224215e-07
425.906,4.3933942166641845e-07
425.958,3.7181717784023475e-07
426.01,3.0385545126910934e-07
426.062,2.359243989769323e-07
426.114,1.6839542285209393e-07
426.166,1.0142613574841794e-07
426.218,3.499863241860278e-08
426.27,0.0
426.321,0.0
426.373,0.0
426.425,0.0
426.477,0.0
426.529,0.0
426.581,0.0
426.633,0.0
426.684,0.0
426.736,0.0
426.788,0.0
426.84,0.0
426.892,0.0
426.943,0.0
426.995,0.0
427.047,0.0
427.099,0.0
427.15,0.0
427.202,0.0
427.254,0.0
427.306,0.0
427.357,0.0
427.409,0.0
427.461,0.0
427.512,0.0
427.564,0.0
427.616,0.0
427.667,0.0
427.719,0.0
427.77,0.0
427.822,0.0
427.874,0.0
427.925,0.0
427.977,0.0
428.028,0.0
428.08,0.0
428.131,0.0
428.183,0.0
428.234,0.0
428.286,0.0
428.337,0.0
428.389,0.0
428.44,0.0
428.492,0.0
428.543,0.0
428.595,0.0
428.646,0.0
428.697,0.0
428.749,0.0
428.8,0.0
428.852,0.0
428.903,0.0
428.954,0.0
429.006,0.0
429.057,0.0
429.108,0.0
429.16,0.0
429.211,0.0
429.262,0.0
429.314,0.0
429.365,0.0
429.416,0.0
429.467,0.0
429.519,0.0
429.57,0.0
429.621,0.0
429.672,0.0
429.724,0.0
429.775,0.0
429.826,0.0
429.877,0.0
429.928,0.0
429.98,0.0
430.031,0.0
430.082,0.0
430.133,0.0
430.184,0.0
430.235,0.0
430.286,0.0
430.337,0.0
430.388,0.0
430.439,0.0
430.49,0.0
430.542,0.0
430.593,0.0
430.644,0.0
430.695,0.0
430.746,0.0
430.797,0.0
430.848,0.0
430.898,0.0
430.949,0.0
431.0,0.0
431.051,0.0
431.102,0.0
431.153,0.0
431.204,0.0
431.255,0.0
431.306,0.0
431.357,2.016639136831168e-08
431.408,3.637962204569387e-08
431.458,4.75927532719775e-08
431.509,5.349007903471457e-08
431.56,5.3792990849036915e-08
431.611,4.8535706087257295e-08
431.662,3.795721392315785e-08
431.713,2.2410437368704645e-08
431.763,2.376978682837507e-09
431.814,0.0
431.865,0.0
431.916,0.0
431.966,0.0
432.017,0.0
432.068,0.0
432.118,0.0
432.169,0.0
432.22,0.0
432.271,0.0
432.321,0.0
432.372,0.0
432.423,0.0
432.473,0.0
432.524,0.0
432.574,0.0
432.625,0.0
432.676,0.0
432.726,0.0
432.777,0.0
432.827,0.0
432.878,0.0
432.928,0.0
432.979,0.0
433.029,2.992818272897786e-08
433.08,1.6184711875315992e-07
433.13,3.1044605807326096e-07
433.181,4.7563354136666665e-07
433.231,6.569674790376469e-07
433.282,8.537484629786991e-07
433.332,1.0650231212016443e-06
433.383,1.2896713940466748e-06
433.433,1.5266542044629584e-06
433.484,1.774906317716759e-06
433.534,2.033154427211074e-06
433.585,2.3001000607985136e-06
433.635,2.574451970141321e-06
433.685,2.8548954072913013e-06
433.736,3.1401786231670477e-06
433.786,3.4289230804514374e-06
433.836,3.7194892863606205e-06
433.887,4.010293147835066e-06
433.937,4.299865013229791e-06
433.987,4.586630152794245e-06
434.038,4.869090066443355e-06
434.088,5.145729177958459e-06
434.138,5.4149161335944465e-06
434.189,5.675179871593663e-06
434.239,5.9251140872914244e-06
434.289,6.163248870118425e-06
434.339,6.388188569765117e-06
434.389,6.598636414433749e-06
434.44,6.793299516706356e-06
434.49,6.970914331743532e-06
434.54,7.130249260291942e-06
434.59,7.270125719751552e-06
434.64,7.389573260072547e-06
434.691,7.487830542210351e-06
434.741,7.56425679659998e-06
434.791,7.618390455804294e-06
434.841,7.649953454104867e-06
434.891,7.658866241290157e-06
434.941,7.645319776821874e-06
434.991,7.609633669393608e-06
435.042,7.552152896053405e-06
435.092,7.473389025264839e-06
435.142,7.373980161478336e-06
435.192,7.254594009143829e-06
435.242,7.116023219705943e-06
435.292,6.959119242767108e-06
435.342,6.784817030851497e-06
435.392,6.594286454019945e-06
435.442,6.388870550018958e-06
435.492,6.169854172742469e-06
435.542,5.9385276288767755e-06
435.592,5.696289459784782e-06
435.642,5.444499933775164e-06
435.692,5.184656487097309e-06
435.742,4.918301865654805e-06
435.792,4.646836289501793e-06
435.842,4.371751408082543e-06
435.891,4.094620467884626e-06
435.941,3.8170278256224045e-06
435.991,3.540599924451155e-06
436.041,3.0476178053664586e-06
436.091,2.339649380110193e-06
436.141,3.246159139320671e-06
436.191,5.768685485012237e-06
436.241,0.0
436.29,1.4827362718001734e-06
436.34,2.4267084007523016e-06
436.39,1.774023692641576e-06
436.44,1.3532054525039637e-06
436.49,1.1646653755122655e-06
436.539,9.891934830280221e-07
436.589,8.268018754155474e-07
436.639,6.7731524646584e-07
436.689,5.402449142772797e-07
436.738,4.149852258196422e-07
436.788,3.0085249634960173e-07
436.838,1.9697371275080136e-07
436.887,1.0243150758032905e-07
436.937,1.616124908536617e-08
436.987,0.0
437.036,0.0
437.086,0.0
437.136,0.0
437.185,0.0
437.235,0.0
437.285,0.0
437.334,0.0
437.384,0.0
437.433,0.0
437.483,0.0
437.532,0.0
437.582,0.0
437.631,0.0
437.681,0.0
437.73,0.0
437.78,0.0
437.829,0.0
437.879,0.0
437.928,0.0
437.978,0.0
438.027,0.0
438.077,0.0
438.126,0.0
438.176,0.0
438.225,0.0
438.274,0.0
438.324,0.0
438.373,0.0
438.422,0.0
438.472,0.0
438.521,0.0
438.57,0.0
438.62,0.0
438.669,0.0
438.718,0.0
438.768,0.0
438.817,0.0
438.866,0.0
438.915,0.0
438.965,0.0
439.014,0.0
439.063,0.0
439.112,0.0
439.162,0.0
439.211,0.0
439.26,0.0
439.309,0.0
439.358,0.0
439.407,0.0
439.456,0.0
439.506,0.0
439.555,0.0
439.604,0.0
439.653,0.0
439.702,0.0
439.751,0.0
439.8,0.0
439.849,0.0
439.898,0.0
439.947,0.0
439.996,0.0
440.045,0.0
440.094,0.0
440.143,0.0
440.192,0.0
440.241,0.0
440.29,0.0
440.339,0.0
440.388,0.0
440.437,0.0
440.486,0.0
440.535,0.0
440.583,0.0
440.632,0.0
440.681,1.7941180611001542e-07
440.73,3.562518532621907e-07
440.779,5.27360165541818e-07
440.828,6.91649846633962e-07
440.876,8.481404203195082e-07
440.925,9.96003822191641e-07
440.974,1.1343870894170688e-06
441.023,1.262368361132027e-06
441.072,1.3790672954680313e-06
441.12,1.4836637322853972e-06
441.169,1.5754326709993038e-06
441.218,1.653811806219244e-06
441.267,1.7182495903280055e-06
441.315,1.7682442593167395e-06
441.364,1.8034122350579919e-06
441.413,1.82342271548646e-06
441.461,1.8281660845811147e-06
441.51,1.8177417879915878e-06
441.559,1.7922929100020006e-06
441.607,1.7520469056667135e-06
441.656,1.6973131268870775e-06
441.705,1.6284518839024632e-06
441.753,1.5459974701934302e-06
441.802,1.4507551421043859e-06
441.85,1.3435927639932455e-06
441.899,1.225424088635884e-06
441.948,1.0972884179155442e-06
441.996,9.602350211298339e-07
442.045,8.154507003587746e-07
442.093,6.642736032183471e-07
442.142,5.080406083064837e-07
442.19,3.4801542975052604e-07
442.239,1.854958216505955e-07
442.287,2.1846396974272337e-08
442.336,0.0
442.384,0.0
442.433,0.0
442.481,0.0
442.529,0.0
442.578,0.0
442.626,0.0
442.675,0.0
442.723,0.0
442.771,0.0
442.82,1.1894375561793377e-06
442.868,1.1372236307314793e-06
442.917,0.0
442.965,0.0
443.013,0.0
443.062,0.0
443.11,0.0
443.158,0.0
443.206,0.0
443.255,0.0
443.303,0.0
443.351,0.0
443.399,0.0
443.448,0.0
443.496,0.0
443.544,0.0
443.592,0.0
443.64,0.0
443.689,0.0
443.737,0.0
443.785,0.0
443.833,1.5608351394866866e-07
443.881,3.4965749055357523e-07
443.929,5.440501302654266e-07
443.977,7.377591735478477e-07
444.025,9.293995688670075e-07
444.074,1.1177823685728015e-06
444.122,1.3017797638678976e-06
444.17,1.4800437535727775e-06
444.218,1.6511440999681529e-06
444.266,1.813681064172173e-06
444.314,1.966204797624113e-06
444.362,2.1074534110783597e-06
444.41,2.2362520166342427e-06
444.458,2.3513210721384476e-06
444.506,2.45086943223988e-06
444.554,2.5338041827810405e-06
444.602,2.5992644192746212e-06
444.65,2.646547013559027e-06
444.698,2.6752126352482565e-06
444.746,2.6848549550210357e-06
444.793,2.675151496434505e-06
444.841,2.646480383484106e-06
444.889,2.599638830996052e-06
444.937,2.535572085278484e-06
444.985,2.455033125196901e-06
445.033,2.359098191241406e-06
445.081,2.2490575802405278e-06
445.129,2.1264925590653025e-06
445.176,1.9929214933451176e-06
445.224,1.8499318658645006e-06
445.272,1.7024221803259675e-06
445.32,1.5520104585463506e-06
445.368,1.4002316526847529e-06
445.415,1.248728940030615e-06
445.463,1.0951607743614522e-06
445.511,9.409977736864543e-07
445.559,7.876268492238851e-07
445.606,6.322430208487074e-07
445.654,4.7085944364903933e-07
445.702,3.013378650378641e-07
445.749,1.2572580247325784e-07
445.797,0.0
445.845,0.0
445.892,0.0
445.94,0.0
445.988,0.0
446.035,0.0
446.083,0.0
446.13,0.0
446.178,0.0
446.226,0.0
446.273,0.0
446.321,0.0
446.368,0.0
446.416,0.0
446.463,0.0
446.511,0.0
446.558,3.552978938664461e-07
446.606,1.3348323944426017e-06
446.653,2.4368660440533105e-06
446.701,3.654164336396736e-06
446.748,4.93841464427381e-06
446.796,6.178620799983284e-06
446.843,7.3285621115447065e-06
446.891,8.382287192433113e-06
446.938,9.334682045892014e-06
446.985,1.0217921412336779e-05
447.033,1.1032758763436901e-05
447.08,1.1780534928568384e-05
447.128,1.2491398442589321e-05
447.175,1.3249895238636667e-05
447.222,1.4084683633155018e-05
447.27,1.5001546869020037e-05
447.317,1.6005996301395296e-05
447.364,1.7095418777832783e-05
447.411,1.8270398440809368e-05
447.459,1.955043987753726e-05
447.506,2.0957733274920272e-05
447.553,2.248232699888531e-05
447.601,2.413259497914025e-05
447.648,2.5912994956804867e-05
447.695,2.7824479656393776e-05
447.742,2.9844021707783033e-05
447.789,3.19474773640845e-05
447.837,3.406255970592576e-05
447.884,3.607855827221673e-05
447.931,3.7890114357085235e-05
447.978,3.940245322212495e-05
448.025,4.0524161615010905e-05
448.072,4.116985273243436e-05
448.12,4.1305544164640484e-05
448.167,4.0903694363212406e-05
448.214,3.999560379171014e-05
448.261,3.866302657506851e-05
448.308,3.699821894944642e-05
448.355,3.5086825287198765e-05
448.402,3.3027383626573183e-05
448.449,3.092241289601063e-05
448.496,2.884433838140512e-05
448.543,2.6858380301831994e-05
448.59,2.4993188544805476e-05
448.637,2.3253370399937243e-05
448.684,2.1641306124739336e-05
448.731,2.015909146851993e-05
448.778,1.8798373177665807e-05
448.825,1.7541379264834992e-05
448.872,1.637081728464494e-05
448.919,1.5273192908986346e-05
448.966,1.4247980911183843e-05
449.013,1.3293932895991683e-05
449.06,1.2406210221313789e-05
449.107,1.1579833024631206e-05
449.154,1.080848625560126e-05
449.2,1.0085637005439087e-05
449.247,9.407852581109536e-06
449.294,8.77112898642694e-06
449.341,8.165800577109218e-06
449.388,7.58564018237924e-06
449.435,7.024497776860011e-06
449.481,6.476370719178969e-06
449.528,5.938889381345374e-06
449.575,5.415915394429556e-06
449.622,4.9110951078805666e-06
449.668,4.427777262702078e-06
449.715,3.968624961129454e-06
449.762,3.535618374538756e-06
449.809,3.130121443005922e-06
449.855,2.752822110242895e-06
449.902,2.403656550034804e-06
449.949,2.0819336622088413e-06
449.995,1.7858746428370198e-06
450.042,1.5130602911345495e-06
450.089,1.2638376561791025e-06
450.135,1.0382177223276717e-06
450.182,8.362047923107379e-07
450.229,6.577877697136542e-07
450.275,5.019416706128389e-07
450.322,3.650133480288864e-07
450.368,2.440579206154579e-07
450.415,1.3634724096144645e-07
450.462,3.972921889243018e-08
450.508,0.0
450.555,0.0
450.601,0.0
450.648,0.0
450.694,0.0
450.741,0.0
450.787,0.0
450.834,0.0
450.88,0.0
450.927,0.0
450.973,0.0
451.019,0.0
451.066,0.0
451.112,0.0
451.159,0.0
451.205,0.0
451.251,0.0
451.298,0.0
451.344,0.0
451.39,0.0
451.437,0.0
451.483,0.0
451.529,0.0
451.576,2.6202034121612925e-06
451.622,0.0
451.668,0.0
451.714,0.0
451.761,0.0
451.807,0.0
451.853,0.0
451.899,0.0
451.945,0.0
451.992,0.0
452.038,0.0
452.084,0.0
452.13,0.0
452.176,0.0
452.222,0.0
452.268,0.0
452.315,0.0
452.361,0.0
452.407,0.0
452.453,0.0
452.499,0.0
452.545,0.0
452.591,0.0
452.637,0.0
452.683,0.0
452.729,0.0
452.775,0.0
452.821,0.0
452.867,0.0
452.913,0.0
452.959,0.0
453.005,0.0
453.051,0.0
453.097,0.0
453.142,0.0
453.188,0.0
453.234,0.0
453.28,0.0
453.18,0.0
453.319,1.5224293700962897e-06
453.458,2.3001086566667677e-06
453.596,1.3409179746987005e-06
453.735,0.0
453.873,0.0
454.012,0.0
454.15,0.0
454.289,5.507900030968355e-08
454.427,0.0
454.566,0.0
454.704,0.0
454.843,0.0
454.981,0.0
455.12,0.0
455.258,0.0
455.397,0.0
455.535,0.0
455.674,0.0
455.812,0.0
455.951,0.0
456.089,0.0
456.227,3.213611323834497e-07
456.366,7.856604712506168e-07
456.504,1.3772502947849067e-06
456.642,2.0642337888109475e-06
456.781,2.8181279794835056e-06
456.919,3.6187896071378754e-06
457.057,4.4519552392497035e-06
457.196,5.310100412702987e-06
457.334,6.186738214344138e-06
457.472,7.072004871296292e-06
457.61,7.962103771940338e-06
457.749,8.861182999958678e-06
457.887,9.775042459636385e-06
458.025,1.0708644307824697e-05
458.163,1.1663306600573792e-05
458.301,1.2636211351544926e-05
458.44,1.3625184640735673e-05
458.578,1.4625628831047698e-05
458.716,1.5747066239856045e-05
458.854,1.6988943527348663e-05
458.992,1.7401419672554065e-05
459.13,1.6981821295405774e-05
459.269,2.141963473194258e-05
459.407,2.1005938826339948e-05
459.545,2.143205699434229e-05
459.683,2.2701018602359377e-05
459.821,2.3866388948852433e-05
459.959,2.490690130424688e-05
460.097,2.5914295577491383e-05
460.235,2.6867835846628065e-05
460.373,2.7767300970476647e-05
460.511,2.8604525772887978e-05
460.649,2.9367577880555005e-05
460.787,3.0063377518276578e-05
460.925,3.0709339303565015e-05
461.063,3.136557875148275e-05
461.201,3.2107898517785073e-05
461.339,3.300182003409966e-05
461.477,3.405289390729701e-05
461.615,3.5293281329016976e-05
461.753,3.6740409834474934e-05
461.891,3.83769317725962e-05
462.029,4.0143323398373095e-05
462.166,4.1916994637185734e-05
462.304,4.354531051777263e-05
462.442,4.489644097239415e-05
462.58,4.590803867113857e-05
462.718,4.6644108107516174e-05
462.856,4.696789978546573e-05
462.993,4.6725537762413285e-05
463.131,4.5938527306862196e-05
463.269,4.3753453257187086e-05
463.407,4.0885373774504e-05
463.545,4.027947699085438e-05
463.682,4.2419106371436455e-05
463.82,4.5811069935224196e-05
463.958,4.961581410492053e-05
464.095,5.274747276233623e-05
464.233,5.4265889420050145e-05
464.371,5.4214853503726855e-05
464.509,5.273341323340507e-05
464.646,5.012499800196799e-05
464.784,4.6903061580719014e-05
464.921,4.317575840977928e-05
465.059,3.915673043471082e-05
465.197,3.5104810826410545e-05
465.334,3.112196557410505e-05
465.472,2.7387277719663863e-05
465.609,2.4007926547228555e-05
465.747,2.1009002748516934e-05
465.885,1.837164953831661e-05
466.022,1.60911766453812e-05
466.16,1.4113983156826216e-05
466.297,1.2359731478952928e-05
466.435,1.0775453118144537e-05
466.572,9.29632131291842e-06
466.71,7.873533583329646e-06
466.847,6.513734054890973e-06
466.985,5.236688557296678e-06
467.122,4.04602731842302e-06
467.26,2.958449633373216e-06
467.397,1.9921403037792107e-06
467.534,1.1585782279504213e-06
467.672,4.706920532086523e-07
467.809,0.0
467.947,0.0
468.084,0.0
468.221,0.0
468.359,0.0
468.496,0.0
468.633,0.0
468.771,0.0
468.908,2.1494203718243538e-07
469.045,8.069346676271667e-07
469.183,1.5042968158215065e-06
469.32,2.289329291708101e-06
469.457,3.140841420813111e-06
469.594,4.0366299081031755e-06
469.732,4.924462249354691e-06
469.869,5.74782368340966e-06
470.006,6.456833233614436e-06
470.143,7.036589014815098e-06
470.28,7.473654076654315e-06
470.417,7.760740454769402e-06
470.555,7.894026841573961e-06
470.692,7.870415758271122e-06
470.829,7.708398597083567e-06
470.966,7.429571373889206e-06
471.103,7.053359345556063e-06
471.24,6.583157903667768e-06
471.377,6.030145067960953e-06
471.514,5.407102257475928e-06
471.651,4.728579849655205e-06
471.789,4.009538240294428e-06
471.926,3.265263698315247e-06
472.063,2.511606182132936e-06
472.2,1.7639869112340602e-06
472.337,1.0370893598069152e-06
472.474,3.443143600287247e-07
472.611,0.0
472.748,0.0
472.884,0.0
473.021,0.0
473.158,0.0
473.295,0.0
473.432,0.0
473.569,0.0
473.706,0.0
473.843,0.0
473.98,0.0
474.117,0.0
474.253,0.0
474.39,0.0
474.527,0.0
474.664,0.0
474.801,0.0
474.937,0.0
475.074,0.0
475.211,0.0
475.348,0.0
475.484,0.0
475.621,0.0
475.758,0.0
475.894,0.0
476.031,0.0
476.168,0.0
476.304,0.0
476.441,0.0
476.578,0.0
476.714,0.0
476.851,2.5723880642597187e-07
476.987,7.959595845446519e-07
477.124,1.3515306443157503e-06
477.261,1.920503972531125e-06
477.397,2.4993767754695196e-06
477.534,3.0846015861888656e-06
477.67,3.6726934908883066e-06
477.807,4.281728632945236e-06
477.943,4.908842404979174e-06
478.08,5.554359824011344e-06
478.216,6.219081265914098e-06
478.353,6.8945635886682095e-06
478.489,7.57224617436623e-06
478.626,8.243593385090273e-06
478.762,8.900357102078362e-06
478.898,9.411240868949811e-06
479.035,9.774796765026582e-06
479.171,9.989695479463296e-06
479.308,1.005430870471944e-05
479.444,1.0188603171473522e-05
479.58,1.0391544709845793e-05
479.717,1.0662363833739953e-05
479.853,1.1000575972330532e-05
479.989,1.127619142024095e-05
480.126,1.1489066931524625e-05
480.262,1.1621829781835858e-05
480.398,1.1655341121526013e-05
480.535,1.1593882216980662e-05
480.671,1.1442277865182135e-05
480.807,1.1205669335377503e-05
480.943,1.0889382759894306e-05
481.08,1.0516892576866467e-05
481.216,1.0090200586280845e-05
481.352,9.641290901752173e-06
481.488,9.205671649096507e-06
481.624,8.78543705963985e-06
481.76,8.382712345886503e-06
481.897,7.999662114753271e-06
482.033,7.638420561418778e-06
482.169,7.46000200929899e-06
482.305,7.303651711305413e-06
482.441,5.808611161902726e-06
482.577,4.3144227492991474e-06
482.713,1.0894140099507868e-05
482.849,3.631689914215832e-06
482.985,4.49729345993744e-06
483.121,5.349559020863842e-06
483.258,4.8447659949885136e-06
483.394,4.341434152721452e-06
483.53,4.002287074727308e-06
483.665,3.6657417586959637e-06
483.801,3.3329581604187904e-06
483.937,3.005070383376555e-06
484.073,2.683186312122218e-06
484.209,2.3683322832338143e-06
484.345,2.061525766704545e-06
484.481,1.7637959168374542e-06
484.617,1.4789792112472407e-06
484.753,1.2110963162606722e-06
484.889,9.601671335846584e-07
485.025,7.260075549904661e-07
485.161,5.082936483800559e-07
485.296,3.066179002207079e-07
485.432,1.2104106483005322e-07
485.568,0.0
485.704,0.0
485.84,0.0
485.975,0.0
486.111,0.0
486.247,0.0
486.383,0.0
486.518,0.0
486.654,0.0
486.79,0.0
486.926,0.0
487.061,0.0
487.197,7.01897034518882e-07
487.333,0.0
487.468,6.438816377774887e-07
487.604,0.0
487.74,0.0
487.875,0.0
488.011,0.0
488.146,0.0
488.282,0.0
488.417,0.0
488.553,0.0
488.688,0.0
488.824,0.0
488.96,0.0
489.095,0.0
489.23,0.0
489.366,0.0
489.501,1.0164984927812678e-07
489.637,3.4550743576062933e-07
489.772,6.375067149832532e-07
489.908,9.562621565981287e-07
490.043,1.2832565297142567e-06
490.178,1.6174489652854423e-06
490.314,1.8185256453289262e-06
490.449,1.738573900261451e-06
490.585,1.3767195200287483e-06
490.72,7.321908912786557e-07
490.855,4.1845265085848904e-08
490.991,0.0
491.126,0.0
491.261,2.5127263498998152e-08
491.396,5.918971852254427e-07
491.532,1.015762595880289e-06
491.667,1.2964723375260084e-06
491.802,1.4339122907947997e-06
491.937,1.4282523344267268e-06
492.073,1.403775636361077e-06
492.208,1.3441982221623606e-06
492.343,1.247732464639743e-06
492.478,1.1359237005501305e-06
492.613,1.0318625516332124e-06
492.749,9.341971156723037e-07
492.884,8.417298762082467e-07
493.019,7.533258779197141e-07
493.154,6.468478655509754e-07
493.289,4.960842529104429e-07
493.424,3.036068223561631e-07
493.559,9.72277343209637e-08
493.694,0.0
493.829,0.0
493.964,0.0
494.099,5.1315399710234934e-08
494.234,1.0510285309414171e-07
494.369,0.0
494.504,0.0
494.639,0.0
494.774,0.0
494.909,2.438276426085422e-07
495.044,0.0
495.179,0.0
495.314,0.0
495.449,0.0
495.584,0.0
495.719,0.0
495.854,6.172727650717403e-07
495.988,1.432166874868138e-06
496.123,2.43496155521715e-06
496.258,3.672126007595512e-06
496.393,5.164451411750131e-06
496.528,6.93008676195467e-06
496.663,9.027028299731626e-06
496.797,1.1550046015590324e-05
496.932,1.4568800196213907e-05
497.067,1.809440564372454e-05
497.202,2.2176200417930928e-05
497.336,2.6860021004140105e-05
497.471,3.2107915670989664e-05
497.606,3.781604227146596e-05
497.74,4.3982005254333284e-05
497.875,5.044130798053258e-05
498.01,5.722384557551415e-05
498.144,6.448202647951781e-05
498.279,7.169959481031784e-05
498.414,7.863862334800651e-05
498.548,8.439041661720696e-05
498.683,8.787672528149881e-05
498.817,9.135886558719719e-05
498.952,9.738359644392599e-05
499.087,0.0001051690582414895
499.221,0.00011359192623823001
499.356,0.00012260977093848604
499.49,0.00013216099702023054
499.625,0.00014242420021632533
499.759,0.00015350444854190362
499.894,0.00016485497680661108
500.028,0.0001755109843713634
500.162,0.00018450415764827282
500.297,0.00019094481792328392
500.431,0.0001940855448752837
500.566,0.00019388931101293997
500.7,0.00019026461463738956
500.835,0.00018319793199153997
500.969,0.00017351263989538255
501.103,0.00016123590313259497
501.238,0.00014747524283301836
501.372,0.00013579308890041044
501.506,0.000126643173429261
501.641,0.00011752901602848375
501.775,0.0001084186171549886
501.909,0.00010021876002108916
502.043,9.289412672250648e-05
502.178,8.659332217193591e-05
502.312,8.122927166334933e-05
502.446,7.65060335484247e-05
502.58,7.231571382520283e-05
502.715,6.854032661891455e-05
502.849,6.508703978710575e-05
502.983,6.188018746891615e-05
503.117,5.8839685083477114e-05
503.251,5.593646825029644e-05
503.385,5.3168464631555056e-05
503.52,5.0546770145582134e-05
503.654,4.805986934317568e-05
503.788,4.569784433236538e-05
503.922,4.34755791671221e-05
504.056,4.142534834975939e-05
504.19,3.9524462319710045e-05
504.324,3.773612069377259e-05
504.458,3.600093956188966e-05
504.592,3.422789970697088e-05
504.726,3.2417638078778337e-05
504.86,3.0574758562782686e-05
504.994,2.858126143830389e-05
505.128,2.6259591514993413e-05
505.262,2.365065803328413e-05
505.396,2.0788259090334153e-05
505.53,1.793709204711887e-05
505.664,1.5663118612591875e-05
505.798,1.3967590762790754e-05
505.932,1.2849771116196001e-05
506.066,1.2183072919624083e-05
506.199,1.1471565606056791e-05
506.333,1.0695206369940461e-05
506.467,9.831598072014867e-06
506.601,8.856852611869117e-06
506.735,7.918489169182873e-06
506.869,7.0131018213955165e-06
507.002,6.137440655034276e-06
507.136,5.309209124114287e-06
507.27,4.555328450764399e-06
507.404,3.873455201333858e-06
507.537,3.263063956622066e-06
507.671,2.7220098974847385e-06
507.805,2.2086816353057244e-06
507.939,1.7431584330093618e-06
508.072,1.324554348990352e-06
508.206,9.295217291791998e-07
508.34,5.567372571467931e-07
508.473,2.7019581811330176e-08
508.607,0.0
508.74,0.0
508.874,0.0
509.008,0.0
509.141,6.60519402467702e-08
509.275,0.0
509.408,0.0
509.542,0.0
509.675,0.0
509.809,0.0
509.942,0.0
510.076,0.0
510.209,0.0
510.343,0.0
510.476,0.0
510.61,0.0
510.743,0.0
510.877,0.0
511.01,0.0
511.143,0.0
511.277,0.0
511.41,0.0
511.543,0.0
511.677,0.0
511.81,0.0
511.943,0.0
512.077,0.0
512.21,0.0
512.343,0.0
512.476,0.0
512.61,0.0
512.743,0.0
512.876,0.0
513.009,0.0
513.142,0.0
513.276,4.322764256406913e-08
513.409,3.1946325692118177e-07
513.542,6.470850452116731e-07
513.675,1.0459945905171622e-06
513.808,1.5122224725425048e-06
513.941,2.1796702836556157e-06
514.074,3.0678990502061687e-06
514.207,3.275985953617429e-06
514.34,2.860143521244797e-06
514.474,7.48793559910829e-06
514.607,7.431511575847412e-06
514.74,8.324849792914379e-06
514.873,1.0231798782657209e-05
515.006,1.2320864680444652e-05
515.139,1.4459803837359065e-05
515.272,1.6544038124379006e-05
515.404,1.8244741627335e-05
515.537,1.8285229655536337e-05
515.67,1.692213797762726e-05
515.803,1.6713474108288447e-05
515.936,1.795845488652818e-05
516.069,1.9945537869275255e-05
516.202,2.249745682345377e-05
516.335,2.61182688592891e-05
516.468,3.6486386452180426e-05
516.6,6.063410182074514e-05
516.733,0.000100756187533668
516.866,0.00010965419912049133
516.999,8.97356893832161e-05
517.132,0.00013648258611070142
517.264,0.00024020385782494406
517.397,0.0002400148558208985
517.53,0.00014574331724932709
517.663,0.00010447435080153839
517.795,8.368251680056948e-05
517.928,7.77874543787968e-05
518.061,8.169408129052301e-05
518.193,0.00014381414162801967
518.326,0.00030833155103554875
518.459,0.0003516527758552268
518.591,0.00022361865602393185
518.724,0.00013586147447114334
518.857,9.590748679082258e-05
518.989,7.875119024530014e-05
519.122,6.465242823790484e-05
519.254,5.517115677417534e-05
519.387,4.824153738714982e-05
519.519,4.2005062758858245e-05
519.652,3.776530105593847e-05
519.784,3.540575597372854e-05
519.917,2.8753128122448937e-05
520.049,2.7658192798117168e-05
520.182,2.6027891523633245e-05
520.314,2.3766392491260405e-05
520.447,2.188443237185948e-05
520.579,2.027678451969612e-05
520.712,1.8876576063956564e-05
520.844,1.764974904767414e-05
520.976,1.65324257066891e-05
521.109,1.5479280397321134e-05
521.241,1.4477812610575054e-05
521.373,1.3508343434376437e-05
521.506,1.2545694014409478e-05
521.638,1.1614633297277369e-05
521.77,1.0687723560568367e-05
521.903,9.754021872838767e-06
522.035,8.83227451450255e-06
522.167,7.941446160694882e-06
522.3,7.091724637962052e-06
522.432,6.3023520585215575e-06
522.564,5.587548227380927e-06
522.696,4.940218943101618e-06
522.828,4.371489971259933e-06
522.961,3.878753864105089e-06
523.093,3.443350641809153e-06
523.225,3.050967037246852e-06
523.357,2.6912858858376664e-06
523.489,2.3582044951422016e-06
523.621,2.0477988949232398e-06
523.753,1.7548778940109068e-06
523.885,1.4751990321601398e-06
524.018,1.2072952712130355e-06
524.15,9.506284765466254e-07
524.282,7.0573071031642e-07
524.414,4.719335783650957e-07
524.546,2.4351653311781516e-07
524.678,1.500507957582049e-08
524.81,0.0
524.942,0.0
525.074,0.0
525.206,0.0
525.338,0.0
525.469,0.0
525.601,0.0
525.733,0.0
525.865,0.0
525.997,0.0
526.129,0.0
526.261,0.0
526.393,0.0
526.524,0.0
526.656,0.0
526.788,0.0
526.92,0.0
527.052,0.0
527.183,0.0
527.315,0.0
527.447,0.0
527.578,0.0
527.71,0.0
527.842,0.0
527.973,0.0
528.105,0.0
528.237,0.0
528.368,0.0
528.5,0.0
528.632,0.0
528.763,0.0
528.895,0.0
529.026,0.0
529.158,0.0
529.289,0.0
529.421,0.0
529.552,0.0
529.684,0.0
529.815,0.0
529.947,0.0
530.078,0.0
530.21,0.0
530.341,0.0
530.472,0.0
530.604,0.0
530.735,0.0
530.867,3.6393365432113933e-07
530.998,7.728258332897991e-07
531.129,1.2156091734338215e-06
531.26,1.6908778123991935e-06
531.392,2.145309055869902e-06
531.523,2.5262018507828878e-06
531.654,2.8128133090120654e-06
531.786,2.8576286094788683e-06
531.917,2.6599047261579116e-06
532.048,3.264469025060423e-06
532.179,4.67080146392312e-06
532.311,6.06115548945484e-07
532.442,1.82555054942619e-06
532.573,2.1074287448122343e-06
532.704,1.4850762489851338e-06
532.835,1.0607072997213548e-06
532.966,8.51276172274714e-07
533.097,7.310986581007077e-07
533.229,7.000436204359647e-07
533.36,7.579522589235645e-07
533.491,8.865138521447548e-07
533.622,1.0671491175716806e-06
533.753,1.2800681386698685e-06
533.884,1.468391330752656e-06
534.015,1.602830811275142e-06
534.146,1.6835294243955727e-06
534.277,1.71070890829373e-06
534.408,1.6848169824519615e-06
534.539,1.603130567810743e-06
534.67,1.463141751435526e-06
534.801,1.2657819885598779e-06
534.932,1.0329716599834225e-06
535.063,7.831343895449992e-07
535.194,5.17629573349532e-07
535.324,2.378540475466296e-07
535.455,0.0
535.586,0.0
535.717,0.0
535.848,0.0
535.979,0.0
536.109,0.0
536.24,0.0
536.371,0.0
536.502,0.0
536.632,0.0
536.763,0.0
536.894,0.0
537.025,0.0
537.155,0.0
537.286,0.0
537.417,0.0
537.547,0.0
537.678,0.0
537.808,0.0
537.939,0.0
538.07,0.0
538.2,0.0
538.331,0.0
538.461,0.0
538.592,0.0
538.722,0.0
538.853,0.0
538.983,0.0
539.114,0.0
539.244,0.0
539.375,0.0
539.505,0.0
539.636,0.0
539.766,0.0
539.896,0.0
540.027,0.0
540.157,0.0
540.287,0.0
540.418,0.0
540.548,0.0
540.678,0.0
540.809,0.0
540.939,0.0
541.069,0.0
541.2,0.0
541.33,0.0
541.46,0.0
541.59,0.0
541.72,0.0
541.851,0.0
541.981,5.160299645027268e-07
542.111,1.176282871506716e-06
542.241,1.8805541306155815e-06
542.371,2.5661936583620996e-06
542.501,3.1691831916440226e-06
542.631,3.6339706732851143e-06
542.761,3.940892345702e-06
542.891,4.074401766817349e-06
543.021,4.036525154064281e-06
543.151,3.823552239820519e-06
543.281,3.4318407164202416e-06
543.411,2.919511839256022e-06
543.542,2.3534702455214584e-06
543.671,1.8208740367972484e-06
543.801,1.3854458274037357e-06
543.931,1.1033321109982759e-06
544.061,9.945336508712315e-07
544.191,1.0966365523736468e-06
544.321,1.4303438525960843e-06
544.451,1.9745914499418175e-06
544.581,2.79254906306253e-06
544.711,3.7931978825271007e-06
544.841,4.878072222924781e-06
544.97,5.960733502926785e-06
545.1,6.771472737786104e-06
545.23,7.1586330578999855e-06
545.36,6.998560694042582e-06
545.49,6.288776003264406e-06
545.619,5.1750560583228105e-06
545.749,3.928807786404905e-06
545.879,2.8575167096121093e-06
546.009,2.0318026040532435e-06
546.138,1.5087789783149133e-06
546.268,1.1844758665091345e-06
546.398,9.364011116291037e-07
546.527,7.702858006979704e-07
546.657,6.715834614920016e-07
546.786,6.250133018709356e-07
546.916,5.794677223682001e-07
547.046,5.145965700472572e-07
547.175,4.1240874769019985e-07
547.305,2.9569113798379533e-07
547.434,1.8747707753827966e-07
547.564,9.025002528115405e-08
547.693,5.1894222972600345e-09
547.823,0.0
547.953,0.0
548.082,0.0
548.211,0.0
548.341,0.0
548.47,0.0
548.6,0.0
548.729,0.0
548.859,0.0
548.988,1.4066692405522856e-08
549.117,9.973745978319518e-08
549.247,2.055254104536655e-07
549.376,3.260677034717089e-07
549.505,4.556167209659028e-07
549.635,5.88559474520193e-07
549.764,7.200059634030725e-07
549.893,8.452681537161294e-07
550.023,9.601286999712016e-07
550.152,1.063081999156001e-06
550.281,1.15498909412217e-06
550.41,1.2406671000963626e-06
550.539,1.3217428727578913e-06
550.669,1.4001804508956242e-06
550.798,1.47750770417904e-06
550.927,1.551918762319164e-06
551.056,1.623812244593433e-06
551.185,1.6908114999557681e-06
551.314,1.753642722835076e-06
551.443,1.83788168482656e-06
551.573,1.970152984869218e-06
551.702,2.174646570548261e-06
551.831,2.492469072445025e-06
551.96,2.9650203839193665e-06
552.089,3.5689381175755482e-06
552.218,4.302515722083284e-06
552.347,5.078456982787491e-06
552.476,5.82422963682586e-06
552.605,6.651238417380924e-06
552.734,7.489794978618438e-06
552.863,9.078436156854452e-06
552.992,1.1227330641998047e-05
553.121,1.1095138185911357e-05
553.249,8.681614268218883e-06
553.378,7.022010651931361e-06
553.507,6.402813344584349e-06
553.636,5.789229930136553e-06
553.765,5.2490718888486465e-06
553.894,4.674225872164286e-06
554.023,3.987540173397782e-06
554.151,3.4035043745922074e-06
554.28,2.923663390322837e-06
554.409,2.549330526473805e-06
554.538,2.2674555857748154e-06
554.666,2.0356786169135354e-06
554.795,1.831715364246491e-06
554.924,1.6360371566190555e-06
555.052,1.4526935092919116e-06
555.181,1.2661931864036613e-06
555.31,1.078282503759417e-06
555.439,8.892486506566216e-07
555.567,6.962722793917998e-07
555.696,4.964417417795337e-07
555.824,2.8729518438812965e-07
555.953,6.694066006891284e-08
556.082,0.0
556.21,0.0
556.339,0.0
556.467,0.0
556.596,0.0
556.724,0.0
556.853,0.0
556.981,0.0
557.11,0.0
557.238,0.0
557.367,0.0
557.495,0.0
557.623,0.0
557.752,0.0
557.88,0.0
558.008,0.0
558.137,0.0
558.265,0.0
558.393,0.0
558.522,0.0
558.65,0.0
558.778,0.0
558.906,0.0
559.035,0.0
559.163,0.0
559.291,0.0
559.419,0.0
559.548,0.0
559.676,0.0
559.804,0.0
559.932,0.0
560.06,0.0
560.188,0.0
560.316,0.0
560.444,1.520731326702777e-07
560.572,5.427996301667231e-07
560.7,9.444242893917766e-07
560.828,1.3534622272480823e-06
560.956,1.767061174813799e-06
561.085,2.1861421203627508e-06
561.212,2.6116670940158977e-06
561.34,3.0443656299216563e-06
561.468,3.4879740376428273e-06
561.596,3.947206835404663e-06
561.724,4.4275929148590524e-06
561.852,4.935041548179424e-06
561.98,5.4738574371442e-06
562.108,6.045863812645748e-06
562.236,6.6510512416118265e-06
562.364,7.28723223986336e-06
562.492,7.953670393348742e-06
562.619,8.673131029760323e-06
562.747,9.469070676269318e-06
562.875,1.0362266061787672e-05
563.003,1.1369079966093964e-05
563.13,1.2485942442588166e-05
563.258,1.3711392583485622e-05
563.386,1.518546410020743e-05
563.514,1.689445944858386e-05
563.641,1.7632833501402144e-05
563.769,1.7344868521461044e-05
563.897,2.289392693362784e-05
564.024,2.241087795270152e-05
564.152,2.281037622165632e-05
564.28,2.4092382110203954e-05
564.407,2.5120911707446677e-05
564.535,2.5936689218107618e-05
564.662,2.67252419676156e-05
564.79,2.7560034449382925e-05
564.917,2.854765345260407e-05
565.045,2.9800517208727963e-05
565.173,3.1393705337349626e-05
565.3,3.3380917278837226e-05
565.428,3.57788914319223e-05
565.555,3.8575460940846794e-05
565.682,4.186556637276329e-05
565.81,4.560861991992221e-05
565.937,4.9693007188008984e-05
566.065,5.3994256304677445e-05
566.192,5.817990438284776e-05
566.32,6.215568946777935e-05
566.447,6.581971692186911e-05
566.574,6.910037162458367e-05
566.702,7.201187004977823e-05
566.829,7.443714812828045e-05
566.956,7.647026359836105e-05
567.083,7.822490245610452e-05
567.211,7.992921150980267e-05
567.338,8.173869974910387e-05
567.465,8.349204715182894e-05
567.593,8.492453795867357e-05
567.72,8.554762902750212e-05
567.847,8.525137616433104e-05
567.974,8.753796531237121e-05
568.101,0.00010129160354763865
568.228,0.0001348376999715456
568.356,0.00014788007837682863
568.483,0.00013321003704955687
568.61,0.00013233780679310604
568.737,0.0001711554846539799
568.864,0.00021503005191828416
568.991,0.00019487432986832408
569.118,0.00015364453693317116
569.245,0.00012326002417363684
569.372,0.00010287879775387621
569.499,8.846108531303767e-05
569.626,7.724987206060307e-05
569.753,6.850563284396873e-05
569.88,6.156393184242142e-05
570.007,5.5841474547339185e-05
570.134,5.110770966154768e-05
570.261,4.7144014514008025e-05
570.388,4.370952407090438e-05
570.515,4.06551752017953e-05
570.642,3.7839021957905934e-05
570.768,3.514629641392125e-05
570.895,3.258857664923981e-05
571.022,3.0183688770926204e-05
571.149,2.789826079936119e-05
571.276,2.5712347604737322e-05
571.402,2.3617747647618485e-05
571.529,2.161554597629486e-05
571.656,1.9727143010626774e-05
571.783,1.7997877517642254e-05
571.909,1.6413515437447535e-05
572.036,1.495561141750708e-05
572.163,1.3621221497373215e-05
572.289,1.2398687044083504e-05
572.416,1.128433926111772e-05
572.543,1.0273440530718236e-05
572.669,9.354010001862437e-06
572.796,8.506409177628327e-06
572.922,7.733677094012216e-06
573.049,7.037677210450208e-06
573.176,6.424076219508439e-06
573.302,5.8893673393803e-06
573.429,5.4227782672312316e-06
573.555,5.012048353996599e-06
573.682,4.646182769975479e-06
573.808,4.314192305614886e-06
573.935,4.00633108659539e-06
574.061,3.7140164023417536e-06
574.188,3.4289200801632757e-06
574.314,3.147377002807853e-06
574.44,2.866418145539645e-06
574.567,2.5839873092220054e-06
574.693,2.299164022164385e-06
574.82,2.0121478202646953e-06
574.946,1.7198804954815943e-06
575.072,1.4203249790336175e-06
575.198,1.1092606491054833e-06
575.325,7.866962503872263e-07
575.451,4.5537016807108407e-07
575.577,1.1891149966527599e-07
575.704,0.0
575.83,0.0
575.956,0.0
576.082,0.0
576.208,0.0
576.335,0.0
576.461,0.0
576.587,0.0
576.713,0.0
576.839,0.0
576.965,0.0
577.091,0.0
577.217,0.0
577.343,0.0
577.469,0.0
577.596,0.0
577.722,0.0
577.848,0.0
577.974,0.0
578.099,0.0
578.225,0.0
578.351,0.0
578.477,0.0
578.603,0.0
578.729,0.0
578.855,0.0
578.981,0.0
579.107,0.0
579.232,0.0
579.358,0.0
579.484,0.0
579.61,0.0
579.735,0.0
579.861,0.0
579.987,0.0
580.113,0.0
580.238,0.0
580.364,0.0
580.49,0.0
580.615,0.0
580.741,0.0
580.867,0.0
580.992,0.0
581.118,4.206513977437122e-07
581.243,9.43938860990787e-07
581.369,1.490230142391107e-06
581.494,2.060216867647447e-06
581.62,2.655124668547328e-06
581.745,3.276255642619212e-06
581.871,3.924678507371011e-06
581.996,4.6007148120635256e-06
582.122,5.302974168980073e-06
582.247,6.0345786313754235e-06
582.373,6.801887365801744e-06
582.498,7.611302439979288e-06
582.624,8.469171537606014e-06
582.749,9.381094320712155e-06
582.874,1.035173878720774e-05
583.0,1.138743346918818e-05
583.125,1.249353397607198e-05
583.25,1.3677451788574684e-05
583.376,1.4949239379475601e-05
583.501,1.6314098750173383e-05
583.626,1.7777813536958238e-05
583.751,1.93476816987277e-05
583.877,2.103321538929536e-05
584.002,2.2845585476466742e-05
584.127,2.4797699864734376e-05
584.252,2.690118514001148e-05
584.377,2.9152641707172563e-05
584.503,3.154531054608271e-05
584.628,3.407508536909983e-05
584.753,3.6745187295486874e-05
584.878,3.9561314772061616e-05
585.003,4.252978368589678e-05
585.128,4.567163832684651e-05
585.253,4.899134645450181e-05
585.378,5.2539312178332995e-05
585.503,5.640531566605337e-05
585.628,6.0798900063448106e-05
585.753,6.579801969834599e-05
585.878,7.056000060793344e-05
586.003,7.520613322028955e-05
586.128,8.556825677465585e-05
586.253,9.208753511615838e-05
586.378,0.00010066595905374866
586.503,0.00011138739975666649
586.628,0.00012340261520269404
586.753,0.00013696774393087634
586.878,0.00015225187950669534
587.003,0.00016957029456753575
587.127,0.0001893862371929195
587.252,0.00021179470287682506
587.377,0.00023765585809003954
587.502,0.0002672938056687924
587.627,0.00029961392441434884
587.751,0.0003378878009112002
587.876,0.00039064972267255355
588.001,0.0004333362015306718
588.125,0.0005015347845453125
588.25,0.0005903131235992782
588.375,0.0006996046258921634
588.499,0.0008347462303908851
588.624,0.0010211715083566749
588.749,0.0012892255815967785
588.873,0.0015358245754727594
588.998,0.0017172450285158698
589.122,0.001804246378803664
589.247,0.0017026251330285599
589.372,0.0015612236279087556
589.496,0.0015950636846540106
589.621,0.0016915661433307722
589.745,0.0016136045189506063
589.87,0.001362357406507122
589.994,0.0010969778296499879
590.118,0.000898126128428952
590.243,0.0007529444919530231
590.367,0.0006448053163315825
590.492,0.0005608818097893433
590.616,0.0004926335090378827
590.74,0.0004354215524646783
590.865,0.00038908402714582974
590.989,0.00035216409742294463
591.114,0.00032028349506331183
591.238,0.00029198483330429407
591.362,0.0002675179982819563
591.486,0.0002459093977455945
591.611,0.00022653842479022657
591.735,0.0002087381496256655
591.859,0.00019213229385336888
591.983,0.0001767111985744418
592.107,0.00016235691906542083
592.232,0.00015009944973768573
592.356,0.00013961492882130539
592.48,0.0001287407564165496
592.604,0.00011753993990382895
592.728,0.00010721760412093457
592.852,9.800812196344007e-05
592.976,9.011899877079042e-05
593.1,8.348731276971885e-05
593.224,7.779882890982311e-05
593.349,7.291117869988423e-05
593.473,6.86722091111419e-05
593.597,6.493751695120846e-05
593.721,6.159832284432948e-05
593.844,5.8522282846775705e-05
593.968,5.558381263159369e-05
594.092,5.274248535766839e-05
594.216,4.9978109045292905e-05
594.34,4.727969543103023e-05
594.464,4.4643764117006085e-05
594.588,4.206879158983857e-05
594.712,3.955964268693118e-05
594.836,3.7129938234954596e-05
594.959,3.4794738254935746e-05
595.083,3.255056881645014e-05
595.207,3.039589762258516e-05
595.331,2.8329216764853157e-05
595.455,2.6349068135195705e-05
595.578,2.4454119135959046e-05
595.702,2.2640716814965986e-05
595.826,2.0908600607605856e-05
595.949,1.925822835315733e-05
596.073,1.7688502925853443e-05
596.197,1.6196201115400262e-05
596.32,1.4777257892122314e-05
596.444,1.3427849756875637e-05
596.568,1.2149708197945847e-05
596.691,1.0942871743160798e-05
596.815,9.92763161896508e-06
596.938,9.100065290467151e-06
597.062,7.4368252592486575e-06
597.186,4.935014011270485e-06
597.309,7.716027399956053e-06
597.433,5.3257438251785365e-06
597.556,3.886100721975265e-06
597.68,3.397008156943579e-06
597.803,2.835167023586384e-06
597.926,2.1989754192978667e-06
598.05,1.6096388673110293e-06
598.173,1.0660085858602894e-06
598.297,5.670231650052621e-07
598.42,1.1138350502201268e-07
598.543,0.0
598.667,0.0
598.79,0.0
598.913,0.0
599.037,0.0
599.16,0.0
599.283,0.0
599.406,0.0
599.53,0.0
599.653,0.0
599.776,0.0
599.899,0.0
600.022,0.0
600.145,0.0
600.269,0.0
600.392,0.0
600.515,0.0
600.638,0.0
600.761,0.0
600.884,0.0
601.007,0.0
601.13,0.0
601.253,0.0
601.376,0.0
601.499,0.0
601.622,0.0
601.745,0.0
601.868,0.0
601.991,0.0
602.113,0.0
602.236,0.0
602.359,0.0
602.482,0.0
602.605,0.0
602.728,0.0
602.85,0.0
602.973,0.0
603.096,0.0
603.219,0.0
603.341,0.0
603.464,0.0
603.587,0.0
603.709,0.0
603.832,0.0
603.955,0.0
604.077,0.0
604.2,0.0
604.323,0.0
604.445,0.0
604.568,0.0
604.69,0.0
604.813,0.0
604.935,0.0
605.058,0.0
605.18,0.0
605.303,0.0
605.425,0.0
605.547,0.0
605.67,0.0
605.792,0.0
605.915,0.0
606.037,0.0
606.159,0.0
606.282,0.0
606.404,0.0
606.526,0.0
606.648,0.0
606.771,0.0
606.893,0.0
607.015,0.0
607.137,0.0
607.26,0.0
607.382,0.0
607.504,0.0
607.626,0.0
607.748,0.0
607.87,0.0
607.992,0.0
608.114,0.0
608.237,0.0
608.359,0.0
608.481,0.0
608.603,0.0
608.725,0.0
608.847,0.0
608.969,0.0
609.09,0.0
609.212,0.0
609.334,0.0
609.456,0.0
609.578,0.0
609.7,0.0
609.822,0.0
609.944,0.0
610.065,0.0
610.187,0.0
610.309,0.0
610.431,0.0
610.552,0.0
610.674,0.0
610.796,0.0
610.918,0.0
611.039,0.0
611.161,0.0
611.282,0.0
611.404,0.0
611.526,0.0
611.647,0.0
611.769,0.0
611.89,0.0
612.012,0.0
612.133,0.0
612.255,0.0
612.377,0.0
612.498,0.0
612.619,0.0
612.741,0.0
612.862,0.0
612.984,0.0
613.105,0.0
613.226,0.0
613.348,0.0
613.469,0.0
613.59,0.0
613.712,0.0
613.833,0.0
613.954,0.0
614.076,0.0
614.197,0.0
614.318,2.3230433033418342e-07
614.439,5.330900569813366e-07
614.56,8.843794930909502e-07
614.682,9.920407290648919e-07
614.803,8.74710159994033e-07
614.924,1.3705785220269063e-06
615.045,2.5745285726974397e-06
615.166,4.674936291177209e-06
615.287,1.1962411632489064e-05
615.408,3.112129569065394e-05
615.529,3.598253838742036e-05
615.65,2.1522145501677565e-05
615.771,1.525983805884723e-05
615.892,2.0951815107246707e-05
616.013,4.7106156285640915e-05
616.134,6.922822726916979e-05
616.255,5.334188462667531e-05
616.376,3.035743715698607e-05
616.497,2.22862885286702e-05
616.618,1.9188423729537508e-05
616.739,1.5573767338841005e-05
616.86,1.2360526948022667e-05
616.981,1.0215881855224138e-05
617.102,8.53213385151012e-06
617.222,7.39028009886318e-06
617.343,6.743182357901997e-06
617.464,6.290037572888799e-06
617.585,5.989830822251035e-06
617.705,5.759635746402668e-06
617.826,5.495966408606894e-06
617.947,5.23643465070779e-06
618.068,4.98480229127204e-06
618.188,4.739919665062649e-06
618.309,4.518288544607352e-06
618.43,4.309013455495251e-06
618.55,4.092661912673502e-06
618.671,3.854898258071139e-06
618.791,3.6056471651174383e-06
618.912,3.3411992165543767e-06
619.033,3.0569173309405537e-06
619.153,2.749817306776246e-06
619.274,2.410703522352431e-06
619.394,2.0483241439603634e-06
619.515,1.6800086079656567e-06
619.635,1.3198780108501025e-06
619.756,9.758096008144492e-07
619.876,6.556180817617905e-07
619.996,3.6853981554304956e-07
620.117,1.2176542252218702e-07
620.237,0.0
620.358,0.0
620.478,0.0
620.598,0.0
620.719,0.0
620.839,0.0
620.959,0.0
621.079,0.0
621.2,0.0
621.32,0.0
621.44,0.0
621.56,0.0
621.681,0.0
621.801,0.0
621.921,0.0
622.041,0.0
622.161,0.0
622.281,0.0
622.401,0.0
622.521,0.0
622.641,0.0
622.761,0.0
622.882,0.0
623.002,0.0
623.121,0.0
623.241,0.0
623.361,0.0
623.481,0.0
623.601,0.0
623.721,0.0
623.841,0.0
623.961,0.0
624.081,0.0
624.201,0.0
624.32,0.0
624.44,0.0
624.56,0.0
624.68,0.0
624.799,0.0
624.919,0.0
625.039,0.0
625.159,0.0
625.278,0.0
625.398,0.0
625.518,0.0
625.637,0.0
625.757,0.0
625.876,0.0
625.996,0.0
626.115,0.0
626.235,0.0
626.354,0.0
626.474,0.0
626.594,0.0
626.713,0.0
626.832,0.0
626.952,0.0
627.071,0.0
627.191,0.0
627.31,0.0
627.429,0.0
627.549,0.0
627.668,0.0
627.787,0.0
627.907,0.0
628.026,0.0
628.145,0.0
628.264,0.0
628.384,0.0
628.503,0.0
628.622,0.0
628.741,0.0
628.86,0.0
628.98,1.1687334957847662e-08
629.099,2.7535915440549292e-08
629.218,4.153212675085447e-08
629.337,5.348158172522595e-08
629.456,6.319479726368923e-08
629.575,7.054209933582749e-08
629.694,7.543372940402913e-08
629.813,7.78519288832096e-08
629.932,7.785336405638614e-08
630.051,7.553603767208615e-08
630.17,7.102649852958343e-08
630.289,6.446790959717645e-08
630.408,5.603379810376577e-08
630.527,4.592487755194958e-08
630.646,3.4319238098269084e-08
630.764,2.1350613460281435e-08
630.883,7.121162182715349e-09
631.002,0.0
631.121,0.0
631.24,0.0
631.359,0.0
631.477,0.0
631.596,0.0
631.715,0.0
631.834,0.0
631.952,0.0
632.071,0.0
632.19,0.0
632.308,0.0
632.427,0.0
632.546,0.0
632.664,0.0
632.783,0.0
632.901,0.0
633.02,0.0
633.138,0.0
633.257,0.0
633.375,0.0
633.494,0.0
633.612,0.0
633.731,0.0
633.849,0.0
633.968,0.0
634.086,0.0
634.204,0.0
634.323,0.0
634.441,0.0
634.559,0.0
634.678,0.0
634.796,0.0
634.914,0.0
635.032,0.0
635.151,0.0
635.269,0.0
635.387,0.0
635.505,0.0
635.623,0.0
635.742,0.0
635.86,0.0
635.978,0.0
636.096,0.0
636.214,0.0
636.332,0.0
636.45,0.0
636.568,0.0
636.686,0.0
636.804,0.0
636.922,0.0
637.04,0.0
637.158,0.0
637.276,0.0
637.394,0.0
637.512,0.0
637.629,0.0
637.747,0.0
637.865,0.0
637.983,0.0
638.101,0.0
638.218,0.0
638.336,0.0
638.454,0.0
638.572,0.0
638.689,0.0
638.807,0.0
638.925,0.0
639.042,0.0
639.16,0.0
639.278,0.0
639.395,0.0
639.513,0.0
639.63,0.0
639.748,0.0
639.865,0.0
639.983,0.0
640.1,0.0
640.218,0.0
640.335,0.0
640.453,0.0
640.57,0.0
640.688,0.0
640.805,0.0
640.922,0.0
641.04,0.0
641.157,0.0
641.274,0.0
641.391,0.0
641.509,0.0
641.626,0.0
641.743,0.0
641.86,0.0
641.978,0.0
642.095,0.0
642.212,0.0
642.329,0.0
642.446,0.0
642.563,0.0
642.681,0.0
642.798,0.0
642.915,0.0
643.032,0.0
643.149,0.0
643.266,0.0
643.383,0.0
643.5,0.0
643.617,0.0
643.734,0.0
643.85,0.0
643.967,0.0
644.084,0.0
644.201,0.0
644.318,0.0
644.435,0.0
644.552,0.0
644.668,0.0
644.785,0.0
644.902,0.0
645.019,0.0
645.135,0.0
645.252,0.0
645.369,0.0
645.485,0.0
645.602,0.0
645.719,0.0
645.835,0.0
645.952,0.0
646.068,0.0
646.185,0.0
646.302,0.0
646.418,0.0
646.535,0.0
646.651,0.0
646.768,0.0
646.884,0.0
647.0,0.0
647.117,0.0
647.233,0.0
647.35,0.0
647.466,0.0
647.582,0.0
647.699,0.0
647.815,0.0
647.931,0.0
648.047,0.0
648.164,0.0
648.28,0.0
648.396,0.0
648.512,0.0
648.629,0.0
648.745,0.0
648.861,0.0
648.977,0.0
649.093,0.0
649.209,0.0
649.325,0.0
649.441,0.0
649.557,0.0
649.673,0.0
649.789,0.0
649.905,0.0
650.021,0.0
650.137,0.0
650.253,0.0
650.369,0.0
650.485,0.0
650.601,0.0
650.717,0.0
650.833,0.0
650.948,0.0
651.064,0.0
651.18,0.0
651.296,0.0
651.411,0.0
651.527,0.0
651.643,0.0
651.759,0.0
651.874,0.0
651.99,1.7426560755270444e-07
652.105,4.5731501929478235e-07
652.221,7.865067956301549e-07
652.337,1.1706972833240192e-06
652.452,1.618230130487679e-06
652.568,2.1334875419232015e-06
652.683,2.719984159619635e-06
652.799,3.3802533936287207e-06
652.914,4.114703142538653e-06
653.03,4.9282517936248975e-06
653.145,5.825219070572171e-06
653.261,6.809763740548941e-06
653.376,7.884367565973038e-06
653.492,9.050450723084936e-06
653.607,1.0312094386144234e-05
653.722,1.1681273568674404e-05
653.838,1.3175403951970928e-05
653.953,1.4795991013541169e-05
654.068,1.6540506843459574e-05
654.184,1.8398856427330918e-05
654.299,2.0359064489768678e-05
654.414,2.242645579573009e-05
654.53,2.4603918169575443e-05
654.645,2.687716891437576e-05
654.76,2.9224581901993682e-05
654.875,3.167161672151759e-05
654.99,3.42646523598107e-05
655.106,3.706995613591054e-05
655.221,4.018109194967212e-05
655.336,4.366107225636104e-05
655.451,4.7541300504344896e-05
655.566,5.195245079221542e-05
655.681,5.706846837367765e-05
655.796,6.294162697543104e-05
655.911,6.948051578666767e-05
656.026,7.609294334845267e-05
656.141,8.18337325515193e-05
656.256,8.577264044766054e-05
656.371,8.727911522061648e-05
656.486,8.64759000008725e-05
656.601,8.396160589237222e-05
656.716,8.055258210278275e-05
656.831,7.691836868795772e-05
656.946,7.32623944340153e-05
657.06,6.965101813086186e-05
657.175,6.606890241283993e-05
657.29,6.251191156499102e-05
657.405,5.909638983763703e-05
657.52,5.586836346516161e-05
657.634,5.2800263783694326e-05
657.749,4.987044986295441e-05
657.864,4.70710449696374e-05
657.979,4.440828438405165e-05
658.093,4.189354435508965e-05
658.208,3.953481046068311e-05
658.323,3.731348757330148e-05
658.437,3.521681314437117e-05
658.552,3.3255307131582746e-05
658.666,3.1422306388326865e-05
658.781,2.9705535191580338e-05
658.895,2.8086875042734535e-05
659.01,2.6546459741700987e-05
659.125,2.506742063102925e-05
659.239,2.364009790736046e-05
659.353,2.2258323371791302e-05
659.468,2.091478213739711e-05
659.582,1.960393180130642e-05
659.697,1.8321274839778773e-05
659.811,1.7064410098043155e-05
659.926,1.5833178662015814e-05
660.04,1.4628250036929995e-05
660.154,1.345042712718646e-05
660.269,1.230564112833167e-05
660.383,1.1197126018881954e-05
660.497,1.013275877207739e-05
660.612,9.119932744222758e-06
660.726,8.165290591743757e-06
660.84,7.274087354463779e-06
660.954,6.449435042387979e-06
661.068,5.692016746245455e-06
661.183,5.000018145659029e-06
661.297,4.372521095788597e-06
661.411,3.806898337294716e-06
661.525,3.2993081201925794e-06
661.639,2.84515149586408e-06
661.753,2.4393115009046383e-06
661.867,2.0766991831582004e-06
661.981,1.7528084607479135e-06
662.095,1.4610456690602205e-06
662.209,1.1957979807724396e-06
662.323,9.528000712027377e-07
662.437,7.285886004268855e-07
662.551,5.204133455422251e-07
662.665,3.261680129067747e-07
662.779,1.4432292852690007e-07
662.893,0.0
663.007,0.0
663.121,0.0
663.235,0.0
663.349,0.0
663.462,0.0
663.576,0.0
663.69,0.0
663.804,0.0
663.917,0.0
664.031,0.0
664.145,0.0
664.258,0.0
664.372,0.0
664.486,0.0
664.599,0.0
664.713,0.0
664.827,0.0
664.94,0.0
665.054,0.0
665.167,0.0
665.281,0.0
665.394,0.0
665.508,0.0
665.621,0.0
665.735,0.0
665.848,0.0
665.961,0.0
666.075,0.0
666.188,0.0
666.301,0.0
666.415,0.0
666.528,0.0
666.641,0.0
666.755,0.0
666.868,0.0
666.981,0.0
667.094,0.0
667.207,0.0
667.321,0.0
667.434,0.0
667.547,0.0
667.66,0.0
667.773,0.0
667.886,0.0
667.999,0.0
668.112,0.0
668.225,0.0
668.338,0.0
668.451,0.0
668.564,0.0
668.677,0.0
668.79,0.0
668.903,0.0
669.016,0.0
669.129,0.0
669.242,0.0
669.354,0.0
669.467,0.0
669.58,0.0
669.693,0.0
669.806,0.0
669.918,0.0
670.031,0.0
670.144,0.0
670.256,0.0
670.369,0.0
670.482,0.0
670.594,0.0
670.707,0.0
670.82,0.0
670.932,0.0
671.045,0.0
671.157,0.0
671.27,0.0
671.382,0.0
671.495,0.0
671.607,0.0
671.72,0.0
671.832,0.0
671.944,0.0
672.057,0.0
672.169,0.0
672.281,0.0
672.394,0.0
672.506,0.0
672.618,0.0
672.731,0.0
672.843,0.0
672.955,0.0
673.067,0.0
673.18,0.0
673.292,0.0
673.404,0.0
673.516,0.0
673.628,0.0
673.74,0.0
673.852,0.0
673.964,0.0
674.076,0.0
674.188,0.0
674.3,0.0
674.412,0.0
674.524,0.0
674.636,0.0
674.748,0.0
674.86,0.0
674.972,0.0
675.084,0.0
675.196,0.0
675.307,0.0
675.419,0.0
675.531,0.0
675.643,0.0
675.755,0.0
675.866,0.0
675.978,0.0
676.09,0.0
676.201,0.0
676.313,0.0
676.425,0.0
676.536,0.0
676.648,0.0
676.759,0.0
676.871,0.0
676.983,0.0
677.094,0.0
677.206,0.0
677.317,0.0
677.429,0.0
677.54,0.0
677.651,0.0
677.763,0.0
677.874,0.0
677.986,0.0
678.097,0.0
678.208,0.0
678.32,0.0
678.431,0.0
678.542,0.0
678.653,0.0
678.765,0.0
678.876,0.0
678.987,0.0
679.098,0.0
679.209,0.0
679.32,0.0
679.432,0.0
679.543,0.0
679.654,0.0
679.765,0.0
679.876,0.0
679.987,0.0
680.098,0.0
680.209,0.0
680.32,0.0
680.431,0.0
680.542,0.0
680.653,0.0
680.763,0.0
680.874,0.0
680.985,0.0
681.096,0.0
681.207,0.0
681.318,0.0
681.428,0.0
681.539,0.0
681.65,0.0
681.76,0.0
681.871,0.0
681.982,0.0
682.093,0.0
682.203,0.0
682.314,0.0
682.424,0.0
682.535,0.0
682.646,0.0
682.756,0.0
682.867,0.0
682.977,0.0
683.088,0.0
683.198,0.0
683.308,0.0
683.419,0.0
683.529,0.0
683.64,0.0
683.75,0.0
683.86,0.0
683.971,0.0
684.081,0.0
684.191,0.0
684.301,0.0
684.412,0.0
684.522,0.0
684.632,0.0
684.742,0.0
684.852,0.0
684.963,0.0
685.073,0.0
685.183,2.0566457879965043e-08
685.293,4.215217827870493e-08
685.403,6.275501647151105e-08
685.513,8.225853933535892e-08
685.623,1.0058467538792491e-07
685.733,1.1770593776209511e-07
685.843,1.3356539862675214e-07
685.953,1.4810609451492823e-07
686.063,1.6131369121742454e-07
686.173,1.7318749175214285e-07
686.283,1.8373293268194425e-07
686.393,1.9300075013626263e-07
686.503,2.0101840574860335e-07
686.612,2.0774319590807205e-07
686.722,2.1317783910049692e-07
686.832,2.1730689475970008e-07
686.942,2.2009840277063756e-07
687.052,2.2159052938848886e-07
687.161,2.2179880769693852e-07
687.271,2.2071549238313705e-07
687.381,2.1837566649961463e-07
687.491,2.1483487670709752e-07
687.6,2.1015530803175447e-07
687.71,2.0443343489205894e-07
687.82,1.9769665478857318e-07
687.929,1.8993241578943244e-07
688.039,1.8117093227283253e-07
688.148,1.7141648706587732e-07
688.258,1.6071173297133042e-07
688.367,1.4912524894870896e-07
688.477,1.3665196826939662e-07
688.586,1.2329255904014969e-07
688.696,1.0911222139380086e-07
688.805,9.416984542668842e-08
688.915,7.854299225631913e-08
689.024,6.236349465309264e-08
689.134,4.571877717610727e-08
689.243,2.867792433046289e-08
689.352,1.1366856853990146e-08
689.462,0.0
689.571,0.0
689.68,0.0
689.79,0.0
689.899,0.0
690.008,0.0
690.117,0.0
690.227,0.0
690.336,0.0
690.445,0.0
690.554,0.0
690.663,0.0
690.772,0.0
690.881,0.0
690.99,0.0
691.099,0.0
691.209,0.0
691.318,0.0
691.427,0.0
691.536,0.0
691.644,0.0
691.753,0.0
691.862,0.0
691.971,0.0
692.08,0.0
692.189,0.0
692.298,0.0
692.406,0.0
692.515,0.0
692.624,0.0
692.733,0.0
692.842,0.0
692.95,0.0
693.059,0.0
693.168,0.0
693.276,0.0
693.385,0.0
693.494,0.0
693.602,0.0
693.711,0.0
693.819,0.0
693.928,0.0
694.036,0.0
694.145,0.0
694.253,0.0
694.362,0.0
694.47,0.0
694.579,0.0
694.687,0.0
694.795,0.0
694.693,0.0
694.893,0.0
695.093,0.0
695.293,0.0
695.492,0.0
695.692,1.185922688274214e-07
695.891,0.0
696.091,4.7266668337613604e-08
696.291,2.1990110574027994e-07
696.49,3.1697728453263747e-07
696.69,2.3888996566509e-07
696.889,0.0
697.089,0.0
697.288,0.0
697.488,0.0
697.687,0.0
697.887,0.0
698.086,1.0742921160869051e-07
698.286,1.9335356676419263e-07
698.485,2.3918199142936367e-07
698.684,2.5789829215794893e-07
698.884,2.5716391079714536e-07
699.083,2.439900439571125e-07
699.282,2.347326507846131e-07
699.482,2.464964116222662e-07
699.681,2.8226393580337546e-07
699.88,3.5476127245450395e-07
700.08,4.748137462328449e-07
700.279,6.325722058827791e-07
700.478,8.128920861399243e-07
700.677,9.946155141971356e-07
700.877,1.1688268188904678e-06
701.076,1.3296743696166434e-06
701.275,1.4716661362802106e-06
701.474,1.5886371208766485e-06
701.673,1.6678972790499647e-06
701.872,1.7082386118940843e-06
702.071,1.7168236114492218e-06
702.271,1.6970261012471212e-06
702.47,1.641018380595364e-06
702.669,1.5503875824733873e-06
702.868,1.4314348417294042e-06
703.067,1.2867023055375922e-06
703.266,1.1153497048990584e-06
703.465,9.146967114082446e-07
703.664,6.817920574817105e-07
703.863,4.2420371530429185e-07
704.062,1.4779953086722052e-07
704.26,0.0
704.459,0.0
704.658,0.0
704.857,0.0
705.056,0.0
705.255,0.0
705.454,0.0
705.652,0.0
705.851,0.0
706.05,0.0
706.249,0.0
706.447,0.0
706.646,0.0
706.845,0.0
707.043,0.0
707.242,0.0
707.441,0.0
707.639,0.0
707.838,0.0
708.037,0.0
708.235,0.0
708.434,0.0
708.632,0.0
708.831,0.0
709.029,0.0
709.228,0.0
709.426,0.0
709.625,0.0
709.823,0.0
710.022,0.0
710.22,0.0
710.418,0.0
710.617,0.0
710.815,0.0
711.013,0.0
711.212,0.0
711.41,0.0
711.608,0.0
711.807,1.6790151145831147e-08
712.005,1.1944834855519734e-07
712.203,2.1882713857916995e-07
712.401,3.333935157676102e-07
712.599,4.638606672335561e-07
712.798,6.093086728864621e-07
712.996,7.655010270589153e-07
713.194,9.063309352773039e-07
713.392,9.996825820260468e-07
713.59,1.0375466235575866e-06
713.788,1.0455179424874355e-06
713.986,9.80675753971943e-07
714.184,8.929362305380246e-07
714.382,8.312556688961096e-07
714.58,8.045052889745311e-07
714.778,9.825797882091488e-07
714.976,1.5499793458092393e-06
715.174,2.621624165586026e-06
715.372,4.229380258245473e-06
715.57,6.704668344190149e-06
715.768,9.52231553971154e-06
715.966,1.0896224760862146e-05
716.164,1.0086786855187435e-05
716.362,7.988214326715845e-06
716.56,6.051638798929619e-06
716.758,4.7693070913961605e-06
716.955,3.821894323913292e-06
717.153,3.174015433006688e-06
717.351,2.764753565632007e-06
717.549,2.4944929827717162e-06
717.746,2.334812975553949e-06
717.944,2.276890077036496e-06
718.142,2.2906037088197738e-06
718.34,2.331604221048068e-06
718.537,2.3654193176820537e-06
718.735,2.364975006615761e-06
718.933,2.328035175387265e-06
719.13,2.261011565940301e-06
719.328,2.186869738257919e-06
719.525,2.109775517212408e-06
719.723,2.0345792953655323e-06
719.92,1.962240223917453e-06
720.118,1.889453881279458e-06
720.316,1.8123363666680475e-06
720.513,1.7245083412201287e-06
720.711,1.6199739915587033e-06
720.908,1.497157632623902e-06
721.105,1.3571130973649017e-06
721.303,1.2009780470445161e-06
721.5,1.0327804813731393e-06
721.698,8.575914526786139e-07
721.895,6.810134473408642e-07
722.092,5.084476534213094e-07
722.29,3.444465538017382e-07
722.487,1.8983571275138336e-07
722.684,4.526159424386627e-08
722.882,0.0
723.079,0.0
723.276,0.0
723.473,0.0
723.671,0.0
723.868,0.0
724.065,0.0
724.262,0.0
724.459,0.0
724.656,0.0
724.854,0.0
725.051,0.0
725.248,0.0
725.445,0.0
725.642,0.0
725.839,0.0
726.036,0.0
726.233,0.0
726.43,0.0
726.627,0.0
726.824,0.0
727.021,0.0
727.218,0.0
727.414,0.0
727.611,0.0
727.808,0.0
728.005,0.0
728.202,0.0
728.399,0.0
728.595,0.0
728.792,0.0
728.989,0.0
729.186,0.0
729.382,0.0
729.579,0.0
729.776,1.0511955354375957e-08
729.972,1.7576566041883923e-08
730.169,1.6665117342882436e-08
730.366,7.699065875937398e-09
730.562,0.0
730.759,0.0
730.955,0.0
731.152,0.0
731.348,0.0
731.545,0.0
731.741,0.0
731.938,0.0
732.134,0.0
732.331,0.0
732.527,0.0
732.724,0.0
732.92,0.0
733.116,0.0
733.313,0.0
733.509,0.0
733.705,0.0
733.902,0.0
734.098,0.0
734.294,0.0
734.49,0.0
734.687,0.0
734.883,0.0
735.079,0.0
735.275,0.0
735.471,0.0
735.667,0.0
735.863,0.0
736.06,0.0
736.256,0.0
736.452,0.0
736.648,0.0
736.844,0.0
737.04,0.0
737.236,0.0
737.432,0.0
737.628,0.0
737.824,0.0
738.019,0.0
738.215,0.0
738.411,0.0
738.607,0.0
738.803,4.100263848373873e-07
738.999,9.434870023602883e-07
739.195,1.5206671892270482e-06
739.39,2.153661629409458e-06
739.586,2.823400187048503e-06
739.782,3.499771147691378e-06
739.978,4.141089648654706e-06
740.173,4.6838761372379e-06
740.369,5.1459935203324136e-06
740.565,5.51788083887654e-06
740.76,5.775625727107456e-06
740.956,5.955114113968532e-06
741.152,6.141599151855372e-06
741.347,6.439561378178925e-06
741.543,7.284130080278501e-06
741.738,8.878924476934367e-06
741.934,1.150202798908665e-05
742.129,1.6929243178939408e-05
742.325,2.5839724510786697e-05
742.52,3.5982185501557226e-05
742.716,3.033648714852781e-05
742.911,2.5869764132388816e-05
743.107,2.261327577824812e-05
743.302,2.023022531975592e-05
743.498,2.0306345554311e-05
743.693,2.318512929674232e-05
743.888,2.5403645089761005e-05
744.084,4.132987715191341e-05
744.279,6.724646010600974e-05
744.474,6.997233816972191e-05
744.67,5.405909986510849e-05
744.865,4.332022467539254e-05
745.06,3.625755969510019e-05
745.255,3.183142118818743e-05
745.451,2.9283219159804214e-05
745.646,2.7794400827762496e-05
745.841,2.71805548305988e-05
746.036,2.752076847252461e-05
746.231,2.9554631784879975e-05
746.426,3.621111618735675e-05
746.622,5.174607266146894e-05
746.817,9.454337170565552e-05
747.012,0.00011832967667414769
747.207,9.440859360609796e-05
747.402,7.688861168203492e-05
747.597,6.496451068717435e-05
747.792,5.6687887603570316e-05
747.987,5.014720603283122e-05
748.182,4.4760339028303544e-05
748.377,4.02726800771326e-05
748.572,3.633786369670539e-05
748.767,3.2955926504224367e-05
748.961,3.0156292809464816e-05
749.156,2.7771202132535477e-05
749.351,2.5731266283428296e-05
749.546,2.3940028848205577e-05
749.741,2.2299618602441306e-05
749.936,2.0812765778940134e-05
750.13,1.9463693755026225e-05
750.325,1.8227780822799074e-05
750.52,1.70613008602436e-05
750.715,1.595198815273392e-05
750.909,1.4872529304913189e-05
751.104,1.3803128123534832e-05
751.299,1.2743284693215247e-05
751.493,1.168536423600677e-05
751.688,1.0624691647664247e-05
751.882,9.560909009316946e-06
752.077,8.50137334585098e-06
752.272,7.447700154367242e-06
752.466,6.4119444459473154e-06
752.661,5.408377445621446e-06
752.855,4.447656999849021e-06
753.05,3.54320862744079e-06
753.244,2.7105340730841413e-06
753.439,1.961668974388489e-06
753.633,1.3050680096704123e-06
753.828,7.376648301946925e-07
754.022,2.5437018549031646e-07
754.216,0.0
754.411,0.0
754.605,0.0
754.799,0.0
754.994,0.0
755.188,0.0
755.382,0.0
755.576,0.0
755.771,0.0
755.965,0.0
756.159,0.0
756.353,0.0
756.547,0.0
756.742,0.0
756.936,0.0
757.13,0.0
757.324,0.0
757.518,0.0
757.712,0.0
757.906,0.0
758.1,0.0
758.294,0.0
758.488,0.0
758.682,0.0
758.876,0.0
759.07,0.0
759.264,0.0
759.458,0.0
759.651,0.0
759.845,0.0
760.039,0.0
760.233,0.0
760.427,0.0
760.62,0.0
760.814,0.0
761.008,0.0
761.202,0.0
761.395,0.0
761.589,3.015253905300692e-07
761.783,6.026536803367378e-07
761.976,8.661157340002859e-07
762.17,1.0973480518405732e-06
762.363,1.3005438035663794e-06
762.557,1.4681663798490128e-06
762.75,1.588613312808712e-06
762.944,1.6558460639546997e-06
763.138,1.6512112245188562e-06
763.331,1.5760135647044035e-06
763.524,1.468690157198189e-06
763.718,1.2922500880838263e-06
763.911,1.012297651393117e-06
764.105,6.18691842785575e-07
764.298,9.699101153490756e-08
764.492,0.0
764.685,0.0
764.878,0.0
765.072,0.0
765.265,0.0
765.458,0.0
765.651,0.0
765.845,0.0
766.038,0.0
766.231,8.405402166529398e-06
766.424,6.37247038104377e-05
766.617,6.92322123391246e-05
766.811,5.278414712826856e-06
767.004,0.0
767.197,0.0
767.39,0.0
767.583,0.0
767.776,0.0
767.969,0.0
768.162,0.0
768.355,0.0
768.548,0.0
768.741,0.0
768.934,0.0
769.127,0.0
769.32,0.0
769.513,3.909937378429071e-06
769.706,1.7037575664673312e-05
769.898,6.164575282104005e-05
770.091,3.0156263130142228e-05
770.284,6.1648274503696e-06
770.477,3.602078629562435e-06
770.67,3.38519048096603e-06
770.862,3.774904847668979e-06
771.055,4.844934305639982e-06
771.248,5.949888888214352e-06
771.441,6.495140918190432e-06
771.633,7.040476000370983e-06
771.826,7.706913269963415e-06
772.018,8.4502707036977e-06
772.211,9.303082798641235e-06
772.404,1.0168775154892663e-05
772.596,1.1048142685255961e-05
772.789,1.1993077864813637e-05
772.981,1.3075199494346026e-05
773.174,1.4333313042665606e-05
773.366,1.5779196691271004e-05
773.559,1.7425168192989758e-05
773.751,1.9293977650745546e-05
773.944,2.143507338171679e-05
774.136,2.3858042577415512e-05
774.329,2.6576998320124892e-05
774.521,2.9627768134399338e-05
774.713,3.3064916454833524e-05
774.906,3.709855326141464e-05
775.098,4.188630678687667e-05
775.29,4.772292103938537e-05
775.483,5.495544391201304e-05
775.675,6.357902210089243e-05
775.867,7.428186835907153e-05
776.059,8.83434785900689e-05
776.251,0.00010707245281127985
776.444,0.0001334063500306178
776.636,0.0001708257489104242
776.828,0.0002322730449339107
777.02,0.00036681114314918693
777.212,0.000575783433527815
777.404,0.0006524071787795882
777.596,0.0006004610967213334
777.788,0.0004249317142966007
777.98,0.0003075500801890391
778.172,0.00023577195180307469
778.364,0.0001866849069711347
778.556,0.00015353621115633386
778.748,0.00012969513233472503
778.94,0.00011091440200845574
779.132,9.488750666727441e-05
779.324,8.126801058749256e-05
779.516,7.02051685762998e-05
779.708,6.118221345200036e-05
779.9,5.3765241451554616e-05
780.091,4.758074548285443e-05
780.283,4.217935726364601e-05
780.475,3.7366874483767884e-05
780.667,3.308499748283497e-05
780.859,2.9280536675823093e-05
781.05,2.594158348973908e-05
781.242,2.303277605102494e-05
781.434,2.0452126777606364e-05
781.625,1.812948633078406e-05
781.817,1.6024934258144122e-05
782.008,1.4101435411677141e-05
782.2,1.2328787384595719e-05
782.392,1.0682963587518491e-05
782.583,9.153145780953676e-06
782.775,7.724613761270791e-06
782.966,6.420542901591067e-06
783.158,5.252303322740245e-06
783.349,4.221345547545638e-06
783.541,3.3245626566812855e-06
783.732,2.557212160914137e-06
783.924,1.9192794809063283e-06
784.115,1.3930490376779355e-06
784.306,9.651053434040748e-07
784.498,6.144857479574162e-07
784.689,3.269645134435101e-07
784.88,9.394312910992451e-08
785.072,0.0
785.263,0.0
785.454,0.0
785.645,0.0
785.837,0.0
786.028,0.0
786.219,0.0
786.41,0.0
786.601,0.0
786.792,0.0
786.984,0.0
787.175,0.0
787.366,0.0
787.557,0.0
787.748,0.0
787.939,0.0
788.13,0.0
788.321,0.0
788.512,0.0
788.703,0.0
788.894,0.0
789.084,0.0
789.275,0.0
789.466,0.0
789.657,0.0
789.848,0.0
790.039,0.0
790.229,3.3934663100497387e-07
790.42,8.054814413873564e-07
790.611,1.2504086092039741e-06
790.801,1.6642047335983748e-06
790.992,2.0419657627048316e-06
791.183,2.39361086614499e-06
791.373,2.7379375846923843e-06
791.564,3.1003403188049885e-06
791.755,3.502293999633052e-06
791.945,3.962854706338964e-06
792.136,4.488858782654677e-06
792.326,5.083473455176988e-06
792.517,5.751419144729422e-06
792.707,6.512503220368012e-06
792.898,7.363779763168423e-06
793.088,8.326147314473889e-06
793.279,9.382431098618992e-06
793.469,1.0524100216870343e-05
793.66,1.1950899569174878e-05
793.85,1.3981164450107613e-05
794.04,1.7478101550571664e-05
794.231,2.3405115045479938e-05
794.421,3.1643535242622076e-05
794.611,4.3307931115673785e-05
794.802,6.250727372341698e-05
794.992,7.247212578459634e-05
795.182,7.348783585741449e-05
795.372,6.601010518603528e-05
795.563,5.391651629818324e-05
795.753,4.259349603249915e-05
795.943,3.434206378297662e-05
796.133,2.848396565970088e-05
796.323,2.4283975908073782e-05
796.513,2.1221461794456508e-05
796.703,1.8801959065274394e-05
796.893,1.6784276382958028e-05
797.083,1.500271685069632e-05
797.273,1.3419523113253549e-05
797.463,1.1998233633061252e-05
797.653,1.0713776742096844e-05
797.843,9.554982356102448e-06
798.033,8.486015331867159e-06
798.223,7.49454001319814e-06
798.413,6.5603950218031934e-06
798.603,5.689063313190601e-06
798.793,4.861857145559686e-06
798.983,4.064761605205413e-06
799.172,3.2845568918227344e-06
799.362,2.510600038370232e-06
799.552,1.7434056585055646e-06
799.742,9.828333267214367e-07
799.932,2.291849435758813e-07
800.121,0.0
800.311,0.0
800.501,0.0
800.69,0.0
800.88,0.0
801.07,0.0
801.259,0.0
801.449,0.0
801.638,0.0
801.828,0.0
802.017,0.0
802.207,0.0
802.396,0.0
802.586,0.0
802.775,0.0
802.965,0.0
803.154,0.0
803.343,0.0
803.533,0.0
803.722,0.0
803.911,0.0
804.101,0.0
804.29,0.0
804.479,0.0
804.668,0.0
804.857,0.0
805.047,0.0
805.236,0.0
805.425,0.0
805.614,0.0
805.803,0.0
805.992,0.0
806.181,0.0
806.37,0.0
806.559,0.0
806.748,0.0
806.937,0.0
807.126,0.0
807.315,0.0
807.504,0.0
807.693,0.0
807.882,0.0
808.071,0.0
808.26,0.0
808.448,0.0
808.637,0.0
808.826,0.0
809.015,0.0
809.203,0.0
809.392,0.0
809.581,0.0
809.77,0.0
809.958,0.0
810.147,0.0
810.335,0.0
810.524,0.0
810.713,0.0
810.901,0.0
811.09,1.6157412227949012e-07
811.278,3.570518572769101e-07
811.467,5.587757408810644e-07
811.655,7.646378644544723e-07
811.844,9.804021408627157e-07
812.032,1.201363915927011e-06
812.22,1.4270870505193291e-06
812.409,1.6767330276396541e-06
812.597,1.956923516713467e-06
812.785,2.273419749897163e-06
812.974,2.643000453805663e-06
813.162,3.074204077411641e-06
813.35,3.567136992913535e-06
813.539,4.1518932478282455e-06
813.727,4.857203074737641e-06
813.915,5.679261177501524e-06
814.103,6.6189116420068524e-06
814.291,7.691593909373786e-06
814.479,8.90951327324439e-06
814.668,1.029100156170298e-05
814.856,1.1856906734886088e-05
815.044,1.3623638644638797e-05
815.232,1.5578565770444805e-05
815.42,1.7727117463082285e-05
815.608,2.013691424218538e-05
815.796,2.28522773721789e-05
815.984,2.601900091994214e-05
816.172,2.983436090044711e-05
816.36,3.449514944184629e-05
816.548,4.0309233228191646e-05
816.736,4.7369944338743846e-05
816.924,5.594081925923873e-05
817.111,6.638793389747048e-05
817.299,7.78613945526882e-05
817.487,8.88881748311082e-05
817.675,0.00011308164861339213
817.863,0.00014950353841773886
818.05,0.00023928223410424579
818.238,0.00048437852205592544
818.426,0.0006894745609606151
818.613,0.0004878632543772051
818.801,0.000384545061345342
818.989,0.0003656603803085176
819.176,0.00040643549944115886
819.364,0.0006091471499568926
819.552,0.0008426516236161297
819.739,0.0006339533773919501
819.927,0.00044539467393829617
820.114,0.0003543748742523936
820.302,0.00029673901381418674
820.489,0.00025720523132923137
820.677,0.0002330251508314351
820.864,0.00021128530536420307
821.052,0.00020791671641871452
821.239,0.00020712576922498374
821.426,0.00021258820557123193
821.614,0.0002482814455941479
821.801,0.00026224005273332856
821.988,0.00022559743200704273
822.176,0.00020974598674529935
822.363,0.0002095199792484749
822.55,0.00019342120472824547
822.737,0.00016508005640044542
822.924,0.00014804527882377247
823.112,0.000136878006445455
823.299,0.0001258695839625903
823.486,0.000113648565960639
823.673,0.00010255186821090836
823.86,9.639562426486865e-05
824.047,9.951961293611525e-05
824.234,0.00011560499862460838
824.421,0.00011564996655924149
824.608,9.663685709234e-05
824.795,8.301683516766424e-05
824.982,7.265978241958258e-05
825.169,6.471412623291091e-05
825.356,5.8428988397409786e-05
825.543,5.308719919682307e-05
825.73,4.838232885768259e-05
825.917,4.414860922102056e-05
826.104,4.0338566326582566e-05
826.29,3.697351975515115e-05
826.477,3.3981503526777896e-05
826.664,3.128805840292895e-05
826.851,2.8821696767272017e-05
827.038,2.652505324153932e-05
827.224,2.4393563918846025e-05
827.411,2.2411062722301985e-05
827.598,2.056532204327497e-05
827.784,1.8840113195472448e-05
827.971,1.720336601789725e-05
828.157,1.5647522773766355e-05
828.344,1.4161367404857611e-05
828.531,1.2742607484532068e-05
828.717,1.1383800160045843e-05
828.904,1.0081684093517262e-05
829.09,8.841218092806195e-06
829.277,7.655854894110434e-06
829.463,6.528541415053135e-06
829.65,5.46654547721436e-06
829.836,4.481301276276062e-06
830.022,3.576665109118848e-06
830.209,2.75675551536083e-06
830.395,2.0267844508991055e-06
830.581,1.3834507535114596e-06
830.768,8.243693025802136e-07
830.954,3.4660727976355995e-07
831.14,0.0
831.327,0.0
831.513,0.0
831.699,0.0
831.885,0.0
832.071,0.0
832.257,0.0
832.444,0.0
832.63,0.0
832.816,0.0
833.002,0.0
833.188,0.0
833.374,0.0
833.56,0.0
833.746,0.0
833.932,0.0
834.118,0.0
834.303,0.0
834.489,0.0
834.675,0.0
834.861,0.0
835.047,0.0
835.233,0.0
835.418,0.0
835.604,0.0
835.79,0.0
835.976,0.0
836.161,0.0
836.347,0.0
836.533,0.0
836.718,0.0
836.904,0.0
837.089,0.0
837.275,0.0
837.46,0.0
837.646,0.0
837.831,0.0
838.017,0.0
838.202,0.0
838.388,0.0
838.573,0.0
838.759,0.0
838.944,0.0
839.129,0.0
839.315,0.0
839.5,0.0
839.685,0.0
839.87,0.0
840.056,0.0
840.241,0.0
840.426,0.0
840.611,0.0
840.796,0.0
840.981,0.0
841.166,3.6904618874801816e-07
841.352,8.492017388084646e-07
841.537,1.4555661743173976e-06
841.722,2.2250750983394596e-06
841.907,3.180254931693793e-06
842.092,4.306563149266245e-06
842.277,5.557959285383157e-06
842.461,6.913900349017704e-06
842.646,8.372457781356947e-06
842.831,9.954406951550566e-06
843.016,1.1733321962217792e-05
843.201,1.3836808580775933e-05
843.386,1.6493006042386666e-05
843.571,1.988874618891519e-05
843.755,2.480599526488288e-05
843.94,3.268384987546157e-05
844.125,4.4328812672729777e-05
844.31,5.9936350099988825e-05
844.494,9.584748498479103e-05
844.679,0.00015290926729676795
844.864,0.00015198117839342176
845.048,0.00011269451008817588
845.233,8.374553902875337e-05
845.418,6.762321305025005e-05
845.602,5.3853449047546645e-05
845.787,4.350068955747499e-05
845.971,3.595841849976572e-05
846.156,3.0128859472089842e-05
846.34,2.5512873299182087e-05
846.525,2.1857724553789556e-05
846.709,1.8866715759620066e-05
846.893,1.6292800673017083e-05
847.078,1.4006410682544144e-05
847.262,1.1958632058249294e-05
847.447,1.0075543060993224e-05
847.631,8.385938070972299e-06
847.815,6.902679988459776e-06
848.0,5.6063445567080605e-06
848.184,4.514132211680167e-06
848.368,3.587963985177615e-06
848.552,2.7929611986015906e-06
848.736,2.0858640783542852e-06
848.921,1.4540809867917317e-06
849.105,8.731215764389832e-07
849.289,3.210006396808954e-07
849.473,0.0
849.657,0.0
849.841,0.0
850.025,0.0
850.209,0.0
850.393,0.0
850.577,0.0
850.761,0.0
850.945,0.0
851.129,0.0
851.313,0.0
851.497,0.0
851.68,0.0
851.864,0.0
852.048,0.0
852.232,0.0
852.416,0.0
852.599,0.0
852.783,0.0
852.967,0.0
853.15,0.0
853.334,0.0
853.518,0.0
853.701,0.0
853.885,0.0
854.068,0.0
854.252,0.0
854.435,0.0
854.619,0.0
854.802,0.0
854.986,0.0
855.169,0.0
855.353,0.0
855.536,0.0
855.719,0.0
855.903,0.0
856.086,0.0
856.269,0.0
856.452,0.0
856.636,0.0
856.819,1.9409552687188655e-06
857.002,2.2009063986322124e-06
857.185,6.464824135642567e-07
857.368,0.0
857.552,0.0
857.735,0.0
857.918,0.0
858.101,0.0
858.284,0.0
858.467,0.0
858.65,0.0
858.833,2.7855616181474635e-07
859.016,2.2155940114089577e-06
859.199,5.413706108261593e-06
859.382,1.0030977164652937e-05
859.564,1.3675847162275376e-05
859.747,1.3567174304730116e-05
859.93,1.0745830943801657e-05
860.113,8.031620841038316e-06
860.296,6.1329045630996305e-06
860.478,4.67381830208835e-06
860.661,3.5931519254768005e-06
860.844,2.6766908862200273e-06
861.027,1.8342422651431637e-06
861.209,1.191614181236728e-06
861.392,8.501852600479956e-07
861.575,9.4572702128942e-07
861.757,1.3818182241674102e-06
861.94,2.107957610095105e-06
862.122,3.3552484872392655e-06
862.305,5.048854539993122e-06
862.487,7.974169237749513e-06
862.67,1.4759536269238685e-05
862.852,2.613641215502682e-05
863.035,3.965331097458263e-05
863.217,3.9016400964765073e-05
863.4,3.211063594263059e-05
863.582,2.578573289540522e-05
863.764,2.1290322342965472e-05
863.947,1.8058302772618872e-05
864.129,1.588182340977986e-05
864.311,1.4411733947113532e-05
864.493,1.3430058009023873e-05
864.676,1.2799105943575929e-05
864.858,1.2570369514602864e-05
865.04,1.2859594819158177e-05
865.222,1.3627041900960796e-05
865.404,1.540404210655013e-05
865.587,1.787151966729121e-05
865.769,1.9580420606334818e-05
865.951,2.037364547083751e-05
866.133,2.0873483540761293e-05
866.315,2.131005839154363e-05
866.497,2.2086615095655526e-05
866.679,2.3649112883372775e-05
866.861,2.6194199195589768e-05
867.043,2.9960342836524335e-05
867.225,3.531523212009931e-05
867.407,4.346262400330899e-05
867.589,5.754479399187919e-05
867.77,8.107347403113267e-05
867.952,0.00013123172684162743
868.134,0.00018637790725352152
868.316,0.00018436856294236673
868.498,0.00017676333433908422
868.679,0.00014609797024733834
868.861,0.0001160480654041789
869.043,9.092312311507926e-05
869.224,7.28635434461174e-05
869.406,6.10553014011434e-05
869.588,5.348142666800682e-05
869.769,4.8641393722391655e-05
869.951,4.65563628403255e-05
870.132,4.954420618801374e-05
870.314,5.9303599465855676e-05
870.495,6.040534841090206e-05
870.677,5.1012455375898e-05
870.858,4.77873361864344e-05
871.04,5.1720122202413884e-05
871.221,6.480362275603441e-05
871.403,6.051965368664141e-05
871.584,5.08372027877395e-05
871.765,5.086250335609085e-05
871.947,5.581095677873108e-05
872.128,4.915247054729589e-05
872.309,3.822081406781153e-05
872.491,3.0492614642853323e-05
872.672,2.607323459313724e-05
872.853,2.227851816446879e-05
873.034,1.9036772843043006e-05
873.215,1.6438128443962844e-05
873.396,1.4009410299301178e-05
873.578,1.1927806058272117e-05
873.759,1.0170407574814931e-05
873.94,8.66530960869325e-06
874.121,7.4330108969397496e-06
874.302,6.329316158882175e-06
874.483,5.31298198904379e-06
874.664,4.378408699322301e-06
874.845,3.54808083552527e-06
875.026,2.820779779483819e-06
875.207,2.1730662687062904e-06
875.388,1.5839402065034206e-06
875.568,1.033938044606435e-06
875.749,5.287313813381773e-07
875.93,7.18976337259969e-08
876.111,0.0
876.292,0.0
876.472,0.0
876.653,0.0
876.834,0.0
877.015,0.0
877.195,0.0
877.376,0.0
877.556,0.0
877.737,0.0
877.918,0.0
878.098,0.0
878.279,0.0
878.459,0.0
878.64,0.0
878.82,0.0
879.0,0.0
879.181,0.0
879.361,0.0
879.542,0.0
879.722,0.0
879.902,0.0
880.083,0.0
880.263,0.0
880.443,0.0
880.623,3.187397546705186e-06
880.803,8.966503447310913e-06
880.984,3.398538898051015e-06
881.164,1.3877457815848082e-07
881.344,0.0
881.524,0.0
881.704,0.0
881.884,0.0
882.064,1.6870010954570524e-06
882.244,2.810907433504279e-06
882.424,2.845508932521361e-06
882.604,2.422515794021438e-06
882.784,1.8321923661200498e-06
882.964,1.3858303484083672e-06
883.144,1.1482423380182107e-06
883.324,1.0315711910198017e-06
883.504,9.80294832937393e-07
883.683,9.190061957735739e-07
883.863,8.68159665125941e-07
884.043,8.425652452396994e-07
884.223,8.21124204159011e-07
884.402,7.797390931530449e-07
884.582,7.042859393837246e-07
884.762,5.941700192535263e-07
884.941,4.6144043464294647e-07
885.121,3.216454408556149e-07
885.301,1.7364694515703848e-07
885.48,1.8748344339396802e-08
885.66,0.0
885.839,0.0
886.019,0.0
886.198,0.0
886.378,0.0
886.557,0.0
886.737,0.0
886.916,0.0
887.095,0.0
887.275,0.0
887.454,0.0
887.633,0.0
887.813,0.0
887.992,0.0
888.171,0.0
888.35,0.0
888.53,0.0
888.709,0.0
888.888,0.0
889.067,0.0
889.246,0.0
889.425,0.0
889.604,0.0
889.783,0.0
889.962,0.0
890.141,0.0
890.32,0.0
890.499,0.0
890.678,0.0
890.857,0.0
891.036,0.0
891.214,0.0
891.393,0.0
891.572,0.0
891.751,0.0
891.93,0.0
892.108,0.0
892.287,0.0
892.466,0.0
892.644,0.0
892.823,0.0
893.001,0.0
893.18,0.0
893.359,0.0
893.537,0.0
893.716,0.0
893.894,0.0
894.073,0.0
894.251,0.0
894.429,0.0
894.608,0.0
894.786,0.0
894.964,0.0
895.143,0.0
895.321,0.0
895.499,0.0
895.677,0.0
895.856,0.0
896.034,0.0
896.212,0.0
896.39,0.0
896.568,0.0
896.746,0.0
896.924,0.0
897.102,0.0
897.28,0.0
897.458,0.0
897.636,0.0
897.814,0.0
897.992,0.0
898.17,0.0
898.348,0.0
898.526,0.0
898.704,0.0
898.882,0.0
899.059,0.0
899.237,0.0
899.415,0.0
899.593,0.0
899.77,0.0
899.948,4.607352211758011e-07
900.125,9.72592823225321e-07
900.303,1.4837563904309296e-06
900.481,1.9791639050128866e-06
900.658,2.4467066294139285e-06
900.836,2.8801467063615352e-06
901.013,3.2814652997307055e-06
901.191,3.6599161960700778e-06
901.368,4.007027814245202e-06
901.546,4.307535940323537e-06
901.723,4.561191566832535e-06
901.901,4.7722650236316925e-06
902.078,4.95544643678603e-06
902.255,5.107251714254169e-06
902.433,5.204217360138876e-06
902.61,5.214917135537723e-06
902.787,5.161313829192662e-06
902.964,5.1342501426408566e-06
903.142,5.140105148757552e-06
903.319,5.154798374145954e-06
903.496,5.176118158594567e-06
903.673,5.1150792811990215e-06
903.85,5.199657776411382e-06
904.027,6.116053475240071e-06
904.204,8.14601578512537e-06
904.381,1.1481734884761941e-05
904.558,1.7307371709165217e-05
904.735,2.6602875860843237e-05
904.912,2.3916537906646592e-05
905.089,2.789312372661136e-05
905.266,2.1939030687833654e-05
905.443,1.72770266337921e-05
905.62,1.3610554712829126e-05
905.797,1.0956127967777301e-05
905.974,9.315755088954072e-06
906.151,8.639856018836398e-06
906.327,8.359099914683724e-06
906.504,8.119670559904337e-06
906.681,7.910233855936764e-06
906.858,7.643789387662105e-06
907.034,7.367187865247903e-06
907.211,7.117508704916245e-06
907.388,6.832433849782543e-06
907.564,6.517195015803873e-06
907.741,6.193656795464495e-06
907.917,5.879862452089765e-06
908.094,5.598803387197598e-06
908.271,5.354929821977021e-06
908.447,5.1260049027214695e-06
908.623,4.890376751210823e-06
908.8,4.640923216678891e-06
908.976,4.364605686458207e-06
909.153,4.048817598837871e-06
909.329,3.6872372405232982e-06
909.505,3.2802753195033634e-06
909.682,2.834610076653672e-06
909.858,2.362294116391709e-06
910.034,1.8760405720041923e-06
910.211,1.3865943429550525e-06
910.387,9.042646495676571e-07
910.563,4.383624075581485e-07
910.739,0.0
910.915,0.0
911.091,0.0
911.268,0.0
911.444,0.0
911.62,0.0
911.796,0.0
911.972,0.0
912.148,0.0
912.324,0.0
912.5,0.0
912.676,0.0
912.851,0.0
913.027,0.0
913.203,0.0
913.379,0.0
913.555,0.0
913.73,0.0
913.906,0.0
914.082,0.0
914.258,0.0
914.433,0.0
914.609,0.0
914.784,0.0
914.96,0.0
915.136,0.0
915.311,0.0
915.487,0.0
915.662,0.0
915.838,0.0
916.013,0.0
916.189,0.0
916.364,0.0
916.539,0.0
916.715,0.0
916.89,0.0
917.065,0.0
917.24,0.0
917.416,0.0
917.591,0.0
917.766,0.0
917.941,0.0
918.116,0.0
918.292,0.0
918.467,0.0
918.642,0.0
918.817,0.0
918.992,0.0
919.167,0.0
919.342,0.0
919.517,0.0
919.692,0.0
919.867,0.0
920.041,0.0
920.216,0.0
920.391,0.0
920.566,0.0
920.741,2.9705918612371967e-08
920.915,1.4534607682287837e-06
921.09,5.258811328866206e-06
921.265,1.221583097367846e-05
921.439,2.000329294264041e-05
921.614,1.3826211624039506e-05
921.789,9.07311042718939e-06
921.963,5.9414909675503145e-06
922.138,3.976708723553462e-06
922.312,3.5446165180360594e-06
922.487,5.101364181383559e-06
922.661,8.866326584590752e-06
922.836,1.3533352092141632e-05
923.01,1.546454501741312e-05
923.185,1.0484674371602819e-05
923.359,8.81006866251436e-06
923.534,9.080803723751458e-06
923.708,1.0507369397525922e-05
923.882,1.1382570967365729e-05
924.057,1.1160150872245032e-05
924.231,1.0513645478455815e-05
924.405,9.611205954887808e-06
924.579,8.663591366185758e-06
924.753,7.98720469877555e-06
924.928,7.5006148574071304e-06
925.102,7.2446357504518696e-06
925.276,7.3004146353020175e-06
925.45,7.642187886653615e-06
925.624,8.331699031847372e-06
925.798,9.472758741882821e-06
925.972,1.1143038117734575e-05
926.146,1.3335055278738472e-05
926.32,1.591744079024658e-05
926.494,1.847972538838554e-05
926.668,2.050570711777431e-05
926.842,2.1577832959897993e-05
927.016,2.1533828809335333e-05
927.19,2.0546435635752233e-05
927.363,1.8972286360731626e-05
927.537,1.722333203262781e-05
927.711,1.5565196484907023e-05
927.885,1.4113696622627117e-05
928.058,1.288826847638142e-05
928.232,1.1858215366562295e-05
928.406,1.0989725858172004e-05
928.579,1.0262827010563875e-05
928.753,9.657181647203732e-06
928.927,9.138155596375034e-06
929.1,8.681667478861762e-06
929.274,8.25583231079129e-06
929.447,7.844158830066959e-06
929.621,7.436516965360402e-06
929.794,7.026467622453428e-06
929.968,6.614403632038844e-06
930.141,6.198508091568397e-06
930.315,5.774775395309999e-06
930.488,5.335981957676033e-06
930.661,4.874511645986444e-06
930.835,4.38198361927874e-06
931.008,3.8534698930052215e-06
931.181,3.287156809915217e-06
931.354,2.6871688437212558e-06
931.528,2.058317267902873e-06
931.701,1.409316199636525e-06
931.874,7.505489926739043e-07
932.047,9.487940839639408e-08
932.22,0.0
932.393,0.0
932.566,0.0
932.739,0.0
932.912,0.0
933.085,0.0
933.258,0.0
933.431,0.0
933.604,0.0
933.777,0.0
933.95,0.0
934.123,0.0
934.296,0.0
934.468,0.0
934.641,0.0
934.814,0.0
934.987,0.0
935.159,0.0
935.332,0.0
935.505,0.0
935.677,0.0
935.85,0.0
936.022,0.0
936.195,0.0
936.367,0.0
936.54,1.5033180364093616e-08
936.712,3.470902787561768e-07
936.885,6.711576881257797e-07
937.057,1.0755635832055968e-06
937.229,1.5863073150607106e-06
937.402,2.176343907537826e-06
937.574,2.8620099251154622e-06
937.746,3.6109365543311266e-06
937.919,4.535094218784354e-06
938.091,6.218268161907186e-06
938.263,9.013768828337333e-06
938.435,1.3750537428042705e-05
938.608,2.1068949475023925e-05
938.78,2.805143145797125e-05
938.952,3.1595687137312136e-05
939.124,3.259444409338078e-05
939.296,4.446543002609041e-05
939.468,4.655177363261503e-05
939.64,3.667221738632005e-05
939.812,2.9665573663036424e-05
939.984,2.4088447333732092e-05
940.156,1.9448479152239337e-05
940.328,1.6097164868330565e-05
940.5,1.370526012914264e-05
940.672,1.1885554166292621e-05
940.843,1.0517527806803584e-05
941.015,9.452410065068028e-06
941.187,8.669840885360576e-06
941.359,8.069301281325312e-06
941.531,7.583660473397158e-06
941.702,7.1777476897401946e-06
941.874,6.798716267762197e-06
942.046,6.404866251614165e-06
942.217,5.977952397293752e-06
942.389,5.533088499181094e-06
942.56,5.0683741295588e-06
942.732,4.600205020802921e-06
942.904,4.134011256923877e-06
943.075,3.6657410795104614e-06
943.247,3.200840265794164e-06
943.418,2.740691581319142e-06
943.589,2.286158884542937e-06
943.761,1.8258024307631304e-06
943.932,1.3601385291012577e-06
944.104,8.94144504559563e-07
944.275,4.3757452647882473e-07
944.446,6.573114553273933e-10
944.617,0.0
944.789,0.0
944.96,0.0
945.131,0.0
945.302,0.0
945.473,0.0
945.645,0.0
945.816,0.0
945.987,0.0
946.158,0.0
946.329,0.0
946.5,0.0
946.671,0.0
946.842,0.0
947.013,0.0
947.183,0.0
947.354,0.0
947.525,0.0
947.696,0.0
947.867,0.0
948.037,0.0
948.208,0.0
948.379,0.0
948.55,0.0
948.72,0.0
948.891,0.0
949.061,0.0
949.232,0.0
949.403,0.0
949.573,0.0
949.744,0.0
949.914,4.900580648943346e-09
950.085,4.578739641513231e-08
950.255,8.139034098110356e-08
950.425,1.1086541929666803e-07
950.596,1.3364110211708923e-07
950.766,1.494314544037939e-07
950.936,1.5822829440265894e-07
951.107,1.6037794242558076e-07
951.277,1.5632574356254654e-07
951.447,1.465939380802429e-07
951.617,1.317568915020755e-07
951.788,1.1238455245439343e-07
951.958,8.906943981685116e-08
952.128,6.239872619122683e-08
952.298,3.292597692522574e-08
952.468,1.2275187738584198e-09
952.638,0.0
952.808,0.0
952.978,0.0
953.148,0.0
953.318,0.0
953.488,0.0
953.658,0.0
953.828,0.0
953.998,0.0
954.167,0.0
954.337,0.0
954.507,0.0
954.677,0.0
954.846,0.0
955.016,0.0
955.186,0.0
955.355,0.0
955.525,0.0
955.695,0.0
955.864,0.0
956.034,0.0
956.203,0.0
956.373,0.0
956.542,0.0
956.711,0.0
956.881,0.0
957.05,0.0
957.22,0.0
957.389,0.0
957.558,0.0
957.727,0.0
957.897,0.0
958.066,0.0
958.235,0.0
958.404,0.0
958.573,0.0
958.743,0.0
958.912,0.0
959.081,0.0
959.25,0.0
959.419,0.0
959.588,0.0
959.757,0.0
959.926,0.0
960.094,0.0
960.263,0.0
960.432,0.0
960.601,0.0
960.77,0.0
960.939,0.0
961.107,0.0
961.276,0.0
961.445,0.0
961.613,0.0
961.782,0.0
961.951,0.0
962.119,0.0
962.288,0.0
962.456,0.0
962.625,0.0
962.793,0.0
962.962,0.0
963.13,0.0
963.298,0.0
963.467,0.0
963.635,0.0
963.803,0.0
963.972,0.0
964.14,0.0
964.308,0.0
964.477,0.0
964.645,0.0
964.813,0.0
964.981,0.0
965.149,0.0
965.317,0.0
965.485,0.0
965.653,0.0
965.821,0.0
965.989,0.0
966.157,0.0
966.325,0.0
966.493,0.0
966.661,0.0
966.829,1.8028807917331815e-08
966.996,3.832990364536342e-08
967.164,5.8102415480378546e-08
967.332,7.726012172487323e-08
967.5,9.574612642647264e-08
967.667,1.1353177713876612e-07
967.835,1.3059370231281834e-07
968.003,1.4687098194150066e-07
968.17,1.6229628814688057e-07
968.338,1.768227600233784e-07
968.505,1.9041081783068116e-07
968.673,2.0304513237883263e-07
968.841,2.1470714174394893e-07
969.008,2.2532333715819218e-07
969.175,2.348056217174756e-07
969.343,2.431038465541696e-07
969.51,2.5017742754535297e-07
969.678,2.560110700824918e-07
969.845,2.606119876419378e-07
970.012,2.63949298381248e-07
970.18,2.659729562530906e-07
970.347,2.6665841765663175e-07
970.514,2.6599065419662674e-07
970.681,2.6394645060981657e-07
970.849,2.6049499891533143e-07
971.016,2.5557805970373855e-07
971.183,2.4911177379079786e-07
971.35,2.410364166230004e-07
971.517,2.3133743544453212e-07
971.684,2.2003800163459124e-07
971.851,2.0719168468147981e-07
972.018,1.9285883087425302e-07
972.185,1.7711084571551027e-07
972.352,1.6003183716998596e-07
972.519,1.4171714795639234e-07
972.686,1.222777001682405e-07
972.853,1.0181843103696418e-07
973.02,8.040968289774116e-08
973.186,5.81157452511712e-08
973.353,3.5042167039844186e-08
973.52,1.129925343776635e-08
973.687,0.0
973.853,0.0
974.02,0.0
974.187,0.0
974.353,0.0
974.52,0.0
974.687,0.0
974.853,0.0
975.02,0.0
975.186,0.0
975.353,0.0
975.519,0.0
975.685,0.0
975.852,0.0
976.018,0.0
976.184,0.0
976.351,0.0
976.517,0.0
976.683,0.0
976.849,0.0
977.016,0.0
977.182,0.0
977.348,0.0
977.514,0.0
977.68,0.0
977.846,0.0
978.012,0.0
978.178,0.0
978.344,0.0
978.51,0.0
978.676,0.0
978.842,0.0
979.008,0.0
979.174,0.0
979.34,0.0
979.505,0.0
979.671,0.0
979.837,0.0
980.003,0.0
980.168,0.0
980.334,0.0
980.499,0.0
980.665,0.0
980.831,0.0
980.996,0.0
981.162,0.0
981.327,0.0
981.493,0.0
981.658,0.0
981.823,0.0
981.989,0.0
982.154,2.5060840816287e-09
982.319,2.388948628604966e-08
982.485,4.475795412157966e-08
982.65,6.506346333055276e-08
982.815,8.477232159717846e-08
982.98,1.0382786890771042e-07
983.146,1.2214705516331688e-07
983.311,1.3968872424742746e-07
983.476,1.564539500553569e-07
983.641,1.7244250879402048e-07
983.806,1.8764004971233086e-07
983.971,2.020307845075639e-07
984.136,2.1557278762034418e-07
984.301,2.2825212816374487e-07
984.466,2.4012495903911534e-07
984.631,2.5123350564929667e-07
984.796,2.616002426948504e-07
984.961,2.7123154422178363e-07
985.126,2.8010165462711227e-07
985.291,2.88198627356475e-07
985.455,2.9554289762678615e-07
985.62,3.0214376196979625e-07
985.785,3.07977005093198e-07
985.95,3.130031603207509e-07
986.114,3.1716073718328135e-07
986.279,3.204245011333381e-07
986.444,3.228159247148268e-07
986.608,3.243332992913542e-07
986.773,3.2498225496329284e-07
986.937,3.2476050273298756e-07
987.102,3.236627581612626e-07
987.266,3.217409243719393e-07
987.431,3.190854916050519e-07
987.595,3.157738174720218e-07
987.76,3.118460943920808e-07
987.924,3.073321482480106e-07
988.088,3.0224164939955384e-07
988.253,2.965994032679202e-07
988.417,2.90469745706707e-07
988.581,2.8389013982394824e-07
988.746,2.76853447229403e-07
988.91,2.6933014810143315e-07
989.074,2.612911046659189e-07
989.238,2.52717076417237e-07
989.402,2.4361426087041904e-07
989.566,2.3397520533881842e-07
989.731,2.237162615317611e-07
989.895,2.127288345906553e-07
990.059,2.0090334500091934e-07
990.223,1.8814773769694794e-07
990.387,1.7440581291884928e-07
990.551,1.5960034463426672e-07
990.714,1.436163429059685e-07
990.878,1.2632363079767387e-07
991.042,1.0760625136891591e-07
991.206,8.735990910150914e-08
991.37,6.54919370790742e-08
991.534,4.1862022169889896e-08
991.697,1.624786248390554e-08
991.861,0.0
992.025,0.0
992.188,0.0
992.352,0.0
992.516,0.0
992.679,0.0
992.843,0.0
993.006,0.0
993.17,0.0
993.333,0.0
993.497,0.0
993.66,0.0
993.824,0.0
993.987,0.0
994.15,0.0
994.314,0.0
994.477,0.0
994.64,0.0
994.803,0.0
994.967,0.0
995.13,0.0
995.293,0.0
995.456,0.0
995.619,0.0
995.782,0.0
995.945,0.0
996.108,0.0
996.271,0.0
996.434,0.0
996.597,0.0
996.76,0.0
996.923,0.0
997.086,0.0
997.248,0.0
997.411,0.0
997.574,0.0
997.737,0.0
997.899,0.0
998.062,0.0
998.225,0.0
998.387,0.0
998.55,0.0
998.712,0.0
998.875,0.0
999.037,0.0
999.2,0.0
999.362,0.0
999.525,0.0
999.687,0.0
999.849,0.0
