237.496,214.95625
237.566,228.70625
237.636,227.45625
237.705,226.20624999999995
237.775,210.70625
237.845,207.95625
237.914,239.95625
237.984,228.20625
238.054,239.20625
238.123,258.95625
238.193,232.70625
238.263,242.95625
238.332,230.95625
238.402,244.45625
238.471,216.45625
238.541,234.70625
238.611,243.20625
238.68,260.45625
238.75,259.45625
238.819,250.70624999999995
238.889,214.20625
238.958,232.70625
239.028,236.95625
239.097,221.20625
239.167,216.20625
239.237,212.70624999999995
239.306,257.45625
239.376,232.95625
239.445,214.70625
239.515,227.95625
239.584,212.20625
239.654,272.95625
239.723,218.45625
239.793,236.20625
239.862,265.95625
239.932,229.70625
240.001,242.95625
240.07,227.20625
240.14,204.20625
240.209,233.45625
240.279,244.70625
240.348,239.95625
240.418,269.20625
240.487,224.20625
240.556,256.70625
240.626,236.95625
240.695,214.95625
240.765,234.70625
240.834,240.20625
240.903,225.20625
240.973,192.95625
241.042,219.95625
241.112,243.70625
241.181,228.20625
241.25,254.45625
241.32,206.45625
241.389,201.45625
241.458,252.20625
241.528,262.70625
241.597,223.70625
241.666,209.95625
241.736,252.95625
241.805,231.95625
241.874,208.70625
241.943,245.70625
242.013,241.45625
242.082,218.70625
242.151,216.20625
242.221,222.20625
242.29,198.45625
242.359,254.20625
242.428,252.20625
242.498,194.20625
242.567,253.20625
242.636,204.45625
242.705,193.70625
242.774,236.45625
242.844,196.70625
242.913,220.20625
242.982,231.70625
243.051,204.70625
243.12,239.70625
243.19,260.70625
243.259,222.70625
243.328,242.20625
243.397,250.20625
243.466,232.70625
243.535,236.95625
243.605,231.95625
243.674,255.45625
243.743,238.20625
243.812,212.70625
243.881,252.95625
243.95,186.95625
244.019,229.20625
244.088,225.95625
244.158,234.20625
244.227,260.45625
244.296,262.70625
244.365,221.20625
244.434,200.95625
244.503,229.70625
244.572,230.95625
244.641,236.45625
244.71,243.45625
244.779,229.95625
244.848,210.95625
244.917,246.45625
244.986,219.95625
245.055,193.20625
245.124,237.70625
245.193,199.20625
245.262,212.70625
245.331,203.70625
245.4,211.45625
245.469,203.20625
245.538,173.95625
245.607,223.95625
245.676,220.20625
245.745,198.70625
245.814,223.70625
245.883,224.45625
245.952,233.95625
246.021,213.95625
246.09,210.70625
246.159,177.95625
246.227,177.20625
246.296,204.45625
246.365,175.95625
246.434,216.95625
246.503,198.45625
246.572,219.70625
246.641,214.70625
246.71,214.20625
246.779,197.95625
246.847,175.95625
246.916,207.20625
246.985,189.45625
247.054,162.70625
247.123,171.95625
247.192,188.45625
247.26,209.20625
247.329,191.70625
247.398,200.20625
247.467,194.70625
247.536,217.20625
247.604,167.20625
247.673,194.45625
247.742,181.20625
247.811,213.20625
247.879,188.45625
247.948,184.70625
248.017,210.45625
248.086,200.70625
248.154,200.70625
248.223,162.20625
248.292,226.20625
248.361,174.20625
248.429,174.95625
248.498,189.45625
248.567,209.70625
248.635,195.20625
248.704,172.95625
248.773,156.95625
248.841,183.70625
248.91,192.70625
248.979,195.95625
249.047,182.45625
249.116,187.95625
249.185,182.70625
249.253,224.45625
249.322,219.95625
249.39,207.45625
249.459,213.95625
249.528,181.70625
249.596,155.20625
249.665,176.45625
249.733,184.70625
249.802,192.45625
249.871,214.95625
249.939,208.20625
250.008,151.70624999999998
250.076,163.45625
250.145,220.20625
250.213,162.45625
250.282,186.70625
250.35,177.45625
250.419,167.20625
250.487,186.45625
250.556,187.20625
250.624,178.20625
250.693,180.20625
250.761,134.45624999999998
250.83,160.45624999999998
250.898,188.70625
250.967,194.95625
251.035,161.20624999999998
251.104,170.70625
251.172,157.45624999999998
251.241,152.45625
251.309,162.20624999999998
251.378,170.45625
251.446,185.45625
251.514,175.70624999999998
251.583,172.95625
251.651,177.45625
251.72,147.70624999999998
251.788,157.20624999999998
251.856,141.70624999999998
251.925,124.20625
251.993,162.70625
252.062,151.70624999999998
252.13,172.45625
252.198,163.20625
252.267,126.70625
252.335,179.20625
252.403,161.45625
252.472,176.95625
252.54,146.20624999999998
252.608,136.95624999999998
252.677,150.95624999999998
252.745,180.20625
252.813,155.95625
252.881,128.45625
252.95,139.45624999999998
253.018,137.45624999999998
253.086,154.95624999999998
253.155,140.95625
253.223,152.95624999999998
253.291,120.20624999999998
253.359,117.70624999999998
253.428,94.95624999999998
253.496,129.45625
253.564,119.95625
253.632,139.20625
253.7,143.95624999999998
253.769,130.95624999999998
253.837,172.20625
253.905,160.70624999999998
253.973,107.70625
254.041,123.45625
254.11,99.95625
254.178,117.95625
254.246,163.45624999999998
254.314,105.95625
254.382,119.95625
254.45,128.20624999999998
254.518,119.45624999999998
254.587,118.95625
254.655,135.45624999999998
254.723,96.45625
254.791,138.20624999999998
254.859,119.20625
254.927,97.95624999999998
254.995,120.70625
255.063,95.70624999999998
255.131,128.70624999999998
255.199,119.45625
255.267,126.45625
255.336,106.45624999999998
255.404,111.20625
255.472,111.20624999999998
255.54,145.20625
255.608,159.20625
255.676,123.70624999999998
255.744,130.45624999999998
255.812,135.45625
255.88,126.95624999999998
255.948,116.20624999999998
256.016,146.95624999999998
256.084,128.45624999999998
256.152,117.20625
256.22,102.95625
256.288,121.70624999999998
256.356,142.70624999999998
256.424,127.45625
256.491,125.45625
256.559,150.45624999999998
256.627,154.70624999999998
256.695,125.20625
256.763,159.20625
256.831,149.70624999999998
256.899,160.20624999999998
256.967,169.70625
257.035,131.20624999999998
257.103,140.45624999999998
257.171,162.95625
257.238,152.20624999999998
257.306,152.20624999999998
257.374,165.70625
257.442,155.20625
257.51,118.95625
257.578,186.95625
257.646,176.45625
257.713,154.45625
257.781,156.70625
257.849,188.45625
257.917,168.45625
257.985,182.70625
258.052,183.70625
258.12,189.20625
258.188,173.20625
258.256,220.70625
258.324,186.45625
258.391,174.95625
258.459,157.45624999999998
258.527,207.95625
258.595,195.70625
258.662,163.70625
258.73,165.45625
258.798,165.70625
258.865,187.20625
258.933,205.45625
259.001,212.20625
259.069,202.70625
259.136,226.20625
259.204,213.45625
259.272,232.70625
259.339,198.95625
259.407,225.95625
259.475,271.45625
259.542,200.20625
259.61,229.70625
259.677,226.95625
259.745,272.45625
259.813,242.20625
259.88,270.20625
259.948,250.20625
260.016,239.95625
260.083,273.70624999999995
260.151,254.70625
260.218,272.95625
260.286,297.45625
260.353,274.45625
260.421,225.45625
260.489,266.45625
260.556,279.45625
260.624,281.70625
260.691,286.70625
260.759,275.45625
260.826,264.20625
260.894,311.45625
260.961,298.20625
261.029,300.70625
261.096,276.70625
261.164,322.95625
261.231,262.70625
261.299,299.95625
261.366,317.70625
261.434,301.70625
261.501,299.70625
261.568,321.95625
261.636,325.95625
261.703,330.95625
261.771,326.70625
261.838,344.20625
261.906,339.95625
261.973,311.95625
262.04,343.45625
262.108,328.70625
262.175,362.20625
262.243,345.45625
262.31,380.95625
262.377,322.70625
262.445,395.70625
262.512,363.45625
262.579,339.70625
262.647,372.70625
262.714,353.45625
262.781,400.70625
262.849,362.20625
262.916,331.45625
262.983,365.70625
263.051,378.20625
263.118,406.70625
263.185,395.20625
263.252,388.20625
263.32,403.20625
263.387,407.95625
263.454,368.20625
263.522,387.20625
263.589,415.70625
263.656,388.70625
263.723,396.95625
263.79,401.20625
263.858,419.95625
263.925,439.70625
263.992,389.95625
264.059,435.45625
264.126,466.95625
264.194,465.45625
264.261,435.95625
264.328,425.95625
264.395,438.95625
264.462,428.95625
264.529,401.45625
264.597,434.20625
264.664,459.45625
264.731,474.45625
264.798,451.45625
264.865,471.20625
264.932,465.95625
264.999,462.45625
265.066,412.70625
265.133,454.45625
265.201,481.20625
265.268,469.45625
265.335,477.20625
265.402,464.20625
265.469,512.20625
265.536,483.95625
265.603,487.70625
265.67,502.95625
265.737,454.95625
265.804,495.95625
265.871,465.95625
265.938,477.45625
266.005,470.45625
266.072,474.70625
266.139,484.95625
266.206,520.45625
266.273,475.70625
266.34,495.70625
266.407,527.45625
266.474,563.45625
266.541,546.45625
266.608,505.45625
266.675,515.20625
266.742,524.70625
266.808,509.70625
266.875,556.95625
266.942,552.20625
267.009,514.70625
267.076,519.95625
267.143,543.70625
267.21,539.45625
267.277,559.20625
267.344,569.95625
267.41,505.95625
267.477,538.45625
267.544,516.70625
267.611,523.95625
267.678,517.45625
267.745,513.95625
267.811,526.70625
267.878,559.45625
267.945,557.20625
268.012,574.20625
268.079,566.95625
268.145,536.70625
268.212,543.20625
268.279,546.20625
268.346,513.70625
268.412,563.45625
268.479,544.95625
268.546,521.45625
268.613,613.45625
268.679,595.20625
268.746,574.20625
268.813,544.70625
268.879,575.45625
268.946,565.20625
269.013,588.20625
269.079,577.45625
269.146,541.95625
269.213,573.70625
269.28,554.20625
269.346,572.95625
269.413,536.70625
269.479,542.95625
269.546,555.45625
269.613,532.95625
269.679,556.45625
269.746,582.70625
269.813,616.45625
269.879,539.70625
269.946,535.20625
270.012,579.20625
270.079,588.95625
270.145,512.20625
270.212,581.70625
270.279,566.20625
270.345,540.70625
270.412,558.95625
270.478,543.95625
270.545,569.95625
270.611,586.20625
270.678,494.95625
270.744,555.20625
270.811,512.45625
270.877,577.45625
270.944,513.70625
271.01,530.95625
271.077,565.20625
271.143,555.45625
271.21,531.70625
271.276,589.95625
271.342,532.70625
271.409,515.45625
271.475,519.20625
271.542,556.20625
271.608,518.45625
271.675,537.95625
271.741,574.20625
271.807,544.95625
271.874,547.70625
271.94,549.20625
272.007,508.20625
272.073,574.20625
272.139,541.95625
272.206,562.70625
272.272,542.70625
272.338,495.45625
272.405,548.95625
272.471,520.95625
272.537,502.20625
272.604,468.70625
272.67,534.20625
272.736,512.70625
272.802,532.20625
272.869,539.70625
272.935,545.70625
273.001,542.45625
273.068,517.45625
273.134,521.70625
273.2,594.95625
273.266,586.95625
273.333,556.20625
273.399,540.95625
273.465,543.20625
273.531,481.45625
273.597,553.70625
273.664,596.45625
273.73,562.95625
273.796,573.45625
273.862,574.20625
273.928,548.70625
273.995,560.20625
274.061,537.20625
274.127,571.20625
274.193,542.45625
274.259,496.95625
274.325,550.95625
274.391,580.95625
274.457,587.20625
274.524,571.20625
274.59,545.45625
274.656,592.95625
274.722,549.95625
274.788,572.45625
274.854,645.45625
274.92,644.70625
274.986,562.70625
275.052,560.70625
275.118,583.20625
275.184,608.95625
275.25,609.20625
275.316,673.70625
275.382,581.20625
275.448,649.20625
275.514,648.45625
275.58,621.45625
275.646,605.20625
275.712,595.70625
275.778,636.70625
275.844,589.45625
275.91,640.20625
275.976,675.70625
276.042,645.95625
276.108,642.70625
276.174,713.20625
276.24,677.45625
276.306,692.95625
276.372,755.70625
276.437,642.70625
276.503,680.70625
276.569,671.95625
276.635,690.70625
276.701,733.45625
276.767,757.95625
276.833,748.20625
276.899,778.45625
276.964,768.70625
277.03,788.70625
277.096,796.45625
277.162,813.70625
277.228,805.70625
277.293,912.70625
277.359,846.95625
277.425,941.45625
277.491,1053.95625
277.557,1118.45625
277.622,1737.45625
277.688,1663.95625
277.754,1694.20625
277.82,1908.95625
277.885,2154.20625
277.951,2943.20625
278.017,2536.20625
278.083,1950.45625
278.148,1938.20625
278.214,1915.95625
278.28,2029.45625
278.345,1943.95625
278.411,1592.20625
278.477,1564.95625
278.542,1778.45625
278.608,1755.45625
278.674,2037.95625
278.739,2224.70625
278.805,2562.20625
278.871,2789.20625
278.936,3590.20625
279.002,5206.45625
279.067,7542.45625
279.133,7544.45625
279.199,6179.70625
279.264,6531.95625
279.33,7674.70625
279.395,10608.95625
279.461,15592.70625
279.527,18802.20625
279.592,16594.95625
279.658,12559.70625
279.723,11498.455999999998
279.789,13107.20625
279.854,10688.70625
279.92,8542.95625
279.985,7704.45625
280.051,7772.20625
280.116,9227.45625
280.182,14390.70625
280.247,17536.70625
280.313,14676.70625
280.378,9356.95625
280.444,6498.70625
280.509,4951.70625
280.574,4342.20625
280.64,3577.20625
280.705,3154.95625
280.771,2959.20625
280.836,2643.20625
280.902,2359.20625
280.967,2295.95625
281.032,2309.95625
281.098,2046.45625
281.163,1980.70625
281.229,1872.70625
281.294,1720.95625
281.359,1709.95625
281.425,1671.20625
281.49,1617.45625
281.555,1539.95625
281.621,1508.70625
281.686,1401.45625
281.751,1379.70625
281.816,1379.20625
281.882,1382.45625
281.947,1273.95625
282.012,1259.70625
282.078,1252.95625
282.143,1261.70625
282.208,1302.45625
282.273,1172.45625
282.339,1176.20625
282.404,1142.20625
282.469,1062.20625
282.534,1131.20625
282.6,1202.20625
282.665,1114.70625
282.73,1069.95625
282.795,1137.20625
282.86,1064.95625
282.926,993.95625
282.991,1032.45625
283.056,1020.45625
283.121,1071.45625
283.186,1059.70625
283.251,967.45625
283.316,1085.45625
283.382,1055.70625
283.447,990.95625
283.512,990.95625
283.577,1009.20625
283.642,1005.20625
283.707,910.95625
283.772,1012.95625
283.837,1033.20625
283.902,1024.70625
283.967,1017.95625
284.032,1043.95625
284.097,934.45625
284.163,1038.20625
284.228,1022.45625
284.293,1017.20625
284.358,1024.95625
284.423,1091.20625
284.488,1102.95625
284.553,1124.95625
284.618,1072.70625
284.683,1179.95625
284.748,1233.45625
284.812,1344.45625
284.877,1434.45625
284.942,1698.95625
285.007,2136.45625
285.072,2906.20625
285.137,4793.45625
285.202,6883.20625
285.267,5815.45625
285.332,3777.70625
285.397,2457.45625
285.462,2133.70625
285.527,1684.70625
285.591,1676.20625
285.656,1413.95625
285.721,1375.70625
285.786,1242.20625
285.851,1194.20625
285.916,1201.70625
285.981,1096.95625
286.045,1038.95625
286.11,1099.95625
286.175,1060.95625
286.24,1095.70625
286.305,1004.45625
286.369,989.95625
286.434,1002.45625
286.499,1018.20625
286.564,1026.45625
286.628,947.70625
286.693,1026.20625
286.758,957.20625
286.823,950.20625
286.887,1013.70625
286.952,939.45625
287.017,984.70625
287.082,959.20625
287.146,872.45625
287.211,932.45625
287.276,898.20625
287.34,933.45625
287.405,934.70625
287.47,893.70625
287.534,882.20625
287.599,862.45625
287.663,944.20625
287.728,988.95625
287.793,944.45625
287.857,907.20625
287.922,927.70625
287.987,902.95625
288.051,862.20625
288.116,907.95625
288.18,870.70625
288.245,906.45625
288.309,916.45625
288.374,925.70625
288.439,893.95625
288.503,904.95625
288.568,892.45625
288.632,839.20625
288.697,874.45625
288.761,906.45625
288.826,915.20625
288.89,932.95625
288.955,973.20625
289.019,896.20625
289.084,862.95625
289.148,895.20625
289.212,813.45625
289.277,846.95625
289.341,825.70625
289.406,930.95625
289.47,871.95625
289.535,847.70625
289.599,878.70625
289.663,870.70625
289.728,895.45625
289.792,876.95625
289.857,867.95625
289.921,886.95625
289.985,940.70625
290.05,896.70625
290.114,831.95625
290.178,893.45625
290.243,963.95625
290.307,916.95625
290.371,871.20625
290.436,888.95625
290.5,994.95625
290.564,830.95625
290.629,840.20625
290.693,898.45625
290.757,965.45625
290.821,900.45625
290.886,810.45625
290.95,842.45625
291.014,975.20625
291.078,897.70625
291.143,886.20625
291.207,977.20625
291.271,826.20625
291.335,887.45625
291.399,945.70625
291.464,978.70625
291.528,1008.95625
291.592,1031.70625
291.656,1000.70625
291.72,919.45625
291.784,1012.20625
291.849,939.95625
291.913,976.45625
291.977,915.20625
292.041,959.70625
292.105,938.45625
292.169,874.95625
292.233,963.70625
292.297,990.45625
292.361,970.45625
292.425,967.70625
292.49,1024.70625
292.554,976.70625
292.618,1099.95625
292.682,1135.95625
292.746,1158.20625
292.81,1516.95625
292.874,1968.95625
292.938,1902.45625
293.002,1686.95625
293.066,1529.45625
293.13,1442.45625
293.194,1364.95625
293.258,1374.70625
293.322,1248.95625
293.386,1336.95625
293.45,1341.20625
293.514,1637.95625
293.577,1939.70625
293.641,2703.95625
293.705,2891.45625
293.769,2568.95625
293.833,2191.95625
293.897,1816.20625
293.961,1699.20625
294.025,1579.70625
294.089,1554.70625
294.152,1426.45625
294.216,1336.45625
294.28,1358.45625
294.344,1256.20625
294.408,1229.95625
294.472,1154.95625
294.536,1079.45625
294.599,1107.45625
294.663,1041.70625
294.727,1077.45625
294.791,1116.95625
294.855,1078.45625
294.918,1069.45625
294.982,1032.70625
295.046,1027.20625
295.11,962.45625
295.173,992.70625
295.237,966.45625
295.301,941.20625
295.364,940.20625
295.428,1028.70625
295.492,946.95625
295.556,964.70625
295.619,925.20625
295.683,932.70625
295.747,867.70625
295.81,942.95625
295.874,909.95625
295.938,900.20625
296.001,813.95625
296.065,866.70625
296.128,857.45625
296.192,900.95625
296.256,878.20625
296.319,776.45625
296.383,882.70625
296.447,850.70625
296.51,883.45625
296.574,893.45625
296.637,911.70625
296.701,903.20625
296.764,917.45625
296.828,818.70625
296.891,877.70625
296.955,784.95625
297.018,840.95625
297.082,825.20625
297.145,825.45625
297.209,800.70625
297.272,799.70625
297.336,799.45625
297.399,791.45625
297.463,743.70625
297.526,865.20625
297.59,773.45625
297.653,853.95625
297.717,843.45625
297.78,825.20625
297.843,842.95625
297.907,869.95625
297.97,817.20625
298.034,794.45625
298.097,814.70625
298.16,766.95625
298.224,818.95625
298.287,834.45625
298.35,795.95625
298.414,806.20625
298.477,770.95625
298.54,723.95625
298.604,835.70625
298.667,758.45625
298.73,764.45625
298.794,738.70625
298.857,818.95625
298.92,767.70625
298.984,752.45625
299.047,728.20625
299.11,748.70625
299.173,698.20625
299.237,813.45625
299.3,724.95625
299.363,732.45625
299.426,737.95625
299.489,729.70625
299.553,704.70625
299.616,808.95625
299.679,783.70625
299.742,769.95625
299.805,692.70625
299.868,752.95625
299.932,753.45625
299.995,691.45625
300.058,733.95625
300.121,760.95625
300.184,716.95625
300.247,694.95625
300.31,686.70625
300.374,772.70625
300.437,699.20625
300.5,707.45625
300.563,707.20625
300.626,739.20625
300.689,766.20625
300.752,671.20625
300.815,721.95625
300.878,707.20625
300.941,765.70625
301.004,690.95625
301.067,720.95625
301.13,728.20625
301.193,680.20625
301.256,681.20625
301.319,717.95625
301.382,721.20625
301.445,640.45625
301.508,679.95625
301.571,682.45625
301.634,711.45625
301.697,655.70625
301.76,671.70625
301.823,699.70625
301.885,688.70625
301.948,732.95625
302.011,719.95625
302.074,695.20625
302.137,712.45625
302.2,700.70625
302.263,634.95625
302.326,673.95625
302.388,701.45625
302.451,704.20625
302.514,639.45625
302.577,713.20625
302.64,702.20625
302.703,712.20625
302.765,675.95625
302.828,705.70625
302.891,705.45625
302.954,764.70625
303.016,712.45625
303.079,710.20625
303.142,727.70625
303.205,628.20625
303.267,694.95625
303.33,691.70625
303.393,667.70625
303.456,698.45625
303.518,663.45625
303.581,622.70625
303.644,628.20625
303.706,692.95625
303.769,663.70625
303.832,669.20625
303.894,723.95625
303.957,729.70625
304.02,692.95625
304.082,714.20625
304.145,663.20625
304.207,747.95625
304.27,728.70625
304.333,660.70625
304.395,675.70625
304.458,703.20625
304.52,706.95625
304.583,670.70625
304.646,726.20625
304.708,662.45625
304.771,686.95625
304.833,711.95625
304.896,718.70625
304.958,731.95625
305.021,692.70625
305.083,726.45625
305.146,751.45625
305.208,730.45625
305.271,705.95625
305.333,754.95625
305.396,694.20625
305.458,717.70625
305.52,702.95625
305.583,714.45625
305.645,787.95625
305.708,692.45625
305.77,654.20625
305.833,727.45625
305.895,736.70625
305.957,726.45625
306.02,711.95625
306.082,682.45625
306.144,724.70625
306.207,705.70625
306.269,649.70625
306.331,744.45625
306.394,712.20625
306.456,729.70625
306.518,705.45625
306.581,681.70625
306.643,700.45625
306.705,647.45625
306.768,708.20625
306.83,706.20625
306.892,674.95625
306.954,701.70625
307.017,711.70625
307.079,671.95625
307.141,736.70625
307.203,707.45625
307.266,710.20625
307.328,744.70625
307.39,733.45625
307.452,723.20625
307.514,701.20625
307.577,716.70625
307.639,793.70625
307.701,743.20625
307.763,792.45625
307.825,823.95625
307.887,773.45625
307.949,760.95625
308.012,713.20625
308.074,781.45625
308.136,774.95625
308.198,733.70625
308.26,782.45625
308.322,758.45625
308.384,764.95625
308.446,797.95625
308.508,769.95625
308.57,832.70625
308.632,792.70625
308.694,861.95625
308.756,855.95625
308.818,833.45625
308.88,857.95625
308.942,795.20625
309.004,855.95625
309.066,796.45625
309.128,857.20625
309.19,925.70625
309.252,870.70625
309.314,860.95625
309.376,895.20625
309.438,909.45625
309.5,873.45625
309.562,894.95625
309.624,826.45625
309.686,919.45625
309.747,982.70625
309.809,857.95625
309.871,877.95625
309.933,854.70625
309.995,912.70625
310.057,853.95625
310.119,816.70625
310.18,858.70625
310.242,855.45625
310.304,839.70625
310.366,823.45625
310.428,776.95625
310.489,813.45625
310.551,834.70625
310.613,780.20625
310.675,804.20625
310.737,748.95625
310.798,829.70625
310.86,823.95625
310.922,820.70625
310.983,733.95625
311.045,797.45625
311.107,854.70625
311.169,787.95625
311.23,773.95625
311.292,783.45625
311.354,772.70625
311.415,787.45625
311.477,783.45625
311.539,726.45625
311.6,756.45625
311.662,800.45625
311.724,820.20625
311.785,749.45625
311.847,757.20625
311.908,751.20625
311.97,798.20625
312.032,757.70625
312.093,799.70625
312.155,834.95625
312.216,843.20625
312.278,797.20625
312.339,726.20625
312.401,750.45625
312.462,768.95625
312.524,821.95625
312.585,807.95625
312.647,789.70625
312.708,765.20625
312.77,834.95625
312.831,814.45625
312.893,779.70625
312.954,800.95625
313.016,825.45625
313.077,833.20625
313.139,828.45625
313.2,828.20625
313.261,795.45625
313.323,866.20625
313.384,759.95625
313.446,811.45625
313.507,818.20625
313.568,764.45625
313.63,766.95625
313.691,775.20625
313.752,797.70625
313.814,807.70625
313.875,827.70625
313.936,756.95625
313.998,803.70625
314.059,840.20625
314.12,788.45625
314.182,770.70625
314.243,793.45625
314.304,789.45625
314.365,789.45625
314.427,846.95625
314.488,798.95625
314.549,847.20625
314.61,765.20625
314.672,774.70625
314.733,819.70625
314.794,860.45625
314.855,866.45625
314.917,821.95625
314.978,769.95625
315.039,771.95625
315.1,838.70625
315.161,759.70625
315.222,837.95625
315.283,781.70625
315.345,775.95625
315.406,754.45625
315.467,771.95625
315.528,870.95625
315.589,745.70625
315.65,793.45625
315.711,839.70625
315.772,838.95625
315.833,777.95625
315.894,814.20625
315.955,850.70625
316.016,753.70625
316.078,800.95625
316.139,778.20625
316.2,781.70625
316.261,774.20625
316.322,793.95625
316.383,761.45625
316.444,795.20625
316.504,777.70625
316.565,790.95625
316.626,804.45625
316.687,797.70625
316.748,742.45625
316.809,726.20625
316.87,794.95625
316.931,780.70625
316.992,757.45625
317.053,765.20625
317.114,789.70625
317.175,774.95625
317.235,749.95625
317.296,771.70625
317.357,783.20625
317.418,767.70625
317.479,762.95625
317.54,800.45625
317.601,863.20625
317.661,702.20625
317.722,807.20625
317.783,824.45625
317.844,757.70625
317.904,744.95625
317.965,799.70625
318.026,767.45625
318.087,816.95625
318.148,757.70625
318.208,717.70625
318.269,857.20625
318.33,791.20625
318.39,783.70625
318.451,757.45625
318.512,812.45625
318.572,780.20625
318.633,778.95625
318.694,800.70625
318.754,711.20625
318.815,777.70625
318.876,767.20625
318.936,822.45625
318.997,718.70625
319.058,754.20625
319.118,744.20625
319.179,706.45625
319.239,763.20625
319.3,810.70625
319.361,756.70625
319.421,710.45625
319.482,717.95625
319.542,801.20625
319.603,768.20625
319.663,746.95625
319.724,707.45625
319.784,776.70625
319.845,780.70625
319.905,791.45625
319.966,761.45625
320.026,749.20625
320.087,733.95625
320.147,784.20625
320.208,724.45625
320.268,735.20625
320.329,774.95625
320.389,697.95625
320.449,780.70625
320.51,779.20625
320.57,823.95625
320.631,755.45625
320.691,747.20625
320.751,769.20625
320.812,757.70625
320.872,763.45625
320.932,777.20625
320.993,791.45625
321.053,728.70625
321.113,763.95625
321.174,770.20625
321.234,752.45625
321.294,786.70625
321.355,743.45625
321.415,745.95625
321.475,781.70625
321.535,739.20625
321.596,745.20625
321.656,733.20625
321.716,763.95625
321.776,754.45625
321.837,813.20625
321.897,757.45625
321.957,826.20625
322.017,806.95625
322.077,721.20625
322.138,761.20625
322.198,725.70625
322.258,733.95625
322.318,803.20625
322.378,746.70625
322.438,824.70625
322.499,729.70625
322.559,745.70625
322.619,741.70625
322.679,694.70625
322.739,747.95625
322.799,751.45625
322.859,766.20625
322.919,766.70625
322.979,780.45625
323.039,700.20625
323.099,706.20625
323.159,735.45625
323.219,723.45625
323.279,745.20625
323.339,717.20625
323.399,730.20625
323.459,680.95625
323.519,718.70625
323.579,791.20625
323.639,798.95625
323.699,738.95625
323.759,729.70625
323.819,811.45625
323.879,772.95625
323.939,709.45625
323.999,735.45625
324.059,754.70625
324.119,711.70625
324.178,679.95625
324.238,823.70625
324.298,753.45625
324.358,720.45625
324.418,751.45625
324.478,744.45625
324.538,806.20625
324.597,730.95625
324.657,761.20625
324.717,753.70625
324.777,770.20625
324.837,768.45625
324.896,782.95625
324.956,767.45625
325.016,771.70625
325.076,753.45625
325.135,660.45625
325.195,793.45625
325.255,745.70625
325.315,811.45625
325.374,750.70625
325.434,748.20625
325.494,809.95625
325.553,812.45625
325.613,801.20625
325.673,769.45625
325.732,813.20625
325.792,788.45625
325.852,739.20625
325.911,720.45625
325.971,763.70625
326.031,778.45625
326.09,727.20625
326.15,797.70625
326.209,828.20625
326.269,792.20625
326.328,757.20625
326.388,790.45625
326.448,831.95625
326.507,781.70625
326.567,791.70625
326.626,759.95625
326.686,728.70625
326.745,759.45625
326.805,761.45625
326.864,810.20625
326.924,777.45625
326.983,747.45625
327.043,753.20625
327.102,819.20625
327.161,771.70625
327.221,743.20625
327.28,786.70625
327.34,802.20625
327.399,802.20625
327.459,715.45625
327.518,763.20625
327.577,718.95625
327.637,757.95625
327.696,762.70625
327.755,732.20625
327.815,712.45625
327.874,763.20625
327.933,731.95625
327.993,768.45625
328.052,776.20625
328.111,786.95625
328.171,774.45625
328.23,784.95625
328.289,824.45625
328.349,760.95625
328.408,774.70625
328.467,742.20625
328.526,750.95625
328.586,746.45625
328.645,801.95625
328.704,828.45625
328.763,726.70625
328.822,744.45625
328.882,791.20625
328.941,799.45625
329.0,811.45625
329.059,796.20625
329.118,744.95625
329.177,736.95625
329.237,769.20625
329.296,855.45625
329.355,762.95625
329.414,809.45625
329.473,765.45625
329.532,785.70625
329.591,828.95625
329.65,871.45625
329.709,848.70625
329.768,926.20625
329.827,922.45625
329.886,896.70625
329.945,979.70625
330.004,1077.95625
330.063,1180.20625
330.122,1400.95625
330.181,1736.20625
330.24,1761.20625
330.299,1571.45625
330.358,1260.95625
330.417,1124.45625
330.476,947.95625
330.535,906.45625
330.594,898.95625
330.653,838.95625
330.712,821.20625
330.771,789.45625
330.83,764.20625
330.889,801.95625
330.948,840.95625
331.006,746.95625
331.065,736.20625
331.124,804.45625
331.183,751.95625
331.242,761.95625
331.301,758.95625
331.359,787.45625
331.418,756.20625
331.477,761.20625
331.536,726.95625
331.595,696.95625
331.653,733.20625
331.712,745.20625
331.771,676.95625
331.83,661.45625
331.888,713.45625
331.947,709.95625
332.006,638.20625
332.065,690.45625
332.123,751.70625
332.182,770.20625
332.241,732.45625
332.299,752.20625
332.358,698.20625
332.417,718.45625
332.475,703.45625
332.534,723.70625
332.592,701.45625
332.651,725.95625
332.71,767.70625
332.768,802.20625
332.827,734.45625
332.885,708.20625
332.944,711.45625
333.003,717.70625
333.061,731.95625
333.12,725.70625
333.178,817.70625
333.237,728.95625
333.295,772.20625
333.354,736.95625
333.412,787.20625
333.471,724.95625
333.529,802.45625
333.588,780.95625
333.646,826.45625
333.705,758.95625
333.763,806.20625
333.822,796.95625
333.88,747.45625
333.938,824.95625
333.997,749.95625
334.055,754.70625
334.114,821.45625
334.172,681.45625
334.23,789.20625
334.289,768.70625
334.347,712.70625
334.405,749.70625
334.464,724.45625
334.522,764.95625
334.58,738.45625
334.639,734.20625
334.697,745.70625
334.755,717.20625
334.814,717.95625
334.872,759.20625
334.93,756.95625
334.988,721.95625
335.047,683.20625
335.105,794.95625
335.163,782.95625
335.221,715.70625
335.28,711.45625
335.338,790.70625
335.396,723.95625
335.454,761.95625
335.512,746.45625
335.57,768.70625
335.629,733.20625
335.687,724.45625
335.745,785.70625
335.803,787.20625
335.861,792.20625
335.919,744.70625
335.977,739.70625
336.035,768.70625
336.094,711.70625
336.152,757.95625
336.21,753.20625
336.268,766.45625
336.326,783.45625
336.384,684.45625
336.442,788.45625
336.5,731.45625
336.558,781.95625
336.616,778.70625
336.674,702.70625
336.732,681.95625
336.79,728.20625
336.848,761.20625
336.906,739.70625
336.964,756.95625
337.022,715.95625
337.08,775.95625
337.138,723.70625
337.195,745.95625
337.253,750.45625
337.311,792.95625
337.369,737.45625
337.427,738.70625
337.485,715.95625
337.543,737.20625
337.601,728.45625
337.658,713.70625
337.716,664.45625
337.774,668.45625
337.832,743.95625
337.89,699.70625
337.947,754.70625
338.005,733.45625
338.063,697.45625
338.121,763.45625
338.178,697.70625
338.236,727.70625
338.294,773.70625
338.352,680.70625
338.409,701.70625
338.467,723.95625
338.525,720.45625
338.583,729.20625
338.64,688.45625
338.698,703.70625
338.756,745.45625
338.813,745.20625
338.871,745.20625
338.928,722.70625
338.986,648.70625
339.044,795.45625
339.101,700.20625
339.159,704.20625
339.216,727.20625
339.274,654.95625
339.332,688.20625
339.389,676.20625
339.447,739.70625
339.504,754.70625
339.562,673.70625
339.619,710.95625
339.677,791.45625
339.734,708.70625
339.792,702.70625
339.849,731.95625
339.907,676.95625
339.964,716.70625
340.022,717.20625
340.079,728.70625
340.137,644.45625
340.194,690.70625
340.252,681.45625
340.309,710.20625
340.366,686.95625
340.424,706.95625
340.481,706.20625
340.538,717.70625
340.596,738.45625
340.653,749.45625
340.711,684.20625
340.768,751.45625
340.825,743.95625
340.883,733.20625
340.94,705.70625
340.997,682.95625
341.054,669.20625
341.112,680.45625
341.169,712.20625
341.226,764.45625
341.284,710.70625
341.341,741.20625
341.398,715.20625
341.455,694.95625
341.512,764.70625
341.57,725.70625
341.627,730.20625
341.684,685.95625
341.741,654.45625
341.798,704.20625
341.856,677.95625
341.913,753.70625
341.97,679.95625
342.027,698.95625
342.084,681.45625
342.141,724.45625
342.198,738.70625
342.255,738.45625
342.313,679.95625
342.37,715.20625
342.427,756.20625
342.484,721.70625
342.541,757.70625
342.598,739.95625
342.655,721.20625
342.712,755.70625
342.769,705.95625
342.826,661.95625
342.883,747.70625
342.94,677.20625
342.997,697.70625
343.054,672.45625
343.111,681.95625
343.168,785.70625
343.225,690.20625
343.282,703.95625
343.339,679.70625
343.395,708.45625
343.452,784.20625
343.509,770.95625
343.566,768.95625
343.623,708.95625
343.68,758.70625
343.737,740.20625
343.794,782.45625
343.85,717.20625
343.907,762.45625
343.964,790.95625
344.021,708.45625
344.078,792.20625
344.134,789.95625
344.191,820.70625
344.248,807.20625
344.305,773.70625
344.361,767.20625
344.418,746.45625
344.475,736.70625
344.532,830.95625
344.588,774.45625
344.645,755.70625
344.702,792.20625
344.758,774.70625
344.815,724.95625
344.872,755.20625
344.928,827.70625
344.985,774.20625
345.042,849.95625
345.098,755.95625
345.155,728.20625
345.212,776.95625
345.268,784.70625
345.325,802.70625
345.381,748.45625
345.438,819.20625
345.495,773.45625
345.551,798.20625
345.608,787.95625
345.664,727.20625
345.721,753.45625
345.777,716.20625
345.834,716.95625
345.89,751.95625
345.947,772.20625
346.003,784.20625
346.06,764.20625
346.116,790.95625
346.173,768.45625
346.229,753.20625
346.285,733.20625
346.342,782.70625
346.398,770.95625
346.455,799.45625
346.511,850.20625
346.567,821.45625
346.624,774.45625
346.68,772.45625
346.737,768.20625
346.793,782.70625
346.849,753.20625
346.906,756.70625
346.962,795.20625
347.018,824.70625
347.074,768.20625
347.131,840.95625
347.187,758.95625
347.243,823.20625
347.3,817.70625
347.356,799.70625
347.412,783.20625
347.468,759.95625
347.524,788.20625
347.581,753.70625
347.637,798.20625
347.693,785.20625
347.749,729.45625
347.805,727.45625
347.862,777.95625
347.918,792.70625
347.974,760.70625
348.03,795.20625
348.086,795.20625
348.142,760.45625
348.198,792.45625
348.254,766.45625
348.311,775.45625
348.367,769.20625
348.423,836.70625
348.479,790.45625
348.535,789.70625
348.591,719.20625
348.647,746.95625
348.703,714.20625
348.759,762.45625
348.815,788.45625
348.871,723.70625
348.927,743.45625
348.983,752.20625
349.039,769.70625
349.095,761.70625
349.151,813.70625
349.207,785.20625
349.263,875.20625
349.319,811.45625
349.374,806.20625
349.43,782.70625
349.486,803.70625
349.542,749.95625
349.598,825.70625
349.654,839.70625
349.71,830.45625
349.766,826.95625
349.821,778.95625
349.877,775.95625
349.933,862.45625
349.989,848.20625
350.045,774.45625
350.1,762.45625
350.156,789.45625
350.212,748.70625
350.268,735.45625
350.323,800.70625
350.379,792.95625
350.435,800.45625
350.491,781.45625
350.546,849.20625
350.602,790.95625
350.658,870.95625
350.713,767.70625
350.769,831.20625
350.825,859.95625
350.88,818.95625
350.936,831.45625
350.992,742.20625
351.047,805.70625
351.103,765.45625
351.158,816.95625
351.214,798.20625
351.27,769.45625
351.325,809.45625
351.381,831.70625
351.436,828.20625
351.492,841.45625
351.547,833.20625
351.603,773.70625
351.658,719.95625
351.714,794.70625
351.769,883.20625
351.825,857.45625
351.88,775.45625
351.936,827.45625
351.991,803.70625
352.047,744.95625
352.102,810.70625
352.158,845.20625
352.213,760.20625
352.268,786.20625
352.324,761.45625
352.379,765.20625
352.434,816.95625
352.49,818.95625
352.545,778.95625
352.601,872.95625
352.656,879.20625
352.711,802.95625
352.767,771.95625
352.822,793.95625
352.877,806.45625
352.932,825.45625
352.988,790.95625
353.043,829.95625
353.098,827.70625
353.153,827.20625
353.209,794.20625
353.264,855.45625
353.319,785.70625
353.374,801.45625
353.43,804.70625
353.485,844.45625
353.54,813.20625
353.595,836.45625
353.65,811.20625
353.705,778.95625
353.761,793.20625
353.816,811.45625
353.871,836.20625
353.926,884.95625
353.981,764.45625
354.036,809.70625
354.091,725.95625
354.146,785.45625
354.201,827.45625
354.256,801.95625
354.311,785.70625
354.367,786.20625
354.422,768.70625
354.477,839.70625
354.532,831.95625
354.587,790.20625
354.642,812.20625
354.697,806.70625
354.751,825.70625
354.806,862.20625
354.861,837.70625
354.916,837.20625
354.971,759.20625
355.026,836.20625
355.081,825.20625
355.136,877.70625
355.191,787.45625
355.246,795.45625
355.301,824.45625
355.355,891.45625
355.41,832.20625
355.465,806.45625
355.52,787.70625
355.575,799.70625
355.63,874.70625
355.684,726.95625
355.739,748.70625
355.794,817.95625
355.849,768.95625
355.904,789.20625
355.958,816.95625
356.013,847.95625
356.068,781.95625
356.123,877.95625
356.177,822.45625
356.232,834.45625
356.287,833.45625
356.341,849.45625
356.396,758.20625
356.451,840.70625
356.505,803.70625
356.56,803.45625
356.615,754.20625
356.669,826.95625
356.724,827.70625
356.778,759.95625
356.833,763.20625
356.888,801.20625
356.942,800.95625
356.997,855.20625
357.051,801.95625
357.106,847.45625
357.16,829.95625
357.215,814.45625
357.269,813.20625
357.324,836.45625
357.378,777.95625
357.433,758.45625
357.487,876.95625
357.542,806.95625
357.596,797.70625
357.651,723.70625
357.705,825.70625
357.76,851.20625
357.814,830.95625
357.868,858.70625
357.923,806.70625
357.977,823.20625
358.032,731.70625
358.086,767.45625
358.14,841.45625
358.195,832.95625
358.249,785.20625
358.303,780.95625
358.358,731.20625
358.412,835.95625
358.466,841.70625
358.521,832.45625
358.575,799.95625
358.629,724.20625
358.683,765.95625
358.738,792.45625
358.792,811.70625
358.846,760.20625
358.9,794.20625
358.954,707.95625
359.009,711.20625
359.063,757.45625
359.117,797.45625
359.171,832.70625
359.225,799.95625
359.28,804.70625
359.334,783.70625
359.388,776.70625
359.442,804.20625
359.496,754.95625
359.55,724.20625
359.604,846.70625
359.658,826.70625
359.712,791.70625
359.766,776.45625
359.82,791.45625
359.875,777.45625
359.929,804.95625
359.983,734.95625
360.037,801.20625
360.091,786.70625
360.145,792.20625
360.199,765.45625
360.253,729.70625
360.306,777.45625
360.36,784.45625
360.414,843.45625
360.468,809.70625
360.522,760.95625
360.576,787.70625
360.63,829.95625
360.684,815.20625
360.738,775.95625
360.792,755.45625
360.846,807.20625
360.899,791.95625
360.953,850.70625
361.007,815.70625
361.061,758.70625
361.115,766.45625
361.168,767.95625
361.222,796.70625
361.276,842.70625
361.33,801.70625
361.384,786.70625
361.437,759.95625
361.491,780.20625
361.545,780.45625
361.599,761.20625
361.652,790.70625
361.706,775.95625
361.76,790.20625
361.813,730.70625
361.867,809.20625
361.921,761.20625
361.974,789.45625
362.028,777.95625
362.082,804.45625
362.135,774.70625
362.189,789.45625
362.242,795.70625
362.296,799.20625
362.35,810.20625
362.403,765.95625
362.457,775.70625
362.51,743.70625
362.564,753.45625
362.617,720.20625
362.671,766.95625
362.724,757.70625
362.778,742.70625
362.831,763.45625
362.885,777.95625
362.938,794.45625
354.545,148.75624999999997
354.608,160.25624999999997
354.671,225.50625
354.734,146.75624999999997
354.797,114.75624999999998
354.86,169.75625
354.923,210.00625
354.986,162.75624999999997
355.05,219.25625
355.113,195.75625
355.176,215.75625
355.239,209.25625
355.302,176.00624999999997
355.365,219.00625000000002
355.428,247.00625
355.491,209.50625
355.554,193.50625
355.617,216.25625
355.68,217.75625
355.743,189.75625
355.806,202.25625
355.869,233.50624999999997
355.932,178.50624999999997
355.995,194.75625
356.058,224.75625
356.121,247.25625
356.184,235.25625
356.247,221.50625
356.31,280.00624999999997
356.373,217.25625
356.436,254.25624999999997
356.498,261.00624999999997
356.561,248.25624999999997
356.624,235.75624999999997
356.687,275.00624999999997
356.75,234.50625
356.813,248.00624999999997
356.876,243.75624999999997
356.939,244.75624999999997
357.001,257.00624999999997
357.064,234.50625
357.127,292.00624999999997
357.19,257.25624999999997
357.253,290.00624999999997
357.316,315.50624999999997
357.378,265.75624999999997
357.441,303.50624999999997
357.504,286.50624999999997
357.567,308.75624999999997
357.629,266.00624999999997
357.692,308.00624999999997
357.755,251.75624999999997
357.818,263.00624999999997
357.88,268.25624999999997
357.943,290.25624999999997
358.006,269.25624999999997
358.069,241.75624999999997
358.131,328.50624999999997
358.194,259.00624999999997
358.257,279.50624999999997
358.319,273.00624999999997
358.382,304.75624999999997
358.445,312.50624999999997
358.507,276.50624999999997
358.57,250.00624999999997
358.633,263.75624999999997
358.695,321.75624999999997
358.758,290.75624999999997
358.821,278.75624999999997
358.883,321.75624999999997
358.946,261.25625
359.008,265.75624999999997
359.071,296.75624999999997
359.134,329.75624999999997
359.196,311.25624999999997
359.259,268.00624999999997
359.321,284.25624999999997
359.384,311.00624999999997
359.446,308.25624999999997
359.509,303.00624999999997
359.571,282.50624999999997
359.634,310.50624999999997
359.696,281.75624999999997
359.759,326.00624999999997
359.821,317.25624999999997
359.884,294.75624999999997
359.946,325.50624999999997
360.009,282.50624999999997
360.071,317.00624999999997
360.134,279.00624999999997
360.196,302.25624999999997
360.259,290.75624999999997
360.321,321.25624999999997
360.384,300.25624999999997
360.446,328.25624999999997
360.508,316.25624999999997
360.571,294.25624999999997
360.633,286.50624999999997
360.696,324.25624999999997
360.758,312.50624999999997
360.82,345.50624999999997
360.883,311.00624999999997
360.945,366.75625
361.007,312.50624999999997
361.07,297.50624999999997
361.132,315.25624999999997
361.194,346.00624999999997
361.257,333.25624999999997
361.319,322.25624999999997
361.381,299.50624999999997
361.443,329.00624999999997
361.506,350.75624999999997
361.568,355.50624999999997
361.63,288.00624999999997
361.693,340.50624999999997
361.755,339.25624999999997
361.817,316.25624999999997
361.879,312.75624999999997
361.941,349.25625
362.004,346.50624999999997
362.066,305.25624999999997
362.128,321.50624999999997
362.19,329.75624999999997
362.252,332.50624999999997
362.315,342.00624999999997
362.377,291.75624999999997
362.439,348.75624999999997
362.501,308.25624999999997
362.563,341.75624999999997
362.625,320.00624999999997
362.688,338.75624999999997
362.75,337.25624999999997
362.812,369.50625
362.874,323.25624999999997
362.936,341.25624999999997
362.998,348.75624999999997
363.06,357.50624999999997
363.122,357.50624999999997
363.184,374.50625
363.246,366.50625
363.308,327.25624999999997
363.37,338.50624999999997
363.432,334.75624999999997
363.494,318.50624999999997
363.556,346.00624999999997
363.618,382.50625
363.68,401.25625
363.742,382.75625
363.804,352.50624999999997
363.866,370.00625
363.928,350.25624999999997
363.99,360.00625
364.052,342.25624999999997
364.114,358.75625
364.176,331.25624999999997
364.238,399.75625
364.3,377.75625
364.362,388.00625
364.424,370.00625
364.486,348.50624999999997
364.548,333.50624999999997
364.609,359.25625
364.671,354.50625
364.733,337.25624999999997
364.795,358.50625
364.857,362.50625
364.919,400.25625
364.981,363.50625
365.042,400.50625
365.104,353.00624999999997
365.166,337.75624999999997
365.228,328.00624999999997
365.29,347.75624999999997
365.351,389.75625
365.413,357.00624999999997
365.475,401.75625
365.537,320.00624999999997
365.598,363.75625
365.66,391.25625
365.722,388.00625
365.784,361.50625
365.845,363.50625
365.907,335.75624999999997
365.969,405.00625
366.03,378.75625
366.092,353.00624999999997
366.154,314.50624999999997
366.215,381.75625
366.277,368.25625
366.339,386.75625
366.4,389.75625
366.462,365.00625
366.524,412.50625
366.585,394.25625
366.647,401.50625
366.708,382.25625
366.77,373.25625
366.832,389.25625
366.893,397.00625
366.955,393.50625
367.016,390.75625
367.078,374.25625
367.139,448.50625
367.201,359.50625
367.262,394.50625
367.324,348.75624999999997
367.385,350.50624999999997
367.447,408.50625
367.508,408.25625
367.57,344.25624999999997
367.631,407.50625
367.693,390.50625
367.754,328.25624999999997
367.816,403.50625
367.877,412.50625
367.939,405.25625
368.0,384.25625
368.062,423.00625
368.123,410.25625
368.184,410.50625
368.246,383.50625
368.307,393.50625
368.369,369.25625
368.43,351.50624999999997
368.491,371.75625
368.553,368.00625
368.614,363.50625
368.675,419.00625
368.737,373.75625
368.798,336.75624999999997
368.859,406.75625
368.921,362.50625
368.982,379.75625
369.043,332.00624999999997
369.104,428.25625
369.166,379.25625
369.227,424.25625
369.288,430.75625
369.349,366.00625
369.411,433.75625
369.472,399.75625
369.533,361.50625
369.594,360.25625
369.656,386.00625
369.717,427.00625
369.778,414.25625
369.839,397.50625
369.9,398.50625
369.961,335.25624999999997
370.023,413.00625
370.084,408.00625
370.145,384.50625
370.206,405.50625
370.267,408.50625
370.328,412.25625
370.389,415.00625
370.451,407.50625
370.512,402.75625
370.573,399.50625
370.634,431.75625
370.695,419.00625
370.756,395.75625
370.817,344.75625
370.878,440.75625
370.939,387.75625
371.0,403.50625
371.061,424.75625
371.122,419.75625
371.183,381.25625
371.244,420.75625
371.305,421.75625
371.366,415.25625
371.427,392.75625
371.488,422.00625
371.549,421.75625
371.61,451.25625
371.671,372.50625
371.732,373.25625
371.793,403.75625
371.853,472.75625
371.914,422.25625
371.975,475.50625
372.036,457.50625
372.097,414.50625
372.158,391.75625
372.219,378.50625
372.28,392.75625
372.34,410.50625
372.401,431.75625
372.462,449.75625
372.523,427.50625
372.584,438.75625
372.645,458.75625
372.705,449.75625
372.766,439.25625
372.827,440.00625
372.888,436.25625
372.948,436.75625
373.009,376.25625
373.07,422.75625
373.131,392.75625
373.191,440.50625
373.252,420.75625
373.313,453.50625
373.373,388.00625
373.434,454.50625
373.495,433.00625
373.555,478.25625
373.616,441.00625
373.677,396.50625
373.737,405.00625
373.798,373.25625
373.859,428.75625
373.919,405.25625
373.98,452.25625
374.041,391.50625
374.101,371.75625
374.162,446.00625
374.222,404.25625
374.283,392.75625
374.343,413.00625
374.404,459.75625
374.465,446.25625
374.525,461.50625
374.586,398.25625
374.646,446.00625
374.707,433.75625
374.767,405.50625
374.828,443.25625
374.888,378.00625
374.949,414.25625
375.009,444.75625
375.07,472.00625
375.13,427.00625
375.19,408.50625
375.251,427.50625
375.311,424.25625
375.372,451.50625
375.432,440.75625
375.493,484.00625
375.553,422.00625
375.613,426.75625
375.674,446.25625
375.734,460.25625
375.794,424.75625
375.855,380.75625
375.915,505.75625
375.975,433.00625
376.036,452.00625
376.096,391.50625
376.156,393.50625
376.217,445.50625
376.277,443.50625
376.337,448.25625
376.398,459.75625
376.458,449.50625
376.518,451.00625
376.578,396.25625
376.639,444.00625
376.699,481.25625
376.759,483.00625
376.819,439.00625
376.88,411.75625
376.94,430.75625
377.0,405.00625
377.06,436.50625
377.12,445.25625
377.18,438.75625
377.241,414.75625
377.301,487.50625
377.361,439.50625
377.421,403.50625
377.481,484.75625
377.541,445.75625
377.601,481.75625
377.661,504.00625
377.722,487.50625
377.782,445.25625
377.842,500.50625
377.902,526.75625
377.962,491.25625
378.022,477.00625
378.082,487.50625
378.142,503.75625
378.202,469.25625
378.262,488.00625
378.322,480.25625
378.382,444.50625
378.442,480.25625
378.502,475.50625
378.562,479.00625
378.622,457.50625
378.682,492.50625
378.742,512.50625
378.802,518.00625
378.862,500.00625
378.921,509.50625
378.981,546.50625
379.041,535.00625
379.101,498.75625
379.161,515.25625
379.221,512.00625
379.281,487.75625
379.341,528.75625
379.401,518.50625
379.46,510.25625
379.52,481.50625
379.58,535.75625
379.64,513.75625
379.7,504.50625
379.759,507.50625
379.819,561.50625
379.879,527.75625
379.939,572.50625
379.999,474.75625
380.058,524.75625
380.118,496.75625
380.178,454.25625
380.237,540.75625
380.297,517.25625
380.357,552.75625
380.417,559.50625
380.476,532.00625
380.536,534.25625
380.596,538.25625
380.655,539.75625
380.715,515.75625
380.775,516.75625
380.834,540.50625
380.894,562.50625
380.954,526.75625
381.013,538.25625
381.073,531.50625
381.132,534.50625
381.192,521.50625
381.252,462.75625
381.311,594.00625
381.371,538.25625
381.43,593.00625
381.49,543.25625
381.549,484.25625
381.609,558.75625
381.668,548.25625
381.728,590.50625
381.787,630.5062500000001
381.847,568.75625
381.906,628.0062500000001
381.966,583.5062500000001
382.025,546.25625
382.085,661.7562500000001
382.144,640.0062500000001
382.204,602.00625
382.263,665.2562500000001
382.323,665.5062500000001
382.382,625.75625
382.441,638.50625
382.501,696.0062500000001
382.56,646.0062500000001
382.619,729.25625
382.679,754.50625
382.738,765.00625
382.798,812.50625
382.857,970.2562500000001
382.916,1021.0062500000001
382.976,1062.2562500000001
383.035,1033.0062500000001
383.094,1023.5062500000001
383.154,1201.7562500000001
383.213,1434.75625
383.272,1316.7562500000001
383.331,1185.7562500000001
383.391,957.00625
383.45,928.75625
383.509,919.50625
383.568,944.75625
383.628,971.7562500000001
383.687,1097.0062500000001
383.746,1340.0062500000001
383.805,1623.25625
383.864,1729.00625
383.924,1372.5062500000001
383.983,1029.2562500000001
384.042,899.25625
384.101,844.50625
384.16,852.00625
384.219,701.2562500000001
384.279,789.00625
384.338,699.5062500000001
384.397,688.2562500000001
384.456,646.7562500000001
384.515,674.5062500000001
384.574,609.50625
384.633,675.7562500000001
384.692,646.5062500000001
384.751,617.25625
384.81,634.0062500000001
384.869,649.5062500000001
384.929,612.25625
384.988,631.75625
385.047,605.50625
385.106,652.7562500000001
385.165,640.25625
385.224,606.7562500000001
385.283,575.75625
385.342,589.00625
385.401,611.7562500000001
385.459,625.5062500000001
385.518,645.7562500000001
385.577,606.25625
385.636,643.7562500000001
385.695,614.7562500000001
385.754,617.50625
385.813,622.7562500000001
385.872,612.00625
385.931,575.75625
385.99,619.2562500000001
386.049,629.0062500000001
386.107,624.0062500000001
386.166,596.25625
386.225,579.25625
386.284,622.50625
386.343,567.25625
386.402,630.75625
386.46,640.7562500000001
386.519,631.00625
386.578,602.75625
386.637,606.00625
386.696,608.7562500000001
386.754,616.00625
386.813,616.5062500000001
386.872,613.75625
386.931,623.00625
386.989,617.2562500000001
387.048,610.5062500000001
387.107,669.2562500000001
387.165,640.50625
387.224,590.00625
387.283,592.7562500000001
387.342,605.2562500000001
387.4,599.5062500000001
387.459,618.25625
387.517,574.50625
387.576,582.75625
387.635,637.25625
387.693,604.25625
387.752,630.0062500000001
387.811,618.50625
387.869,603.7562500000001
387.928,609.50625
387.986,639.0062500000001
388.045,551.50625
388.103,618.25625
388.162,593.25625
388.221,574.75625
388.279,603.50625
388.338,698.0062500000001
388.396,589.50625
388.455,590.50625
388.513,593.25625
388.572,522.25625
388.63,593.50625
388.689,609.25625
388.747,656.7562500000001
388.806,578.50625
388.864,592.50625
388.922,567.25625
388.981,572.50625
389.039,573.50625
389.098,627.0062500000001
389.156,589.75625
389.214,562.75625
389.273,589.75625
389.331,606.50625
389.39,590.00625
389.448,666.5062500000001
389.506,540.00625
389.565,612.0062500000001
389.623,582.0062500000001
389.681,613.00625
389.74,621.7562500000001
389.798,566.50625
389.856,605.5062500000001
389.914,553.2562500000001
389.973,570.75625
390.031,541.75625
390.089,602.25625
390.147,590.50625
390.206,550.75625
390.264,614.25625
390.322,605.25625
390.38,601.00625
390.439,592.5062500000001
390.497,595.0062500000001
390.555,574.50625
390.613,599.50625
390.671,589.50625
390.729,561.00625
390.788,607.7562500000001
390.846,560.75625
390.904,601.7562500000001
390.962,564.25625
391.02,587.5062500000001
391.078,613.2562500000001
391.136,561.2562500000001
391.194,597.7562500000001
391.253,575.0062500000001
391.311,631.5062500000001
391.369,579.2562500000001
391.427,556.5062500000001
391.485,584.25625
391.543,536.2562500000001
391.601,616.0062500000001
391.659,551.00625
391.717,614.50625
391.775,615.0062500000001
391.833,641.7562500000001
391.891,601.7562500000001
391.949,578.75625
392.007,591.75625
392.065,582.00625
392.123,625.5062500000001
392.18,679.5062500000001
392.238,624.2562500000001
392.296,644.0062500000001
392.354,641.7562500000001
392.412,549.75625
392.47,631.0062500000001
392.528,644.5062500000001
392.586,632.5062500000001
392.644,609.25625
392.701,628.2562500000001
392.759,636.5062500000001
392.817,601.2562500000001
392.875,605.75625
392.933,609.5062500000001
392.991,671.5062500000001
393.048,614.2562500000001
393.106,606.5062500000001
393.164,624.5062500000001
393.222,673.0062500000001
393.279,660.2562500000001
393.337,741.00625
393.395,853.5062500000001
393.453,771.00625
393.51,635.0062500000001
393.568,611.2562500000001
393.626,594.5062500000001
393.684,623.7562500000001
393.741,637.7562500000001
393.799,612.5062500000001
393.857,610.5062500000001
393.914,620.5062500000001
393.972,637.0062500000001
394.03,595.7562500000001
394.087,635.7562500000001
394.145,643.7562500000001
394.202,648.2562500000001
394.26,652.5062500000001
394.318,621.7562500000001
394.375,618.7562500000001
394.433,640.7562500000001
394.49,592.50625
394.548,724.50625
394.605,635.7562500000001
394.663,657.2562500000001
394.72,619.0062500000001
394.778,593.7562500000001
394.836,661.0062500000001
394.893,633.2562500000001
394.951,619.5062500000001
395.008,695.7562500000001
395.065,700.2562500000001
395.123,665.0062500000001
395.18,599.5062500000001
395.238,691.2562500000001
395.295,638.0062500000001
395.353,620.5062500000001
395.41,725.00625
395.468,687.2562500000001
395.525,684.5062500000001
395.582,638.2562500000001
395.64,695.2562500000001
395.697,660.5062500000001
395.754,623.5062500000001
395.812,649.5062500000001
395.869,628.2562500000001
395.927,688.5062500000001
395.984,704.2562500000001
396.041,618.7562500000001
396.098,643.50625
396.156,676.5062500000001
396.213,721.50625
396.27,713.5062500000001
396.328,646.2562500000001
396.385,649.2562500000001
396.442,650.0062500000001
396.499,670.7562500000001
396.557,648.2562500000001
396.614,695.75625
396.671,690.0062500000001
396.728,765.50625
396.785,721.75625
396.843,777.50625
396.9,790.75625
396.957,760.25625
397.014,719.00625
397.071,711.00625
397.128,678.5062500000001
397.186,674.2562500000001
397.243,687.0062500000001
397.3,728.25625
397.357,694.2562500000001
397.414,702.00625
397.471,683.5062500000001
397.528,670.7562500000001
397.585,731.00625
397.642,636.5062500000001
397.699,710.7562500000001
397.756,683.7562500000001
397.814,646.7562500000001
397.871,693.0062500000001
397.928,748.00625
397.985,667.0062500000001
398.042,655.2562500000001
398.099,705.2562500000001
398.156,722.50625
398.212,703.7562500000001
398.269,710.25625
398.326,690.5062500000001
398.383,745.50625
398.44,671.0062500000001
398.497,703.7562500000001
398.554,701.5062500000001
398.611,749.75625
398.668,749.75625
398.725,774.00625
398.782,675.2562500000001
398.839,655.2562500000001
398.895,812.75625
398.952,746.25625
399.009,737.00625
399.066,720.50625
399.123,732.50625
399.18,859.50625
399.236,791.00625
399.293,753.00625
399.35,797.00625
399.407,791.25625
399.463,751.25625
399.52,792.25625
399.577,755.25625
399.634,836.50625
399.69,803.00625
399.747,873.50625
399.804,804.75625
399.861,841.50625
399.917,889.75625
399.974,814.25625
400.031,799.25625
400.087,746.75625
400.144,779.00625
400.201,832.75625
400.257,762.50625
400.314,810.50625
400.37,776.50625
400.427,808.25625
400.484,748.75625
400.54,818.75625
400.597,754.25625
400.653,773.50625
400.71,762.00625
400.766,721.00625
400.823,749.25625
400.879,763.00625
400.936,708.0062500000001
400.993,748.00625
401.049,841.00625
401.105,767.75625
401.162,840.50625
401.218,772.25625
401.275,721.00625
401.331,723.25625
401.388,730.50625
401.444,789.75625
401.501,779.50625
401.557,795.25625
401.614,723.50625
401.67,810.00625
401.726,725.0062500000001
401.783,726.50625
401.839,738.25625
401.895,848.00625
401.952,887.00625
402.008,784.50625
402.064,743.00625
402.121,787.75625
402.177,766.25625
402.233,775.50625
402.29,836.75625
402.346,794.50625
402.402,777.25625
402.458,781.50625
402.515,750.50625
402.571,760.50625
402.627,752.50625
402.683,734.50625
402.74,762.50625
402.796,790.00625
402.852,729.00625
402.908,811.75625
402.964,760.50625
403.021,718.75625
403.077,810.00625
403.133,768.25625
403.189,804.75625
403.245,727.50625
403.301,773.75625
403.357,764.00625
403.414,717.00625
403.47,758.75625
403.526,739.25625
403.582,816.50625
403.638,888.00625
403.694,730.50625
403.75,768.75625
403.806,827.50625
403.862,802.25625
403.918,851.25625
403.974,782.25625
404.03,843.25625
404.086,863.75625
404.142,796.50625
404.198,761.75625
404.254,797.00625
404.31,827.50625
404.366,824.50625
404.422,821.75625
404.478,926.25625
404.534,838.75625
404.59,783.50625
404.646,878.25625
404.701,801.25625
404.757,773.00625
404.813,869.25625
404.869,832.00625
404.925,812.50625
404.981,806.00625
405.037,775.75625
405.092,788.50625
405.148,873.75625
405.204,874.00625
405.26,806.75625
405.316,865.75625
405.371,863.00625
405.427,924.25625
405.483,789.50625
405.539,803.25625
405.594,901.50625
405.65,804.00625
405.706,871.00625
405.761,824.50625
405.817,856.00625
405.873,921.75625
405.928,843.25625
405.984,836.75625
406.04,819.75625
406.095,858.00625
406.151,853.75625
406.207,815.50625
406.262,899.00625
406.318,853.75625
406.374,842.50625
406.429,832.00625
406.485,857.50625
406.54,827.25625
406.596,871.25625
406.651,867.75625
406.707,928.00625
406.763,885.50625
406.818,924.50625
406.874,837.25625
406.929,921.50625
406.985,980.7562500000001
407.04,846.25625
407.095,910.00625
407.151,936.00625
407.206,950.5062500000001
407.262,901.75625
407.317,999.5062500000001
407.373,978.25625
407.428,1017.5062500000001
407.484,944.25625
407.539,968.2562500000001
407.594,916.75625
407.65,954.2562500000001
407.705,1004.5062500000001
407.76,918.50625
407.816,894.00625
407.871,923.50625
407.926,927.00625
407.982,996.5062500000001
408.037,918.50625
408.092,964.50625
408.148,990.7562500000001
408.203,900.50625
408.258,870.75625
408.314,986.2562500000001
408.369,871.00625
408.424,907.50625
408.479,939.00625
408.534,954.7562500000001
408.59,959.5062500000001
408.645,930.50625
408.7,937.50625
408.755,926.25625
408.81,924.50625
408.866,830.75625
408.921,994.0062500000001
408.976,948.50625
409.031,956.00625
409.086,847.25625
409.141,882.75625
409.196,926.25625
409.252,881.25625
409.307,991.2562500000001
409.362,958.50625
409.417,930.25625
409.472,978.5062500000001
409.527,912.75625
409.582,903.75625
409.637,881.50625
409.692,941.0062500000001
409.747,907.50625
409.802,877.25625
409.857,876.25625
409.912,920.00625
409.967,846.50625
410.022,898.25625
410.077,945.5062500000001
410.132,941.50625
410.187,857.75625
410.242,979.5062500000001
410.297,867.00625
410.351,855.00625
410.406,996.0062500000001
410.461,918.25625
410.516,860.75625
410.571,927.00625
410.626,1033.2562500000001
410.681,853.00625
410.736,925.00625
410.79,875.75625
410.845,911.25625
410.9,966.0062500000001
410.955,893.00625
411.01,908.00625
411.064,878.00625
411.119,835.25625
411.174,926.00625
411.229,956.25625
411.283,863.25625
411.338,924.75625
411.393,953.75625
411.447,857.25625
411.502,926.25625
411.557,943.50625
411.612,943.75625
411.666,863.00625
411.721,859.00625
411.776,943.25625
411.83,953.25625
411.885,974.5062500000001
411.939,987.2562500000001
411.994,904.75625
412.049,951.00625
412.103,897.75625
412.158,869.50625
412.212,911.00625
412.267,896.25625
412.322,918.50625
412.376,879.75625
412.431,929.50625
412.485,951.2562500000001
412.54,869.50625
412.594,971.7562500000001
412.649,938.75625
412.703,912.75625
412.758,900.50625
412.812,918.75625
412.866,888.50625
412.921,853.75625
412.975,899.75625
413.03,851.00625
413.084,970.2562500000001
413.139,918.25625
413.193,941.75625
413.247,969.75625
413.302,868.75625
413.356,992.0062500000001
413.41,930.25625
413.465,1004.2562500000001
413.519,920.75625
413.573,912.00625
413.628,890.50625
413.682,933.00625
413.736,871.00625
413.791,832.00625
413.845,974.2562500000001
413.899,896.50625
413.953,878.00625
414.008,902.75625
414.062,908.50625
414.116,973.0062500000001
414.17,877.25625
414.225,982.2562500000001
414.279,976.25625
414.333,911.75625
414.387,984.5062500000001
414.441,874.25625
414.496,877.75625
414.55,902.50625
414.604,921.25625
414.658,934.75625
414.712,972.00625
414.766,940.00625
414.82,894.00625
414.874,890.00625
414.928,874.75625
414.982,914.75625
415.037,874.50625
415.091,946.75625
415.145,974.7562500000001
415.199,894.25625
415.253,911.75625
415.307,924.25625
415.361,961.75625
415.415,886.00625
415.469,911.50625
415.523,991.7562500000001
415.577,915.00625
415.631,891.75625
415.684,922.25625
415.738,937.75625
415.792,934.75625
415.846,942.25625
415.9,940.25625
415.954,917.50625
416.008,952.50625
416.062,891.75625
416.116,888.50625
416.169,909.00625
416.223,907.75625
416.277,889.25625
416.331,922.25625
416.385,929.50625
416.439,885.75625
416.492,876.75625
416.546,872.25625
416.6,844.00625
416.654,857.00625
416.707,852.75625
416.761,867.75625
416.815,968.0062500000001
416.869,987.7562500000001
416.922,927.00625
416.976,950.75625
417.03,804.75625
417.083,817.75625
417.137,964.0062500000001
417.191,887.00625
417.244,891.25625
417.298,878.75625
417.352,950.7562500000001
417.405,887.75625
417.459,874.00625
417.512,941.00625
417.566,847.50625
417.62,923.75625
417.673,973.2562500000001
417.727,933.50625
417.78,976.0062500000001
417.834,965.50625
417.887,898.25625
417.941,1016.5062500000001
417.994,880.25625
418.048,927.25625
418.101,962.00625
418.155,970.5062500000001
418.208,945.25625
418.262,877.50625
418.315,923.50625
418.369,930.00625
418.422,972.2562500000001
418.476,909.00625
418.529,867.00625
418.582,868.75625
418.636,902.00625
418.689,923.00625
418.743,927.00625
418.796,897.00625
418.849,908.00625
418.903,935.75625
418.956,950.50625
419.009,860.50625
419.063,953.50625
419.116,882.25625
419.169,845.00625
419.222,968.75625
419.276,887.25625
419.329,868.00625
419.382,896.75625
419.435,935.75625
419.489,800.25625
419.542,910.00625
419.595,921.50625
419.648,932.25625
419.701,935.7562500000001
419.755,893.75625
419.808,905.25625
419.861,886.25625
419.914,906.50625
419.967,875.25625
420.02,911.75625
420.073,844.00625
420.127,866.25625
420.18,872.25625
420.233,835.50625
420.286,871.00625
420.339,910.75625
420.392,795.00625
420.445,933.25625
420.498,883.25625
420.551,853.25625
420.604,818.25625
420.657,820.00625
420.71,882.50625
420.763,869.50625
420.816,872.25625
420.869,867.50625
420.922,885.00625
420.975,874.75625
421.028,839.75625
421.081,901.50625
421.134,804.75625
421.187,860.75625
421.239,922.25625
421.292,807.75625
421.345,874.75625
421.398,876.25625
421.451,897.50625
421.504,893.75625
421.557,802.25625
421.609,870.50625
421.662,875.25625
421.715,821.50625
421.768,863.75625
421.821,860.00625
421.873,843.00625
421.926,836.00625
421.979,833.00625
422.032,801.75625
422.084,885.75625
422.137,834.25625
422.19,764.00625
422.243,893.75625
422.295,832.25625
422.348,797.25625
422.401,813.00625
422.453,899.75625
422.506,822.25625
422.559,811.25625
422.611,862.50625
422.664,933.2562500000001
422.716,932.2562500000001
422.769,899.25625
422.822,803.25625
422.874,833.00625
422.927,828.00625
422.979,863.00625
423.032,785.25625
423.084,840.00625
423.137,933.75625
423.189,846.00625
423.242,789.00625
423.294,848.00625
423.347,837.50625
423.399,836.25625
423.452,798.25625
423.504,835.50625
423.557,755.50625
423.609,847.75625
423.662,851.25625
423.714,806.00625
423.766,783.50625
423.819,839.25625
423.871,841.25625
423.923,882.50625
423.976,828.75625
424.028,832.00625
424.081,777.00625
424.133,786.00625
424.185,791.00625
424.238,869.75625
424.29,805.00625
424.342,816.00625
424.394,791.75625
424.447,801.50625
424.499,825.75625
424.551,914.00625
424.603,854.00625
424.656,791.25625
424.708,770.50625
424.76,801.25625
424.812,823.50625
424.864,853.75625
424.917,787.50625
424.969,814.25625
425.021,820.50625
425.073,811.75625
425.125,790.25625
425.177,759.00625
425.229,774.25625
425.282,785.00625
425.334,781.75625
425.386,819.00625
425.438,763.25625
425.49,768.25625
425.542,834.25625
425.594,762.75625
425.646,812.00625
425.698,724.00625
425.75,843.25625
425.802,794.75625
425.854,763.25625
425.906,812.00625
425.958,745.00625
426.01,716.00625
426.062,776.50625
426.114,765.00625
426.166,776.00625
426.218,737.50625
426.27,803.25625
426.321,744.25625
426.373,785.75625
426.425,804.00625
426.477,727.50625
426.529,719.50625
426.581,779.50625
426.633,751.75625
426.684,735.00625
426.736,719.25625
426.788,793.00625
426.84,837.00625
426.892,761.25625
426.943,714.50625
426.995,742.50625
427.047,697.0062500000001
427.099,748.50625
427.15,789.00625
427.202,735.25625
427.254,760.25625
427.306,722.75625
427.357,772.25625
427.409,799.50625
427.461,728.0062500000001
427.512,731.00625
427.564,798.50625
427.616,743.00625
427.667,764.00625
427.719,770.75625
427.77,702.00625
427.822,746.25625
427.874,724.50625
427.925,732.50625
427.977,752.25625
428.028,667.2562500000001
428.08,810.75625
428.131,697.2562500000001
428.183,729.50625
428.234,762.25625
428.286,739.25625
428.337,750.00625
428.389,776.50625
428.44,709.00625
428.492,760.75625
428.543,755.00625
428.595,706.0062500000001
428.646,740.50625
428.697,732.25625
428.749,740.25625
428.8,721.2562500000001
428.852,691.5062500000001
428.903,703.75625
428.954,763.50625
429.006,660.0062500000001
429.057,739.75625
429.108,836.25625
429.16,725.50625
429.211,784.00625
429.262,673.2562500000001
429.314,767.50625
429.365,742.75625
429.416,769.75625
429.467,766.25625
429.519,696.5062500000001
429.57,786.50625
429.621,701.0062500000001
429.672,708.2562500000001
429.724,746.25625
429.775,761.50625
429.826,727.50625
429.877,648.0062500000001
429.928,736.50625
429.98,727.00625
430.031,721.75625
430.082,694.5062500000001
430.133,733.75625
430.184,681.2562500000001
430.235,734.00625
430.286,731.75625
430.337,683.5062500000001
430.388,669.2562500000001
430.439,692.2562500000001
430.49,726.50625
430.542,697.2562500000001
430.593,698.0062500000001
430.644,659.0062500000001
430.695,704.0062500000001
430.746,671.5062500000001
430.797,769.00625
430.848,703.5062500000001
430.898,717.75625
430.949,659.5062500000001
431.0,680.0062500000001
431.051,764.75625
431.102,673.7562500000001
431.153,707.0062500000001
431.204,746.25625
431.255,698.5062500000001
431.306,771.75625
431.357,714.25625
431.408,735.75625
431.458,694.0062500000001
431.509,712.00625
431.56,673.2562500000001
431.611,734.25625
431.662,742.75625
431.713,744.00625
431.763,735.25625
431.814,718.00625
431.865,693.7562500000001
431.916,723.7562500000001
431.966,694.2562500000001
432.017,654.0062500000001
432.068,718.75625
432.118,732.25625
432.169,674.2562500000001
432.22,674.5062500000001
432.271,757.75625
432.321,700.2562500000001
432.372,674.0062500000001
432.423,666.5062500000001
432.473,757.25625
432.524,710.50625
432.574,693.5062500000001
432.625,702.50625
432.676,691.7562500000001
432.726,736.00625
432.777,634.5062500000001
432.827,744.00625
432.878,700.25625
432.928,679.5062500000001
432.979,712.0062500000001
433.029,660.7562500000001
433.08,670.0062500000001
433.13,668.5062500000001
433.181,708.7562500000001
433.231,693.7562500000001
433.282,684.5062500000001
433.332,699.5062500000001
433.383,709.7562500000001
433.433,666.7562500000001
433.484,700.2562500000001
433.534,698.5062500000001
433.585,681.7562500000001
433.635,701.7562500000001
433.685,735.25625
433.736,665.5062500000001
433.786,683.5062500000001
433.836,731.75625
433.887,654.7562500000001
433.937,697.0062500000001
433.987,647.5062500000001
434.038,676.2562500000001
434.088,656.7562500000001
434.138,681.7562500000001
434.189,664.2562500000001
434.239,690.7562500000001
434.289,637.2562500000001
434.339,634.0062500000001
434.389,643.7562500000001
434.44,733.50625
434.49,703.7562500000001
434.54,725.00625
434.59,715.5062500000001
434.64,708.00625
434.691,746.75625
434.741,748.25625
434.791,680.5062500000001
434.841,705.0062500000001
434.891,655.0062500000001
434.941,741.75625
434.991,702.5062500000001
435.042,673.7562500000001
435.092,726.50625
435.142,681.7562500000001
435.192,732.00625
435.242,730.50625
435.292,722.25625
435.342,625.2562500000001
435.392,723.25625
435.442,627.0062500000001
435.492,746.25625
435.542,689.0062500000001
435.592,694.5062500000001
435.642,673.0062500000001
435.692,649.2562500000001
435.742,691.0062500000001
435.792,650.0062500000001
435.842,631.5062500000001
435.891,687.7562500000001
435.941,674.5062500000001
435.991,596.5062500000001
436.041,766.00625
436.091,685.7562500000001
436.141,685.0062500000001
436.191,648.0062500000001
436.241,666.5062500000001
436.29,670.5062500000001
436.34,665.7562500000001
436.39,751.25625
436.44,613.5062500000001
436.49,664.5062500000001
436.539,605.0062500000001
436.589,640.2562500000001
436.639,640.5062500000001
436.689,618.2562500000001
436.738,662.0062500000001
436.788,633.5062500000001
436.838,622.7562500000001
436.887,666.2562500000001
436.937,643.0062500000001
436.987,598.5062500000001
437.036,658.7562500000001
437.086,650.2562500000001
437.136,697.5062500000001
437.185,627.0062500000001
437.235,624.2562500000001
437.285,572.7562500000001
437.334,607.5062500000001
437.384,609.2562500000001
437.433,649.0062500000001
437.483,634.5062500000001
437.532,607.2562500000001
437.582,627.0062500000001
437.631,677.0062500000001
437.681,638.5062500000001
437.73,621.2562500000001
437.78,545.00625
437.829,572.0062500000001
437.879,579.2562500000001
437.928,566.7562500000001
437.978,634.0062500000001
438.027,627.2562500000001
438.077,553.0062500000001
438.126,662.2562500000001
438.176,607.0062500000001
438.225,589.7562500000001
438.274,624.0062500000001
438.324,594.2562500000001
438.373,629.5062500000001
438.422,624.7562500000001
438.472,603.7562500000001
438.521,615.5062500000001
438.57,645.2562500000001
438.62,661.2562500000001
438.669,600.7562500000001
438.718,611.7562500000001
438.768,580.50625
438.817,573.00625
438.866,622.7562500000001
438.915,632.2562500000001
438.965,687.2562500000001
439.014,641.0062500000001
439.063,682.2562500000001
439.112,623.2562500000001
439.162,620.0062500000001
439.211,618.5062500000001
439.26,619.5062500000001
439.309,611.5062500000001
439.358,620.5062500000001
439.407,608.5062500000001
439.456,615.5062500000001
439.506,602.5062500000001
439.555,634.7562500000001
439.604,595.2562500000001
439.653,578.7562500000001
439.702,593.7562500000001
439.751,573.5062500000001
439.8,544.25625
439.849,664.0062500000001
439.898,612.5062500000001
439.947,594.7562500000001
439.996,582.5062500000001
440.045,631.0062500000001
440.094,645.0062500000001
440.143,611.7562500000001
440.192,589.7562500000001
440.241,596.7562500000001
440.29,612.0062500000001
440.339,598.0062500000001
440.388,615.2562500000001
440.437,593.7562500000001
440.486,595.2562500000001
440.535,598.7562500000001
440.583,575.2562500000001
440.632,574.5062500000001
440.681,585.0062500000001
440.73,635.0062500000001
440.779,628.2562500000001
440.828,657.0062500000001
440.876,610.7562500000001
440.925,589.5062500000001
440.974,587.2562500000001
441.023,669.2562500000001
441.072,624.2562500000001
441.12,577.2562500000001
441.169,676.0062500000001
441.218,611.5062500000001
441.267,612.0062500000001
441.315,609.0062500000001
441.364,569.50625
441.413,648.0062500000001
441.461,632.2562500000001
441.51,584.0062500000001
441.559,682.0062500000001
441.607,677.2562500000001
441.656,633.7562500000001
441.705,658.0062500000001
441.753,649.5062500000001
441.802,634.0062500000001
441.85,648.5062500000001
441.899,667.2562500000001
441.948,634.5062500000001
441.996,616.5062500000001
442.045,618.5062500000001
442.093,593.2562500000001
442.142,569.0062500000001
442.19,585.7562500000001
442.239,632.5062500000001
442.287,662.5062500000001
442.336,695.0062500000001
442.384,634.7562500000001
442.433,612.7562500000001
442.481,642.7562500000001
442.529,614.5062500000001
442.578,612.2562500000001
442.626,640.2562500000001
442.675,584.7562500000001
442.723,593.00625
442.771,653.7562500000001
442.82,641.5062500000001
442.868,675.0062500000001
442.917,621.2562500000001
442.965,597.0062500000001
443.013,595.7562500000001
443.062,586.2562500000001
443.11,611.0062500000001
443.158,646.0062500000001
443.206,642.2562500000001
443.255,624.0062500000001
443.303,614.5062500000001
443.351,555.2562500000001
443.399,646.0062500000001
443.448,629.5062500000001
443.496,560.0062500000001
443.544,607.0062500000001
443.592,586.0062500000001
443.64,607.2562500000001
443.689,597.7562500000001
443.737,631.5062500000001
443.785,611.0062500000001
443.833,602.2562500000001
443.881,622.5062500000001
443.929,602.7562500000001
443.977,586.2562500000001
444.025,583.2562500000001
444.074,652.5062500000001
444.122,630.7562500000001
444.17,669.7562500000001
444.218,619.5062500000001
444.266,658.7562500000001
444.314,663.2562500000001
444.362,618.7562500000001
444.41,683.7562500000001
444.458,670.2562500000001
444.506,589.2562500000001
444.554,662.0062500000001
444.602,676.2562500000001
444.65,679.7562500000001
444.698,626.0062500000001
444.746,615.5062500000001
444.793,641.2562500000001
444.841,615.5062500000001
444.889,676.2562500000001
444.937,593.2562500000001
444.985,697.5062500000001
445.033,586.7562500000001
445.081,664.0062500000001
445.129,622.5062500000001
445.176,676.2562500000001
445.224,623.7562500000001
445.272,592.7562500000001
445.32,599.7562500000001
445.368,665.2562500000001
445.415,608.0062500000001
445.463,610.2562500000001
445.511,673.2562500000001
445.559,613.2562500000001
445.606,715.50625
445.654,647.7562500000001
445.702,682.2562500000001
445.749,650.7562500000001
445.797,657.0062500000001
445.845,686.7562500000001
445.892,695.2562500000001
445.94,637.0062500000001
445.988,586.2562500000001
446.035,673.2562500000001
446.083,657.7562500000001
446.13,609.0062500000001
446.178,622.7562500000001
446.226,628.2562500000001
446.273,658.0062500000001
446.321,642.0062500000001
446.368,654.2562500000001
446.416,647.2562500000001
446.463,637.0062500000001
446.511,622.7562500000001
446.558,589.2562500000001
446.606,643.0062500000001
446.653,712.5062500000001
446.701,657.7562500000001
446.748,653.7562500000001
446.796,643.5062500000001
446.843,695.0062500000001
446.891,600.2562500000001
446.938,698.2562500000001
446.985,688.2562500000001
447.033,674.7562500000001
447.08,664.2562500000001
447.128,649.5062500000001
447.175,718.50625
447.222,658.2562500000001
447.27,649.7562500000001
447.317,693.7562500000001
447.364,642.0062500000001
447.411,626.7562500000001
447.459,680.0062500000001
447.506,686.7562500000001
447.553,687.2562500000001
447.601,711.7562500000001
447.648,692.2562500000001
447.695,750.00625
447.742,726.25625
447.789,716.50625
447.837,739.75625
447.884,726.00625
447.931,802.75625
447.978,699.0062500000001
448.025,749.00625
448.072,708.25625
448.12,782.25625
448.167,763.50625
448.214,834.00625
448.261,702.2562500000001
448.308,776.50625
448.355,746.50625
448.402,761.00625
448.449,699.75625
448.496,790.50625
448.543,707.50625
448.59,708.75625
448.637,720.50625
448.684,654.7562500000001
448.731,719.50625
448.778,728.25625
448.825,678.5062500000001
448.872,691.5062500000001
448.919,650.5062500000001
448.966,637.0062500000001
449.013,648.5062500000001
449.06,636.7562500000001
449.107,601.7562500000001
449.154,657.0062500000001
449.2,660.2562500000001
449.247,564.5062500000001
449.294,604.7562500000001
449.341,594.7562500000001
449.388,635.7562500000001
449.435,604.5062500000001
449.481,575.0062500000001
449.528,608.2562500000001
449.575,651.7562500000001
449.622,634.2562500000001
449.668,629.2562500000001
449.715,618.5062500000001
449.762,600.0062500000001
449.809,619.0062500000001
449.855,619.5062500000001
449.902,634.7562500000001
449.949,611.0062500000001
449.995,633.7562500000001
450.042,617.7562500000001
450.089,610.0062500000001
450.135,588.5062500000001
450.182,537.25625
450.229,555.75625
450.275,614.5062500000001
450.322,641.5062500000001
450.368,570.2562500000001
450.415,610.0062500000001
450.462,608.0062500000001
450.508,579.5062500000001
450.555,599.7562500000001
450.601,631.0062500000001
450.648,600.0062500000001
450.694,625.2562500000001
450.741,581.0062500000001
450.787,569.0062500000001
450.834,510.00625
450.88,539.75625
450.927,592.0062500000001
450.973,570.2562500000001
451.019,591.0062500000001
451.066,573.2562500000001
451.112,563.2562500000001
451.159,599.5062500000001
451.205,552.7562500000001
451.251,604.5062500000001
451.298,592.2562500000001
451.344,534.00625
451.39,579.7562500000001
451.437,552.2562500000001
451.483,505.7562500000001
451.529,540.50625
451.576,578.5062500000001
451.622,580.2562500000001
451.668,602.2562500000001
451.714,569.7562500000001
451.761,538.2562500000001
451.807,540.2562500000001
451.853,576.0062500000001
451.899,582.0062500000001
451.945,576.7562500000001
451.992,589.0062500000001
452.038,510.50625
452.084,506.00625
452.13,568.2562500000001
452.176,590.2562500000001
452.222,607.7562500000001
452.268,558.50625
452.315,520.50625
452.361,560.50625
452.407,591.0062500000001
452.453,528.25625
452.499,534.5062500000001
452.545,544.00625
452.591,541.0062500000001
452.637,515.75625
452.683,489.50625
452.729,599.0062500000001
452.775,521.75625
452.821,556.7562500000001
452.867,516.50625
452.913,579.5062500000001
452.959,631.7562500000001
453.005,513.25625
453.051,614.2562500000001
453.097,610.0062500000001
453.142,575.00625
453.188,559.00625
453.234,525.50625
453.28,582.50625
453.326,558.50625
453.372,584.00625
453.418,558.25625
453.463,563.00625
453.509,557.25625
453.555,533.75625
453.601,544.50625
453.647,547.0062500000001
453.692,518.25625
453.738,516.75625
453.784,545.25625
453.829,507.00625
453.875,551.75625
453.921,547.50625
453.967,538.25625
454.012,517.50625
454.058,593.5062500000001
454.104,582.0062500000001
454.149,516.50625
454.195,516.00625
454.24,575.7562500000001
454.286,514.75625
454.332,546.75625
454.377,529.25625
454.423,501.50625
454.468,522.75625
454.514,545.0062500000001
454.559,569.25625
454.605,562.25625
454.65,638.0062500000001
454.696,523.25625
454.741,548.00625
454.787,573.0062500000001
454.832,503.50625
454.878,543.25625
454.923,563.0062500000001
454.969,589.50625
455.014,558.0062500000001
455.06,561.75625
455.105,498.50625
455.15,542.7562500000001
455.196,530.7562500000001
455.241,570.5062500000001
455.286,513.00625
455.332,534.00625
455.377,510.75625
455.422,548.0062500000001
455.468,491.75625
455.513,517.50625
455.558,511.50625
455.604,538.25625
455.649,531.25625
455.694,504.75625
455.739,502.00625
455.785,494.25625
455.83,512.00625
455.875,545.00625
455.92,554.25625
455.965,513.25625
456.01,573.5062500000001
456.056,520.00625
456.101,526.25625
456.146,516.00625
456.191,525.25625
456.236,591.2562500000001
456.281,574.00625
456.326,544.50625
456.371,579.50625
456.416,551.2562500000001
456.461,548.0062500000001
456.507,517.50625
456.552,538.7562500000001
456.597,493.75625
456.642,501.50625
456.687,560.5062500000001
456.732,478.00625
456.776,557.7562500000001
456.821,561.00625
456.866,531.75625
456.911,512.75625
456.956,487.00625
457.001,554.7562500000001
457.046,620.0062500000001
457.091,554.25625
457.136,539.25625
457.181,543.50625
457.225,578.7562500000001
457.27,515.75625
457.315,587.0062500000001
457.36,533.00625
457.405,560.00625
457.45,519.25625
457.494,563.75625
457.539,518.75625
457.584,524.50625
457.629,557.25625
457.673,512.50625
457.718,530.50625
457.763,541.00625
457.807,494.75625
457.852,544.00625
457.897,523.75625
457.941,514.75625
457.986,548.25625
458.031,635.5062500000001
458.075,525.5062500000001
458.12,491.25625
458.165,566.25625
458.209,559.2562500000001
458.254,515.25625
458.298,533.25625
458.343,534.5062500000001
458.387,550.0062500000001
458.432,553.50625
458.476,560.0062500000001
458.521,560.50625
458.565,536.0062500000001
458.61,563.75625
458.654,549.0062500000001
458.699,512.75625
458.743,534.50625
458.788,639.0062500000001
458.832,539.25625
458.877,551.50625
458.921,621.2562500000001
458.965,556.5062500000001
459.01,532.0062500000001
459.054,564.0062500000001
459.099,546.2562500000001
459.143,586.5062500000001
459.187,553.0062500000001
459.231,553.25625
459.276,558.75625
459.32,539.5062500000001
459.364,535.50625
459.409,574.0062500000001
459.453,560.25625
459.497,601.2562500000001
459.541,601.7562500000001
459.586,597.0062500000001
459.63,563.7562500000001
459.674,556.50625
459.718,512.0062500000001
459.762,525.25625
459.807,538.25625
459.851,572.7562500000001
459.895,569.00625
459.939,641.0062500000001
459.983,653.2562500000001
460.027,551.0062500000001
460.071,548.5062500000001
460.115,604.2562500000001
460.159,571.7562500000001
460.204,555.2562500000001
460.248,592.5062500000001
460.292,571.2562500000001
460.336,613.5062500000001
460.38,602.0062500000001
460.424,602.5062500000001
460.468,562.5062500000001
460.512,585.5062500000001
460.556,611.0062500000001
460.599,620.2562500000001
460.643,578.5062500000001
460.687,530.25625
460.731,571.7562500000001
460.775,557.0062500000001
460.819,528.00625
460.863,600.0062500000001
460.907,566.00625
460.951,575.7562500000001
460.995,601.7562500000001
461.038,598.7562500000001
461.082,559.2562500000001
461.126,575.0062500000001
461.17,559.5062500000001
461.214,596.5062500000001
461.257,548.7562500000001
461.301,536.5062500000001
461.345,549.7562500000001
461.389,630.0062500000001
461.432,596.2562500000001
461.476,623.7562500000001
461.52,530.7562500000001
461.563,579.0062500000001
461.607,550.2562500000001
461.651,654.5062500000001
461.694,577.2562500000001
461.738,522.25625
461.782,556.0062500000001
461.825,561.0062500000001
461.869,590.2562500000001
461.913,625.5062500000001
461.956,587.00625
462.0,569.5062500000001
462.043,599.7562500000001
462.087,615.0062500000001
462.13,603.5062500000001
462.174,580.0062500000001
462.217,649.0062500000001
462.261,618.2562500000001
462.304,635.0062500000001
462.348,607.5062500000001
462.391,620.0062500000001
462.435,625.2562500000001
462.478,550.5062500000001
462.522,620.5062500000001
462.565,657.2562500000001
462.608,617.5062500000001
462.652,617.5062500000001
462.695,588.2562500000001
462.739,677.2562500000001
462.782,578.0062500000001
462.825,604.7562500000001
462.869,615.7562500000001
462.912,595.2562500000001
462.955,633.0062500000001
462.998,615.5062500000001
463.042,684.2562500000001
463.085,599.7562500000001
463.128,631.0062500000001
463.172,581.2562500000001
453.18,836.1687499999998
453.319,961.1687499999999
453.458,999.66875
453.596,935.1687499999999
453.735,980.91875
453.873,945.9187499999999
454.012,1013.41875
454.15,998.66875
454.289,1030.41875
454.427,1034.91875
454.566,1014.66875
454.704,1039.41875
454.843,1089.16875
454.981,1033.4187499999998
455.12,1047.66875
455.258,1097.66875
455.397,1078.41875
455.535,1181.16875
455.674,1093.16875
455.812,1162.16875
455.951,1105.66875
456.089,1259.16875
456.227,1139.16875
456.366,1112.91875
456.504,1133.41875
456.642,1261.66875
456.781,1169.41875
456.919,1188.91875
457.057,1296.41875
457.196,1149.91875
457.334,1191.66875
457.472,1223.16875
457.61,1249.66875
457.749,1334.16875
457.887,1252.41875
458.025,1365.91875
458.163,1403.41875
458.301,1415.66875
458.44,1389.66875
458.578,1577.66875
458.716,1522.66875
458.854,1383.91875
458.992,1582.66875
459.13,1375.16875
459.269,1483.66875
459.407,1554.41875
459.545,1519.91875
459.683,1569.16875
459.821,1562.16875
459.959,1665.16875
460.097,1558.41875
460.235,1549.16875
460.373,1516.41875
460.511,1545.91875
460.649,1681.41875
460.787,1535.66875
460.925,1723.91875
461.063,1605.91875
461.201,1602.41875
461.339,1741.41875
461.477,1674.41875
461.615,1647.91875
461.753,1747.16875
461.891,1709.41875
462.029,1731.16875
462.166,1763.66875
462.304,1702.91875
462.442,1809.41875
462.58,1726.91875
462.718,1776.16875
462.856,1744.41875
462.993,1622.91875
463.131,1642.41875
463.269,1640.16875
463.407,1662.91875
463.545,1702.16875
463.682,1736.91875
463.82,1737.91875
463.958,1858.16875
464.095,1956.16875
464.233,2009.91875
464.371,1858.66875
464.509,1996.16875
464.646,2021.66875
464.784,1961.91875
464.921,1959.66875
465.059,1835.91875
465.197,1889.66875
465.334,1808.16875
465.472,1739.41875
465.609,1834.41875
465.747,1850.41875
465.885,1820.16875
466.022,1824.16875
466.16,1810.41875
466.297,1857.41875
466.435,1813.16875
466.572,1795.91875
466.71,1785.91875
466.847,1755.66875
466.985,1832.16875
467.122,1840.91875
467.26,1748.66875
467.397,1766.66875
467.534,1792.16875
467.672,1780.41875
467.809,1731.41875
467.947,1909.66875
468.084,1855.41875
468.221,1838.91875
468.359,1794.66875
468.496,1684.66875
468.633,1719.91875
468.771,1884.91875
468.908,1749.41875
469.045,1821.41875
469.183,1850.66875
469.32,1777.41875
469.457,1788.66875
469.594,1719.66875
469.732,1848.66875
469.869,1838.16875
470.006,1804.41875
470.143,1851.16875
470.28,1985.16875
470.417,1959.66875
470.555,1863.41875
470.692,1817.91875
470.829,1824.91875
470.966,1828.66875
471.103,1899.16875
471.24,1781.16875
471.377,1769.16875
471.514,1786.41875
471.651,1880.66875
471.789,1814.41875
471.926,1881.41875
472.063,1802.16875
472.2,1792.91875
472.337,1747.16875
472.474,1777.91875
472.611,1744.66875
472.748,1744.91875
472.884,1740.66875
473.021,1767.41875
473.158,1750.16875
473.295,1839.16875
473.432,1911.41875
473.569,1802.41875
473.706,1830.91875
473.843,1729.41875
473.98,1800.41875
474.117,1820.41875
474.253,1782.41875
474.39,1657.66875
474.527,1737.91875
474.664,1755.16875
474.801,1808.41875
474.937,1969.66875
475.074,1892.66875
475.211,1787.16875
475.348,1759.91875
475.484,1821.91875
475.621,1818.91875
475.758,1754.91875
475.894,1784.41875
476.031,1858.91875
476.168,1751.41875
476.304,1756.66875
476.441,1804.66875
476.578,1737.91875
476.714,1892.41875
476.851,1807.66875
476.987,1885.66875
477.124,1839.16875
477.261,1767.16875
477.397,1833.41875
477.534,1822.16875
477.67,1751.41875
477.807,1760.41875
477.943,2095.91875
478.08,1809.66875
478.216,2000.91875
478.353,1840.91875
478.489,1885.41875
478.626,1962.91875
478.762,1989.16875
478.898,2036.66875
479.035,1984.16875
479.171,1839.66875
479.308,1934.91875
479.444,1987.91875
479.58,1830.66875
479.717,1983.41875
479.853,2027.16875
479.989,2013.91875
480.126,2050.41875
480.262,2003.16875
480.398,2005.41875
480.535,2046.16875
480.671,1955.41875
480.807,2021.16875
480.943,1992.41875
481.08,1923.91875
481.216,1972.66875
481.352,1962.16875
481.488,2005.91875
481.624,2097.16875
481.76,2032.91875
481.897,1936.91875
482.033,1974.91875
482.169,1992.16875
482.305,1929.91875
482.441,2057.41875
482.577,1962.66875
482.713,1939.66875
482.849,1929.91875
482.985,1941.41875
483.121,1974.16875
483.258,1932.16875
483.394,2146.66875
483.53,2024.41875
483.665,2078.41875
483.801,1981.41875
483.937,1990.41875
484.073,1879.66875
484.209,1991.66875
484.345,2031.91875
484.481,2097.66875
484.617,1997.66875
484.753,2129.91875
484.889,1999.66875
485.025,1991.41875
485.161,2109.91875
485.296,1912.16875
485.432,2063.66875
485.568,1942.66875
485.704,2064.91875
485.84,2006.16875
485.975,2089.91875
486.111,1971.66875
486.247,2155.41875
486.383,2001.41875
486.518,2068.41875
486.654,2048.41875
486.79,2085.41875
486.926,2148.66875
487.061,2119.91875
487.197,2059.91875
487.333,1956.16875
487.468,2014.16875
487.604,2002.66875
487.74,2019.16875
487.875,2114.16875
488.011,2031.41875
488.146,2100.66875
488.282,2023.16875
488.417,2060.41875
488.553,2009.91875
488.688,1951.91875
488.824,2072.16875
488.96,2098.91875
489.095,2113.41875
489.23,1953.91875
489.366,2016.16875
489.501,2096.91875
489.637,2090.66875
489.772,2076.66875
489.908,2210.91875
490.043,2024.66875
490.178,2084.66875
490.314,2133.16875
490.449,1947.41875
490.585,2152.91875
490.72,2017.66875
490.855,2151.16875
490.991,2172.91875
491.126,2259.66875
491.261,2306.66875
491.396,2252.66875
491.532,2179.91875
491.667,2211.91875
491.802,2158.91875
491.937,2217.16875
492.073,2169.66875
492.208,2166.91875
492.343,2119.41875
492.478,2224.66875
492.613,2249.41875
492.749,2140.66875
492.884,2138.16875
493.019,2060.66875
493.154,2101.16875
493.289,2184.41875
493.424,2228.91875
493.559,2086.91875
493.694,2226.16875
493.829,2184.41875
493.964,2131.16875
494.099,2088.16875
494.234,2258.16875
494.369,2204.41875
494.504,2182.91875
494.639,2094.41875
494.774,2154.41875
494.909,2169.91875
495.044,2279.91875
495.179,2179.66875
495.314,2147.41875
495.449,2159.66875
495.584,2181.16875
495.719,2208.91875
495.854,2292.16875
495.988,2299.91875
496.123,2275.66875
496.258,2275.91875
496.393,2218.91875
496.528,2381.91875
496.663,2284.91875
496.797,2253.16875
496.932,2450.91875
497.067,2431.66875
497.202,2480.41875
497.336,2547.91875
497.471,2612.41875
497.606,2597.41875
497.74,2668.66875
497.875,2762.66875
498.01,2940.16875
498.144,3021.91875
498.279,3241.66875
498.414,3113.91875
498.548,3090.16875
498.683,3178.66875
498.817,2991.16875
498.952,2906.91875
499.087,2960.91875
499.221,2904.41875
499.356,2863.16875
499.49,3160.41875
499.625,3193.66875
499.759,3012.41875
499.894,3284.16875
500.028,3323.91875
500.162,3122.41875
500.297,3389.16875
500.431,3218.41875
500.566,3366.16875
500.7,3384.91875
500.835,3113.91875
500.969,3237.91875
501.103,3134.91875
501.238,3129.16875
501.372,3072.41875
501.506,2767.41875
501.641,2833.16875
501.775,2798.91875
501.909,2791.91875
502.043,2469.91875
502.178,2573.41875
502.312,2482.91875
502.446,2359.66875
502.58,2445.91875
502.715,2488.91875
502.849,2459.41875
502.983,2439.91875
503.117,2333.66875
503.251,2263.16875
503.385,2317.66875
503.52,2332.41875
503.654,2293.91875
503.788,2258.16875
503.922,2254.91875
504.056,2138.66875
504.19,2055.91875
504.324,2156.16875
504.458,2187.66875
504.592,2079.16875
504.726,2055.16875
504.86,2020.66875
504.994,1946.41875
505.128,1997.66875
505.262,2009.66875
505.396,2015.41875
505.53,1826.66875
505.664,1948.16875
505.798,1835.91875
505.932,1853.16875
506.066,1877.91875
506.199,1798.91875
506.333,1725.41875
506.467,1807.41875
506.601,1897.91875
506.735,1816.66875
506.869,1736.16875
507.002,1803.91875
507.136,1677.41875
507.27,1821.41875
507.404,1782.66875
507.537,1823.41875
507.671,1704.66875
507.805,1703.66875
507.939,1749.91875
508.072,1683.66875
508.206,1773.16875
508.34,1759.66875
508.473,1765.16875
508.607,1715.16875
508.74,1737.16875
508.874,1676.66875
509.008,1650.41875
509.141,1820.66875
509.275,1724.91875
509.408,1651.66875
509.542,1588.16875
509.675,1668.41875
509.809,1588.41875
509.942,1710.66875
510.076,1541.41875
510.209,1690.91875
510.343,1576.41875
510.476,1583.16875
510.61,1664.91875
510.743,1618.66875
510.877,1596.66875
511.01,1508.66875
511.143,1508.66875
511.277,1533.91875
511.41,1649.66875
511.543,1562.16875
511.677,1644.66875
511.81,1542.66875
511.943,1660.91875
512.077,1621.66875
512.21,1539.91875
512.343,1577.91875
512.476,1626.66875
512.61,1581.16875
512.743,1593.91875
512.876,1630.66875
513.009,1623.66875
513.142,1660.66875
513.276,1644.41875
513.409,1540.41875
513.542,1596.16875
513.675,1604.91875
513.808,1484.66875
513.941,1673.41875
514.074,1515.66875
514.207,1552.41875
514.34,1612.66875
514.474,1661.66875
514.607,1629.41875
514.74,1688.66875
514.873,1741.91875
515.006,1790.16875
515.139,1732.91875
515.272,1772.66875
515.404,1860.16875
515.537,1874.91875
515.67,1760.66875
515.803,1785.16875
515.936,1684.66875
516.069,1770.41875
516.202,1785.91875
516.335,1690.41875
516.468,1888.66875
516.6,2017.16875
516.733,2510.91875
516.866,2673.91875
516.999,2280.41875
517.132,2733.91875
517.264,3910.41875
517.397,4157.16875
517.53,3098.16875
517.663,2430.16875
517.795,2211.91875
517.928,2083.41875
518.061,2191.41875
518.193,2668.91875
518.326,4796.16875
518.459,5568.16875
518.591,4158.16875
518.724,2676.16875
518.857,2261.91875
518.989,2126.41875
519.122,2002.91875
519.254,1946.91875
519.387,1722.91875
519.519,1830.41875
519.652,1737.16875
519.784,1726.41875
519.917,1650.41875
520.049,1654.16875
520.182,1721.16875
520.314,1593.91875
520.447,1663.91875
520.579,1639.41875
520.712,1532.41875
520.844,1595.41875
520.976,1542.41875
521.109,1536.16875
521.241,1467.91875
521.373,1437.91875
521.506,1501.91875
521.638,1377.16875
521.77,1587.41875
521.903,1454.41875
522.035,1357.91875
522.167,1442.66875
522.3,1455.16875
522.432,1374.16875
522.564,1464.91875
522.696,1399.16875
522.828,1472.16875
522.961,1372.16875
523.093,1466.91875
523.225,1342.66875
523.357,1388.91875
523.489,1305.91875
523.621,1323.16875
523.753,1449.66875
523.885,1307.16875
524.018,1499.91875
524.15,1306.66875
524.282,1329.16875
524.414,1420.91875
524.546,1308.91875
524.678,1242.16875
524.81,1385.66875
524.942,1329.91875
525.074,1311.91875
525.206,1269.91875
525.338,1293.41875
525.469,1238.41875
525.601,1328.16875
525.733,1275.66875
525.865,1331.41875
525.997,1333.41875
526.129,1362.16875
526.261,1358.41875
526.393,1284.66875
526.524,1260.66875
526.656,1365.41875
526.788,1240.41875
526.92,1344.41875
527.052,1253.16875
527.183,1181.16875
527.315,1265.16875
527.447,1240.41875
527.578,1293.16875
527.71,1341.41875
527.842,1223.16875
527.973,1248.91875
528.105,1283.41875
528.237,1331.16875
528.368,1270.66875
528.5,1251.41875
528.632,1303.91875
528.763,1227.66875
528.895,1288.41875
529.026,1276.16875
529.158,1293.16875
529.289,1273.41875
529.421,1325.16875
529.552,1332.66875
529.684,1168.91875
529.815,1335.41875
529.947,1287.91875
530.078,1354.91875
530.21,1213.41875
530.341,1299.41875
530.472,1302.16875
530.604,1294.41875
530.735,1278.41875
530.867,1264.91875
530.998,1281.66875
531.129,1300.66875
531.26,1296.91875
531.392,1345.66875
531.523,1327.91875
531.654,1377.16875
531.786,1358.66875
531.917,1402.91875
532.048,1256.66875
532.179,1295.66875
532.311,1341.16875
532.442,1313.66875
532.573,1316.66875
532.704,1343.41875
532.835,1391.91875
532.966,1271.66875
533.097,1330.16875
533.229,1251.16875
533.36,1227.41875
533.491,1273.66875
533.622,1259.16875
533.753,1240.41875
533.884,1269.91875
534.015,1362.91875
534.146,1352.66875
534.277,1282.66875
534.408,1348.91875
534.539,1352.41875
534.67,1282.66875
534.801,1231.66875
534.932,1325.66875
535.063,1337.16875
535.194,1255.41875
535.324,1247.16875
535.455,1183.16875
535.586,1265.91875
535.717,1212.41875
535.848,1222.66875
535.979,1358.91875
536.109,1246.41875
536.24,1174.41875
536.371,1234.16875
536.502,1278.16875
536.632,1291.66875
536.763,1262.41875
536.894,1214.91875
537.025,1190.41875
537.155,1229.41875
537.286,1248.66875
537.417,1276.41875
537.547,1253.66875
537.678,1308.91875
537.808,1241.91875
537.939,1205.16875
538.07,1248.41875
538.2,1200.66875
538.331,1237.66875
538.461,1290.16875
538.592,1222.91875
538.722,1234.16875
538.853,1174.16875
538.983,1253.16875
539.114,1249.41875
539.244,1241.91875
539.375,1252.91875
539.505,1197.91875
539.636,1273.91875
539.766,1240.41875
539.896,1197.91875
540.027,1255.16875
540.157,1202.91875
540.287,1202.66875
540.418,1261.41875
540.548,1261.41875
540.678,1203.16875
540.809,1318.66875
540.939,1260.16875
541.069,1293.91875
541.2,1219.66875
541.33,1244.91875
541.46,1267.91875
541.59,1208.66875
541.72,1322.66875
541.851,1292.41875
541.981,1270.91875
542.111,1368.41875
542.241,1315.41875
542.371,1350.66875
542.501,1445.16875
542.631,1371.16875
542.761,1487.66875
542.891,1403.91875
543.021,1360.16875
543.151,1382.41875
543.281,1373.41875
543.411,1319.66875
543.542,1343.66875
543.671,1390.41875
543.801,1352.91875
543.931,1314.41875
544.061,1333.16875
544.191,1383.41875
544.321,1261.16875
544.451,1318.16875
544.581,1308.41875
544.711,1307.16875
544.841,1379.41875
544.97,1435.91875
545.1,1371.66875
545.23,1457.41875
545.36,1494.41875
545.49,1412.41875
545.619,1369.66875
545.749,1413.91875
545.879,1350.66875
546.009,1334.91875
546.138,1325.16875
546.268,1316.66875
546.398,1359.91875
546.527,1277.66875
546.657,1321.41875
546.786,1363.91875
546.916,1397.91875
547.046,1330.16875
547.175,1249.41875
547.305,1361.16875
547.434,1363.66875
547.564,1336.66875
547.693,1319.41875
547.823,1287.66875
547.953,1409.66875
548.082,1436.16875
548.211,1331.16875
548.341,1451.41875
548.47,1319.91875
548.6,1370.16875
548.729,1387.41875
548.859,1280.41875
548.988,1243.91875
549.117,1320.16875
549.247,1360.16875
549.376,1415.66875
549.505,1368.41875
549.635,1279.66875
549.764,1395.91875
549.893,1260.91875
550.023,1349.66875
550.152,1431.41875
550.281,1296.66875
550.41,1370.91875
550.539,1397.91875
550.669,1394.16875
550.798,1405.66875
550.927,1406.41875
551.056,1340.66875
551.185,1378.91875
551.314,1431.41875
551.443,1384.16875
551.573,1412.16875
551.702,1433.66875
551.831,1426.41875
551.96,1289.41875
552.089,1387.91875
552.218,1428.91875
552.347,1537.41875
552.476,1496.16875
552.605,1436.41875
552.734,1438.66875
552.863,1490.66875
552.992,1540.66875
553.121,1483.41875
553.249,1505.91875
553.378,1555.16875
553.507,1499.66875
553.636,1408.41875
553.765,1541.16875
553.894,1397.16875
554.023,1458.41875
554.151,1432.16875
554.28,1403.66875
554.409,1332.41875
554.538,1446.91875
554.666,1442.91875
554.795,1466.41875
554.924,1372.41875
555.052,1450.66875
555.181,1434.16875
555.31,1406.91875
555.439,1473.16875
555.567,1385.41875
555.696,1422.16875
555.824,1389.91875
555.953,1381.91875
556.082,1328.41875
556.21,1289.66875
556.339,1433.41875
556.467,1428.16875
556.596,1356.66875
556.724,1368.16875
556.853,1278.66875
556.981,1368.66875
557.11,1365.66875
557.238,1344.66875
557.367,1445.91875
557.495,1342.91875
557.623,1400.66875
557.752,1325.16875
557.88,1415.91875
558.008,1404.41875
558.137,1368.66875
558.265,1477.16875
558.393,1386.91875
558.522,1450.91875
558.65,1352.41875
558.778,1402.66875
558.906,1422.41875
559.035,1452.91875
559.163,1467.16875
559.291,1367.91875
559.419,1453.66875
559.548,1469.41875
559.676,1481.66875
559.804,1480.66875
559.932,1420.16875
560.06,1508.16875
560.188,1463.91875
560.316,1427.41875
560.444,1552.16875
560.572,1451.91875
560.7,1564.16875
560.828,1555.91875
560.956,1591.16875
561.085,1562.41875
561.212,1439.66875
561.34,1486.91875
561.468,1522.91875
561.596,1561.91875
561.724,1537.66875
561.852,1468.16875
561.98,1547.66875
562.108,1612.16875
562.236,1501.41875
562.364,1632.91875
562.492,1499.41875
562.619,1584.16875
562.747,1565.91875
562.875,1603.66875
563.003,1558.91875
563.13,1613.91875
563.258,1741.16875
563.386,1642.66875
563.514,1609.91875
563.641,1743.41875
563.769,1766.41875
563.897,1727.91875
564.024,1956.91875
564.152,1947.91875
564.28,1755.66875
564.407,1856.91875
564.535,1857.41875
564.662,1907.41875
564.79,1957.41875
564.917,1969.66875
565.045,1950.41875
565.173,1931.91875
565.3,2024.91875
565.428,2037.91875
565.555,2057.16875
565.682,2152.91875
565.81,2185.41875
565.937,2274.16875
566.065,2184.66875
566.192,2456.91875
566.32,2365.16875
566.447,2549.91875
566.574,2489.41875
566.702,2571.16875
566.829,2623.16875
566.956,2686.66875
567.083,2684.91875
567.211,2653.66875
567.338,2714.66875
567.465,2539.91875
567.593,2817.66875
567.72,2786.91875
567.847,2650.66875
567.974,2834.66875
568.101,3113.91875
568.228,3997.16875
568.356,4593.41875
568.483,4608.66875
568.61,4410.16875
568.737,5141.16875
568.864,6350.41875
568.991,6390.66875
569.118,5651.16875
569.245,4832.91875
569.372,4285.66875
569.499,3979.16875
569.626,3646.91875
569.753,3410.91875
569.88,3256.91875
570.007,2967.16875
570.134,2879.66875
570.261,2884.66875
570.388,2717.66875
570.515,2704.91875
570.642,2627.41875
570.768,2558.66875
570.895,2473.16875
571.022,2511.16875
571.149,2357.91875
571.276,2210.91875
571.402,2282.66875
571.529,2295.41875
571.656,2162.91875
571.783,2271.66875
571.909,2170.16875
572.036,2179.16875
572.163,2114.16875
572.289,2039.16875
572.416,1974.16875
572.543,2048.91875
572.669,2029.91875
572.796,2040.91875
572.922,1970.41875
573.049,1960.91875
573.176,1918.66875
573.302,1937.41875
573.429,1942.91875
573.555,1896.16875
573.682,1861.41875
573.808,1804.91875
573.935,1853.91875
574.061,1877.41875
574.188,1912.66875
574.314,1880.66875
574.44,1768.66875
574.567,1732.66875
574.693,1753.91875
574.82,1856.41875
574.946,1888.16875
575.072,1853.16875
575.198,1906.16875
575.325,1886.41875
575.451,1763.41875
575.577,1800.41875
575.704,1803.16875
575.83,1895.66875
575.956,1863.41875
576.082,1780.16875
576.208,1771.66875
576.335,1724.66875
576.461,1743.16875
576.587,1768.66875
576.713,1776.91875
576.839,1896.66875
576.965,1835.91875
577.091,1864.91875
577.217,1799.91875
577.343,1699.16875
577.469,1798.41875
577.596,1846.91875
577.722,1814.66875
577.848,1681.91875
577.974,1946.91875
578.099,1729.91875
578.225,1778.41875
578.351,1774.91875
578.477,1781.91875
578.603,1923.41875
578.729,1916.66875
578.855,1825.16875
578.981,1903.66875
579.107,1803.91875
579.232,1937.66875
579.358,1903.16875
579.484,1926.41875
579.61,1881.66875
579.735,1973.91875
579.861,1898.66875
579.987,1984.91875
580.113,1974.41875
580.238,1938.16875
580.364,2013.16875
580.49,2063.66875
580.615,1952.66875
580.741,2020.66875
580.867,2022.91875
580.992,2025.16875
581.118,2082.16875
581.243,2073.16875
581.369,2098.66875
581.494,2042.91875
581.62,2022.41875
581.745,2196.41875
581.871,2249.91875
581.996,2097.16875
582.122,2316.16875
582.247,2157.66875
582.373,2322.66875
582.498,2209.91875
582.624,2341.41875
582.749,2366.91875
582.874,2379.66875
583.0,2455.16875
583.125,2495.91875
583.25,2502.91875
583.376,2490.16875
583.501,2661.66875
583.626,2583.41875
583.751,2669.66875
583.877,2886.16875
584.002,2649.91875
584.127,2993.66875
584.252,2854.41875
584.377,2926.91875
584.503,3144.91875
584.628,3158.16875
584.753,3207.41875
584.878,3357.91875
585.003,3400.41875
585.128,3296.16875
585.253,3548.91875
585.378,3655.91875
585.503,3730.41875
585.628,3880.41875
585.753,4094.41875
585.878,4193.66875
586.003,4206.41875
586.128,4455.16875
586.253,4587.91875
586.378,4772.66875
586.503,5195.66875
586.628,5346.16875
586.753,5750.66875
586.878,5865.16875
587.003,6438.91875
587.127,6787.16875
587.252,7159.41875
587.377,7822.91875
587.502,8306.16875
587.627,8928.66875
587.751,9560.41875
587.876,10510.41875
588.001,11627.16875
588.125,12891.668999999998
588.25,14480.418999999998
588.375,16002.168999999998
588.499,18212.169
588.624,21575.919250000003
588.749,25193.169
588.873,28197.419
588.998,29473.919
589.122,31835.919
589.247,32457.669
589.372,29712.919
589.496,29223.169
589.621,30390.669
589.745,30302.919
589.87,27128.669
589.994,22861.919250000003
590.118,19384.16925
590.243,16913.168999999998
590.367,15197.418999999998
590.492,13766.668999999998
590.616,12302.918999999998
590.74,11106.66875
590.865,9964.91875
590.989,9590.66875
591.114,8753.66875
591.238,7988.16875
591.362,7657.16875
591.486,7319.66875
591.611,6947.91875
591.735,6518.66875
591.859,6225.91875
591.983,6014.41875
592.107,5677.16875
592.232,5308.91875
592.356,5209.16875
592.48,5025.16875
592.604,4775.66875
592.728,4805.91875
592.852,4496.91875
592.976,4409.66875
593.1,4179.66875
593.224,4038.66875
593.349,3967.41875
593.473,3735.41875
593.597,3885.91875
593.721,3621.91875
593.844,3477.66875
593.968,3652.91875
594.092,3588.66875
594.216,3321.16875
594.34,3210.41875
594.464,3158.66875
594.588,3137.91875
594.712,3127.16875
594.836,2952.66875
594.959,3003.16875
595.083,2856.91875
595.207,2706.16875
595.331,2728.91875
595.455,2721.41875
595.578,2650.91875
595.702,2539.16875
595.826,2524.41875
595.949,2586.41875
596.073,2460.41875
596.197,2315.91875
596.32,2450.91875
596.444,2292.66875
596.568,2304.91875
596.691,2288.66875
596.815,2308.41875
596.938,2348.66875
597.062,2296.16875
597.186,2167.16875
597.309,2220.41875
597.433,2149.41875
597.556,2061.16875
597.68,2062.41875
597.803,1987.41875
597.926,1990.66875
598.05,1990.41875
598.173,1951.16875
598.297,1954.91875
598.42,1905.91875
598.543,1885.66875
598.667,1817.66875
598.79,1874.91875
598.913,1874.16875
599.037,1894.16875
599.16,1967.91875
599.283,1895.16875
599.406,1876.91875
599.53,1847.41875
599.653,1797.91875
599.776,1679.66875
599.899,1792.41875
600.022,1716.91875
600.145,1808.91875
600.269,1632.16875
600.392,1680.16875
600.515,1710.66875
600.638,1632.66875
600.761,1748.66875
600.884,1593.41875
601.007,1662.91875
601.13,1657.66875
601.253,1628.66875
601.376,1601.91875
601.499,1675.16875
601.622,1614.66875
601.745,1578.16875
601.868,1685.66875
601.991,1518.66875
602.113,1557.41875
602.236,1610.16875
602.359,1578.91875
602.482,1604.91875
602.605,1483.16875
602.728,1519.66875
602.85,1488.41875
602.973,1473.91875
603.096,1420.41875
603.219,1566.41875
603.341,1541.66875
603.464,1508.66875
603.587,1479.41875
603.709,1489.41875
603.832,1526.16875
603.955,1441.41875
604.077,1506.66875
604.2,1521.16875
604.323,1513.66875
604.445,1464.41875
604.568,1497.66875
604.69,1376.66875
604.813,1377.91875
604.935,1504.66875
605.058,1440.41875
605.18,1449.16875
605.303,1407.16875
605.425,1493.41875
605.547,1395.16875
605.67,1367.41875
605.792,1382.91875
605.915,1407.66875
606.037,1360.91875
606.159,1395.91875
606.282,1466.66875
606.404,1366.41875
606.526,1326.16875
606.648,1399.16875
606.771,1386.91875
606.893,1419.66875
607.015,1383.91875
607.137,1361.91875
607.26,1274.16875
607.382,1376.16875
607.504,1351.66875
607.626,1367.16875
607.748,1458.91875
607.87,1283.91875
607.992,1397.66875
608.114,1300.66875
608.237,1362.66875
608.359,1312.91875
608.481,1312.16875
608.603,1315.16875
608.725,1203.66875
608.847,1303.66875
608.969,1303.66875
609.09,1384.16875
609.212,1284.41875
609.334,1343.66875
609.456,1367.16875
609.578,1281.16875
609.7,1283.91875
609.822,1232.16875
609.944,1219.16875
610.065,1249.91875
610.187,1285.91875
610.309,1307.16875
610.431,1253.91875
610.552,1269.91875
610.674,1311.66875
610.796,1292.91875
610.918,1262.41875
611.039,1270.41875
611.161,1371.66875
611.282,1196.66875
611.404,1269.41875
611.526,1300.66875
611.647,1266.16875
611.769,1201.16875
611.89,1241.41875
612.012,1280.66875
612.133,1276.66875
612.255,1315.91875
612.377,1263.41875
612.498,1343.16875
612.619,1297.66875
612.741,1223.16875
612.862,1272.41875
612.984,1204.66875
613.105,1204.16875
613.226,1284.66875
613.348,1213.16875
613.469,1238.66875
613.59,1241.16875
613.712,1131.41875
613.833,1171.41875
613.954,1376.41875
614.076,1304.16875
614.197,1235.16875
614.318,1333.66875
614.439,1266.91875
614.56,1285.91875
614.682,1198.66875
614.803,1192.66875
614.924,1292.16875
615.045,1290.41875
615.166,1318.66875
615.287,1434.41875
615.408,2019.41875
615.529,2203.91875
615.65,1998.16875
615.771,1689.16875
615.892,1651.41875
616.013,2275.16875
616.134,3029.66875
616.255,2841.66875
616.376,2224.91875
616.497,1910.41875
616.618,1747.91875
616.739,1593.41875
616.86,1554.41875
616.981,1530.41875
617.102,1427.91875
617.222,1442.91875
617.343,1299.16875
617.464,1378.41875
617.585,1328.91875
617.705,1333.91875
617.826,1362.16875
617.947,1196.91875
618.068,1309.66875
618.188,1189.91875
618.309,1291.41875
618.43,1258.91875
618.55,1211.66875
618.671,1230.16875
618.791,1196.66875
618.912,1185.91875
619.033,1200.41875
619.153,1246.41875
619.274,1149.41875
619.394,1182.16875
619.515,1165.66875
619.635,1195.66875
619.756,1140.16875
619.876,1116.66875
619.996,1189.91875
620.117,1172.66875
620.237,1176.16875
620.358,1154.91875
620.478,1194.41875
620.598,1125.16875
620.719,1142.91875
620.839,1174.41875
620.959,1223.16875
621.079,1139.91875
621.2,1076.41875
621.32,1082.4187499999998
621.44,1077.41875
621.56,1137.41875
621.681,1166.91875
621.801,1133.41875
621.921,1092.66875
622.041,1105.41875
622.161,1076.41875
622.281,1138.91875
622.401,1183.66875
622.521,1109.16875
622.641,1130.41875
622.761,1095.66875
622.882,1075.66875
623.002,1089.66875
623.121,1047.91875
623.241,1146.66875
623.361,1010.66875
623.481,1084.66875
623.601,1051.66875
623.721,1078.16875
623.841,1112.66875
623.961,1072.41875
624.081,1035.16875
624.201,1068.66875
624.32,1061.16875
624.44,1002.16875
624.56,1094.91875
624.68,1078.66875
624.799,1026.16875
624.919,1105.91875
625.039,1071.41875
625.159,1078.91875
625.278,1108.16875
625.398,1050.6687499999998
625.518,1027.16875
625.637,1068.91875
625.757,1093.41875
625.876,1030.66875
625.996,1002.16875
626.115,1109.91875
626.235,1020.16875
626.354,1082.66875
626.474,1017.66875
626.594,1029.41875
626.713,1004.16875
626.832,1033.16875
626.952,1029.41875
627.071,1001.16875
627.191,1031.41875
627.31,1031.16875
627.429,1009.16875
627.549,967.16875
627.668,998.91875
627.787,1010.91875
627.907,1017.41875
628.026,998.41875
628.145,1023.91875
628.264,990.41875
628.384,1054.41875
628.503,962.16875
628.622,998.41875
628.741,1029.66875
628.86,990.66875
628.98,1028.66875
629.099,994.41875
629.218,1043.41875
629.337,1054.66875
629.456,1041.66875
629.575,1064.16875
629.694,987.16875
629.813,1000.41875
629.932,993.41875
630.051,995.16875
630.17,1056.91875
630.289,1024.91875
630.408,998.41875
630.527,970.41875
630.646,997.66875
630.764,1020.16875
630.883,1048.16875
631.002,983.66875
631.121,1025.91875
631.24,934.1687499999998
631.359,1020.91875
631.477,1022.16875
631.596,1085.91875
631.715,1060.41875
631.834,946.9187499999999
631.952,914.16875
632.071,1029.91875
632.19,953.41875
632.308,911.66875
632.427,942.91875
632.546,1028.91875
632.664,994.16875
632.783,1033.16875
632.901,1024.66875
633.02,1006.91875
633.138,986.16875
633.257,1008.41875
633.375,960.91875
633.494,995.41875
633.612,1011.16875
633.731,981.41875
633.849,929.16875
633.968,941.91875
634.086,969.41875
634.204,1002.91875
634.323,995.66875
634.441,918.9187499999999
634.559,965.91875
634.678,940.66875
634.796,1005.16875
634.914,882.66875
635.032,918.66875
635.151,910.66875
635.269,946.66875
635.387,971.41875
635.505,903.41875
635.623,931.91875
635.742,991.66875
635.86,955.91875
635.978,954.16875
636.096,1004.91875
636.214,899.91875
636.332,891.16875
636.45,939.91875
636.568,926.91875
636.686,831.16875
636.804,938.91875
636.922,947.41875
637.04,914.66875
637.158,909.16875
637.276,955.66875
637.394,874.41875
637.512,940.91875
637.629,933.16875
637.747,925.16875
637.865,859.16875
637.983,928.41875
638.101,849.91875
638.218,814.9187499999998
638.336,957.41875
638.454,863.66875
638.572,1024.41875
638.689,814.4187499999998
638.807,942.66875
638.925,893.1687499999999
639.042,946.16875
639.16,920.16875
639.278,867.16875
639.395,912.16875
639.513,880.66875
639.63,916.66875
639.748,943.91875
639.865,993.91875
639.983,929.41875
640.1,889.91875
640.218,870.16875
640.335,900.41875
640.453,876.9187499999998
640.57,850.41875
640.688,898.41875
640.805,871.91875
640.922,876.16875
641.04,876.4187499999998
641.157,894.66875
641.274,958.66875
641.391,857.66875
641.509,884.91875
641.626,892.41875
641.743,938.16875
641.86,918.16875
641.978,860.16875
642.095,844.66875
642.212,945.16875
642.329,894.91875
642.446,883.41875
642.563,881.4187499999999
642.681,815.6687499999998
642.798,852.91875
642.915,863.66875
643.032,883.16875
643.149,885.91875
643.266,881.66875
643.383,854.66875
643.5,899.91875
643.617,868.16875
643.734,868.41875
643.85,943.16875
643.967,912.91875
644.084,824.41875
644.201,865.41875
644.318,895.16875
644.435,866.4187499999998
644.552,842.41875
644.668,892.16875
644.785,959.66875
644.902,992.91875
645.019,927.41875
645.135,958.91875
645.252,890.41875
645.369,849.66875
645.485,867.41875
645.602,936.66875
645.719,893.16875
645.835,952.16875
645.952,887.66875
646.068,953.66875
646.185,934.66875
646.302,926.41875
646.418,929.41875
646.535,992.41875
646.651,903.66875
646.768,880.91875
646.884,909.41875
647.0,899.66875
647.117,883.16875
647.233,942.16875
647.35,869.41875
647.466,993.66875
647.582,898.41875
647.699,989.91875
647.815,976.16875
647.931,894.41875
648.047,914.66875
648.164,910.91875
648.28,969.16875
648.396,895.91875
648.512,935.16875
648.629,894.66875
648.745,904.66875
648.861,1014.41875
648.977,923.41875
649.093,929.41875
649.209,990.41875
649.325,975.16875
649.441,933.16875
649.557,979.16875
649.673,965.91875
649.789,987.41875
649.905,902.41875
650.021,921.1687499999999
650.137,961.41875
650.253,1033.1687499999998
650.369,964.16875
650.485,944.66875
650.601,998.91875
650.717,1011.91875
650.833,962.9187499999998
650.948,939.9187499999998
651.064,921.4187499999998
651.18,1029.66875
651.296,989.41875
651.411,982.91875
651.527,964.41875
651.643,994.9187499999999
651.759,992.1687499999999
651.874,1002.91875
651.99,987.41875
652.105,1018.41875
652.221,993.41875
652.337,987.41875
652.452,979.9187499999998
652.568,1022.41875
652.683,1012.16875
652.799,1073.91875
652.914,1000.66875
653.03,1047.41875
653.145,1080.91875
653.261,1012.41875
653.376,1066.91875
653.492,1001.66875
653.607,1126.66875
653.722,1066.41875
653.838,1120.66875
653.953,1072.16875
654.068,1161.41875
654.184,1204.16875
654.299,1211.41875
654.414,1175.66875
654.53,1162.66875
654.645,1212.41875
654.76,1369.66875
654.875,1291.66875
654.99,1383.16875
655.106,1309.66875
655.221,1421.41875
655.336,1463.66875
655.451,1525.91875
655.566,1531.41875
655.681,1650.66875
655.796,1710.91875
655.911,1692.66875
656.026,1743.91875
656.141,1934.41875
656.256,1925.16875
656.371,2025.16875
656.486,1952.66875
656.601,2054.66875
656.716,1814.66875
656.831,1914.91875
656.946,1814.41875
657.06,1689.66875
657.175,1686.16875
657.29,1601.16875
657.405,1522.16875
657.52,1421.41875
657.634,1474.66875
657.749,1390.41875
657.864,1432.16875
657.979,1359.91875
658.093,1297.66875
658.208,1317.66875
658.323,1282.66875
658.437,1273.91875
658.552,1272.91875
658.666,1224.16875
658.781,1274.66875
658.895,1178.41875
659.01,1167.91875
659.125,1247.16875
659.239,1160.66875
659.353,1128.41875
659.468,1061.91875
659.582,1147.66875
659.697,1053.91875
659.811,1062.41875
659.926,1084.66875
660.04,1114.41875
660.154,1048.66875
660.269,1146.41875
660.383,1022.41875
660.497,1037.41875
660.612,1033.41875
660.726,1079.16875
660.84,1032.91875
660.954,982.91875
661.068,1024.41875
661.183,1011.66875
661.297,976.91875
661.411,930.16875
661.525,977.41875
661.639,901.6687499999998
661.753,986.91875
661.867,916.66875
661.981,923.91875
662.095,919.1687499999998
662.209,953.16875
662.323,983.66875
662.437,902.16875
662.551,899.16875
662.665,900.41875
662.779,893.91875
662.893,920.6687499999999
663.007,918.91875
663.121,871.1687499999998
663.235,835.9187499999998
663.349,868.16875
663.462,840.66875
663.576,893.41875
663.69,889.41875
663.804,833.16875
663.917,785.41875
664.031,843.91875
664.145,828.91875
664.258,883.41875
664.372,822.91875
664.486,822.91875
664.599,810.41875
664.713,800.1687499999998
664.827,821.91875
664.94,816.16875
665.054,764.1687499999998
665.167,739.9187499999998
665.281,782.91875
665.394,812.66875
665.508,845.66875
665.621,822.91875
665.735,780.91875
665.848,786.41875
665.961,792.66875
666.075,776.1687499999998
666.188,776.9187499999998
666.301,846.66875
666.415,764.16875
666.528,755.16875
666.641,771.41875
666.755,793.66875
666.868,752.16875
666.981,806.16875
667.094,716.1687499999998
667.207,798.41875
667.321,730.66875
667.434,786.41875
667.547,765.66875
667.66,697.16875
667.773,758.91875
667.886,753.16875
667.999,739.91875
668.112,722.6687499999998
668.225,747.41875
668.338,730.41875
668.451,664.41875
668.564,707.9187499999998
668.677,725.16875
668.79,725.66875
668.903,717.1687499999998
669.016,691.41875
669.129,653.41875
669.242,678.66875
669.354,710.16875
669.467,673.4187499999998
669.58,715.66875
669.693,701.91875
669.806,721.66875
669.918,701.41875
670.031,721.9187499999998
670.144,694.16875
670.256,697.66875
670.369,644.1687499999998
670.482,637.4187499999998
670.594,652.91875
670.707,665.41875
670.82,648.1687499999998
670.932,710.91875
671.045,668.16875
671.157,660.91875
671.27,669.4187499999998
671.382,713.91875
671.495,694.91875
671.607,700.9187499999998
671.72,697.66875
671.832,658.41875
671.944,697.66875
672.057,670.16875
672.169,692.91875
672.281,723.4187499999998
672.394,690.4187499999998
672.506,710.66875
672.618,744.16875
672.731,679.91875
672.843,623.9187499999998
672.955,664.4187499999998
673.067,656.4187499999998
673.18,663.9187499999998
673.292,676.41875
673.404,669.66875
673.516,673.91875
673.628,670.4187499999998
673.74,642.16875
673.852,650.9187499999998
673.964,650.6687499999998
674.076,666.6687499999998
674.188,689.41875
674.3,676.16875
674.412,690.4187499999998
674.524,664.6687499999998
674.636,709.66875
674.748,670.4187499999998
674.86,625.41875
674.972,741.91875
675.084,615.91875
675.196,642.1687499999998
675.307,644.9187499999998
675.419,645.41875
675.531,673.1687499999998
675.643,642.66875
675.755,608.66875
675.866,629.9187499999998
675.978,593.66875
676.09,608.66875
676.201,649.6687499999998
676.313,678.16875
676.425,670.41875
676.536,668.66875
676.648,609.66875
676.759,604.66875
676.871,607.91875
676.983,665.9187499999998
677.094,593.66875
677.206,664.66875
677.317,586.91875
677.429,643.41875
677.54,639.16875
677.651,586.91875
677.763,655.16875
677.874,613.66875
677.986,653.16875
678.097,631.91875
678.208,620.41875
678.32,633.41875
678.431,597.66875
678.542,622.66875
678.653,546.91875
678.765,631.16875
678.876,622.91875
678.987,579.16875
679.098,617.16875
679.209,614.9187499999998
679.32,596.91875
679.432,617.41875
679.543,568.16875
679.654,574.41875
679.765,642.66875
679.876,590.41875
679.987,610.66875
680.098,565.66875
680.209,647.91875
680.32,601.66875
680.431,579.91875
680.542,578.91875
680.653,606.41875
680.763,562.41875
680.874,524.41875
680.985,549.41875
681.096,538.66875
681.207,652.16875
681.318,634.41875
681.428,597.41875
681.539,575.66875
681.65,616.16875
681.76,612.41875
681.871,547.41875
681.982,629.41875
682.093,565.66875
682.203,581.41875
682.314,608.91875
682.424,623.91875
682.535,566.16875
682.646,566.66875
682.756,592.16875
682.867,596.91875
682.977,619.16875
683.088,553.41875
683.198,555.66875
683.308,576.16875
683.419,542.66875
683.529,609.91875
683.64,561.91875
683.75,592.16875
683.86,605.91875
683.971,604.16875
684.081,625.91875
684.191,602.66875
684.301,566.41875
684.412,544.41875
684.522,538.91875
684.632,584.16875
684.742,534.66875
684.852,576.41875
684.963,568.41875
685.073,553.41875
685.183,551.41875
685.293,598.91875
685.403,627.16875
685.513,584.91875
685.623,563.41875
685.733,542.16875
685.843,546.41875
685.953,552.41875
686.063,548.41875
686.173,552.16875
686.283,540.66875
686.393,526.41875
686.503,529.91875
686.612,556.41875
686.722,579.91875
686.832,561.16875
686.942,600.91875
687.052,577.41875
687.161,530.91875
687.271,589.16875
687.381,538.91875
687.491,549.91875
687.6,571.66875
687.71,621.66875
687.82,560.41875
687.929,627.66875
688.039,579.16875
688.148,547.16875
688.258,541.66875
688.367,567.66875
688.477,545.91875
688.586,509.91875
688.696,549.41875
688.805,550.66875
688.915,513.91875
689.024,558.91875
689.134,530.16875
689.243,518.91875
689.352,609.66875
689.462,547.66875
689.571,569.41875
689.68,576.41875
689.79,551.66875
689.899,599.66875
690.008,539.66875
690.117,513.91875
690.227,547.66875
690.336,600.16875
690.445,569.16875
690.554,523.91875
690.663,593.16875
690.772,534.66875
690.881,564.41875
690.99,528.91875
691.099,584.41875
691.209,512.91875
691.318,575.66875
691.427,573.66875
691.536,554.16875
691.644,539.66875
691.753,571.41875
691.862,589.16875
691.971,527.16875
692.08,556.41875
692.189,571.66875
692.298,564.91875
692.406,542.91875
692.515,563.41875
692.624,560.66875
692.733,562.66875
692.842,537.91875
692.95,594.41875
693.059,562.16875
693.168,513.16875
693.276,572.16875
693.385,526.41875
693.494,550.41875
693.602,545.66875
693.711,554.41875
693.819,564.91875
693.928,538.91875
694.036,505.16875
694.145,565.41875
694.253,547.66875
694.362,556.16875
694.47,546.16875
694.579,547.66875
694.687,551.41875
694.795,566.16875
694.904,547.41875
695.012,553.91875
695.12,616.91875
695.229,513.16875
695.337,523.91875
695.445,574.66875
695.553,543.41875
695.662,540.91875
695.77,541.91875
695.878,557.41875
695.986,536.66875
696.094,532.16875
696.202,565.66875
696.31,562.41875
696.419,563.41875
696.527,560.16875
696.635,541.91875
696.743,564.16875
696.851,561.41875
696.959,551.16875
697.067,533.91875
697.174,538.66875
697.282,564.91875
697.39,537.16875
697.498,609.91875
697.606,549.91875
697.714,520.66875
697.822,598.41875
697.929,535.41875
698.037,525.16875
698.145,552.91875
698.253,555.16875
698.36,527.91875
698.468,556.91875
698.576,496.41875
698.683,506.91875
698.791,509.41875
698.899,558.16875
699.006,535.16875
699.114,556.91875
699.221,505.41875
699.329,511.41875
699.436,570.41875
699.544,517.91875
699.651,575.91875
699.759,526.91875
699.866,528.41875
699.974,459.66875
700.081,468.16875
700.188,527.16875
700.296,543.66875
700.403,524.66875
700.51,512.66875
700.618,533.41875
700.725,507.41875
700.832,542.16875
700.94,560.91875
701.047,542.16875
701.154,517.16875
701.261,473.91875
701.368,518.91875
701.475,464.66875
701.582,524.91875
701.69,506.91875
701.797,520.16875
701.904,504.66875
702.011,515.16875
702.118,535.66875
702.225,511.16875
702.332,508.41875
702.439,485.91875
702.546,540.91875
702.652,515.66875
702.759,548.66875
702.866,516.16875
702.973,557.41875
703.08,554.41875
703.187,531.16875
703.294,510.66875
703.4,470.91875
694.693,952.98125
694.893,1078.98125
695.093,1117.23125
695.293,1136.98125
695.492,1172.23125
695.692,1028.98125
695.891,1125.98125
696.091,1111.98125
696.291,1126.73125
696.49,1065.23125
696.69,1109.48125
696.889,1109.98125
697.089,1143.48125
697.288,1122.48125
697.488,1211.98125
697.687,1091.73125
697.887,1122.48125
698.086,1127.98125
698.286,1115.48125
698.485,1157.98125
698.684,1108.48125
698.884,1147.98125
699.083,1189.98125
699.282,1258.73125
699.482,1281.48125
699.681,1067.48125
699.88,1140.23125
700.08,1169.73125
700.279,1124.48125
700.478,1137.73125
700.677,1140.23125
700.877,1142.73125
701.076,1202.98125
701.275,1215.73125
701.474,1241.73125
701.673,1252.48125
701.872,1169.98125
702.071,1176.23125
702.271,1240.48125
702.47,1202.98125
702.669,1157.73125
702.868,1260.98125
703.067,1220.98125
703.266,1295.98125
703.465,1290.48125
703.664,1244.73125
703.863,1226.98125
704.062,1232.98125
704.26,1176.98125
704.459,1224.23125
704.658,1240.98125
704.857,1195.98125
705.056,1149.48125
705.255,1222.23125
705.454,1262.23125
705.652,1196.98125
705.851,1298.98125
706.05,1363.98125
706.249,1206.73125
706.447,1194.98125
706.646,1204.48125
706.845,1414.48125
707.043,1350.48125
707.242,1231.98125
707.441,1334.98125
707.639,1225.23125
707.838,1221.98125
708.037,1237.23125
708.235,1323.98125
708.434,1228.48125
708.632,1262.23125
708.831,1312.23125
709.029,1242.98125
709.228,1330.48125
709.426,1300.73125
709.625,1282.23125
709.823,1229.73125
710.022,1228.98125
710.22,1252.23125
710.418,1361.23125
710.617,1249.23125
710.815,1306.98125
711.013,1330.98125
711.212,1319.73125
711.41,1376.98125
711.608,1265.48125
711.807,1386.98125
712.005,1332.73125
712.203,1321.48125
712.401,1301.73125
712.599,1312.73125
712.798,1399.98125
712.996,1266.48125
713.194,1409.73125
713.392,1384.48125
713.59,1334.23125
713.788,1293.98125
713.986,1393.23125
714.184,1399.73125
714.382,1463.23125
714.58,1357.98125
714.778,1385.98125
714.976,1273.23125
715.174,1432.73125
715.372,1526.23125
715.57,1646.98125
715.768,1711.48125
715.966,1812.98125
716.164,1770.73125
716.362,1729.73125
716.56,1625.98125
716.758,1541.23125
716.955,1518.48125
717.153,1558.48125
717.351,1499.23125
717.549,1466.98125
717.746,1511.48125
717.944,1465.73125
718.142,1495.73125
718.34,1467.73125
718.537,1503.98125
718.735,1509.23125
718.933,1487.73125
719.13,1542.73125
719.328,1503.48125
719.525,1463.73125
719.723,1464.73125
719.92,1445.73125
720.118,1526.23125
720.316,1489.73125
720.513,1493.73125
720.711,1373.73125
720.908,1469.98125
721.105,1428.98125
721.303,1462.73125
721.5,1443.48125
721.698,1449.48125
721.895,1499.48125
722.092,1410.98125
722.29,1442.98125
722.487,1505.23125
722.684,1634.23125
722.882,1470.23125
723.079,1465.48125
723.276,1475.98125
723.473,1479.23125
723.671,1556.73125
723.868,1501.98125
724.065,1555.98125
724.262,1464.23125
724.459,1589.98125
724.656,1483.48125
724.854,1629.98125
725.051,1588.98125
725.248,1476.23125
725.445,1423.23125
725.642,1471.98125
725.839,1575.98125
726.036,1467.98125
726.233,1555.23125
726.43,1518.48125
726.627,1581.48125
726.824,1580.23125
727.021,1535.23125
727.218,1407.73125
727.414,1680.73125
727.611,1517.23125
727.808,1476.48125
728.005,1553.23125
728.202,1516.48125
728.399,1521.23125
728.595,1471.98125
728.792,1459.48125
728.989,1490.98125
729.186,1601.73125
729.382,1583.48125
729.579,1551.23125
729.776,1586.73125
729.972,1521.48125
730.169,1617.73125
730.366,1536.73125
730.562,1607.23125
730.759,1596.98125
730.955,1560.98125
731.152,1565.48125
731.348,1566.23125
731.545,1607.73125
731.741,1594.48125
731.938,1631.48125
732.134,1674.73125
732.331,1636.98125
732.527,1603.23125
732.724,1614.23125
732.92,1593.73125
733.116,1517.48125
733.313,1617.23125
733.509,1661.23125
733.705,1451.98125
733.902,1591.73125
734.098,1605.98125
734.294,1579.48125
734.49,1548.98125
734.687,1630.48125
734.883,1576.73125
735.079,1674.23125
735.275,1603.23125
735.471,1537.73125
735.667,1571.73125
735.863,1625.23125
736.06,1595.98125
736.256,1745.73125
736.452,1564.48125
736.648,1659.98125
736.844,1644.73125
737.04,1700.98125
737.236,1696.23125
737.432,1738.73125
737.628,1621.98125
737.824,1767.48125
738.019,1582.98125
738.215,1675.48125
738.411,1648.23125
738.607,1706.48125
738.803,1713.23125
738.999,1670.98125
739.195,1699.23125
739.39,1684.73125
739.586,1641.23125
739.782,1656.48125
739.978,1725.48125
740.173,1802.98125
740.369,1711.23125
740.565,1729.48125
740.76,1752.23125
740.956,1799.98125
741.152,1673.98125
741.347,1796.98125
741.543,1810.23125
741.738,1940.48125
741.934,1910.98125
742.129,1993.73125
742.325,2216.73125
742.52,2454.48125
742.716,2225.73125
742.911,2301.48125
743.107,2214.73125
743.302,2164.23125
743.498,2229.73125
743.693,2104.48125
743.888,2289.23125
744.084,2560.73125
744.279,3163.23125
744.474,3276.23125
744.67,2938.73125
744.865,2535.48125
745.06,2390.23125
745.255,2374.73125
745.451,2422.98125
745.646,2290.73125
745.841,2252.73125
746.036,2327.98125
746.231,2299.48125
746.426,2391.48125
746.622,2903.23125
746.817,3594.98125
747.012,4057.48125
747.207,3820.73125
747.402,3167.73125
747.597,2912.98125
747.792,2864.23125
747.987,2791.23125
748.182,2615.48125
748.377,2642.48125
748.572,2429.73125
748.767,2242.48125
748.961,2278.48125
749.156,2389.73125
749.351,2184.98125
749.546,2289.98125
749.741,1974.98125
749.936,2162.48125
750.13,2083.98125
750.325,2200.98125
750.52,2076.23125
750.715,2201.73125
750.909,2166.73125
751.104,2044.98125
751.299,2062.98125
751.493,1992.48125
751.688,2094.23125
751.882,1968.98125
752.077,2043.98125
752.272,2043.98125
752.466,1964.98125
752.661,2010.23125
752.855,1950.48125
753.05,1972.48125
753.244,1963.48125
753.439,1910.48125
753.633,2004.98125
753.828,1926.98125
754.022,1926.23125
754.216,1805.98125
754.411,1898.48125
754.605,1943.48125
754.799,1836.23125
754.994,1832.23125
755.188,2018.73125
755.382,1927.23125
755.576,1989.23125
755.771,1907.23125
755.965,1901.73125
756.159,1796.98125
756.353,1888.98125
756.547,1845.73125
756.742,1862.48125
756.936,1837.73125
757.13,1800.98125
757.324,1927.98125
757.518,1801.23125
757.712,1894.48125
757.906,1894.98125
758.1,1856.98125
758.294,1963.23125
758.488,1826.48125
758.682,1833.98125
758.876,1883.23125
759.07,1834.73125
759.264,1901.73125
759.458,1875.23125
759.651,1736.48125
759.845,1814.98125
760.039,1921.98125
760.233,1902.48125
760.427,1856.23125
760.62,1797.73125
760.814,1830.98125
761.008,1782.98125
761.202,1883.73125
761.395,1894.73125
761.589,1819.98125
761.783,1780.98125
761.976,1921.98125
762.17,1854.48125
762.363,1885.23125
762.557,1898.73125
762.75,1823.98125
762.944,1820.48125
763.138,1957.48125
763.331,1833.73125
763.524,1969.23125
763.718,1912.48125
763.911,1901.73125
764.105,1904.23125
764.298,1741.73125
764.492,2021.48125
764.685,1997.23125
764.878,1801.73125
765.072,1884.48125
765.265,1856.23125
765.458,1900.98125
765.651,1879.23125
765.845,1919.48125
766.038,1875.23125
766.231,2155.23125
766.424,3514.98125
766.617,4116.73125
766.811,2311.23125
767.004,1884.98125
767.197,1942.73125
767.39,1938.73125
767.583,1876.73125
767.776,2046.73125
767.969,1914.98125
768.162,1903.98125
768.355,1957.98125
768.548,2126.23125
768.741,2046.23125
768.934,1995.48125
769.127,2100.48125
769.32,2012.48125
769.513,2134.48125
769.706,2227.23125
769.898,3410.73125
770.091,2896.73125
770.284,2088.73125
770.477,2027.98125
770.67,1981.98125
770.862,2198.98125
771.055,2031.98125
771.248,2044.48125
771.441,1961.98125
771.633,2058.48125
771.826,2230.23125
772.018,2123.48125
772.211,2192.23125
772.404,2156.23125
772.596,2155.23125
772.789,2324.23125
772.981,2285.23125
773.174,2265.48125
773.366,2242.73125
773.559,2366.23125
773.751,2564.48125
773.944,2425.73125
774.136,2511.73125
774.329,2483.73125
774.521,2495.48125
774.713,2772.73125
774.906,2714.23125
775.098,2870.23125
775.29,2922.98125
775.483,3073.48125
775.675,3311.48125
775.867,3481.48125
776.059,3556.73125
776.251,4334.98125
776.444,4617.73125
776.636,5318.98125
776.828,6491.73125
777.02,9272.98125
777.212,13879.981
777.404,16425.231
777.596,15063.981
777.788,11170.98125
777.98,8047.98125
778.172,6702.98125
778.364,5593.48125
778.556,4899.23125
778.748,4752.23125
778.94,4077.98125
779.132,3869.98125
779.324,3543.73125
779.516,3345.73125
779.708,3029.73125
779.9,3188.73125
780.091,2799.48125
780.283,2756.73125
780.475,2677.98125
780.667,2742.23125
780.859,2552.23125
781.05,2417.23125
781.242,2455.23125
781.434,2315.48125
781.625,2405.98125
781.817,2249.48125
782.008,2226.48125
782.2,2172.23125
782.392,2115.48125
782.583,2189.98125
782.775,2165.73125
782.966,2141.23125
783.158,2044.98125
783.349,2116.23125
783.541,1937.98125
783.732,2098.73125
783.924,2073.73125
784.115,1978.48125
784.306,1997.23125
784.498,2194.98125
784.689,1966.73125
784.88,2055.73125
785.072,2061.98125
785.263,1945.23125
785.454,2008.98125
785.645,2043.23125
785.837,2027.23125
786.028,1881.23125
786.219,1947.48125
786.41,1913.73125
786.601,1918.98125
786.792,1949.48125
786.984,1855.48125
787.175,2031.73125
787.366,1933.48125
787.557,1826.98125
787.748,1836.73125
787.939,1889.73125
788.13,1863.48125
788.321,1967.98125
788.512,1993.98125
788.703,1910.23125
788.894,2045.73125
789.084,1929.98125
789.275,1966.48125
789.466,1798.48125
789.657,1934.73125
789.848,1916.73125
790.039,1942.98125
790.229,1940.23125
790.42,2023.73125
790.611,1867.98125
790.801,1991.73125
790.992,1931.98125
791.183,1842.73125
791.373,1856.73125
791.564,1810.48125
791.755,1923.98125
791.945,2061.98125
792.136,1929.73125
792.326,1974.98125
792.517,1885.23125
792.707,1933.73125
792.898,1910.73125
793.088,2061.23125
793.279,1902.48125
793.469,2099.23125
793.66,1978.23125
793.85,2152.23125
794.04,2268.23125
794.231,2351.48125
794.421,2498.48125
794.611,2679.98125
794.802,3224.98125
794.992,3470.48125
795.182,3474.73125
795.372,2990.23125
795.563,2858.98125
795.753,2802.48125
795.943,2564.73125
796.133,2394.73125
796.323,2420.73125
796.513,2176.48125
796.703,2255.23125
796.893,2138.98125
797.083,2037.73125
797.273,2244.48125
797.463,2148.73125
797.653,2098.48125
797.843,2076.98125
798.033,1944.23125
798.223,1881.98125
798.413,2017.23125
798.603,1948.23125
798.793,1813.73125
798.983,1818.98125
799.172,1987.98125
799.362,1743.23125
799.552,1810.73125
799.742,1789.48125
799.932,1777.73125
800.121,1808.48125
800.311,1795.73125
800.501,1740.73125
800.69,1867.23125
800.88,1788.48125
801.07,1730.23125
801.259,1725.73125
801.449,1832.23125
801.638,1901.73125
801.828,1742.23125
802.017,1824.98125
802.207,1865.48125
802.396,1878.48125
802.586,1842.23125
802.775,1722.48125
802.965,1909.23125
803.154,1725.73125
803.343,1721.23125
803.533,1828.98125
803.722,1787.23125
803.911,1824.48125
804.101,1759.98125
804.29,1866.73125
804.479,1712.73125
804.668,1834.48125
804.857,1662.73125
805.047,1677.23125
805.236,1904.98125
805.425,1855.48125
805.614,1857.73125
805.803,1798.48125
805.992,1809.48125
806.181,1813.23125
806.37,1885.73125
806.559,1823.73125
806.748,1790.23125
806.937,1836.98125
807.126,1984.23125
807.315,1893.48125
807.504,1802.73125
807.693,1857.73125
807.882,1879.98125
808.071,1893.23125
808.26,1898.48125
808.448,1912.98125
808.637,1994.73125
808.826,1954.98125
809.015,1996.98125
809.203,2099.98125
809.392,2121.98125
809.581,2025.73125
809.77,2062.98125
809.958,2147.98125
810.147,1955.48125
810.335,2074.98125
810.524,2125.23125
810.713,2212.23125
810.901,2182.98125
811.09,2291.73125
811.278,2216.98125
811.467,2384.73125
811.655,2379.23125
811.844,2264.98125
812.032,2465.98125
812.22,2386.98125
812.409,2458.73125
812.597,2408.98125
812.785,2489.48125
812.974,2499.98125
813.162,2519.98125
813.35,2606.23125
813.539,2637.48125
813.727,2583.23125
813.915,2746.48125
814.103,2757.98125
814.291,2928.23125
814.479,2862.48125
814.668,2831.23125
814.856,2875.73125
815.044,3019.98125
815.232,3101.48125
815.42,3320.73125
815.608,3487.73125
815.796,3466.98125
815.984,3540.98125
816.172,3713.73125
816.36,4023.23125
816.548,4054.23125
816.736,4516.98125
816.924,4951.48125
817.111,5365.73125
817.299,5772.48125
817.487,6432.73125
817.675,7556.98125
817.863,9206.23125
818.05,13052.23125
818.238,23076.980750000002
818.426,33065.48025
818.613,25715.98025
818.801,19403.231
818.989,18238.981
819.176,19531.481
819.364,27807.23025
819.552,38928.98025
819.739,32029.73025
819.927,23547.980750000002
820.114,18981.231
820.302,15535.481
820.489,13268.23125
820.677,11853.73125
820.864,10935.73125
821.052,9880.23125
821.239,9316.48125
821.426,8671.98125
821.614,9096.73125
821.801,9333.73125
821.988,8335.23125
822.176,7963.48125
822.363,7616.98125
822.55,7151.73125
822.737,6755.73125
822.924,6076.23125
823.112,5860.48125
823.299,5410.48125
823.486,5061.98125
823.673,5109.48125
823.86,4725.73125
824.047,4353.23125
824.234,5058.23125
824.421,5012.73125
824.608,4544.23125
824.795,4114.48125
824.982,3939.73125
825.169,3700.98125
825.356,3560.23125
825.543,3419.73125
825.73,3467.48125
825.917,3270.23125
826.104,2961.23125
826.29,3121.23125
826.477,2889.23125
826.664,2827.48125
826.851,2691.23125
827.038,2737.23125
827.224,2701.23125
827.411,2648.23125
827.598,2562.23125
827.784,2547.98125
827.971,2461.73125
828.157,2373.23125
828.344,2349.23125
828.531,2290.48125
828.717,2229.48125
828.904,2128.73125
829.09,2177.48125
829.277,2301.23125
829.463,2107.73125
829.65,2055.98125
829.836,1971.98125
830.022,2058.98125
830.209,2079.48125
830.395,2057.73125
830.581,2055.98125
830.768,1821.73125
830.954,1843.98125
831.14,1953.98125
831.327,1888.23125
831.513,1858.48125
831.699,1785.48125
831.885,1737.23125
832.071,1862.98125
832.257,1722.98125
832.444,1782.23125
832.63,1732.23125
832.816,1712.23125
833.002,1625.48125
833.188,1646.48125
833.374,1563.23125
833.56,1593.98125
833.746,1587.98125
833.932,1597.73125
834.118,1558.73125
834.303,1583.98125
834.489,1504.23125
834.675,1541.48125
834.861,1547.23125
835.047,1637.73125
835.233,1407.98125
835.418,1634.98125
835.604,1530.98125
835.79,1521.48125
835.976,1406.98125
836.161,1586.48125
836.347,1504.48125
836.533,1436.48125
836.718,1483.23125
836.904,1463.23125
837.089,1487.23125
837.275,1392.73125
837.46,1424.48125
837.646,1461.98125
837.831,1438.48125
838.017,1381.98125
838.202,1453.73125
838.388,1464.48125
838.573,1385.98125
838.759,1339.73125
838.944,1496.73125
839.129,1401.48125
839.315,1383.98125
839.5,1407.73125
839.685,1501.73125
839.87,1415.98125
840.056,1409.48125
840.241,1427.48125
840.426,1329.48125
840.611,1408.98125
840.796,1384.23125
840.981,1423.73125
841.166,1532.23125
841.352,1414.48125
841.537,1441.23125
841.722,1450.23125
841.907,1455.73125
842.092,1429.98125
842.277,1561.23125
842.461,1552.48125
842.646,1664.48125
842.831,1489.98125
843.016,1565.23125
843.201,1625.98125
843.386,1646.73125
843.571,1761.98125
843.755,1930.23125
843.94,2027.48125
844.125,2145.23125
844.31,2584.23125
844.494,3364.98125
844.679,4865.98125
844.864,5190.73125
845.048,3819.23125
845.233,3295.23125
845.418,2748.23125
845.602,2516.48125
845.787,2219.98125
845.971,2123.23125
846.156,1943.73125
846.34,1720.98125
846.525,1682.23125
846.709,1612.98125
846.893,1685.23125
847.078,1562.73125
847.262,1491.98125
847.447,1513.73125
847.631,1509.23125
847.815,1420.23125
848.0,1326.23125
848.184,1462.73125
848.368,1246.48125
848.552,1317.98125
848.736,1349.73125
848.921,1291.98125
849.105,1161.23125
849.289,1203.23125
849.473,1154.98125
849.657,1219.73125
849.841,1273.23125
850.025,1194.48125
850.209,1120.23125
850.393,1204.98125
850.577,1169.48125
850.761,1076.23125
850.945,1206.23125
851.129,1204.98125
851.313,1174.48125
851.497,1201.48125
851.68,1058.98125
851.864,1115.23125
852.048,1170.98125
852.232,1248.48125
852.416,1075.23125
852.599,1083.73125
852.783,1092.98125
852.967,1065.98125
853.15,1140.23125
853.334,1091.98125
853.518,1131.48125
853.701,1111.98125
853.885,1064.98125
854.068,1035.98125
854.252,1086.98125
854.435,1122.73125
854.619,1145.48125
854.802,1053.98125
854.986,1070.73125
855.169,1117.98125
855.353,1061.73125
855.536,1174.23125
855.719,1128.48125
855.903,1149.73125
856.086,1102.48125
856.269,1034.98125
856.452,1153.98125
856.636,1202.23125
856.819,1164.98125
857.002,1310.73125
857.185,1268.98125
857.368,1265.48125
857.552,1220.48125
857.735,1256.73125
857.918,1234.48125
858.101,1184.98125
858.284,1132.48125
858.467,1210.73125
858.65,1174.98125
858.833,1254.48125
859.016,1321.48125
859.199,1288.48125
859.382,1361.73125
859.564,1511.98125
859.747,1488.98125
859.93,1392.98125
860.113,1374.23125
860.296,1392.48125
860.478,1282.73125
860.661,1325.23125
860.844,1349.48125
861.027,1324.73125
861.209,1226.23125
861.392,1215.98125
861.575,1261.23125
861.757,1318.73125
861.94,1298.48125
862.122,1364.48125
862.305,1418.73125
862.487,1421.23125
862.67,1350.48125
862.852,1717.48125
863.035,2167.73125
863.217,2196.48125
863.4,1864.23125
863.582,1683.98125
863.764,1609.98125
863.947,1716.73125
864.129,1516.73125
864.311,1474.98125
864.493,1549.23125
864.676,1464.48125
864.858,1492.98125
865.04,1433.48125
865.222,1472.98125
865.404,1501.98125
865.587,1468.48125
865.769,1644.98125
865.951,1623.98125
866.133,1499.73125
866.315,1509.98125
866.497,1480.23125
866.679,1604.48125
866.861,1655.23125
867.043,1673.48125
867.225,1801.48125
867.407,2019.73125
867.589,2076.23125
867.77,2567.48125
867.952,3467.98125
868.134,4991.23125
868.316,5066.98125
868.498,4872.98125
868.679,4152.73125
868.861,3495.98125
869.043,2853.23125
869.224,2567.98125
869.406,2212.98125
869.588,2201.48125
869.769,2019.48125
869.951,1938.48125
870.132,1899.73125
870.314,2281.48125
870.495,2195.23125
870.677,2098.23125
870.858,1982.23125
871.04,2042.73125
871.221,2404.98125
871.403,2452.48125
871.584,2037.73125
871.765,2072.98125
871.947,2282.23125
872.128,2101.48125
872.309,1857.48125
872.491,1638.98125
872.672,1471.98125
872.853,1534.98125
873.034,1458.73125
873.215,1397.73125
873.396,1356.98125
873.578,1265.73125
873.759,1217.98125
873.94,1233.48125
874.121,1157.73125
874.302,1156.48125
874.483,1063.73125
874.664,1121.98125
874.845,1179.73125
875.026,1166.98125
875.207,1121.73125
875.388,1072.73125
875.568,1079.98125
875.749,1012.98125
875.93,1076.73125
876.111,1102.73125
876.292,995.98125
876.472,996.73125
876.653,982.98125
876.834,930.48125
877.015,973.23125
877.195,992.23125
877.376,959.98125
877.556,955.48125
877.737,965.23125
877.918,957.98125
878.098,943.48125
878.279,977.98125
878.459,905.73125
878.64,945.73125
878.82,859.73125
879.0,950.23125
879.181,936.73125
879.361,903.48125
879.542,938.48125
879.722,927.23125
879.902,883.98125
880.083,843.73125
880.263,889.48125
880.443,971.98125
880.623,1072.23125
880.803,1236.98125
880.984,1054.48125
881.164,1027.73125
881.344,958.48125
881.524,965.23125
881.704,987.48125
881.884,1040.48125
882.064,1110.48125
882.244,1081.73125
882.424,1124.23125
882.604,960.73125
882.784,987.23125
882.964,961.98125
883.144,925.48125
883.324,916.73125
883.504,880.73125
883.683,884.48125
883.863,897.98125
884.043,868.23125
884.223,906.23125
884.402,797.98125
884.582,858.48125
884.762,829.98125
884.941,886.98125
885.121,903.98125
885.301,831.48125
885.48,881.73125
885.66,853.23125
885.839,855.98125
886.019,821.23125
886.198,836.73125
886.378,869.73125
886.557,854.73125
886.737,829.98125
886.916,890.73125
887.095,812.73125
887.275,896.98125
887.454,806.23125
887.633,835.48125
887.813,797.23125
887.992,767.98125
888.171,805.73125
888.35,801.98125
888.53,808.73125
888.709,835.73125
888.888,772.98125
889.067,752.98125
889.246,833.98125
889.425,813.23125
889.604,888.73125
889.783,802.48125
889.962,805.48125
890.141,679.98125
890.32,785.23125
890.499,828.48125
890.678,712.23125
890.857,814.48125
891.036,817.48125
891.214,795.48125
891.393,740.48125
891.572,812.23125
891.751,728.73125
891.93,797.73125
892.108,809.23125
892.287,778.23125
892.466,738.73125
892.644,857.98125
892.823,779.98125
893.001,797.73125
893.18,810.73125
893.359,772.23125
893.537,821.23125
893.716,836.48125
893.894,810.73125
894.073,782.23125
894.251,795.23125
894.429,740.48125
894.608,813.23125
894.786,795.73125
894.964,718.48125
895.143,744.23125
895.321,717.98125
895.499,770.23125
895.677,810.23125
895.856,774.23125
896.034,801.48125
896.212,747.48125
896.39,801.48125
896.568,758.23125
896.746,757.23125
896.924,800.98125
897.102,827.73125
897.28,796.23125
897.458,779.48125
897.636,820.23125
897.814,828.98125
897.992,753.98125
898.17,797.73125
898.348,804.73125
898.526,825.48125
898.704,830.48125
898.882,772.48125
899.059,825.48125
899.237,784.23125
899.415,838.73125
899.593,818.48125
899.77,808.73125
899.948,771.23125
900.125,781.73125
900.303,780.73125
900.481,821.23125
900.658,823.23125
900.836,800.48125
901.013,830.98125
901.191,855.98125
901.368,786.48125
901.546,897.98125
901.723,825.23125
901.901,894.98125
902.078,903.48125
902.255,922.23125
902.433,906.48125
902.61,897.23125
902.787,947.23125
902.964,876.48125
903.142,933.73125
903.319,1009.23125
903.496,974.48125
903.673,986.48125
903.85,1083.48125
904.027,1082.23125
904.204,1030.48125
904.381,1145.98125
904.558,1383.98125
904.735,1547.23125
904.912,1366.73125
905.089,1535.73125
905.266,1445.98125
905.443,1286.98125
905.62,1226.73125
905.797,1129.98125
905.974,1138.98125
906.151,1140.98125
906.327,1111.98125
906.504,1123.73125
906.681,1137.48125
906.858,1098.48125
907.034,987.48125
907.211,953.98125
907.388,1009.48125
907.564,977.23125
907.741,951.73125
907.917,973.23125
908.094,941.48125
908.271,887.98125
908.447,988.73125
908.623,870.23125
908.8,908.23125
908.976,895.23125
909.153,839.73125
909.329,891.23125
909.505,864.98125
909.682,936.98125
909.858,883.98125
910.034,887.23125
910.211,886.98125
910.387,855.73125
910.563,896.48125
910.739,891.98125
910.915,819.23125
911.091,842.48125
911.268,871.48125
911.444,840.73125
911.62,814.73125
911.796,885.23125
911.972,800.73125
912.148,805.23125
912.324,910.98125
912.5,865.73125
912.676,844.73125
912.851,765.48125
913.027,784.48125
913.203,901.98125
913.379,762.23125
913.555,798.23125
913.73,812.73125
913.906,789.23125
914.082,797.48125
914.258,841.73125
914.433,777.23125
914.609,820.48125
914.784,800.48125
914.96,735.48125
915.136,814.98125
915.311,839.48125
915.487,789.73125
915.662,768.23125
915.838,864.98125
916.013,842.48125
916.189,745.73125
916.364,830.48125
916.539,836.48125
916.715,890.98125
916.89,890.73125
917.065,810.73125
917.24,782.73125
917.416,826.23125
917.591,798.73125
917.766,798.48125
917.941,886.73125
918.116,836.98125
918.292,823.98125
918.467,898.48125
918.642,876.73125
918.817,858.73125
918.992,769.48125
919.167,850.98125
919.342,852.23125
919.517,865.73125
919.692,893.48125
919.867,840.73125
920.041,895.48125
920.216,881.48125
920.391,939.98125
920.566,948.73125
920.741,1014.23125
920.915,1024.73125
921.09,1176.73125
921.265,1417.98125
921.439,1830.98125
921.614,1570.23125
921.789,1275.48125
921.963,1132.23125
922.138,1083.98125
922.312,1133.73125
922.487,1097.73125
922.661,1189.73125
922.836,1412.98125
923.01,1548.73125
923.185,1353.98125
923.359,1216.23125
923.534,1198.98125
923.708,1289.48125
923.882,1439.73125
924.057,1338.98125
924.231,1260.73125
924.405,1076.23125
924.579,1115.73125
924.753,1107.23125
924.928,1006.98125
925.102,1111.23125
925.276,1075.73125
925.45,1055.98125
925.624,1048.98125
925.798,1077.23125
925.972,1171.23125
926.146,1260.73125
926.32,1374.48125
926.494,1472.73125
926.668,1530.23125
926.842,1540.98125
927.016,1519.73125
927.19,1599.73125
927.363,1487.73125
927.537,1306.98125
927.711,1376.98125
927.885,1377.48125
928.058,1302.73125
928.232,1248.98125
928.406,1296.23125
928.579,1186.48125
928.753,1261.23125
928.927,1167.98125
929.1,1165.48125
929.274,1074.48125
929.447,1109.23125
929.621,1045.48125
929.794,1099.73125
929.968,1010.73125
930.141,1012.73125
930.315,1043.48125
930.488,1009.48125
930.661,1021.98125
930.835,1032.48125
931.008,1009.48125
931.181,971.73125
931.354,964.73125
931.528,962.23125
931.701,965.73125
931.874,926.73125
932.047,950.98125
932.22,917.73125
932.393,921.23125
932.566,911.73125
932.739,872.73125
932.912,893.98125
933.085,808.23125
933.258,924.73125
933.431,767.48125
933.604,889.23125
933.777,853.48125
933.95,876.23125
934.123,827.73125
934.296,855.23125
934.468,869.23125
934.641,826.98125
934.814,872.98125
934.987,876.23125
935.159,930.73125
935.332,832.73125
935.505,877.48125
935.677,837.98125
935.85,849.23125
936.022,872.98125
936.195,852.98125
936.367,846.23125
936.54,861.98125
936.712,873.23125
936.885,803.48125
937.057,872.98125
937.229,934.48125
937.402,874.98125
937.574,978.23125
937.746,872.23125
937.919,934.98125
938.091,986.73125
938.263,1066.98125
938.435,1160.73125
938.608,1298.73125
938.78,1473.48125
938.952,1541.73125
939.124,1540.73125
939.296,1745.23125
939.468,1889.73125
939.64,1570.48125
939.812,1538.98125
939.984,1274.48125
940.156,1244.48125
940.328,1178.98125
940.5,1059.23125
940.672,1063.73125
940.843,1096.48125
941.015,1070.73125
941.187,982.98125
941.359,1044.23125
941.531,1055.73125
941.702,931.48125
941.874,928.98125
942.046,938.23125
942.217,921.73125
942.389,946.98125
942.56,915.98125
942.732,950.48125
942.904,817.48125
943.075,834.23125
943.247,771.98125
943.418,820.23125
943.589,798.23125
943.761,831.23125
943.932,879.98125
944.104,817.48125
944.275,873.73125
944.446,874.23125
944.617,803.98125
944.789,757.98125
944.96,769.23125
945.131,797.23125
945.302,808.48125
945.473,755.98125
945.645,759.23125
945.816,810.98125
945.987,812.23125
946.158,848.98125
946.329,803.23125
946.5,739.23125
946.671,805.48125
946.842,745.23125
947.013,776.48125
947.183,753.73125
947.354,750.98125
947.525,762.23125
947.696,769.73125
947.867,759.23125
948.037,747.48125
948.208,796.23125
948.379,821.98125
948.55,733.23125
948.72,745.98125
948.891,770.23125
949.061,724.98125
949.232,724.23125
949.403,682.98125
949.573,749.98125
949.744,729.23125
949.914,677.23125
950.085,706.73125
950.255,806.48125
950.425,714.48125
950.596,758.98125
950.766,739.73125
950.936,670.73125
951.107,732.23125
951.277,721.73125
951.447,645.48125
951.617,694.23125
951.788,661.73125
951.958,695.48125
952.128,676.23125
952.298,713.73125
952.468,714.73125
952.638,655.23125
952.808,683.73125
952.978,676.23125
953.148,669.73125
953.318,634.48125
953.488,738.48125
953.658,655.73125
953.828,646.23125
953.998,705.23125
954.167,687.73125
954.337,688.23125
954.507,624.23125
954.677,681.73125
954.846,679.23125
955.016,630.98125
955.186,650.23125
955.355,615.48125
955.525,694.98125
955.695,681.98125
955.864,677.48125
956.034,658.48125
956.203,618.23125
956.373,604.48125
956.542,654.98125
956.711,601.48125
956.881,641.48125
957.05,590.73125
957.22,583.23125
957.389,597.48125
957.558,647.23125
957.727,629.23125
957.897,641.48125
958.066,630.98125
958.235,634.48125
958.404,667.98125
958.573,564.48125
958.743,609.73125
958.912,629.48125
959.081,634.73125
959.25,580.98125
959.419,638.23125
959.588,602.48125
959.757,614.98125
959.926,622.73125
960.094,589.48125
960.263,631.98125
960.432,630.23125
960.601,542.98125
960.77,562.23125
960.939,551.23125
961.107,614.48125
961.276,659.98125
961.445,594.98125
961.613,654.48125
961.782,659.73125
961.951,586.73125
962.119,572.48125
962.288,622.98125
962.456,613.23125
962.625,675.98125
962.793,605.73125
962.962,600.73125
963.13,599.73125
963.298,628.23125
963.467,621.98125
963.635,628.48125
963.803,617.48125
963.972,629.98125
964.14,615.48125
964.308,569.48125
964.477,610.73125
964.645,632.48125
964.813,642.48125
964.981,626.23125
965.149,587.73125
965.317,642.98125
965.485,631.73125
965.653,574.23125
965.821,591.98125
965.989,600.73125
966.157,601.48125
966.325,622.48125
966.493,605.73125
966.661,666.98125
966.829,620.23125
966.996,603.48125
967.164,630.73125
967.332,675.23125
967.5,616.23125
967.667,659.48125
967.835,654.98125
968.003,653.48125
968.17,709.73125
968.338,671.98125
968.505,639.98125
968.673,694.98125
968.841,607.23125
969.008,665.98125
969.175,611.98125
969.343,628.98125
969.51,625.98125
969.678,634.48125
969.845,588.73125
970.012,629.48125
970.18,657.98125
970.347,606.98125
970.514,591.23125
970.681,634.23125
970.849,608.23125
971.016,561.48125
971.183,611.73125
971.35,620.73125
971.517,623.73125
971.684,597.23125
971.851,633.73125
972.018,571.48125
972.185,579.48125
972.352,631.73125
972.519,614.73125
972.686,533.48125
972.853,659.98125
973.02,611.23125
973.186,631.48125
973.353,543.98125
973.52,575.23125
973.687,558.48125
973.853,615.48125
974.02,607.73125
974.187,592.23125
974.353,631.23125
974.52,625.23125
974.687,544.23125
974.853,622.98125
975.02,625.98125
975.186,590.23125
975.353,590.48125
975.519,645.98125
975.685,565.73125
975.852,607.23125
976.018,615.98125
976.184,606.73125
976.351,584.98125
976.517,637.73125
976.683,631.98125
976.849,650.48125
977.016,619.48125
977.182,684.48125
977.348,572.98125
977.514,583.98125
977.68,592.48125
977.846,554.73125
978.012,561.73125
978.178,521.98125
978.344,540.98125
978.51,606.73125
978.676,535.73125
978.842,622.98125
979.008,595.98125
979.174,657.48125
979.34,557.48125
979.505,580.23125
979.671,652.98125
979.837,572.98125
980.003,573.23125
980.168,612.23125
980.334,607.23125
980.499,570.98125
980.665,575.23125
980.831,614.48125
980.996,589.98125
981.162,616.98125
981.327,594.98125
981.493,589.73125
981.658,609.73125
981.823,634.48125
981.989,599.73125
982.154,598.98125
982.319,590.23125
982.485,505.48125000000005
982.65,612.23125
982.815,610.23125
982.98,654.48125
983.146,528.73125
983.311,647.48125
983.476,543.98125
983.641,552.98125
983.806,525.73125
983.971,542.23125
984.136,610.73125
984.301,531.48125
984.466,549.23125
984.631,555.98125
984.796,557.23125
984.961,582.48125
985.126,609.23125
985.291,598.73125
985.455,564.48125
985.62,547.98125
985.785,537.73125
985.95,591.73125
986.114,607.73125
986.279,641.73125
986.444,600.48125
986.608,578.48125
986.773,575.48125
986.937,616.73125
987.102,616.48125
987.266,582.73125
987.431,601.23125
987.595,557.23125
987.76,552.73125
987.924,552.23125
988.088,586.98125
988.253,561.73125
988.417,617.23125
988.581,567.73125
988.746,585.23125
988.91,589.48125
989.074,636.98125
989.238,576.73125
989.402,581.48125
989.566,610.73125
989.731,647.73125
989.895,602.98125
990.059,578.23125
990.223,581.73125
990.387,545.73125
990.551,584.73125
990.714,619.98125
990.878,592.23125
991.042,579.48125
991.206,595.73125
991.37,622.98125
991.534,600.98125
991.697,606.23125
991.861,614.48125
992.025,545.98125
992.188,548.23125
992.352,603.48125
992.516,539.73125
992.679,585.23125
992.843,585.48125
993.006,604.98125
993.17,622.23125
993.333,594.98125
993.497,610.48125
993.66,622.48125
993.824,536.48125
993.987,541.73125
994.15,586.48125
994.314,586.73125
994.477,599.98125
994.64,566.23125
994.803,578.23125
994.967,587.23125
995.13,581.98125
995.293,543.48125
995.456,587.98125
995.619,562.98125
995.782,599.48125
995.945,567.48125
996.108,542.23125
996.271,584.98125
996.434,580.48125
996.597,596.23125
996.76,595.48125
996.923,590.98125
997.086,557.98125
997.248,604.73125
997.411,556.98125
997.574,551.73125
997.737,552.48125
997.899,572.23125
998.062,637.73125
998.225,542.73125
998.387,570.98125
998.55,592.73125
998.712,607.23125
998.875,564.23125
999.037,554.73125
999.2,596.98125
999.362,574.98125
999.525,514.98125
999.687,585.73125
999.849,581.98125
1000.012,540.48125
1000.174,580.48125
1000.336,565.48125
1000.499,559.48125
1000.661,608.23125
1000.823,574.73125
1000.985,560.48125
1001.147,589.73125
1001.309,530.23125
1001.471,576.23125
1001.633,581.98125
1001.796,633.73125
1001.958,584.73125
1002.119,552.48125
1002.281,629.48125
1002.443,588.23125
1002.605,687.48125
1002.767,644.73125
1002.929,786.23125
1003.091,735.73125
1003.252,776.23125
1003.414,796.48125
1003.576,780.98125
1003.738,922.73125
1003.899,983.98125
1004.061,969.98125
1004.222,1111.23125
1004.384,1077.23125
1004.546,1102.98125
1004.707,1040.98125
1004.869,1118.98125
1005.03,1178.23125
1005.191,1121.73125
1005.353,1160.98125
1005.514,981.48125
1005.675,1075.98125
1005.837,1026.73125
1005.998,1038.98125
1006.159,959.48125
1006.321,955.23125
1006.482,952.98125
1006.643,1042.73125
1006.804,1058.98125
1006.965,1007.23125
1007.126,996.73125
1007.287,954.98125
1007.448,1030.98125
1007.609,1006.48125
1007.77,1014.48125
1007.931,1044.73125
1008.092,1071.98125
1008.253,1013.73125
1008.414,1044.73125
1008.575,1063.23125
1008.736,1020.23125
1008.896,971.98125
1009.057,1011.73125
1009.218,1026.73125
1009.379,1109.73125
1009.539,1121.48125
1009.7,1061.98125
1009.86,1097.98125
1010.021,1004.48125
1010.182,1070.23125
1010.342,1113.73125
1010.503,1140.73125
1010.663,1117.98125
1010.823,1101.48125
1010.984,1219.73125
1011.144,1145.73125
1011.305,1300.48125
1011.465,1244.23125
1011.625,1332.48125
1011.785,1278.73125
1011.946,1351.48125
1012.106,1375.73125
1012.266,1217.48125
1012.426,1319.73125
1012.586,1287.48125
1012.746,1300.48125
1012.906,1357.73125
1013.066,1287.73125
1013.226,1198.73125
1013.386,1374.73125
1013.546,1226.48125
1013.706,1259.23125
1013.866,1223.73125
1014.026,1293.23125
1014.186,1275.23125
1014.346,1284.73125
1014.505,1282.48125
1014.665,1337.73125
1014.825,1254.48125
1014.985,1281.48125
1015.144,1401.73125
1015.304,1396.23125
1015.464,1335.23125
1015.623,1344.23125
1015.783,1435.73125
1015.942,1436.73125
1016.102,1557.23125
1016.261,1480.48125
1016.42,1573.48125
1016.58,1785.73125
1016.739,1714.23125
1016.899,1786.48125
1017.058,1920.23125
1017.217,1974.48125
1017.376,1941.48125
1017.536,1922.73125
1017.695,1831.48125
1017.854,1752.98125
1018.013,1807.23125
1018.172,1577.48125
1018.331,1680.23125
1018.49,1698.98125
1018.649,1527.98125
1018.808,1756.73125
1018.967,1835.73125
1019.126,1899.48125
1019.285,1894.48125
1019.444,1870.48125
1019.603,1717.98125
1019.762,1759.23125
1019.921,1795.73125
1020.079,1756.98125
1020.238,1886.23125
1020.397,1930.48125
1020.555,1832.98125
1020.714,1826.73125
1020.873,2107.48125
1021.031,1886.48125
1021.19,1921.48125
1021.348,1813.98125
1021.507,1980.98125
1021.665,2018.48125
1021.824,2053.73125
1021.982,1739.23125
1022.141,1822.98125
1022.299,2090.48125
1022.457,2078.73125
1022.616,1875.48125
1022.774,1812.23125
1022.932,1959.73125
1023.09,1937.48125
1023.249,2194.73125
1023.407,1952.23125
1023.565,1914.98125
1023.723,2108.98125
1023.881,2173.73125
1024.039,2150.98125
1024.197,1960.98125
1024.355,1785.48125
1024.513,2001.48125
1024.671,2377.23125
1024.829,2178.98125
1024.987,1976.48125
1025.145,1986.98125
1025.302,2080.23125
1025.46,2274.73125
1025.618,2394.98125
1025.776,1973.23125
1025.933,1993.48125
1026.091,2148.98125
1026.249,2268.73125
1026.406,2300.98125
1026.564,2159.98125
1026.721,2062.48125
1026.879,2060.98125
1027.036,2272.48125
1027.194,2577.73125
1027.351,2188.48125
1027.509,2084.48125
1027.666,1958.98125
1027.823,2194.73125
1027.981,2585.98125
1028.138,2413.23125
1028.295,2288.98125
1028.452,1980.48125
1028.609,2060.23125
1028.767,2407.73125
1028.924,2613.73125
1029.081,2474.98125
1029.238,2166.98125
1029.395,2001.23125
1029.552,2227.98125
1029.709,2679.98125
1029.866,2717.98125
1030.023,2419.98125
1030.18,2184.23125
1030.337,2063.48125
1030.494,2276.48125
1030.65,2532.23125
1030.807,2687.48125
1030.964,2542.48125
1031.121,2378.73125
1031.277,2126.23125
1031.434,2326.98125
1031.591,2558.73125
1031.747,2790.73125
1031.904,2784.98125
1032.06,2409.98125
1032.217,2325.23125
1032.373,2366.23125
1032.53,2539.73125
1032.686,3021.73125
1032.843,2906.48125
1032.999,2682.98125
1033.155,2767.48125
1033.312,2685.73125
1033.468,2878.98125
1033.624,3474.73125
1033.78,3722.98125
1033.937,3873.98125
1034.093,3570.98125
1034.249,3831.98125
1034.405,3506.98125
1034.561,3725.98125
1034.717,3965.73125
1034.873,3887.98125
1035.029,4103.48125
1035.185,3817.98125
1035.341,3601.48125
1035.497,3828.23125
1035.653,3644.48125
1035.809,4417.23125
1035.964,4655.73125
1036.12,4457.48125
1036.276,4503.731250000001
1036.432,4368.731250000001
1036.587,4155.23125
1036.743,4374.23125
1036.899,4326.981250000001
1037.054,4445.231250000001
1037.21,4909.23125
1037.365,5046.48125
1037.521,4874.73125
1037.676,5017.98125
1037.832,4392.481250000001
1037.987,4463.98125
1038.143,4409.73125
1038.298,4856.98125
1038.453,5168.48125
1038.609,5385.23125
1038.764,5234.98125
1038.919,5225.23125
1039.074,5547.98125
1039.229,4949.73125
1039.385,4766.981250000001
1039.54,5193.48125
1039.695,5529.98125
1039.85,5729.98125
1040.005,5733.73125
1040.16,6341.98125
1040.315,6135.73125
1040.47,6173.98125
1040.625,5291.98125
1040.78,5285.48125
1040.935,5531.98125
1041.089,5541.73125
1041.244,6178.98125
1041.399,6299.23125
1041.554,6400.23125
1041.708,6982.48125
1041.863,6944.98125
1042.018,7277.48125
1042.172,7400.98125
1042.327,6407.73125
1042.481,6750.73125
1042.636,6948.23125
1042.791,7363.23125
1042.945,7501.98125
1043.099,7728.23125
1043.254,7523.48125
1043.408,8712.731
1043.563,8878.481
1043.717,8271.731
1043.871,8072.731
1044.025,8098.48125
1044.18,7644.23125
1044.334,7946.48125
1044.488,7948.73125
1044.642,8425.981
1044.796,9885.231
1044.95,10124.481
1045.104,9593.481
1045.258,10667.731
1045.412,10358.231
1045.566,9549.481
1045.72,9656.231
1045.874,9059.731
1046.028,8727.731
1046.182,8467.481
1046.336,9161.731
1046.489,9841.981
1046.643,10114.731
1046.797,10300.731
1046.951,11071.231
1047.104,11241.231
1047.258,11370.481
1047.411,11462.481
1047.565,10981.481
1047.719,10521.231
1047.872,10315.731
1048.026,10337.731
1048.179,10423.731
1048.332,9996.231
1048.486,9424.981
1048.639,10780.481
1048.792,11530.231
1048.946,11629.981
1049.099,13254.481
1049.252,12859.981
1049.406,12200.231
1049.559,12644.731
1049.712,12982.981
1049.865,13463.231
1050.018,13094.231
1050.171,12021.481
1050.324,11667.231
1050.477,11448.481
1050.63,11060.731
1050.783,12294.731
1050.936,12470.731
1051.089,12093.231
1051.242,12903.731
1051.394,13426.231
1051.547,13644.981
1051.7,14151.981
1051.853,14119.731
1052.005,15309.231
1052.158,15314.481
1052.311,16811.981
1052.463,15433.981
1052.616,14691.731
1052.768,14110.231
1052.921,14169.731
1053.073,14677.481
1053.226,14358.981
1053.378,15011.981
1053.531,14920.981
1053.683,14952.981
1053.835,13976.231
1053.988,11249.231
