237.496,888.7125000000001
237.566,892.2125000000001
237.636,915.7125000000001
237.705,906.4625000000001
237.775,859.9625000000001
237.845,879.4625000000001
237.914,874.9625000000001
237.984,898.7125000000001
238.054,879.9625000000001
238.123,902.9625000000001
238.193,884.7125000000001
238.263,873.4625000000001
238.332,862.4625000000001
238.402,916.7125000000001
238.471,870.7125000000001
238.541,861.2125000000001
238.611,899.2125000000001
238.68,914.4625000000001
238.75,913.4625000000001
238.819,906.2125000000001
238.889,915.7125000000001
238.958,859.7125000000001
239.028,860.7125000000001
239.097,872.2125000000001
239.167,894.7125000000001
239.237,874.4625000000001
239.306,884.9625000000001
239.376,922.4625000000001
239.445,913.2125000000001
239.515,914.4625000000001
239.584,863.2125000000001
239.654,928.7125000000001
239.723,875.7125000000001
239.793,881.2125000000001
239.862,891.7125000000001
239.932,848.7125000000001
240.001,892.9625000000001
240.07,866.9625000000001
240.14,860.7125000000001
240.209,907.9625000000001
240.279,877.9625000000001
240.348,876.7125000000001
240.418,878.4625000000001
240.487,846.4625000000001
240.556,886.7125000000001
240.626,897.7125000000001
240.695,864.2125000000001
240.765,870.4625000000001
240.834,854.9625000000001
240.903,854.9625000000001
240.973,826.9625000000001
241.042,849.2125000000001
241.112,870.9625000000001
241.181,890.7125000000001
241.25,856.9625000000001
241.32,864.2125000000001
241.389,854.2125000000001
241.458,866.2125000000001
241.528,899.4625000000001
241.597,857.4625000000001
241.666,827.2125000000001
241.736,883.2125000000001
241.805,850.2125000000001
241.874,825.7125000000001
241.943,846.7125000000001
242.013,821.7125000000001
242.082,795.7125000000001
242.151,825.9625000000001
242.221,839.9625000000001
242.29,823.9625000000001
242.359,857.9625000000001
242.428,850.4625000000001
242.498,797.2125000000001
242.567,854.4625000000001
242.636,809.2125000000001
242.705,810.4625000000001
242.774,856.4625000000001
242.844,816.4625000000001
242.913,826.7125000000001
242.982,818.4625000000001
243.051,782.9625000000001
243.12,827.9625000000001
243.19,828.2125000000001
243.259,833.9625000000001
243.328,812.4625000000001
243.397,833.7125000000001
243.466,848.7125000000001
243.535,845.2125000000001
243.605,838.2125000000001
243.674,830.9625000000001
243.743,822.4625000000001
243.812,793.4625000000001
243.881,856.7125000000001
243.95,801.2125000000001
244.019,830.4625000000001
244.088,800.7125000000001
244.158,799.4625000000001
244.227,802.9625000000001
244.296,828.7125000000001
244.365,794.4625000000001
244.434,798.4625000000001
244.503,796.2125000000001
244.572,814.7125000000001
244.641,801.9625000000001
244.71,842.4625000000001
244.779,785.7125000000001
244.848,784.7125000000001
244.917,825.2125000000001
244.986,750.4625000000001
245.055,775.4625000000001
245.124,796.7125000000001
245.193,754.4625000000001
245.262,772.9625000000001
245.331,767.9625000000001
245.4,772.4625000000001
245.469,743.9625000000001
245.538,716.2125000000001
245.607,743.2125000000001
245.676,736.9625000000001
245.745,712.7125000000001
245.814,732.2125000000001
245.883,792.2125000000001
245.952,751.2125000000001
246.021,718.7125000000001
246.09,706.9625000000001
246.159,683.7125000000001
246.227,715.4625000000001
246.296,741.7125000000001
246.365,703.9625000000001
246.434,715.4625000000001
246.503,667.4625000000001
246.572,679.4625000000001
246.641,720.2125000000001
246.71,708.7125000000001
246.779,666.7125000000001
246.847,667.4625000000001
246.916,670.7125000000001
246.985,689.7125000000001
247.054,663.4625000000001
247.123,667.9625000000001
247.192,655.7125000000001
247.26,674.7125000000001
247.329,665.7125000000001
247.398,655.9625000000001
247.467,703.7125000000001
247.536,690.7125000000001
247.604,672.9625000000001
247.673,692.2125000000001
247.742,656.4625000000001
247.811,668.4625000000001
247.879,670.9625000000001
247.948,662.7125000000001
248.017,690.9625000000001
248.086,683.2125000000001
248.154,658.9625000000001
248.223,651.4625000000001
248.292,699.9625000000001
248.361,635.9625000000001
248.429,643.7125000000001
248.498,668.7125000000001
248.567,683.7125000000001
248.635,659.9625000000001
248.704,628.7125000000001
248.773,645.4625000000001
248.841,673.4625000000001
248.91,662.9625000000001
248.979,672.7125000000001
249.047,653.7125000000001
249.116,616.7125000000001
249.185,652.2125000000001
249.253,670.9625000000001
249.322,632.2125000000001
249.39,639.9625000000001
249.459,652.9625000000001
249.528,624.2125000000001
249.596,608.9625000000001
249.665,639.4625000000001
249.733,634.7125000000001
249.802,627.4625000000001
249.871,621.7125000000001
249.939,623.4625000000001
250.008,631.4625000000001
250.076,625.4625000000001
250.145,678.4625000000001
250.213,624.7125000000001
250.282,593.4625000000001
250.35,610.7125000000001
250.419,618.9625000000001
250.487,633.4625000000001
250.556,630.9625000000001
250.624,605.9625000000001
250.693,594.2125000000001
250.761,565.9625000000001
250.83,555.2125000000001
250.898,607.4625000000001
250.967,576.2125000000001
251.035,595.7125000000001
251.104,620.7125000000001
251.172,605.2125000000001
251.241,581.2125000000001
251.309,607.2125000000001
251.378,626.4625000000001
251.446,613.9625000000001
251.514,605.2125000000001
251.583,563.4625000000001
251.651,609.2125000000001
251.72,573.9625000000001
251.788,567.2125000000001
251.856,556.9625000000001
251.925,538.4625000000001
251.993,556.7125000000001
252.062,591.4625000000001
252.13,569.7125000000001
252.198,564.4625000000001
252.267,551.7125000000001
252.335,554.4625000000001
252.403,564.9625
252.472,568.4625000000001
252.54,549.7125
252.608,543.9625000000001
252.677,541.2125
252.745,529.2125
252.813,553.7125000000001
252.881,514.9625000000001
252.95,510.96250000000003
253.018,491.71250000000003
253.086,504.21250000000003
253.155,507.46250000000003
253.223,491.96250000000003
253.291,493.46250000000003
253.359,445.96250000000003
253.428,441.21250000000003
253.496,459.71250000000003
253.564,452.71250000000003
253.632,489.96250000000003
253.7,470.46250000000003
253.769,461.46250000000003
253.837,486.46250000000003
253.905,474.21250000000003
253.973,426.46250000000003
254.041,450.96250000000003
254.11,428.71250000000003
254.178,458.46250000000003
254.246,463.71250000000003
254.314,438.96250000000003
254.382,438.96250000000003
254.45,436.96250000000003
254.518,434.21250000000003
254.587,443.46250000000003
254.655,469.71250000000003
254.723,418.96250000000003
254.791,478.46250000000003
254.859,455.71250000000003
254.927,444.46250000000003
254.995,469.96250000000003
255.063,444.46250000000003
255.131,450.46250000000003
255.199,450.46250000000003
255.267,445.96250000000003
255.336,447.21250000000003
255.404,437.46250000000003
255.472,447.21250000000003
255.54,446.21250000000003
255.608,512.7125
255.676,465.71250000000003
255.744,448.96250000000003
255.812,451.46250000000003
255.88,471.71250000000003
255.948,466.96250000000003
256.016,475.96250000000003
256.084,480.21250000000003
256.152,494.96250000000003
256.22,458.96250000000003
256.288,487.21250000000003
256.356,514.2125000000001
256.424,520.2125000000001
256.491,543.7125
256.559,528.9625000000001
256.627,520.7125
256.695,501.21250000000003
256.763,535.7125000000001
256.831,547.9625
256.899,546.7125
256.967,557.9625
257.035,534.2125
257.103,523.4625
257.171,563.2125000000001
257.238,579.9625000000001
257.306,590.4625000000001
257.374,593.2125000000001
257.442,612.7125000000001
257.51,585.7125000000001
257.578,636.7125000000001
257.646,636.7125000000001
257.713,626.7125000000001
257.781,647.7125000000001
257.849,660.4625000000001
257.917,678.9625000000001
257.985,694.7125000000001
258.052,654.4625000000001
258.12,698.2125000000001
258.188,712.2125000000001
258.256,770.9625000000001
258.324,736.4625000000001
258.391,735.2125000000001
258.459,706.4625000000001
258.527,763.4625000000001
258.595,746.4625000000001
258.662,736.9625000000001
258.73,756.4625000000001
258.798,763.7125000000001
258.865,820.2125000000001
258.933,802.9625000000001
259.001,815.9625000000001
259.069,825.2125000000001
259.136,896.7125000000001
259.204,850.2125000000001
259.272,877.7125000000001
259.339,884.4625000000001
259.407,903.4625000000001
259.475,894.7125000000001
259.542,910.2125000000001
259.61,885.4625000000001
259.677,918.2125000000001
259.745,983.2125000000001
259.813,930.9625000000001
259.88,984.7125000000001
259.948,967.7125000000001
260.016,962.2125000000001
260.083,1065.9625
260.151,983.7125000000001
260.218,1020.2125000000001
260.286,1069.4625
260.353,1064.4625
260.421,1047.2125
260.489,1079.9625
260.556,1107.7125
260.624,1063.9625
260.691,1115.4625
260.759,1129.2125
260.826,1120.4625
260.894,1193.4625
260.961,1210.7125
261.029,1221.4625
261.096,1206.2125
261.164,1200.2125
261.231,1223.7125
261.299,1222.7125
261.366,1248.2125
261.434,1252.2125
261.501,1269.9625
261.568,1306.4625
261.636,1323.2125
261.703,1315.7125
261.771,1321.2125
261.838,1373.4625
261.906,1388.7125
261.973,1392.7125
262.04,1408.9625
262.108,1376.4625
262.175,1456.2125
262.243,1438.7125
262.31,1469.7125
262.377,1459.7125
262.445,1493.2125
262.512,1404.2125
262.579,1472.9625
262.647,1514.2125
262.714,1493.9625
262.781,1566.2125
262.849,1548.7125
262.916,1557.7125
262.983,1601.4625
263.051,1523.4625
263.118,1647.2125
263.185,1603.9625
263.252,1585.9625
263.32,1672.9625
263.387,1691.7125
263.454,1627.2125
263.522,1673.2125
263.589,1696.9625
263.656,1720.2125
263.723,1720.4625
263.79,1723.9624999999999
263.858,1787.7124999999999
263.925,1809.7124999999999
263.992,1747.2125
264.059,1841.9624999999999
264.126,1800.7124999999999
264.194,1815.9624999999999
264.261,1860.9624999999999
264.328,1832.2124999999999
264.395,1848.4624999999999
264.462,1839.9624999999999
264.529,1836.9624999999999
264.597,1836.2124999999999
264.664,1898.7124999999999
264.731,1935.7124999999999
264.798,1937.9624999999999
264.865,1923.4624999999999
264.932,1920.9624999999999
264.999,1918.9624999999999
265.066,1969.4624999999999
265.133,1954.7124999999999
265.201,1995.9624999999999
265.268,1998.7124999999999
265.335,2042.7124999999999
265.402,2010.9624999999999
265.469,2058.9625
265.536,2037.4624999999999
265.603,2099.2125
265.67,2033.4624999999999
265.737,2069.2125
265.804,2108.2125
265.871,2117.7125
265.938,2149.7124999999996
266.005,2129.4625
266.072,2111.9625
266.139,2124.9625
266.206,2193.4624999999996
266.273,2142.4625
266.34,2189.9624999999996
266.407,2242.4624999999996
266.474,2194.2125
266.541,2234.7124999999996
266.608,2233.9624999999996
266.675,2223.7124999999996
266.742,2277.4624999999996
266.808,2261.2124999999996
266.875,2261.7124999999996
266.942,2319.9624999999996
267.009,2249.4624999999996
267.076,2251.9624999999996
267.143,2292.7124999999996
267.21,2323.4624999999996
267.277,2318.7124999999996
267.344,2320.4624999999996
267.41,2276.2124999999996
267.477,2374.9624999999996
267.544,2366.4624999999996
267.611,2412.9624999999996
267.678,2315.2124999999996
267.745,2337.2124999999996
267.811,2360.2124999999996
267.878,2399.2124999999996
267.945,2428.4624999999996
268.012,2415.9624999999996
268.079,2389.2124999999996
268.145,2395.2124999999996
268.212,2383.4624999999996
268.279,2446.9624999999996
268.346,2364.2124999999996
268.412,2376.7124999999996
268.479,2414.4624999999996
268.546,2417.4624999999996
268.613,2461.4624999999996
268.679,2407.2124999999996
268.746,2408.4624999999996
268.813,2418.4624999999996
268.879,2418.9624999999996
268.946,2437.4624999999996
269.013,2453.2124999999996
269.079,2420.9624999999996
269.146,2418.9624999999996
269.213,2440.4624999999996
269.28,2378.4624999999996
269.346,2433.7124999999996
269.413,2446.4624999999996
269.479,2493.9624999999996
269.546,2445.7124999999996
269.613,2425.4624999999996
269.679,2415.7124999999996
269.746,2441.4624999999996
269.813,2431.7124999999996
269.879,2412.9624999999996
269.946,2443.2124999999996
270.012,2481.9624999999996
270.079,2430.9624999999996
270.145,2436.9624999999996
270.212,2483.2124999999996
270.279,2476.2124999999996
270.345,2461.4624999999996
270.412,2418.2124999999996
270.478,2459.4624999999996
270.545,2508.2124999999996
270.611,2450.2124999999996
270.678,2465.4624999999996
270.744,2439.2124999999996
270.811,2403.9624999999996
270.877,2432.2124999999996
270.944,2430.7124999999996
271.01,2444.7124999999996
271.077,2478.7124999999996
271.143,2419.9624999999996
271.21,2469.9624999999996
271.276,2479.4624999999996
271.342,2449.9624999999996
271.409,2507.9624999999996
271.475,2468.4624999999996
271.542,2427.7124999999996
271.608,2462.9624999999996
271.675,2449.4624999999996
271.741,2473.4624999999996
271.807,2479.7124999999996
271.874,2466.2124999999996
271.94,2468.9624999999996
272.007,2422.4624999999996
272.073,2527.7124999999996
272.139,2466.7124999999996
272.206,2499.2124999999996
272.272,2453.4624999999996
272.338,2512.4624999999996
272.405,2505.2124999999996
272.471,2468.4624999999996
272.537,2513.2124999999996
272.604,2490.9624999999996
272.67,2546.4624999999996
272.736,2484.9624999999996
272.802,2502.2124999999996
272.869,2562.2124999999996
272.935,2609.7124999999996
273.001,2536.9624999999996
273.068,2612.2124999999996
273.134,2615.7124999999996
273.2,2659.4624999999996
273.266,2608.4624999999996
273.333,2673.4624999999996
273.399,2597.7124999999996
273.465,2603.9624999999996
273.531,2632.2124999999996
273.597,2682.4624999999996
273.664,2655.9624999999996
273.73,2681.9624999999996
273.796,2712.4624999999996
273.862,2712.7124999999996
273.928,2657.7124999999996
273.995,2730.4624999999996
274.061,2788.9624999999996
274.127,2803.2124999999996
274.193,2747.4624999999996
274.259,2804.4624999999996
274.325,2796.4624999999996
274.391,2840.4624999999996
274.457,2824.9624999999996
274.524,2817.7124999999996
274.59,2788.2124999999996
274.656,2872.7124999999996
274.722,2883.4624999999996
274.788,2907.4624999999996
274.854,2948.9624999999996
274.92,2995.2124999999996
274.986,3036.9624999999996
275.052,2973.4624999999996
275.118,3059.2124999999996
275.184,3071.4624999999996
275.25,3026.2124999999996
275.316,3107.4624999999996
275.382,3112.9624999999996
275.448,3161.2124999999996
275.514,3122.4624999999996
275.58,3215.2124999999996
275.646,3223.7124999999996
275.712,3333.7124999999996
275.778,3350.4624999999996
275.844,3308.7124999999996
275.91,3379.7124999999996
275.976,3511.9624999999996
276.042,3476.4624999999996
276.108,3509.9624999999996
276.174,3624.4624999999996
276.24,3636.4624999999996
276.306,3726.9624999999996
276.372,3812.4624999999996
276.437,3796.2124999999996
276.503,3871.2124999999996
276.569,3940.7124999999996
276.635,3959.2124999999996
276.701,4132.9625
276.767,4056.4624999999996
276.833,4164.2125
276.899,4258.7125
276.964,4349.2125
277.03,4470.9625
277.096,4571.2125
277.162,4657.9625
277.228,4815.4625
277.293,4956.2125
277.359,5044.2125
277.425,5301.2125
277.491,5557.4625
277.557,6538.4625
277.622,8075.712500000001
277.688,8131.212500000001
277.754,8350.7125
277.82,9072.712500000001
277.885,10049.962500000001
277.951,11676.962500000001
278.017,10635.962500000001
278.083,9860.712500000001
278.148,9426.462500000001
278.214,9595.962500000001
278.28,9976.712500000001
278.345,9331.462500000001
278.411,8854.462500000001
278.477,9044.462500000001
278.542,9583.712500000001
278.608,10251.962500000001
278.674,11117.212500000001
278.739,12234.212500000001
278.805,13549.962500000001
278.871,15485.96225
278.936,18683.46225
279.002,24758.46225
279.067,30496.71225
279.133,30111.46225
279.199,28415.46225
279.264,29196.71225
279.33,32290.96225
279.395,37485.96274999999
279.461,40281.96274999999
279.527,41063.46274999999
279.592,42223.71274999999
279.658,41014.71274999999
279.723,41049.71274999999
279.789,41696.21274999999
279.854,39016.21274999999
279.92,34628.46225
279.985,32507.962249999997
280.051,33002.71225
280.116,36248.96274999999
280.182,40024.71274999999
280.247,41683.21274999999
280.313,39878.46274999999
280.378,34158.96225
280.444,27854.21225
280.509,23359.96225
280.574,20266.71225
280.64,17842.21225
280.705,16311.71225
280.771,14913.71225
280.836,13762.712500000001
280.902,13104.462500000001
280.967,12198.212500000001
281.032,11727.462500000001
281.098,11103.962500000001
281.163,10660.462500000001
281.229,10085.212500000001
281.294,9724.712500000001
281.359,9354.462500000001
281.425,9165.962500000001
281.49,8824.212500000001
281.555,8501.2125
281.621,8344.4625
281.686,8025.712500000001
281.751,7811.212500000001
281.816,7598.962500000001
281.882,7383.212500000001
281.947,7316.212500000001
282.012,7060.4625
282.078,6950.7125
282.143,6855.4625
282.208,6715.2125
282.273,6603.2125
282.339,6497.9625
282.404,6362.7125
282.469,6207.4625
282.534,6206.7125
282.6,6113.9625
282.665,5914.9625
282.73,5925.4625
282.795,5881.2125
282.86,5778.4625
282.926,5732.2125
282.991,5624.9625
283.056,5656.2125
283.121,5511.2125
283.186,5468.7125
283.251,5464.7125
283.316,5368.7125
283.382,5287.2125
283.447,5258.2125
283.512,5213.2125
283.577,5158.9625
283.642,5141.9625
283.707,5087.2125
283.772,5173.7125
283.837,5053.2125
283.902,4967.9625
283.967,5062.9625
284.032,4981.4625
284.097,5046.7125
284.163,5032.4625
284.228,4989.4625
284.293,5032.7125
284.358,5079.9625
284.423,5172.4625
284.488,5358.4625
284.553,5395.2125
284.618,5434.9625
284.683,5643.7125
284.748,6005.7125
284.812,6429.2125
284.877,7001.2125
284.942,7724.712500000001
285.007,8845.962500000001
285.072,10468.962500000001
285.137,12246.712500000001
285.202,14677.462500000001
285.267,15333.962500000001
285.332,13335.962500000001
285.397,10925.462500000001
285.462,9377.462500000001
285.527,8166.462500000001
285.591,7434.212500000001
285.656,6700.7125
285.721,6306.2125
285.786,6083.7125
285.851,5702.2125
285.916,5510.4625
285.981,5318.9625
286.045,5164.2125
286.11,5017.9625
286.175,5015.2125
286.24,5006.9625
286.305,4896.2125
286.369,4770.2125
286.434,4769.9625
286.499,4665.9625
286.564,4626.2125
286.628,4639.2125
286.693,4536.7125
286.758,4576.9625
286.823,4488.7125
286.887,4471.7125
286.952,4460.2125
287.017,4487.9625
287.082,4516.4625
287.146,4499.9625
287.211,4426.2125
287.276,4359.7125
287.34,4370.9625
287.405,4346.4625
287.47,4347.7125
287.534,4318.7125
287.599,4241.9625
287.663,4288.9625
287.728,4360.4625
287.793,4283.7125
287.857,4276.2125
287.922,4257.4625
287.987,4270.7125
288.051,4336.4625
288.116,4263.9625
288.18,4253.4625
288.245,4200.7125
288.309,4223.7125
288.374,4282.4625
288.439,4258.9625
288.503,4123.9625
288.568,4184.9625
288.632,4199.9625
288.697,4196.9625
288.761,4188.7125
288.826,4186.4625
288.89,4225.7125
288.955,4154.4625
289.019,4190.2125
289.084,4168.4625
289.148,4186.9625
289.212,4114.4625
289.277,4081.9624999999996
289.341,4125.7125
289.406,4055.7124999999996
289.47,4104.4625
289.535,4107.7125
289.599,4181.9625
289.663,4109.9625
289.728,4077.4624999999996
289.792,4097.2125
289.857,4114.9625
289.921,4110.9625
289.985,4122.7125
290.05,4084.7124999999996
290.114,4086.7124999999996
290.178,4128.4625
290.243,4038.2124999999996
290.307,4121.9625
290.371,4149.4625
290.436,4149.9625
290.5,4136.9625
290.564,4091.2124999999996
290.629,4163.4625
290.693,4107.2125
290.757,4147.9625
290.821,4166.4625
290.886,4107.7125
290.95,4178.2125
291.014,4192.4625
291.078,4230.2125
291.143,4358.4625
291.207,4282.9625
291.271,4283.7125
291.335,4372.2125
291.399,4518.2125
291.464,4755.4625
291.528,4857.4625
291.592,4752.9625
291.656,4625.7125
291.72,4523.9625
291.784,4489.7125
291.849,4477.4625
291.913,4472.2125
291.977,4437.4625
292.041,4472.7125
292.105,4514.4625
292.169,4560.9625
292.233,4647.7125
292.297,4662.2125
292.361,4724.9625
292.425,4830.7125
292.49,5029.7125
292.554,5095.4625
292.618,5271.7125
292.682,5684.7125
292.746,6383.4625
292.81,7738.462500000001
292.874,9467.462500000001
292.938,9735.462500000001
293.002,8979.462500000001
293.066,8467.9625
293.13,7876.712500000001
293.194,7591.462500000001
293.258,7335.9625
293.322,7224.462500000001
293.386,7424.962500000001
293.45,7738.462500000001
293.514,8549.4625
293.577,10484.712500000001
293.641,13448.212500000001
293.705,14351.962500000001
293.769,13436.712500000001
293.833,11971.712500000001
293.897,10712.712500000001
293.961,9777.712500000001
294.025,8984.212500000001
294.089,8389.2125
294.152,7884.212500000001
294.216,7369.962500000001
294.28,7093.962500000001
294.344,6749.2125
294.408,6435.7125
294.472,6186.2125
294.536,5988.4625
294.599,5897.2125
294.663,5709.2125
294.727,5564.9625
294.791,5409.7125
294.855,5307.7125
294.918,5223.2125
294.982,5138.4625
295.046,5030.4625
295.11,4943.2125
295.173,4808.7125
295.237,4802.2125
295.301,4791.4625
295.364,4732.7125
295.428,4677.2125
295.492,4592.2125
295.556,4587.7125
295.619,4506.9625
295.683,4495.4625
295.747,4460.2125
295.81,4386.4625
295.874,4426.9625
295.938,4353.9625
296.001,4228.7125
296.065,4260.7125
296.128,4247.7125
296.192,4285.2125
296.256,4190.2125
296.319,4114.4625
296.383,4198.9625
296.447,4074.9624999999996
296.51,4092.2124999999996
296.574,4012.9624999999996
296.637,4086.4624999999996
296.701,4066.4624999999996
296.764,4003.7124999999996
296.828,3974.2124999999996
296.891,3942.9624999999996
296.955,4000.2124999999996
297.018,3963.9624999999996
297.082,3989.9624999999996
297.145,3890.7124999999996
297.209,3854.7124999999996
297.272,3877.7124999999996
297.336,3925.4624999999996
297.399,3884.9624999999996
297.463,3858.9624999999996
297.526,3834.4624999999996
297.59,3822.7124999999996
297.653,3776.2124999999996
297.717,3827.9624999999996
297.78,3787.4624999999996
297.843,3767.4624999999996
297.907,3808.4624999999996
297.97,3720.7124999999996
298.034,3796.2124999999996
298.097,3739.4624999999996
298.16,3734.4624999999996
298.224,3730.4624999999996
298.287,3693.7124999999996
298.35,3662.7124999999996
298.414,3602.4624999999996
298.477,3698.7124999999996
298.54,3634.2124999999996
298.604,3640.9624999999996
298.667,3628.4624999999996
298.73,3540.9624999999996
298.794,3561.4624999999996
298.857,3529.4624999999996
298.92,3598.7124999999996
298.984,3553.4624999999996
299.047,3511.4624999999996
299.11,3465.7124999999996
299.173,3487.9624999999996
299.237,3474.4624999999996
299.3,3488.7124999999996
299.363,3448.4624999999996
299.426,3414.9624999999996
299.489,3435.7124999999996
299.553,3428.4624999999996
299.616,3389.4624999999996
299.679,3467.4624999999996
299.742,3392.9624999999996
299.805,3399.7124999999996
299.868,3348.7124999999996
299.932,3316.2124999999996
299.995,3270.7124999999996
300.058,3389.4624999999996
300.121,3292.4624999999996
300.184,3326.2124999999996
300.247,3321.2124999999996
300.31,3339.9624999999996
300.374,3298.2124999999996
300.437,3265.2124999999996
300.5,3284.2124999999996
300.563,3279.7124999999996
300.626,3315.2124999999996
300.689,3314.2124999999996
300.752,3247.7124999999996
300.815,3188.7124999999996
300.878,3207.7124999999996
300.941,3233.7124999999996
301.004,3210.7124999999996
301.067,3243.4624999999996
301.13,3248.7124999999996
301.193,3235.4624999999996
301.256,3228.9624999999996
301.319,3195.9624999999996
301.382,3235.2124999999996
301.445,3192.9624999999996
301.508,3203.4624999999996
301.571,3113.2124999999996
301.634,3110.9624999999996
301.697,3187.2124999999996
301.76,3085.7124999999996
301.823,3092.7124999999996
301.885,3166.4624999999996
301.948,3153.2124999999996
302.011,3166.2124999999996
302.074,3137.7124999999996
302.137,3095.7124999999996
302.2,3135.2124999999996
302.263,3076.7124999999996
302.326,3092.7124999999996
302.388,3084.7124999999996
302.451,3094.9624999999996
302.514,3089.2124999999996
302.577,3095.4624999999996
302.64,3115.7124999999996
302.703,3058.4624999999996
302.765,3042.9624999999996
302.828,3085.2124999999996
302.891,3064.2124999999996
302.954,3100.7124999999996
303.016,3072.2124999999996
303.079,3058.4624999999996
303.142,3049.2124999999996
303.205,3089.9624999999996
303.267,3063.4624999999996
303.33,2999.2124999999996
303.393,3006.2124999999996
303.456,3049.4624999999996
303.518,3073.7124999999996
303.581,3058.2124999999996
303.644,3014.7124999999996
303.706,3098.7124999999996
303.769,3101.2124999999996
303.832,3010.9624999999996
303.894,3074.2124999999996
303.957,3072.9624999999996
304.02,3080.4624999999996
304.082,3021.9624999999996
304.145,3063.7124999999996
304.207,3051.2124999999996
304.27,3052.9624999999996
304.333,3000.4624999999996
304.395,3071.7124999999996
304.458,3004.9624999999996
304.52,3008.2124999999996
304.583,3042.9624999999996
304.646,3069.7124999999996
304.708,3052.7124999999996
304.771,3046.9624999999996
304.833,3035.2124999999996
304.896,3053.7124999999996
304.958,3058.2124999999996
305.021,3037.9624999999996
305.083,3035.2124999999996
305.146,3057.7124999999996
305.208,2999.9624999999996
305.271,3038.7124999999996
305.333,3116.4624999999996
305.396,3049.7124999999996
305.458,3025.9624999999996
305.52,3044.9624999999996
305.583,3068.4624999999996
305.645,3052.7124999999996
305.708,3071.4624999999996
305.77,3047.2124999999996
305.833,2984.2124999999996
305.895,2982.4624999999996
305.957,3035.9624999999996
306.02,2985.9624999999996
306.082,3029.7124999999996
306.144,3050.2124999999996
306.207,3044.2124999999996
306.269,3054.2124999999996
306.331,3018.9624999999996
306.394,3041.4624999999996
306.456,3010.7124999999996
306.518,3043.7124999999996
306.581,3078.2124999999996
306.643,3082.2124999999996
306.705,3072.4624999999996
306.768,3101.4624999999996
306.83,3074.4624999999996
306.892,3095.2124999999996
306.954,3121.4624999999996
307.017,3120.9624999999996
307.079,3099.2124999999996
307.141,3101.4624999999996
307.203,3144.2124999999996
307.266,3149.7124999999996
307.328,3134.4624999999996
307.39,3198.9624999999996
307.452,3115.4624999999996
307.514,3158.9624999999996
307.577,3101.9624999999996
307.639,3171.2124999999996
307.701,3110.9624999999996
307.763,3185.9624999999996
307.825,3200.2124999999996
307.887,3187.9624999999996
307.949,3229.9624999999996
308.012,3166.2124999999996
308.074,3226.4624999999996
308.136,3201.9624999999996
308.198,3273.9624999999996
308.26,3282.9624999999996
308.322,3260.2124999999996
308.384,3252.2124999999996
308.446,3297.7124999999996
308.508,3289.7124999999996
308.57,3281.9624999999996
308.632,3300.2124999999996
308.694,3381.7124999999996
308.756,3362.9624999999996
308.818,3365.9624999999996
308.88,3414.2124999999996
308.942,3426.2124999999996
309.004,3478.9624999999996
309.066,3520.7124999999996
309.128,3486.2124999999996
309.19,3678.7124999999996
309.252,3691.7124999999996
309.314,3664.2124999999996
309.376,3766.7124999999996
309.438,3709.7124999999996
309.5,3780.2124999999996
309.562,3772.4624999999996
309.624,3812.7124999999996
309.686,3908.9624999999996
309.747,3915.4624999999996
309.809,3843.9624999999996
309.871,3754.7124999999996
309.933,3761.4624999999996
309.995,3696.7124999999996
310.057,3663.7124999999996
310.119,3620.2124999999996
310.18,3561.9624999999996
310.242,3570.2124999999996
310.304,3609.9624999999996
310.366,3586.2124999999996
310.428,3478.2124999999996
310.489,3470.7124999999996
310.551,3453.9624999999996
310.613,3458.7124999999996
310.675,3433.7124999999996
310.737,3404.7124999999996
310.798,3443.2124999999996
310.86,3404.7124999999996
310.922,3433.4624999999996
310.983,3410.2124999999996
311.045,3378.9624999999996
311.107,3422.2124999999996
311.169,3374.9624999999996
311.23,3378.9624999999996
311.292,3388.2124999999996
311.354,3346.9624999999996
311.415,3391.7124999999996
311.477,3390.9624999999996
311.539,3364.9624999999996
311.6,3352.2124999999996
311.662,3375.4624999999996
311.724,3326.9624999999996
311.785,3297.7124999999996
311.847,3249.9624999999996
311.908,3302.9624999999996
311.97,3323.7124999999996
312.032,3271.7124999999996
312.093,3329.9624999999996
312.155,3358.7124999999996
312.216,3345.7124999999996
312.278,3321.4624999999996
312.339,3286.2124999999996
312.401,3293.4624999999996
312.462,3289.9624999999996
312.524,3329.4624999999996
312.585,3342.2124999999996
312.647,3307.2124999999996
312.708,3313.2124999999996
312.77,3348.9624999999996
312.831,3357.4624999999996
312.893,3394.2124999999996
312.954,3273.2124999999996
313.016,3300.7124999999996
313.077,3306.7124999999996
313.139,3356.2124999999996
313.2,3315.2124999999996
313.261,3341.7124999999996
313.323,3371.2124999999996
313.384,3382.9624999999996
313.446,3345.7124999999996
313.507,3336.2124999999996
313.568,3322.7124999999996
313.63,3300.7124999999996
313.691,3235.2124999999996
313.752,3327.9624999999996
313.814,3295.7124999999996
313.875,3284.9624999999996
313.936,3311.4624999999996
313.998,3282.4624999999996
314.059,3302.4624999999996
314.12,3324.9624999999996
314.182,3328.9624999999996
314.243,3337.2124999999996
314.304,3341.4624999999996
314.365,3350.9624999999996
314.427,3343.7124999999996
314.488,3304.2124999999996
314.549,3301.2124999999996
314.61,3240.7124999999996
314.672,3280.2124999999996
314.733,3299.4624999999996
314.794,3283.7124999999996
314.855,3253.7124999999996
314.917,3237.9624999999996
314.978,3226.2124999999996
315.039,3281.7124999999996
315.1,3243.4624999999996
315.161,3292.2124999999996
315.222,3309.9624999999996
315.283,3207.2124999999996
315.345,3276.4624999999996
315.406,3244.2124999999996
315.467,3262.2124999999996
315.528,3295.2124999999996
315.589,3234.4624999999996
315.65,3268.7124999999996
315.711,3231.2124999999996
315.772,3258.2124999999996
315.833,3194.9624999999996
315.894,3277.4624999999996
315.955,3251.2124999999996
316.016,3221.2124999999996
316.078,3226.4624999999996
316.139,3187.2124999999996
316.2,3196.2124999999996
316.261,3280.7124999999996
316.322,3230.7124999999996
316.383,3220.7124999999996
316.444,3177.7124999999996
316.504,3218.7124999999996
316.565,3195.4624999999996
316.626,3193.9624999999996
316.687,3227.4624999999996
316.748,3233.4624999999996
316.809,3259.7124999999996
316.87,3245.9624999999996
316.931,3202.9624999999996
316.992,3211.2124999999996
317.053,3168.7124999999996
317.114,3213.9624999999996
317.175,3174.4624999999996
317.235,3186.4624999999996
317.296,3113.7124999999996
317.357,3194.9624999999996
317.418,3188.2124999999996
317.479,3158.2124999999996
317.54,3131.2124999999996
317.601,3183.4624999999996
317.661,3171.7124999999996
317.722,3128.7124999999996
317.783,3175.2124999999996
317.844,3178.7124999999996
317.904,3135.9624999999996
317.965,3171.4624999999996
318.026,3169.4624999999996
318.087,3187.7124999999996
318.148,3087.9624999999996
318.208,3160.7124999999996
318.269,3211.2124999999996
318.33,3199.2124999999996
318.39,3160.9624999999996
318.451,3190.7124999999996
318.512,3149.9624999999996
318.572,3099.9624999999996
318.633,3160.4624999999996
318.694,3260.2124999999996
318.754,3159.9624999999996
318.815,3122.7124999999996
318.876,3147.9624999999996
318.936,3131.4624999999996
318.997,3142.7124999999996
319.058,3107.7124999999996
319.118,3115.4624999999996
319.179,3117.2124999999996
319.239,3100.9624999999996
319.3,3108.9624999999996
319.361,3144.4624999999996
319.421,3109.4624999999996
319.482,3056.2124999999996
319.542,3080.9624999999996
319.603,3128.2124999999996
319.663,3142.9624999999996
319.724,3074.9624999999996
319.784,3093.2124999999996
319.845,3119.9624999999996
319.905,3064.7124999999996
319.966,3065.9624999999996
320.026,3081.9624999999996
320.087,3085.7124999999996
320.147,3104.4624999999996
320.208,3109.9624999999996
320.268,3070.7124999999996
320.329,3080.7124999999996
320.389,3074.9624999999996
320.449,3092.2124999999996
320.51,3051.2124999999996
320.57,3117.4624999999996
320.631,3079.7124999999996
320.691,3098.9624999999996
320.751,3040.7124999999996
320.812,3051.9624999999996
320.872,3041.2124999999996
320.932,3063.4624999999996
320.993,3050.4624999999996
321.053,3075.2124999999996
321.113,3044.2124999999996
321.174,3052.2124999999996
321.234,3078.9624999999996
321.294,3070.9624999999996
321.355,3038.7124999999996
321.415,3052.7124999999996
321.475,3074.7124999999996
321.535,3038.7124999999996
321.596,3073.2124999999996
321.656,3018.4624999999996
321.716,2996.7124999999996
321.776,3064.2124999999996
321.837,3016.2124999999996
321.897,3037.7124999999996
321.957,3011.2124999999996
322.017,3072.4624999999996
322.077,3040.9624999999996
322.138,3019.9624999999996
322.198,3010.9624999999996
322.258,3037.9624999999996
322.318,3073.7124999999996
322.378,2977.7124999999996
322.438,2971.4624999999996
322.499,2964.9624999999996
322.559,2964.4624999999996
322.619,2976.4624999999996
322.679,2861.7124999999996
322.739,2944.9624999999996
322.799,3020.4624999999996
322.859,2986.7124999999996
322.919,3005.2124999999996
322.979,2968.9624999999996
323.039,3005.7124999999996
323.099,2985.7124999999996
323.159,2990.9624999999996
323.219,2958.7124999999996
323.279,3012.7124999999996
323.339,3007.9624999999996
323.399,2964.4624999999996
323.459,3013.4624999999996
323.519,3025.7124999999996
323.579,2998.7124999999996
323.639,3093.4624999999996
323.699,3011.4624999999996
323.759,2983.2124999999996
323.819,3003.4624999999996
323.879,3000.9624999999996
323.939,2893.7124999999996
323.999,2982.9624999999996
324.059,3001.2124999999996
324.119,2967.2124999999996
324.178,3018.2124999999996
324.238,2995.9624999999996
324.298,2968.2124999999996
324.358,2977.2124999999996
324.418,2915.2124999999996
324.478,2971.2124999999996
324.538,2938.7124999999996
324.597,2939.7124999999996
324.657,2898.2124999999996
324.717,2956.9624999999996
324.777,2928.4624999999996
324.837,2948.4624999999996
324.896,2931.4624999999996
324.956,2911.2124999999996
325.016,2940.9624999999996
325.076,2955.2124999999996
325.135,2914.2124999999996
325.195,2988.2124999999996
325.255,2907.7124999999996
325.315,2981.2124999999996
325.374,2930.4624999999996
325.434,2916.7124999999996
325.494,2960.9624999999996
325.553,2916.4624999999996
325.613,2945.2124999999996
325.673,2913.2124999999996
325.732,2969.4624999999996
325.792,2934.7124999999996
325.852,2899.7124999999996
325.911,2905.2124999999996
325.971,2942.7124999999996
326.031,2926.4624999999996
326.09,2889.9624999999996
326.15,2885.9624999999996
326.209,2957.7124999999996
326.269,2907.4624999999996
326.328,2915.2124999999996
326.388,2900.9624999999996
326.448,2929.7124999999996
326.507,2892.4624999999996
326.567,2896.2124999999996
326.626,2861.2124999999996
326.686,2869.9624999999996
326.745,2836.7124999999996
326.805,2874.9624999999996
326.864,2898.7124999999996
326.924,2798.7124999999996
326.983,2826.4624999999996
327.043,2831.7124999999996
327.102,2807.7124999999996
327.161,2861.2124999999996
327.221,2778.4624999999996
327.28,2817.7124999999996
327.34,2810.9624999999996
327.399,2834.9624999999996
327.459,2848.4624999999996
327.518,2808.9624999999996
327.577,2767.7124999999996
327.637,2763.9624999999996
327.696,2775.4624999999996
327.755,2812.4624999999996
327.815,2748.9624999999996
327.874,2756.4624999999996
327.933,2764.2124999999996
327.993,2786.7124999999996
328.052,2831.2124999999996
328.111,2741.4624999999996
328.171,2712.9624999999996
328.23,2848.7124999999996
328.289,2780.7124999999996
328.349,2733.7124999999996
328.408,2751.7124999999996
328.467,2747.4624999999996
328.526,2752.4624999999996
328.586,2719.7124999999996
328.645,2754.9624999999996
328.704,2736.2124999999996
328.763,2730.9624999999996
328.822,2716.2124999999996
328.882,2763.9624999999996
328.941,2727.7124999999996
329.0,2748.2124999999996
329.059,2662.9624999999996
329.118,2706.7124999999996
329.177,2658.7124999999996
329.237,2697.9624999999996
329.296,2727.4624999999996
329.355,2721.9624999999996
329.414,2740.9624999999996
329.473,2720.4624999999996
329.532,2701.7124999999996
329.591,2750.9624999999996
329.65,2746.9624999999996
329.709,2816.7124999999996
329.768,2845.9624999999996
329.827,2867.4624999999996
329.886,2903.7124999999996
329.945,2943.7124999999996
330.004,2971.9624999999996
330.063,3053.9624999999996
330.122,3203.9624999999996
330.181,3393.9624999999996
330.24,3360.4624999999996
330.299,3211.7124999999996
330.358,2989.7124999999996
330.417,2893.7124999999996
330.476,2748.2124999999996
330.535,2735.2124999999996
330.594,2758.4624999999996
330.653,2671.4624999999996
330.712,2697.2124999999996
330.771,2629.2124999999996
330.83,2628.9624999999996
330.889,2666.2124999999996
330.948,2636.7124999999996
331.006,2666.2124999999996
331.065,2602.7124999999996
331.124,2634.7124999999996
331.183,2634.7124999999996
331.242,2611.4624999999996
331.301,2634.2124999999996
331.359,2616.4624999999996
331.418,2607.9624999999996
331.477,2593.2124999999996
331.536,2590.7124999999996
331.595,2525.4624999999996
331.653,2542.4624999999996
331.712,2599.9624999999996
331.771,2511.7124999999996
331.83,2505.2124999999996
331.888,2553.9624999999996
331.947,2565.4624999999996
332.006,2565.7124999999996
332.065,2569.9624999999996
332.123,2597.7124999999996
332.182,2589.7124999999996
332.241,2575.2124999999996
332.299,2613.4624999999996
332.358,2587.2124999999996
332.417,2593.7124999999996
332.475,2570.2124999999996
332.534,2596.9624999999996
332.592,2611.2124999999996
332.651,2607.4624999999996
332.71,2612.7124999999996
332.768,2575.7124999999996
332.827,2649.9624999999996
332.885,2639.2124999999996
332.944,2649.9624999999996
333.003,2687.4624999999996
333.061,2619.4624999999996
333.12,2664.9624999999996
333.178,2775.7124999999996
333.237,2810.9624999999996
333.295,2757.7124999999996
333.354,2730.2124999999996
333.412,2774.9624999999996
333.471,2733.7124999999996
333.529,2768.4624999999996
333.588,2847.9624999999996
333.646,2939.2124999999996
333.705,2876.2124999999996
333.763,2887.9624999999996
333.822,2870.9624999999996
333.88,2794.2124999999996
333.938,2812.9624999999996
333.997,2762.9624999999996
334.055,2717.7124999999996
334.114,2750.7124999999996
334.172,2686.2124999999996
334.23,2752.9624999999996
334.289,2669.7124999999996
334.347,2710.9624999999996
334.405,2681.2124999999996
334.464,2693.4624999999996
334.522,2696.7124999999996
334.58,2701.9624999999996
334.639,2660.2124999999996
334.697,2701.7124999999996
334.755,2677.2124999999996
334.814,2642.4624999999996
334.872,2615.2124999999996
334.93,2668.2124999999996
334.988,2561.9624999999996
335.047,2615.2124999999996
335.105,2674.9624999999996
335.163,2663.7124999999996
335.221,2651.2124999999996
335.28,2612.2124999999996
335.338,2651.7124999999996
335.396,2584.4624999999996
335.454,2597.9624999999996
335.512,2588.4624999999996
335.57,2600.7124999999996
335.629,2655.9624999999996
335.687,2678.4624999999996
335.745,2697.9624999999996
335.803,2674.9624999999996
335.861,2672.9624999999996
335.919,2669.4624999999996
335.977,2652.2124999999996
336.035,2610.9624999999996
336.094,2634.4624999999996
336.152,2633.2124999999996
336.21,2663.2124999999996
336.268,2655.7124999999996
336.326,2616.2124999999996
336.384,2601.4624999999996
336.442,2646.9624999999996
336.5,2658.7124999999996
336.558,2645.9624999999996
336.616,2664.2124999999996
336.674,2612.4624999999996
336.732,2580.9624999999996
336.79,2612.9624999999996
336.848,2612.9624999999996
336.906,2606.2124999999996
336.964,2636.7124999999996
337.022,2587.9624999999996
337.08,2635.2124999999996
337.138,2615.2124999999996
337.195,2639.7124999999996
337.253,2587.4624999999996
337.311,2560.2124999999996
337.369,2578.2124999999996
337.427,2595.7124999999996
337.485,2503.4624999999996
337.543,2557.9624999999996
337.601,2524.7124999999996
337.658,2539.4624999999996
337.716,2542.4624999999996
337.774,2532.7124999999996
337.832,2540.2124999999996
337.89,2582.9624999999996
337.947,2542.4624999999996
338.005,2558.2124999999996
338.063,2516.4624999999996
338.121,2543.2124999999996
338.178,2543.4624999999996
338.236,2585.9624999999996
338.294,2527.2124999999996
338.352,2502.7124999999996
338.409,2487.2124999999996
338.467,2537.9624999999996
338.525,2501.9624999999996
338.583,2481.7124999999996
338.64,2476.2124999999996
338.698,2508.9624999999996
338.756,2463.9624999999996
338.813,2550.9624999999996
338.871,2531.2124999999996
338.928,2576.7124999999996
338.986,2465.2124999999996
339.044,2548.2124999999996
339.101,2430.9624999999996
339.159,2435.7124999999996
339.216,2495.4624999999996
339.274,2440.2124999999996
339.332,2502.7124999999996
339.389,2486.4624999999996
339.447,2493.9624999999996
339.504,2473.7124999999996
339.562,2487.2124999999996
339.619,2498.4624999999996
339.677,2500.4624999999996
339.734,2488.9624999999996
339.792,2501.9624999999996
339.849,2532.2124999999996
339.907,2563.9624999999996
339.964,2528.7124999999996
340.022,2481.4624999999996
340.079,2473.9624999999996
340.137,2471.9624999999996
340.194,2442.4624999999996
340.252,2433.4624999999996
340.309,2517.2124999999996
340.366,2448.4624999999996
340.424,2461.7124999999996
340.481,2447.9624999999996
340.538,2490.4624999999996
340.596,2499.7124999999996
340.653,2539.2124999999996
340.711,2546.4624999999996
340.768,2501.2124999999996
340.825,2545.9624999999996
340.883,2529.2124999999996
340.94,2519.9624999999996
340.997,2471.4624999999996
341.054,2452.2124999999996
341.112,2485.4624999999996
341.169,2561.7124999999996
341.226,2513.9624999999996
341.284,2535.4624999999996
341.341,2551.2124999999996
341.398,2533.9624999999996
341.455,2556.7124999999996
341.512,2527.2124999999996
341.57,2552.4624999999996
341.627,2533.2124999999996
341.684,2502.9624999999996
341.741,2485.4624999999996
341.798,2519.7124999999996
341.856,2566.7124999999996
341.913,2526.9624999999996
341.97,2498.7124999999996
342.027,2538.2124999999996
342.084,2490.9624999999996
342.141,2493.4624999999996
342.198,2603.4624999999996
342.255,2573.7124999999996
342.313,2503.2124999999996
342.37,2498.2124999999996
342.427,2531.4624999999996
342.484,2486.9624999999996
342.541,2458.2124999999996
342.598,2527.2124999999996
342.655,2548.2124999999996
342.712,2558.4624999999996
342.769,2590.2124999999996
342.826,2518.7124999999996
342.883,2518.2124999999996
342.94,2547.4624999999996
342.997,2547.2124999999996
343.054,2509.2124999999996
343.111,2530.4624999999996
343.168,2573.7124999999996
343.225,2559.7124999999996
343.282,2630.2124999999996
343.339,2653.7124999999996
343.395,2632.4624999999996
343.452,2615.9624999999996
343.509,2636.4624999999996
343.566,2663.9624999999996
343.623,2644.4624999999996
343.68,2636.9624999999996
343.737,2681.9624999999996
343.794,2696.7124999999996
343.85,2687.9624999999996
343.907,2667.9624999999996
343.964,2747.9624999999996
344.021,2696.2124999999996
344.078,2740.2124999999996
344.134,2752.4624999999996
344.191,2718.9624999999996
344.248,2806.7124999999996
344.305,2769.2124999999996
344.361,2701.2124999999996
344.418,2696.2124999999996
344.475,2681.2124999999996
344.532,2698.4624999999996
344.588,2738.2124999999996
344.645,2712.9624999999996
344.702,2698.9624999999996
344.758,2733.4624999999996
344.815,2695.2124999999996
344.872,2735.2124999999996
344.928,2743.2124999999996
344.985,2715.7124999999996
345.042,2791.9624999999996
345.098,2716.2124999999996
345.155,2695.7124999999996
345.212,2675.4624999999996
345.268,2740.9624999999996
345.325,2711.9624999999996
345.381,2714.2124999999996
345.438,2724.9624999999996
345.495,2728.7124999999996
345.551,2724.4624999999996
345.608,2736.9624999999996
345.664,2703.2124999999996
345.721,2662.7124999999996
345.777,2627.4624999999996
345.834,2660.7124999999996
345.89,2708.9624999999996
345.947,2712.7124999999996
346.003,2742.4624999999996
346.06,2765.9624999999996
346.116,2692.4624999999996
346.173,2717.9624999999996
346.229,2682.7124999999996
346.285,2716.4624999999996
346.342,2681.7124999999996
346.398,2736.2124999999996
346.455,2789.2124999999996
346.511,2816.4624999999996
346.567,2792.9624999999996
346.624,2765.9624999999996
346.68,2768.7124999999996
346.737,2768.9624999999996
346.793,2784.9624999999996
346.849,2750.7124999999996
346.906,2751.7124999999996
346.962,2816.4624999999996
347.018,2787.2124999999996
347.074,2811.7124999999996
347.131,2752.9624999999996
347.187,2746.9624999999996
347.243,2802.9624999999996
347.3,2812.7124999999996
347.356,2857.9624999999996
347.412,2849.7124999999996
347.468,2779.4624999999996
347.524,2750.7124999999996
347.581,2746.9624999999996
347.637,2829.2124999999996
347.693,2775.9624999999996
347.749,2793.4624999999996
347.805,2774.9624999999996
347.862,2777.4624999999996
347.918,2777.9624999999996
347.974,2792.2124999999996
348.03,2837.7124999999996
348.086,2840.7124999999996
348.142,2814.9624999999996
348.198,2830.2124999999996
348.254,2832.7124999999996
348.311,2821.2124999999996
348.367,2870.7124999999996
348.423,2817.4624999999996
348.479,2796.4624999999996
348.535,2842.9624999999996
348.591,2801.7124999999996
348.647,2806.4624999999996
348.703,2831.9624999999996
348.759,2790.9624999999996
348.815,2835.4624999999996
348.871,2772.4624999999996
348.927,2825.9624999999996
348.983,2749.2124999999996
349.039,2815.9624999999996
349.095,2804.2124999999996
349.151,2896.2124999999996
349.207,2847.9624999999996
349.263,2913.4624999999996
349.319,2913.9624999999996
349.374,2899.4624999999996
349.43,2912.2124999999996
349.486,2898.7124999999996
349.542,2902.4624999999996
349.598,2881.2124999999996
349.654,2880.4624999999996
349.71,2892.9624999999996
349.766,2962.4624999999996
349.821,2935.9624999999996
349.877,2817.2124999999996
349.933,2902.7124999999996
349.989,2875.9624999999996
350.045,2889.7124999999996
350.1,2868.2124999999996
350.156,2864.2124999999996
350.212,2874.9624999999996
350.268,2879.7124999999996
350.323,2851.4624999999996
350.379,2837.7124999999996
350.435,2845.7124999999996
350.491,2886.9624999999996
350.546,2905.4624999999996
350.602,2912.7124999999996
350.658,2942.9624999999996
350.713,2871.4624999999996
350.769,2903.7124999999996
350.825,2894.7124999999996
350.88,2852.4624999999996
350.936,2917.2124999999996
350.992,2892.4624999999996
351.047,2919.7124999999996
351.103,2913.9624999999996
351.158,2898.9624999999996
351.214,2919.2124999999996
351.27,2914.7124999999996
351.325,2928.7124999999996
351.381,2969.9624999999996
351.436,2914.9624999999996
351.492,2924.2124999999996
351.547,2968.4624999999996
351.603,2944.4624999999996
351.658,2913.2124999999996
351.714,2971.2124999999996
351.769,2981.4624999999996
351.825,2955.2124999999996
351.88,3008.7124999999996
351.936,2989.7124999999996
351.991,2933.7124999999996
352.047,2966.4624999999996
352.102,2947.2124999999996
352.158,2952.2124999999996
352.213,2901.9624999999996
352.268,2951.9624999999996
352.324,2923.4624999999996
352.379,2953.7124999999996
352.434,2884.2124999999996
352.49,2983.9624999999996
352.545,2924.4624999999996
352.601,2999.4624999999996
352.656,2944.4624999999996
352.711,2928.2124999999996
352.767,2962.7124999999996
352.822,2994.2124999999996
352.877,2965.7124999999996
352.932,2972.9624999999996
352.988,2970.7124999999996
353.043,2972.7124999999996
353.098,2955.2124999999996
353.153,2961.9624999999996
353.209,3036.7124999999996
353.264,3003.4624999999996
353.319,2890.2124999999996
353.374,2990.7124999999996
353.43,2944.7124999999996
353.485,2959.9624999999996
353.54,2981.9624999999996
353.595,2954.9624999999996
353.65,2923.9624999999996
353.705,2926.7124999999996
353.761,2985.9624999999996
353.816,3011.4624999999996
353.871,2960.7124999999996
353.926,2970.9624999999996
353.981,2966.9624999999996
354.036,2947.4624999999996
354.091,2922.2124999999996
354.146,2915.4624999999996
354.201,2959.7124999999996
354.256,2924.7124999999996
354.311,2930.4624999999996
354.367,3035.4624999999996
354.422,2972.7124999999996
354.477,3032.9624999999996
354.532,2964.9624999999996
354.587,2995.2124999999996
354.642,3009.9624999999996
354.697,2988.9624999999996
354.751,2964.4624999999996
354.806,2968.4624999999996
354.861,3060.2124999999996
354.916,3029.9624999999996
354.971,2978.7124999999996
355.026,3018.2124999999996
355.081,2974.2124999999996
355.136,3023.2124999999996
355.191,3034.2124999999996
355.246,2969.9624999999996
355.301,3003.9624999999996
355.355,2999.2124999999996
355.41,3046.4624999999996
355.465,2997.2124999999996
355.52,2977.2124999999996
355.575,2970.9624999999996
355.63,2981.2124999999996
355.684,2995.2124999999996
355.739,2998.2124999999996
355.794,3047.7124999999996
355.849,3004.2124999999996
355.904,2978.7124999999996
355.958,2929.4624999999996
356.013,3018.7124999999996
356.068,2979.9624999999996
356.123,2988.2124999999996
356.177,3050.4624999999996
356.232,3024.7124999999996
356.287,3028.9624999999996
356.341,3015.2124999999996
356.396,2993.7124999999996
356.451,3076.9624999999996
356.505,3037.9624999999996
356.56,2969.2124999999996
356.615,2984.2124999999996
356.669,2966.9624999999996
356.724,2990.2124999999996
356.778,2995.2124999999996
356.833,2970.2124999999996
356.888,3005.7124999999996
356.942,3005.9624999999996
356.997,3025.7124999999996
357.051,3030.7124999999996
357.106,3020.7124999999996
357.16,2993.9624999999996
357.215,2959.7124999999996
357.269,3015.4624999999996
357.324,3006.4624999999996
357.378,3007.4624999999996
357.433,2980.4624999999996
357.487,3029.9624999999996
357.542,3040.4624999999996
357.596,3008.2124999999996
357.651,2995.7124999999996
357.705,3061.9624999999996
357.76,3067.7124999999996
357.814,2982.9624999999996
357.868,3008.7124999999996
357.923,3034.2124999999996
357.977,3028.7124999999996
358.032,2994.4624999999996
358.086,2997.7124999999996
358.14,2961.4624999999996
358.195,3030.2124999999996
358.249,2983.7124999999996
358.303,3009.4624999999996
358.358,2975.9624999999996
358.412,3011.2124999999996
358.466,2991.9624999999996
358.521,2948.7124999999996
358.575,3017.9624999999996
358.629,2909.2124999999996
358.683,2983.7124999999996
358.738,2924.7124999999996
358.792,2999.9624999999996
358.846,2955.9624999999996
358.9,2987.2124999999996
358.954,3023.2124999999996
359.009,2915.9624999999996
359.063,3016.4624999999996
359.117,2964.2124999999996
359.171,2986.9624999999996
359.225,2960.9624999999996
359.28,2961.2124999999996
359.334,2940.4624999999996
359.388,3002.9624999999996
359.442,2989.7124999999996
359.496,3015.7124999999996
359.55,2960.4624999999996
359.604,2983.2124999999996
359.658,2986.7124999999996
359.712,2953.9624999999996
359.766,3026.9624999999996
359.82,3005.9624999999996
359.875,3043.7124999999996
359.929,2983.9624999999996
359.983,3004.9624999999996
360.037,2981.4624999999996
360.091,2979.2124999999996
360.145,2996.4624999999996
360.199,2971.2124999999996
360.253,2963.9624999999996
360.306,2941.7124999999996
360.36,2914.7124999999996
360.414,2950.2124999999996
360.468,2965.7124999999996
360.522,2902.2124999999996
360.576,2959.2124999999996
360.63,3053.2124999999996
360.684,2918.4624999999996
360.738,2912.2124999999996
360.792,2927.7124999999996
360.846,2966.2124999999996
360.899,2934.2124999999996
360.953,2930.9624999999996
361.007,2999.4624999999996
361.061,2942.4624999999996
361.115,2946.7124999999996
361.168,2915.7124999999996
361.222,2934.4624999999996
361.276,2966.4624999999996
361.33,2995.7124999999996
361.384,2941.4624999999996
361.437,2938.9624999999996
361.491,2981.4624999999996
361.545,2975.2124999999996
361.599,2959.4624999999996
361.652,2995.7124999999996
361.706,2971.2124999999996
361.76,2946.7124999999996
361.813,2948.2124999999996
361.867,2930.4624999999996
361.921,2960.7124999999996
361.974,2991.7124999999996
362.028,2968.4624999999996
362.082,2996.7124999999996
362.135,2967.9624999999996
362.189,3003.9624999999996
362.242,3009.9624999999996
362.296,2962.4624999999996
362.35,2982.4624999999996
362.403,2963.7124999999996
362.457,2933.9624999999996
362.51,2893.7124999999996
362.564,2918.7124999999996
362.617,2898.2124999999996
362.671,2967.9624999999996
362.724,2904.4624999999996
362.778,2938.7124999999996
362.831,2939.4624999999996
362.885,2895.2124999999996
362.938,2848.9624999999996
354.545,555.9625
354.608,557.2125
354.671,587.9625
354.734,593.9625
354.797,588.4625
354.86,621.9625
354.923,654.9625
354.986,652.2125
355.05,677.2125000000001
355.113,701.9625000000001
355.176,695.4625000000001
355.239,717.9625000000001
355.302,652.9625
355.365,743.4625000000001
355.428,762.2125000000001
355.491,765.7125000000001
355.554,758.9625000000001
355.617,810.2125000000001
355.68,773.4625000000001
355.743,764.9625000000001
355.806,808.7125000000001
355.869,854.2125000000001
355.932,847.2125000000001
355.995,834.7125000000001
356.058,863.9625000000001
356.121,900.7125000000001
356.184,915.4625000000001
356.247,860.2125000000001
356.31,937.2125000000001
356.373,868.9625000000001
356.436,908.9625000000001
356.498,922.7125000000001
356.561,930.4625000000001
356.624,931.4625000000001
356.687,940.7125000000001
356.75,916.2125000000001
356.813,935.4625000000001
356.876,943.4625000000001
356.939,910.2125000000001
357.001,943.2125000000001
357.064,939.9625000000001
357.127,952.2125000000001
357.19,942.7125000000001
357.253,1015.9625000000001
357.316,996.4625000000001
357.378,980.7125000000001
357.441,1019.4625000000001
357.504,1012.7125000000001
357.567,1024.4625
357.629,990.9625000000001
357.692,989.7125000000001
357.755,998.2125000000001
357.818,1007.4625000000001
357.88,1006.7125000000001
357.943,996.2125000000001
358.006,962.7125000000001
358.069,979.2125000000001
358.131,1067.9625
358.194,1023.2125000000001
358.257,1022.4625000000001
358.319,1061.2125
358.382,1010.9625000000001
358.445,1045.2125
358.507,1037.7125
358.57,1009.7125000000001
358.633,1030.7125
358.695,1090.4625
358.758,1064.7125
358.821,1064.7125
358.883,1076.9625
358.946,1073.4625
359.008,1075.2125
359.071,1084.2125
359.134,1108.9625
359.196,1093.2125
359.259,1075.2125
359.321,1060.2125
359.384,1117.9625
359.446,1098.2125
359.509,1096.4625
359.571,1094.7125
359.634,1169.4625
359.696,1094.4625
359.759,1144.9625
359.821,1112.9625
359.884,1107.7125
359.946,1161.4625
360.009,1126.7125
360.071,1148.4625
360.134,1107.2125
360.196,1119.2125
360.259,1139.7125
360.321,1141.9625
360.384,1090.7125
360.446,1155.9625
360.508,1136.7125
360.571,1118.2125
360.633,1126.2125
360.696,1141.9625
360.758,1185.9625
360.82,1200.2125
360.883,1154.4625
360.945,1190.4625
361.007,1161.9625
361.07,1167.2125
361.132,1188.9625
361.194,1179.2125
361.257,1212.4625
361.319,1195.7125
361.381,1176.4625
361.443,1223.9625
361.506,1217.9625
361.568,1207.7125
361.63,1212.4625
361.693,1192.9625
361.755,1211.7125
361.817,1193.9625
361.879,1220.9625
361.941,1219.7125
362.004,1223.9625
362.066,1234.9625
362.128,1241.4625
362.19,1243.7125
362.252,1221.7125
362.315,1221.2125
362.377,1210.4625
362.439,1236.4625
362.501,1269.7125
362.563,1307.9625
362.625,1228.9625
362.688,1247.4625
362.75,1274.9625
362.812,1265.7125
362.874,1234.4625
362.936,1257.4625
362.998,1319.7125
363.06,1269.7125
363.122,1297.2125
363.184,1325.7125
363.246,1289.2125
363.308,1269.2125
363.37,1280.2125
363.432,1287.2125
363.494,1266.9625
363.556,1296.4625
363.618,1261.4625
363.68,1336.4625
363.742,1285.9625
363.804,1309.9625
363.866,1283.2125
363.928,1313.7125
363.99,1308.7125
364.052,1260.9625
364.114,1327.2125
364.176,1263.4625
364.238,1336.7125
364.3,1325.7125
364.362,1331.2125
364.424,1354.4625
364.486,1335.9625
364.548,1308.2125
364.609,1332.2125
364.671,1373.2125
364.733,1320.7125
364.795,1298.7125
364.857,1325.9625
364.919,1339.9625
364.981,1347.4625
365.042,1375.2125
365.104,1351.2125
365.166,1343.7125
365.228,1332.4625
365.29,1350.9625
365.351,1371.4625
365.413,1352.4625
365.475,1388.7125
365.537,1327.4625
365.598,1349.4625
365.66,1362.2125
365.722,1349.4625
365.784,1371.9625
365.845,1355.4625
365.907,1394.2125
365.969,1386.9625
366.03,1348.4625
366.092,1344.2125
366.154,1343.7125
366.215,1413.4625
366.277,1407.9625
366.339,1403.9625
366.4,1422.9625
366.462,1370.9625
366.524,1401.4625
366.585,1426.9625
366.647,1400.9625
366.708,1354.9625
366.77,1386.7125
366.832,1407.4625
366.893,1404.2125
366.955,1404.2125
367.016,1415.7125
367.078,1405.7125
367.139,1472.2125
367.201,1427.4625
367.262,1399.4625
367.324,1391.2125
367.385,1385.2125
367.447,1426.7125
367.508,1435.4625
367.57,1400.7125
367.631,1453.4625
367.693,1435.4625
367.754,1391.7125
367.816,1431.2125
367.877,1437.7125
367.939,1421.2125
368.0,1435.2125
368.062,1437.2125
368.123,1444.4625
368.184,1431.7125
368.246,1431.4625
368.307,1455.7125
368.369,1415.9625
368.43,1438.2125
368.491,1444.2125
368.553,1474.9625
368.614,1423.9625
368.675,1408.2125
368.737,1422.4625
368.798,1416.4625
368.859,1457.4625
368.921,1449.2125
368.982,1442.9625
369.043,1435.7125
369.104,1468.7125
369.166,1424.9625
369.227,1484.9625
369.288,1453.2125
369.349,1436.2125
369.411,1451.7125
369.472,1440.4625
369.533,1474.7125
369.594,1491.9625
369.656,1475.4625
369.717,1464.9625
369.778,1505.4625
369.839,1508.7125
369.9,1445.7125
369.961,1442.4625
370.023,1467.7125
370.084,1455.7125
370.145,1459.2125
370.206,1493.9625
370.267,1509.4625
370.328,1508.7125
370.389,1484.9625
370.451,1500.7125
370.512,1441.2125
370.573,1485.4625
370.634,1490.7125
370.695,1430.4625
370.756,1494.9625
370.817,1472.9625
370.878,1522.2125
370.939,1473.9625
371.0,1520.7125
371.061,1509.9625
371.122,1540.7125
371.183,1483.4625
371.244,1521.9625
371.305,1522.2125
371.366,1521.7125
371.427,1499.2125
371.488,1519.9625
371.549,1529.9625
371.61,1545.9625
371.671,1503.7125
371.732,1515.2125
371.793,1542.4625
371.853,1490.7125
371.914,1521.2125
371.975,1524.2125
372.036,1519.9625
372.097,1517.2125
372.158,1462.4625
372.219,1528.4625
372.28,1507.7125
372.34,1551.4625
372.401,1560.4625
372.462,1547.4625
372.523,1539.4625
372.584,1511.2125
372.645,1565.2125
372.705,1574.9625
372.766,1565.4625
372.827,1542.9625
372.888,1598.9625
372.948,1550.4625
373.009,1511.4625
373.07,1556.4625
373.131,1526.2125
373.191,1560.2125
373.252,1542.7125
373.313,1580.9625
373.373,1537.4625
373.434,1596.2125
373.495,1586.9625
373.555,1606.7125
373.616,1593.2125
373.677,1549.2125
373.737,1546.7125
373.798,1529.9625
373.859,1616.2125
373.919,1586.9625
373.98,1646.4625
374.041,1588.7125
374.101,1600.4625
374.162,1576.9625
374.222,1608.2125
374.283,1589.7125
374.343,1626.7125
374.404,1635.2125
374.465,1634.9625
374.525,1627.4625
374.586,1636.9625
374.646,1699.4625
374.707,1660.4625
374.767,1600.7125
374.828,1666.7125
374.888,1690.9625
374.949,1650.2125
375.009,1677.9625
375.07,1712.7125
375.13,1666.4625
375.19,1665.7125
375.251,1659.9625
375.311,1710.2125
375.372,1714.2125
375.432,1749.7125
375.493,1753.7125
375.553,1677.7125
375.613,1703.4625
375.674,1721.4625
375.734,1714.2125
375.794,1690.9625
375.855,1668.9625
375.915,1723.9625
375.975,1725.2125
376.036,1747.7125
376.096,1697.4625
376.156,1707.4625
376.217,1759.2125
376.277,1745.2125
376.337,1746.9625
376.398,1723.9625
376.458,1751.9625
376.518,1754.4625
376.578,1745.4625
376.639,1764.4625
376.699,1774.2125
376.759,1765.9625
376.819,1770.7125
376.88,1799.7125
376.94,1790.9625
377.0,1763.9625
377.06,1795.7125
377.12,1820.7125
377.18,1816.2125
377.241,1847.4625
377.301,1858.4625
377.361,1842.9625
377.421,1773.2125
377.481,1878.9625
377.541,1854.7125
377.601,1867.9625
377.661,1872.7125
377.722,1847.4625
377.782,1922.4625
377.842,1878.2125
377.902,1962.7125
377.962,1923.7125
378.022,1889.4625
378.082,1926.7125
378.142,1926.9625
378.202,1927.2125
378.262,1926.2125
378.322,1935.9625
378.382,1919.2125
378.442,1936.9625
378.502,1987.4625
378.562,2000.4625
378.622,2013.9625
378.682,1999.4625
378.742,2012.9625
378.802,2057.2125
378.862,1992.4625
378.921,2035.9625
378.981,2065.4625
379.041,2093.9625
379.101,2029.2125
379.161,2087.2125
379.221,2142.4625
379.281,2022.4625
379.341,2141.4625
379.401,2173.2125
379.46,2150.9625
379.52,2092.9625
379.58,2123.2125
379.64,2122.7125
379.7,2132.7125
379.759,2183.4625
379.819,2158.7125
379.879,2186.4625
379.939,2226.7125
379.999,2154.2125
380.058,2246.7125
380.118,2224.4625
380.178,2171.7125
380.237,2230.7125
380.297,2238.9625
380.357,2259.2125
380.417,2293.4625
380.476,2299.9625
380.536,2224.7125
380.596,2277.9625
380.655,2278.9625
380.715,2278.4625
380.775,2281.2125
380.834,2331.2125
380.894,2345.2125
380.954,2308.4625
381.013,2303.4625
381.073,2335.9625
381.132,2406.2125
381.192,2360.4625
381.252,2368.4625
381.311,2463.7125
381.371,2374.9625
381.43,2445.4625
381.49,2462.7125
381.549,2440.7125
381.609,2488.7125
381.668,2525.7125
381.728,2589.4625
381.787,2574.2125
381.847,2614.2125
381.906,2639.2125
381.966,2627.2125
382.025,2726.9624999999996
382.085,2700.4625
382.144,2782.4624999999996
382.204,2854.4624999999996
382.263,2861.4624999999996
382.323,2968.9624999999996
382.382,2975.4624999999996
382.441,3026.4624999999996
382.501,3110.7124999999996
382.56,3172.2124999999996
382.619,3292.2124999999996
382.679,3393.7124999999996
382.738,3537.7124999999996
382.798,3725.2124999999996
382.857,4050.4624999999996
382.916,4370.9625
382.976,4482.2125
383.035,4365.4625
383.094,4423.2125
383.154,4854.2125
383.213,5240.4625
383.272,5095.2125
383.331,4580.4625
383.391,4162.4625
383.45,4143.4625
383.509,4084.7124999999996
383.568,4302.2125
383.628,4479.7125
383.687,4757.7125
383.746,5290.7125
383.805,5760.9625
383.864,5580.4625
383.924,4783.4625
383.983,4201.2125
384.042,3858.7124999999996
384.101,3628.2124999999996
384.16,3511.9624999999996
384.219,3315.9624999999996
384.279,3241.2124999999996
384.338,3148.2124999999996
384.397,3062.4624999999996
384.456,2959.2124999999996
384.515,2950.7124999999996
384.574,2942.2124999999996
384.633,2872.4624999999996
384.692,2854.7124999999996
384.751,2818.4624999999996
384.81,2808.9624999999996
384.869,2766.4624999999996
384.929,2761.9624999999996
384.988,2808.2124999999996
385.047,2722.7124999999996
385.106,2745.4624999999996
385.165,2737.4624999999996
385.224,2742.9624999999996
385.283,2706.4624999999996
385.342,2648.4625
385.401,2735.9624999999996
385.459,2678.4624999999996
385.518,2719.9624999999996
385.577,2718.2124999999996
385.636,2690.4625
385.695,2747.7124999999996
385.754,2649.2125
385.813,2668.7125
385.872,2654.9625
385.931,2704.9624999999996
385.99,2698.2124999999996
386.049,2659.9625
386.107,2668.7125
386.166,2681.4625
386.225,2611.7125
386.284,2645.4625
386.343,2612.4625
386.402,2654.7125
386.46,2603.9625
386.519,2623.9625
386.578,2605.7125
386.637,2655.2125
386.696,2593.2125
386.754,2606.7125
386.813,2534.2125
386.872,2588.4625
386.931,2596.2125
386.989,2593.9625
387.048,2523.7125
387.107,2550.9625
387.165,2584.4625
387.224,2500.4625
387.283,2570.2125
387.342,2527.2125
387.4,2471.4625
387.459,2568.4625
387.517,2503.4625
387.576,2528.4625
387.635,2513.2125
387.693,2504.2125
387.752,2525.2125
387.811,2476.7125
387.869,2499.2125
387.928,2505.9625
387.986,2513.9625
388.045,2501.2125
388.103,2509.2125
388.162,2495.9625
388.221,2473.2125
388.279,2499.9625
388.338,2522.4625
388.396,2444.9625
388.455,2520.2125
388.513,2484.9625
388.572,2425.4625
388.63,2410.4625
388.689,2432.7125
388.747,2483.9625
388.806,2415.4625
388.864,2404.7125
388.922,2465.4625
388.981,2413.4625
389.039,2446.9625
389.098,2430.2125
389.156,2446.2125
389.214,2437.4625
389.273,2484.4625
389.331,2487.7125
389.39,2431.4625
389.448,2449.2125
389.506,2418.7125
389.565,2457.9625
389.623,2455.2125
389.681,2432.9625
389.74,2455.4625
389.798,2443.7125
389.856,2377.7125
389.914,2370.9625
389.973,2433.9625
390.031,2363.2125
390.089,2396.2125
390.147,2357.2125
390.206,2303.7125
390.264,2380.2125
390.322,2373.9625
390.38,2375.9625
390.439,2352.9625
390.497,2358.7125
390.555,2370.9625
390.613,2356.7125
390.671,2423.2125
390.729,2350.9625
390.788,2354.7125
390.846,2358.2125
390.904,2342.7125
390.962,2331.4625
391.02,2356.2125
391.078,2376.7125
391.136,2333.9625
391.194,2361.2125
391.253,2339.4625
391.311,2344.2125
391.369,2355.4625
391.427,2340.4625
391.485,2384.2125
391.543,2319.2125
391.601,2385.9625
391.659,2384.9625
391.717,2425.9625
391.775,2390.9625
391.833,2382.7125
391.891,2370.9625
391.949,2392.2125
392.007,2362.7125
392.065,2378.7125
392.123,2422.7125
392.18,2433.9625
392.238,2448.9625
392.296,2415.2125
392.354,2411.2125
392.412,2369.7125
392.47,2398.2125
392.528,2434.4625
392.586,2397.9625
392.644,2388.9625
392.701,2370.7125
392.759,2391.7125
392.817,2394.4625
392.875,2425.7125
392.933,2405.9625
392.991,2476.9625
393.048,2394.2125
393.106,2357.4625
393.164,2425.2125
393.222,2453.4625
393.279,2446.7125
393.337,2443.4625
393.395,2451.2125
393.453,2458.9625
393.51,2403.4625
393.568,2356.2125
393.626,2414.9625
393.684,2402.9625
393.741,2439.2125
393.799,2426.9625
393.857,2434.9625
393.914,2396.9625
393.972,2422.4625
394.03,2421.4625
394.087,2425.2125
394.145,2447.2125
394.202,2417.4625
394.26,2471.2125
394.318,2420.7125
394.375,2372.2125
394.433,2420.9625
394.49,2462.4625
394.548,2426.4625
394.605,2407.9625
394.663,2448.9625
394.72,2487.9625
394.778,2452.7125
394.836,2513.2125
394.893,2499.7125
394.951,2422.7125
395.008,2492.7125
395.065,2505.2125
395.123,2480.7125
395.18,2471.4625
395.238,2544.7125
395.295,2489.2125
395.353,2494.4625
395.41,2508.9625
395.468,2526.7125
395.525,2498.2125
395.582,2472.7125
395.64,2487.4625
395.697,2579.9625
395.754,2485.9625
395.812,2510.4625
395.869,2516.2125
395.927,2472.7125
395.984,2528.2125
396.041,2532.4625
396.098,2534.4625
396.156,2556.9625
396.213,2562.7125
396.27,2564.7125
396.328,2506.7125
396.385,2507.2125
396.442,2521.4625
396.499,2564.2125
396.557,2528.7125
396.614,2546.2125
396.671,2548.9625
396.728,2568.7125
396.785,2603.4625
396.843,2639.9625
396.9,2523.4625
396.957,2584.4625
397.014,2590.9625
397.071,2613.7125
397.128,2573.9625
397.186,2643.4625
397.243,2602.9625
397.3,2583.9625
397.357,2642.9625
397.414,2610.4625
397.471,2615.9625
397.528,2635.9625
397.585,2631.4625
397.642,2610.2125
397.699,2658.9625
397.756,2630.2125
397.814,2611.7125
397.871,2611.9625
397.928,2619.9625
397.985,2592.2125
398.042,2630.9625
398.099,2609.7125
398.156,2667.9625
398.212,2658.2125
398.269,2690.7125
398.326,2617.4625
398.383,2739.2125
398.44,2672.7125
398.497,2726.9625
398.554,2703.7125
398.611,2709.2125
398.668,2769.7124999999996
398.725,2720.7125
398.782,2751.2125
398.839,2753.7124999999996
398.895,2808.9624999999996
398.952,2749.7125
399.009,2767.4624999999996
399.066,2815.2124999999996
399.123,2837.2124999999996
399.18,2863.4624999999996
399.236,2830.7124999999996
399.293,2824.2124999999996
399.35,2889.4624999999996
399.407,2914.9624999999996
399.463,2920.9624999999996
399.52,2904.7124999999996
399.577,2942.2124999999996
399.634,2995.2124999999996
399.69,2977.7124999999996
399.747,2988.2124999999996
399.804,2947.7124999999996
399.861,2985.2124999999996
399.917,2990.4624999999996
399.974,2915.2124999999996
400.031,2959.2124999999996
400.087,2898.7124999999996
400.144,2926.9624999999996
400.201,2999.7124999999996
400.257,2887.9624999999996
400.314,2918.4624999999996
400.37,2880.2124999999996
400.427,2881.2124999999996
400.484,2871.2124999999996
400.54,2861.2124999999996
400.597,2823.2124999999996
400.653,2854.4624999999996
400.71,2857.9624999999996
400.766,2837.4624999999996
400.823,2813.4624999999996
400.879,2878.4624999999996
400.936,2855.2124999999996
400.993,2851.2124999999996
401.049,2865.2124999999996
401.105,2869.2124999999996
401.162,2850.9624999999996
401.218,2804.7124999999996
401.275,2832.7124999999996
401.331,2857.4624999999996
401.388,2897.9624999999996
401.444,2916.7124999999996
401.501,2838.4624999999996
401.557,2843.7124999999996
401.614,2833.2124999999996
401.67,2896.4624999999996
401.726,2918.9624999999996
401.783,2845.7124999999996
401.839,2820.2124999999996
401.895,2852.4624999999996
401.952,2871.4624999999996
402.008,2868.9624999999996
402.064,2862.7124999999996
402.121,2896.2124999999996
402.177,2878.4624999999996
402.233,2851.4624999999996
402.29,2897.9624999999996
402.346,2883.2124999999996
402.402,2855.9624999999996
402.458,2870.7124999999996
402.515,2909.7124999999996
402.571,2901.7124999999996
402.627,2838.4624999999996
402.683,2848.2124999999996
402.74,2892.7124999999996
402.796,2911.9624999999996
402.852,2921.7124999999996
402.908,2982.7124999999996
402.964,2999.9624999999996
403.021,2894.2124999999996
403.077,2949.4624999999996
403.133,2915.7124999999996
403.189,2963.9624999999996
403.245,2925.9624999999996
403.301,2920.9624999999996
403.357,2934.4624999999996
403.414,2935.2124999999996
403.47,2949.4624999999996
403.526,2923.9624999999996
403.582,2961.4624999999996
403.638,2985.7124999999996
403.694,2964.9624999999996
403.75,3004.7124999999996
403.806,2976.4624999999996
403.862,2972.9624999999996
403.918,3007.7124999999996
403.974,2985.7124999999996
404.03,2954.2124999999996
404.086,2994.7124999999996
404.142,3046.2124999999996
404.198,3016.7124999999996
404.254,3045.2124999999996
404.31,2957.4624999999996
404.366,3037.9624999999996
404.422,2987.9624999999996
404.478,2981.7124999999996
404.534,3034.4624999999996
404.59,3017.2124999999996
404.646,3027.4624999999996
404.701,3025.2124999999996
404.757,3020.2124999999996
404.813,3062.4624999999996
404.869,3052.4624999999996
404.925,3044.2124999999996
404.981,3054.4624999999996
405.037,3060.4624999999996
405.092,3037.7124999999996
405.148,3065.2124999999996
405.204,3053.4624999999996
405.26,3059.4624999999996
405.316,3115.2124999999996
405.371,3059.2124999999996
405.427,3076.7124999999996
405.483,3060.7124999999996
405.539,3075.4624999999996
405.594,3058.4624999999996
405.65,3078.4624999999996
405.706,3058.9624999999996
405.761,3109.7124999999996
405.817,3085.9624999999996
405.873,3109.9624999999996
405.928,3103.4624999999996
405.984,3125.7124999999996
406.04,3089.7124999999996
406.095,3125.4624999999996
406.151,3073.7124999999996
406.207,3093.2124999999996
406.262,3102.7124999999996
406.318,3202.2124999999996
406.374,3115.9624999999996
406.429,3201.7124999999996
406.485,3119.9624999999996
406.54,3194.2124999999996
406.596,3208.4624999999996
406.651,3225.9624999999996
406.707,3256.2124999999996
406.763,3198.9624999999996
406.818,3237.9624999999996
406.874,3223.4624999999996
406.929,3276.2124999999996
406.985,3293.9624999999996
407.04,3284.7124999999996
407.095,3298.2124999999996
407.151,3321.9624999999996
407.206,3341.9624999999996
407.262,3455.4624999999996
407.317,3427.7124999999996
407.373,3328.7124999999996
407.428,3394.7124999999996
407.484,3368.9624999999996
407.539,3391.7124999999996
407.594,3381.9624999999996
407.65,3322.7124999999996
407.705,3406.4624999999996
407.76,3415.4624999999996
407.816,3360.4624999999996
407.871,3328.2124999999996
407.926,3381.7124999999996
407.982,3367.2124999999996
408.037,3408.7124999999996
408.092,3363.9624999999996
408.148,3316.9624999999996
408.203,3304.2124999999996
408.258,3377.4624999999996
408.314,3320.2124999999996
408.369,3306.2124999999996
408.424,3336.9624999999996
408.479,3354.4624999999996
408.534,3321.9624999999996
408.59,3316.9624999999996
408.645,3349.4624999999996
408.7,3368.9624999999996
408.755,3296.2124999999996
408.81,3352.9624999999996
408.866,3259.4624999999996
408.921,3305.4624999999996
408.976,3296.7124999999996
409.031,3357.4624999999996
409.086,3274.9624999999996
409.141,3301.9624999999996
409.196,3342.4624999999996
409.252,3284.2124999999996
409.307,3327.9624999999996
409.362,3366.4624999999996
409.417,3353.2124999999996
409.472,3308.7124999999996
409.527,3364.9624999999996
409.582,3349.2124999999996
409.637,3323.7124999999996
409.692,3302.4624999999996
409.747,3396.9624999999996
409.802,3367.2124999999996
409.857,3320.7124999999996
409.912,3343.2124999999996
409.967,3345.9624999999996
410.022,3274.7124999999996
410.077,3325.2124999999996
410.132,3329.4624999999996
410.187,3368.4624999999996
410.242,3338.7124999999996
410.297,3273.7124999999996
410.351,3315.9624999999996
410.406,3413.7124999999996
410.461,3339.4624999999996
410.516,3350.7124999999996
410.571,3355.7124999999996
410.626,3376.7124999999996
410.681,3336.4624999999996
410.736,3253.2124999999996
410.79,3296.2124999999996
410.845,3328.2124999999996
410.9,3351.2124999999996
410.955,3333.9624999999996
411.01,3319.7124999999996
411.064,3378.4624999999996
411.119,3327.4624999999996
411.174,3335.9624999999996
411.229,3286.2124999999996
411.283,3304.7124999999996
411.338,3282.7124999999996
411.393,3382.9624999999996
411.447,3357.2124999999996
411.502,3407.9624999999996
411.557,3340.2124999999996
411.612,3372.2124999999996
411.666,3391.4624999999996
411.721,3323.9624999999996
411.776,3343.2124999999996
411.83,3357.4624999999996
411.885,3389.4624999999996
411.939,3321.7124999999996
411.994,3344.2124999999996
412.049,3266.9624999999996
412.103,3297.2124999999996
412.158,3350.9624999999996
412.212,3330.7124999999996
412.267,3315.9624999999996
412.322,3378.2124999999996
412.376,3371.4624999999996
412.431,3357.4624999999996
412.485,3369.9624999999996
412.54,3265.4624999999996
412.594,3345.4624999999996
412.649,3337.2124999999996
412.703,3303.4624999999996
412.758,3322.9624999999996
412.812,3297.7124999999996
412.866,3325.7124999999996
412.921,3348.9624999999996
412.975,3334.7124999999996
413.03,3253.7124999999996
413.084,3331.7124999999996
413.139,3332.7124999999996
413.193,3332.4624999999996
413.247,3311.7124999999996
413.302,3291.2124999999996
413.356,3378.4624999999996
413.41,3318.4624999999996
413.465,3426.9624999999996
413.519,3283.4624999999996
413.573,3338.9624999999996
413.628,3323.7124999999996
413.682,3300.9624999999996
413.736,3321.2124999999996
413.791,3266.2124999999996
413.845,3311.4624999999996
413.899,3284.2124999999996
413.953,3294.7124999999996
414.008,3316.7124999999996
414.062,3279.4624999999996
414.116,3294.2124999999996
414.17,3286.2124999999996
414.225,3282.2124999999996
414.279,3291.4624999999996
414.333,3340.2124999999996
414.387,3280.4624999999996
414.441,3378.2124999999996
414.496,3275.7124999999996
414.55,3332.2124999999996
414.604,3350.9624999999996
414.658,3359.4624999999996
414.712,3303.7124999999996
414.766,3348.7124999999996
414.82,3325.9624999999996
414.874,3356.7124999999996
414.928,3357.9624999999996
414.982,3362.7124999999996
415.037,3333.7124999999996
415.091,3380.2124999999996
415.145,3306.7124999999996
415.199,3290.9624999999996
415.253,3308.4624999999996
415.307,3343.2124999999996
415.361,3355.7124999999996
415.415,3322.9624999999996
415.469,3327.4624999999996
415.523,3363.2124999999996
415.577,3290.9624999999996
415.631,3326.4624999999996
415.684,3337.2124999999996
415.738,3351.9624999999996
415.792,3393.9624999999996
415.846,3347.4624999999996
415.9,3350.7124999999996
415.954,3325.4624999999996
416.008,3307.7124999999996
416.062,3298.2124999999996
416.116,3329.4624999999996
416.169,3323.4624999999996
416.223,3258.2124999999996
416.277,3271.9624999999996
416.331,3291.2124999999996
416.385,3267.4624999999996
416.439,3294.4624999999996
416.492,3256.7124999999996
416.546,3319.9624999999996
416.6,3250.2124999999996
416.654,3282.4624999999996
416.707,3281.7124999999996
416.761,3304.2124999999996
416.815,3293.2124999999996
416.869,3280.7124999999996
416.922,3354.2124999999996
416.976,3297.7124999999996
417.03,3287.4624999999996
417.083,3259.9624999999996
417.137,3300.7124999999996
417.191,3265.9624999999996
417.244,3311.7124999999996
417.298,3305.2124999999996
417.352,3295.9624999999996
417.405,3252.2124999999996
417.459,3265.7124999999996
417.512,3275.4624999999996
417.566,3296.4624999999996
417.62,3263.2124999999996
417.673,3290.7124999999996
417.727,3242.2124999999996
417.78,3260.9624999999996
417.834,3282.9624999999996
417.887,3232.4624999999996
417.941,3325.2124999999996
417.994,3260.9624999999996
418.048,3276.7124999999996
418.101,3278.2124999999996
418.155,3282.7124999999996
418.208,3242.4624999999996
418.262,3271.9624999999996
418.315,3257.7124999999996
418.369,3286.7124999999996
418.422,3311.4624999999996
418.476,3315.7124999999996
418.529,3320.7124999999996
418.582,3323.7124999999996
418.636,3260.7124999999996
418.689,3318.7124999999996
418.743,3255.9624999999996
418.796,3287.2124999999996
418.849,3288.4624999999996
418.903,3251.9624999999996
418.956,3250.4624999999996
419.009,3294.4624999999996
419.063,3284.4624999999996
419.116,3315.4624999999996
419.169,3217.2124999999996
419.222,3284.9624999999996
419.276,3277.2124999999996
419.329,3234.4624999999996
419.382,3258.9624999999996
419.435,3205.9624999999996
419.489,3223.2124999999996
419.542,3269.4624999999996
419.595,3270.7124999999996
419.648,3256.2124999999996
419.701,3242.7124999999996
419.755,3174.4624999999996
419.808,3226.2124999999996
419.861,3223.2124999999996
419.914,3265.9624999999996
419.967,3268.7124999999996
420.02,3181.9624999999996
420.073,3181.2124999999996
420.127,3208.9624999999996
420.18,3213.2124999999996
420.233,3185.2124999999996
420.286,3220.7124999999996
420.339,3188.9624999999996
420.392,3183.2124999999996
420.445,3213.9624999999996
420.498,3164.4624999999996
420.551,3158.7124999999996
420.604,3160.4624999999996
420.657,3145.9624999999996
420.71,3197.2124999999996
420.763,3163.4624999999996
420.816,3185.2124999999996
420.869,3182.9624999999996
420.922,3146.9624999999996
420.975,3173.2124999999996
421.028,3103.2124999999996
421.081,3081.2124999999996
421.134,3121.7124999999996
421.187,3107.9624999999996
421.239,3166.9624999999996
421.292,3177.9624999999996
421.345,3144.9624999999996
421.398,3140.7124999999996
421.451,3094.9624999999996
421.504,3085.4624999999996
421.557,3090.7124999999996
421.609,3139.4624999999996
421.662,3130.7124999999996
421.715,3130.2124999999996
421.768,3125.7124999999996
421.821,3145.7124999999996
421.873,3137.7124999999996
421.926,3150.7124999999996
421.979,3183.9624999999996
422.032,3116.4624999999996
422.084,3152.2124999999996
422.137,3106.2124999999996
422.19,3076.9624999999996
422.243,3148.9624999999996
422.295,3085.7124999999996
422.348,3043.9624999999996
422.401,3086.9624999999996
422.453,3021.9624999999996
422.506,3113.7124999999996
422.559,3062.9624999999996
422.611,3111.2124999999996
422.664,3090.2124999999996
422.716,3169.7124999999996
422.769,3104.7124999999996
422.822,3026.9624999999996
422.874,3072.7124999999996
422.927,3120.9624999999996
422.979,3018.2124999999996
423.032,3024.2124999999996
423.084,3054.2124999999996
423.137,3066.4624999999996
423.189,3085.4624999999996
423.242,3109.7124999999996
423.294,2988.4624999999996
423.347,3056.2124999999996
423.399,3050.9624999999996
423.452,3042.7124999999996
423.504,3022.7124999999996
423.557,3052.7124999999996
423.609,3047.4624999999996
423.662,3049.9624999999996
423.714,3072.7124999999996
423.766,3009.9624999999996
423.819,3019.7124999999996
423.871,3014.9624999999996
423.923,3038.7124999999996
423.976,3031.9624999999996
424.028,3058.2124999999996
424.081,2980.4624999999996
424.133,2989.9624999999996
424.185,2968.7124999999996
424.238,3077.4624999999996
424.29,3028.4624999999996
424.342,2993.4624999999996
424.394,3050.7124999999996
424.447,2960.2124999999996
424.499,3011.9624999999996
424.551,3005.9624999999996
424.603,3009.4624999999996
424.656,3026.7124999999996
424.708,2993.4624999999996
424.76,2987.4624999999996
424.812,2929.9624999999996
424.864,3013.2124999999996
424.917,2955.7124999999996
424.969,2974.4624999999996
425.021,2998.9624999999996
425.073,2930.9624999999996
425.125,2958.4624999999996
425.177,2962.9624999999996
425.229,2972.9624999999996
425.282,2924.2124999999996
425.334,2953.2124999999996
425.386,2935.7124999999996
425.438,2894.2124999999996
425.49,2851.4624999999996
425.542,2968.9624999999996
425.594,2905.4624999999996
425.646,2923.7124999999996
425.698,2831.4624999999996
425.75,2924.9624999999996
425.802,2895.4624999999996
425.854,2893.7124999999996
425.906,2957.2124999999996
425.958,2942.4624999999996
426.01,2880.9624999999996
426.062,2880.9624999999996
426.114,2926.2124999999996
426.166,2903.4624999999996
426.218,2880.4624999999996
426.27,2949.2124999999996
426.321,2880.7124999999996
426.373,2882.2124999999996
426.425,2904.4624999999996
426.477,2895.9624999999996
426.529,2866.9624999999996
426.581,2879.7124999999996
426.633,2853.4624999999996
426.684,2857.9624999999996
426.736,2790.4624999999996
426.788,2811.4624999999996
426.84,2924.2124999999996
426.892,2821.2124999999996
426.943,2847.4624999999996
426.995,2868.4624999999996
427.047,2824.4624999999996
427.099,2876.2124999999996
427.15,2856.9624999999996
427.202,2801.9624999999996
427.254,2836.9624999999996
427.306,2780.2124999999996
427.357,2820.2124999999996
427.409,2909.2124999999996
427.461,2795.9624999999996
427.512,2768.4624999999996
427.564,2849.9624999999996
427.616,2822.4624999999996
427.667,2772.4624999999996
427.719,2749.4624999999996
427.77,2798.2124999999996
427.822,2794.7124999999996
427.874,2759.4624999999996
427.925,2811.7124999999996
427.977,2721.4624999999996
428.028,2748.9625
428.08,2805.2124999999996
428.131,2744.9624999999996
428.183,2778.4624999999996
428.234,2763.4624999999996
428.286,2819.7124999999996
428.337,2774.2124999999996
428.389,2744.9624999999996
428.44,2787.9624999999996
428.492,2779.9624999999996
428.543,2691.9625
428.595,2760.9624999999996
428.646,2724.4625
428.697,2719.9625
428.749,2760.2124999999996
428.8,2755.7124999999996
428.852,2740.7124999999996
428.903,2740.4624999999996
428.954,2799.9624999999996
429.006,2735.7125
429.057,2713.7125
429.108,2701.4625
429.16,2686.2125
429.211,2752.7124999999996
429.262,2693.7125
429.314,2741.2125
429.365,2708.4625
429.416,2719.4624999999996
429.467,2730.9624999999996
429.519,2703.7125
429.57,2728.4625
429.621,2699.4625
429.672,2710.2125
429.724,2706.2125
429.775,2707.2125
429.826,2749.7124999999996
429.877,2670.4625
429.928,2710.4625
429.98,2682.4625
430.031,2675.9625
430.082,2687.4625
430.133,2647.2125
430.184,2599.4625
430.235,2727.2124999999996
430.286,2698.2125
430.337,2655.2125
430.388,2622.4625
430.439,2669.2125
430.49,2633.4625
430.542,2651.9625
430.593,2659.9625
430.644,2672.9625
430.695,2670.7125
430.746,2678.2125
430.797,2745.7124999999996
430.848,2718.4625
430.898,2603.9625
430.949,2663.7125
431.0,2640.4625
431.051,2670.9625
431.102,2665.4625
431.153,2670.7125
431.204,2682.2125
431.255,2648.9625
431.306,2653.7125
431.357,2660.9625
431.408,2681.7125
431.458,2644.4625
431.509,2672.9625
431.56,2675.2125
431.611,2631.9625
431.662,2644.2125
431.713,2668.9625
431.763,2627.2125
431.814,2627.9625
431.865,2601.9625
431.916,2700.4625
431.966,2628.4625
432.017,2651.4625
432.068,2664.2125
432.118,2668.7125
432.169,2621.7125
432.22,2637.4625
432.271,2644.4625
432.321,2637.4625
432.372,2580.7125
432.423,2633.7125
432.473,2623.4625
432.524,2633.4625
432.574,2597.9625
432.625,2603.2125
432.676,2579.2125
432.726,2613.7125
432.777,2606.9625
432.827,2598.4625
432.878,2587.4625
432.928,2599.9625
432.979,2666.2125
433.029,2615.9625
433.08,2547.2125
433.13,2559.2125
433.181,2624.9625
433.231,2606.4625
433.282,2620.4625
433.332,2613.9625
433.383,2587.9625
433.433,2586.9625
433.484,2547.9625
433.534,2540.9625
433.585,2557.2125
433.635,2592.4625
433.685,2595.9625
433.736,2579.9625
433.786,2552.4625
433.836,2591.9625
433.887,2547.4625
433.937,2592.4625
433.987,2556.4625
434.038,2561.7125
434.088,2586.4625
434.138,2597.7125
434.189,2620.9625
434.239,2625.7125
434.289,2595.2125
434.339,2569.9625
434.389,2610.4625
434.44,2590.7125
434.49,2585.7125
434.54,2592.7125
434.59,2592.7125
434.64,2563.2125
434.691,2670.4625
434.741,2605.7125
434.791,2632.7125
434.841,2606.4625
434.891,2621.7125
434.941,2626.2125
434.991,2612.7125
435.042,2586.2125
435.092,2644.2125
435.142,2657.9625
435.192,2605.7125
435.242,2616.9625
435.292,2516.4625
435.342,2593.9625
435.392,2542.7125
435.442,2561.7125
435.492,2553.9625
435.542,2549.7125
435.592,2520.9625
435.642,2555.4625
435.692,2503.2125
435.742,2493.7125
435.792,2449.9625
435.842,2509.2125
435.891,2521.7125
435.941,2493.7125
435.991,2461.2125
436.041,2545.7125
436.091,2522.9625
436.141,2463.7125
436.191,2502.2125
436.241,2524.4625
436.29,2493.2125
436.34,2509.4625
436.39,2460.7125
436.44,2473.4625
436.49,2434.4625
436.539,2445.4625
436.589,2463.7125
436.639,2446.2125
436.689,2477.9625
436.738,2465.2125
436.788,2462.7125
436.838,2456.9625
436.887,2444.7125
436.937,2468.2125
436.987,2425.2125
437.036,2439.9625
437.086,2426.2125
437.136,2459.2125
437.185,2467.9625
437.235,2490.2125
437.285,2426.2125
437.334,2397.7125
437.384,2461.2125
437.433,2459.9625
437.483,2416.9625
437.532,2368.4625
437.582,2397.7125
437.631,2416.9625
437.681,2417.4625
437.73,2419.9625
437.78,2394.7125
437.829,2430.7125
437.879,2414.7125
437.928,2418.2125
437.978,2401.7125
438.027,2378.7125
438.077,2399.4625
438.126,2493.9625
438.176,2426.2125
438.225,2381.2125
438.274,2407.7125
438.324,2386.2125
438.373,2410.2125
438.422,2416.9625
438.472,2385.7125
438.521,2358.4625
438.57,2401.9625
438.62,2401.4625
438.669,2402.9625
438.718,2386.7125
438.768,2385.7125
438.817,2423.9625
438.866,2421.4625
438.915,2391.9625
438.965,2403.4625
439.014,2376.7125
439.063,2415.2125
439.112,2396.2125
439.162,2402.4625
439.211,2398.4625
439.26,2380.7125
439.309,2419.9625
439.358,2406.9625
439.407,2397.7125
439.456,2436.2125
439.506,2406.9625
439.555,2420.2125
439.604,2419.9625
439.653,2446.2125
439.702,2415.4625
439.751,2378.2125
439.8,2409.9625
439.849,2429.9625
439.898,2330.7125
439.947,2365.4625
439.996,2386.9625
440.045,2383.2125
440.094,2454.9625
440.143,2429.4625
440.192,2432.9625
440.241,2428.9625
440.29,2436.4625
440.339,2402.7125
440.388,2455.2125
440.437,2375.2125
440.486,2427.2125
440.535,2455.9625
440.583,2411.2125
440.632,2399.2125
440.681,2412.9625
440.73,2466.9625
440.779,2474.9625
440.828,2452.9625
440.876,2450.9625
440.925,2446.7125
440.974,2475.7125
441.023,2432.2125
441.072,2455.7125
441.12,2474.7125
441.169,2421.2125
441.218,2434.2125
441.267,2461.9625
441.315,2458.7125
441.364,2445.2125
441.413,2482.4625
441.461,2498.4625
441.51,2471.9625
441.559,2515.2125
441.607,2508.4625
441.656,2507.7125
441.705,2512.7125
441.753,2505.7125
441.802,2514.9625
441.85,2472.4625
441.899,2486.7125
441.948,2519.2125
441.996,2478.4625
442.045,2480.9625
442.093,2495.4625
442.142,2537.7125
442.19,2498.7125
442.239,2445.7125
442.287,2518.7125
442.336,2479.9625
442.384,2519.7125
442.433,2452.2125
442.481,2506.2125
442.529,2476.4625
442.578,2469.4625
442.626,2482.4625
442.675,2508.2125
442.723,2471.4625
442.771,2529.2125
442.82,2490.4625
442.868,2527.9625
442.917,2491.4625
442.965,2533.2125
443.013,2486.9625
443.062,2514.2125
443.11,2495.4625
443.158,2482.4625
443.206,2497.9625
443.255,2520.9625
443.303,2532.9625
443.351,2512.2125
443.399,2508.4625
443.448,2542.2125
443.496,2482.7125
443.544,2530.9625
443.592,2513.9625
443.64,2593.9625
443.689,2594.4625
443.737,2619.9625
443.785,2607.2125
443.833,2530.4625
443.881,2579.4625
443.929,2555.2125
443.977,2569.4625
444.025,2547.4625
444.074,2613.7125
444.122,2560.9625
444.17,2604.9625
444.218,2589.2125
444.266,2659.4625
444.314,2597.7125
444.362,2582.7125
444.41,2606.9625
444.458,2651.2125
444.506,2660.9625
444.554,2642.7125
444.602,2664.7125
444.65,2641.4625
444.698,2687.9625
444.746,2613.7125
444.793,2716.7125
444.841,2730.9625
444.889,2671.2125
444.937,2648.7125
444.985,2678.2125
445.033,2656.7125
445.081,2678.2125
445.129,2640.2125
445.176,2682.2125
445.224,2666.7125
445.272,2646.7125
445.32,2705.7125
445.368,2642.9625
445.415,2676.7125
445.463,2698.7125
445.511,2678.7125
445.559,2683.4625
445.606,2709.9625
445.654,2645.7125
445.702,2679.7125
445.749,2678.9625
445.797,2674.2125
445.845,2701.4625
445.892,2732.7125
445.94,2701.7125
445.988,2704.7125
446.035,2758.4624999999996
446.083,2683.7125
446.13,2775.7124999999996
446.178,2729.2124999999996
446.226,2721.7124999999996
446.273,2728.7124999999996
446.321,2795.2124999999996
446.368,2725.7124999999996
446.416,2765.4624999999996
446.463,2767.2124999999996
446.511,2769.2124999999996
446.558,2770.9624999999996
446.606,2795.4624999999996
446.653,2835.9624999999996
446.701,2853.2124999999996
446.748,2862.4624999999996
446.796,2810.7124999999996
446.843,2843.2124999999996
446.891,2898.4624999999996
446.938,2914.4624999999996
446.985,2893.7124999999996
447.033,2930.9624999999996
447.08,2915.4624999999996
447.128,2943.2124999999996
447.175,2965.7124999999996
447.222,2959.4624999999996
447.27,3066.2124999999996
447.317,3030.7124999999996
447.364,2988.7124999999996
447.411,3022.2124999999996
447.459,3007.9624999999996
447.506,3045.2124999999996
447.553,3099.7124999999996
447.601,3202.2124999999996
447.648,3219.9624999999996
447.695,3282.4624999999996
447.742,3223.4624999999996
447.789,3271.7124999999996
447.837,3293.9624999999996
447.884,3364.7124999999996
447.931,3423.7124999999996
447.978,3405.4624999999996
448.025,3387.7124999999996
448.072,3441.7124999999996
448.12,3487.7124999999996
448.167,3410.7124999999996
448.214,3444.4624999999996
448.261,3416.2124999999996
448.308,3356.2124999999996
448.355,3300.2124999999996
448.402,3273.4624999999996
448.449,3193.2124999999996
448.496,3169.4624999999996
448.543,3113.2124999999996
448.59,3096.2124999999996
448.637,3063.4624999999996
448.684,3038.9624999999996
448.731,3021.9624999999996
448.778,3000.9624999999996
448.825,2978.9624999999996
448.872,2985.7124999999996
448.919,2971.9624999999996
448.966,2914.7124999999996
449.013,2924.7124999999996
449.06,2885.7124999999996
449.107,2872.7124999999996
449.154,2881.4624999999996
449.2,2897.2124999999996
449.247,2814.9624999999996
449.294,2812.2124999999996
449.341,2729.7124999999996
449.388,2820.4624999999996
449.435,2724.4625
449.481,2744.2124999999996
449.528,2714.4624999999996
449.575,2733.4624999999996
449.622,2709.7124999999996
449.668,2673.2125
449.715,2714.9624999999996
449.762,2684.9625
449.809,2652.7125
449.855,2701.7124999999996
449.902,2646.4625
449.949,2667.2125
449.995,2695.4625
450.042,2616.2125
450.089,2610.4625
450.135,2639.7125
450.182,2597.9625
450.229,2545.2125
450.275,2565.4625
450.322,2608.9625
450.368,2548.7125
450.415,2555.7125
450.462,2596.4625
450.508,2564.7125
450.555,2540.7125
450.601,2552.7125
450.648,2527.2125
450.694,2632.4625
450.741,2537.7125
450.787,2495.4625
450.834,2467.2125
450.88,2453.9625
450.927,2480.2125
450.973,2484.2125
451.019,2456.4625
451.066,2471.4625
451.112,2479.9625
451.159,2525.4625
451.205,2481.4625
451.251,2490.4625
451.298,2471.9625
451.344,2468.7125
451.39,2516.2125
451.437,2443.4625
451.483,2469.2125
451.529,2467.7125
451.576,2442.2125
451.622,2455.4625
451.668,2432.2125
451.714,2430.4625
451.761,2411.7125
451.807,2413.9625
451.853,2429.4625
451.899,2441.4625
451.945,2453.4625
451.992,2407.7125
452.038,2365.7125
452.084,2401.4625
452.13,2425.4625
452.176,2404.2125
452.222,2401.7125
452.268,2381.7125
452.315,2407.7125
452.361,2385.4625
452.407,2401.4625
452.453,2400.7125
452.499,2387.2125
452.545,2367.7125
452.591,2331.4625
452.637,2365.4625
452.683,2339.7125
452.729,2376.4625
452.775,2344.9625
452.821,2376.9625
452.867,2333.7125
452.913,2367.4625
452.959,2379.7125
453.005,2372.9625
453.051,2356.4625
453.097,2391.7125
453.142,2342.9625
453.188,2383.2125
453.234,2329.9625
453.28,2315.4625
453.326,2398.2125
453.372,2351.9625
453.418,2317.9625
453.463,2303.7125
453.509,2355.9625
453.555,2297.4625
453.601,2274.4625
453.647,2277.9625
453.692,2308.2125
453.738,2264.2125
453.784,2278.7125
453.829,2336.9625
453.875,2340.4625
453.921,2279.7125
453.967,2316.4625
454.012,2361.4625
454.058,2321.7125
454.104,2261.7125
454.149,2276.7125
454.195,2299.9625
454.24,2362.4625
454.286,2281.2125
454.332,2288.7125
454.377,2281.7125
454.423,2253.7125
454.468,2265.2125
454.514,2234.2125
454.559,2316.2125
454.605,2284.4625
454.65,2277.7125
454.696,2299.4625
454.741,2253.9625
454.787,2282.4625
454.832,2268.9625
454.878,2278.4625
454.923,2282.2125
454.969,2274.2125
455.014,2259.2125
455.06,2306.7125
455.105,2254.9625
455.15,2276.9625
455.196,2279.4625
455.241,2295.4625
455.286,2284.7125
455.332,2234.4625
455.377,2289.4625
455.422,2328.7125
455.468,2270.2125
455.513,2282.7125
455.558,2260.2125
455.604,2249.4625
455.649,2247.7125
455.694,2275.9625
455.739,2270.2125
455.785,2318.4625
455.83,2294.2125
455.875,2291.2125
455.92,2284.9625
455.965,2258.4625
456.01,2283.9625
456.056,2249.2125
456.101,2245.9625
456.146,2209.9625
456.191,2292.4625
456.236,2270.2125
456.281,2232.9625
456.326,2235.2125
456.371,2271.2125
456.416,2256.7125
456.461,2273.4625
456.507,2295.9625
456.552,2276.2125
456.597,2295.4625
456.642,2297.2125
456.687,2217.4625
456.732,2260.4625
456.776,2259.4625
456.821,2303.4625
456.866,2211.2125
456.911,2257.7125
456.956,2233.9625
457.001,2305.4625
457.046,2298.4625
457.091,2296.2125
457.136,2256.7125
457.181,2296.9625
457.225,2293.9625
457.27,2258.7125
457.315,2264.4625
457.36,2256.7125
457.405,2317.4625
457.45,2317.4625
457.494,2249.4625
457.539,2282.2125
457.584,2196.2125
457.629,2254.9625
457.673,2302.9625
457.718,2277.2125
457.763,2315.4625
457.807,2294.2125
457.852,2313.4625
457.897,2276.9625
457.941,2264.2125
457.986,2239.4625
458.031,2300.4625
458.075,2237.4625
458.12,2262.9625
458.165,2338.2125
458.209,2294.4625
458.254,2304.2125
458.298,2278.2125
458.343,2292.9625
458.387,2264.4625
458.432,2323.2125
458.476,2352.4625
458.521,2365.9625
458.565,2334.4625
458.61,2357.2125
458.654,2352.9625
458.699,2333.2125
458.743,2391.7125
458.788,2439.4625
458.832,2378.4625
458.877,2324.7125
458.921,2404.2125
458.965,2398.7125
459.01,2385.2125
459.054,2411.9625
459.099,2344.7125
459.143,2418.4625
459.187,2399.2125
459.231,2360.4625
459.276,2361.2125
459.32,2388.2125
459.364,2392.4625
459.409,2440.2125
459.453,2419.7125
459.497,2404.7125
459.541,2446.4625
459.586,2356.4625
459.63,2437.7125
459.674,2421.4625
459.718,2393.7125
459.762,2405.7125
459.807,2484.4625
459.851,2451.7125
459.895,2453.4625
459.939,2422.4625
459.983,2466.2125
460.027,2409.9625
460.071,2440.7125
460.115,2446.9625
460.159,2400.9625
460.204,2451.9625
460.248,2493.4625
460.292,2470.2125
460.336,2476.2125
460.38,2482.2125
460.424,2495.7125
460.468,2489.4625
460.512,2489.9625
460.556,2497.9625
460.599,2507.7125
460.643,2524.2125
460.687,2507.4625
460.731,2454.2125
460.775,2450.2125
460.819,2450.2125
460.863,2444.4625
460.907,2478.7125
460.951,2473.2125
460.995,2483.7125
461.038,2514.4625
461.082,2505.9625
461.126,2414.2125
461.17,2531.4625
461.214,2496.2125
461.257,2499.4625
461.301,2511.4625
461.345,2499.9625
461.389,2510.7125
461.432,2533.4625
461.476,2500.4625
461.52,2498.9625
461.563,2477.4625
461.607,2485.9625
461.651,2473.2125
461.694,2520.7125
461.738,2537.2125
461.782,2576.9625
461.825,2502.9625
461.869,2560.7125
461.913,2562.7125
461.956,2578.4625
462.0,2542.9625
462.043,2527.9625
462.087,2582.7125
462.13,2581.2125
462.174,2534.9625
462.217,2575.4625
462.261,2569.2125
462.304,2594.4625
462.348,2581.9625
462.391,2556.2125
462.435,2576.2125
462.478,2596.4625
462.522,2583.2125
462.565,2617.2125
462.608,2597.4625
462.652,2606.9625
462.695,2530.9625
462.739,2611.4625
462.782,2628.9625
462.825,2634.7125
462.869,2674.9625
462.912,2608.7125
462.955,2641.4625
462.998,2627.4625
463.042,2708.9625
463.085,2687.4625
463.128,2639.7125
463.172,2565.9625
453.18,3646.2437499999996
453.319,3769.2437499999996
453.458,3829.4937499999996
453.596,3793.4937499999996
453.735,3877.7437499999996
453.873,3908.4937499999996
454.012,3986.2437499999996
454.15,4040.4937499999996
454.289,4099.49375
454.427,4117.24375
454.566,4099.99375
454.704,4193.99375
454.843,4252.99375
454.981,4243.49375
455.12,4360.24375
455.258,4358.49375
455.397,4353.99375
455.535,4363.99375
455.674,4461.99375
455.812,4492.99375
455.951,4507.24375
456.089,4624.74375
456.227,4521.24375
456.366,4695.24375
456.504,4720.49375
456.642,4702.99375
456.781,4803.74375
456.919,4858.24375
457.057,4969.49375
457.196,4976.99375
457.334,4999.74375
457.472,5076.24375
457.61,5148.74375
457.749,5244.74375
457.887,5230.49375
458.025,5268.74375
458.163,5420.49375
458.301,5539.24375
458.44,5441.24375
458.578,5637.49375
458.716,5653.24375
458.854,5636.24375
458.992,5654.49375
459.13,5750.49375
459.269,5756.99375
459.407,5870.74375
459.545,5854.49375
459.683,5944.99375
459.821,5939.24375
459.959,5964.49375
460.097,6129.24375
460.235,6058.99375
460.373,6132.74375
460.511,6209.99375
460.649,6248.99375
460.787,6293.24375
460.925,6347.99375
461.063,6322.24375
461.201,6382.49375
461.339,6415.99375
461.477,6520.24375
461.615,6500.24375
461.753,6618.24375
461.891,6534.24375
462.029,6748.74375
462.166,6766.99375
462.304,6821.99375
462.442,6810.99375
462.58,6837.24375
462.718,6876.24375
462.856,6833.24375
462.993,6795.74375
463.131,6765.49375
463.269,6873.99375
463.407,6628.99375
463.545,6557.49375
463.682,6645.74375
463.82,6935.74375
463.958,7225.24375
464.095,7307.99375
464.233,7400.99375
464.371,7284.74375
464.509,7279.24375
464.646,7249.99375
464.784,7223.99375
464.921,7129.24375
465.059,7262.24375
465.197,7079.49375
465.334,7063.49375
465.472,6883.99375
465.609,6947.99375
465.747,6867.49375
465.885,6909.49375
466.022,6855.24375
466.16,6831.49375
466.297,6857.49375
466.435,6780.49375
466.572,6871.24375
466.71,6823.49375
466.847,6860.99375
466.985,6773.49375
467.122,6781.99375
467.26,6893.99375
467.397,6846.24375
467.534,6799.49375
467.672,6764.24375
467.809,6919.49375
467.947,6847.24375
468.084,6775.49375
468.221,6829.74375
468.359,6774.99375
468.496,6832.99375
468.633,6905.74375
468.771,6885.24375
468.908,6904.24375
469.045,6940.49375
469.183,6992.74375
469.32,7049.24375
469.457,7078.49375
469.594,7101.99375
469.732,7105.74375
469.869,7109.74375
470.006,7205.49375
470.143,7272.24375
470.28,7328.74375
470.417,7397.99375
470.555,7387.74375
470.692,7358.49375
470.829,7307.99375
470.966,7203.99375
471.103,7353.99375
471.24,7237.49375
471.377,7312.49375
471.514,7299.74375
471.651,7260.24375
471.789,7320.49375
471.926,7294.49375
472.063,7221.49375
472.2,7204.24375
472.337,7208.74375
472.474,7251.74375
472.611,7146.49375
472.748,7147.74375
472.884,7246.99375
473.021,7121.24375
473.158,7147.74375
473.295,7166.24375
473.432,7095.74375
473.569,7211.74375
473.706,7153.49375
473.843,7065.24375
473.98,7195.49375
474.117,7230.74375
474.253,7159.24375
474.39,7165.24375
474.527,7130.49375
474.664,7296.49375
474.801,7288.24375
474.937,7350.49375
475.074,7301.49375
475.211,7300.49375
475.348,7290.99375
475.484,7298.99375
475.621,7222.99375
475.758,7323.74375
475.894,7391.49375
476.031,7261.49375
476.168,7397.74375
476.304,7260.49375
476.441,7333.74375
476.578,7356.24375
476.714,7410.99375
476.851,7476.24375
476.987,7490.49375
477.124,7475.99375
477.261,7413.743749999999
477.397,7502.99375
477.534,7559.99375
477.67,7629.993749999999
477.807,7673.243749999999
477.943,7754.743749999999
478.08,7739.24375
478.216,7735.993749999999
478.353,7781.743749999999
478.489,7779.743749999999
478.626,7792.743749999999
478.762,7897.993749999999
478.898,7892.243749999999
479.035,7853.743749999999
479.171,7902.243749999999
479.308,7858.243749999999
479.444,7944.493749999999
479.58,7922.743749999999
479.717,7983.243749999999
479.853,7983.743749999999
479.989,8046.993749999999
480.126,8048.743749999999
480.262,7981.743749999999
480.398,8037.243749999999
480.535,7988.743749999999
480.671,8118.99375
480.807,7919.493749999999
480.943,7956.493749999999
481.08,8038.493749999999
481.216,7970.493749999999
481.352,7970.243749999999
481.488,7964.243749999999
481.624,7893.493749999999
481.76,7876.493749999999
481.897,7868.743749999999
482.033,7923.743749999999
482.169,7895.993749999999
482.305,7881.243749999999
482.441,7968.993749999999
482.577,7989.743749999999
482.713,8006.24375
482.849,7941.493749999999
482.985,7901.493749999999
483.121,8026.743749999999
483.258,7894.243749999999
483.394,8022.493749999999
483.53,7961.243749999999
483.665,8032.493749999999
483.801,7901.993749999999
483.937,7985.493749999999
484.073,7976.743749999999
484.209,8009.743749999999
484.345,8089.99375
484.481,8065.993749999999
484.617,8008.74375
484.753,7960.993749999999
484.889,8077.243749999999
485.025,8023.49375
485.161,8080.743749999999
485.296,8091.243749999999
485.432,8077.49375
485.568,8140.49375
485.704,8090.24375
485.84,8143.74375
485.975,8164.99375
486.111,8195.74375
486.247,8233.99375
486.383,8225.24375
486.518,8134.74375
486.654,8236.49375
486.79,8136.24375
486.926,8106.49375
487.061,8177.99375
487.197,8168.49375
487.333,8096.74375
487.468,8149.49375
487.604,8202.74375
487.74,8104.74375
487.875,8113.49375
488.011,8085.99375
488.146,8170.49375
488.282,8221.74375
488.417,8196.74375
488.553,8134.99375
488.688,8172.24375
488.824,8135.49375
488.96,8174.24375
489.095,8227.74375
489.23,8336.99375
489.366,8306.49375
489.501,8302.24375
489.637,8243.24375
489.772,8281.74375
489.908,8282.99375
490.043,8338.74375
490.178,8355.49375
490.314,8288.99375
490.449,8266.24375
490.585,8280.99375
490.72,8244.24375
490.855,8309.74375
490.991,8271.99375
491.126,8200.99375
491.261,8315.99375
491.396,8331.99375
491.532,8314.24375
491.667,8425.24375
491.802,8270.49375
491.937,8405.49375
492.073,8361.24375
492.208,8416.24375
492.343,8398.99375
492.478,8444.74375
492.613,8475.49375
492.749,8485.49375
492.884,8328.99375
493.019,8375.24375
493.154,8349.99375
493.289,8390.24375
493.424,8381.24375
493.559,8372.74375
493.694,8329.49375
493.829,8354.24375
493.964,8370.24375
494.099,8387.99375
494.234,8402.49375
494.369,8444.74375
494.504,8302.49375
494.639,8287.99375
494.774,8307.74375
494.909,8297.99375
495.044,8387.74375
495.179,8372.99375
495.314,8351.24375
495.449,8292.74375
495.584,8414.99375
495.719,8399.74375
495.854,8445.49375
495.988,8409.49375
496.123,8377.74375
496.258,8496.99375
496.393,8543.74375
496.528,8495.49375
496.663,8640.49375
496.797,8575.24375
496.932,8662.74375
497.067,8796.74375
497.202,8880.49375
497.336,8867.24375
497.471,9011.24375
497.606,9044.74375
497.74,9165.74375
497.875,9351.74375
498.01,9416.49375
498.144,9485.49375
498.279,9724.49375
498.414,9749.74375
498.548,9736.74375
498.683,9824.24375
498.817,9900.49375
498.952,10026.74375
499.087,10283.74375
499.221,10354.74375
499.356,10388.49375
499.49,10638.99375
499.625,10894.24375
499.759,11037.74375
499.894,11215.99375
500.028,11549.993750000001
500.162,11702.493750000001
500.297,11816.243750000001
500.431,11932.243750000001
500.566,11872.993750000001
500.7,11785.743750000001
500.835,11575.743750000001
500.969,11374.993750000001
501.103,11297.993750000001
501.238,10894.49375
501.372,10634.49375
501.506,10416.49375
501.641,10219.99375
501.775,9917.99375
501.909,9739.74375
502.043,9678.74375
502.178,9429.99375
502.312,9293.99375
502.446,9152.49375
502.58,9167.74375
502.715,9039.49375
502.849,8951.74375
502.983,8838.49375
503.117,8776.99375
503.251,8660.99375
503.385,8634.49375
503.52,8540.74375
503.654,8360.74375
503.788,8383.74375
503.922,8277.74375
504.056,8255.99375
504.19,8226.49375
504.324,8128.24375
504.458,8186.743749999999
504.592,8092.743749999999
504.726,7946.243749999999
504.86,7909.993749999999
504.994,7801.493749999999
505.128,7807.243749999999
505.262,7659.493749999999
505.396,7589.99375
505.53,7567.99375
505.664,7512.24375
505.798,7493.49375
505.932,7362.49375
506.066,7323.24375
506.199,7296.99375
506.333,7211.24375
506.467,7209.49375
506.601,7130.99375
506.735,7132.99375
506.869,7016.24375
507.002,7102.49375
507.136,6933.49375
507.27,7030.74375
507.404,6958.49375
507.537,6947.99375
507.671,6933.74375
507.805,6848.99375
507.939,6885.99375
508.072,6822.74375
508.206,6831.74375
508.34,6909.74375
508.473,6865.99375
508.607,6832.99375
508.74,6802.24375
508.874,6770.24375
509.008,6769.24375
509.141,6740.24375
509.275,6726.49375
509.408,6679.99375
509.542,6587.24375
509.675,6594.99375
509.809,6590.99375
509.942,6541.74375
510.076,6489.74375
510.209,6567.74375
510.343,6504.24375
510.476,6568.24375
510.61,6508.24375
510.743,6439.24375
510.877,6442.74375
511.01,6365.24375
511.143,6433.99375
511.277,6457.49375
511.41,6382.99375
511.543,6424.49375
511.677,6421.24375
511.81,6377.49375
511.943,6405.49375
512.077,6446.24375
512.21,6372.99375
512.343,6436.99375
512.476,6366.24375
512.61,6359.24375
512.743,6460.74375
512.876,6426.74375
513.009,6482.99375
513.142,6421.99375
513.276,6387.74375
513.409,6369.24375
513.542,6401.24375
513.675,6340.24375
513.808,6307.74375
513.941,6334.24375
514.074,6418.99375
514.207,6439.49375
514.34,6428.99375
514.474,6402.74375
514.607,6430.99375
514.74,6490.74375
514.873,6519.24375
515.006,6658.24375
515.139,6566.74375
515.272,6717.24375
515.404,6784.24375
515.537,6845.49375
515.67,6668.49375
515.803,6760.24375
515.936,6805.49375
516.069,6865.49375
516.202,7076.24375
516.335,7211.99375
516.468,7621.993749999999
516.6,8968.24375
516.733,11491.243750000001
516.866,11764.743750000001
516.999,10631.99375
517.132,12740.493750000001
517.264,17405.494000000002
517.397,17486.494000000002
517.53,13698.743750000001
517.663,11352.493750000001
517.795,10530.24375
517.928,10082.49375
518.061,10268.74375
518.193,12896.743750000001
518.326,19464.744000000002
518.459,21294.994000000002
518.591,17044.994000000002
518.724,13048.743750000001
518.857,11321.743750000001
518.989,10206.74375
519.122,9541.24375
519.254,9000.24375
519.387,8462.24375
519.519,8217.24375
519.652,7903.493749999999
519.784,7696.493749999999
519.917,7414.493749999999
520.049,7365.493749999999
520.182,7262.99375
520.314,7193.74375
520.447,7092.99375
520.579,7011.74375
520.712,6878.99375
520.844,6753.99375
520.976,6720.99375
521.109,6680.24375
521.241,6634.99375
521.373,6528.49375
521.506,6567.49375
521.638,6404.74375
521.77,6366.49375
521.903,6289.99375
522.035,6255.24375
522.167,6215.24375
522.3,6181.74375
522.432,6149.74375
522.564,6170.49375
522.696,6078.99375
522.828,6061.99375
522.961,6038.24375
523.093,6073.74375
523.225,6002.99375
523.357,5976.24375
523.489,5840.99375
523.621,5869.49375
523.753,5822.24375
523.885,5758.99375
524.018,5797.99375
524.15,5726.74375
524.282,5807.24375
524.414,5758.49375
524.546,5617.99375
524.678,5591.24375
524.81,5639.24375
524.942,5663.74375
525.074,5562.99375
525.206,5568.99375
525.338,5619.24375
525.469,5512.99375
525.601,5479.49375
525.733,5509.49375
525.865,5469.99375
525.997,5453.49375
526.129,5396.74375
526.261,5386.74375
526.393,5323.49375
526.524,5305.24375
526.656,5284.74375
526.788,5325.74375
526.92,5360.74375
527.052,5247.24375
527.183,5235.49375
527.315,5314.24375
527.447,5330.99375
527.578,5278.24375
527.71,5235.49375
527.842,5274.99375
527.973,5204.99375
528.105,5243.99375
528.237,5230.74375
528.368,5226.24375
528.5,5198.24375
528.632,5197.99375
528.763,5263.24375
528.895,5161.24375
529.026,5221.99375
529.158,5199.49375
529.289,5146.24375
529.421,5176.24375
529.552,5107.24375
529.684,5098.49375
529.815,5187.24375
529.947,5091.24375
530.078,5152.49375
530.21,5081.74375
530.341,5064.99375
530.472,5082.99375
530.604,5075.49375
530.735,5101.24375
530.867,5001.49375
530.998,5053.74375
531.129,5074.49375
531.26,5082.99375
531.392,5062.49375
531.523,5048.49375
531.654,5059.24375
531.786,5135.24375
531.917,5073.24375
532.048,5069.49375
532.179,5121.24375
532.311,5098.99375
532.442,5030.99375
532.573,5136.49375
532.704,5031.24375
532.835,5001.24375
532.966,5051.24375
533.097,5033.74375
533.229,4951.49375
533.36,4981.74375
533.491,5020.49375
533.622,4986.49375
533.753,5020.74375
533.884,5011.49375
534.015,5078.99375
534.146,5021.24375
534.277,4997.99375
534.408,4990.24375
534.539,5085.99375
534.67,4955.99375
534.801,5002.99375
534.932,4973.99375
535.063,4991.24375
535.194,4952.99375
535.324,4890.24375
535.455,4885.49375
535.586,4892.99375
535.717,4887.49375
535.848,4866.49375
535.979,4944.74375
536.109,4899.49375
536.24,4817.74375
536.371,4902.99375
536.502,4854.74375
536.632,4787.24375
536.763,4857.24375
536.894,4869.74375
537.025,4803.74375
537.155,4819.74375
537.286,4778.99375
537.417,4811.49375
537.547,4727.74375
537.678,4794.99375
537.808,4858.74375
537.939,4757.49375
538.07,4764.74375
538.2,4746.49375
538.331,4700.99375
538.461,4751.24375
538.592,4766.99375
538.722,4757.24375
538.853,4761.99375
538.983,4759.24375
539.114,4775.99375
539.244,4709.49375
539.375,4773.99375
539.505,4767.24375
539.636,4752.49375
539.766,4735.74375
539.896,4782.74375
540.027,4803.24375
540.157,4743.49375
540.287,4785.49375
540.418,4708.24375
540.548,4757.74375
540.678,4722.99375
540.809,4757.49375
540.939,4769.99375
541.069,4781.49375
541.2,4789.74375
541.33,4796.24375
541.46,4810.24375
541.59,4775.49375
541.72,4714.99375
541.851,4791.99375
541.981,4795.99375
542.111,4808.74375
542.241,4787.99375
542.371,4871.49375
542.501,4868.24375
542.631,4945.99375
542.761,4988.24375
542.891,4885.49375
543.021,4924.49375
543.151,4939.49375
543.281,4931.74375
543.411,4897.99375
543.542,4856.24375
543.671,4837.49375
543.801,4818.99375
543.931,4860.24375
544.061,4804.99375
544.191,4823.49375
544.321,4898.99375
544.451,4915.99375
544.581,4910.99375
544.711,4868.49375
544.841,4909.74375
544.97,4936.99375
545.1,4982.74375
545.23,5035.74375
545.36,5029.24375
545.49,4974.24375
545.619,4988.49375
545.749,4921.99375
545.879,4866.24375
546.009,4875.49375
546.138,4798.49375
546.268,4791.74375
546.398,4784.49375
546.527,4911.49375
546.657,4818.74375
546.786,4830.74375
546.916,4870.74375
547.046,4929.24375
547.175,4817.49375
547.305,4853.24375
547.434,4819.74375
547.564,4783.24375
547.693,4790.49375
547.823,4772.24375
547.953,4815.49375
548.082,4765.74375
548.211,4794.99375
548.341,4852.74375
548.47,4757.49375
548.6,4828.99375
548.729,4732.74375
548.859,4723.24375
548.988,4731.24375
549.117,4807.24375
549.247,4782.24375
549.376,4801.24375
549.505,4819.24375
549.635,4786.99375
549.764,4832.49375
549.893,4797.24375
550.023,4810.99375
550.152,4912.74375
550.281,4841.74375
550.41,4847.49375
550.539,4862.99375
550.669,4908.74375
550.798,4898.99375
550.927,4902.99375
551.056,4856.99375
551.185,4878.49375
551.314,4871.99375
551.443,4852.24375
551.573,4877.74375
551.702,4871.49375
551.831,4844.49375
551.96,4859.74375
552.089,4941.24375
552.218,4921.74375
552.347,4939.24375
552.476,5044.99375
552.605,5072.99375
552.734,5146.24375
552.863,5259.74375
552.992,5411.99375
553.121,5320.74375
553.249,5193.74375
553.378,5198.49375
553.507,5132.24375
553.636,5107.24375
553.765,5084.74375
553.894,5064.49375
554.023,5081.24375
554.151,4947.74375
554.28,4973.99375
554.409,4950.99375
554.538,4883.74375
554.666,5016.49375
554.795,4904.24375
554.924,4920.49375
555.052,4886.99375
555.181,4854.74375
555.31,4854.99375
555.439,4822.99375
555.567,4833.24375
555.696,4803.99375
555.824,4788.74375
555.953,4867.74375
556.082,4811.24375
556.21,4775.24375
556.339,4767.74375
556.467,4768.74375
556.596,4829.49375
556.724,4752.99375
556.853,4803.74375
556.981,4779.24375
557.11,4689.74375
557.238,4762.99375
557.367,4720.24375
557.495,4739.24375
557.623,4694.49375
557.752,4733.99375
557.88,4726.74375
558.008,4691.24375
558.137,4737.24375
558.265,4792.24375
558.393,4780.74375
558.522,4637.74375
558.65,4701.49375
558.778,4710.74375
558.906,4693.49375
559.035,4755.74375
559.163,4735.24375
559.291,4746.24375
559.419,4735.99375
559.548,4718.99375
559.676,4747.74375
559.804,4866.49375
559.932,4759.49375
560.06,4748.49375
560.188,4740.24375
560.316,4808.74375
560.444,4847.74375
560.572,4908.49375
560.7,4832.74375
560.828,4866.99375
560.956,4894.49375
561.085,4843.24375
561.212,4873.24375
561.34,4916.74375
561.468,4922.49375
561.596,4875.24375
561.724,4938.49375
561.852,4927.49375
561.98,4842.74375
562.108,4925.99375
562.236,5020.49375
562.364,4987.49375
562.492,4975.74375
562.619,4950.24375
562.747,4991.24375
562.875,4963.49375
563.003,5031.99375
563.13,5079.49375
563.258,5117.49375
563.386,5188.99375
563.514,5148.24375
563.641,5248.49375
563.769,5298.24375
563.897,5330.24375
564.024,5376.49375
564.152,5419.49375
564.28,5385.99375
564.407,5385.74375
564.535,5385.99375
564.662,5435.74375
564.79,5494.74375
564.917,5557.24375
565.045,5581.24375
565.173,5554.99375
565.3,5622.49375
565.428,5613.49375
565.555,5760.99375
565.682,5773.99375
565.81,5816.49375
565.937,5908.99375
566.065,6059.74375
566.192,6081.24375
566.32,6234.49375
566.447,6274.24375
566.574,6291.99375
566.702,6460.74375
566.829,6455.24375
566.956,6517.49375
567.083,6530.99375
567.211,6575.49375
567.338,6582.24375
567.465,6641.99375
567.593,6630.24375
567.72,6645.99375
567.847,6688.74375
567.974,6745.49375
568.101,6950.99375
568.228,7572.493749999999
568.356,7914.743749999999
568.483,7630.743749999999
568.61,7557.743749999999
568.737,8345.74375
568.864,9020.99375
568.991,8705.49375
569.118,8085.74375
569.245,7452.743749999999
569.372,7084.99375
569.499,6778.49375
569.626,6558.74375
569.753,6421.24375
569.88,6318.99375
570.007,6174.99375
570.134,6068.99375
570.261,6032.74375
570.388,5914.99375
570.515,5822.99375
570.642,5768.49375
570.768,5701.99375
570.895,5780.74375
571.022,5641.49375
571.149,5585.49375
571.276,5530.99375
571.402,5430.99375
571.529,5471.24375
571.656,5340.99375
571.783,5318.49375
571.909,5353.24375
572.036,5248.99375
572.163,5216.24375
572.289,5195.99375
572.416,5149.24375
572.543,5211.49375
572.669,5106.74375
572.796,5165.49375
572.922,5102.49375
573.049,5015.49375
573.176,5046.74375
573.302,5070.74375
573.429,5006.99375
573.555,4925.74375
573.682,4942.99375
573.808,4871.74375
573.935,4873.74375
574.061,4857.99375
574.188,4944.74375
574.314,4930.49375
574.44,4892.74375
574.567,4914.24375
574.693,4919.24375
574.82,4862.24375
574.946,4865.49375
575.072,4905.49375
575.198,4852.99375
575.325,4847.49375
575.451,4800.49375
575.577,4790.99375
575.704,4812.24375
575.83,4774.49375
575.956,4789.99375
576.082,4769.99375
576.208,4789.24375
576.335,4797.74375
576.461,4764.49375
576.587,4832.99375
576.713,4821.24375
576.839,4731.24375
576.965,4722.74375
577.091,4753.99375
577.217,4781.99375
577.343,4643.74375
577.469,4723.99375
577.596,4754.74375
577.722,4723.49375
577.848,4718.99375
577.974,4671.49375
578.099,4721.74375
578.225,4687.74375
578.351,4747.24375
578.477,4699.49375
578.603,4709.74375
578.729,4704.24375
578.855,4692.99375
578.981,4796.99375
579.107,4807.99375
579.232,4786.24375
579.358,4768.49375
579.484,4741.74375
579.61,4746.99375
579.735,4768.49375
579.861,4749.49375
579.987,4798.99375
580.113,4761.24375
580.238,4763.24375
580.364,4844.99375
580.49,4804.49375
580.615,4812.74375
580.741,4756.99375
580.867,4859.99375
580.992,4809.99375
581.118,4859.99375
581.243,4900.49375
581.369,4906.24375
581.494,4935.74375
581.62,4984.24375
581.745,4993.99375
581.871,4976.99375
581.996,5047.49375
582.122,5027.74375
582.247,5046.49375
582.373,5078.99375
582.498,5165.74375
582.624,5189.99375
582.749,5117.74375
582.874,5173.99375
583.0,5244.49375
583.125,5202.74375
583.25,5315.99375
583.376,5251.74375
583.501,5382.24375
583.626,5399.24375
583.751,5437.99375
583.877,5471.24375
584.002,5627.24375
584.127,5722.49375
584.252,5651.99375
584.377,5733.49375
584.503,5758.99375
584.628,5872.99375
584.753,5981.49375
584.878,6064.99375
585.003,6115.74375
585.128,6225.74375
585.253,6360.24375
585.378,6414.74375
585.503,6577.49375
585.628,6614.99375
585.753,6800.74375
585.878,6964.24375
586.003,7080.74375
586.128,7293.493749999999
586.253,7423.743749999999
586.378,7815.493749999999
586.503,7967.993749999999
586.628,8295.74375
586.753,8591.74375
586.878,8900.74375
587.003,9350.99375
587.127,9737.99375
587.252,10217.24375
587.377,10790.74375
587.502,11259.243750000001
587.627,12127.243750000001
587.751,12973.493750000001
587.876,14014.493750000001
588.001,15027.493999999999
588.125,16541.244000000002
588.25,18179.994000000002
588.375,20306.494000000002
588.499,22753.244000000002
588.624,25510.994000000002
588.749,28592.994000000002
588.873,28896.994000000002
588.998,28412.244000000002
589.122,31993.493000000002
589.247,34334.743
589.372,33175.743
589.496,30869.494000000002
589.621,30090.494000000002
589.745,31683.993500000004
589.87,30806.994000000002
589.994,27558.244000000002
590.118,24204.994000000002
590.243,21555.994000000002
590.367,19401.244000000002
590.492,17655.494000000002
590.616,16192.494000000002
590.74,15004.493999999999
590.865,13902.993750000001
590.989,12989.243750000001
591.114,12231.243750000001
591.238,11663.243750000001
591.362,11028.743750000001
591.486,10525.74375
591.611,10173.99375
591.735,9695.49375
591.859,9327.24375
591.983,9127.49375
592.107,8849.24375
592.232,8535.74375
592.356,8330.99375
592.48,8161.49375
592.604,7946.74375
592.728,7819.493749999999
592.852,7592.243749999999
592.976,7534.743749999999
593.1,7381.243749999999
593.224,7192.24375
593.349,7043.24375
593.473,6919.99375
593.597,6847.74375
593.721,6738.99375
593.844,6694.49375
593.968,6550.99375
594.092,6449.74375
594.216,6374.24375
594.34,6254.99375
594.464,6185.49375
594.588,6130.74375
594.712,6138.74375
594.836,5954.99375
594.959,5870.24375
595.083,5761.74375
595.207,5718.49375
595.331,5693.74375
595.455,5639.74375
595.578,5564.99375
595.702,5494.24375
595.826,5457.99375
595.949,5346.74375
596.073,5332.74375
596.197,5241.49375
596.32,5219.24375
596.444,5236.99375
596.568,5116.24375
596.691,5052.49375
596.815,5048.49375
596.938,5111.99375
597.062,4986.74375
597.186,4945.99375
597.309,5008.74375
597.433,4971.49375
597.556,4836.74375
597.68,4756.74375
597.803,4792.24375
597.926,4748.24375
598.05,4761.24375
598.173,4724.74375
598.297,4673.74375
598.42,4722.74375
598.543,4663.49375
598.667,4594.49375
598.79,4618.74375
598.913,4607.24375
599.037,4609.74375
599.16,4544.49375
599.283,4568.49375
599.406,4558.99375
599.53,4568.24375
599.653,4511.99375
599.776,4549.99375
599.899,4466.24375
600.022,4478.49375
600.145,4499.99375
600.269,4532.99375
600.392,4426.74375
600.515,4347.49375
600.638,4392.24375
600.761,4358.24375
600.884,4285.74375
601.007,4339.74375
601.13,4300.24375
601.253,4281.49375
601.376,4339.49375
601.499,4324.24375
601.622,4344.99375
601.745,4240.49375
601.868,4303.49375
601.991,4272.99375
602.113,4195.99375
602.236,4259.99375
602.359,4254.74375
602.482,4271.24375
602.605,4166.74375
602.728,4154.24375
602.85,4156.74375
602.973,4215.99375
603.096,4186.49375
603.219,4226.74375
603.341,4193.49375
603.464,4182.74375
603.587,4135.49375
603.709,4148.74375
603.832,4155.74375
603.955,4182.49375
604.077,4149.49375
604.2,4153.74375
604.323,4096.74375
604.445,4129.24375
604.568,4090.4937499999996
604.69,4098.24375
604.813,4050.2437499999996
604.935,4094.7437499999996
605.058,4106.49375
605.18,4088.9937499999996
605.303,4114.49375
605.425,4042.7437499999996
605.547,4087.2437499999996
605.67,4077.4937499999996
605.792,4033.9937499999996
605.915,4001.2437499999996
606.037,4006.2437499999996
606.159,4115.49375
606.282,4037.4937499999996
606.404,4032.9937499999996
606.526,4023.2437499999996
606.648,3983.7437499999996
606.771,3978.9937499999996
606.893,3963.2437499999996
607.015,4027.9937499999996
607.137,4026.4937499999996
607.26,4022.9937499999996
607.382,3992.2437499999996
607.504,4024.2437499999996
607.626,3941.9937499999996
607.748,3985.4937499999996
607.87,3985.4937499999996
607.992,4028.4937499999996
608.114,3947.4937499999996
608.237,3905.4937499999996
608.359,3886.2437499999996
608.481,3921.9937499999996
608.603,3896.2437499999996
608.725,3890.9937499999996
608.847,3905.7437499999996
608.969,3985.9937499999996
609.09,4000.4937499999996
609.212,3899.9937499999996
609.334,3913.4937499999996
609.456,3954.2437499999996
609.578,3965.2437499999996
609.7,3913.9937499999996
609.822,3892.2437499999996
609.944,3905.4937499999996
610.065,3899.4937499999996
610.187,3884.9937499999996
610.309,3940.7437499999996
610.431,3942.4937499999996
610.552,3892.4937499999996
610.674,3879.2437499999996
610.796,3908.2437499999996
610.918,3929.2437499999996
611.039,3884.9937499999996
611.161,3928.7437499999996
611.282,3893.4937499999996
611.404,3886.9937499999996
611.526,3876.4937499999996
611.647,3821.4937499999996
611.769,3801.7437499999996
611.89,3850.9937499999996
612.012,3894.7437499999996
612.133,3801.4937499999996
612.255,3877.9937499999996
612.377,3881.2437499999996
612.498,3826.7437499999996
612.619,3844.9937499999996
612.741,3783.7437499999996
612.862,3834.9937499999996
612.984,3841.4937499999996
613.105,3811.2437499999996
613.226,3847.7437499999996
613.348,3872.7437499999996
613.469,3774.9937499999996
613.59,3884.9937499999996
613.712,3804.4937499999996
613.833,3845.2437499999996
613.954,3857.4937499999996
614.076,3874.2437499999996
614.197,3799.9937499999996
614.318,3804.7437499999996
614.439,3779.9937499999996
614.56,3770.2437499999996
614.682,3787.9937499999996
614.803,3834.4937499999996
614.924,3861.2437499999996
615.045,3881.7437499999996
615.166,3917.4937499999996
615.287,4009.2437499999996
615.408,4293.24375
615.529,4487.99375
615.65,4206.24375
615.771,4166.24375
615.892,4241.99375
616.013,4724.99375
616.134,5128.99375
616.255,4848.99375
616.376,4513.99375
616.497,4291.49375
616.618,4195.24375
616.739,4071.9937499999996
616.86,4084.4937499999996
616.981,3970.9937499999996
617.102,3978.4937499999996
617.222,4043.9937499999996
617.343,4006.9937499999996
617.464,3906.2437499999996
617.585,3907.7437499999996
617.705,3893.4937499999996
617.826,3837.2437499999996
617.947,3830.2437499999996
618.068,3860.2437499999996
618.188,3780.2437499999996
618.309,3823.7437499999996
618.43,3843.7437499999996
618.55,3792.7437499999996
618.671,3812.4937499999996
618.791,3775.4937499999996
618.912,3723.7437499999996
619.033,3803.2437499999996
619.153,3819.7437499999996
619.274,3760.9937499999996
619.394,3755.7437499999996
619.515,3701.7437499999996
619.635,3747.4937499999996
619.756,3764.2437499999996
619.876,3711.2437499999996
619.996,3736.7437499999996
620.117,3722.9937499999996
620.237,3671.9937499999996
620.358,3707.7437499999996
620.478,3693.2437499999996
620.598,3719.7437499999996
620.719,3690.9937499999996
620.839,3715.2437499999996
620.959,3654.7437499999996
621.079,3664.7437499999996
621.2,3661.2437499999996
621.32,3638.4937499999996
621.44,3627.9937499999996
621.56,3603.7437499999996
621.681,3650.9937499999996
621.801,3597.4937499999996
621.921,3627.4937499999996
622.041,3655.2437499999996
622.161,3673.2437499999996
622.281,3628.2437499999996
622.401,3642.7437499999996
622.521,3616.7437499999996
622.641,3573.9937499999996
622.761,3568.4937499999996
622.882,3608.4937499999996
623.002,3553.7437499999996
623.121,3594.4937499999996
623.241,3554.9937499999996
623.361,3552.9937499999996
623.481,3529.2437499999996
623.601,3532.7437499999996
623.721,3612.4937499999996
623.841,3573.7437499999996
623.961,3562.4937499999996
624.081,3518.4937499999996
624.201,3584.2437499999996
624.32,3526.2437499999996
624.44,3490.2437499999996
624.56,3485.9937499999996
624.68,3517.4937499999996
624.799,3565.4937499999996
624.919,3563.9937499999996
625.039,3495.2437499999996
625.159,3516.7437499999996
625.278,3542.4937499999996
625.398,3504.9937499999996
625.518,3504.9937499999996
625.637,3471.9937499999996
625.757,3528.2437499999996
625.876,3492.7437499999996
625.996,3491.9937499999996
626.115,3504.9937499999996
626.235,3488.9937499999996
626.354,3540.2437499999996
626.474,3511.2437499999996
626.594,3479.9937499999996
626.713,3426.2437499999996
626.832,3485.7437499999996
626.952,3478.4937499999996
627.071,3502.9937499999996
627.191,3503.4937499999996
627.31,3495.9937499999996
627.429,3507.9937499999996
627.549,3461.2437499999996
627.668,3437.9937499999996
627.787,3473.9937499999996
627.907,3494.2437499999996
628.026,3453.4937499999996
628.145,3410.9937499999996
628.264,3422.2437499999996
628.384,3457.9937499999996
628.503,3503.4937499999996
628.622,3435.2437499999996
628.741,3457.9937499999996
628.86,3464.9937499999996
628.98,3480.9937499999996
629.099,3434.4937499999996
629.218,3493.2437499999996
629.337,3364.2437499999996
629.456,3430.7437499999996
629.575,3379.2437499999996
629.694,3436.9937499999996
629.813,3420.9937499999996
629.932,3503.7437499999996
630.051,3426.7437499999996
630.17,3433.4937499999996
630.289,3454.7437499999996
630.408,3393.7437499999996
630.527,3380.7437499999996
630.646,3431.2437499999996
630.764,3369.7437499999996
630.883,3373.7437499999996
631.002,3358.2437499999996
631.121,3378.2437499999996
631.24,3382.2437499999996
631.359,3392.2437499999996
631.477,3352.2437499999996
631.596,3416.9937499999996
631.715,3385.2437499999996
631.834,3343.9937499999996
631.952,3350.4937499999996
632.071,3423.4937499999996
632.19,3332.7437499999996
632.308,3396.4937499999996
632.427,3304.9937499999996
632.546,3255.7437499999996
632.664,3335.4937499999996
632.783,3383.7437499999996
632.901,3277.2437499999996
633.02,3314.2437499999996
633.138,3345.9937499999996
633.257,3345.7437499999996
633.375,3301.7437499999996
633.494,3325.2437499999996
633.612,3352.2437499999996
633.731,3315.7437499999996
633.849,3322.2437499999996
633.968,3256.2437499999996
634.086,3261.2437499999996
634.204,3324.4937499999996
634.323,3317.7437499999996
634.441,3269.9937499999996
634.559,3279.2437499999996
634.678,3267.9937499999996
634.796,3235.4937499999996
634.914,3244.7437499999996
635.032,3296.7437499999996
635.151,3231.2437499999996
635.269,3311.7437499999996
635.387,3277.9937499999996
635.505,3253.7437499999996
635.623,3350.4937499999996
635.742,3273.9937499999996
635.86,3255.7437499999996
635.978,3267.7437499999996
636.096,3266.9937499999996
636.214,3238.2437499999996
636.332,3251.7437499999996
636.45,3284.2437499999996
636.568,3211.2437499999996
636.686,3234.7437499999996
636.804,3235.4937499999996
636.922,3172.7437499999996
637.04,3251.4937499999996
637.158,3270.9937499999996
637.276,3261.4937499999996
637.394,3227.2437499999996
637.512,3172.7437499999996
637.629,3175.4937499999996
637.747,3212.9937499999996
637.865,3220.2437499999996
637.983,3173.4937499999996
638.101,3179.7437499999996
638.218,3137.4937499999996
638.336,3186.2437499999996
638.454,3177.2437499999996
638.572,3235.4937499999996
638.689,3146.7437499999996
638.807,3193.2437499999996
638.925,3131.7437499999996
639.042,3232.4937499999996
639.16,3191.7437499999996
639.278,3148.2437499999996
639.395,3189.4937499999996
639.513,3137.2437499999996
639.63,3174.9937499999996
639.748,3224.2437499999996
639.865,3141.4937499999996
639.983,3223.4937499999996
640.1,3156.9937499999996
640.218,3145.2437499999996
640.335,3135.9937499999996
640.453,3158.7437499999996
640.57,3136.7437499999996
640.688,3141.9937499999996
640.805,3123.4937499999996
640.922,3183.4937499999996
641.04,3122.2437499999996
641.157,3187.7437499999996
641.274,3157.7437499999996
641.391,3150.7437499999996
641.509,3157.4937499999996
641.626,3130.9937499999996
641.743,3122.2437499999996
641.86,3082.2437499999996
641.978,3114.7437499999996
642.095,3080.7437499999996
642.212,3154.9937499999996
642.329,3112.9937499999996
642.446,3068.9937499999996
642.563,3035.7437499999996
642.681,3094.9937499999996
642.798,3166.4937499999996
642.915,3129.7437499999996
643.032,3107.9937499999996
643.149,3186.7437499999996
643.266,3091.2437499999996
643.383,3106.9937499999996
643.5,3073.4937499999996
643.617,3092.9937499999996
643.734,3093.4937499999996
643.85,3108.4937499999996
643.967,3156.7437499999996
644.084,3125.4937499999996
644.201,3143.4937499999996
644.318,3121.7437499999996
644.435,3143.4937499999996
644.552,3146.4937499999996
644.668,3195.7437499999996
644.785,3155.9937499999996
644.902,3172.4937499999996
645.019,3147.4937499999996
645.135,3120.4937499999996
645.252,3166.7437499999996
645.369,3128.7437499999996
645.485,3136.2437499999996
645.602,3145.2437499999996
645.719,3161.4937499999996
645.835,3204.7437499999996
645.952,3126.2437499999996
646.068,3121.4937499999996
646.185,3126.4937499999996
646.302,3195.7437499999996
646.418,3212.7437499999996
646.535,3182.4937499999996
646.651,3192.2437499999996
646.768,3186.7437499999996
646.884,3182.2437499999996
647.0,3239.2437499999996
647.117,3162.7437499999996
647.233,3225.2437499999996
647.35,3232.2437499999996
647.466,3268.7437499999996
647.582,3215.9937499999996
647.699,3254.2437499999996
647.815,3270.4937499999996
647.931,3273.9937499999996
648.047,3265.4937499999996
648.164,3228.2437499999996
648.28,3236.9937499999996
648.396,3287.2437499999996
648.512,3239.2437499999996
648.629,3283.7437499999996
648.745,3304.4937499999996
648.861,3303.7437499999996
648.977,3235.4937499999996
649.093,3243.7437499999996
649.209,3214.7437499999996
649.325,3229.2437499999996
649.441,3194.4937499999996
649.557,3249.2437499999996
649.673,3332.2437499999996
649.789,3240.2437499999996
649.905,3280.7437499999996
650.021,3286.2437499999996
650.137,3268.9937499999996
650.253,3200.7437499999996
650.369,3258.4937499999996
650.485,3261.7437499999996
650.601,3295.4937499999996
650.717,3271.4937499999996
650.833,3253.7437499999996
650.948,3262.4937499999996
651.064,3292.2437499999996
651.18,3289.4937499999996
651.296,3217.4937499999996
651.411,3248.7437499999996
651.527,3230.9937499999996
651.643,3316.4937499999996
651.759,3332.2437499999996
651.874,3349.4937499999996
651.99,3404.4937499999996
652.105,3356.2437499999996
652.221,3332.2437499999996
652.337,3415.4937499999996
652.452,3372.2437499999996
652.568,3406.2437499999996
652.683,3365.9937499999996
652.799,3393.7437499999996
652.914,3458.9937499999996
653.03,3422.4937499999996
653.145,3414.9937499999996
653.261,3479.7437499999996
653.376,3473.7437499999996
653.492,3496.7437499999996
653.607,3500.4937499999996
653.722,3482.9937499999996
653.838,3548.7437499999996
653.953,3565.7437499999996
654.068,3601.2437499999996
654.184,3644.2437499999996
654.299,3733.7437499999996
654.414,3741.7437499999996
654.53,3681.2437499999996
654.645,3763.7437499999996
654.76,3798.4937499999996
654.875,3838.2437499999996
654.99,3949.7437499999996
655.106,3982.2437499999996
655.221,3999.2437499999996
655.336,4050.7437499999996
655.451,4104.49375
655.566,4182.24375
655.681,4258.49375
655.796,4382.99375
655.911,4375.99375
656.026,4512.99375
656.141,4557.49375
656.256,4630.49375
656.371,4786.74375
656.486,4702.99375
656.601,4705.49375
656.716,4661.24375
656.831,4597.74375
656.946,4516.74375
657.06,4472.24375
657.175,4365.74375
657.29,4330.99375
657.405,4251.24375
657.52,4239.24375
657.634,4141.49375
657.749,4135.74375
657.864,4102.24375
657.979,3991.9937499999996
658.093,3998.7437499999996
658.208,3930.4937499999996
658.323,3859.7437499999996
658.437,3841.9937499999996
658.552,3803.7437499999996
658.666,3837.7437499999996
658.781,3819.7437499999996
658.895,3776.9937499999996
659.01,3679.2437499999996
659.125,3680.7437499999996
659.239,3648.7437499999996
659.353,3565.4937499999996
659.468,3537.9937499999996
659.582,3587.7437499999996
659.697,3576.7437499999996
659.811,3542.9937499999996
659.926,3523.7437499999996
660.04,3521.7437499999996
660.154,3470.2437499999996
660.269,3522.2437499999996
660.383,3411.2437499999996
660.497,3461.2437499999996
660.612,3374.2437499999996
660.726,3419.9937499999996
660.84,3397.4937499999996
660.954,3323.9937499999996
661.068,3394.9937499999996
661.183,3296.2437499999996
661.297,3234.4937499999996
661.411,3309.4937499999996
661.525,3254.7437499999996
661.639,3183.2437499999996
661.753,3215.4937499999996
661.867,3212.9937499999996
661.981,3133.9937499999996
662.095,3130.2437499999996
662.209,3076.4937499999996
662.323,3119.7437499999996
662.437,3075.7437499999996
662.551,3083.7437499999996
662.665,3061.9937499999996
662.779,3041.2437499999996
662.893,3047.2437499999996
663.007,3061.7437499999996
663.121,3022.2437499999996
663.235,3015.4937499999996
663.349,3014.9937499999996
663.462,3019.9937499999996
663.576,3003.2437499999996
663.69,2978.4937499999996
663.804,3002.2437499999996
663.917,2952.7437499999996
664.031,2921.7437499999996
664.145,2925.4937499999996
664.258,2969.2437499999996
664.372,2892.4937499999996
664.486,2895.4937499999996
664.599,2885.9937499999996
664.713,2852.7437499999996
664.827,2864.4937499999996
664.94,2889.2437499999996
665.054,2844.4937499999996
665.167,2766.9937499999996
665.281,2849.2437499999996
665.394,2860.2437499999996
665.508,2794.9937499999996
665.621,2791.7437499999996
665.735,2835.4937499999996
665.848,2826.4937499999996
665.961,2805.9937499999996
666.075,2779.9937499999996
666.188,2758.7437499999996
666.301,2790.4937499999996
666.415,2759.7437499999996
666.528,2789.4937499999996
666.641,2779.4937499999996
666.755,2743.7437499999996
666.868,2727.49375
666.981,2775.2437499999996
667.094,2728.49375
667.207,2794.4937499999996
667.321,2722.24375
667.434,2721.99375
667.547,2686.49375
667.66,2691.24375
667.773,2715.24375
667.886,2696.49375
667.999,2732.74375
668.112,2618.74375
668.225,2616.99375
668.338,2644.24375
668.451,2666.49375
668.564,2665.24375
668.677,2671.49375
668.79,2624.74375
668.903,2578.99375
669.016,2602.99375
669.129,2566.74375
669.242,2575.74375
669.354,2588.74375
669.467,2552.49375
669.58,2634.49375
669.693,2572.24375
669.806,2562.24375
669.918,2556.24375
670.031,2597.24375
670.144,2486.74375
670.256,2545.99375
670.369,2537.24375
670.482,2553.74375
670.594,2566.74375
670.707,2510.24375
670.82,2544.74375
670.932,2591.99375
671.045,2582.49375
671.157,2540.49375
671.27,2550.49375
671.382,2570.49375
671.495,2541.24375
671.607,2510.24375
671.72,2453.99375
671.832,2505.49375
671.944,2525.99375
672.057,2531.99375
672.169,2504.24375
672.281,2526.49375
672.394,2497.99375
672.506,2498.24375
672.618,2512.74375
672.731,2483.49375
672.843,2469.24375
672.955,2462.24375
673.067,2416.49375
673.18,2425.24375
673.292,2495.24375
673.404,2502.49375
673.516,2446.99375
673.628,2440.99375
673.74,2445.24375
673.852,2446.24375
673.964,2448.99375
674.076,2388.99375
674.188,2432.74375
674.3,2460.99375
674.412,2440.49375
674.524,2437.24375
674.636,2451.49375
674.748,2347.74375
674.86,2422.74375
674.972,2437.74375
675.084,2415.49375
675.196,2362.74375
675.307,2354.74375
675.419,2400.74375
675.531,2377.74375
675.643,2377.24375
675.755,2337.24375
675.866,2336.74375
675.978,2348.49375
676.09,2322.99375
676.201,2405.99375
676.313,2388.99375
676.425,2373.74375
676.536,2407.49375
676.648,2401.74375
676.759,2381.74375
676.871,2327.74375
676.983,2312.24375
677.094,2340.74375
677.206,2350.99375
677.317,2359.24375
677.429,2344.49375
677.54,2351.99375
677.651,2334.74375
677.763,2332.74375
677.874,2334.99375
677.986,2287.24375
678.097,2345.24375
678.208,2294.74375
678.32,2318.24375
678.431,2346.99375
678.542,2291.49375
678.653,2279.49375
678.765,2292.24375
678.876,2289.99375
678.987,2268.74375
679.098,2245.49375
679.209,2284.24375
679.32,2309.99375
679.432,2309.74375
679.543,2267.74375
679.654,2290.49375
679.765,2257.24375
679.876,2253.49375
679.987,2238.24375
680.098,2299.24375
680.209,2259.99375
680.32,2256.24375
680.431,2251.24375
680.542,2251.74375
680.653,2309.99375
680.763,2296.24375
680.874,2209.49375
680.985,2228.49375
681.096,2210.99375
681.207,2217.49375
681.318,2269.24375
681.428,2246.49375
681.539,2256.99375
681.65,2294.99375
681.76,2274.49375
681.871,2258.99375
681.982,2246.74375
682.093,2193.24375
682.203,2195.74375
682.314,2209.99375
682.424,2221.49375
682.535,2244.24375
682.646,2196.24375
682.756,2212.24375
682.867,2229.24375
682.977,2211.99375
683.088,2257.99375
683.198,2203.24375
683.308,2178.49375
683.419,2190.74375
683.529,2212.49375
683.64,2184.74375
683.75,2235.49375
683.86,2203.24375
683.971,2200.74375
684.081,2209.49375
684.191,2264.24375
684.301,2253.24375
684.412,2174.49375
684.522,2216.99375
684.632,2213.49375
684.742,2232.49375
684.852,2177.99375
684.963,2189.24375
685.073,2199.49375
685.183,2163.49375
685.293,2196.24375
685.403,2184.49375
685.513,2220.99375
685.623,2156.24375
685.733,2181.24375
685.843,2204.49375
685.953,2217.49375
686.063,2193.49375
686.173,2133.49375
686.283,2202.99375
686.393,2155.24375
686.503,2153.24375
686.612,2185.24375
686.722,2157.74375
686.832,2146.74375
686.942,2226.99375
687.052,2192.99375
687.161,2131.74375
687.271,2202.74375
687.381,2123.49375
687.491,2171.74375
687.6,2150.24375
687.71,2160.74375
687.82,2156.24375
687.929,2169.24375
688.039,2195.24375
688.148,2150.99375
688.258,2128.74375
688.367,2179.99375
688.477,2164.49375
688.586,2171.74375
688.696,2127.24375
688.805,2142.99375
688.915,2120.99375
689.024,2154.49375
689.134,2117.24375
689.243,2157.74375
689.352,2137.49375
689.462,2137.99375
689.571,2145.24375
689.68,2153.49375
689.79,2121.24375
689.899,2157.24375
690.008,2162.74375
690.117,2094.99375
690.227,2125.74375
690.336,2147.24375
690.445,2136.74375
690.554,2126.49375
690.663,2143.74375
690.772,2079.99375
690.881,2183.24375
690.99,2131.24375
691.099,2180.49375
691.209,2111.74375
691.318,2146.49375
691.427,2087.99375
691.536,2075.99375
691.644,2153.49375
691.753,2089.24375
691.862,2137.49375
691.971,2102.24375
692.08,2131.74375
692.189,2148.49375
692.298,2102.24375
692.406,2110.99375
692.515,2133.49375
692.624,2096.74375
692.733,2091.74375
692.842,2088.49375
692.95,2118.49375
693.059,2105.74375
693.168,2109.49375
693.276,2136.49375
693.385,2053.24375
693.494,2118.24375
693.602,2126.74375
693.711,2126.49375
693.819,2116.24375
693.928,2043.4937500000003
694.036,2089.74375
694.145,2107.99375
694.253,2072.24375
694.362,2064.49375
694.47,2089.74375
694.579,2110.24375
694.687,2162.74375
694.795,2110.99375
694.904,2095.74375
695.012,2055.74375
695.12,2112.49375
695.229,2058.74375
695.337,2110.49375
695.445,2131.24375
695.553,2112.74375
695.662,2105.74375
695.77,2064.24375
695.878,2083.99375
695.986,2112.49375
696.094,2065.99375
696.202,2105.24375
696.31,2059.49375
696.419,2052.99375
696.527,2050.49375
696.635,2107.49375
696.743,2095.49375
696.851,2097.99375
696.959,2095.74375
697.067,2090.49375
697.174,2113.99375
697.282,2079.74375
697.39,2059.74375
697.498,2108.24375
697.606,2090.74375
697.714,2059.99375
697.822,2085.49375
697.929,2052.2437500000005
698.037,2009.4937500000003
698.145,2094.74375
698.253,2022.9937500000003
698.36,2014.4937500000003
698.468,2092.49375
698.576,2023.49375
698.683,2081.74375
698.791,2048.2437500000005
698.899,2081.49375
699.006,2055.74375
699.114,2078.74375
699.221,2037.2437500000003
699.329,2043.99375
699.436,2009.7437500000003
699.544,2100.74375
699.651,2086.24375
699.759,2066.99375
699.866,2092.49375
699.974,2045.2437500000003
700.081,2031.99375
700.188,2015.99375
700.296,2032.2437500000003
700.403,2031.74375
700.51,2045.49375
700.618,2021.9937500000003
700.725,2024.7437500000003
700.832,2066.99375
700.94,2043.74375
701.047,2052.99375
701.154,1999.4937500000003
701.261,2037.74375
701.368,2054.24375
701.475,1994.7437500000003
701.582,2031.4937500000003
701.69,2019.49375
701.797,2001.2437500000003
701.904,2013.7437500000003
702.011,2079.49375
702.118,2033.49375
702.225,2007.4937500000003
702.332,2018.7437500000003
702.439,2032.24375
702.546,2018.74375
702.652,1982.7437500000003
702.759,2028.49375
702.866,2021.2437500000003
702.973,2051.9937500000005
703.08,2061.74375
703.187,1955.2437500000003
703.294,2004.9937500000003
703.4,1849.4937500000003
694.693,3645.5125000000003
694.893,3892.2625000000003
695.093,3923.5125000000003
695.293,4033.7625000000003
695.492,4100.262500000001
695.692,4052.0125000000003
695.891,3995.7625000000003
696.091,4047.0125000000003
696.291,4127.512500000001
696.49,4035.0125000000003
696.69,4136.262500000001
696.889,4100.012500000001
697.089,4175.262500000001
697.288,4143.262500000001
697.488,4099.012500000001
697.687,4130.512500000001
697.887,4170.012500000001
698.086,4180.262500000001
698.286,4264.262500000001
698.485,4208.512500000001
698.684,4281.762500000001
698.884,4156.012500000001
699.083,4229.762500000001
699.282,4200.262500000001
699.482,4211.512500000001
699.681,4234.012500000001
699.88,4287.762500000001
700.08,4372.762500000001
700.279,4305.262500000001
700.478,4280.512500000001
700.677,4359.262500000001
700.877,4338.012500000001
701.076,4329.512500000001
701.275,4312.762500000001
701.474,4363.512500000001
701.673,4347.762500000001
701.872,4301.262500000001
702.071,4391.512500000001
702.271,4399.512500000001
702.47,4422.512500000001
702.669,4439.512500000001
702.868,4400.762500000001
703.067,4440.762500000001
703.266,4418.012500000001
703.465,4507.012500000001
703.664,4444.762500000001
703.863,4456.762500000001
704.062,4492.512500000001
704.26,4491.262500000001
704.459,4536.012500000001
704.658,4535.012500000001
704.857,4471.512500000001
705.056,4531.762500000001
705.255,4551.512500000001
705.454,4548.762500000001
705.652,4536.762500000001
705.851,4532.262500000001
706.05,4549.012500000001
706.249,4531.762500000001
706.447,4593.762500000001
706.646,4601.512500000001
706.845,4616.012500000001
707.043,4597.262500000001
707.242,4606.012500000001
707.441,4616.512500000001
707.639,4679.262500000001
707.838,4631.512500000001
708.037,4691.262500000001
708.235,4670.512500000001
708.434,4693.762500000001
708.632,4702.262500000001
708.831,4711.512500000001
709.029,4745.262500000001
709.228,4707.012500000001
709.426,4700.012500000001
709.625,4759.262500000001
709.823,4739.512500000001
710.022,4751.262500000001
710.22,4817.012500000001
710.418,4842.012500000001
710.617,4868.762500000001
710.815,4863.262500000001
711.013,4809.262500000001
711.212,4866.012500000001
711.41,4880.762500000001
711.608,4800.762500000001
711.807,4880.262500000001
712.005,4928.262500000001
712.203,4877.262500000001
712.401,4861.012500000001
712.599,5001.012500000001
712.798,4937.012500000001
712.996,4964.262500000001
713.194,5009.262500000001
713.392,5042.762500000001
713.59,5000.012500000001
713.788,5061.262500000001
713.986,5158.262500000001
714.184,5132.262500000001
714.382,5152.012500000001
714.58,5144.512500000001
714.778,5219.762500000001
714.976,5143.262500000001
715.174,5224.512500000001
715.372,5376.512500000001
715.57,5434.012500000001
715.768,5691.762500000001
715.966,5798.762500000001
716.164,5706.512500000001
716.362,5641.262500000001
716.56,5582.262500000001
716.758,5630.512500000001
716.955,5502.512500000001
717.153,5567.012500000001
717.351,5453.012500000001
717.549,5458.012500000001
717.746,5513.512500000001
717.944,5487.512500000001
718.142,5481.262500000001
718.34,5469.262500000001
718.537,5404.512500000001
718.735,5560.512500000001
718.933,5524.012500000001
719.13,5461.262500000001
719.328,5528.012500000001
719.525,5466.262500000001
719.723,5459.012500000001
719.92,5426.512500000001
720.118,5493.512500000001
720.316,5479.012500000001
720.513,5467.262500000001
720.711,5483.262500000001
720.908,5524.262500000001
721.105,5489.262500000001
721.303,5465.512500000001
721.5,5567.012500000001
721.698,5582.762500000001
721.895,5543.262500000001
722.092,5557.262500000001
722.29,5561.762500000001
722.487,5546.512500000001
722.684,5561.012500000001
722.882,5543.762500000001
723.079,5552.012500000001
723.276,5546.512500000001
723.473,5509.512500000001
723.671,5538.762500000001
723.868,5623.012500000001
724.065,5647.012500000001
724.262,5591.762500000001
724.459,5665.512500000001
724.656,5682.762500000001
724.854,5618.012500000001
725.051,5618.512500000001
725.248,5611.512500000001
725.445,5654.762500000001
725.642,5663.012500000001
725.839,5685.012500000001
726.036,5673.262500000001
726.233,5693.012500000001
726.43,5650.512500000001
726.627,5740.262500000001
726.824,5726.512500000001
727.021,5787.512500000001
727.218,5759.262500000001
727.414,5856.262500000001
727.611,5792.262500000001
727.808,5756.512500000001
728.005,5784.512500000001
728.202,5808.762500000001
728.399,5744.762500000001
728.595,5737.762500000001
728.792,5827.762500000001
728.989,5763.012500000001
729.186,5803.512500000001
729.382,5775.762500000001
729.579,5773.512500000001
729.776,5808.512500000001
729.972,5856.262500000001
730.169,5908.262500000001
730.366,5832.262500000001
730.562,5876.762500000001
730.759,5908.762500000001
730.955,5887.762500000001
731.152,5849.762500000001
731.348,5901.262500000001
731.545,5832.762500000001
731.741,5869.512500000001
731.938,5973.012500000001
732.134,5885.512500000001
732.331,5950.012500000001
732.527,5875.762500000001
732.724,5979.012500000001
732.92,5961.012500000001
733.116,5904.762500000001
733.313,5999.512500000001
733.509,5934.512500000001
733.705,5985.762500000001
733.902,6053.762500000001
734.098,5939.262500000001
734.294,6015.262500000001
734.49,6017.512500000001
734.687,6043.512500000001
734.883,6040.262500000001
735.079,6038.762500000001
735.275,6039.762500000001
735.471,6058.762500000001
735.667,6034.262500000001
735.863,6046.762500000001
736.06,6110.512500000001
736.256,6036.012500000001
736.452,6133.512500000001
736.648,6049.262500000001
736.844,6162.512500000001
737.04,6088.262500000001
737.236,6188.762500000001
737.432,6213.762500000001
737.628,6132.262500000001
737.824,6173.762500000001
738.019,6218.762500000001
738.215,6220.012500000001
738.411,6181.012500000001
738.607,6245.762500000001
738.803,6281.012500000001
738.999,6358.012500000001
739.195,6366.762500000001
739.39,6428.512500000001
739.586,6309.512500000001
739.782,6391.762500000001
739.978,6420.762500000001
740.173,6372.262500000001
740.369,6359.512500000001
740.565,6359.012500000001
740.76,6450.012500000001
740.956,6440.012500000001
741.152,6433.262500000001
741.347,6516.012500000001
741.543,6510.762500000001
741.738,6619.012500000001
741.934,6750.262500000001
742.129,6864.262500000001
742.325,7307.262500000001
742.52,7725.512500000001
742.716,7556.512500000001
742.911,7445.262500000001
743.107,7298.262500000001
743.302,7258.262500000001
743.498,7270.762500000001
743.693,7325.762500000001
743.888,7476.762500000001
744.084,8059.762500000001
744.279,8997.0125
744.474,9122.0125
744.67,8600.0125
744.865,8251.0125
745.06,7960.512500000001
745.255,7843.262500000001
745.451,7789.512500000001
745.646,7690.262500000001
745.841,7546.512500000001
746.036,7644.512500000001
746.231,7758.512500000001
746.426,7991.762500000001
746.622,8604.5125
746.817,9950.0125
747.012,10858.0125
747.207,10331.2625
747.402,9682.0125
747.597,9254.5125
747.792,8829.7625
747.987,8667.7625
748.182,8485.2625
748.377,8272.2625
748.572,8160.012500000001
748.767,7976.512500000001
748.961,7761.512500000001
749.156,7610.762500000001
749.351,7674.262500000001
749.546,7441.512500000001
749.741,7448.762500000001
749.936,7433.512500000001
750.13,7400.012500000001
750.325,7283.762500000001
750.52,7242.512500000001
750.715,7256.512500000001
750.909,7160.262500000001
751.104,7193.762500000001
751.299,7205.012500000001
751.493,7105.512500000001
751.688,7153.762500000001
751.882,7122.762500000001
752.077,7056.262500000001
752.272,7081.512500000001
752.466,7005.512500000001
752.661,7048.762500000001
752.855,6868.512500000001
753.05,6990.012500000001
753.244,6975.012500000001
753.439,6842.512500000001
753.633,6875.012500000001
753.828,6836.262500000001
754.022,6951.262500000001
754.216,6880.012500000001
754.411,6787.762500000001
754.605,6763.262500000001
754.799,6801.262500000001
754.994,6803.262500000001
755.188,6822.762500000001
755.382,6856.012500000001
755.576,6803.762500000001
755.771,6785.512500000001
755.965,6825.762500000001
756.159,6812.012500000001
756.353,6764.512500000001
756.547,6704.512500000001
756.742,6723.512500000001
756.936,6715.262500000001
757.13,6794.762500000001
757.324,6784.762500000001
757.518,6788.512500000001
757.712,6789.762500000001
757.906,6800.762500000001
758.1,6742.512500000001
758.294,6794.012500000001
758.488,6767.762500000001
758.682,6744.762500000001
758.876,6670.762500000001
759.07,6752.012500000001
759.264,6739.762500000001
759.458,6630.762500000001
759.651,6663.012500000001
759.845,6765.262500000001
760.039,6724.512500000001
760.233,6713.512500000001
760.427,6692.012500000001
760.62,6750.762500000001
760.814,6744.012500000001
761.008,6800.262500000001
761.202,6748.012500000001
761.395,6752.512500000001
761.589,6789.012500000001
761.783,6779.012500000001
761.976,6758.762500000001
762.17,6748.762500000001
762.363,6776.762500000001
762.557,6754.012500000001
762.75,6708.762500000001
762.944,6734.512500000001
763.138,6852.512500000001
763.331,6691.012500000001
763.524,6833.762500000001
763.718,6888.762500000001
763.911,6877.762500000001
764.105,6860.262500000001
764.298,6837.012500000001
764.492,6891.262500000001
764.685,6899.012500000001
764.878,6966.012500000001
765.072,6923.262500000001
765.265,6890.012500000001
765.458,6959.512500000001
765.651,6974.762500000001
765.845,7020.512500000001
766.038,7021.762500000001
766.231,7894.512500000001
766.424,11369.512499999999
766.617,11757.512499999999
766.811,7754.512500000001
767.004,7210.762500000001
767.197,7124.512500000001
767.39,7111.762500000001
767.583,6993.012500000001
767.776,7009.512500000001
767.969,7060.012500000001
768.162,7017.012500000001
768.355,6940.262500000001
768.548,7089.012500000001
768.741,7102.262500000001
768.934,7137.512500000001
769.127,7122.262500000001
769.32,7181.762500000001
769.513,7275.762500000001
769.706,8228.2625
769.898,11218.262499999999
770.091,9124.2625
770.284,7466.512500000001
770.477,7266.012500000001
770.67,7270.262500000001
770.862,7333.512500000001
771.055,7383.262500000001
771.248,7357.012500000001
771.441,7409.262500000001
771.633,7444.012500000001
771.826,7469.512500000001
772.018,7498.762500000001
772.211,7632.512500000001
772.404,7639.762500000001
772.596,7679.512500000001
772.789,7789.762500000001
772.981,7805.512500000001
773.174,7866.012500000001
773.366,7863.512500000001
773.559,7906.762500000001
773.751,8011.012500000001
773.944,8045.262500000001
774.136,8259.2625
774.329,8348.7625
774.521,8461.0125
774.713,8623.0125
774.906,8760.7625
775.098,9062.2625
775.29,9256.5125
775.483,9730.0125
775.675,10057.5125
775.867,10539.0125
776.059,11168.262499999999
776.251,11851.762499999999
776.444,13055.762499999999
776.636,14589.012499999999
776.828,17300.51225
777.02,22435.51225
777.212,30484.512749999998
777.404,33922.262749999994
777.596,31827.512749999998
777.788,25448.01225
777.98,20568.76225
778.172,17536.51225
778.364,15514.762499999999
778.556,14186.012499999999
778.748,13153.012499999999
778.94,12164.012499999999
779.132,11411.262499999999
779.324,10870.5125
779.516,10383.7625
779.708,9976.0125
779.9,9592.5125
780.091,9280.7625
780.283,8980.5125
780.475,8856.0125
780.667,8657.5125
780.859,8502.5125
781.05,8253.5125
781.242,8157.012500000001
781.434,8083.262500000001
781.625,7979.512500000001
781.817,7867.262500000001
782.008,7743.262500000001
782.2,7643.762500000001
782.392,7629.762500000001
782.583,7518.012500000001
782.775,7539.512500000001
782.966,7434.762500000001
783.158,7311.012500000001
783.349,7217.012500000001
783.541,7281.262500000001
783.732,7166.012500000001
783.924,7171.012500000001
784.115,7077.262500000001
784.306,7054.262500000001
784.498,7143.262500000001
784.689,6997.762500000001
784.88,7020.012500000001
785.072,6971.762500000001
785.263,6913.262500000001
785.454,6932.762500000001
785.645,6899.012500000001
785.837,6828.762500000001
786.028,6865.012500000001
786.219,6893.262500000001
786.41,6799.512500000001
786.601,6779.262500000001
786.792,6843.012500000001
786.984,6766.512500000001
787.175,6830.262500000001
787.366,6764.762500000001
787.557,6830.762500000001
787.748,6827.762500000001
787.939,6770.762500000001
788.13,6712.762500000001
788.321,6777.762500000001
788.512,6809.512500000001
788.703,6911.012500000001
788.894,6913.762500000001
789.084,6823.512500000001
789.275,6948.262500000001
789.466,6921.262500000001
789.657,6933.012500000001
789.848,6964.512500000001
790.039,6969.262500000001
790.229,6846.512500000001
790.42,6914.512500000001
790.611,6946.512500000001
790.801,6820.012500000001
790.992,6892.512500000001
791.183,6857.762500000001
791.373,6936.262500000001
791.564,6834.012500000001
791.755,6922.012500000001
791.945,6836.262500000001
792.136,6769.762500000001
792.326,6825.262500000001
792.517,6785.762500000001
792.707,6813.512500000001
792.898,6843.512500000001
793.088,6790.762500000001
793.279,6921.262500000001
793.469,6942.512500000001
793.66,6970.262500000001
793.85,7134.262500000001
794.04,7149.012500000001
794.231,7434.762500000001
794.421,7714.762500000001
794.611,8182.262500000001
794.802,8959.0125
794.992,9375.7625
795.182,9425.2625
795.372,9077.5125
795.563,8554.5125
795.753,8073.262500000001
795.943,7828.012500000001
796.133,7540.762500000001
796.323,7376.012500000001
796.513,7153.512500000001
796.703,7064.262500000001
796.893,7007.512500000001
797.083,6901.512500000001
797.273,6847.762500000001
797.463,6733.512500000001
797.653,6672.262500000001
797.843,6640.262500000001
798.033,6628.762500000001
798.223,6446.762500000001
798.413,6385.262500000001
798.603,6371.262500000001
798.793,6230.012500000001
798.983,6221.512500000001
799.172,6321.262500000001
799.362,6164.762500000001
799.552,6127.262500000001
799.742,6133.512500000001
799.932,6061.762500000001
800.121,6039.762500000001
800.311,6023.012500000001
800.501,6060.512500000001
800.69,6034.262500000001
800.88,6017.762500000001
801.07,5942.762500000001
801.259,5958.762500000001
801.449,5943.262500000001
801.638,5987.262500000001
801.828,6004.012500000001
802.017,5940.262500000001
802.207,5933.012500000001
802.396,5901.262500000001
802.586,5789.762500000001
802.775,5843.762500000001
802.965,5830.512500000001
803.154,5770.512500000001
803.343,5784.262500000001
803.533,5701.012500000001
803.722,5745.012500000001
803.911,5790.012500000001
804.101,5699.762500000001
804.29,5754.262500000001
804.479,5743.262500000001
804.668,5680.012500000001
804.857,5665.262500000001
805.047,5656.512500000001
805.236,5694.012500000001
805.425,5718.762500000001
805.614,5639.762500000001
805.803,5690.262500000001
805.992,5647.012500000001
806.181,5698.762500000001
806.37,5711.012500000001
806.559,5640.012500000001
806.748,5720.262500000001
806.937,5652.512500000001
807.126,5656.012500000001
807.315,5661.012500000001
807.504,5672.262500000001
807.693,5616.762500000001
807.882,5703.762500000001
808.071,5745.012500000001
808.26,5687.512500000001
808.448,5671.012500000001
808.637,5779.012500000001
808.826,5685.512500000001
809.015,5685.762500000001
809.203,5730.012500000001
809.392,5739.762500000001
809.581,5778.762500000001
809.77,5743.012500000001
809.958,5744.012500000001
810.147,5782.512500000001
810.335,5868.262500000001
810.524,5834.512500000001
810.713,5869.262500000001
810.901,5853.262500000001
811.09,5935.762500000001
811.278,5926.762500000001
811.467,6031.512500000001
811.655,6148.012500000001
811.844,6095.012500000001
812.032,6099.512500000001
812.22,6142.512500000001
812.409,6097.012500000001
812.597,6174.512500000001
812.785,6210.262500000001
812.974,6264.762500000001
813.162,6240.012500000001
813.35,6326.762500000001
813.539,6258.512500000001
813.727,6336.262500000001
813.915,6335.762500000001
814.103,6397.012500000001
814.291,6470.512500000001
814.479,6508.012500000001
814.668,6535.762500000001
814.856,6695.512500000001
815.044,6805.762500000001
815.232,6868.512500000001
815.42,6982.262500000001
815.608,7119.012500000001
815.796,7175.512500000001
815.984,7342.012500000001
816.172,7473.262500000001
816.36,7687.262500000001
816.548,7814.262500000001
816.736,8083.262500000001
816.924,8410.5125
817.111,8843.0125
817.299,9333.2625
817.487,10027.2625
817.675,11116.512499999999
817.863,12613.012499999999
818.05,16272.262499999999
818.238,25490.76225
818.426,33593.512749999994
818.613,25881.51225
818.801,21703.51225
818.989,20870.26225
819.176,22514.51225
819.364,30237.51225
819.552,39740.012749999994
819.739,31325.512749999998
819.927,24252.26225
820.114,20723.01225
820.302,18478.01225
820.489,16923.512499999997
820.677,15612.512499999999
820.864,14832.762499999999
821.052,14649.512499999999
821.239,14357.012499999999
821.426,14331.762499999999
821.614,15460.512499999999
821.801,16024.762499999999
821.988,14647.512499999999
822.176,14203.762499999999
822.363,14163.012499999999
822.55,13346.262499999999
822.737,12375.012499999999
822.924,11704.012499999999
823.112,11233.012499999999
823.299,10760.2625
823.486,10306.2625
823.673,9900.5125
823.86,9601.2625
824.047,9568.5125
824.234,10094.2625
824.421,10016.2625
824.608,9382.5125
824.795,8842.2625
824.982,8412.0125
825.169,7994.262500000001
825.356,7840.762500000001
825.543,7555.762500000001
825.73,7327.762500000001
825.917,7162.012500000001
826.104,6941.012500000001
826.29,6880.512500000001
826.477,6671.012500000001
826.664,6585.012500000001
826.851,6469.512500000001
827.038,6348.762500000001
827.224,6260.012500000001
827.411,6111.512500000001
827.598,6074.512500000001
827.784,6012.762500000001
827.971,5958.262500000001
828.157,5816.012500000001
828.344,5712.512500000001
828.531,5703.762500000001
828.717,5587.762500000001
828.904,5538.262500000001
829.09,5496.512500000001
829.277,5431.512500000001
829.463,5362.262500000001
829.65,5361.512500000001
829.836,5220.262500000001
830.022,5266.012500000001
830.209,5226.512500000001
830.395,5115.012500000001
830.581,5074.262500000001
830.768,5063.262500000001
830.954,5015.762500000001
831.14,5005.012500000001
831.327,4950.262500000001
831.513,4931.762500000001
831.699,4894.512500000001
831.885,4830.512500000001
832.071,4734.512500000001
832.257,4755.762500000001
832.444,4768.012500000001
832.63,4736.262500000001
832.816,4715.512500000001
833.002,4641.012500000001
833.188,4602.012500000001
833.374,4614.512500000001
833.56,4572.762500000001
833.746,4541.762500000001
833.932,4494.512500000001
834.118,4542.012500000001
834.303,4513.262500000001
834.489,4457.512500000001
834.675,4432.512500000001
834.861,4421.512500000001
835.047,4456.512500000001
835.233,4360.012500000001
835.418,4456.762500000001
835.604,4359.262500000001
835.79,4322.762500000001
835.976,4311.512500000001
836.161,4303.512500000001
836.347,4289.012500000001
836.533,4304.262500000001
836.718,4300.012500000001
836.904,4255.512500000001
837.089,4214.262500000001
837.275,4208.512500000001
837.46,4212.262500000001
837.646,4272.512500000001
837.831,4272.012500000001
838.017,4249.262500000001
838.202,4209.512500000001
838.388,4178.262500000001
838.573,4160.762500000001
838.759,4239.762500000001
838.944,4198.512500000001
839.129,4179.762500000001
839.315,4153.762500000001
839.5,4226.012500000001
839.685,4231.512500000001
839.87,4190.012500000001
840.056,4137.512500000001
840.241,4074.5125000000003
840.426,4163.012500000001
840.611,4211.512500000001
840.796,4161.262500000001
840.981,4183.262500000001
841.166,4223.762500000001
841.352,4251.262500000001
841.537,4231.012500000001
841.722,4303.512500000001
841.907,4306.262500000001
842.092,4319.762500000001
842.277,4304.262500000001
842.461,4423.012500000001
842.646,4419.262500000001
842.831,4512.012500000001
843.016,4638.512500000001
843.201,4672.262500000001
843.386,4739.262500000001
843.571,4910.262500000001
843.755,5161.512500000001
843.94,5369.512500000001
844.125,5783.762500000001
844.31,6445.262500000001
844.494,7776.762500000001
844.679,9831.7625
844.864,9970.0125
845.048,8633.0125
845.233,7471.012500000001
845.418,6785.762500000001
845.602,6290.512500000001
845.787,5821.012500000001
845.971,5451.762500000001
846.156,5308.512500000001
846.34,5067.512500000001
846.525,4894.512500000001
846.709,4735.762500000001
846.893,4605.012500000001
847.078,4513.262500000001
847.262,4386.262500000001
847.447,4263.012500000001
847.631,4216.012500000001
847.815,4153.512500000001
848.0,4044.5125000000003
848.184,4083.7625000000003
848.368,4005.5125000000003
848.552,4018.5125000000003
848.736,3977.7625000000003
848.921,3931.0125000000003
849.105,3890.0125000000003
849.289,3851.0125000000003
849.473,3847.5125000000003
849.657,3753.7625000000003
849.841,3717.7625000000003
850.025,3751.7625000000003
850.209,3685.2625000000003
850.393,3663.2625000000003
850.577,3612.5125000000003
850.761,3615.0125000000003
850.945,3673.7625000000003
851.129,3578.0125000000003
851.313,3544.7625000000003
851.497,3582.2625000000003
851.68,3561.5125000000003
851.864,3510.0125000000003
852.048,3533.2625000000003
852.232,3533.0125000000003
852.416,3539.7625000000003
852.599,3553.2625000000003
852.783,3557.7625000000003
852.967,3511.7625000000003
853.15,3491.7625000000003
853.334,3506.5125000000003
853.518,3476.2625000000003
853.701,3460.5125000000003
853.885,3500.0125000000003
854.068,3404.5125000000003
854.252,3368.2625000000003
854.435,3470.7625000000003
854.619,3396.5125000000003
854.802,3409.0125000000003
854.986,3406.2625000000003
855.169,3385.2625000000003
855.353,3421.5125000000003
855.536,3493.7625000000003
855.719,3406.2625000000003
855.903,3444.0125000000003
856.086,3469.2625000000003
856.269,3442.2625000000003
856.452,3468.5125000000003
856.636,3490.7625000000003
856.819,3685.5125000000003
857.002,3666.2625000000003
857.185,3656.2625000000003
857.368,3610.0125000000003
857.552,3591.7625000000003
857.735,3572.5125000000003
857.918,3555.7625000000003
858.101,3508.0125000000003
858.284,3500.0125000000003
858.467,3570.5125000000003
858.65,3631.2625000000003
858.833,3649.5125000000003
859.016,3637.2625000000003
859.199,3772.0125000000003
859.382,3957.2625000000003
859.564,4185.262500000001
859.747,4074.7625000000003
859.93,3942.7625000000003
860.113,3897.7625000000003
860.296,3826.2625000000003
860.478,3734.2625000000003
860.661,3726.2625000000003
860.844,3795.0125000000003
861.027,3711.0125000000003
861.209,3713.2625000000003
861.392,3684.7625000000003
861.575,3682.2625000000003
861.757,3719.0125000000003
861.94,3723.0125000000003
862.122,3794.5125000000003
862.305,3817.7625000000003
862.487,3963.5125000000003
862.67,4115.512500000001
862.852,4494.762500000001
863.035,5126.012500000001
863.217,5082.512500000001
863.4,4842.512500000001
863.582,4592.262500000001
863.764,4386.012500000001
863.947,4258.762500000001
864.129,4170.762500000001
864.311,4150.262500000001
864.493,4137.262500000001
864.676,4024.7625000000003
864.858,3999.0125000000003
865.04,3986.0125000000003
865.222,4011.7625000000003
865.404,4039.5125000000003
865.587,4142.012500000001
865.769,4268.012500000001
865.951,4232.512500000001
866.133,4255.512500000001
866.315,4236.512500000001
866.497,4282.262500000001
866.679,4388.762500000001
866.861,4405.262500000001
867.043,4675.762500000001
867.225,4830.262500000001
867.407,5181.512500000001
867.589,5625.012500000001
867.77,6513.262500000001
867.952,8336.0125
868.134,10341.2625
868.316,10475.0125
868.498,10069.2625
868.679,9064.2625
868.861,7928.012500000001
869.043,6878.012500000001
869.224,6311.262500000001
869.406,5812.262500000001
869.588,5547.762500000001
869.769,5268.012500000001
869.951,5172.762500000001
870.132,5214.762500000001
870.314,5523.262500000001
870.495,5596.012500000001
870.677,5351.512500000001
870.858,5137.012500000001
871.04,5374.262500000001
871.221,5767.762500000001
871.403,5598.012500000001
871.584,5301.512500000001
871.765,5289.762500000001
871.947,5474.762500000001
872.128,5051.012500000001
872.309,4691.012500000001
872.491,4434.512500000001
872.672,4240.762500000001
872.853,4140.262500000001
873.034,4030.5125000000003
873.215,3880.7625000000003
873.396,3790.5125000000003
873.578,3681.0125000000003
873.759,3549.5125000000003
873.94,3503.7625000000003
874.121,3432.7625000000003
874.302,3378.5125000000003
874.483,3388.0125000000003
874.664,3359.0125000000003
874.845,3303.0125000000003
875.026,3228.0125000000003
875.207,3241.0125000000003
875.388,3148.7625000000003
875.568,3129.5125000000003
875.749,3096.7625000000003
875.93,3108.5125000000003
876.111,3037.2625000000003
876.292,3007.5125000000003
876.472,3087.0125000000003
876.653,3054.5125000000003
876.834,2960.0125000000003
877.015,2959.7625000000003
877.195,2904.7625000000003
877.376,2953.5125000000003
877.556,2953.7625000000003
877.737,2956.0125000000003
877.918,2924.0125000000003
878.098,2976.5125000000003
878.279,2866.2625000000003
878.459,2869.0125000000003
878.64,2849.0125000000003
878.82,2899.7625000000003
879.0,2841.7625000000003
879.181,2835.7625000000003
879.361,2829.5125000000003
879.542,2855.2625000000003
879.722,2863.0125000000003
879.902,2915.5125000000003
880.083,2927.0125000000003
880.263,2999.0125000000003
880.443,3231.2625000000003
880.623,3887.5125000000003
880.803,4535.262500000001
880.984,3842.0125000000003
881.164,3458.5125000000003
881.344,3323.7625000000003
881.524,3165.2625000000003
881.704,3141.5125000000003
881.884,3168.2625000000003
882.064,3246.5125000000003
882.244,3188.0125000000003
882.424,3117.7625000000003
882.604,3013.2625000000003
882.784,2998.2625000000003
882.964,2917.5125000000003
883.144,2854.5125000000003
883.324,2844.0125000000003
883.504,2785.7625000000003
883.683,2796.0125000000003
883.863,2753.7625
884.043,2721.5125
884.223,2698.2625
884.402,2678.5125
884.582,2642.7625
884.762,2685.5125
884.941,2649.0125
885.121,2657.7625
885.301,2738.2625
885.48,2674.0125
885.66,2645.7625
885.839,2639.7625
886.019,2603.5125
886.198,2564.7625
886.378,2602.7625
886.557,2610.5125
886.737,2572.5125
886.916,2588.5125
887.095,2542.5125
887.275,2532.5125
887.454,2498.0125
887.633,2493.7625
887.813,2483.5125
887.992,2513.0125
888.171,2457.5125
888.35,2515.0125
888.53,2466.5125
888.709,2522.5125
888.888,2478.7625
889.067,2510.2625
889.246,2494.0125
889.425,2461.7625
889.604,2490.7625
889.783,2433.7625
889.962,2431.7625
890.141,2416.2625
890.32,2403.2625
890.499,2499.2625
890.678,2436.0125
890.857,2425.0125
891.036,2443.2625
891.214,2409.7625
891.393,2473.2625
891.572,2378.5125
891.751,2415.2625
891.93,2443.2625
892.108,2472.0125
892.287,2466.7625
892.466,2432.7625
892.644,2433.2625
892.823,2443.5125
893.001,2442.5125
893.18,2401.2625
893.359,2391.7625
893.537,2416.2625
893.716,2435.5125
893.894,2407.7625
894.073,2404.2625
894.251,2404.2625
894.429,2357.7625
894.608,2391.0125
894.786,2329.5125
894.964,2348.2625
895.143,2351.5125
895.321,2332.0125
895.499,2356.0125
895.677,2282.7625
895.856,2370.7625
896.034,2321.7625
896.212,2406.2625
896.39,2421.2625
896.568,2309.5125
896.746,2379.0125
896.924,2394.0125
897.102,2412.2625
897.28,2350.0125
897.458,2370.5125
897.636,2373.5125
897.814,2413.7625
897.992,2361.2625
898.17,2355.0125
898.348,2399.2625
898.526,2344.0125
898.704,2353.0125
898.882,2346.7625
899.059,2387.7625
899.237,2427.7625
899.415,2363.5125
899.593,2377.0125
899.77,2382.0125
899.948,2388.5125
900.125,2418.7625
900.303,2424.2625
900.481,2398.0125
900.658,2448.5125
900.836,2452.5125
901.013,2434.5125
901.191,2440.7625
901.368,2495.2625
901.546,2515.5125
901.723,2547.5125
901.901,2536.5125
902.078,2566.7625
902.255,2624.7625
902.433,2614.5125
902.61,2644.7625
902.787,2631.2625
902.964,2644.0125
903.142,2740.5125
903.319,2734.0125
903.496,2759.5125
903.673,2788.5125
903.85,2799.7625000000003
904.027,2865.5125000000003
904.204,2865.5125000000003
904.381,3102.7625000000003
904.558,3390.0125000000003
904.735,3683.5125000000003
904.912,3757.7625000000003
905.089,3756.5125000000003
905.266,3572.0125000000003
905.443,3304.7625000000003
905.62,3203.5125000000003
905.797,3063.5125000000003
905.974,3008.5125000000003
906.151,3041.0125000000003
906.327,2997.7625000000003
906.504,2996.7625000000003
906.681,2922.2625000000003
906.858,2842.7625000000003
907.034,2799.5125000000003
907.211,2736.5125
907.388,2699.2625
907.564,2711.2625
907.741,2676.0125
907.917,2623.2625
908.094,2607.2625
908.271,2611.2625
908.447,2619.7625
908.623,2531.2625
908.8,2538.2625
908.976,2542.7625
909.153,2572.7625
909.329,2483.7625
909.505,2505.7625
909.682,2460.7625
909.858,2450.5125
910.034,2429.7625
910.211,2459.5125
910.387,2425.0125
910.563,2459.0125
910.739,2460.2625
910.915,2376.0125
911.091,2413.5125
911.268,2453.2625
911.444,2383.0125
911.62,2360.2625
911.796,2330.7625
911.972,2431.7625
912.148,2361.5125
912.324,2404.2625
912.5,2424.2625
912.676,2360.7625
912.851,2379.7625
913.027,2399.2625
913.203,2403.7625
913.379,2357.7625
913.555,2345.7625
913.73,2321.0125
913.906,2383.2625
914.082,2387.5125
914.258,2340.7625
914.433,2332.5125
914.609,2367.0125
914.784,2375.2625
914.96,2342.2625
915.136,2358.7625
915.311,2418.2625
915.487,2355.5125
915.662,2362.2625
915.838,2390.0125
916.013,2374.5125
916.189,2364.2625
916.364,2373.2625
916.539,2307.5125
916.715,2376.7625
916.89,2398.2625
917.065,2295.7625
917.24,2345.7625
917.416,2336.2625
917.591,2394.0125
917.766,2387.2625
917.941,2390.0125
918.116,2367.5125
918.292,2419.0125
918.467,2384.7625
918.642,2440.2625
918.817,2437.0125
918.992,2358.5125
919.167,2453.7625
919.342,2414.0125
919.517,2511.2625
919.692,2514.0125
919.867,2532.7625
920.041,2522.7625
920.216,2544.0125
920.391,2585.2625
920.566,2611.7625
920.741,2612.2625
920.915,2750.0125
921.09,2862.2625000000003
921.265,3244.7625000000003
921.439,3595.0125000000003
921.614,3344.7625000000003
921.789,3160.5125000000003
921.963,3006.7625000000003
922.138,2983.0125000000003
922.312,2892.0125000000003
922.487,2876.5125000000003
922.661,2957.7625000000003
922.836,3194.5125000000003
923.01,3299.2625000000003
923.185,3064.2625000000003
923.359,2985.5125000000003
923.534,2923.0125000000003
923.708,3078.0125000000003
923.882,3131.7625000000003
924.057,3076.2625000000003
924.231,2966.2625000000003
924.405,2883.2625000000003
924.579,2878.0125000000003
924.753,2782.5125000000003
924.928,2700.7625
925.102,2734.7625
925.276,2759.2625
925.45,2728.2625
925.624,2749.5125
925.798,2825.5125000000003
925.972,2870.5125000000003
926.146,2939.2625000000003
926.32,3080.5125000000003
926.494,3230.0125000000003
926.668,3306.2625000000003
926.842,3432.5125000000003
927.016,3414.2625000000003
927.19,3379.7625000000003
927.363,3357.5125000000003
927.537,3285.0125000000003
927.711,3227.5125000000003
927.885,3133.0125000000003
928.058,3123.0125000000003
928.232,3061.2625000000003
928.406,3020.0125000000003
928.579,2995.0125000000003
928.753,2935.2625000000003
928.927,2831.0125000000003
929.1,2903.0125000000003
929.274,2817.2625000000003
929.447,2813.5125000000003
929.621,2753.0125
929.794,2697.0125
929.968,2676.0125
930.141,2589.2625
930.315,2627.2625
930.488,2622.7625
930.661,2570.7625
930.835,2567.0125
931.008,2536.2625
931.181,2532.7625
931.354,2506.0125
931.528,2431.0125
931.701,2471.2625
931.874,2443.2625
932.047,2450.0125
932.22,2402.7625
932.393,2361.2625
932.566,2395.7625
932.739,2319.7625
932.912,2314.2625
933.085,2294.7625
933.258,2312.7625
933.431,2321.2625
933.604,2296.5125
933.777,2301.7625
933.95,2300.0125
934.123,2279.5125
934.296,2298.0125
934.468,2249.7625
934.641,2236.5125
934.814,2278.7625
934.987,2256.7625
935.159,2275.2625
935.332,2235.0125
935.505,2217.2625
935.677,2249.0125
935.85,2218.2625
936.022,2238.2625
936.195,2228.7625
936.367,2245.0125
936.54,2290.7625
936.712,2238.7625
936.885,2226.7625
937.057,2292.2625
937.229,2258.7625
937.402,2349.5125
937.574,2378.2625
937.746,2362.0125
937.919,2423.2625
938.091,2444.0125
938.263,2564.0125
938.435,2750.2625
938.608,3000.0125000000003
938.78,3269.7625000000003
938.952,3372.0125000000003
939.124,3459.0125000000003
939.296,3840.2625000000003
939.468,3922.5125000000003
939.64,3598.0125000000003
939.812,3373.7625000000003
939.984,3108.0125000000003
940.156,2960.0125000000003
940.328,2860.7625000000003
940.5,2686.7625
940.672,2647.0125
940.843,2585.7625
941.015,2551.7625
941.187,2462.5125
941.359,2501.2625
941.531,2433.5125
941.702,2447.0125
941.874,2405.5125
942.046,2356.2625
942.217,2300.2625
942.389,2304.2625
942.56,2279.0125
942.732,2246.5125
942.904,2141.2625
943.075,2178.2625
943.247,2081.7625
943.418,2136.7625
943.589,2160.2625
943.761,2115.2625
943.932,2146.7625
944.104,2088.2625
944.275,2067.0125
944.446,2100.7625
944.617,2033.2624999999998
944.789,2076.7625
944.96,2007.7624999999998
945.131,2016.2624999999998
945.302,2050.0125
945.473,1992.7624999999998
945.645,2053.0125
945.816,2068.5125
945.987,2033.5124999999998
946.158,2068.5125
946.329,2110.0125
946.5,2013.0124999999998
946.671,2018.2624999999998
946.842,1990.5124999999998
947.013,2001.0124999999998
947.183,1964.7624999999998
947.354,1946.2624999999998
947.525,1947.2624999999998
947.696,1890.7624999999998
947.867,1941.2624999999998
948.037,1883.5124999999998
948.208,1903.7624999999998
948.379,1955.7624999999998
948.55,1930.0124999999998
948.72,1914.2624999999998
948.891,1888.7624999999998
949.061,1872.5124999999998
949.232,1875.2624999999998
949.403,1879.0124999999998
949.573,1829.2624999999998
949.744,1856.5124999999998
949.914,1876.2624999999998
950.085,1852.2624999999998
950.255,1835.2624999999998
950.425,1851.5124999999998
950.596,1850.7624999999998
950.766,1837.2624999999998
950.936,1809.2624999999998
951.107,1782.0124999999998
951.277,1824.5124999999998
951.447,1814.2624999999998
951.617,1803.2624999999998
951.788,1806.5124999999998
951.958,1782.2624999999998
952.128,1813.2624999999998
952.298,1794.7624999999998
952.468,1718.7624999999998
952.638,1787.7624999999998
952.808,1772.7624999999998
952.978,1766.7624999999998
953.148,1782.5124999999998
953.318,1820.0124999999998
953.488,1771.5124999999998
953.658,1734.5124999999998
953.828,1694.7624999999998
953.998,1717.0124999999998
954.167,1753.0124999999998
954.337,1727.2624999999998
954.507,1679.7624999999998
954.677,1671.0124999999998
954.846,1708.5124999999998
955.016,1725.5124999999998
955.186,1712.7624999999998
955.355,1700.0124999999998
955.525,1673.2624999999998
955.695,1706.2624999999998
955.864,1678.2624999999998
956.034,1665.5124999999998
956.203,1656.7624999999998
956.373,1632.7624999999998
956.542,1685.2624999999998
956.711,1609.7624999999998
956.881,1636.0124999999998
957.05,1633.5124999999998
957.22,1608.5124999999998
957.389,1650.7624999999998
957.558,1651.0124999999998
957.727,1582.7624999999998
957.897,1603.2624999999998
958.066,1638.2624999999998
958.235,1633.0124999999998
958.404,1609.7624999999998
958.573,1581.0124999999998
958.743,1605.0124999999998
958.912,1663.5124999999998
959.081,1585.2624999999998
959.25,1591.0124999999998
959.419,1616.7624999999998
959.588,1577.0124999999998
959.757,1613.5124999999998
959.926,1572.7624999999998
960.094,1570.7624999999998
960.263,1540.5124999999998
960.432,1565.2624999999998
960.601,1533.0124999999998
960.77,1521.0124999999998
960.939,1573.5124999999998
961.107,1547.5124999999998
961.276,1592.2624999999998
961.445,1497.0124999999998
961.613,1564.2624999999998
961.782,1590.0124999999998
961.951,1580.0124999999998
962.119,1547.2624999999998
962.288,1565.0124999999998
962.456,1534.7624999999998
962.625,1570.0124999999998
962.793,1543.0124999999998
962.962,1480.7624999999998
963.13,1544.5124999999998
963.298,1572.0124999999998
963.467,1523.7624999999998
963.635,1585.7624999999998
963.803,1548.0124999999998
963.972,1509.2624999999998
964.14,1565.2624999999998
964.308,1546.5124999999998
964.477,1546.7624999999998
964.645,1536.0124999999998
964.813,1524.7624999999998
964.981,1596.0124999999998
965.149,1579.2624999999998
965.317,1523.5124999999998
965.485,1545.5124999999998
965.653,1506.2624999999998
965.821,1514.2624999999998
965.989,1497.2624999999998
966.157,1501.0124999999998
966.325,1518.0124999999998
966.493,1511.7624999999998
966.661,1526.7624999999998
966.829,1534.7624999999998
966.996,1491.7624999999998
967.164,1558.2624999999998
967.332,1583.5124999999998
967.5,1536.7624999999998
967.667,1548.2624999999998
967.835,1538.2624999999998
968.003,1544.7624999999998
968.17,1584.2624999999998
968.338,1499.5124999999998
968.505,1510.0124999999998
968.673,1517.0124999999998
968.841,1542.0124999999998
969.008,1490.0124999999998
969.175,1527.7624999999998
969.343,1505.7624999999998
969.51,1520.5124999999998
969.678,1530.0124999999998
969.845,1516.5124999999998
970.012,1491.5124999999998
970.18,1534.7624999999998
970.347,1497.0124999999998
970.514,1456.5124999999998
970.681,1502.7624999999998
970.849,1474.2624999999998
971.016,1520.0124999999998
971.183,1526.7624999999998
971.35,1527.7624999999998
971.517,1508.0124999999998
971.684,1431.7624999999998
971.851,1476.7624999999998
972.018,1515.0124999999998
972.185,1440.5124999999998
972.352,1536.5124999999998
972.519,1469.7624999999998
972.686,1463.7624999999998
972.853,1464.5124999999998
973.02,1471.5124999999998
973.186,1478.2624999999998
973.353,1421.5124999999998
973.52,1447.0124999999998
973.687,1461.7624999999998
973.853,1471.0124999999998
974.02,1483.2624999999998
974.187,1467.2624999999998
974.353,1440.2624999999998
974.52,1443.0124999999998
974.687,1476.2624999999998
974.853,1449.2624999999998
975.02,1474.2624999999998
975.186,1429.2624999999998
975.353,1390.7624999999998
975.519,1443.7624999999998
975.685,1450.2624999999998
975.852,1404.0124999999998
976.018,1440.5124999999998
976.184,1459.5124999999998
976.351,1410.5124999999998
976.517,1457.2624999999998
976.683,1436.0124999999998
976.849,1410.2624999999998
977.016,1411.2624999999998
977.182,1419.2624999999998
977.348,1385.7624999999998
977.514,1423.2624999999998
977.68,1382.5124999999998
977.846,1372.7624999999998
978.012,1385.0124999999998
978.178,1325.5124999999998
978.344,1372.2624999999998
978.51,1391.2624999999998
978.676,1346.5124999999998
978.842,1354.7624999999998
979.008,1417.7624999999998
979.174,1416.2624999999998
979.34,1378.7624999999998
979.505,1371.5124999999998
979.671,1433.0124999999998
979.837,1399.0124999999998
980.003,1379.7624999999998
980.168,1404.5124999999998
980.334,1351.2624999999998
980.499,1403.0124999999998
980.665,1370.7624999999998
980.831,1433.5124999999998
980.996,1420.2624999999998
981.162,1404.2624999999998
981.327,1382.0124999999998
981.493,1410.7624999999998
981.658,1391.0124999999998
981.823,1396.7624999999998
981.989,1420.7624999999998
982.154,1374.5124999999998
982.319,1380.7624999999998
982.485,1375.7624999999998
982.65,1421.2624999999998
982.815,1383.5124999999998
982.98,1417.7624999999998
983.146,1368.0124999999998
983.311,1397.0124999999998
983.476,1353.5124999999998
983.641,1367.0124999999998
983.806,1335.7624999999998
983.971,1365.0124999999998
984.136,1371.5124999999998
984.301,1364.5124999999998
984.466,1356.0124999999998
984.631,1364.5124999999998
984.796,1349.2624999999998
984.961,1392.7624999999998
985.126,1384.2624999999998
985.291,1371.5124999999998
985.455,1345.0124999999998
985.62,1305.7624999999998
985.785,1303.7624999999998
985.95,1340.7624999999998
986.114,1351.7624999999998
986.279,1304.5124999999998
986.444,1344.5124999999998
986.608,1351.7624999999998
986.773,1389.0124999999998
986.937,1382.2624999999998
987.102,1362.0124999999998
987.266,1330.2624999999998
987.431,1376.0124999999998
987.595,1327.7624999999998
987.76,1325.2624999999998
987.924,1356.0124999999998
988.088,1361.7624999999998
988.253,1369.7624999999998
988.417,1383.0124999999998
988.581,1318.5124999999998
988.746,1305.0124999999998
988.91,1355.0124999999998
989.074,1342.5124999999998
989.238,1357.7624999999998
989.402,1372.0124999999998
989.566,1351.0124999999998
989.731,1310.7624999999998
989.895,1348.0124999999998
990.059,1288.5124999999998
990.223,1336.7624999999998
990.387,1322.7624999999998
990.551,1364.0124999999998
990.714,1305.0124999999998
990.878,1347.0124999999998
991.042,1298.0124999999998
991.206,1313.5124999999998
991.37,1360.7624999999998
991.534,1384.7624999999998
991.697,1347.7624999999998
991.861,1323.2624999999998
992.025,1331.2624999999998
992.188,1343.5124999999998
992.352,1333.5124999999998
992.516,1313.2624999999998
992.679,1282.2624999999998
992.843,1368.0124999999998
993.006,1306.2624999999998
993.17,1338.7624999999998
993.333,1281.2624999999998
993.497,1344.7624999999998
993.66,1360.7624999999998
993.824,1339.7624999999998
993.987,1340.5124999999998
994.15,1280.2624999999998
994.314,1323.5124999999998
994.477,1318.0124999999998
994.64,1343.2624999999998
994.803,1326.7624999999998
994.967,1322.5124999999998
995.13,1312.5124999999998
995.293,1298.0124999999998
995.456,1292.7624999999998
995.619,1331.2624999999998
995.782,1309.0124999999998
995.945,1297.5124999999998
996.108,1325.7624999999998
996.271,1342.0124999999998
996.434,1343.7624999999998
996.597,1302.7624999999998
996.76,1285.2624999999998
996.923,1271.5124999999998
997.086,1275.2624999999998
997.248,1305.7624999999998
997.411,1268.2624999999998
997.574,1294.0124999999998
997.737,1229.2624999999998
997.899,1297.5124999999998
998.062,1257.7624999999998
998.225,1278.7624999999998
998.387,1228.0124999999998
998.55,1315.2624999999998
998.712,1285.0124999999998
998.875,1237.5124999999998
999.037,1241.5124999999998
999.2,1267.0124999999998
999.362,1260.7624999999998
999.525,1218.0124999999998
999.687,1256.7624999999998
999.849,1235.2624999999998
1000.012,1261.0124999999998
1000.174,1256.7624999999998
1000.336,1269.5124999999998
1000.499,1256.0124999999998
1000.661,1266.2624999999998
1000.823,1261.2624999999998
1000.985,1275.0124999999998
1001.147,1336.0124999999998
1001.309,1258.2624999999998
1001.471,1281.0124999999998
1001.633,1315.0124999999998
1001.796,1332.7624999999998
1001.958,1337.7624999999998
1002.119,1339.2624999999998
1002.281,1379.0124999999998
1002.443,1395.7624999999998
1002.605,1490.0124999999998
1002.767,1497.2624999999998
1002.929,1583.5124999999998
1003.091,1642.7624999999998
1003.252,1724.0124999999998
1003.414,1774.2624999999998
1003.576,1836.7624999999998
1003.738,1968.2624999999998
1003.899,2048.5125
1004.061,2145.2625
1004.222,2218.2625
1004.384,2323.0125
1004.546,2328.2625
1004.707,2396.0125
1004.869,2463.7625
1005.03,2440.2625
1005.191,2376.2625
1005.353,2325.7625
1005.514,2201.5125
1005.675,2126.0125
1005.837,2021.5124999999998
1005.998,1941.7624999999998
1006.159,1904.0124999999998
1006.321,1978.5124999999998
1006.482,1973.0124999999998
1006.643,2096.0125
1006.804,2102.0125
1006.965,2230.5125
1007.126,2246.2625
1007.287,2298.0125
1007.448,2234.5125
1007.609,2153.2625
1007.77,2110.2625
1007.931,2088.7625
1008.092,2073.2625
1008.253,2177.5125
1008.414,2197.0125
1008.575,2262.7625
1008.736,2313.0125
1008.896,2264.2625
1009.057,2200.5125
1009.218,2152.0125
1009.379,2219.0125
1009.539,2223.0125
1009.7,2281.2625
1009.86,2318.7625
1010.021,2318.0125
1010.182,2270.2625
1010.342,2278.2625
1010.503,2339.7625
1010.663,2351.5125
1010.823,2392.2625
1010.984,2439.2625
1011.144,2483.7625
1011.305,2468.5125
1011.465,2568.0125
1011.625,2718.7625
1011.785,2757.5125
1011.946,2748.5125
1012.106,2652.7625
1012.266,2678.2625
1012.426,2610.0125
1012.586,2708.5125
1012.746,2675.2625
1012.906,2592.5125
1013.066,2614.2625
1013.226,2646.5125
1013.386,2631.0125
1013.546,2577.2625
1013.706,2495.7625
1013.866,2553.2625
1014.026,2612.0125
1014.186,2572.0125
1014.346,2584.7625
1014.505,2656.2625
1014.665,2718.0125
1014.825,2613.0125
1014.985,2576.0125
1015.144,2737.2625000000003
1015.304,2911.7625000000003
1015.464,2838.2625000000003
1015.623,2764.2625000000003
1015.783,3037.0125000000003
1015.942,3269.7625000000003
1016.102,3135.5125000000003
1016.261,3097.2625000000003
1016.42,3477.7625000000003
1016.58,3834.5125000000003
1016.739,3659.0125000000003
1016.899,3579.7625000000003
1017.058,3874.2625000000003
1017.217,4076.5125000000003
1017.376,3807.5125000000003
1017.536,3476.0125000000003
1017.695,3552.0125000000003
1017.854,3596.2625000000003
1018.013,3457.0125000000003
1018.172,3233.7625000000003
1018.331,3229.5125000000003
1018.49,3432.0125000000003
1018.649,3684.0125000000003
1018.808,3738.5125000000003
1018.967,3755.5125000000003
1019.126,3768.2625000000003
1019.285,3921.5125000000003
1019.444,3769.7625000000003
1019.603,3642.0125000000003
1019.762,3525.5125000000003
1019.921,3549.7625000000003
1020.079,3791.2625000000003
1020.238,4028.5125000000003
1020.397,3818.2625000000003
1020.555,3657.0125000000003
1020.714,3730.2625000000003
1020.873,4037.0125000000003
1021.031,3964.5125000000003
1021.19,3707.2625000000003
1021.348,3684.5125000000003
1021.507,4068.7625000000003
1021.665,4381.012500000001
1021.824,4077.5125000000003
1021.982,3759.2625000000003
1022.141,3701.0125000000003
1022.299,4345.762500000001
1022.457,4474.262500000001
1022.616,4034.5125000000003
1022.774,3677.2625000000003
1022.932,3949.0125000000003
1023.09,4396.512500000001
1023.249,4556.762500000001
1023.407,4113.762500000001
1023.565,3735.0125000000003
1023.723,3977.7625000000003
1023.881,4486.262500000001
1024.039,4536.012500000001
1024.197,4190.512500000001
1024.355,3835.5125000000003
1024.513,4017.7625000000003
1024.671,4636.262500000001
1024.829,4659.262500000001
1024.987,4306.512500000001
1025.145,3778.0125000000003
1025.302,4090.2625000000003
1025.46,4535.262500000001
1025.618,4723.262500000001
1025.776,4391.512500000001
1025.933,3907.2625000000003
1026.091,4092.7625000000003
1026.249,4576.262500000001
1026.406,4915.512500000001
1026.564,4587.262500000001
1026.721,4191.262500000001
1026.879,4016.5125000000003
1027.036,4595.762500000001
1027.194,4902.762500000001
1027.351,4896.262500000001
1027.509,4418.762500000001
1027.666,4082.5125000000003
1027.823,4529.012500000001
1027.981,4777.512500000001
1028.138,5072.012500000001
1028.295,4657.512500000001
1028.452,4293.012500000001
1028.609,4235.012500000001
1028.767,4738.762500000001
1028.924,5085.012500000001
1029.081,4805.012500000001
1029.238,4685.012500000001
1029.395,4344.262500000001
1029.552,4580.262500000001
1029.709,5037.512500000001
1029.866,5150.012500000001
1030.023,5043.762500000001
1030.18,4430.262500000001
1030.337,4447.262500000001
1030.494,4756.262500000001
1030.65,5016.262500000001
1030.807,5439.512500000001
1030.964,4882.262500000001
1031.121,4660.012500000001
1031.277,4555.012500000001
1031.434,4815.512500000001
1031.591,5250.262500000001
1031.747,5355.262500000001
1031.904,5334.262500000001
1032.06,4907.762500000001
1032.217,4784.012500000001
1032.373,5290.262500000001
1032.53,5386.762500000001
1032.686,6047.512500000001
1032.843,5991.012500000001
1032.999,5612.012500000001
1033.155,5725.262500000001
1033.312,5732.012500000001
1033.468,6733.762500000001
1033.624,7222.512500000001
1033.78,7544.012500000001
1033.937,7715.262500000001
1034.093,6992.762500000001
1034.249,7212.512500000001
1034.405,7119.762500000001
1034.561,7777.012500000001
1034.717,8235.7625
1034.873,7892.512500000001
1035.029,8162.012500000001
1035.185,7609.512500000001
1035.341,7268.012500000001
1035.497,8045.762500000001
1035.653,8190.512500000001
1035.809,8996.7625
1035.964,9760.2625
1036.12,9102.2625
1036.276,9128.5125
1036.432,8872.0125
1036.587,8182.012500000001
1036.743,8879.7625
1036.899,9685.0125
1037.054,9953.0125
1037.21,10862.7625
1037.365,10851.762499999999
1037.521,9939.5125
1037.676,9973.2625
1037.832,9303.7625
1037.987,9361.0125
1038.143,9744.0125
1038.298,10916.012499999999
1038.453,11035.762499999999
1038.609,11921.012499999999
1038.764,12207.762499999999
1038.919,11153.512499999999
1039.074,11125.762499999999
1039.229,10465.0125
1039.385,10157.2625
1039.54,10647.0125
1039.695,11813.512499999999
1039.85,12746.012499999999
1040.005,13681.512499999999
1040.16,14465.012499999999
1040.315,13843.262499999999
1040.47,13122.762499999999
1040.625,12204.762499999999
1040.78,12156.012499999999
1040.935,11905.262499999999
1041.089,12772.762499999999
1041.244,14615.262499999999
1041.399,15174.76225
1041.554,15850.51225
1041.708,17348.51225
1041.863,17026.01225
1042.018,16169.76225
1042.172,15952.51225
1042.327,15320.01225
1042.481,15390.01225
1042.636,15620.51225
1042.791,16108.51225
1042.945,18752.01225
1043.099,20157.26225
1043.254,19744.01225
1043.408,20490.26225
1043.563,21791.26225
1043.717,20594.01225
1043.871,19692.51225
1044.025,19316.01225
1044.18,18685.51225
1044.334,19132.26225
1044.488,19647.76225
1044.642,20669.51225
1044.796,23020.26225
1044.95,25812.51225
1045.104,27861.01225
1045.258,28557.51225
1045.412,27589.01225
1045.566,26855.26225
1045.72,25409.76225
1045.874,23761.01225
1046.028,22021.76225
1046.182,22026.26225
1046.336,22689.26225
1046.489,23324.01225
1046.643,24427.76225
1046.797,26812.51225
1046.951,27814.76225
1047.104,28472.76225
1047.258,29686.01225
1047.411,31102.51225
1047.565,30495.76225
1047.719,29500.01225
1047.872,28523.51225
1048.026,27206.76225
1048.179,26464.76225
1048.332,26291.51225
1048.486,26236.26225
1048.639,26892.51225
1048.792,27351.76225
1048.946,29715.01225
1049.099,32552.01225
1049.252,33126.26225
1049.406,31172.76225
1049.559,32841.76225
1049.712,35937.012749999994
1049.865,39193.012749999994
1050.018,37369.262749999994
1050.171,33071.51225
1050.324,31698.51225
1050.477,33169.262749999994
1050.63,35987.262749999994
1050.783,37323.512749999994
1050.936,34398.262749999994
1051.089,32365.76225
1051.242,33879.762749999994
1051.394,37882.762749999994
1051.547,39880.512749999994
1051.7,37034.262749999994
1051.853,36214.262749999994
1052.005,38143.012749999994
1052.158,42118.012749999994
1052.311,46885.512749999994
1052.463,44660.762749999994
1052.616,40404.262749999994
1052.768,36065.012749999994
1052.921,34932.512749999994
1053.073,38282.512749999994
1053.226,42747.512749999994
1053.378,48911.262749999994
1053.531,52085.762749999994
1053.683,48385.262749999994
1053.835,42111.762749999994
1053.988,31800.01225
