237.496,480.27500000000003
237.566,475.77500000000003
237.636,446.77500000000003
237.705,461.77500000000003
237.775,504.27500000000003
237.845,460.77500000000003
237.914,469.27500000000003
237.984,497.27500000000003
238.054,488.77500000000003
238.123,471.77500000000003
238.193,549.275
238.263,521.275
238.332,473.77500000000003
238.402,440.27500000000003
238.471,477.77500000000003
238.541,481.77500000000003
238.611,489.27500000000003
238.68,467.27500000000003
238.75,496.77500000000003
238.819,479.27500000000003
238.889,457.27500000000003
238.958,472.27500000000003
239.028,476.27500000000003
239.097,451.77500000000003
239.167,480.27500000000003
239.237,503.275
239.306,509.275
239.376,531.775
239.445,444.27500000000003
239.515,437.77500000000003
239.584,475.77500000000003
239.654,520.275
239.723,498.775
239.793,428.27500000000003
239.862,447.77500000000003
239.932,456.77500000000003
240.001,464.27500000000003
240.07,489.77500000000003
240.14,423.77500000000003
240.209,504.275
240.279,452.77500000000003
240.348,473.77500000000003
240.418,487.775
240.487,432.27500000000003
240.556,465.77500000000003
240.626,472.27500000000003
240.695,479.77500000000003
240.765,457.77500000000003
240.834,434.27500000000003
240.903,446.27500000000003
240.973,501.775
241.042,484.27500000000003
241.112,451.77500000000003
241.181,477.77500000000003
241.25,496.77500000000003
241.32,470.27500000000003
241.389,448.27500000000003
241.458,459.77500000000003
241.528,484.77500000000003
241.597,473.77500000000003
241.666,460.77500000000003
241.736,460.77500000000003
241.805,498.77500000000003
241.874,477.77500000000003
241.943,434.27500000000003
242.013,483.275
242.082,463.77500000000003
242.151,448.27500000000003
242.221,434.27500000000003
242.29,483.77500000000003
242.359,446.77500000000003
242.428,460.27500000000003
242.498,449.77500000000003
242.567,441.77500000000003
242.636,464.27500000000003
242.705,455.77500000000003
242.774,487.27500000000003
242.844,480.27500000000003
242.913,480.27500000000003
242.982,468.77500000000003
243.051,458.27500000000003
243.12,416.27500000000003
243.19,432.77500000000003
243.259,463.77500000000003
243.328,436.77500000000003
243.397,436.77500000000003
243.466,462.27500000000003
243.535,438.27500000000003
243.605,467.77500000000003
243.674,455.77500000000003
243.743,466.77500000000003
243.812,427.77500000000003
243.881,442.27500000000003
243.95,454.77500000000003
244.019,431.77500000000003
244.088,476.77500000000003
244.158,441.77500000000003
244.227,473.77500000000003
244.296,445.27500000000003
244.365,428.77500000000003
244.434,459.27500000000003
244.503,473.27500000000003
244.572,466.77500000000003
244.641,513.775
244.71,443.77500000000003
244.779,460.27500000000003
244.848,457.27500000000003
244.917,421.77500000000003
244.986,462.27500000000003
245.055,417.27500000000003
245.124,426.77500000000003
245.193,406.27500000000003
245.262,473.27500000000003
245.331,437.77500000000003
245.4,470.27500000000003
245.469,427.77500000000003
245.538,411.77500000000003
245.607,436.27500000000003
245.676,416.77500000000003
245.745,429.77500000000003
245.814,393.27500000000003
245.883,392.77500000000003
245.952,350.27500000000003
246.021,368.77500000000003
246.09,393.77500000000003
246.159,373.27500000000003
246.227,354.27500000000003
246.296,406.27500000000003
246.365,373.27500000000003
246.434,393.77500000000003
246.503,409.77500000000003
246.572,364.77500000000003
246.641,390.77500000000003
246.71,379.77500000000003
246.779,361.77500000000003
246.847,370.77500000000003
246.916,403.77500000000003
246.985,372.27500000000003
247.054,415.77500000000003
247.123,390.77500000000003
247.192,382.77500000000003
247.26,403.77500000000003
247.329,368.77500000000003
247.398,289.77500000000003
247.467,363.27500000000003
247.536,351.27500000000003
247.604,382.77500000000003
247.673,391.77500000000003
247.742,364.27500000000003
247.811,394.27500000000003
247.879,324.77500000000003
247.948,377.27500000000003
248.017,384.27500000000003
248.086,333.27500000000003
248.154,384.77500000000003
248.223,401.77500000000003
248.292,362.77500000000003
248.361,311.77500000000003
248.429,371.77500000000003
248.498,298.275
248.567,364.77500000000003
248.635,348.77500000000003
248.704,353.27500000000003
248.773,345.77500000000003
248.841,401.77500000000003
248.91,350.77500000000003
248.979,339.275
249.047,322.275
249.116,352.77500000000003
249.185,390.27500000000003
249.253,341.775
249.322,366.27500000000003
249.39,360.77500000000003
249.459,350.77500000000003
249.528,331.775
249.596,365.27500000000003
249.665,337.27500000000003
249.733,334.27500000000003
249.802,347.27500000000003
249.871,370.77500000000003
249.939,363.77500000000003
250.008,340.27500000000003
250.076,306.77500000000003
250.145,344.775
250.213,360.77500000000003
250.282,330.77500000000003
250.35,332.775
250.419,346.27500000000003
250.487,327.275
250.556,319.27500000000003
250.624,331.77500000000003
250.693,355.775
250.761,323.275
250.83,298.27500000000003
250.898,359.275
250.967,288.775
251.035,344.27500000000003
251.104,352.27500000000003
251.172,376.275
251.241,358.275
251.309,337.77500000000003
251.378,344.27500000000003
251.446,314.275
251.514,309.775
251.583,321.775
251.651,334.775
251.72,299.275
251.788,343.77500000000003
251.856,319.775
251.925,353.27500000000003
251.993,337.27500000000003
252.062,330.275
252.13,279.275
252.198,292.27500000000003
252.267,315.77500000000003
252.335,327.275
252.403,324.275
252.472,315.275
252.54,290.775
252.608,308.775
252.677,298.275
252.745,308.775
252.813,296.275
252.881,293.775
252.95,279.775
253.018,283.775
253.086,264.275
253.155,248.275
253.223,228.275
253.291,263.775
253.359,252.775
253.428,242.775
253.496,208.275
253.564,199.275
253.632,210.775
253.7,216.775
253.769,208.275
253.837,222.775
253.905,254.775
253.973,215.275
254.041,237.275
254.11,193.275
254.178,195.775
254.246,219.775
254.314,219.275
254.382,220.275
254.45,194.775
254.518,201.275
254.587,220.275
254.655,186.275
254.723,233.275
254.791,239.275
254.859,231.275
254.927,228.275
254.995,229.275
255.063,264.275
255.131,213.775
255.199,225.275
255.267,245.775
255.336,201.775
255.404,217.775
255.472,213.775
255.54,229.275
255.608,257.275
255.676,238.275
255.744,223.275
255.812,218.775
255.88,249.275
255.948,248.775
256.016,218.775
256.084,244.775
256.152,172.275
256.22,217.775
256.288,235.775
256.356,232.775
256.424,244.775
256.491,250.775
256.559,226.775
256.627,256.275
256.695,242.775
256.763,277.275
256.831,221.775
256.899,270.275
256.967,235.775
257.035,255.275
257.103,256.275
257.171,281.275
257.238,290.775
257.306,273.275
257.374,329.775
257.442,315.275
257.51,355.77500000000003
257.578,297.275
257.646,302.275
257.713,286.775
257.781,338.775
257.849,377.27500000000003
257.917,308.775
257.985,344.775
258.052,359.77500000000003
258.12,321.275
258.188,373.77500000000003
258.256,324.275
258.324,338.27500000000003
258.391,310.275
258.459,393.27500000000003
258.527,373.27500000000003
258.595,382.77500000000003
258.662,397.27500000000003
258.73,325.27500000000003
258.798,360.77500000000003
258.865,390.27500000000003
258.933,385.27500000000003
259.001,421.27500000000003
259.069,430.27500000000003
259.136,462.77500000000003
259.204,410.77500000000003
259.272,428.27500000000003
259.339,407.77500000000003
259.407,467.77500000000003
259.475,445.77500000000003
259.542,459.27500000000003
259.61,438.27500000000003
259.677,398.77500000000003
259.745,460.27500000000003
259.813,462.77500000000003
259.88,462.27500000000003
259.948,480.77500000000003
260.016,495.775
260.083,480.27500000000003
260.151,522.775
260.218,492.775
260.286,499.775
260.353,501.775
260.421,491.77500000000003
260.489,504.275
260.556,510.775
260.624,512.275
260.691,513.275
260.759,536.775
260.826,542.775
260.894,532.775
260.961,580.275
261.029,582.275
261.096,601.275
261.164,590.775
261.231,574.775
261.299,545.275
261.366,587.275
261.434,627.275
261.501,628.775
261.568,606.775
261.636,663.775
261.703,606.775
261.771,641.275
261.838,596.775
261.906,688.775
261.973,615.275
262.04,656.775
262.108,676.275
262.175,655.775
262.243,663.775
262.31,672.275
262.377,654.275
262.445,740.275
262.512,678.275
262.579,722.275
262.647,671.275
262.714,725.275
262.781,738.775
262.849,712.275
262.916,738.275
262.983,735.275
263.051,803.275
263.118,780.275
263.185,755.775
263.252,731.275
263.32,756.775
263.387,819.775
263.454,788.775
263.522,795.775
263.589,842.275
263.656,784.275
263.723,756.775
263.79,808.775
263.858,847.275
263.925,826.275
263.992,840.775
264.059,885.775
264.126,889.775
264.194,853.775
264.261,854.275
264.328,856.775
264.395,785.775
264.462,863.275
264.529,849.775
264.597,866.775
264.664,890.275
264.731,857.775
264.798,896.275
264.865,875.775
264.932,867.275
264.999,910.775
265.066,857.275
265.133,932.275
265.201,876.775
265.268,910.275
265.335,928.775
265.402,929.275
265.469,971.775
265.536,929.275
265.603,941.275
265.67,946.775
265.737,964.275
265.804,952.775
265.871,1013.775
265.938,974.775
266.005,990.775
266.072,960.775
266.139,982.775
266.206,1007.775
266.273,934.275
266.34,986.275
266.407,945.275
266.474,1016.275
266.541,977.275
266.608,1045.775
266.675,1019.775
266.742,1024.775
266.808,1033.275
266.875,988.275
266.942,1080.275
267.009,1020.275
267.076,968.775
267.143,974.775
267.21,1082.775
267.277,1035.275
267.344,1036.775
267.41,1029.275
267.477,1115.775
267.544,1064.775
267.611,1059.775
267.678,1084.775
267.745,1001.275
267.811,1107.275
267.878,1092.275
267.945,1045.775
268.012,1104.775
268.079,1054.275
268.145,1069.275
268.212,1062.275
268.279,1108.275
268.346,1087.275
268.412,1113.275
268.479,1071.775
268.546,1124.275
268.613,1045.275
268.679,1081.275
268.746,1103.275
268.813,1073.775
268.879,1062.275
268.946,1079.275
269.013,1121.775
269.079,1097.275
269.146,1112.775
269.213,1076.275
269.28,1115.275
269.346,1077.275
269.413,1109.275
269.479,1106.275
269.546,1063.775
269.613,1071.275
269.679,1107.275
269.746,1088.775
269.813,1085.775
269.879,1068.775
269.946,1081.275
270.012,1056.775
270.079,1079.775
270.145,1086.275
270.212,1044.775
270.279,1049.275
270.345,1096.775
270.412,1094.775
270.478,1077.775
270.545,1088.775
270.611,1054.275
270.678,1036.275
270.744,1077.775
270.811,1066.275
270.877,1078.775
270.944,1064.775
271.01,1087.275
271.077,1112.775
271.143,1068.775
271.21,1066.775
271.276,1107.275
271.342,1048.275
271.409,1051.275
271.475,1054.775
271.542,1066.775
271.608,1080.775
271.675,1057.775
271.741,1101.275
271.807,1105.275
271.874,1117.775
271.94,1059.275
272.007,1089.775
272.073,1088.275
272.139,1076.275
272.206,1074.775
272.272,1077.775
272.338,1065.275
272.405,1042.775
272.471,1062.775
272.537,1015.775
272.604,1033.775
272.67,1053.275
272.736,1061.275
272.802,1073.275
272.869,1095.275
272.935,1090.275
273.001,1067.275
273.068,1064.275
273.134,1050.775
273.2,1114.275
273.266,1088.275
273.333,1089.775
273.399,1127.775
273.465,1117.275
273.531,1143.275
273.597,1137.775
273.664,1126.775
273.73,1108.275
273.796,1170.775
273.862,1149.775
273.928,1156.775
273.995,1132.275
274.061,1158.775
274.127,1136.275
274.193,1156.275
274.259,1137.275
274.325,1192.775
274.391,1181.775
274.457,1225.775
274.524,1179.775
274.59,1203.275
274.656,1210.775
274.722,1250.775
274.788,1192.775
274.854,1164.275
274.92,1254.775
274.986,1232.275
275.052,1251.775
275.118,1250.275
275.184,1259.775
275.25,1340.775
275.316,1316.775
275.382,1305.275
275.448,1293.275
275.514,1374.775
275.58,1397.275
275.646,1389.775
275.712,1422.275
275.778,1406.275
275.844,1359.275
275.91,1363.275
275.976,1430.775
276.042,1450.275
276.108,1526.775
276.174,1518.775
276.24,1557.275
276.306,1571.275
276.372,1577.775
276.437,1604.275
276.503,1645.275
276.569,1613.275
276.635,1713.275
276.701,1744.775
276.767,1735.275
276.833,1768.275
276.899,1831.2749999999999
276.964,1909.7749999999999
277.03,1941.775
277.096,1969.275
277.162,2021.275
277.228,2119.775
277.293,2167.275
277.359,2222.775
277.425,2377.275
277.491,2538.775
277.557,3008.275
277.622,3955.775
277.688,3926.775
277.754,4092.275
277.82,4464.775
277.885,5326.775
277.951,6676.775
278.017,5684.275
278.083,5020.775
278.148,4880.275
278.214,4941.775
278.28,5226.775
278.345,4810.275
278.411,4469.275
278.477,4710.275
278.542,5136.775
278.608,5523.275
278.674,6159.775
278.739,6898.775
278.805,7776.275
278.871,9432.275
278.936,12096.275
279.002,18135.2745
279.067,24001.2745
279.133,23249.7745
279.199,20865.7745
279.264,21592.7745
279.33,25277.7745
279.395,32980.2745
279.461,42488.2745
279.527,47275.7745
279.592,43904.2745
279.658,37382.2745
279.723,36377.7745
279.789,37969.7745
279.854,33643.2745
279.92,27915.2745
279.985,24938.2745
280.051,25558.7745
280.116,29845.2745
280.182,39819.7745
280.247,45064.7745
280.313,38413.2745
280.378,27318.2745
280.444,19700.7745
280.509,15481.775
280.574,12964.275
280.64,10957.275
280.705,9709.275
280.771,8617.775
280.836,7934.275
280.902,7356.275
280.967,6813.775
281.032,6314.775
281.098,5874.775
281.163,5463.775
281.229,5366.275
281.294,5071.775
281.359,4815.275
281.425,4584.275
281.49,4471.275
281.555,4190.775
281.621,4124.275
281.686,3877.775
281.751,3786.775
281.816,3592.275
281.882,3571.775
281.947,3422.275
282.012,3340.775
282.078,3214.275
282.143,3172.275
282.208,2998.275
282.273,2997.775
282.339,3000.775
282.404,2897.775
282.469,2790.275
282.534,2796.275
282.6,2697.775
282.665,2690.275
282.73,2660.775
282.795,2621.275
282.86,2583.775
282.926,2552.275
282.991,2549.275
283.056,2439.775
283.121,2458.275
283.186,2363.775
283.251,2365.775
283.316,2389.775
283.382,2340.275
283.447,2330.275
283.512,2248.275
283.577,2242.775
283.642,2242.275
283.707,2235.275
283.772,2225.275
283.837,2222.275
283.902,2197.275
283.967,2195.275
284.032,2239.775
284.097,2206.775
284.163,2193.275
284.228,2143.275
284.293,2140.275
284.358,2119.275
284.423,2246.775
284.488,2185.775
284.553,2339.775
284.618,2267.275
284.683,2457.775
284.748,2489.275
284.812,2636.275
284.877,2818.275
284.942,3229.275
285.007,3888.275
285.072,5546.775
285.137,10143.775
285.202,13669.275
285.267,11216.775
285.332,6999.775
285.397,4961.775
285.462,3980.275
285.527,3481.275
285.591,3077.775
285.656,2875.275
285.721,2680.275
285.786,2517.775
285.851,2413.275
285.916,2282.275
285.981,2303.275
286.045,2261.275
286.11,2193.775
286.175,2139.275
286.24,2125.775
286.305,2120.275
286.369,2104.775
286.434,2058.775
286.499,2020.275
286.564,1974.275
286.628,1970.7749999999999
286.693,1971.775
286.758,1915.7749999999999
286.823,1947.2749999999999
286.887,1888.2749999999999
286.952,1923.2749999999999
287.017,1875.7749999999999
287.082,1898.7749999999999
287.146,1880.7749999999999
287.211,1799.775
287.276,1922.7749999999999
287.34,1808.775
287.405,1825.2749999999999
287.47,1824.775
287.534,1858.275
287.599,1796.775
287.663,1804.2749999999999
287.728,1834.275
287.793,1817.2749999999999
287.857,1824.775
287.922,1832.775
287.987,1826.275
288.051,1843.7749999999999
288.116,1856.2749999999999
288.18,1839.275
288.245,1744.275
288.309,1808.275
288.374,1820.275
288.439,1785.275
288.503,1801.275
288.568,1716.275
288.632,1811.7749999999999
288.697,1857.7749999999999
288.761,1799.775
288.826,1739.275
288.89,1783.775
288.955,1744.275
289.019,1797.2749999999999
289.084,1728.275
289.148,1759.775
289.212,1695.275
289.277,1789.275
289.341,1698.275
289.406,1688.775
289.47,1718.775
289.535,1684.275
289.599,1716.775
289.663,1719.275
289.728,1773.775
289.792,1702.775
289.857,1682.775
289.921,1764.775
289.985,1678.775
290.05,1705.275
290.114,1816.275
290.178,1711.275
290.243,1735.275
290.307,1731.775
290.371,1771.275
290.436,1754.775
290.5,1788.275
290.564,1684.275
290.629,1697.775
290.693,1755.775
290.757,1780.2749999999999
290.821,1752.275
290.886,1809.275
290.95,1748.775
291.014,1767.775
291.078,1733.275
291.143,1908.2749999999999
291.207,1837.7749999999999
291.271,1822.2749999999999
291.335,1818.775
291.399,1887.7749999999999
291.464,2062.275
291.528,2089.275
291.592,2089.275
291.656,1984.775
291.72,1933.2749999999999
291.784,1903.7749999999999
291.849,1891.2749999999999
291.913,1901.2749999999999
291.977,1899.7749999999999
292.041,1910.7749999999999
292.105,1911.2749999999999
292.169,1975.775
292.233,2028.275
292.297,1994.2749999999999
292.361,2038.275
292.425,2174.275
292.49,2258.775
292.554,2358.275
292.618,2401.775
292.682,2721.775
292.746,3279.275
292.81,4389.775
292.874,5698.775
292.938,5610.275
293.002,4944.275
293.066,4482.275
293.13,4144.775
293.194,3847.275
293.258,3733.275
293.322,3683.775
293.386,3645.775
293.45,3963.275
293.514,4551.775
293.577,6333.775
293.641,8720.275
293.705,9322.775
293.769,8042.275
293.833,6905.775
293.897,6006.275
293.961,5306.775
294.025,4744.275
294.089,4242.775
294.152,3859.775
294.216,3607.775
294.28,3434.775
294.344,3184.775
294.408,2963.275
294.472,2868.275
294.536,2720.275
294.599,2597.775
294.663,2594.775
294.727,2496.775
294.791,2372.275
294.855,2417.775
294.918,2313.775
294.982,2267.775
295.046,2298.775
295.11,2186.775
295.173,2145.275
295.237,2020.275
295.301,2073.275
295.364,2022.275
295.428,1986.2749999999999
295.492,1981.2749999999999
295.556,1954.7749999999999
295.619,2015.275
295.683,1953.7749999999999
295.747,1930.7749999999999
295.81,1862.2749999999999
295.874,1881.275
295.938,1859.2749999999999
296.001,1840.2749999999999
296.065,1787.275
296.128,1806.275
296.192,1865.275
296.256,1836.775
296.319,1748.775
296.383,1770.275
296.447,1756.775
296.51,1690.775
296.574,1735.275
296.637,1765.275
296.701,1640.275
296.764,1704.775
296.828,1622.775
296.891,1731.775
296.955,1671.275
297.018,1641.775
297.082,1613.275
297.145,1649.775
297.209,1600.775
297.272,1603.275
297.336,1601.275
297.399,1649.775
297.463,1593.775
297.526,1601.775
297.59,1585.775
297.653,1622.275
297.717,1576.275
297.78,1659.775
297.843,1587.775
297.907,1645.775
297.97,1539.775
298.034,1592.275
298.097,1621.275
298.16,1550.275
298.224,1563.275
298.287,1518.275
298.35,1532.275
298.414,1538.775
298.477,1549.275
298.54,1604.275
298.604,1564.775
298.667,1530.775
298.73,1516.275
298.794,1546.775
298.857,1527.275
298.92,1504.275
298.984,1557.775
299.047,1506.275
299.11,1499.275
299.173,1495.775
299.237,1500.275
299.3,1503.275
299.363,1467.775
299.426,1422.275
299.489,1416.275
299.553,1439.275
299.616,1517.775
299.679,1420.775
299.742,1469.775
299.805,1368.275
299.868,1452.775
299.932,1366.775
299.995,1471.775
300.058,1387.275
300.121,1400.775
300.184,1439.775
300.247,1415.275
300.31,1431.775
300.374,1382.775
300.437,1448.775
300.5,1415.775
300.563,1417.775
300.626,1367.775
300.689,1359.775
300.752,1339.775
300.815,1390.775
300.878,1425.775
300.941,1387.275
301.004,1437.275
301.067,1341.275
301.13,1409.275
301.193,1377.275
301.256,1433.775
301.319,1344.775
301.382,1411.275
301.445,1398.275
301.508,1417.775
301.571,1391.775
301.634,1386.775
301.697,1344.775
301.76,1404.775
301.823,1360.275
301.885,1321.775
301.948,1332.775
302.011,1420.775
302.074,1377.775
302.137,1415.775
302.2,1374.775
302.263,1355.775
302.326,1345.275
302.388,1403.275
302.451,1388.275
302.514,1343.775
302.577,1378.775
302.64,1361.275
302.703,1373.275
302.765,1339.775
302.828,1330.275
302.891,1318.775
302.954,1337.275
303.016,1308.275
303.079,1364.775
303.142,1352.775
303.205,1380.275
303.267,1388.775
303.33,1283.775
303.393,1319.275
303.456,1363.775
303.518,1312.775
303.581,1309.775
303.644,1349.775
303.706,1442.275
303.769,1361.275
303.832,1349.275
303.894,1337.275
303.957,1357.275
304.02,1291.775
304.082,1357.275
304.145,1428.775
304.207,1348.775
304.27,1313.275
304.333,1319.275
304.395,1310.775
304.458,1357.775
304.52,1358.275
304.583,1402.775
304.646,1347.775
304.708,1304.775
304.771,1351.775
304.833,1288.775
304.896,1376.775
304.958,1368.275
305.021,1359.775
305.083,1340.275
305.146,1330.275
305.208,1401.275
305.271,1327.775
305.333,1349.775
305.396,1338.275
305.458,1338.775
305.52,1373.275
305.583,1380.775
305.645,1362.775
305.708,1389.275
305.77,1323.775
305.833,1303.275
305.895,1384.775
305.957,1357.775
306.02,1357.775
306.082,1315.275
306.144,1378.775
306.207,1298.775
306.269,1315.775
306.331,1351.275
306.394,1346.775
306.456,1370.275
306.518,1380.775
306.581,1365.275
306.643,1353.275
306.705,1378.275
306.768,1393.775
306.83,1354.775
306.892,1371.275
306.954,1474.275
307.017,1437.775
307.079,1414.775
307.141,1436.775
307.203,1397.275
307.266,1396.275
307.328,1399.775
307.39,1450.275
307.452,1446.275
307.514,1462.775
307.577,1400.775
307.639,1454.275
307.701,1446.275
307.763,1447.775
307.825,1441.275
307.887,1473.275
307.949,1476.275
308.012,1444.775
308.074,1508.275
308.136,1420.275
308.198,1466.275
308.26,1484.775
308.322,1473.275
308.384,1470.775
308.446,1503.275
308.508,1499.275
308.57,1521.275
308.632,1556.275
308.694,1524.775
308.756,1578.775
308.818,1500.775
308.88,1570.775
308.942,1523.275
309.004,1564.775
309.066,1549.275
309.128,1618.775
309.19,1689.775
309.252,1741.775
309.314,1697.275
309.376,1732.275
309.438,1712.775
309.5,1722.775
309.562,1697.275
309.624,1819.2749999999999
309.686,1878.7749999999999
309.747,1891.2749999999999
309.809,1722.275
309.871,1688.775
309.933,1682.275
309.995,1705.775
310.057,1719.275
310.119,1626.275
310.18,1624.275
310.242,1607.775
310.304,1560.275
310.366,1591.775
310.428,1559.275
310.489,1559.275
310.551,1548.775
310.613,1616.275
310.675,1597.275
310.737,1571.275
310.798,1528.775
310.86,1579.275
310.922,1567.775
310.983,1542.275
311.045,1495.775
311.107,1567.775
311.169,1558.775
311.23,1491.775
311.292,1530.775
311.354,1503.275
311.415,1539.275
311.477,1523.775
311.539,1565.275
311.6,1553.275
311.662,1593.775
311.724,1520.275
311.785,1603.275
311.847,1567.775
311.908,1540.775
311.97,1478.775
312.032,1486.775
312.093,1564.275
312.155,1590.275
312.216,1511.775
312.278,1562.275
312.339,1502.275
312.401,1532.275
312.462,1531.775
312.524,1523.275
312.585,1565.775
312.647,1520.775
312.708,1560.275
312.77,1526.275
312.831,1574.775
312.893,1565.775
312.954,1596.775
313.016,1555.775
313.077,1521.775
313.139,1550.775
313.2,1533.775
313.261,1569.275
313.323,1558.275
313.384,1550.775
313.446,1567.275
313.507,1613.275
313.568,1588.775
313.63,1544.775
313.691,1583.775
313.752,1558.275
313.814,1561.275
313.875,1585.775
313.936,1640.275
313.998,1556.775
314.059,1539.775
314.12,1548.275
314.182,1603.775
314.243,1530.275
314.304,1592.275
314.365,1630.775
314.427,1593.775
314.488,1615.775
314.549,1561.775
314.61,1632.275
314.672,1548.275
314.733,1570.775
314.794,1589.775
314.855,1581.775
314.917,1567.775
314.978,1543.275
315.039,1543.275
315.1,1570.275
315.161,1585.275
315.222,1531.775
315.283,1563.775
315.345,1617.275
315.406,1587.775
315.467,1583.775
315.528,1568.775
315.589,1567.275
315.65,1588.775
315.711,1512.775
315.772,1579.275
315.833,1602.275
315.894,1568.775
315.955,1619.275
316.016,1570.275
316.078,1546.775
316.139,1594.275
316.2,1577.275
316.261,1570.775
316.322,1515.275
316.383,1510.275
316.444,1545.275
316.504,1545.775
316.565,1560.275
316.626,1588.275
316.687,1527.775
316.748,1571.775
316.809,1617.775
316.87,1561.275
316.931,1585.275
316.992,1632.775
317.053,1589.775
317.114,1545.775
317.175,1594.275
317.235,1569.775
317.296,1559.775
317.357,1542.775
317.418,1563.775
317.479,1519.775
317.54,1551.775
317.601,1559.775
317.661,1592.775
317.722,1578.775
317.783,1618.275
317.844,1567.275
317.904,1585.775
317.965,1551.775
318.026,1583.775
318.087,1531.275
318.148,1548.275
318.208,1527.275
318.269,1588.275
318.33,1566.775
318.39,1568.275
318.451,1617.275
318.512,1636.275
318.572,1575.775
318.633,1513.775
318.694,1510.275
318.754,1559.775
318.815,1553.775
318.876,1570.775
318.936,1563.775
318.997,1548.775
319.058,1550.775
319.118,1514.275
319.179,1560.275
319.239,1542.775
319.3,1475.275
319.361,1495.275
319.421,1497.275
319.482,1491.275
319.542,1531.275
319.603,1548.775
319.663,1588.275
319.724,1537.775
319.784,1579.775
319.845,1506.275
319.905,1566.275
319.966,1527.275
320.026,1555.775
320.087,1499.775
320.147,1539.775
320.208,1591.275
320.268,1529.775
320.329,1518.775
320.389,1519.775
320.449,1507.275
320.51,1542.275
320.57,1481.775
320.631,1571.775
320.691,1492.775
320.751,1496.275
320.812,1516.775
320.872,1550.775
320.932,1520.275
320.993,1512.775
321.053,1524.275
321.113,1558.775
321.174,1495.775
321.234,1545.275
321.294,1468.275
321.355,1574.275
321.415,1518.275
321.475,1552.275
321.535,1505.275
321.596,1535.775
321.656,1512.775
321.716,1522.275
321.776,1598.275
321.837,1541.275
321.897,1499.775
321.957,1448.275
322.017,1483.275
322.077,1543.275
322.138,1558.775
322.198,1525.775
322.258,1605.775
322.318,1587.775
322.378,1598.275
322.438,1488.275
322.499,1498.775
322.559,1469.775
322.619,1506.275
322.679,1528.275
322.739,1523.775
322.799,1523.775
322.859,1507.775
322.919,1551.275
322.979,1530.275
323.039,1469.775
323.099,1447.275
323.159,1463.275
323.219,1530.275
323.279,1551.775
323.339,1517.775
323.399,1567.275
323.459,1535.275
323.519,1578.275
323.579,1601.275
323.639,1574.775
323.699,1601.275
323.759,1580.275
323.819,1544.775
323.879,1551.275
323.939,1469.775
323.999,1541.275
324.059,1533.775
324.119,1554.275
324.178,1501.275
324.238,1558.275
324.298,1510.275
324.358,1545.775
324.418,1557.775
324.478,1497.775
324.538,1493.275
324.597,1567.275
324.657,1517.275
324.717,1535.775
324.777,1517.275
324.837,1538.275
324.896,1475.775
324.956,1537.275
325.016,1566.775
325.076,1572.775
325.135,1527.775
325.195,1505.775
325.255,1574.275
325.315,1525.275
325.374,1575.275
325.434,1576.275
325.494,1542.775
325.553,1536.275
325.613,1539.775
325.673,1579.275
325.732,1472.275
325.792,1583.275
325.852,1565.275
325.911,1585.275
325.971,1576.275
326.031,1514.275
326.09,1556.775
326.15,1524.775
326.209,1503.775
326.269,1476.775
326.328,1579.275
326.388,1530.775
326.448,1565.275
326.507,1502.775
326.567,1601.275
326.626,1511.275
326.686,1493.275
326.745,1537.775
326.805,1587.275
326.864,1558.775
326.924,1552.275
326.983,1503.275
327.043,1461.775
327.102,1493.275
327.161,1489.775
327.221,1473.775
327.28,1537.775
327.34,1497.775
327.399,1541.275
327.459,1473.275
327.518,1485.275
327.577,1513.775
327.637,1518.275
327.696,1466.775
327.755,1415.275
327.815,1438.275
327.874,1422.275
327.933,1499.775
327.993,1502.275
328.052,1469.275
328.111,1472.775
328.171,1448.275
328.23,1458.275
328.289,1411.775
328.349,1468.775
328.408,1453.775
328.467,1475.275
328.526,1475.775
328.586,1490.275
328.645,1455.775
328.704,1504.275
328.763,1454.275
328.822,1424.275
328.882,1459.275
328.941,1445.775
329.0,1391.275
329.059,1383.275
329.118,1477.775
329.177,1474.275
329.237,1481.275
329.296,1459.775
329.355,1464.775
329.414,1464.775
329.473,1405.775
329.532,1464.775
329.591,1480.775
329.65,1441.275
329.709,1421.275
329.768,1553.275
329.827,1530.775
329.886,1565.275
329.945,1450.275
330.004,1537.275
330.063,1528.775
330.122,1541.275
330.181,1637.775
330.24,1695.275
330.299,1566.775
330.358,1493.775
330.417,1477.775
330.476,1460.775
330.535,1477.775
330.594,1437.775
330.653,1395.275
330.712,1413.275
330.771,1471.775
330.83,1445.775
330.889,1455.775
330.948,1441.275
331.006,1434.275
331.065,1499.275
331.124,1493.275
331.183,1471.775
331.242,1411.775
331.301,1411.275
331.359,1475.275
331.418,1468.775
331.477,1452.275
331.536,1379.275
331.595,1406.275
331.653,1407.775
331.712,1380.275
331.771,1359.775
331.83,1361.775
331.888,1449.775
331.947,1374.275
332.006,1415.275
332.065,1407.775
332.123,1429.275
332.182,1391.275
332.241,1483.275
332.299,1520.275
332.358,1463.275
332.417,1444.775
332.475,1446.275
332.534,1430.275
332.592,1427.775
332.651,1469.275
332.71,1460.775
332.768,1500.775
332.827,1478.775
332.885,1503.275
332.944,1533.275
333.003,1522.775
333.061,1478.275
333.12,1591.775
333.178,1515.275
333.237,1564.275
333.295,1561.275
333.354,1587.775
333.412,1574.775
333.471,1583.775
333.529,1529.275
333.588,1614.775
333.646,1643.775
333.705,1683.275
333.763,1673.775
333.822,1623.775
333.88,1572.775
333.938,1579.775
333.997,1552.275
334.055,1588.775
334.114,1595.275
334.172,1579.275
334.23,1574.275
334.289,1569.775
334.347,1496.775
334.405,1562.275
334.464,1612.275
334.522,1574.775
334.58,1510.275
334.639,1468.275
334.697,1489.275
334.755,1533.275
334.814,1548.275
334.872,1525.775
334.93,1551.775
334.988,1496.775
335.047,1514.775
335.105,1587.775
335.163,1595.275
335.221,1589.775
335.28,1531.275
335.338,1667.775
335.396,1556.275
335.454,1575.775
335.512,1519.275
335.57,1560.275
335.629,1544.275
335.687,1556.775
335.745,1653.275
335.803,1629.775
335.861,1620.775
335.919,1602.775
335.977,1595.275
336.035,1519.775
336.094,1554.775
336.152,1531.275
336.21,1595.275
336.268,1544.275
336.326,1580.775
336.384,1543.775
336.442,1573.275
336.5,1496.775
336.558,1556.275
336.616,1498.275
336.674,1527.275
336.732,1530.275
336.79,1618.275
336.848,1529.775
336.906,1491.275
336.964,1529.275
337.022,1505.775
337.08,1537.275
337.138,1543.775
337.195,1515.275
337.253,1562.275
337.311,1502.775
337.369,1493.775
337.427,1558.775
337.485,1494.275
337.543,1534.275
337.601,1480.275
337.658,1470.275
337.716,1541.775
337.774,1435.775
337.832,1483.275
337.89,1432.775
337.947,1499.275
338.005,1429.775
338.063,1437.775
338.121,1527.275
338.178,1474.775
338.236,1466.775
338.294,1429.775
338.352,1469.775
338.409,1497.275
338.467,1432.275
338.525,1483.775
338.583,1424.775
338.64,1417.275
338.698,1382.275
338.756,1475.275
338.813,1454.275
338.871,1484.275
338.928,1487.775
338.986,1507.275
339.044,1485.275
339.101,1436.775
339.159,1448.775
339.216,1434.275
339.274,1429.275
339.332,1474.775
339.389,1506.775
339.447,1444.775
339.504,1478.775
339.562,1482.275
339.619,1482.775
339.677,1462.275
339.734,1471.275
339.792,1409.775
339.849,1460.275
339.907,1447.775
339.964,1443.275
340.022,1464.275
340.079,1464.775
340.137,1447.775
340.194,1435.275
340.252,1455.775
340.309,1462.775
340.366,1424.775
340.424,1445.275
340.481,1469.775
340.538,1470.275
340.596,1417.775
340.653,1408.275
340.711,1500.275
340.768,1509.775
340.825,1486.275
340.883,1439.775
340.94,1453.275
340.997,1408.775
341.054,1384.775
341.112,1505.775
341.169,1452.275
341.226,1476.275
341.284,1510.775
341.341,1532.775
341.398,1481.275
341.455,1516.775
341.512,1540.775
341.57,1380.775
341.627,1480.275
341.684,1500.275
341.741,1526.775
341.798,1465.275
341.856,1540.275
341.913,1461.275
341.97,1473.775
342.027,1455.775
342.084,1480.775
342.141,1546.275
342.198,1501.275
342.255,1543.275
342.313,1508.775
342.37,1537.275
342.427,1397.275
342.484,1442.275
342.541,1402.775
342.598,1482.275
342.655,1409.775
342.712,1445.775
342.769,1469.775
342.826,1474.275
342.883,1477.275
342.94,1444.275
342.997,1483.775
343.054,1498.775
343.111,1437.775
343.168,1505.275
343.225,1507.275
343.282,1555.275
343.339,1539.275
343.395,1562.275
343.452,1520.275
343.509,1567.275
343.566,1512.275
343.623,1561.775
343.68,1577.775
343.737,1576.275
343.794,1597.275
343.85,1565.775
343.907,1553.275
343.964,1536.775
344.021,1596.275
344.078,1621.275
344.134,1660.275
344.191,1620.275
344.248,1651.275
344.305,1598.275
344.361,1654.275
344.418,1530.275
344.475,1598.275
344.532,1571.275
344.588,1541.775
344.645,1580.775
344.702,1591.775
344.758,1563.775
344.815,1594.775
344.872,1542.275
344.928,1559.275
344.985,1581.775
345.042,1639.275
345.098,1591.775
345.155,1506.775
345.212,1512.275
345.268,1527.275
345.325,1531.775
345.381,1621.275
345.438,1555.775
345.495,1609.775
345.551,1614.775
345.608,1589.775
345.664,1551.775
345.721,1527.775
345.777,1512.775
345.834,1444.275
345.89,1489.275
345.947,1498.275
346.003,1591.775
346.06,1545.775
346.116,1629.275
346.173,1559.275
346.229,1548.775
346.285,1564.775
346.342,1562.275
346.398,1594.775
346.455,1596.775
346.511,1600.275
346.567,1648.775
346.624,1631.775
346.68,1605.275
346.737,1547.775
346.793,1587.275
346.849,1607.775
346.906,1603.775
346.962,1550.775
347.018,1606.775
347.074,1573.275
347.131,1587.275
347.187,1573.275
347.243,1582.275
347.3,1574.275
347.356,1615.775
347.412,1609.275
347.468,1506.775
347.524,1626.275
347.581,1629.775
347.637,1609.775
347.693,1595.775
347.749,1538.775
347.805,1545.775
347.862,1612.775
347.918,1583.775
347.974,1550.775
348.03,1568.275
348.086,1595.275
348.142,1571.775
348.198,1593.275
348.254,1644.775
348.311,1598.275
348.367,1555.275
348.423,1536.275
348.479,1523.775
348.535,1557.775
348.591,1576.275
348.647,1581.775
348.703,1527.275
348.759,1571.275
348.815,1494.275
348.871,1568.775
348.927,1552.275
348.983,1590.775
349.039,1585.775
349.095,1590.775
349.151,1530.775
349.207,1594.775
349.263,1574.275
349.319,1538.275
349.374,1580.775
349.43,1660.775
349.486,1644.275
349.542,1585.275
349.598,1613.775
349.654,1543.275
349.71,1585.275
349.766,1576.275
349.821,1586.775
349.877,1563.775
349.933,1620.275
349.989,1697.775
350.045,1609.275
350.1,1591.275
350.156,1587.775
350.212,1551.275
350.268,1626.775
350.323,1612.275
350.379,1559.775
350.435,1554.775
350.491,1682.275
350.546,1555.275
350.602,1597.775
350.658,1615.275
350.713,1582.775
350.769,1595.275
350.825,1538.775
350.88,1536.775
350.936,1607.775
350.992,1608.275
351.047,1637.275
351.103,1521.275
351.158,1617.775
351.214,1600.775
351.27,1575.275
351.325,1586.775
351.381,1611.775
351.436,1654.775
351.492,1670.275
351.547,1639.275
351.603,1657.275
351.658,1707.775
351.714,1622.775
351.769,1641.275
351.825,1624.775
351.88,1643.775
351.936,1665.275
351.991,1624.275
352.047,1688.275
352.102,1603.775
352.158,1579.275
352.213,1665.275
352.268,1588.275
352.324,1641.275
352.379,1710.275
352.434,1592.275
352.49,1589.775
352.545,1654.775
352.601,1588.775
352.656,1639.275
352.711,1633.275
352.767,1635.275
352.822,1577.275
352.877,1613.275
352.932,1589.275
352.988,1660.775
353.043,1548.775
353.098,1682.775
353.153,1604.775
353.209,1613.275
353.264,1577.275
353.319,1594.275
353.374,1537.775
353.43,1584.775
353.485,1591.275
353.54,1562.775
353.595,1566.775
353.65,1591.775
353.705,1591.275
353.761,1577.275
353.816,1525.275
353.871,1591.275
353.926,1560.275
353.981,1568.275
354.036,1562.775
354.091,1584.775
354.146,1640.775
354.201,1601.275
354.256,1635.275
354.311,1610.275
354.367,1679.775
354.422,1595.275
354.477,1618.275
354.532,1598.275
354.587,1620.275
354.642,1588.275
354.697,1629.775
354.751,1632.775
354.806,1687.775
354.861,1627.275
354.916,1579.275
354.971,1642.275
355.026,1603.275
355.081,1616.775
355.136,1592.775
355.191,1608.775
355.246,1549.275
355.301,1670.275
355.355,1644.275
355.41,1659.275
355.465,1643.275
355.52,1594.275
355.575,1661.275
355.63,1643.775
355.684,1636.775
355.739,1628.275
355.794,1596.775
355.849,1621.775
355.904,1583.275
355.958,1615.275
356.013,1624.275
356.068,1560.275
356.123,1686.275
356.177,1644.275
356.232,1610.775
356.287,1575.275
356.341,1659.275
356.396,1620.275
356.451,1621.275
356.505,1597.275
356.56,1651.275
356.615,1597.775
356.669,1630.775
356.724,1626.775
356.778,1666.775
356.833,1623.275
356.888,1644.275
356.942,1616.775
356.997,1660.775
357.051,1602.775
357.106,1647.775
357.16,1508.275
357.215,1616.275
357.269,1600.775
357.324,1614.775
357.378,1642.775
357.433,1584.275
357.487,1599.775
357.542,1622.775
357.596,1640.275
357.651,1614.775
357.705,1586.775
357.76,1623.775
357.814,1559.275
357.868,1552.275
357.923,1571.275
357.977,1584.775
358.032,1626.275
358.086,1576.275
358.14,1605.775
358.195,1544.275
358.249,1604.275
358.303,1586.775
358.358,1571.275
358.412,1550.275
358.466,1568.775
358.521,1597.275
358.575,1516.275
358.629,1595.275
358.683,1552.775
358.738,1635.775
358.792,1509.775
358.846,1530.775
358.9,1547.775
358.954,1569.275
359.009,1577.275
359.063,1512.275
359.117,1592.275
359.171,1581.275
359.225,1607.775
359.28,1610.775
359.334,1512.775
359.388,1611.775
359.442,1555.775
359.496,1542.775
359.55,1547.775
359.604,1512.775
359.658,1543.775
359.712,1585.775
359.766,1549.775
359.82,1583.275
359.875,1545.275
359.929,1575.275
359.983,1565.275
360.037,1541.775
360.091,1501.775
360.145,1561.275
360.199,1546.275
360.253,1639.275
360.306,1511.775
360.36,1599.775
360.414,1568.275
360.468,1581.275
360.522,1514.275
360.576,1539.775
360.63,1554.775
360.684,1527.775
360.738,1499.775
360.792,1548.775
360.846,1540.775
360.899,1541.775
360.953,1590.775
361.007,1543.275
361.061,1583.275
361.115,1525.275
361.168,1556.775
361.222,1552.275
361.276,1571.275
361.33,1478.775
361.384,1525.275
361.437,1571.275
361.491,1512.275
361.545,1526.275
361.599,1537.775
361.652,1550.275
361.706,1554.275
361.76,1480.275
361.813,1580.275
361.867,1502.275
361.921,1539.775
361.974,1509.775
362.028,1526.775
362.082,1541.775
362.135,1487.775
362.189,1442.275
362.242,1494.275
362.296,1517.275
362.35,1469.275
362.403,1485.775
362.457,1513.775
362.51,1505.775
362.564,1524.775
362.617,1511.775
362.671,1522.275
362.724,1515.775
362.778,1562.275
362.831,1484.775
362.885,1527.775
362.938,1395.275
354.545,283.6125
354.608,269.6125
354.671,309.6125
354.734,311.1125
354.797,308.6125
354.86,338.1125
354.923,334.1125
354.986,343.1125
355.05,324.6125
355.113,334.1125
355.176,354.1125
355.239,367.1125
355.302,372.1125
355.365,351.6125
355.428,413.1125
355.491,369.6125
355.554,399.1125
355.617,384.6125
355.68,375.1125
355.743,415.6125
355.806,375.1125
355.869,375.1125
355.932,422.6125
355.995,394.6125
356.058,470.1125
356.121,382.1125
356.184,447.6125
356.247,470.1125
356.31,400.6125
356.373,476.1125
356.436,497.1125
356.498,467.6125
356.561,464.6125
356.624,478.1125
356.687,498.6125
356.75,490.1125
356.813,457.6125
356.876,501.1125
356.939,431.1125
357.001,459.1125
357.064,472.1125
357.127,497.1125
357.19,489.1125
357.253,481.6125
357.316,511.6125
357.378,492.1125
357.441,463.6125
357.504,474.1125
357.567,475.6125
357.629,466.6125
357.692,491.1125
357.755,492.1125
357.818,457.6125
357.88,477.6125
357.943,475.1125
358.006,500.6125
358.069,547.6125
358.131,505.1125
358.194,496.1125
358.257,485.1125
358.319,529.6125
358.382,509.1125
358.445,525.6125
358.507,570.6125
358.57,516.6125
358.633,532.1125
358.695,491.1125
358.758,546.6125
358.821,514.6125
358.883,514.1125
358.946,545.1125
359.008,507.6125
359.071,504.6125
359.134,497.1125
359.196,537.6125
359.259,550.1125
359.321,539.6125
359.384,523.6125
359.446,550.6125
359.509,529.6125
359.571,515.1125
359.634,519.1125
359.696,538.1125
359.759,519.6125
359.821,558.1125
359.884,537.6125
359.946,547.1125
360.009,539.1125
360.071,551.1125
360.134,522.6125
360.196,561.1125
360.259,551.6125
360.321,576.1125
360.384,587.6125
360.446,557.1125
360.508,561.6125
360.571,598.6125
360.633,549.1125
360.696,566.1125
360.758,560.6125
360.82,533.1125
360.883,536.6125
360.945,571.1125
361.007,584.1125
361.07,606.1125
361.132,566.1125
361.194,588.6125
361.257,563.1125
361.319,570.1125
361.381,626.6125
361.443,554.1125
361.506,578.1125
361.568,565.6125
361.63,612.1125
361.693,607.1125
361.755,585.1125
361.817,572.1125
361.879,616.1125
361.941,631.6125
362.004,614.6125
362.066,564.1125
362.128,608.6125
362.19,604.6125
362.252,625.1125
362.315,624.1125
362.377,633.6125
362.439,619.1125
362.501,604.6125
362.563,627.1125
362.625,564.6125
362.688,585.6125
362.75,572.6125
362.812,575.6125
362.874,673.6125
362.936,629.6125
362.998,622.6125
363.06,666.6125
363.122,621.1125
363.184,591.6125
363.246,559.6125
363.308,591.1125
363.37,596.1125
363.432,616.6125
363.494,643.6125
363.556,644.6125
363.618,579.6125
363.68,617.1125
363.742,595.6125
363.804,574.6125
363.866,595.1125
363.928,602.1125
363.99,598.1125
364.052,607.6125
364.114,559.1125
364.176,635.6125
364.238,608.6125
364.3,669.6125
364.362,625.6125
364.424,637.6125
364.486,626.1125
364.548,605.6125
364.609,601.6125
364.671,648.6125
364.733,594.1125
364.795,689.6125
364.857,592.1125
364.919,588.1125
364.981,609.6125
365.042,646.1125
365.104,641.6125
365.166,635.6125
365.228,640.6125
365.29,649.1125
365.351,620.1125
365.413,616.1125
365.475,639.6125
365.537,694.1125
365.598,651.6125
365.66,652.1125
365.722,614.6125
365.784,645.6125
365.845,653.1125
365.907,654.6125
365.969,702.6125
366.03,674.1125
366.092,678.1125
366.154,728.6125
366.215,672.1125
366.277,633.6125
366.339,640.6125
366.4,653.6125
366.462,629.1125
366.524,686.6125
366.585,630.1125
366.647,634.1125
366.708,647.1125
366.77,658.1125
366.832,692.1125
366.893,721.6125
366.955,671.1125
367.016,693.1125
367.078,627.1125
367.139,662.6125
367.201,664.6125
367.262,678.6125
367.324,651.6125
367.385,741.6125
367.447,709.1125
367.508,728.6125
367.57,634.6125
367.631,674.1125
367.693,640.6125
367.754,682.1125
367.816,673.1125
367.877,686.6125
367.939,646.1125
368.0,638.6125
368.062,695.1125
368.123,676.6125
368.184,678.6125
368.246,709.1125
368.307,673.6125
368.369,703.6125
368.43,669.1125
368.491,745.1125
368.553,710.1125
368.614,709.1125
368.675,711.6125
368.737,649.6125
368.798,683.1125
368.859,699.6125
368.921,745.6125
368.982,695.6125
369.043,672.6125
369.104,700.1125
369.166,723.6125
369.227,750.6125
369.288,683.6125
369.349,680.1125
369.411,705.1125
369.472,730.1125
369.533,724.6125
369.594,691.6125
369.656,669.6125
369.717,717.6125
369.778,708.6125
369.839,718.1125
369.9,713.1125
369.961,707.6125
370.023,769.1125
370.084,730.1125
370.145,689.6125
370.206,710.6125
370.267,722.6125
370.328,682.1125
370.389,723.6125
370.451,727.1125
370.512,702.6125
370.573,754.6125
370.634,734.1125
370.695,719.1125
370.756,690.1125
370.817,726.1125
370.878,743.1125
370.939,699.1125
371.0,731.1125
371.061,747.6125
371.122,729.6125
371.183,761.1125
371.244,736.1125
371.305,767.6125
371.366,768.6125
371.427,754.6125
371.488,770.6125
371.549,689.1125
371.61,747.1125
371.671,748.1125
371.732,775.6125
371.793,710.1125
371.853,736.1125
371.914,775.6125
371.975,740.6125
372.036,735.1125
372.097,774.1125
372.158,767.6125
372.219,757.6125
372.28,763.6125
372.34,718.6125
372.401,769.1125
372.462,787.1125
372.523,755.6125
372.584,744.1125
372.645,782.6125
372.705,746.1125
372.766,771.1125
372.827,787.6125
372.888,726.1125
372.948,752.1125
373.009,766.1125
373.07,774.1125
373.131,747.6125
373.191,769.6125
373.252,776.6125
373.313,743.1125
373.373,754.6125
373.434,809.1125
373.495,819.6125
373.555,783.1125
373.616,677.1125
373.677,801.6125
373.737,773.1125
373.798,748.1125
373.859,787.6125
373.919,746.6125
373.98,763.1125
374.041,772.1125
374.101,761.6125
374.162,755.6125
374.222,765.6125
374.283,757.6125
374.343,770.1125
374.404,775.6125
374.465,757.1125
374.525,796.1125
374.586,810.1125
374.646,790.1125
374.707,753.6125
374.767,817.1125
374.828,770.1125
374.888,812.1125
374.949,804.6125
375.009,866.6125
375.07,850.6125
375.13,846.6125
375.19,808.6125
375.251,856.1125
375.311,815.6125
375.372,767.1125
375.432,847.6125
375.493,793.1125
375.553,774.1125
375.613,762.6125
375.674,808.1125
375.734,848.6125
375.794,770.1125
375.855,838.6125
375.915,774.1125
375.975,739.6125
376.036,819.1125
376.096,850.6125
376.156,794.6125
376.217,779.1125
376.277,819.1125
376.337,780.1125
376.398,786.1125
376.458,828.6125
376.518,826.6125
376.578,806.1125
376.639,869.6125
376.699,835.1125
376.759,792.1125
376.819,852.1125
376.88,800.6125
376.94,841.6125
377.0,834.6125
377.06,774.1125
377.12,814.1125
377.18,860.1125
377.241,784.1125
377.301,859.1125
377.361,825.1125
377.421,815.1125
377.481,843.6125
377.541,851.6125
377.601,824.1125
377.661,872.1125
377.722,843.6125
377.782,872.1125
377.842,898.1125
377.902,834.6125
377.962,795.6125
378.022,859.1125
378.082,897.6125
378.142,858.1125
378.202,880.1125
378.262,846.1125
378.322,865.1125
378.382,861.1125
378.442,914.1125
378.502,813.1125
378.562,875.6125
378.622,891.6125
378.682,934.6125
378.742,846.6125
378.802,884.1125
378.862,939.1125
378.921,919.6125
378.981,905.1125
379.041,906.6125
379.101,910.6125
379.161,842.6125
379.221,921.6125
379.281,893.1125
379.341,931.6125
379.401,925.6125
379.46,937.1125
379.52,942.6125
379.58,968.1125
379.64,949.6125
379.7,960.6125
379.759,976.6125
379.819,889.6125
379.879,971.1125
379.939,981.1125
379.999,1032.1125
380.058,995.6125
380.118,995.1125
380.178,992.1125
380.237,995.6125
380.297,1007.6125
380.357,990.1125
380.417,993.6125
380.476,1019.1125
380.536,955.6125
380.596,969.1125
380.655,955.6125
380.715,984.6125
380.775,984.6125
380.834,957.6125
380.894,980.1125
380.954,958.1125
381.013,1062.6125000000002
381.073,1068.1125000000002
381.132,1002.6125
381.192,996.1125
381.252,1061.1125000000002
381.311,1048.1125
381.371,1050.1125
381.43,1067.6125000000002
381.49,1075.6125000000002
381.549,1076.6125000000002
381.609,1076.1125000000002
381.668,1078.6125000000002
381.728,1050.6125000000002
381.787,1092.1125000000002
381.847,1100.1125000000002
381.906,1096.1125000000002
381.966,1122.1125000000002
382.025,1109.6125000000002
382.085,1113.1125000000002
382.144,1158.6125000000002
382.204,1149.1125000000002
382.263,1156.1125000000002
382.323,1193.6125000000002
382.382,1213.6125000000002
382.441,1237.1125000000002
382.501,1156.1125000000002
382.56,1348.6125000000002
382.619,1289.1125000000002
382.679,1397.6125000000002
382.738,1389.1125000000002
382.798,1588.1125000000002
382.857,1687.1125000000002
382.916,1994.1125
382.976,2053.6125
383.035,1840.6125
383.094,1926.6125
383.154,2132.1125
383.213,2677.1125
383.272,2574.6125
383.331,2013.1125
383.391,1829.6125000000002
383.45,1717.1125000000002
383.509,1730.1125000000002
383.568,1779.6125
383.628,1893.6125
383.687,2067.1125
383.746,2538.6125
383.805,2976.1125
383.864,3033.6125
383.924,2177.6125
383.983,1774.1125000000002
384.042,1620.1125000000002
384.101,1547.6125000000002
384.16,1383.1125000000002
384.219,1378.6125000000002
384.279,1300.1125000000002
384.338,1345.1125000000002
384.397,1290.1125000000002
384.456,1260.1125000000002
384.515,1235.1125000000002
384.574,1198.6125000000002
384.633,1269.6125000000002
384.692,1216.1125000000002
384.751,1195.1125000000002
384.81,1190.6125000000002
384.869,1134.6125000000002
384.929,1206.1125000000002
384.988,1196.6125000000002
385.047,1167.6125000000002
385.106,1187.1125000000002
385.165,1218.1125000000002
385.224,1207.6125000000002
385.283,1134.6125000000002
385.342,1151.1125000000002
385.401,1196.6125000000002
385.459,1153.6125000000002
385.518,1209.1125000000002
385.577,1209.1125000000002
385.636,1177.6125000000002
385.695,1195.1125000000002
385.754,1164.6125000000002
385.813,1182.6125000000002
385.872,1202.1125000000002
385.931,1127.1125000000002
385.99,1143.6125000000002
386.049,1179.1125000000002
386.107,1195.6125000000002
386.166,1142.1125000000002
386.225,1173.6125000000002
386.284,1108.6125000000002
386.343,1181.6125000000002
386.402,1143.6125000000002
386.46,1139.1125000000002
386.519,1168.6125000000002
386.578,1185.1125000000002
386.637,1213.6125000000002
386.696,1117.6125000000002
386.754,1159.6125000000002
386.813,1169.6125000000002
386.872,1200.1125000000002
386.931,1184.6125000000002
386.989,1110.6125000000002
387.048,1123.1125000000002
387.107,1149.6125000000002
387.165,1150.6125000000002
387.224,1103.1125000000002
387.283,1179.6125000000002
387.342,1119.6125000000002
387.4,1131.1125000000002
387.459,1119.1125000000002
387.517,1126.1125000000002
387.576,1135.6125000000002
387.635,1182.1125000000002
387.693,1126.6125000000002
387.752,1199.1125000000002
387.811,1169.6125000000002
387.869,1098.1125000000002
387.928,1156.1125000000002
387.986,1153.6125000000002
388.045,1158.1125000000002
388.103,1140.6125000000002
388.162,1092.1125000000002
388.221,1169.6125000000002
388.279,1177.6125000000002
388.338,1116.6125000000002
388.396,1147.6125000000002
388.455,1152.6125000000002
388.513,1152.6125000000002
388.572,1072.6125000000002
388.63,1143.6125000000002
388.689,1069.6125000000002
388.747,1150.1125000000002
388.806,1119.1125000000002
388.864,1099.1125000000002
388.922,1146.6125000000002
388.981,1080.1125000000002
389.039,1193.1125000000002
389.098,1135.1125000000002
389.156,1156.1125000000002
389.214,1109.6125000000002
389.273,1124.6125000000002
389.331,1130.6125000000002
389.39,1163.1125000000002
389.448,1161.1125000000002
389.506,1152.1125000000002
389.565,1119.6125000000002
389.623,1119.1125000000002
389.681,1098.6125000000002
389.74,1139.6125000000002
389.798,1176.6125000000002
389.856,1101.6125000000002
389.914,1155.6125000000002
389.973,1093.6125000000002
390.031,1119.1125000000002
390.089,1149.1125000000002
390.147,1101.1125000000002
390.206,1111.1125000000002
390.264,1145.6125000000002
390.322,1147.6125000000002
390.38,1170.1125000000002
390.439,1078.6125000000002
390.497,1162.1125000000002
390.555,1089.1125000000002
390.613,1136.1125000000002
390.671,1184.1125000000002
390.729,1155.1125000000002
390.788,1192.1125000000002
390.846,1130.1125000000002
390.904,1143.6125000000002
390.962,1151.1125000000002
391.02,1098.6125000000002
391.078,1130.1125000000002
391.136,1127.6125000000002
391.194,1166.6125000000002
391.253,1187.6125000000002
391.311,1159.1125000000002
391.369,1100.1125000000002
391.427,1197.1125000000002
391.485,1166.6125000000002
391.543,1140.1125000000002
391.601,1221.1125000000002
391.659,1146.6125000000002
391.717,1117.6125000000002
391.775,1172.1125000000002
391.833,1194.6125000000002
391.891,1206.1125000000002
391.949,1156.6125000000002
392.007,1165.6125000000002
392.065,1173.6125000000002
392.123,1172.6125000000002
392.18,1163.1125000000002
392.238,1156.6125000000002
392.296,1196.1125000000002
392.354,1132.1125000000002
392.412,1200.1125000000002
392.47,1220.6125000000002
392.528,1217.1125000000002
392.586,1180.1125000000002
392.644,1186.1125000000002
392.701,1174.1125000000002
392.759,1197.1125000000002
392.817,1228.6125000000002
392.875,1216.6125000000002
392.933,1208.6125000000002
392.991,1165.1125000000002
393.048,1179.6125000000002
393.106,1166.6125000000002
393.164,1211.1125000000002
393.222,1204.1125000000002
393.279,1271.6125000000002
393.337,1328.1125000000002
393.395,1370.6125000000002
393.453,1265.1125000000002
393.51,1199.6125000000002
393.568,1242.1125000000002
393.626,1239.6125000000002
393.684,1195.1125000000002
393.741,1224.1125000000002
393.799,1218.6125000000002
393.857,1239.6125000000002
393.914,1194.1125000000002
393.972,1231.6125000000002
394.03,1189.6125000000002
394.087,1198.1125000000002
394.145,1228.1125000000002
394.202,1202.1125000000002
394.26,1211.1125000000002
394.318,1215.6125000000002
394.375,1208.6125000000002
394.433,1265.6125000000002
394.49,1235.1125000000002
394.548,1247.6125000000002
394.605,1268.6125000000002
394.663,1246.1125000000002
394.72,1258.1125000000002
394.778,1301.1125000000002
394.836,1258.1125000000002
394.893,1270.1125000000002
394.951,1270.1125000000002
395.008,1230.6125000000002
395.065,1287.6125000000002
395.123,1285.1125000000002
395.18,1277.6125000000002
395.238,1373.6125000000002
395.295,1328.6125000000002
395.353,1328.6125000000002
395.41,1259.1125000000002
395.468,1273.1125000000002
395.525,1327.6125000000002
395.582,1279.1125000000002
395.64,1257.1125000000002
395.697,1313.1125000000002
395.754,1300.1125000000002
395.812,1301.6125000000002
395.869,1333.6125000000002
395.927,1263.6125000000002
395.984,1307.1125000000002
396.041,1272.1125000000002
396.098,1341.6125000000002
396.156,1308.6125000000002
396.213,1275.6125000000002
396.27,1366.1125000000002
396.328,1394.1125000000002
396.385,1370.6125000000002
396.442,1377.6125000000002
396.499,1368.6125000000002
396.557,1308.1125000000002
396.614,1365.6125000000002
396.671,1351.1125000000002
396.728,1352.1125000000002
396.785,1373.6125000000002
396.843,1402.6125000000002
396.9,1399.6125000000002
396.957,1364.1125000000002
397.014,1367.6125000000002
397.071,1367.1125000000002
397.128,1388.1125000000002
397.186,1361.1125000000002
397.243,1373.1125000000002
397.3,1299.1125000000002
397.357,1348.6125000000002
397.414,1399.1125000000002
397.471,1369.1125000000002
397.528,1372.1125000000002
397.585,1370.1125000000002
397.642,1403.6125000000002
397.699,1310.1125000000002
397.756,1378.1125000000002
397.814,1403.1125000000002
397.871,1376.6125000000002
397.928,1379.1125000000002
397.985,1394.6125000000002
398.042,1436.6125000000002
398.099,1389.1125000000002
398.156,1388.1125000000002
398.212,1419.1125000000002
398.269,1411.6125000000002
398.326,1413.1125000000002
398.383,1402.6125000000002
398.44,1396.1125000000002
398.497,1412.6125000000002
398.554,1437.6125000000002
398.611,1408.1125000000002
398.668,1429.6125000000002
398.725,1428.6125000000002
398.782,1449.1125000000002
398.839,1448.6125000000002
398.895,1391.1125000000002
398.952,1502.6125000000002
399.009,1494.6125000000002
399.066,1479.1125000000002
399.123,1496.1125000000002
399.18,1521.6125000000002
399.236,1537.1125000000002
399.293,1604.6125000000002
399.35,1540.6125000000002
399.407,1580.1125000000002
399.463,1598.1125000000002
399.52,1600.1125000000002
399.577,1670.6125000000002
399.634,1741.1125000000002
399.69,1667.1125000000002
399.747,1655.1125000000002
399.804,1623.6125000000002
399.861,1691.6125000000002
399.917,1647.6125000000002
399.974,1615.6125000000002
400.031,1629.6125000000002
400.087,1641.6125000000002
400.144,1623.1125000000002
400.201,1619.1125000000002
400.257,1596.6125000000002
400.314,1596.6125000000002
400.37,1566.1125000000002
400.427,1565.6125000000002
400.484,1457.6125000000002
400.54,1569.1125000000002
400.597,1529.6125000000002
400.653,1511.6125000000002
400.71,1523.1125000000002
400.766,1578.1125000000002
400.823,1525.1125000000002
400.879,1572.6125000000002
400.936,1540.6125000000002
400.993,1560.1125000000002
401.049,1600.1125000000002
401.105,1551.1125000000002
401.162,1545.1125000000002
401.218,1554.6125000000002
401.275,1526.6125000000002
401.331,1534.6125000000002
401.388,1532.1125000000002
401.444,1524.1125000000002
401.501,1505.6125000000002
401.557,1477.1125000000002
401.614,1614.6125000000002
401.67,1503.6125000000002
401.726,1563.6125000000002
401.783,1480.6125000000002
401.839,1574.6125000000002
401.895,1560.6125000000002
401.952,1610.6125000000002
402.008,1529.1125000000002
402.064,1546.1125000000002
402.121,1522.1125000000002
402.177,1537.1125000000002
402.233,1552.6125000000002
402.29,1521.1125000000002
402.346,1542.1125000000002
402.402,1551.6125000000002
402.458,1546.1125000000002
402.515,1632.1125000000002
402.571,1556.1125000000002
402.627,1570.1125000000002
402.683,1593.1125000000002
402.74,1561.6125000000002
402.796,1585.6125000000002
402.852,1633.1125000000002
402.908,1584.6125000000002
402.964,1619.1125000000002
403.021,1662.6125000000002
403.077,1565.6125000000002
403.133,1637.6125000000002
403.189,1634.6125000000002
403.245,1597.1125000000002
403.301,1665.1125000000002
403.357,1620.1125000000002
403.414,1627.6125000000002
403.47,1637.1125000000002
403.526,1647.6125000000002
403.582,1601.6125000000002
403.638,1683.6125000000002
403.694,1648.6125000000002
403.75,1644.6125000000002
403.806,1631.1125000000002
403.862,1613.6125000000002
403.918,1641.6125000000002
403.974,1617.1125000000002
404.03,1629.1125000000002
404.086,1642.6125000000002
404.142,1605.6125000000002
404.198,1586.1125000000002
404.254,1657.1125000000002
404.31,1587.6125000000002
404.366,1660.1125000000002
404.422,1718.6125000000002
404.478,1721.1125000000002
404.534,1664.1125000000002
404.59,1631.1125000000002
404.646,1729.1125000000002
404.701,1674.6125000000002
404.757,1623.1125000000002
404.813,1670.6125000000002
404.869,1687.1125000000002
404.925,1655.6125000000002
404.981,1723.6125000000002
405.037,1695.1125000000002
405.092,1643.6125000000002
405.148,1681.6125000000002
405.204,1686.6125000000002
405.26,1729.1125000000002
405.316,1707.6125000000002
405.371,1724.1125000000002
405.427,1718.6125000000002
405.483,1669.1125000000002
405.539,1704.6125000000002
405.594,1690.6125000000002
405.65,1730.1125000000002
405.706,1741.1125000000002
405.761,1626.6125000000002
405.817,1708.1125000000002
405.873,1710.6125000000002
405.928,1730.1125000000002
405.984,1677.6125000000002
406.04,1688.1125000000002
406.095,1755.1125000000002
406.151,1687.1125000000002
406.207,1759.6125000000002
406.262,1715.6125000000002
406.318,1776.6125000000002
406.374,1714.6125000000002
406.429,1713.1125000000002
406.485,1788.1125000000002
406.54,1808.6125000000002
406.596,1804.1125000000002
406.651,1824.1125000000002
406.707,1800.1125000000002
406.763,1849.1125000000002
406.818,1854.6125000000002
406.874,1872.6125000000002
406.929,1868.1125
406.985,1880.6125000000002
407.04,1843.6125000000002
407.095,1851.1125000000002
407.151,1882.1125
407.206,1928.1125
407.262,1992.1125
407.317,1928.6125
407.373,1891.1125
407.428,1840.1125000000002
407.484,1973.1125
407.539,1944.1125
407.594,1989.6125
407.65,1907.1125000000002
407.705,1993.1125
407.76,1944.6125
407.816,1952.6125
407.871,1955.6125
407.926,2006.1125
407.982,1944.6125
408.037,1877.1125
408.092,1911.1125
408.148,1908.6125000000002
408.203,1892.6125
408.258,1885.6125
408.314,1906.6125
408.369,1932.1125
408.424,1962.1125
408.479,1921.6125
408.534,1879.1125
408.59,1918.6125
408.645,1855.6125000000002
408.7,1892.1125
408.755,1913.6125
408.81,1914.1125
408.866,1831.6125000000002
408.921,1895.6125
408.976,1897.6125000000002
409.031,1900.1125
409.086,1907.1125000000002
409.141,1904.1125
409.196,1916.6125
409.252,1897.1125
409.307,1852.6125000000002
409.362,1884.6125000000002
409.417,1894.1125000000002
409.472,1810.1125000000002
409.527,1922.6125
409.582,1925.1125
409.637,1865.1125000000002
409.692,1837.6125
409.747,1830.6125000000002
409.802,1885.1125
409.857,1920.6125000000002
409.912,1917.6125
409.967,1881.6125
410.022,1896.1125000000002
410.077,1838.1125
410.132,1916.6125
410.187,1914.1125
410.242,1886.1125000000002
410.297,1860.1125
410.351,1832.1125000000002
410.406,1892.1125
410.461,1799.6125000000002
410.516,1831.1125000000002
410.571,1926.6125000000002
410.626,1899.6125
410.681,1911.1125
410.736,1878.6125
410.79,1845.6125000000002
410.845,1884.6125000000002
410.9,1871.6125
410.955,1846.1125
411.01,1905.6125
411.064,1889.6125
411.119,1849.6125000000002
411.174,1887.1125
411.229,1873.1125
411.283,1841.1125000000002
411.338,1915.6125000000002
411.393,1896.6125
411.447,1861.6125
411.502,1862.1125
411.557,1845.6125000000002
411.612,1865.6125000000002
411.666,1894.1125
411.721,1833.6125000000002
411.776,1852.1125
411.83,1902.6125
411.885,1877.6125
411.939,1848.6125
411.994,1900.6125
412.049,1896.1125
412.103,1947.6125
412.158,1873.1125
412.212,1901.6125
412.267,1856.6125
412.322,1862.1125000000002
412.376,1849.1125
412.431,1874.1125
412.485,1941.1125
412.54,1857.1125000000002
412.594,1839.1125000000002
412.649,1895.1125
412.703,1920.1125
412.758,1825.6125
412.812,1820.6125
412.866,1879.6125000000002
412.921,1830.6125000000002
412.975,1866.1125
413.03,1785.1125000000002
413.084,1888.6125000000002
413.139,1856.1125
413.193,1898.6125
413.247,1902.1125
413.302,1903.6125
413.356,1841.1125000000002
413.41,1881.1125
413.465,1909.6125
413.519,1842.6125
413.573,1822.1125000000002
413.628,1875.1125
413.682,1917.6125
413.736,1904.6125
413.791,1815.6125000000002
413.845,1794.6125000000002
413.899,1842.6125
413.953,1871.1125
414.008,1839.1125000000002
414.062,1790.1125000000002
414.116,1897.6125000000002
414.17,1838.1125
414.225,1883.1125
414.279,1882.6125
414.333,1897.6125
414.387,1844.1125
414.441,1847.1125000000002
414.496,1856.1125000000002
414.55,1888.1125
414.604,1892.6125
414.658,1856.6125000000002
414.712,1864.1125
414.766,1899.6125
414.82,1816.1125000000002
414.874,1843.6125
414.928,1904.1125
414.982,1852.1125000000002
415.037,1905.6125
415.091,1878.6125000000002
415.145,1820.1125000000002
415.199,1799.1125000000002
415.253,1847.1125000000002
415.307,1846.1125000000002
415.361,1829.6125
415.415,1824.6125
415.469,1875.6125
415.523,1860.1125
415.577,1827.6125000000002
415.631,1861.1125
415.684,1914.1125
415.738,1814.6125000000002
415.792,1864.1125
415.846,1911.1125
415.9,1812.6125000000002
415.954,1895.6125
416.008,1865.1125
416.062,1846.1125000000002
416.116,1797.1125000000002
416.169,1816.6125000000002
416.223,1808.6125000000002
416.277,1823.1125
416.331,1832.6125000000002
416.385,1878.1125000000002
416.439,1832.1125000000002
416.492,1778.6125000000002
416.546,1836.1125000000002
416.6,1774.1125000000002
416.654,1889.1125
416.707,1777.1125000000002
416.761,1809.6125000000002
416.815,1814.1125000000002
416.869,1840.6125000000002
416.922,1819.6125000000002
416.976,1786.6125000000002
417.03,1811.6125
417.083,1764.6125000000002
417.137,1802.1125000000002
417.191,1850.6125
417.244,1840.1125
417.298,1795.1125000000002
417.352,1805.1125000000002
417.405,1859.1125
417.459,1757.6125000000002
417.512,1768.6125000000002
417.566,1829.1125
417.62,1850.6125
417.673,1842.6125000000002
417.727,1812.6125000000002
417.78,1822.6125000000002
417.834,1775.1125000000002
417.887,1846.6125000000002
417.941,1868.1125
417.994,1818.6125000000002
418.048,1841.1125000000002
418.101,1830.6125000000002
418.155,1737.1125000000002
418.208,1737.6125
418.262,1853.6125
418.315,1821.1125
418.369,1797.6125
418.422,1882.1125
418.476,1842.6125000000002
418.529,1849.1125
418.582,1856.6125000000002
418.636,1873.1125
418.689,1841.1125
418.743,1837.6125
418.796,1867.6125000000002
418.849,1816.6125000000002
418.903,1827.1125
418.956,1824.6125000000002
419.009,1861.1125000000002
419.063,1822.6125000000002
419.116,1826.1125000000002
419.169,1874.1125
419.222,1828.1125000000002
419.276,1841.1125000000002
419.329,1852.1125000000002
419.382,1838.1125000000002
419.435,1773.6125000000002
419.489,1840.6125000000002
419.542,1754.6125000000002
419.595,1797.1125
419.648,1818.1125
419.701,1782.1125000000002
419.755,1797.1125000000002
419.808,1840.1125000000002
419.861,1818.6125000000002
419.914,1859.6125000000002
419.967,1776.1125000000002
420.02,1783.1125000000002
420.073,1827.1125000000002
420.127,1811.6125000000002
420.18,1823.1125000000002
420.233,1752.1125000000002
420.286,1743.1125000000002
420.339,1806.6125000000002
420.392,1741.1125000000002
420.445,1778.6125000000002
420.498,1770.6125000000002
420.551,1755.6125000000002
420.604,1747.1125000000002
420.657,1730.1125000000002
420.71,1736.1125000000002
420.763,1717.1125000000002
420.816,1734.1125000000002
420.869,1786.1125000000002
420.922,1759.6125000000002
420.975,1733.6125
421.028,1786.1125000000002
421.081,1704.1125000000002
421.134,1733.6125000000002
421.187,1677.1125000000002
421.239,1730.1125000000002
421.292,1742.1125000000002
421.345,1751.6125000000002
421.398,1711.6125000000002
421.451,1697.1125
421.504,1714.1125000000002
421.557,1698.6125000000002
421.609,1784.1125000000002
421.662,1736.6125000000002
421.715,1755.1125000000002
421.768,1810.1125000000002
421.821,1770.1125000000002
421.873,1760.1125000000002
421.926,1764.6125000000002
421.979,1770.6125000000002
422.032,1756.6125000000002
422.084,1735.1125000000002
422.137,1690.1125000000002
422.19,1700.6125000000002
422.243,1738.1125000000002
422.295,1666.6125000000002
422.348,1713.6125000000002
422.401,1684.6125000000002
422.453,1726.1125000000002
422.506,1699.1125000000002
422.559,1693.1125000000002
422.611,1685.6125000000002
422.664,1712.1125000000002
422.716,1713.6125000000002
422.769,1731.6125000000002
422.822,1679.1125000000002
422.874,1692.1125000000002
422.927,1701.6125
422.979,1677.1125000000002
423.032,1707.6125000000002
423.084,1706.1125000000002
423.137,1684.1125000000002
423.189,1670.1125000000002
423.242,1715.1125000000002
423.294,1698.1125000000002
423.347,1724.6125000000002
423.399,1709.6125000000002
423.452,1718.1125000000002
423.504,1651.6125000000002
423.557,1718.1125000000002
423.609,1742.1125000000002
423.662,1732.1125000000002
423.714,1677.1125000000002
423.766,1755.1125000000002
423.819,1709.6125000000002
423.871,1643.1125000000002
423.923,1630.6125000000002
423.976,1693.6125000000002
424.028,1584.1125000000002
424.081,1658.6125
424.133,1650.6125000000002
424.185,1649.1125000000002
424.238,1648.1125000000002
424.29,1652.6125
424.342,1621.1125000000002
424.394,1627.6125000000002
424.447,1613.6125000000002
424.499,1632.1125000000002
424.551,1660.1125000000002
424.603,1684.6125000000002
424.656,1623.6125000000002
424.708,1595.1125000000002
424.76,1629.6125000000002
424.812,1663.1125
424.864,1622.6125000000002
424.917,1639.6125000000002
424.969,1669.1125000000002
425.021,1645.6125000000002
425.073,1647.1125000000002
425.125,1628.6125000000002
425.177,1640.6125000000002
425.229,1602.6125
425.282,1611.6125
425.334,1564.6125
425.386,1581.1125000000002
425.438,1614.6125000000002
425.49,1597.6125000000002
425.542,1587.1125000000002
425.594,1609.6125000000002
425.646,1591.6125000000002
425.698,1625.1125000000002
425.75,1575.6125000000002
425.802,1611.1125000000002
425.854,1667.6125000000002
425.906,1579.6125000000002
425.958,1656.1125000000002
426.01,1602.1125000000002
426.062,1574.6125000000002
426.114,1610.6125000000002
426.166,1603.6125000000002
426.218,1570.1125000000002
426.27,1639.1125000000002
426.321,1605.6125000000002
426.373,1568.1125000000002
426.425,1519.6125
426.477,1566.6125000000002
426.529,1554.1125000000002
426.581,1573.6125000000002
426.633,1579.6125000000002
426.684,1559.6125000000002
426.736,1593.6125000000002
426.788,1570.6125000000002
426.84,1541.6125000000002
426.892,1554.6125000000002
426.943,1570.1125000000002
426.995,1560.1125000000002
427.047,1592.6125000000002
427.099,1587.6125000000002
427.15,1597.1125000000002
427.202,1523.6125000000002
427.254,1524.1125000000002
427.306,1553.1125000000002
427.357,1593.1125000000002
427.409,1557.1125000000002
427.461,1560.6125000000002
427.512,1557.6125000000002
427.564,1594.1125000000002
427.616,1607.6125000000002
427.667,1548.6125000000002
427.719,1506.6125000000002
427.77,1511.6125000000002
427.822,1504.1125000000002
427.874,1528.6125000000002
427.925,1561.6125000000002
427.977,1510.6125000000002
428.028,1545.6125000000002
428.08,1489.1125000000002
428.131,1498.1125000000002
428.183,1446.6125
428.234,1515.1125000000002
428.286,1478.6125000000002
428.337,1493.6125000000002
428.389,1489.1125000000002
428.44,1496.6125000000002
428.492,1532.1125000000002
428.543,1473.6125000000002
428.595,1491.1125000000002
428.646,1525.1125000000002
428.697,1513.6125000000002
428.749,1507.6125000000002
428.8,1563.6125000000002
428.852,1481.1125
428.903,1460.6125000000002
428.954,1490.1125000000002
429.006,1470.6125000000002
429.057,1462.6125000000002
429.108,1510.1125000000002
429.16,1493.6125000000002
429.211,1495.1125000000002
429.262,1492.1125000000002
429.314,1569.6125000000002
429.365,1467.6125000000002
429.416,1479.1125
429.467,1407.6125000000002
429.519,1488.6125000000002
429.57,1516.6125000000002
429.621,1489.1125000000002
429.672,1494.1125000000002
429.724,1439.1125000000002
429.775,1498.6125000000002
429.826,1526.6125000000002
429.877,1434.1125000000002
429.928,1481.1125000000002
429.98,1464.1125000000002
430.031,1493.6125000000002
430.082,1420.1125000000002
430.133,1530.1125000000002
430.184,1440.6125000000002
430.235,1482.6125000000002
430.286,1495.6125000000002
430.337,1558.1125000000002
430.388,1457.6125000000002
430.439,1454.6125000000002
430.49,1421.1125000000002
430.542,1438.6125000000002
430.593,1420.6125000000002
430.644,1453.6125000000002
430.695,1424.1125000000002
430.746,1465.1125000000002
430.797,1454.1125
430.848,1462.1125000000002
430.898,1480.1125000000002
430.949,1492.1125000000002
431.0,1407.6125000000002
431.051,1532.1125000000002
431.102,1476.1125000000002
431.153,1465.1125000000002
431.204,1517.6125000000002
431.255,1499.6125000000002
431.306,1535.6125000000002
431.357,1446.1125000000002
431.408,1414.1125000000002
431.458,1499.1125000000002
431.509,1435.6125000000002
431.56,1497.6125000000002
431.611,1491.6125000000002
431.662,1445.6125000000002
431.713,1488.6125000000002
431.763,1471.1125000000002
431.814,1465.1125000000002
431.865,1473.1125000000002
431.916,1450.1125000000002
431.966,1487.6125000000002
432.017,1435.6125
432.068,1494.6125000000002
432.118,1491.1125000000002
432.169,1472.6125000000002
432.22,1511.6125000000002
432.271,1418.1125000000002
432.321,1465.1125000000002
432.372,1472.1125000000002
432.423,1477.1125000000002
432.473,1431.1125000000002
432.524,1496.1125000000002
432.574,1399.1125000000002
432.625,1442.1125000000002
432.676,1505.1125000000002
432.726,1432.1125000000002
432.777,1450.6125000000002
432.827,1433.6125000000002
432.878,1460.1125000000002
432.928,1360.1125000000002
432.979,1448.1125000000002
433.029,1424.6125000000002
433.08,1435.1125000000002
433.13,1460.1125000000002
433.181,1488.1125000000002
433.231,1431.1125000000002
433.282,1449.6125000000002
433.332,1419.6125
433.383,1438.6125
433.433,1395.1125
433.484,1426.1125000000002
433.534,1366.6125
433.585,1449.6125000000002
433.635,1460.6125000000002
433.685,1448.6125000000002
433.736,1432.6125
433.786,1426.6125000000002
433.836,1394.6125
433.887,1429.1125000000002
433.937,1467.1125000000002
433.987,1458.6125000000002
434.038,1453.1125000000002
434.088,1482.1125000000002
434.138,1477.1125
434.189,1476.6125
434.239,1459.6125000000002
434.289,1421.1125
434.339,1494.6125000000002
434.389,1447.1125000000002
434.44,1428.1125000000002
434.49,1490.1125
434.54,1518.1125000000002
434.59,1414.1125000000002
434.64,1468.6125000000002
434.691,1513.1125000000002
434.741,1566.1125000000002
434.791,1480.6125
434.841,1505.6125
434.891,1512.6125
434.941,1486.6125
434.991,1524.1125
435.042,1520.1125
435.092,1434.6125
435.142,1488.6125000000002
435.192,1462.6125000000002
435.242,1433.1125000000002
435.292,1504.1125000000002
435.342,1438.1125000000002
435.392,1451.6125000000002
435.442,1430.6125000000002
435.492,1431.1125000000002
435.542,1413.6125000000002
435.592,1426.1125000000002
435.642,1425.6125000000002
435.692,1352.6125000000002
435.742,1388.1125000000002
435.792,1490.6125000000002
435.842,1391.6125000000002
435.891,1406.6125000000002
435.941,1360.1125000000002
435.991,1385.1125
436.041,1408.6125000000002
436.091,1421.1125000000002
436.141,1407.1125000000002
436.191,1408.6125000000002
436.241,1402.1125000000002
436.29,1431.1125000000002
436.34,1410.1125000000002
436.39,1448.1125000000002
436.44,1419.1125000000002
436.49,1323.1125000000002
436.539,1339.1125000000002
436.589,1419.6125000000002
436.639,1380.6125000000002
436.689,1369.1125000000002
436.738,1366.1125000000002
436.788,1395.6125000000002
436.838,1402.6125000000002
436.887,1383.6125000000002
436.937,1337.6125000000002
436.987,1433.1125000000002
437.036,1357.1125000000002
437.086,1335.1125000000002
437.136,1406.6125000000002
437.185,1370.6125000000002
437.235,1406.6125000000002
437.285,1384.6125000000002
437.334,1345.6125000000002
437.384,1346.6125000000002
437.433,1352.1125000000002
437.483,1376.6125000000002
437.532,1353.6125
437.582,1407.6125000000002
437.631,1324.6125000000002
437.681,1358.1125000000002
437.73,1350.1125
437.78,1326.6125000000002
437.829,1397.1125000000002
437.879,1307.6125000000002
437.928,1319.1125000000002
437.978,1332.1125000000002
438.027,1386.6125000000002
438.077,1363.1125000000002
438.126,1327.1125
438.176,1345.1125000000002
438.225,1358.1125000000002
438.274,1320.1125000000002
438.324,1323.1125000000002
438.373,1296.6125000000002
438.422,1381.6125000000002
438.472,1300.6125000000002
438.521,1338.1125000000002
438.57,1327.6125000000002
438.62,1363.6125000000002
438.669,1343.1125000000002
438.718,1312.6125000000002
438.768,1316.1125000000002
438.817,1317.1125000000002
438.866,1376.6125000000002
438.915,1366.6125
438.965,1274.1125000000002
439.014,1347.1125000000002
439.063,1330.6125
439.112,1321.6125000000002
439.162,1382.6125000000002
439.211,1336.6125000000002
439.26,1368.1125000000002
439.309,1322.6125000000002
439.358,1371.6125000000002
439.407,1359.6125000000002
439.456,1337.1125000000002
439.506,1310.1125000000002
439.555,1305.1125
439.604,1365.1125000000002
439.653,1356.6125000000002
439.702,1345.6125000000002
439.751,1383.6125000000002
439.8,1337.6125000000002
439.849,1332.1125000000002
439.898,1333.6125000000002
439.947,1416.6125000000002
439.996,1319.1125000000002
440.045,1330.6125000000002
440.094,1360.1125000000002
440.143,1318.6125000000002
440.192,1329.1125000000002
440.241,1365.1125000000002
440.29,1338.6125000000002
440.339,1341.1125000000002
440.388,1342.6125000000002
440.437,1355.6125000000002
440.486,1332.1125000000002
440.535,1274.1125
440.583,1397.1125000000002
440.632,1395.1125000000002
440.681,1337.6125000000002
440.73,1369.1125000000002
440.779,1345.1125000000002
440.828,1342.1125000000002
440.876,1399.6125000000002
440.925,1372.1125000000002
440.974,1348.6125000000002
441.023,1411.6125000000002
441.072,1421.6125000000002
441.12,1411.6125000000002
441.169,1444.1125000000002
441.218,1379.1125000000002
441.267,1412.1125000000002
441.315,1458.6125000000002
441.364,1402.6125000000002
441.413,1385.6125000000002
441.461,1434.1125000000002
441.51,1393.6125
441.559,1436.6125000000002
441.607,1437.1125000000002
441.656,1397.1125000000002
441.705,1527.6125000000002
441.753,1458.1125
441.802,1447.6125
441.85,1426.6125000000002
441.899,1460.1125000000002
441.948,1382.1125000000002
441.996,1365.6125000000002
442.045,1383.1125000000002
442.093,1454.6125000000002
442.142,1467.1125000000002
442.19,1397.6125000000002
442.239,1438.1125000000002
442.287,1454.1125000000002
442.336,1387.1125
442.384,1351.1125000000002
442.433,1451.1125
442.481,1392.1125000000002
442.529,1347.1125
442.578,1439.6125000000002
442.626,1397.6125000000002
442.675,1418.6125
442.723,1415.1125000000002
442.771,1429.6125000000002
442.82,1445.6125000000002
442.868,1347.1125000000002
442.917,1373.6125000000002
442.965,1376.6125
443.013,1376.1125
443.062,1419.6125
443.11,1427.6125000000002
443.158,1465.1125000000002
443.206,1410.1125000000002
443.255,1401.1125
443.303,1399.1125
443.351,1402.6125
443.399,1419.1125000000002
443.448,1445.6125000000002
443.496,1407.6125000000002
443.544,1430.6125000000002
443.592,1464.6125000000002
443.64,1475.1125000000002
443.689,1485.1125000000002
443.737,1472.1125000000002
443.785,1477.1125
443.833,1468.6125
443.881,1465.6125000000002
443.929,1414.6125000000002
443.977,1430.6125
444.025,1447.6125000000002
444.074,1469.6125000000002
444.122,1496.6125
444.17,1491.6125000000002
444.218,1499.6125000000002
444.266,1505.1125
444.314,1542.1125
444.362,1548.6125000000002
444.41,1491.1125000000002
444.458,1521.6125
444.506,1538.1125
444.554,1509.6125000000002
444.602,1576.1125000000002
444.65,1545.6125
444.698,1526.1125000000002
444.746,1530.1125000000002
444.793,1470.1125000000002
444.841,1540.6125
444.889,1552.1125000000002
444.937,1520.1125000000002
444.985,1511.1125000000002
445.033,1518.6125000000002
445.081,1602.6125000000002
445.129,1523.6125000000002
445.176,1564.6125000000002
445.224,1558.6125000000002
445.272,1504.6125000000002
445.32,1519.1125000000002
445.368,1579.1125000000002
445.415,1503.6125000000002
445.463,1457.6125000000002
445.511,1498.1125000000002
445.559,1560.1125000000002
445.606,1565.1125000000002
445.654,1544.1125000000002
445.702,1575.1125000000002
445.749,1542.1125000000002
445.797,1540.6125000000002
445.845,1549.1125000000002
445.892,1522.1125000000002
445.94,1574.6125000000002
445.988,1549.6125000000002
446.035,1557.1125000000002
446.083,1540.1125000000002
446.13,1541.1125000000002
446.178,1534.1125000000002
446.226,1604.6125000000002
446.273,1552.6125000000002
446.321,1593.6125000000002
446.368,1520.1125000000002
446.416,1577.1125000000002
446.463,1593.6125000000002
446.511,1607.1125000000002
446.558,1636.6125000000002
446.606,1587.1125000000002
446.653,1645.1125000000002
446.701,1606.6125000000002
446.748,1647.6125000000002
446.796,1676.6125000000002
446.843,1666.1125
446.891,1650.6125000000002
446.938,1681.6125000000002
446.985,1656.6125000000002
447.033,1669.1125000000002
447.08,1669.6125
447.128,1730.1125000000002
447.175,1725.1125
447.222,1781.6125000000002
447.27,1751.1125
447.317,1750.1125000000002
447.364,1673.1125000000002
447.411,1769.1125
447.459,1730.1125
447.506,1804.6125000000002
447.553,1855.6125
447.601,1826.1125
447.648,1858.1125
447.695,1858.6125
447.742,1908.6125
447.789,1982.1125
447.837,2010.1125
447.884,1984.1125
447.931,2041.6125
447.978,2103.6125
448.025,2090.1125
448.072,2163.1125
448.12,2092.6125
448.167,2122.1125
448.214,2094.6125
448.261,2074.6125
448.308,1920.6125
448.355,1961.6125
448.402,1934.1125
448.449,1880.6125
448.496,1906.6125
448.543,1927.1125
448.59,1776.1125
448.637,1848.6125
448.684,1732.1125000000002
448.731,1767.6125000000002
448.778,1761.1125
448.825,1684.6125
448.872,1656.1125000000002
448.919,1721.1125000000002
448.966,1673.1125
449.013,1617.1125
449.06,1716.6125000000002
449.107,1630.1125000000002
449.154,1603.6125000000002
449.2,1581.6125000000002
449.247,1591.1125000000002
449.294,1606.6125000000002
449.341,1541.1125000000002
449.388,1537.6125000000002
449.435,1618.1125000000002
449.481,1490.6125
449.528,1511.6125
449.575,1493.6125000000002
449.622,1528.1125000000002
449.668,1542.6125000000002
449.715,1484.6125
449.762,1489.1125000000002
449.809,1501.1125
449.855,1562.1125000000002
449.902,1515.1125000000002
449.949,1500.6125000000002
449.995,1513.1125
450.042,1411.6125
450.089,1499.1125
450.135,1446.6125
450.182,1451.1125000000002
450.229,1477.6125000000002
450.275,1445.6125
450.322,1429.6125
450.368,1431.1125
450.415,1442.1125
450.462,1399.1125
450.508,1432.1125000000002
450.555,1420.6125
450.601,1375.1125
450.648,1433.1125000000002
450.694,1407.6125
450.741,1395.6125
450.787,1367.6125
450.834,1469.1125000000002
450.88,1401.1125
450.927,1418.6125000000002
450.973,1379.1125
451.019,1363.6125000000002
451.066,1400.1125
451.112,1331.1125000000002
451.159,1332.1125
451.205,1336.1125
451.251,1393.1125
451.298,1311.6125
451.344,1376.1125000000002
451.39,1375.1125
451.437,1299.1125
451.483,1342.1125
451.529,1349.6125000000002
451.576,1276.1125
451.622,1343.6125000000002
451.668,1383.6125000000002
451.714,1321.6125
451.761,1359.1125
451.807,1274.1125
451.853,1324.1125
451.899,1331.1125000000002
451.945,1339.6125
451.992,1376.6125000000002
452.038,1326.1125
452.084,1286.1125
452.13,1352.6125
452.176,1333.1125000000002
452.222,1295.6125000000002
452.268,1271.6125
452.315,1314.1125
452.361,1344.6125000000002
452.407,1284.6125
452.453,1313.1125
452.499,1350.6125000000002
452.545,1270.1125000000002
452.591,1307.6125
452.637,1314.1125000000002
452.683,1270.6125000000002
452.729,1339.1125
452.775,1281.1125
452.821,1295.1125000000002
452.867,1293.1125000000002
452.913,1284.6125
452.959,1325.1125000000002
453.005,1312.1125000000002
453.051,1304.6125
453.097,1275.1125
453.142,1258.6125000000002
453.188,1235.6125
453.234,1236.1125000000002
453.28,1299.6125000000002
453.326,1260.6125
453.372,1253.6125000000002
453.418,1287.6125000000002
453.463,1313.6125000000002
453.509,1258.6125
453.555,1242.1125000000002
453.601,1254.1125000000002
453.647,1236.1125
453.692,1280.1125000000002
453.738,1298.1125000000002
453.784,1293.6125000000002
453.829,1297.1125000000002
453.875,1267.6125
453.921,1285.1125000000002
453.967,1258.6125000000002
454.012,1287.6125000000002
454.058,1258.6125000000002
454.104,1325.6125000000002
454.149,1270.1125000000002
454.195,1221.6125000000002
454.24,1284.6125000000002
454.286,1263.6125000000002
454.332,1217.6125
454.377,1208.1125000000002
454.423,1252.6125000000002
454.468,1265.6125000000002
454.514,1273.6125000000002
454.559,1250.1125000000002
454.605,1323.1125000000002
454.65,1246.1125
454.696,1268.6125000000002
454.741,1253.6125
454.787,1265.1125
454.832,1232.6125000000002
454.878,1270.1125000000002
454.923,1234.1125
454.969,1217.1125
455.014,1248.6125
455.06,1256.1125000000002
455.105,1271.6125000000002
455.15,1275.1125
455.196,1247.6125
455.241,1225.6125
455.286,1232.1125
455.332,1236.6125000000002
455.377,1295.1125000000002
455.422,1241.6125
455.468,1242.6125
455.513,1300.1125000000002
455.558,1238.1125000000002
455.604,1219.1125
455.649,1248.1125000000002
455.694,1260.1125000000002
455.739,1243.1125000000002
455.785,1277.6125
455.83,1196.6125
455.875,1296.1125000000002
455.92,1303.6125000000002
455.965,1228.1125
456.01,1229.1125
456.056,1197.6125
456.101,1229.1125000000002
456.146,1226.1125
456.191,1301.1125000000002
456.236,1200.6125000000002
456.281,1252.6125000000002
456.326,1237.6125000000002
456.371,1224.1125
456.416,1230.1125
456.461,1252.6125000000002
456.507,1285.6125000000002
456.552,1254.1125
456.597,1281.1125000000002
456.642,1240.6125000000002
456.687,1210.6125000000002
456.732,1304.6125
456.776,1263.1125000000002
456.821,1209.1125
456.866,1255.6125000000002
456.911,1258.6125000000002
456.956,1289.1125000000002
457.001,1245.6125
457.046,1252.6125000000002
457.091,1239.6125000000002
457.136,1251.6125000000002
457.181,1233.1125000000002
457.225,1286.1125000000002
457.27,1255.1125000000002
457.315,1230.1125
457.36,1213.1125000000002
457.405,1293.1125000000002
457.45,1283.6125000000002
457.494,1265.1125000000002
457.539,1303.6125000000002
457.584,1263.1125000000002
457.629,1275.6125000000002
457.673,1276.1125000000002
457.718,1309.1125000000002
457.763,1253.1125
457.807,1235.1125000000002
457.852,1229.6125
457.897,1301.1125000000002
457.941,1299.6125
457.986,1292.6125
458.031,1336.6125000000002
458.075,1308.1125000000002
458.12,1262.6125
458.165,1312.1125000000002
458.209,1323.1125000000002
458.254,1308.1125000000002
458.298,1256.6125
458.343,1316.6125000000002
458.387,1305.6125
458.432,1339.1125000000002
458.476,1287.6125000000002
458.521,1277.1125
458.565,1344.1125
458.61,1364.1125000000002
458.654,1316.1125
458.699,1304.6125
458.743,1348.1125000000002
458.788,1331.6125
458.832,1290.1125
458.877,1320.6125000000002
458.921,1331.1125000000002
458.965,1303.6125
459.01,1368.1125
459.054,1294.1125
459.099,1376.6125000000002
459.143,1349.1125
459.187,1361.6125
459.231,1336.1125
459.276,1391.1125000000002
459.32,1366.1125
459.364,1346.1125
459.409,1374.1125000000002
459.453,1421.6125000000002
459.497,1403.1125
459.541,1388.6125
459.586,1378.1125000000002
459.63,1377.6125
459.674,1374.1125
459.718,1390.6125000000002
459.762,1379.1125
459.807,1386.1125
459.851,1454.1125000000002
459.895,1422.1125000000002
459.939,1443.1125000000002
459.983,1428.1125000000002
460.027,1406.6125000000002
460.071,1415.6125
460.115,1415.6125
460.159,1437.1125
460.204,1436.1125
460.248,1438.6125
460.292,1435.1125
460.336,1445.6125000000002
460.38,1437.6125
460.424,1431.1125000000002
460.468,1457.6125
460.512,1433.1125
460.556,1423.1125
460.599,1470.1125000000002
460.643,1421.1125
460.687,1470.1125
460.731,1416.1125000000002
460.775,1396.6125
460.819,1458.1125
460.863,1461.6125
460.907,1479.6125000000002
460.951,1389.6125
460.995,1443.1125
461.038,1500.1125000000002
461.082,1435.1125000000002
461.126,1436.1125
461.17,1435.1125000000002
461.214,1415.6125
461.257,1488.6125
461.301,1462.1125
461.345,1477.6125
461.389,1450.6125000000002
461.432,1416.6125
461.476,1396.1125
461.52,1422.6125
461.563,1449.1125
461.607,1500.6125000000002
461.651,1451.6125
461.694,1463.6125000000002
461.738,1401.1125
461.782,1419.6125000000002
461.825,1395.1125
461.869,1477.6125
461.913,1456.1125000000002
461.956,1468.1125000000002
462.0,1459.1125
462.043,1551.1125
462.087,1462.6125
462.13,1530.6125
462.174,1530.1125
462.217,1480.1125
462.261,1522.6125
462.304,1554.6125000000002
462.348,1520.6125
462.391,1557.1125000000002
462.435,1565.1125
462.478,1572.6125000000002
462.522,1508.1125000000002
462.565,1498.1125
462.608,1549.6125
462.652,1589.1125
462.695,1551.1125
462.739,1552.6125
462.782,1565.1125
462.825,1530.1125
462.869,1536.1125
462.912,1580.6125
462.955,1614.1125
462.998,1652.6125
463.042,1553.1125
463.085,1582.1125
463.128,1600.6125
463.172,1537.1125
453.18,1752.925
453.319,1796.425
453.458,1808.925
453.596,1806.925
453.735,1846.925
453.873,1811.925
454.012,1866.925
454.15,1882.425
454.289,1954.925
454.427,1913.925
454.566,1954.925
454.704,1900.925
454.843,1971.925
454.981,1953.425
455.12,1982.925
455.258,2049.425
455.397,2052.425
455.535,2033.425
455.674,2102.425
455.812,2125.925
455.951,2099.925
456.089,2151.425
456.227,2139.425
456.366,2123.425
456.504,2210.425
456.642,2204.425
456.781,2182.925
456.919,2282.425
457.057,2353.425
457.196,2442.925
457.334,2368.425
457.472,2406.425
457.61,2488.925
457.749,2440.425
457.887,2524.425
458.025,2574.925
458.163,2583.425
458.301,2654.925
458.44,2670.425
458.578,2687.925
458.716,2752.425
458.854,2756.925
458.992,2786.925
459.13,2844.425
459.269,2884.925
459.407,2913.925
459.545,2926.425
459.683,2962.425
459.821,3084.925
459.959,3003.425
460.097,3072.425
460.235,3117.425
460.373,3071.425
460.511,3130.425
460.649,3233.425
460.787,3133.425
460.925,3285.425
461.063,3272.425
461.201,3200.425
461.339,3236.925
461.477,3281.925
461.615,3317.925
461.753,3388.925
461.891,3371.925
462.029,3432.425
462.166,3613.425
462.304,3538.425
462.442,3591.425
462.58,3627.425
462.718,3641.925
462.856,3586.425
462.993,3664.425
463.131,3695.425
463.269,3658.925
463.407,3575.425
463.545,3433.425
463.682,3551.425
463.82,3765.425
463.958,3894.425
464.095,3962.425
464.233,3890.425
464.371,3847.925
464.509,3951.925
464.646,3907.925
464.784,3861.425
464.921,3775.425
465.059,3748.925
465.197,3737.925
465.334,3583.925
465.472,3534.425
465.609,3535.425
465.747,3443.925
465.885,3396.425
466.022,3424.425
466.16,3380.925
466.297,3391.925
466.435,3328.425
466.572,3395.425
466.71,3294.925
466.847,3295.425
466.985,3340.425
467.122,3366.425
467.26,3260.425
467.397,3325.925
467.534,3347.925
467.672,3364.925
467.809,3301.925
467.947,3317.925
468.084,3275.425
468.221,3279.925
468.359,3297.925
468.496,3300.925
468.633,3276.925
468.771,3318.425
468.908,3297.425
469.045,3262.425
469.183,3378.425
469.32,3381.925
469.457,3471.425
469.594,3454.925
469.732,3458.425
469.869,3562.425
470.006,3564.425
470.143,3500.925
470.28,3664.425
470.417,3660.925
470.555,3655.925
470.692,3566.925
470.829,3558.425
470.966,3558.425
471.103,3513.925
471.24,3525.425
471.377,3537.425
471.514,3481.925
471.651,3505.425
471.789,3471.925
471.926,3504.925
472.063,3408.925
472.2,3497.425
472.337,3451.925
472.474,3428.425
472.611,3381.925
472.748,3392.925
472.884,3386.425
473.021,3417.925
473.158,3403.925
473.295,3369.425
473.432,3365.925
473.569,3463.425
473.706,3449.925
473.843,3378.925
473.98,3345.925
474.117,3396.425
474.253,3390.425
474.39,3370.425
474.527,3465.425
474.664,3395.425
474.801,3363.925
474.937,3403.425
475.074,3415.925
475.211,3450.925
475.348,3473.425
475.484,3514.925
475.621,3438.925
475.758,3448.425
475.894,3425.425
476.031,3503.425
476.168,3452.425
476.304,3508.425
476.441,3533.425
476.578,3508.925
476.714,3522.925
476.851,3547.425
476.987,3544.925
477.124,3606.925
477.261,3656.925
477.397,3663.925
477.534,3650.425
477.67,3756.425
477.807,3725.925
477.943,3763.425
478.08,3740.925
478.216,3751.425
478.353,3803.425
478.489,3840.425
478.626,3787.425
478.762,3928.425
478.898,3948.925
479.035,3926.925
479.171,3883.425
479.308,3878.425
479.444,3931.425
479.58,3891.925
479.717,3923.925
479.853,3899.425
479.989,3955.425
480.126,3950.425
480.262,3999.925
480.398,4004.425
480.535,4081.925
480.671,3971.925
480.807,4019.425
480.943,4044.425
481.08,3973.925
481.216,3896.925
481.352,3857.425
481.488,3921.925
481.624,3839.425
481.76,3812.425
481.897,3849.925
482.033,3858.925
482.169,3870.425
482.305,3903.925
482.441,3864.925
482.577,3901.925
482.713,3920.925
482.849,3901.425
482.985,3877.925
483.121,3929.925
483.258,3862.925
483.394,3864.425
483.53,3977.925
483.665,3894.425
483.801,3878.425
483.937,3963.925
484.073,3922.425
484.209,3960.925
484.345,3962.425
484.481,3987.425
484.617,4003.925
484.753,4122.425
484.889,4070.425
485.025,4013.925
485.161,4001.425
485.296,4077.425
485.432,3987.425
485.568,4147.925
485.704,4027.425
485.84,4151.925
485.975,4015.425
486.111,4019.425
486.247,4055.925
486.383,4148.925
486.518,4082.425
486.654,4042.925
486.79,4061.425
486.926,4115.425
487.061,4029.425
487.197,4105.925
487.333,4020.925
487.468,4048.425
487.604,4049.425
487.74,3953.425
487.875,4028.425
488.011,4028.425
488.146,3970.425
488.282,3966.425
488.417,4009.925
488.553,3969.925
488.688,3993.425
488.824,4033.925
488.96,4127.925
489.095,4073.425
489.23,4072.425
489.366,4048.925
489.501,4080.425
489.637,4082.425
489.772,4042.925
489.908,4080.425
490.043,4026.925
490.178,4023.925
490.314,4094.925
490.449,4030.425
490.585,4052.925
490.72,3996.925
490.855,4013.425
490.991,3984.425
491.126,4000.425
491.261,4047.425
491.396,4017.925
491.532,3972.925
491.667,4022.425
491.802,4005.425
491.937,3975.425
492.073,4109.425
492.208,4089.925
492.343,4119.425
492.478,3998.425
492.613,4129.425
492.749,4021.425
492.884,4097.425
493.019,4031.925
493.154,4137.425
493.289,4050.925
493.424,4052.925
493.559,4071.425
493.694,4071.425
493.829,4098.425
493.964,4143.925
494.099,4157.925
494.234,4047.425
494.369,4022.925
494.504,4091.925
494.639,3964.425
494.774,4085.925
494.909,4014.925
495.044,4052.425
495.179,3995.925
495.314,4017.425
495.449,4108.425
495.584,4004.925
495.719,4037.425
495.854,4060.425
495.988,4030.925
496.123,4091.425
496.258,4123.925
496.393,4179.425
496.528,4247.425
496.663,4186.925
496.797,4264.925
496.932,4186.925
497.067,4301.925
497.202,4358.425
497.336,4336.425
497.471,4480.425
497.606,4428.425
497.74,4476.425
497.875,4560.425
498.01,4727.425
498.144,4725.425
498.279,4857.925
498.414,4851.425
498.548,4925.425
498.683,5113.425
498.817,5149.425
498.952,5323.425
499.087,5429.425
499.221,5547.925
499.356,5745.925
499.49,5875.425
499.625,6089.425
499.759,6269.925
499.894,6490.925
500.028,6767.425
500.162,6814.925
500.297,7039.925
500.431,7037.925
500.566,7167.425
500.7,7035.425
500.835,6787.425
500.969,6584.425
501.103,6416.425
501.238,6178.925
501.372,6055.425
501.506,5795.425
501.641,5447.925
501.775,5401.425
501.909,5225.425
502.043,5205.425
502.178,5025.925
502.312,4903.925
502.446,4827.425
502.58,4798.925
502.715,4718.425
502.849,4485.925
502.983,4535.425
503.117,4452.425
503.251,4424.425
503.385,4326.925
503.52,4203.925
503.654,4157.925
503.788,4040.925
503.922,4132.425
504.056,4070.425
504.19,4059.925
504.324,4074.425
504.458,4044.425
504.592,4008.425
504.726,3965.425
504.86,3817.425
504.994,3901.925
505.128,3839.925
505.262,3754.925
505.396,3635.425
505.53,3615.425
505.664,3615.925
505.798,3526.925
505.932,3488.925
506.066,3455.425
506.199,3442.925
506.333,3330.925
506.467,3446.925
506.601,3410.925
506.735,3299.425
506.869,3274.925
507.002,3312.925
507.136,3295.425
507.27,3311.425
507.404,3241.425
507.537,3202.925
507.671,3174.425
507.805,3150.425
507.939,3176.925
508.072,3168.925
508.206,3112.925
508.34,3076.925
508.473,3114.925
508.607,3140.425
508.74,3125.925
508.874,3081.925
509.008,3010.925
509.141,3086.425
509.275,3043.425
509.408,3013.925
509.542,2996.425
509.675,3040.925
509.809,2959.425
509.942,2961.425
510.076,2927.425
510.209,2954.925
510.343,2985.925
510.476,2961.925
510.61,2906.425
510.743,2928.425
510.877,2932.425
511.01,2908.925
511.143,2854.925
511.277,2926.425
511.41,2993.425
511.543,2965.925
511.677,2905.425
511.81,2913.425
511.943,2941.925
512.077,2871.925
512.21,2919.925
512.343,2949.425
512.476,2875.425
512.61,2858.925
512.743,2859.925
512.876,2908.425
513.009,2853.925
513.142,2858.925
513.276,2867.925
513.409,2922.925
513.542,2826.925
513.675,2828.925
513.808,2819.925
513.941,2820.925
514.074,2883.925
514.207,2887.425
514.34,2978.925
514.474,2905.425
514.607,2892.425
514.74,2829.425
514.873,2848.425
515.006,2970.925
515.139,2930.925
515.272,2938.925
515.404,2981.925
515.537,3009.425
515.67,2982.925
515.803,3038.425
515.936,3065.425
516.069,3045.425
516.202,3111.925
516.335,3184.425
516.468,3356.425
516.6,4006.425
516.733,5066.425
516.866,4926.425
516.999,4414.425
517.132,5533.925
517.264,8002.425
517.397,7568.925
517.53,5428.425
517.663,4471.925
517.795,4204.425
517.928,4087.925
518.061,4171.925
518.193,5624.925
518.326,9325.425
518.459,9663.925
518.591,6890.425
518.724,5055.925
518.857,4373.425
518.989,3985.925
519.122,3671.925
519.254,3506.425
519.387,3414.425
519.519,3244.925
519.652,3253.425
519.784,3193.425
519.917,2983.425
520.049,3002.925
520.182,2939.425
520.314,2935.925
520.447,3004.925
520.579,2885.925
520.712,2921.925
520.844,2864.925
520.976,2826.425
521.109,2801.925
521.241,2754.925
521.373,2715.425
521.506,2738.925
521.638,2688.925
521.77,2651.925
521.903,2669.925
522.035,2545.425
522.167,2632.425
522.3,2636.925
522.432,2673.425
522.564,2630.425
522.696,2592.425
522.828,2570.925
522.961,2542.925
523.093,2539.425
523.225,2531.925
523.357,2499.425
523.489,2531.925
523.621,2467.425
523.753,2520.425
523.885,2453.925
524.018,2520.425
524.15,2420.425
524.282,2540.425
524.414,2487.425
524.546,2401.425
524.678,2409.925
524.81,2411.425
524.942,2456.925
525.074,2455.925
525.206,2367.425
525.338,2331.425
525.469,2405.425
525.601,2365.925
525.733,2407.925
525.865,2300.925
525.997,2328.425
526.129,2324.425
526.261,2350.925
526.393,2393.925
526.524,2331.925
526.656,2390.425
526.788,2306.425
526.92,2258.425
527.052,2285.425
527.183,2315.925
527.315,2274.425
527.447,2304.425
527.578,2323.925
527.71,2321.425
527.842,2284.925
527.973,2260.425
528.105,2275.425
528.237,2261.925
528.368,2229.925
528.5,2292.925
528.632,2254.925
528.763,2254.925
528.895,2342.925
529.026,2276.925
529.158,2256.425
529.289,2278.925
529.421,2238.925
529.552,2292.925
529.684,2297.925
529.815,2273.925
529.947,2152.425
530.078,2253.925
530.21,2261.425
530.341,2222.425
530.472,2248.425
530.604,2250.425
530.735,2262.925
530.867,2301.925
530.998,2263.425
531.129,2257.425
531.26,2289.925
531.392,2302.925
531.523,2295.425
531.654,2280.425
531.786,2308.425
531.917,2358.425
532.048,2362.925
532.179,2297.425
532.311,2318.425
532.442,2340.925
532.573,2219.425
532.704,2253.425
532.835,2232.925
532.966,2241.425
533.097,2206.925
533.229,2219.425
533.36,2251.925
533.491,2202.425
533.622,2230.925
533.753,2215.925
533.884,2246.425
534.015,2197.925
534.146,2211.425
534.277,2262.925
534.408,2285.425
534.539,2242.925
534.67,2238.925
534.801,2190.425
534.932,2209.925
535.063,2204.425
535.194,2225.425
535.324,2193.425
535.455,2207.425
535.586,2226.425
535.717,2265.425
535.848,2203.425
535.979,2207.925
536.109,2192.925
536.24,2149.925
536.371,2212.925
536.502,2154.925
536.632,2232.425
536.763,2243.425
536.894,2206.425
537.025,2087.925
537.155,2191.925
537.286,2165.925
537.417,2164.925
537.547,2184.425
537.678,2148.425
537.808,2190.425
537.939,2204.925
538.07,2154.425
538.2,2133.925
538.331,2160.425
538.461,2114.425
538.592,2165.425
538.722,2115.425
538.853,2110.925
538.983,2120.925
539.114,2168.925
539.244,2134.425
539.375,2235.425
539.505,2075.925
539.636,2065.925
539.766,2151.925
539.896,2163.925
540.027,2128.925
540.157,2142.925
540.287,2115.425
540.418,2149.925
540.548,2154.925
540.678,2173.925
540.809,2142.925
540.939,2155.425
541.069,2218.925
541.2,2109.925
541.33,2169.425
541.46,2141.925
541.59,2142.425
541.72,2167.925
541.851,2138.925
541.981,2170.925
542.111,2275.925
542.241,2240.925
542.371,2246.425
542.501,2232.925
542.631,2239.925
542.761,2282.425
542.891,2384.425
543.021,2238.425
543.151,2274.925
543.281,2298.425
543.411,2197.425
543.542,2232.925
543.671,2182.425
543.801,2230.925
543.931,2234.425
544.061,2241.425
544.191,2163.425
544.321,2234.425
544.451,2312.925
544.581,2213.925
544.711,2316.425
544.841,2291.925
544.97,2271.425
545.1,2333.425
545.23,2361.925
545.36,2377.425
545.49,2372.425
545.619,2251.425
545.749,2313.925
545.879,2288.925
546.009,2316.925
546.138,2277.425
546.268,2236.425
546.398,2239.425
546.527,2255.425
546.657,2278.925
546.786,2301.925
546.916,2268.425
547.046,2332.925
547.175,2321.425
547.305,2203.925
547.434,2255.925
547.564,2287.425
547.693,2272.425
547.823,2339.925
547.953,2298.425
548.082,2303.425
548.211,2257.425
548.341,2248.425
548.47,2306.925
548.6,2360.925
548.729,2309.925
548.859,2283.925
548.988,2351.925
549.117,2267.925
549.247,2266.925
549.376,2289.425
549.505,2275.925
549.635,2415.925
549.764,2330.425
549.893,2389.425
550.023,2319.925
550.152,2351.925
550.281,2331.425
550.41,2333.425
550.539,2346.925
550.669,2301.425
550.798,2296.425
550.927,2376.425
551.056,2314.925
551.185,2351.425
551.314,2314.925
551.443,2385.925
551.573,2386.925
551.702,2401.425
551.831,2391.425
551.96,2355.425
552.089,2389.425
552.218,2415.925
552.347,2381.425
552.476,2455.425
552.605,2514.425
552.734,2563.925
552.863,2643.425
552.992,2605.925
553.121,2561.425
553.249,2557.925
553.378,2537.425
553.507,2507.425
553.636,2454.425
553.765,2463.925
553.894,2392.925
554.023,2432.425
554.151,2369.925
554.28,2420.425
554.409,2410.925
554.538,2359.925
554.666,2370.925
554.795,2384.925
554.924,2379.425
555.052,2412.925
555.181,2341.425
555.31,2353.425
555.439,2359.925
555.567,2377.925
555.696,2299.425
555.824,2329.925
555.953,2262.925
556.082,2319.925
556.21,2272.925
556.339,2303.425
556.467,2192.925
556.596,2240.925
556.724,2295.925
556.853,2285.425
556.981,2239.425
557.11,2259.925
557.238,2265.925
557.367,2270.425
557.495,2205.925
557.623,2297.425
557.752,2225.925
557.88,2229.425
558.008,2234.925
558.137,2209.425
558.265,2290.425
558.393,2239.925
558.522,2241.425
558.65,2281.425
558.778,2253.425
558.906,2262.925
559.035,2258.425
559.163,2268.925
559.291,2154.425
559.419,2241.425
559.548,2245.925
559.676,2268.925
559.804,2322.925
559.932,2248.425
560.06,2285.925
560.188,2310.425
560.316,2278.425
560.444,2327.925
560.572,2303.925
560.7,2355.925
560.828,2322.925
560.956,2337.925
561.085,2356.425
561.212,2360.425
561.34,2285.425
561.468,2340.425
561.596,2334.925
561.724,2323.925
561.852,2338.425
561.98,2301.925
562.108,2433.925
562.236,2378.425
562.364,2446.425
562.492,2379.925
562.619,2406.925
562.747,2437.925
562.875,2391.425
563.003,2394.925
563.13,2433.425
563.258,2419.425
563.386,2513.925
563.514,2487.925
563.641,2550.425
563.769,2520.425
563.897,2592.925
564.024,2597.925
564.152,2634.925
564.28,2627.425
564.407,2641.925
564.535,2626.925
564.662,2721.425
564.79,2703.425
564.917,2678.425
565.045,2735.425
565.173,2810.925
565.3,2742.425
565.428,2799.925
565.555,2776.925
565.682,2880.925
565.81,2894.425
565.937,3003.925
566.065,3077.425
566.192,3079.425
566.32,3247.925
566.447,3274.425
566.574,3251.925
566.702,3265.425
566.829,3338.925
566.956,3326.925
567.083,3338.925
567.211,3374.425
567.338,3487.425
567.465,3569.425
567.593,3618.925
567.72,3530.925
567.847,3571.425
567.974,3521.925
568.101,3465.425
568.228,3593.925
568.356,3613.425
568.483,3398.925
568.61,3403.925
568.737,3414.425
568.864,3657.925
568.991,3378.425
569.118,3137.425
569.245,3076.425
569.372,2902.925
569.499,2920.925
569.626,2805.925
569.753,2861.425
569.88,2799.925
570.007,2764.925
570.134,2684.925
570.261,2674.925
570.388,2668.925
570.515,2678.925
570.642,2595.425
570.768,2639.425
570.895,2652.925
571.022,2661.925
571.149,2595.925
571.276,2602.925
571.402,2516.425
571.529,2556.425
571.656,2558.425
571.783,2462.925
571.909,2444.425
572.036,2485.925
572.163,2439.925
572.289,2466.925
572.416,2427.925
572.543,2409.925
572.669,2427.425
572.796,2331.425
572.922,2399.925
573.049,2397.425
573.176,2367.425
573.302,2359.425
573.429,2378.925
573.555,2401.925
573.682,2369.425
573.808,2311.925
573.935,2314.925
574.061,2337.425
574.188,2383.925
574.314,2344.925
574.44,2365.925
574.567,2390.925
574.693,2353.425
574.82,2362.925
574.946,2273.425
575.072,2369.925
575.198,2328.425
575.325,2324.425
575.451,2347.925
575.577,2292.925
575.704,2313.425
575.83,2287.425
575.956,2301.425
576.082,2335.925
576.208,2329.925
576.335,2249.925
576.461,2301.425
576.587,2292.425
576.713,2294.425
576.839,2255.425
576.965,2246.425
577.091,2226.425
577.217,2301.925
577.343,2309.425
577.469,2260.925
577.596,2233.425
577.722,2277.925
577.848,2269.925
577.974,2304.925
578.099,2288.425
578.225,2252.425
578.351,2244.925
578.477,2208.425
578.603,2229.925
578.729,2251.925
578.855,2343.925
578.981,2247.925
579.107,2276.925
579.232,2367.925
579.358,2266.925
579.484,2272.925
579.61,2269.425
579.735,2297.425
579.861,2247.425
579.987,2239.925
580.113,2230.425
580.238,2236.925
580.364,2264.925
580.49,2260.925
580.615,2228.425
580.741,2231.925
580.867,2242.925
580.992,2255.925
581.118,2285.425
581.243,2315.425
581.369,2233.925
581.494,2206.425
581.62,2257.925
581.745,2279.425
581.871,2238.425
581.996,2265.425
582.122,2264.425
582.247,2232.425
582.373,2243.925
582.498,2333.925
582.624,2331.925
582.749,2297.925
582.874,2334.425
583.0,2341.925
583.125,2295.425
583.25,2319.925
583.376,2291.925
583.501,2244.425
583.626,2366.425
583.751,2374.925
583.877,2337.925
584.002,2287.925
584.127,2344.425
584.252,2304.425
584.377,2336.925
584.503,2331.925
584.628,2407.425
584.753,2351.925
584.878,2390.425
585.003,2375.425
585.128,2375.925
585.253,2498.925
585.378,2445.925
585.503,2368.425
585.628,2441.925
585.753,2467.425
585.878,2476.925
586.003,2511.925
586.128,2454.425
586.253,2500.425
586.378,2423.925
586.503,2560.425
586.628,2574.925
586.753,2667.925
586.878,2666.925
587.003,2730.925
587.127,2757.425
587.252,2817.925
587.377,2840.425
587.502,2887.425
587.627,3078.925
587.751,3147.425
587.876,3196.425
588.001,3467.925
588.125,3636.925
588.25,3999.925
588.375,4521.425
588.499,5269.925
588.624,6706.925
588.749,9569.425
588.873,15446.425
588.998,20704.925
589.122,18993.425
589.247,13475.425
589.372,11450.925
589.496,15231.425
589.621,18093.925
589.745,14497.425
589.87,9240.925
589.994,6789.425
590.118,5413.925
590.243,4785.425
590.367,4329.425
590.492,4030.425
590.616,3766.425
590.74,3492.425
590.865,3339.925
590.989,3311.925
591.114,3240.925
591.238,3113.425
591.362,3062.425
591.486,3039.425
591.611,3085.925
591.735,2891.425
591.859,2971.425
591.983,2950.425
592.107,2885.425
592.232,2853.425
592.356,2870.925
592.48,2808.925
592.604,2830.925
592.728,2846.925
592.852,2883.925
592.976,2918.925
593.1,2859.425
593.224,2791.925
593.349,2842.425
593.473,2808.425
593.597,2781.925
593.721,2788.925
593.844,2787.925
593.968,2736.925
594.092,2806.925
594.216,2749.925
594.34,2752.925
594.464,2708.425
594.588,2699.425
594.712,2684.925
594.836,2605.425
594.959,2537.425
595.083,2557.925
595.207,2532.925
595.331,2472.925
595.455,2437.425
595.578,2471.425
595.702,2445.425
595.826,2462.925
595.949,2412.425
596.073,2429.925
596.197,2446.425
596.32,2399.425
596.444,2363.925
596.568,2405.925
596.691,2320.425
596.815,2379.425
596.938,2364.425
597.062,2330.425
597.186,2311.925
597.309,2270.925
597.433,2316.425
597.556,2246.425
597.68,2245.425
597.803,2269.425
597.926,2270.925
598.05,2280.925
598.173,2175.925
598.297,2211.925
598.42,2272.925
598.543,2234.925
598.667,2158.425
598.79,2181.925
598.913,2212.925
599.037,2168.425
599.16,2268.425
599.283,2197.925
599.406,2168.425
599.53,2199.925
599.653,2131.925
599.776,2235.425
599.899,2159.925
600.022,2232.925
600.145,2193.425
600.269,2186.925
600.392,2101.925
600.515,2186.425
600.638,2129.925
600.761,2177.925
600.884,2136.925
601.007,2089.425
601.13,2143.425
601.253,2118.425
601.376,2118.925
601.499,2138.425
601.622,2136.425
601.745,2129.425
601.868,2061.925
601.991,2091.425
602.113,2091.425
602.236,2115.925
602.359,2127.425
602.482,2146.425
602.605,2097.425
602.728,2139.425
602.85,2043.425
602.973,2104.425
603.096,2088.425
603.219,2138.425
603.341,2055.425
603.464,2082.425
603.587,2131.925
603.709,2074.925
603.832,1993.925
603.955,2057.925
604.077,2045.925
604.2,2086.425
604.323,2037.425
604.445,2049.925
604.568,2044.925
604.69,2114.425
604.813,2029.425
604.935,2048.425
605.058,2011.425
605.18,2046.425
605.303,2063.925
605.425,2063.425
605.547,1992.425
605.67,1992.425
605.792,2048.425
605.915,2020.425
606.037,1968.425
606.159,2035.425
606.282,2070.925
606.404,2051.925
606.526,2037.925
606.648,2015.425
606.771,2049.425
606.893,1998.925
607.015,2050.925
607.137,2063.425
607.26,2075.925
607.382,1962.425
607.504,2013.925
607.626,2008.925
607.748,2052.425
607.87,2004.425
607.992,1987.925
608.114,1993.425
608.237,2019.425
608.359,2036.925
608.481,2026.425
608.603,2017.425
608.725,2011.425
608.847,1970.425
608.969,1988.925
609.09,1995.925
609.212,1992.925
609.334,1990.925
609.456,2048.925
609.578,1999.425
609.7,1946.925
609.822,1973.425
609.944,2032.425
610.065,2018.925
610.187,2003.925
610.309,1979.425
610.431,1983.425
610.552,1994.925
610.674,1997.425
610.796,1974.425
610.918,1972.425
611.039,1989.425
611.161,1920.425
611.282,1999.425
611.404,1981.925
611.526,1997.425
611.647,1979.925
611.769,2000.925
611.89,1955.925
612.012,1976.425
612.133,1962.425
612.255,1953.925
612.377,1954.425
612.498,1979.925
612.619,1952.425
612.741,2000.425
612.862,1982.925
612.984,1928.425
613.105,1934.925
613.226,1956.425
613.348,1969.425
613.469,2004.425
613.59,1959.925
613.712,1929.425
613.833,1963.425
613.954,1954.425
614.076,1938.925
614.197,1938.425
614.318,1946.925
614.439,1943.425
614.56,1973.925
614.682,1953.925
614.803,1927.925
614.924,1926.425
615.045,1941.425
615.166,1980.925
615.287,1945.925
615.408,2047.425
615.529,2077.425
615.65,2009.425
615.771,1960.925
615.892,1991.925
616.013,2116.425
616.134,2114.925
616.255,2066.925
616.376,2009.425
616.497,1942.425
616.618,2017.925
616.739,1946.925
616.86,2036.425
616.981,1914.925
617.102,1971.925
617.222,1940.925
617.343,1946.425
617.464,1922.925
617.585,1887.925
617.705,1961.925
617.826,1880.425
617.947,1891.925
618.068,1911.425
618.188,1917.925
618.309,1945.925
618.43,1940.925
618.55,1902.925
618.671,1922.425
618.791,1937.425
618.912,1901.425
619.033,1906.425
619.153,1917.925
619.274,1901.425
619.394,1906.925
619.515,1911.425
619.635,1989.425
619.756,1887.425
619.876,1872.925
619.996,1891.925
620.117,1836.425
620.237,1873.425
620.358,1908.925
620.478,1817.925
620.598,1895.425
620.719,1869.925
620.839,1882.925
620.959,1860.425
621.079,1884.925
621.2,1875.425
621.32,1829.925
621.44,1908.925
621.56,1875.925
621.681,1829.425
621.801,1883.925
621.921,1849.425
622.041,1858.925
622.161,1844.925
622.281,1835.425
622.401,1867.925
622.521,1861.925
622.641,1834.925
622.761,1838.425
622.882,1807.925
623.002,1849.425
623.121,1846.925
623.241,1845.425
623.361,1784.425
623.481,1778.425
623.601,1860.425
623.721,1856.425
623.841,1861.925
623.961,1825.925
624.081,1885.425
624.201,1840.925
624.32,1837.925
624.44,1858.425
624.56,1785.925
624.68,1836.925
624.799,1841.425
624.919,1871.425
625.039,1822.425
625.159,1737.425
625.278,1814.925
625.398,1809.925
625.518,1881.425
625.637,1823.925
625.757,1826.925
625.876,1798.925
625.996,1828.425
626.115,1809.925
626.235,1762.425
626.354,1851.425
626.474,1782.925
626.594,1851.925
626.713,1810.425
626.832,1784.425
626.952,1742.425
627.071,1780.425
627.191,1791.425
627.31,1803.425
627.429,1768.425
627.549,1747.925
627.668,1747.925
627.787,1833.425
627.907,1744.925
628.026,1776.925
628.145,1801.425
628.264,1765.425
628.384,1764.425
628.503,1750.925
628.622,1783.925
628.741,1765.425
628.86,1785.925
628.98,1788.425
629.099,1821.425
629.218,1810.925
629.337,1748.425
629.456,1747.925
629.575,1791.925
629.694,1757.425
629.813,1800.425
629.932,1720.425
630.051,1735.425
630.17,1752.925
630.289,1860.925
630.408,1738.425
630.527,1774.425
630.646,1741.425
630.764,1723.425
630.883,1741.925
631.002,1763.925
631.121,1729.925
631.24,1750.925
631.359,1728.425
631.477,1782.425
631.596,1731.925
631.715,1709.425
631.834,1746.425
631.952,1703.425
632.071,1732.925
632.19,1777.425
632.308,1780.425
632.427,1729.925
632.546,1760.925
632.664,1757.425
632.783,1794.925
632.901,1725.925
633.02,1768.425
633.138,1749.925
633.257,1785.925
633.375,1740.425
633.494,1752.925
633.612,1740.925
633.731,1730.925
633.849,1672.425
633.968,1655.925
634.086,1796.925
634.204,1708.425
634.323,1730.425
634.441,1785.425
634.559,1778.925
634.678,1728.925
634.796,1720.425
634.914,1696.425
635.032,1648.425
635.151,1699.925
635.269,1700.425
635.387,1730.425
635.505,1717.425
635.623,1722.425
635.742,1695.425
635.86,1692.425
635.978,1719.425
636.096,1636.425
636.214,1708.425
636.332,1659.925
636.45,1721.925
636.568,1750.425
636.686,1642.425
636.804,1675.425
636.922,1679.925
637.04,1716.925
637.158,1725.925
637.276,1716.925
637.394,1704.425
637.512,1760.925
637.629,1747.925
637.747,1699.925
637.865,1685.425
637.983,1709.425
638.101,1714.925
638.218,1671.425
638.336,1702.425
638.454,1682.425
638.572,1720.425
638.689,1778.425
638.807,1703.425
638.925,1693.925
639.042,1720.925
639.16,1727.425
639.278,1665.925
639.395,1745.925
639.513,1684.925
639.63,1730.925
639.748,1655.925
639.865,1660.425
639.983,1676.925
640.1,1699.425
640.218,1695.425
640.335,1709.925
640.453,1718.925
640.57,1693.925
640.688,1690.425
640.805,1707.425
640.922,1724.425
641.04,1685.925
641.157,1690.425
641.274,1695.425
641.391,1740.425
641.509,1717.925
641.626,1728.925
641.743,1743.425
641.86,1728.425
641.978,1730.425
642.095,1722.925
642.212,1737.425
642.329,1686.425
642.446,1669.925
642.563,1705.425
642.681,1722.925
642.798,1676.425
642.915,1752.425
643.032,1705.925
643.149,1738.925
643.266,1732.925
643.383,1770.925
643.5,1715.925
643.617,1692.925
643.734,1736.425
643.85,1744.425
643.967,1729.925
644.084,1793.925
644.201,1708.925
644.318,1746.425
644.435,1723.925
644.552,1749.925
644.668,1775.925
644.785,1794.425
644.902,1781.425
645.019,1776.425
645.135,1809.425
645.252,1780.925
645.369,1807.925
645.485,1824.425
645.602,1787.425
645.719,1812.925
645.835,1841.925
645.952,1847.425
646.068,1828.425
646.185,1804.425
646.302,1836.925
646.418,1867.925
646.535,1887.425
646.651,1879.925
646.768,1904.925
646.884,1896.925
647.0,1887.425
647.117,1834.425
647.233,1904.925
647.35,1926.925
647.466,1896.925
647.582,1950.925
647.699,1900.425
647.815,1977.925
647.931,1930.925
648.047,1980.425
648.164,1975.925
648.28,2000.425
648.396,2010.925
648.512,1957.425
648.629,2013.925
648.745,2087.925
648.861,2009.925
648.977,2048.925
649.093,2020.425
649.209,2022.425
649.325,1973.425
649.441,1967.925
649.557,2013.925
649.673,2077.925
649.789,2090.425
649.905,2068.925
650.021,2133.925
650.137,2099.425
650.253,2126.925
650.369,2098.425
650.485,2019.425
650.601,2135.425
650.717,2117.425
650.833,2137.925
650.948,2118.925
651.064,2137.925
651.18,2204.925
651.296,2145.425
651.411,2245.925
651.527,2186.425
651.643,2250.925
651.759,2270.925
651.874,2301.925
651.99,2328.925
652.105,2312.925
652.221,2374.925
652.337,2365.925
652.452,2509.425
652.568,2469.425
652.683,2444.425
652.799,2504.425
652.914,2456.925
653.03,2523.425
653.145,2554.925
653.261,2558.425
653.376,2609.925
653.492,2644.925
653.607,2711.925
653.722,2732.425
653.838,2801.925
653.953,2803.425
654.068,2947.925
654.184,3043.925
654.299,3030.425
654.414,3100.925
654.53,3193.425
654.645,3222.425
654.76,3309.425
654.875,3403.425
654.99,3533.925
655.106,3668.925
655.221,3703.925
655.336,3822.425
655.451,3950.925
655.566,4082.425
655.681,4326.925
655.796,4539.925
655.911,4821.925
656.026,5085.425
656.141,5316.925
656.256,5580.925
656.371,5583.425
656.486,5479.925
656.601,5448.925
656.716,5217.425
656.831,5034.425
656.946,4905.425
657.06,4715.925
657.175,4497.425
657.29,4385.925
657.405,4247.425
657.52,4113.925
657.634,4075.925
657.749,3962.925
657.864,3878.925
657.979,3728.425
658.093,3653.925
658.208,3605.925
658.323,3462.425
658.437,3473.925
658.552,3280.925
658.666,3314.425
658.781,3188.425
658.895,3191.425
659.01,3060.425
659.125,3051.425
659.239,2989.425
659.353,2978.925
659.468,2853.925
659.582,2821.925
659.697,2838.425
659.811,2828.925
659.926,2690.925
660.04,2686.925
660.154,2682.425
660.269,2679.925
660.383,2635.425
660.497,2585.925
660.612,2570.425
660.726,2490.425
660.84,2501.425
660.954,2519.425
661.068,2432.425
661.183,2375.425
661.297,2360.925
661.411,2275.925
661.525,2369.425
661.639,2284.425
661.753,2225.425
661.867,2205.925
661.981,2259.925
662.095,2206.925
662.209,2158.925
662.323,2138.425
662.437,2109.425
662.551,2068.925
662.665,2064.925
662.779,2064.425
662.893,2073.925
663.007,2045.925
663.121,2036.925
663.235,1930.425
663.349,1930.925
663.462,1930.425
663.576,1939.425
663.69,1939.425
663.804,1908.925
663.917,1844.925
664.031,1905.425
664.145,1867.925
664.258,1897.925
664.372,1841.925
664.486,1826.925
664.599,1806.925
664.713,1795.425
664.827,1770.925
664.94,1765.925
665.054,1765.425
665.167,1723.925
665.281,1732.425
665.394,1712.425
665.508,1701.425
665.621,1733.925
665.735,1683.925
665.848,1758.425
665.961,1719.925
666.075,1672.425
666.188,1657.925
666.301,1677.925
666.415,1590.925
666.528,1631.425
666.641,1560.425
666.755,1716.425
666.868,1635.925
666.981,1620.425
667.094,1552.425
667.207,1612.925
667.321,1599.425
667.434,1559.425
667.547,1585.425
667.66,1561.425
667.773,1585.925
667.886,1510.425
667.999,1544.925
668.112,1509.925
668.225,1530.925
668.338,1530.425
668.451,1495.425
668.564,1467.925
668.677,1500.925
668.79,1532.425
668.903,1494.925
669.016,1500.925
669.129,1458.925
669.242,1419.925
669.354,1474.925
669.467,1515.425
669.58,1489.425
669.693,1455.425
669.806,1416.425
669.918,1430.425
670.031,1425.925
670.144,1439.425
670.256,1416.925
670.369,1392.425
670.482,1379.925
670.594,1378.425
670.707,1431.925
670.82,1408.925
670.932,1345.925
671.045,1385.425
671.157,1408.925
671.27,1398.425
671.382,1311.425
671.495,1328.425
671.607,1360.925
671.72,1383.425
671.832,1372.425
671.944,1376.925
672.057,1359.925
672.169,1355.925
672.281,1336.425
672.394,1350.425
672.506,1346.925
672.618,1286.425
672.731,1342.925
672.843,1383.925
672.955,1318.925
673.067,1346.925
673.18,1371.925
673.292,1296.425
673.404,1331.925
673.516,1296.925
673.628,1316.425
673.74,1311.925
673.852,1319.425
673.964,1284.925
674.076,1260.925
674.188,1279.425
674.3,1265.425
674.412,1248.425
674.524,1286.925
674.636,1285.925
674.748,1285.925
674.86,1245.925
674.972,1231.425
675.084,1297.425
675.196,1248.925
675.307,1274.425
675.419,1256.925
675.531,1311.425
675.643,1277.425
675.755,1255.925
675.866,1240.425
675.978,1258.425
676.09,1271.425
676.201,1255.425
676.313,1266.925
676.425,1200.925
676.536,1263.425
676.648,1233.425
676.759,1236.925
676.871,1184.925
676.983,1228.925
677.094,1243.925
677.206,1153.925
677.317,1238.425
677.429,1196.925
677.54,1184.925
677.651,1230.425
677.763,1216.425
677.874,1229.925
677.986,1192.925
678.097,1188.425
678.208,1203.425
678.32,1236.425
678.431,1128.425
678.542,1134.925
678.653,1136.425
678.765,1105.925
678.876,1161.925
678.987,1171.425
679.098,1204.925
679.209,1166.425
679.32,1155.925
679.432,1144.925
679.543,1162.425
679.654,1188.425
679.765,1181.925
679.876,1151.425
679.987,1198.425
680.098,1151.425
680.209,1176.925
680.32,1121.425
680.431,1185.925
680.542,1141.425
680.653,1156.925
680.763,1157.925
680.874,1119.425
680.985,1121.925
681.096,1141.425
681.207,1090.925
681.318,1158.425
681.428,1092.425
681.539,1166.425
681.65,1123.925
681.76,1142.925
681.871,1146.425
681.982,1147.425
682.093,1120.925
682.203,1118.425
682.314,1132.425
682.424,1191.425
682.535,1117.925
682.646,1081.925
682.756,1070.425
682.867,1149.925
682.977,1135.925
683.088,1065.925
683.198,1107.425
683.308,1157.425
683.419,1099.425
683.529,1097.925
683.64,1086.925
683.75,1096.925
683.86,1122.425
683.971,1119.925
684.081,1136.925
684.191,1106.925
684.301,1099.425
684.412,1106.925
684.522,1060.425
684.632,1125.425
684.742,1096.425
684.852,1086.925
684.963,1070.925
685.073,1029.925
685.183,1094.425
685.293,1093.425
685.403,1105.425
685.513,1111.925
685.623,1073.925
685.733,1064.925
685.843,1074.925
685.953,1055.925
686.063,1073.925
686.173,1071.925
686.283,1093.925
686.393,1076.425
686.503,1095.425
686.612,1114.925
686.722,1092.925
686.832,1068.425
686.942,1064.925
687.052,999.425
687.161,1081.925
687.271,1074.925
687.381,1057.925
687.491,1082.925
687.6,1068.925
687.71,1034.925
687.82,1037.925
687.929,1043.925
688.039,1109.925
688.148,1080.925
688.258,1034.425
688.367,1039.425
688.477,1091.425
688.586,1044.425
688.696,1090.425
688.805,1028.925
688.915,1049.925
689.024,1060.425
689.134,1059.925
689.243,1070.425
689.352,1093.425
689.462,1024.925
689.571,995.925
689.68,981.425
689.79,1071.925
689.899,1048.425
690.008,1011.425
690.117,1039.425
690.227,1044.425
690.336,1003.425
690.445,1014.425
690.554,1032.425
690.663,1046.925
690.772,1025.925
690.881,1071.925
690.99,971.425
691.099,1040.425
691.209,1015.925
691.318,1030.925
691.427,1005.425
691.536,1060.425
691.644,1079.925
691.753,1018.425
691.862,1024.425
691.971,1075.925
692.08,1081.425
692.189,1035.425
692.298,1078.925
692.406,1031.425
692.515,1052.925
692.624,987.425
692.733,1015.425
692.842,1012.425
692.95,1043.425
693.059,1039.925
693.168,1070.925
693.276,1054.925
693.385,1020.925
693.494,999.925
693.602,1054.425
693.711,1030.925
693.819,1026.425
693.928,1014.925
694.036,1027.425
694.145,1030.425
694.253,1001.425
694.362,1006.425
694.47,984.425
694.579,966.425
694.687,991.425
694.795,1019.425
694.904,1029.925
695.012,1008.925
695.12,999.425
695.229,1016.925
695.337,1047.425
695.445,1038.925
695.553,994.925
695.662,1046.925
695.77,977.425
695.878,1009.425
695.986,1008.925
696.094,1000.425
696.202,1002.925
696.31,1024.925
696.419,989.925
696.527,1025.425
696.635,986.925
696.743,1004.425
696.851,949.425
696.959,988.425
697.067,954.425
697.174,1036.425
697.282,977.925
697.39,1041.925
697.498,1037.425
697.606,962.425
697.714,964.925
697.822,995.925
697.929,1001.425
698.037,1016.925
698.145,1003.925
698.253,1013.925
698.36,956.425
698.468,984.425
698.576,955.925
698.683,1028.425
698.791,955.925
698.899,987.925
699.006,986.425
699.114,952.925
699.221,997.425
699.329,922.925
699.436,1041.425
699.544,972.425
699.651,995.925
699.759,974.925
699.866,964.425
699.974,920.925
700.081,1001.425
700.188,974.925
700.296,980.425
700.403,917.425
700.51,975.425
700.618,981.925
700.725,1012.925
700.832,1000.925
700.94,999.425
701.047,939.425
701.154,948.925
701.261,965.425
701.368,921.425
701.475,925.425
701.582,945.925
701.69,976.925
701.797,1002.925
701.904,938.425
702.011,965.425
702.118,962.925
702.225,969.425
702.332,963.425
702.439,977.925
702.546,978.925
702.652,983.925
702.759,917.425
702.866,928.925
702.973,1012.925
703.08,996.925
703.187,960.925
703.294,965.925
703.4,880.925
694.693,1727.6750000000002
694.893,1915.175
695.093,1924.1750000000002
695.293,1960.675
695.492,1999.175
695.692,1913.675
695.891,1935.175
696.091,1958.675
696.291,1913.675
696.49,2025.675
696.69,2083.175
696.889,2009.175
697.089,2029.175
697.288,2054.175
697.488,2029.675
697.687,2012.175
697.887,2018.675
698.086,2084.175
698.286,2045.175
698.485,2088.675
698.684,2057.675
698.884,2020.675
699.083,2001.675
699.282,2016.175
699.482,2103.675
699.681,2088.675
699.88,2134.675
700.08,2111.175
700.279,2051.175
700.478,2072.175
700.677,2079.675
700.877,2128.175
701.076,2088.175
701.275,2055.175
701.474,2042.175
701.673,2115.675
701.872,2052.175
702.071,2077.675
702.271,2095.175
702.47,2181.175
702.669,2149.675
702.868,2145.675
703.067,2144.175
703.266,2172.175
703.465,2124.675
703.664,2110.175
703.863,2112.675
704.062,2168.675
704.26,2170.175
704.459,2173.175
704.658,2152.175
704.857,2126.175
705.056,2178.175
705.255,2114.675
705.454,2181.675
705.652,2154.175
705.851,2172.675
706.05,2099.175
706.249,2195.675
706.447,2199.175
706.646,2154.175
706.845,2165.675
707.043,2137.675
707.242,2208.175
707.441,2233.675
707.639,2177.175
707.838,2162.675
708.037,2184.675
708.235,2223.175
708.434,2209.675
708.632,2236.675
708.831,2244.175
709.029,2205.175
709.228,2212.675
709.426,2245.675
709.625,2233.175
709.823,2240.175
710.022,2221.675
710.22,2249.675
710.418,2273.175
710.617,2303.175
710.815,2287.175
711.013,2277.675
711.212,2283.675
711.41,2305.175
711.608,2335.675
711.807,2275.675
712.005,2351.175
712.203,2369.175
712.401,2380.675
712.599,2430.675
712.798,2392.675
712.996,2303.675
713.194,2347.675
713.392,2348.175
713.59,2359.675
713.788,2405.175
713.986,2417.675
714.184,2428.175
714.382,2449.675
714.58,2492.175
714.778,2446.675
714.976,2499.175
715.174,2494.175
715.372,2532.175
715.57,2711.175
715.768,2972.675
715.966,2863.675
716.164,2879.675
716.362,2826.675
716.56,2745.175
716.758,2696.675
716.955,2699.175
717.153,2693.175
717.351,2676.675
717.549,2608.675
717.746,2698.175
717.944,2635.675
718.142,2552.175
718.34,2552.175
718.537,2570.175
718.735,2638.175
718.933,2558.175
719.13,2589.175
719.328,2596.175
719.525,2546.675
719.723,2605.175
719.92,2577.675
720.118,2566.175
720.316,2561.175
720.513,2563.175
720.711,2577.675
720.908,2540.175
721.105,2652.675
721.303,2589.175
721.5,2576.675
721.698,2597.675
721.895,2620.175
722.092,2609.675
722.29,2608.675
722.487,2603.175
722.684,2558.675
722.882,2628.175
723.079,2639.675
723.276,2591.675
723.473,2614.675
723.671,2630.675
723.868,2642.175
724.065,2695.675
724.262,2664.175
724.459,2592.175
724.656,2690.675
724.854,2687.175
725.051,2682.175
725.248,2658.675
725.445,2732.175
725.642,2617.175
725.839,2620.175
726.036,2692.675
726.233,2649.675
726.43,2610.675
726.627,2688.675
726.824,2721.675
727.021,2656.675
727.218,2731.175
727.414,2679.175
727.611,2614.675
727.808,2681.175
728.005,2698.675
728.202,2704.175
728.399,2714.675
728.595,2718.175
728.792,2707.675
728.989,2756.675
729.186,2693.675
729.382,2698.675
729.579,2725.675
729.776,2756.675
729.972,2716.675
730.169,2743.175
730.366,2739.175
730.562,2780.175
730.759,2673.175
730.955,2791.675
731.152,2665.675
731.348,2745.675
731.545,2854.175
731.741,2786.175
731.938,2771.675
732.134,2771.675
732.331,2785.175
732.527,2814.175
732.724,2798.175
732.92,2794.175
733.116,2770.175
733.313,2811.675
733.509,2819.175
733.705,2678.675
733.902,2784.675
734.098,2778.675
734.294,2783.675
734.49,2866.175
734.687,2918.175
734.883,2831.175
735.079,2815.675
735.275,2859.175
735.471,2764.175
735.667,2791.175
735.863,2858.175
736.06,2858.175
736.256,2801.675
736.452,2848.175
736.648,2850.675
736.844,2891.175
737.04,2870.175
737.236,2866.675
737.432,2866.675
737.628,2877.175
737.824,2924.675
738.019,2868.175
738.215,2928.675
738.411,2925.175
738.607,2896.675
738.803,2985.175
738.999,2882.175
739.195,3062.175
739.39,3052.175
739.586,3008.675
739.782,2992.675
739.978,2971.175
740.173,2999.675
740.369,3021.675
740.565,2986.175
740.76,3033.675
740.956,3089.175
741.152,3074.175
741.347,3133.675
741.543,3107.675
741.738,3173.175
741.934,3287.675
742.129,3477.675
742.325,3868.175
742.52,4173.174999999999
742.716,3966.1749999999997
742.911,3791.175
743.107,3709.175
743.302,3681.675
743.498,3689.175
743.693,3824.675
743.888,3947.175
744.084,4471.174999999999
744.279,5421.674999999999
744.474,5436.674999999999
744.67,4924.674999999999
744.865,4575.674999999999
745.06,4243.674999999999
745.255,4145.174999999999
745.451,4123.674999999999
745.646,3999.6749999999997
745.841,4025.1749999999997
746.036,4044.6749999999997
746.231,4051.6749999999997
746.426,4305.674999999999
746.622,4959.674999999999
746.817,6378.174999999999
747.012,7056.174999999999
747.207,6399.674999999999
747.402,5557.674999999999
747.597,5283.174999999999
747.792,5079.674999999999
747.987,4804.174999999999
748.182,4690.174999999999
748.377,4461.674999999999
748.572,4296.674999999999
748.767,4109.174999999999
748.961,4092.1749999999997
749.156,3895.675
749.351,3840.675
749.546,3750.175
749.741,3717.675
749.936,3667.675
750.13,3617.675
750.325,3612.675
750.52,3587.675
750.715,3539.175
750.909,3404.675
751.104,3447.175
751.299,3514.175
751.493,3445.675
751.688,3484.175
751.882,3421.675
752.077,3361.675
752.272,3384.175
752.466,3371.675
752.661,3333.675
752.855,3238.175
753.05,3370.675
753.244,3238.175
753.439,3170.675
753.633,3212.175
753.828,3220.675
754.022,3219.675
754.216,3210.675
754.411,3250.175
754.605,3212.675
754.799,3205.675
754.994,3195.175
755.188,3165.675
755.382,3194.175
755.576,3175.675
755.771,3128.675
755.965,3159.675
756.159,3205.175
756.353,3135.675
756.547,3166.675
756.742,3173.675
756.936,3195.675
757.13,3186.675
757.324,3162.675
757.518,3110.175
757.712,3150.175
757.906,3189.175
758.1,3156.175
758.294,3188.675
758.488,3130.175
758.682,3130.175
758.876,3122.675
759.07,3090.675
759.264,3176.675
759.458,3066.675
759.651,3114.175
759.845,3148.175
760.039,3112.675
760.233,3125.175
760.427,3104.175
760.62,3120.675
760.814,3162.675
761.008,3117.175
761.202,3085.675
761.395,3115.675
761.589,3170.675
761.783,3099.175
761.976,3084.175
762.17,3119.175
762.363,3138.675
762.557,3177.175
762.75,3169.675
762.944,3218.675
763.138,3183.675
763.331,3164.175
763.524,3231.175
763.718,3249.675
763.911,3228.175
764.105,3183.175
764.298,3181.675
764.492,3239.675
764.685,3267.675
764.878,3257.675
765.072,3220.175
765.265,3207.675
765.458,3226.675
765.651,3294.675
765.845,3351.175
766.038,3303.175
766.231,3900.175
766.424,6323.174999999999
766.617,6625.174999999999
766.811,3703.675
767.004,3344.175
767.197,3339.675
767.39,3287.175
767.583,3231.175
767.776,3355.175
767.969,3345.675
768.162,3380.675
768.355,3315.675
768.548,3345.675
768.741,3333.175
768.934,3375.175
769.127,3427.675
769.32,3433.175
769.513,3495.675
769.706,4142.675
769.898,6375.174999999999
770.091,4724.174999999999
770.284,3604.175
770.477,3587.175
770.67,3515.675
770.862,3484.675
771.055,3613.175
771.248,3606.675
771.441,3599.175
771.633,3604.175
771.826,3635.675
772.018,3605.175
772.211,3661.175
772.404,3721.175
772.596,3779.175
772.789,3851.675
772.981,3835.175
773.174,3913.175
773.366,3867.675
773.559,3975.675
773.751,3952.175
773.944,4062.6749999999997
774.136,4130.674999999999
774.329,4217.174999999999
774.521,4325.174999999999
774.713,4472.674999999999
774.906,4516.174999999999
775.098,4754.174999999999
775.29,5002.674999999999
775.483,5136.674999999999
775.675,5521.174999999999
775.867,5825.674999999999
776.059,6388.674999999999
776.251,6888.674999999999
776.444,7943.674999999999
776.636,9112.175
776.828,11287.675
777.02,16259.174500000001
777.212,24846.6745
777.404,27822.6745
777.596,25541.6745
777.788,18493.1745
777.98,13983.675
778.172,11466.675
778.364,9782.675
778.556,8597.675
778.748,7760.174999999999
778.94,7047.674999999999
779.132,6499.674999999999
779.324,6097.674999999999
779.516,5733.674999999999
779.708,5519.174999999999
779.9,5173.674999999999
780.091,4996.674999999999
780.283,4795.674999999999
780.475,4551.174999999999
780.667,4487.674999999999
780.859,4312.174999999999
781.05,4182.674999999999
781.242,4122.174999999999
781.434,4064.1749999999997
781.625,3938.675
781.817,3909.175
782.008,3915.175
782.2,3758.675
782.392,3776.675
782.583,3633.175
782.775,3639.675
782.966,3573.175
783.158,3510.675
783.349,3517.675
783.541,3565.175
783.732,3469.675
783.924,3536.175
784.115,3415.675
784.306,3492.675
784.498,3482.175
784.689,3364.175
784.88,3338.675
785.072,3289.175
785.263,3405.175
785.454,3340.175
785.645,3267.675
785.837,3335.675
786.028,3311.675
786.219,3318.675
786.41,3209.675
786.601,3292.175
786.792,3341.675
786.984,3216.675
787.175,3256.175
787.366,3197.175
787.557,3241.675
787.748,3268.675
787.939,3246.675
788.13,3286.175
788.321,3239.175
788.512,3356.675
788.703,3359.675
788.894,3334.175
789.084,3385.675
789.275,3329.675
789.466,3432.675
789.657,3367.175
789.848,3493.175
790.039,3437.175
790.229,3437.175
790.42,3410.675
790.611,3419.675
790.801,3409.175
790.992,3414.675
791.183,3274.675
791.373,3379.675
791.564,3409.175
791.755,3274.675
791.945,3378.175
792.136,3351.175
792.326,3332.175
792.517,3319.175
792.707,3411.675
792.898,3264.175
793.088,3463.675
793.279,3414.675
793.469,3461.675
793.66,3465.175
793.85,3563.175
794.04,3654.175
794.231,3876.175
794.421,3962.6749999999997
794.611,4532.174999999999
794.802,5166.174999999999
794.992,5456.674999999999
795.182,5689.674999999999
795.372,5242.674999999999
795.563,4803.174999999999
795.753,4350.174999999999
795.943,4171.674999999999
796.133,3834.175
796.323,3728.675
796.513,3669.175
796.703,3641.675
796.893,3514.175
797.083,3521.675
797.273,3480.175
797.463,3414.675
797.653,3299.175
797.843,3214.175
798.033,3198.175
798.223,3113.175
798.413,3104.675
798.603,3099.175
798.793,3094.675
798.983,3018.675
799.172,2951.675
799.362,2962.175
799.552,2893.175
799.742,2977.175
799.932,2966.175
800.121,2832.675
800.311,2846.675
800.501,2862.175
800.69,2862.175
800.88,2843.175
801.07,2820.175
801.259,2737.175
801.449,2831.175
801.638,2798.175
801.828,2823.175
802.017,2679.675
802.207,2792.175
802.396,2719.675
802.586,2683.175
802.775,2731.675
802.965,2729.175
803.154,2699.675
803.343,2691.175
803.533,2652.175
803.722,2663.175
803.911,2579.175
804.101,2601.675
804.29,2579.175
804.479,2654.175
804.668,2602.675
804.857,2662.175
805.047,2620.175
805.236,2629.675
805.425,2595.675
805.614,2675.675
805.803,2653.675
805.992,2602.675
806.181,2635.175
806.37,2556.675
806.559,2639.175
806.748,2605.175
806.937,2555.175
807.126,2621.175
807.315,2526.175
807.504,2552.175
807.693,2528.675
807.882,2536.175
808.071,2597.675
808.26,2548.175
808.448,2559.675
808.637,2538.675
808.826,2500.675
809.015,2545.675
809.203,2543.675
809.392,2632.675
809.581,2547.175
809.77,2472.175
809.958,2509.675
810.147,2540.675
810.335,2631.175
810.524,2636.675
810.713,2655.175
810.901,2610.675
811.09,2619.175
811.278,2616.675
811.467,2613.675
811.655,2696.675
811.844,2680.175
812.032,2614.675
812.22,2634.175
812.409,2587.175
812.597,2662.175
812.785,2634.675
812.974,2626.175
813.162,2601.675
813.35,2654.675
813.539,2663.675
813.727,2624.175
813.915,2712.175
814.103,2620.675
814.291,2640.175
814.479,2676.675
814.668,2680.675
814.856,2750.175
815.044,2735.175
815.232,2791.175
815.42,2771.175
815.608,2720.675
815.796,2772.175
815.984,2876.175
816.172,2840.675
816.36,2847.175
816.548,2904.675
816.736,3022.175
816.924,3041.175
817.111,3123.675
817.299,3295.175
817.487,3389.675
817.675,3556.175
817.863,3847.175
818.05,4787.174999999999
818.238,8048.674999999999
818.426,11608.675
818.613,8483.175
818.801,7607.674999999999
818.989,7282.674999999999
819.176,7144.174999999999
819.364,10103.175
819.552,15395.675
819.739,9558.175
819.927,6813.674999999999
820.114,6006.674999999999
820.302,5537.674999999999
820.489,5241.674999999999
820.677,5035.174999999999
820.864,5045.174999999999
821.052,5553.674999999999
821.239,6006.674999999999
821.426,6630.674999999999
821.614,8517.175
821.801,9353.175
821.988,8021.675
822.176,7737.174999999999
822.363,8124.175
822.55,7377.174999999999
822.737,6535.674999999999
822.924,6034.674999999999
823.112,5695.674999999999
823.299,5283.674999999999
823.486,5085.174999999999
823.673,4794.674999999999
823.86,4597.674999999999
824.047,4818.174999999999
824.234,5402.674999999999
824.421,5578.174999999999
824.608,4833.674999999999
824.795,4396.174999999999
824.982,4125.174999999999
825.169,3867.675
825.356,3595.175
825.543,3486.175
825.73,3449.175
825.917,3291.175
826.104,3126.675
826.29,3032.675
826.477,2986.675
826.664,2991.175
826.851,2885.175
827.038,2796.175
827.224,2797.175
827.411,2741.675
827.598,2685.175
827.784,2676.675
827.971,2701.675
828.157,2603.675
828.344,2541.675
828.531,2566.175
828.717,2470.175
828.904,2458.175
829.09,2415.675
829.277,2407.675
829.463,2415.675
829.65,2424.675
829.836,2398.175
830.022,2428.675
830.209,2329.175
830.395,2217.175
830.581,2262.175
830.768,2246.175
830.954,2227.175
831.14,2271.175
831.327,2287.675
831.513,2220.175
831.699,2165.675
831.885,2246.175
832.071,2167.675
832.257,2192.175
832.444,2164.675
832.63,2147.175
832.816,2183.175
833.002,2183.175
833.188,2079.175
833.374,2177.175
833.56,2111.175
833.746,2082.675
833.932,1995.175
834.118,2098.675
834.303,2086.175
834.489,2088.675
834.675,2092.175
834.861,2023.675
835.047,2090.675
835.233,2094.675
835.418,2066.175
835.604,2022.675
835.79,2066.175
835.976,2044.175
836.161,2100.175
836.347,2025.175
836.533,1996.175
836.718,2019.175
836.904,1984.675
837.089,1995.175
837.275,2013.675
837.46,2025.675
837.646,2057.675
837.831,2063.175
838.017,2060.675
838.202,2072.175
838.388,2034.175
838.573,1994.175
838.759,2043.175
838.944,1991.175
839.129,2047.675
839.315,2033.175
839.5,2075.175
839.685,2021.675
839.87,2005.175
840.056,2099.675
840.241,2071.175
840.426,1998.675
840.611,2094.675
840.796,2163.675
840.981,2130.175
841.166,2081.675
841.352,2137.175
841.537,2174.675
841.722,2203.175
841.907,2225.175
842.092,2248.675
842.277,2252.175
842.461,2310.675
842.646,2388.175
842.831,2403.675
843.016,2438.675
843.201,2477.175
843.386,2599.675
843.571,2792.675
843.755,2923.675
843.94,3133.675
844.125,3509.175
844.31,4150.174999999999
844.494,5390.174999999999
844.679,7688.675
844.864,7452.174999999999
845.048,5813.174999999999
845.233,4890.674999999999
845.418,4338.174999999999
845.602,3803.175
845.787,3458.175
845.971,3188.675
846.156,2995.675
846.34,2911.675
846.525,2788.175
846.709,2702.175
846.893,2579.175
847.078,2501.675
847.262,2398.675
847.447,2323.675
847.631,2311.675
847.815,2205.175
848.0,2163.675
848.184,2189.175
848.368,2124.175
848.552,2084.175
848.736,2117.175
848.921,2041.675
849.105,2048.675
849.289,2003.675
849.473,2032.675
849.657,1981.675
849.841,1967.175
850.025,1954.175
850.209,1930.175
850.393,1927.175
850.577,1888.175
850.761,1863.175
850.945,1846.1750000000002
851.129,1936.175
851.313,1917.175
851.497,1862.1750000000002
851.68,1839.6750000000002
851.864,1858.1750000000002
852.048,1831.6750000000002
852.232,1868.175
852.416,1862.6750000000002
852.599,1844.175
852.783,1847.675
852.967,1820.1750000000002
853.15,1869.175
853.334,1860.1750000000002
853.518,1824.6750000000002
853.701,1806.6750000000002
853.885,1780.1750000000002
854.068,1830.1750000000002
854.252,1882.1750000000002
854.435,1836.675
854.619,1783.6750000000002
854.802,1806.6750000000002
854.986,1825.6750000000002
855.169,1868.6750000000002
855.353,1840.675
855.536,1797.6750000000002
855.719,1815.1750000000002
855.903,1811.675
856.086,1893.175
856.269,1877.1750000000002
856.452,1917.175
856.636,1949.175
856.819,2164.175
857.002,2099.175
857.185,2076.675
857.368,1920.175
857.552,1998.175
857.735,2004.175
857.918,1956.675
858.101,1896.175
858.284,1991.175
858.467,1994.175
858.65,2018.175
858.833,2015.175
859.016,2030.675
859.199,2190.675
859.382,2337.675
859.564,2545.675
859.747,2485.175
859.93,2354.675
860.113,2267.175
860.296,2254.675
860.478,2246.175
860.661,2108.675
860.844,2121.675
861.027,2073.675
861.209,2156.175
861.392,2145.675
861.575,2145.675
861.757,2163.175
861.94,2214.175
862.122,2274.675
862.305,2295.675
862.487,2410.175
862.67,2444.675
862.852,2959.675
863.035,3479.175
863.217,3450.175
863.4,3144.175
863.582,2986.675
863.764,2793.175
863.947,2646.675
864.129,2652.175
864.311,2551.175
864.493,2535.175
864.676,2481.175
864.858,2494.675
865.04,2404.175
865.222,2506.175
865.404,2555.675
865.587,2671.675
865.769,2717.675
865.951,2688.175
866.133,2676.675
866.315,2682.175
866.497,2811.675
866.679,2851.675
866.861,2897.675
867.043,3045.675
867.225,3216.175
867.407,3470.175
867.589,3933.175
867.77,4810.674999999999
867.952,6570.174999999999
868.134,8544.175
868.316,8475.675
868.498,8003.175
868.679,7056.674999999999
868.861,5968.174999999999
869.043,5022.674999999999
869.224,4387.674999999999
869.406,4012.675
869.588,3855.175
869.769,3547.175
869.951,3483.175
870.132,3564.675
870.314,3911.175
870.495,3916.175
870.677,3670.675
870.858,3545.175
871.04,3663.675
871.221,4048.175
871.403,3907.175
871.584,3670.175
871.765,3813.175
871.947,4016.675
872.128,3508.675
872.309,3162.675
872.491,2946.675
872.672,2717.175
872.853,2692.175
873.034,2610.175
873.215,2514.675
873.396,2352.175
873.578,2292.175
873.759,2228.175
873.94,2185.175
874.121,2045.175
874.302,2094.675
874.483,2049.675
874.664,2149.675
874.845,2067.675
875.026,2059.175
875.207,1991.175
875.388,1952.675
875.568,1887.1750000000002
875.749,1834.6750000000002
875.93,1889.175
876.111,1809.1750000000002
876.292,1796.1750000000002
876.472,1763.6750000000002
876.653,1804.1750000000002
876.834,1767.1750000000002
877.015,1731.1750000000002
877.195,1741.1750000000002
877.376,1780.6750000000002
877.556,1721.6750000000002
877.737,1654.1750000000002
877.918,1668.6750000000002
878.098,1671.6750000000002
878.279,1716.1750000000002
878.459,1682.1750000000002
878.64,1688.1750000000002
878.82,1644.6750000000002
879.0,1670.1750000000002
879.181,1676.1750000000002
879.361,1664.6750000000002
879.542,1646.6750000000002
879.722,1648.1750000000002
879.902,1667.1750000000002
880.083,1744.6750000000002
880.263,1713.1750000000002
880.443,1760.1750000000002
880.623,2171.675
880.803,2451.675
880.984,1972.175
881.164,1795.6750000000002
881.344,1809.1750000000002
881.524,1797.1750000000002
881.704,1830.6750000000002
881.884,1839.6750000000002
882.064,1967.675
882.244,1973.675
882.424,1871.175
882.604,1835.1750000000002
882.784,1796.1750000000002
882.964,1720.6750000000002
883.144,1659.6750000000002
883.324,1685.6750000000002
883.504,1662.1750000000002
883.683,1590.6750000000002
883.863,1635.1750000000002
884.043,1573.6750000000002
884.223,1626.6750000000002
884.402,1626.6750000000002
884.582,1576.6750000000002
884.762,1560.1750000000002
884.941,1536.6750000000002
885.121,1575.6750000000002
885.301,1572.1750000000002
885.48,1557.6750000000002
885.66,1558.6750000000002
885.839,1578.1750000000002
886.019,1550.1750000000002
886.198,1606.6750000000002
886.378,1558.1750000000002
886.557,1534.1750000000002
886.737,1508.1750000000002
886.916,1519.1750000000002
887.095,1507.1750000000002
887.275,1526.1750000000002
887.454,1540.1750000000002
887.633,1510.6750000000002
887.813,1545.1750000000002
887.992,1524.1750000000002
888.171,1527.6750000000002
888.35,1470.1750000000002
888.53,1494.6750000000002
888.709,1513.1750000000002
888.888,1459.6750000000002
889.067,1502.6750000000002
889.246,1531.6750000000002
889.425,1506.6750000000002
889.604,1492.6750000000002
889.783,1521.6750000000002
889.962,1497.1750000000002
890.141,1475.6750000000002
890.32,1510.6750000000002
890.499,1494.6750000000002
890.678,1461.1750000000002
890.857,1510.6750000000002
891.036,1479.6750000000002
891.214,1495.6750000000002
891.393,1440.6750000000002
891.572,1515.1750000000002
891.751,1514.6750000000002
891.93,1394.6750000000002
892.108,1530.6750000000002
892.287,1560.6750000000002
892.466,1487.1750000000002
892.644,1522.1750000000002
892.823,1459.1750000000002
893.001,1491.6750000000002
893.18,1481.1750000000002
893.359,1464.6750000000002
893.537,1509.6750000000002
893.716,1489.6750000000002
893.894,1506.1750000000002
894.073,1484.6750000000002
894.251,1460.6750000000002
894.429,1549.1750000000002
894.608,1492.1750000000002
894.786,1483.6750000000002
894.964,1528.6750000000002
895.143,1495.1750000000002
895.321,1475.6750000000002
895.499,1462.1750000000002
895.677,1492.6750000000002
895.856,1517.6750000000002
896.034,1510.1750000000002
896.212,1513.6750000000002
896.39,1533.1750000000002
896.568,1503.1750000000002
896.746,1606.1750000000002
896.924,1511.1750000000002
897.102,1515.6750000000002
897.28,1555.1750000000002
897.458,1581.6750000000002
897.636,1469.1750000000002
897.814,1612.1750000000002
897.992,1532.6750000000002
898.17,1534.6750000000002
898.348,1603.6750000000002
898.526,1523.1750000000002
898.704,1508.6750000000002
898.882,1578.1750000000002
899.059,1509.6750000000002
899.237,1521.6750000000002
899.415,1557.1750000000002
899.593,1606.1750000000002
899.77,1607.6750000000002
899.948,1580.6750000000002
900.125,1616.6750000000002
900.303,1620.1750000000002
900.481,1549.6750000000002
900.658,1568.1750000000002
900.836,1556.6750000000002
901.013,1612.1750000000002
901.191,1619.6750000000002
901.368,1630.1750000000002
901.546,1620.1750000000002
901.723,1638.6750000000002
901.901,1672.6750000000002
902.078,1807.1750000000002
902.255,1677.1750000000002
902.433,1747.1750000000002
902.61,1785.6750000000002
902.787,1709.1750000000002
902.964,1812.175
903.142,1770.6750000000002
903.319,1878.675
903.496,1911.175
903.673,1879.675
903.85,1891.175
904.027,1989.175
904.204,2097.175
904.381,2132.675
904.558,2491.175
904.735,2736.175
904.912,2789.175
905.089,2805.175
905.266,2670.175
905.443,2464.675
905.62,2304.675
905.797,2207.175
905.974,2194.675
906.151,2116.175
906.327,2170.175
906.504,2080.175
906.681,1955.675
906.858,2012.675
907.034,1964.675
907.211,1952.175
907.388,1905.675
907.564,1898.675
907.741,1858.175
907.917,1846.675
908.094,1819.175
908.271,1766.1750000000002
908.447,1710.6750000000002
908.623,1734.6750000000002
908.8,1674.1750000000002
908.976,1686.6750000000002
909.153,1714.6750000000002
909.329,1685.1750000000002
909.505,1681.1750000000002
909.682,1623.6750000000002
909.858,1697.6750000000002
910.034,1640.1750000000002
910.211,1674.6750000000002
910.387,1687.1750000000002
910.563,1634.1750000000002
910.739,1635.1750000000002
910.915,1653.1750000000002
911.091,1628.1750000000002
911.268,1636.6750000000002
911.444,1585.6750000000002
911.62,1605.6750000000002
911.796,1632.6750000000002
911.972,1681.1750000000002
912.148,1633.6750000000002
912.324,1637.6750000000002
912.5,1620.1750000000002
912.676,1610.6750000000002
912.851,1541.6750000000002
913.027,1613.6750000000002
913.203,1665.6750000000002
913.379,1631.1750000000002
913.555,1598.6750000000002
913.73,1624.1750000000002
913.906,1645.6750000000002
914.082,1618.6750000000002
914.258,1586.1750000000002
914.433,1610.6750000000002
914.609,1570.1750000000002
914.784,1619.6750000000002
914.96,1579.6750000000002
915.136,1581.1750000000002
915.311,1678.1750000000002
915.487,1616.1750000000002
915.662,1597.6750000000002
915.838,1674.1750000000002
916.013,1629.6750000000002
916.189,1636.6750000000002
916.364,1607.6750000000002
916.539,1586.6750000000002
916.715,1591.6750000000002
916.89,1655.1750000000002
917.065,1556.6750000000002
917.24,1621.1750000000002
917.416,1680.6750000000002
917.591,1621.1750000000002
917.766,1616.1750000000002
917.941,1585.6750000000002
918.116,1647.6750000000002
918.292,1652.6750000000002
918.467,1608.1750000000002
918.642,1628.1750000000002
918.817,1660.6750000000002
918.992,1607.6750000000002
919.167,1634.1750000000002
919.342,1680.1750000000002
919.517,1682.1750000000002
919.692,1701.6750000000002
919.867,1686.1750000000002
920.041,1694.6750000000002
920.216,1735.1750000000002
920.391,1758.6750000000002
920.566,1738.6750000000002
920.741,1746.1750000000002
920.915,1801.675
921.09,1899.175
921.265,2187.175
921.439,2290.175
921.614,2111.675
921.789,1974.675
921.963,1953.175
922.138,1927.175
922.312,1921.175
922.487,1852.175
922.661,1857.675
922.836,2047.175
923.01,2087.675
923.185,1970.175
923.359,1875.175
923.534,1904.175
923.708,1961.675
923.882,2060.175
924.057,1973.175
924.231,1952.175
924.405,1981.675
924.579,1911.675
924.753,1882.675
924.928,1942.175
925.102,1908.675
925.276,1913.175
925.45,1838.175
925.624,1908.175
925.798,2010.675
925.972,2066.175
926.146,2104.175
926.32,2423.675
926.494,2488.175
926.668,2639.675
926.842,2696.175
927.016,2681.175
927.19,2654.675
927.363,2564.175
927.537,2450.175
927.711,2448.675
927.885,2321.675
928.058,2308.175
928.232,2209.175
928.406,2208.175
928.579,2169.175
928.753,2117.175
928.927,2130.675
929.1,2022.175
929.274,2014.675
929.447,1995.175
929.621,1966.175
929.794,2012.675
929.968,1983.675
930.141,1866.675
930.315,1859.675
930.488,1832.175
930.661,1863.1750000000002
930.835,1847.6750000000002
931.008,1862.675
931.181,1843.6750000000002
931.354,1825.6750000000002
931.528,1779.6750000000002
931.701,1729.1750000000002
931.874,1783.6750000000002
932.047,1782.1750000000002
932.22,1775.1750000000002
932.393,1794.6750000000002
932.566,1684.6750000000002
932.739,1730.1750000000002
932.912,1736.6750000000002
933.085,1695.1750000000002
933.258,1683.1750000000002
933.431,1599.6750000000002
933.604,1683.6750000000002
933.777,1721.1750000000002
933.95,1686.1750000000002
934.123,1690.6750000000002
934.296,1626.1750000000002
934.468,1607.1750000000002
934.641,1643.6750000000002
934.814,1618.1750000000002
934.987,1643.1750000000002
935.159,1715.6750000000002
935.332,1650.6750000000002
935.505,1689.1750000000002
935.677,1647.6750000000002
935.85,1713.1750000000002
936.022,1693.6750000000002
936.195,1656.6750000000002
936.367,1658.1750000000002
936.54,1702.6750000000002
936.712,1699.6750000000002
936.885,1667.1750000000002
937.057,1688.6750000000002
937.229,1758.6750000000002
937.402,1773.1750000000002
937.574,1794.6750000000002
937.746,1836.1750000000002
937.919,1838.6750000000002
938.091,1904.675
938.263,2057.675
938.435,2084.675
938.608,2428.675
938.78,2724.675
938.952,2805.675
939.124,2815.175
939.296,3177.675
939.468,3333.675
939.64,2900.175
939.812,2629.175
939.984,2474.675
940.156,2332.675
940.328,2198.675
940.5,2158.675
940.672,2120.675
940.843,1987.675
941.015,1912.675
941.187,1898.675
941.359,1865.675
941.531,1811.1750000000002
941.702,1841.175
941.874,1841.675
942.046,1765.1750000000002
942.217,1749.6750000000002
942.389,1715.6750000000002
942.56,1710.6750000000002
942.732,1650.6750000000002
942.904,1665.1750000000002
943.075,1590.6750000000002
943.247,1585.6750000000002
943.418,1648.6750000000002
943.589,1647.1750000000002
943.761,1598.6750000000002
943.932,1631.1750000000002
944.104,1670.1750000000002
944.275,1619.6750000000002
944.446,1633.6750000000002
944.617,1626.6750000000002
944.789,1621.6750000000002
944.96,1541.6750000000002
945.131,1613.6750000000002
945.302,1528.1750000000002
945.473,1551.1750000000002
945.645,1607.6750000000002
945.816,1630.6750000000002
945.987,1628.1750000000002
946.158,1673.6750000000002
946.329,1632.1750000000002
946.5,1648.6750000000002
946.671,1584.1750000000002
946.842,1599.6750000000002
947.013,1584.6750000000002
947.183,1532.1750000000002
947.354,1567.1750000000002
947.525,1502.6750000000002
947.696,1518.1750000000002
947.867,1556.6750000000002
948.037,1452.6750000000002
948.208,1549.1750000000002
948.379,1543.1750000000002
948.55,1521.6750000000002
948.72,1541.6750000000002
948.891,1576.6750000000002
949.061,1484.1750000000002
949.232,1474.1750000000002
949.403,1441.6750000000002
949.573,1558.1750000000002
949.744,1514.6750000000002
949.914,1537.6750000000002
950.085,1556.1750000000002
950.255,1487.1750000000002
950.425,1474.1750000000002
950.596,1495.1750000000002
950.766,1495.6750000000002
950.936,1502.6750000000002
951.107,1568.1750000000002
951.277,1459.6750000000002
951.447,1452.6750000000002
951.617,1502.1750000000002
951.788,1433.6750000000002
951.958,1450.6750000000002
952.128,1464.1750000000002
952.298,1472.6750000000002
952.468,1432.1750000000002
952.638,1481.1750000000002
952.808,1395.1750000000002
952.978,1473.1750000000002
953.148,1446.6750000000002
953.318,1474.6750000000002
953.488,1433.1750000000002
953.658,1449.6750000000002
953.828,1522.6750000000002
953.998,1416.1750000000002
954.167,1436.1750000000002
954.337,1422.6750000000002
954.507,1414.1750000000002
954.677,1450.1750000000002
954.846,1438.6750000000002
955.016,1435.6750000000002
955.186,1411.6750000000002
955.355,1428.6750000000002
955.525,1403.6750000000002
955.695,1463.6750000000002
955.864,1468.6750000000002
956.034,1424.6750000000002
956.203,1375.1750000000002
956.373,1375.6750000000002
956.542,1410.1750000000002
956.711,1398.6750000000002
956.881,1440.1750000000002
957.05,1339.1750000000002
957.22,1412.6750000000002
957.389,1324.6750000000002
957.558,1431.6750000000002
957.727,1363.6750000000002
957.897,1417.1750000000002
958.066,1383.6750000000002
958.235,1364.6750000000002
958.404,1308.6750000000002
958.573,1387.6750000000002
958.743,1340.1750000000002
958.912,1370.1750000000002
959.081,1333.6750000000002
959.25,1351.6750000000002
959.419,1293.6750000000002
959.588,1393.6750000000002
959.757,1362.6750000000002
959.926,1372.1750000000002
960.094,1370.6750000000002
960.263,1400.1750000000002
960.432,1392.1750000000002
960.601,1279.1750000000002
960.77,1401.6750000000002
960.939,1431.6750000000002
961.107,1374.1750000000002
961.276,1315.1750000000002
961.445,1374.6750000000002
961.613,1351.1750000000002
961.782,1323.6750000000002
961.951,1386.6750000000002
962.119,1351.1750000000002
962.288,1349.6750000000002
962.456,1326.1750000000002
962.625,1360.1750000000002
962.793,1331.6750000000002
962.962,1392.1750000000002
963.13,1301.1750000000002
963.298,1365.6750000000002
963.467,1340.6750000000002
963.635,1371.1750000000002
963.803,1348.6750000000002
963.972,1356.1750000000002
964.14,1396.6750000000002
964.308,1370.1750000000002
964.477,1367.1750000000002
964.645,1351.1750000000002
964.813,1366.6750000000002
964.981,1356.1750000000002
965.149,1348.6750000000002
965.317,1366.6750000000002
965.485,1336.1750000000002
965.653,1363.6750000000002
965.821,1359.6750000000002
965.989,1283.6750000000002
966.157,1317.1750000000002
966.325,1346.6750000000002
966.493,1403.6750000000002
966.661,1312.6750000000002
966.829,1360.6750000000002
966.996,1351.6750000000002
967.164,1374.1750000000002
967.332,1362.6750000000002
967.5,1356.6750000000002
967.667,1410.1750000000002
967.835,1373.1750000000002
968.003,1367.1750000000002
968.17,1358.6750000000002
968.338,1377.1750000000002
968.505,1379.1750000000002
968.673,1364.6750000000002
968.841,1353.1750000000002
969.008,1329.6750000000002
969.175,1329.6750000000002
969.343,1340.6750000000002
969.51,1374.6750000000002
969.678,1380.1750000000002
969.845,1373.1750000000002
970.012,1380.6750000000002
970.18,1371.6750000000002
970.347,1307.1750000000002
970.514,1389.6750000000002
970.681,1399.6750000000002
970.849,1384.1750000000002
971.016,1423.6750000000002
971.183,1436.6750000000002
971.35,1452.6750000000002
971.517,1355.1750000000002
971.684,1383.1750000000002
971.851,1349.1750000000002
972.018,1410.6750000000002
972.185,1427.6750000000002
972.352,1389.6750000000002
972.519,1419.6750000000002
972.686,1391.1750000000002
972.853,1438.6750000000002
973.02,1395.1750000000002
973.186,1374.6750000000002
973.353,1398.1750000000002
973.52,1363.1750000000002
973.687,1407.6750000000002
973.853,1442.1750000000002
974.02,1412.6750000000002
974.187,1446.6750000000002
974.353,1423.6750000000002
974.52,1434.6750000000002
974.687,1411.6750000000002
974.853,1432.6750000000002
975.02,1356.1750000000002
975.186,1416.1750000000002
975.353,1383.1750000000002
975.519,1455.1750000000002
975.685,1375.1750000000002
975.852,1387.1750000000002
976.018,1367.1750000000002
976.184,1386.6750000000002
976.351,1395.1750000000002
976.517,1312.6750000000002
976.683,1383.1750000000002
976.849,1354.1750000000002
977.016,1327.1750000000002
977.182,1311.6750000000002
977.348,1298.6750000000002
977.514,1367.6750000000002
977.68,1307.1750000000002
977.846,1350.6750000000002
978.012,1296.1750000000002
978.178,1379.6750000000002
978.344,1392.6750000000002
978.51,1312.6750000000002
978.676,1337.1750000000002
978.842,1359.1750000000002
979.008,1353.1750000000002
979.174,1340.6750000000002
979.34,1366.6750000000002
979.505,1366.6750000000002
979.671,1372.6750000000002
979.837,1357.1750000000002
980.003,1370.6750000000002
980.168,1340.1750000000002
980.334,1361.1750000000002
980.499,1364.6750000000002
980.665,1360.1750000000002
980.831,1361.1750000000002
980.996,1383.1750000000002
981.162,1333.1750000000002
981.327,1413.1750000000002
981.493,1413.6750000000002
981.658,1382.1750000000002
981.823,1366.1750000000002
981.989,1363.6750000000002
982.154,1430.1750000000002
982.319,1374.1750000000002
982.485,1457.1750000000002
982.65,1405.1750000000002
982.815,1348.1750000000002
982.98,1374.1750000000002
983.146,1425.1750000000002
983.311,1431.6750000000002
983.476,1400.1750000000002
983.641,1383.6750000000002
983.806,1460.1750000000002
983.971,1333.6750000000002
984.136,1373.6750000000002
984.301,1380.6750000000002
984.466,1380.6750000000002
984.631,1396.1750000000002
984.796,1422.6750000000002
984.961,1410.6750000000002
985.126,1383.1750000000002
985.291,1354.6750000000002
985.455,1371.6750000000002
985.62,1397.6750000000002
985.785,1360.6750000000002
985.95,1399.6750000000002
986.114,1388.1750000000002
986.279,1378.6750000000002
986.444,1442.6750000000002
986.608,1379.6750000000002
986.773,1381.6750000000002
986.937,1419.1750000000002
987.102,1413.6750000000002
987.266,1383.1750000000002
987.431,1473.1750000000002
987.595,1372.1750000000002
987.76,1393.6750000000002
987.924,1456.1750000000002
988.088,1428.6750000000002
988.253,1455.1750000000002
988.417,1395.6750000000002
988.581,1377.6750000000002
988.746,1336.6750000000002
988.91,1461.6750000000002
989.074,1416.6750000000002
989.238,1366.1750000000002
989.402,1341.6750000000002
989.566,1395.6750000000002
989.731,1351.1750000000002
989.895,1381.6750000000002
990.059,1412.6750000000002
990.223,1403.1750000000002
990.387,1386.6750000000002
990.551,1349.1750000000002
990.714,1333.6750000000002
990.878,1429.1750000000002
991.042,1391.6750000000002
991.206,1406.1750000000002
991.37,1340.1750000000002
991.534,1422.6750000000002
991.697,1408.1750000000002
991.861,1382.1750000000002
992.025,1375.1750000000002
992.188,1402.6750000000002
992.352,1358.1750000000002
992.516,1403.6750000000002
992.679,1412.6750000000002
992.843,1391.1750000000002
993.006,1379.6750000000002
993.17,1424.6750000000002
993.333,1369.6750000000002
993.497,1471.6750000000002
993.66,1400.6750000000002
993.824,1381.6750000000002
993.987,1420.6750000000002
994.15,1443.1750000000002
994.314,1428.1750000000002
994.477,1416.1750000000002
994.64,1415.1750000000002
994.803,1437.1750000000002
994.967,1413.6750000000002
995.13,1454.6750000000002
995.293,1404.6750000000002
995.456,1388.6750000000002
995.619,1346.1750000000002
995.782,1318.1750000000002
995.945,1454.6750000000002
996.108,1448.1750000000002
996.271,1355.6750000000002
996.434,1424.6750000000002
996.597,1375.6750000000002
996.76,1393.6750000000002
996.923,1400.1750000000002
997.086,1369.6750000000002
997.248,1385.6750000000002
997.411,1355.6750000000002
997.574,1420.6750000000002
997.737,1406.1750000000002
997.899,1364.1750000000002
998.062,1368.1750000000002
998.225,1408.6750000000002
998.387,1367.6750000000002
998.55,1361.1750000000002
998.712,1342.1750000000002
998.875,1387.1750000000002
999.037,1374.6750000000002
999.2,1395.1750000000002
999.362,1370.1750000000002
999.525,1403.6750000000002
999.687,1364.6750000000002
999.849,1329.1750000000002
1000.012,1425.6750000000002
1000.174,1392.1750000000002
1000.336,1355.6750000000002
1000.499,1419.1750000000002
1000.661,1405.6750000000002
1000.823,1417.6750000000002
1000.985,1469.1750000000002
1001.147,1486.6750000000002
1001.309,1497.1750000000002
1001.471,1449.1750000000002
1001.633,1438.1750000000002
1001.796,1480.1750000000002
1001.958,1487.1750000000002
1002.119,1598.6750000000002
1002.281,1622.1750000000002
1002.443,1696.1750000000002
1002.605,1808.175
1002.767,1826.675
1002.929,1927.675
1003.091,2012.675
1003.252,2131.175
1003.414,2284.675
1003.576,2387.675
1003.738,2490.175
1003.899,2651.175
1004.061,2730.175
1004.222,3005.175
1004.384,3093.675
1004.546,3260.675
1004.707,3246.675
1004.869,3275.175
1005.03,3180.675
1005.191,3039.175
1005.353,2944.675
1005.514,2869.675
1005.675,2607.175
1005.837,2566.675
1005.998,2498.675
1006.159,2447.175
1006.321,2475.175
1006.482,2619.175
1006.643,2691.175
1006.804,2788.175
1006.965,2898.675
1007.126,2902.675
1007.287,2927.675
1007.448,2860.175
1007.609,2801.175
1007.77,2742.675
1007.931,2751.175
1008.092,2796.175
1008.253,2819.175
1008.414,2897.175
1008.575,2893.675
1008.736,2985.175
1008.896,2880.175
1009.057,2846.675
1009.218,2875.675
1009.379,2851.675
1009.539,2884.675
1009.7,3086.675
1009.86,2997.175
1010.021,2958.175
1010.182,2939.675
1010.342,2944.675
1010.503,3013.175
1010.663,3159.175
1010.823,3195.175
1010.984,3178.175
1011.144,3141.175
1011.305,3282.675
1011.465,3362.675
1011.625,3422.675
1011.785,3532.175
1011.946,3380.675
1012.106,3372.175
1012.266,3408.675
1012.426,3404.675
1012.586,3492.675
1012.746,3335.175
1012.906,3271.175
1013.066,3337.675
1013.226,3394.675
1013.386,3424.175
1013.546,3409.175
1013.706,3298.675
1013.866,3392.175
1014.026,3395.675
1014.186,3417.175
1014.346,3422.175
1014.505,3557.675
1014.665,3634.675
1014.825,3561.175
1014.985,3545.175
1015.144,3742.175
1015.304,4074.175
1015.464,3851.675
1015.623,3811.175
1015.783,4216.175
1015.942,4607.674999999999
1016.102,4428.174999999999
1016.261,4341.174999999999
1016.42,4846.174999999999
1016.58,5314.674999999999
1016.739,5277.174999999999
1016.899,5088.674999999999
1017.058,5394.174999999999
1017.217,5741.674999999999
1017.376,5386.674999999999
1017.536,4970.174999999999
1017.695,5023.174999999999
1017.854,5141.674999999999
1018.013,5001.674999999999
1018.172,4659.174999999999
1018.331,4543.674999999999
1018.49,4858.174999999999
1018.649,5152.174999999999
1018.808,5369.674999999999
1018.967,5462.174999999999
1019.126,5463.674999999999
1019.285,5573.674999999999
1019.444,5483.674999999999
1019.603,5303.674999999999
1019.762,4949.674999999999
1019.921,5115.174999999999
1020.079,5379.174999999999
1020.238,5803.674999999999
1020.397,5589.174999999999
1020.555,5175.174999999999
1020.714,5325.174999999999
1020.873,5789.674999999999
1021.031,5889.674999999999
1021.19,5465.174999999999
1021.348,5410.674999999999
1021.507,6022.174999999999
1021.665,6401.674999999999
1021.824,5977.674999999999
1021.982,5536.174999999999
1022.141,5457.674999999999
1022.299,6387.674999999999
1022.457,6617.674999999999
1022.616,5987.174999999999
1022.774,5327.674999999999
1022.932,5622.174999999999
1023.09,6485.674999999999
1023.249,6563.674999999999
1023.407,5879.174999999999
1023.565,5406.174999999999
1023.723,5839.674999999999
1023.881,6578.674999999999
1024.039,6624.674999999999
1024.197,6055.174999999999
1024.355,5628.174999999999
1024.513,5867.174999999999
1024.671,6664.674999999999
1024.829,6586.674999999999
1024.987,6276.174999999999
1025.145,5611.174999999999
1025.302,5964.674999999999
1025.46,6663.674999999999
1025.618,7211.674999999999
1025.776,6357.674999999999
1025.933,5752.174999999999
1026.091,6150.174999999999
1026.249,6871.674999999999
1026.406,7226.174999999999
1026.564,6779.174999999999
1026.721,6129.674999999999
1026.879,6071.674999999999
1027.036,6784.174999999999
1027.194,7317.675
1027.351,7327.175
1027.509,6590.174999999999
1027.666,6054.174999999999
1027.823,6628.174999999999
1027.981,7097.174999999999
1028.138,7565.175
1028.295,6887.174999999999
1028.452,6354.674999999999
1028.609,6233.174999999999
1028.767,7007.674999999999
1028.924,7690.175
1029.081,7554.175
1029.238,7212.674999999999
1029.395,6608.174999999999
1029.552,6857.174999999999
1029.709,7467.675
1029.866,7817.675
1030.023,7553.675
1030.18,6809.674999999999
1030.337,6703.174999999999
1030.494,7035.674999999999
1030.65,7557.675
1030.807,8070.175
1030.964,7454.675
1031.121,7128.174999999999
1031.277,6706.674999999999
1031.434,7166.674999999999
1031.591,7782.675
1031.747,8067.675
1031.904,7928.175
1032.06,7478.675
1032.217,7361.175
1032.373,8075.175
1032.53,8194.675
1032.686,9178.675
1032.843,9073.675
1032.999,8533.675
1033.155,8870.675
1033.312,8788.175
1033.468,10302.175
1033.624,10977.675
1033.78,11389.175
1033.937,11717.675
1034.093,10707.675
1034.249,11164.675
1034.405,10976.675
1034.561,12120.175
1034.717,12605.175
1034.873,12373.675
1035.029,12671.175
1035.185,11848.675
1035.341,11551.175
1035.497,12479.675
1035.653,12726.175
1035.809,13741.675
1035.964,14635.675
1036.12,13661.175
1036.276,13643.175
1036.432,13568.675
1036.587,12963.675
1036.743,13846.175
1036.899,15045.175
1037.054,15164.675
1037.21,16543.6745
1037.365,16522.1745
1037.521,15163.675
1037.676,15052.175
1037.832,13956.675
1037.987,14561.175
1038.143,14814.174500000001
1038.298,16622.6745
1038.453,16846.6745
1038.609,18149.1745
1038.764,18900.1745
1038.919,17320.1745
1039.074,17486.1745
1039.229,16496.1745
1039.385,16599.6745
1039.54,17306.6745
1039.695,18150.1745
1039.85,20210.6745
1040.005,20715.1745
1040.16,21710.6745
1040.315,21235.1745
1040.47,20764.6745
1040.625,19589.1745
1040.78,19233.6745
1040.935,18824.6745
1041.089,19509.1745
1041.244,22515.1745
1041.399,23319.1745
1041.554,24813.6745
1041.708,26975.6745
1041.863,26698.1745
1042.018,25269.6745
1042.172,25294.1745
1042.327,23583.1745
1042.481,24053.6745
1042.636,24265.6745
1042.791,24532.1745
1042.945,28545.1745
1043.099,31632.6745
1043.254,30528.6745
1043.408,31114.1745
1043.563,33799.1745
1043.717,33806.1745
1043.871,31120.1745
1044.025,30776.1745
1044.18,29134.1745
1044.334,29301.6745
1044.488,29898.6745
1044.642,31252.1745
1044.796,35070.173500000004
1044.95,39541.173500000004
1045.104,42062.173500000004
1045.258,43132.673500000004
1045.412,42365.673500000004
1045.566,40569.173500000004
1045.72,39274.673500000004
1045.874,36445.673500000004
1046.028,33964.1745
1046.182,33240.6745
1046.336,35672.173500000004
1046.489,37034.673500000004
1046.643,38053.173500000004
1046.797,41483.673500000004
1046.951,42999.173500000004
1047.104,42819.173500000004
1047.258,45123.673500000004
1047.411,47956.673500000004
1047.565,47284.673500000004
1047.719,44388.173500000004
1047.872,43364.173500000004
1048.026,42001.673500000004
1048.179,41764.173500000004
1048.332,40623.173500000004
1048.486,40503.673500000004
1048.639,41165.173500000004
1048.792,42060.173500000004
1048.946,45601.673500000004
1049.099,49865.673500000004
1049.252,51079.673500000004
1049.406,47499.673500000004
1049.559,49173.673500000004
1049.712,54094.173500000004
1049.865,57982.173500000004
1050.018,57404.173500000004
1050.171,50007.173500000004
1050.324,46997.173500000004
1050.477,49915.673500000004
1050.63,53279.673500000004
1050.783,55472.173500000004
1050.936,51759.173500000004
1051.089,48968.173500000004
1051.242,52157.173500000004
1051.394,57328.673500000004
1051.547,59445.673500000004
1051.7,56007.673500000004
1051.853,53981.673500000004
1052.005,57592.673500000004
1052.158,62114.673500000004
1052.311,64145.173500000004
1052.463,63742.173500000004
1052.616,61639.173500000004
1052.768,56387.673500000004
1052.921,53851.673500000004
1053.073,56799.173500000004
1053.226,62057.673500000004
1053.378,64768.673500000004
1053.531,64797.673500000004
1053.683,64819.673500000004
1053.835,61868.173500000004
1053.988,49528.173500000004
