237.496,888.775
237.566,945.775
237.636,886.775
237.705,854.775
237.775,888.775
237.845,933.775
237.914,927.775
237.984,906.775
238.054,900.775
238.123,895.775
238.193,909.775
238.263,892.775
238.332,865.775
238.402,912.775
238.471,940.775
238.541,891.775
238.611,916.775
238.68,921.775
238.75,895.775
238.819,877.775
238.889,896.775
238.958,911.775
239.028,915.775
239.097,908.775
239.167,885.775
239.237,847.775
239.306,960.775
239.376,940.775
239.445,908.775
239.515,969.775
239.584,862.775
239.654,893.775
239.723,844.775
239.793,921.775
239.862,839.775
239.932,882.775
240.001,875.775
240.07,879.775
240.14,837.775
240.209,912.775
240.279,889.775
240.348,862.775
240.418,904.775
240.487,829.775
240.556,855.775
240.626,895.775
240.695,907.775
240.765,921.775
240.834,915.775
240.903,924.775
240.973,850.775
241.042,874.775
241.112,861.775
241.181,850.775
241.25,898.775
241.32,886.775
241.389,831.775
241.458,821.775
241.528,887.775
241.597,841.775
241.666,818.775
241.736,856.775
241.805,923.775
241.874,814.775
241.943,861.775
242.013,897.775
242.082,796.775
242.151,888.775
242.221,827.775
242.29,883.775
242.359,837.775
242.428,844.775
242.498,844.775
242.567,878.775
242.636,878.775
242.705,883.775
242.774,889.775
242.844,816.775
242.913,876.775
242.982,864.775
243.051,826.775
243.12,815.775
243.19,796.775
243.259,888.775
243.328,839.775
243.397,857.775
243.466,868.775
243.535,823.775
243.605,819.775
243.674,868.775
243.743,875.775
243.812,776.775
243.881,824.775
243.95,780.775
244.019,892.775
244.088,818.775
244.158,831.775
244.227,780.775
244.296,778.775
244.365,805.775
244.434,828.775
244.503,872.775
244.572,779.775
244.641,856.775
244.71,813.775
244.779,857.775
244.848,869.775
244.917,768.775
244.986,791.775
245.055,821.775
245.124,775.775
245.193,801.775
245.262,777.775
245.331,806.775
245.4,757.775
245.469,738.775
245.538,697.775
245.607,689.775
245.676,774.775
245.745,725.775
245.814,725.775
245.883,719.775
245.952,721.775
246.021,707.775
246.09,683.775
246.159,773.775
246.227,700.775
246.296,787.775
246.365,686.775
246.434,696.775
246.503,687.775
246.572,681.775
246.641,742.775
246.71,723.775
246.779,669.775
246.847,728.775
246.916,681.775
246.985,706.775
247.054,710.775
247.123,721.775
247.192,697.775
247.26,681.775
247.329,693.775
247.398,702.775
247.467,613.775
247.536,691.775
247.604,645.775
247.673,673.775
247.742,698.775
247.811,665.775
247.879,658.775
247.948,677.775
248.017,645.775
248.086,728.775
248.154,703.775
248.223,653.775
248.292,637.775
248.361,723.775
248.429,743.775
248.498,610.775
248.567,687.775
248.635,697.775
248.704,670.775
248.773,698.775
248.841,657.775
248.91,650.775
248.979,593.775
249.047,647.775
249.116,690.775
249.185,629.775
249.253,676.775
249.322,657.775
249.39,634.775
249.459,662.775
249.528,641.775
249.596,669.775
249.665,663.775
249.733,733.775
249.802,614.775
249.871,637.775
249.939,603.775
250.008,632.775
250.076,641.775
250.145,719.775
250.213,581.775
250.282,604.775
250.35,573.775
250.419,667.775
250.487,562.775
250.556,615.775
250.624,577.775
250.693,605.775
250.761,596.775
250.83,630.775
250.898,614.775
250.967,611.775
251.035,617.775
251.104,656.775
251.172,560.775
251.241,621.775
251.309,608.775
251.378,559.775
251.446,591.775
251.514,593.775
251.583,589.775
251.651,581.775
251.72,572.775
251.788,604.775
251.856,631.775
251.925,643.775
251.993,607.775
252.062,623.775
252.13,563.775
252.198,626.775
252.267,608.775
252.335,594.775
252.403,554.775
252.472,562.775
252.54,576.775
252.608,561.775
252.677,594.775
252.745,577.775
252.813,585.775
252.881,558.775
252.95,483.775
253.018,526.775
253.086,559.775
253.155,555.775
253.223,446.775
253.291,476.775
253.359,467.775
253.428,480.775
253.496,514.775
253.564,473.775
253.632,461.775
253.7,464.775
253.769,482.775
253.837,502.775
253.905,431.775
253.973,453.775
254.041,437.775
254.11,428.775
254.178,395.775
254.246,464.775
254.314,441.775
254.382,433.775
254.45,491.775
254.518,470.775
254.587,452.775
254.655,437.775
254.723,505.775
254.791,490.775
254.859,473.775
254.927,455.775
254.995,471.775
255.063,443.775
255.131,448.775
255.199,491.775
255.267,476.775
255.336,378.775
255.404,472.775
255.472,472.775
255.54,512.775
255.608,464.775
255.676,515.775
255.744,554.775
255.812,490.775
255.88,463.775
255.948,460.775
256.016,500.775
256.084,460.775
256.152,475.775
256.22,514.775
256.288,547.775
256.356,517.775
256.424,543.775
256.491,524.775
256.559,543.775
256.627,530.775
256.695,569.775
256.763,554.775
256.831,575.775
256.899,554.775
256.967,649.775
257.035,577.775
257.103,629.775
257.171,558.775
257.238,575.775
257.306,631.775
257.374,613.775
257.442,611.775
257.51,613.775
257.578,580.775
257.646,682.775
257.713,657.775
257.781,662.775
257.849,663.775
257.917,660.775
257.985,730.775
258.052,699.775
258.12,668.775
258.188,704.775
258.256,698.775
258.324,740.775
258.391,782.775
258.459,738.775
258.527,735.775
258.595,786.775
258.662,790.775
258.73,851.775
258.798,867.775
258.865,832.775
258.933,821.775
259.001,823.775
259.069,866.775
259.136,916.775
259.204,917.775
259.272,957.775
259.339,864.775
259.407,922.775
259.475,877.775
259.542,973.775
259.61,941.775
259.677,983.775
259.745,954.775
259.813,985.775
259.88,1013.775
259.948,1083.775
260.016,1100.775
260.083,1037.775
260.151,1045.775
260.218,1081.775
260.286,1128.775
260.353,1049.775
260.421,1119.775
260.489,1129.775
260.556,1135.775
260.624,1160.775
260.691,1199.775
260.759,1252.775
260.826,1173.775
260.894,1274.775
260.961,1185.775
261.029,1254.775
261.096,1302.775
261.164,1359.775
261.231,1316.775
261.299,1233.775
261.366,1299.775
261.434,1358.775
261.501,1252.775
261.568,1337.775
261.636,1403.775
261.703,1408.775
261.771,1384.775
261.838,1357.775
261.906,1435.775
261.973,1382.775
262.04,1479.775
262.108,1448.775
262.175,1447.775
262.243,1418.775
262.31,1536.775
262.377,1518.775
262.445,1542.775
262.512,1562.775
262.579,1529.775
262.647,1527.775
262.714,1613.775
262.781,1582.775
262.849,1621.775
262.916,1603.775
262.983,1632.775
263.051,1667.775
263.118,1610.775
263.185,1693.775
263.252,1718.775
263.32,1747.775
263.387,1696.775
263.454,1689.775
263.522,1771.775
263.589,1752.775
263.656,1812.775
263.723,1798.775
263.79,1831.775
263.858,1772.775
263.925,1807.775
263.992,1813.775
264.059,1902.775
264.126,1778.775
264.194,1828.775
264.261,1898.775
264.328,1859.775
264.395,1867.775
264.462,1895.775
264.529,2059.775
264.597,2012.775
264.664,1936.775
264.731,1992.775
264.798,1984.775
264.865,1900.775
264.932,1992.775
264.999,2081.775
265.066,2039.775
265.133,2070.775
265.201,1972.775
265.268,1980.775
265.335,1971.775
265.402,1986.775
265.469,2063.775
265.536,2107.775
265.603,2226.775
265.67,2062.775
265.737,2191.775
265.804,2176.775
265.871,2224.775
265.938,2244.775
266.005,2097.775
266.072,2128.775
266.139,2242.775
266.206,2172.775
266.273,2305.775
266.34,2211.775
266.407,2279.775
266.474,2180.775
266.541,2320.775
266.608,2239.775
266.675,2248.775
266.742,2268.775
266.808,2226.775
266.875,2377.775
266.942,2258.775
267.009,2381.775
267.076,2271.775
267.143,2284.775
267.21,2369.775
267.277,2305.775
267.344,2291.775
267.41,2332.775
267.477,2274.775
267.544,2431.775
267.611,2387.775
267.678,2290.775
267.745,2340.775
267.811,2370.775
267.878,2420.775
267.945,2360.775
268.012,2412.775
268.079,2417.775
268.145,2419.775
268.212,2341.775
268.279,2400.775
268.346,2394.775
268.412,2485.775
268.479,2336.775
268.546,2407.775
268.613,2319.775
268.679,2529.775
268.746,2399.775
268.813,2466.775
268.879,2370.775
268.946,2356.775
269.013,2373.775
269.079,2426.775
269.146,2337.775
269.213,2416.775
269.28,2444.775
269.346,2311.775
269.413,2351.775
269.479,2359.775
269.546,2326.775
269.613,2392.775
269.679,2448.775
269.746,2398.775
269.813,2318.775
269.879,2461.775
269.946,2399.775
270.012,2392.775
270.079,2367.775
270.145,2368.775
270.212,2497.775
270.279,2344.775
270.345,2382.775
270.412,2326.775
270.478,2364.775
270.545,2435.775
270.611,2368.775
270.678,2250.775
270.744,2287.775
270.811,2415.775
270.877,2400.775
270.944,2462.775
271.01,2436.775
271.077,2388.775
271.143,2458.775
271.21,2421.775
271.276,2319.775
271.342,2378.775
271.409,2286.775
271.475,2349.775
271.542,2367.775
271.608,2484.775
271.675,2308.775
271.741,2412.775
271.807,2429.775
271.874,2338.775
271.94,2247.775
272.007,2346.775
272.073,2351.775
272.139,2379.775
272.206,2385.775
272.272,2506.775
272.338,2339.775
272.405,2456.775
272.471,2346.775
272.537,2295.775
272.604,2393.775
272.67,2348.775
272.736,2386.775
272.802,2415.775
272.869,2402.775
272.935,2395.775
273.001,2360.775
273.068,2403.775
273.134,2398.775
273.2,2390.775
273.266,2330.775
273.333,2299.775
273.399,2308.775
273.465,2432.775
273.531,2376.775
273.597,2325.775
273.664,2412.775
273.73,2488.775
273.796,2477.775
273.862,2454.775
273.928,2449.775
273.995,2449.775
274.061,2424.775
274.127,2563.775
274.193,2426.775
274.259,2499.775
274.325,2517.775
274.391,2598.775
274.457,2496.775
274.524,2568.775
274.59,2514.775
274.656,2467.775
274.722,2692.775
274.788,2560.775
274.854,2673.775
274.92,2677.775
274.986,2574.775
275.052,2614.775
275.118,2721.775
275.184,2617.775
275.25,2673.775
275.316,2607.775
275.382,2712.775
275.448,2745.775
275.514,2677.775
275.58,2735.775
275.646,2788.775
275.712,2808.775
275.778,2815.775
275.844,2917.775
275.91,2940.775
275.976,2898.775
276.042,3003.775
276.108,3006.775
276.174,3019.775
276.24,3065.775
276.306,2999.775
276.372,3094.775
276.437,3205.775
276.503,3272.775
276.569,3329.775
276.635,3310.775
276.701,3356.775
276.767,3447.775
276.833,3480.775
276.899,3529.775
276.964,3631.775
277.03,3666.775
277.096,3754.775
277.162,3814.775
277.228,4021.775
277.293,4132.775
277.359,4101.775
277.425,4442.775
277.491,4695.775
277.557,5481.775
277.622,7298.775
277.688,7087.775
277.754,7090.775
277.82,7934.775
277.885,9157.775
277.951,11212.775
278.017,9768.775
278.083,8544.775
278.148,8221.775
278.214,8387.775
278.28,8859.775
278.345,7848.775
278.411,7325.775
278.477,7591.775
278.542,8082.775
278.608,8518.775
278.674,9444.775
278.739,10233.775
278.805,11458.775
278.871,13620.775
278.936,16924.775
279.002,24473.775
279.067,31857.775
279.133,31093.775
279.199,28868.775
279.264,30003.775
279.33,35059.775
279.395,44723.775
279.461,54927.775
279.527,60076.775
279.592,57044.775
279.658,49888.775
279.723,48254.775
279.789,49844.775
279.854,44463.775
279.92,37353.775
279.985,34137.775
280.051,34900.775
280.116,40966.775
280.182,52076.775
280.247,57783.775
280.313,50507.775
280.378,37278.775
280.444,27292.775
280.509,21908.775
280.574,18414.775
280.64,15978.775
280.705,14211.775
280.771,12823.775
280.836,12050.775
280.902,11029.775
280.967,10478.775
281.032,9830.775
281.098,9278.775
281.163,8931.775
281.229,8503.775
281.294,8262.775
281.359,7766.775
281.425,7606.775
281.49,7366.775
281.555,7182.775
281.621,6898.775
281.686,6680.775
281.751,6482.775
281.816,6367.775
281.882,6156.775
281.947,6028.775
282.012,5873.775
282.078,5847.775
282.143,5600.775
282.208,5602.775
282.273,5603.775
282.339,5483.775
282.404,5334.775
282.469,5295.775
282.534,5056.775
282.6,5260.775
282.665,4994.775
282.73,4989.775
282.795,4884.775
282.86,4962.775
282.926,4891.775
282.991,4797.775
283.056,4753.775
283.121,4757.775
283.186,4687.775
283.251,4696.775
283.316,4659.775
283.382,4741.775
283.447,4707.775
283.512,4670.775
283.577,4569.775
283.642,4538.775
283.707,4521.775
283.772,4554.775
283.837,4491.775
283.902,4581.775
283.967,4614.775
284.032,4601.775
284.097,4482.775
284.163,4620.775
284.228,4673.775
284.293,4553.775
284.358,4691.775
284.423,4724.775
284.488,4814.775
284.553,4875.775
284.618,5047.775
284.683,5212.775
284.748,5455.775
284.812,5719.775
284.877,6314.775
284.942,7134.775
285.007,8525.775
285.072,11464.775
285.137,16296.775
285.202,20614.775
285.267,18658.775
285.332,13705.775
285.397,10191.775
285.462,8439.775
285.527,7314.775
285.591,6683.775
285.656,6129.775
285.721,5714.775
285.786,5520.775
285.851,5208.775
285.916,5034.775
285.981,4953.775
286.045,4844.775
286.11,4873.775
286.175,4637.775
286.24,4745.775
286.305,4455.775
286.369,4564.775
286.434,4563.775
286.499,4555.775
286.564,4335.775
286.628,4464.775
286.693,4265.775
286.758,4426.775
286.823,4282.775
286.887,4368.775
286.952,4196.775
287.017,4233.775
287.082,4155.775
287.146,4269.775
287.211,4138.775
287.276,4230.775
287.34,4143.775
287.405,4214.775
287.47,4035.775
287.534,4064.775
287.599,4105.775
287.663,4094.775
287.728,3923.775
287.793,4124.775
287.857,4111.775
287.922,3941.775
287.987,4090.775
288.051,4068.775
288.116,4071.775
288.18,4076.775
288.245,4067.775
288.309,4050.775
288.374,3959.775
288.439,4020.775
288.503,3920.775
288.568,4136.775
288.632,3992.775
288.697,3954.775
288.761,3895.775
288.826,3959.775
288.89,3982.775
288.955,3852.775
289.019,3900.775
289.084,3982.775
289.148,4028.775
289.212,3922.775
289.277,3796.775
289.341,3843.775
289.406,3899.775
289.47,3826.775
289.535,3871.775
289.599,3977.775
289.663,3798.775
289.728,3818.775
289.792,3834.775
289.857,3810.775
289.921,3863.775
289.985,3850.775
290.05,3735.775
290.114,3911.775
290.178,3904.775
290.243,3804.775
290.307,4025.775
290.371,3996.775
290.436,3900.775
290.5,3903.775
290.564,3901.775
290.629,3877.775
290.693,3869.775
290.757,3908.775
290.821,3892.775
290.886,3851.775
290.95,3869.775
291.014,3855.775
291.078,3885.775
291.143,3870.775
291.207,4076.775
291.271,4005.775
291.335,4088.775
291.399,4165.775
291.464,4338.775
291.528,4329.775
291.592,4409.775
291.656,4176.775
291.72,4179.775
291.784,4245.775
291.849,4191.775
291.913,4075.775
291.977,4208.775
292.041,4110.775
292.105,4183.775
292.169,4092.775
292.233,4158.775
292.297,4251.775
292.361,4240.775
292.425,4396.775
292.49,4427.775
292.554,4546.775
292.618,4740.775
292.682,4925.775
292.746,5609.775
292.81,6952.775
292.874,8338.775
292.938,8540.775
293.002,7805.775
293.066,7227.775
293.13,6651.775
293.194,6621.775
293.258,6336.775
293.322,6225.775
293.386,6200.775
293.45,6630.775
293.514,7353.775
293.577,8877.775
293.641,11889.775
293.705,12645.775
293.769,11585.775
293.833,9987.775
293.897,9201.775
293.961,8155.775
294.025,7771.775
294.089,7175.775
294.152,6536.775
294.216,6243.775
294.28,5862.775
294.344,5830.775
294.408,5434.775
294.472,5236.775
294.536,5042.775
294.599,5033.775
294.663,4898.775
294.727,4731.775
294.791,4862.775
294.855,4693.775
294.918,4633.775
294.982,4472.775
295.046,4518.775
295.11,4325.775
295.173,4361.775
295.237,4231.775
295.301,4277.775
295.364,4195.775
295.428,4317.775
295.492,4319.775
295.556,4074.775
295.619,4177.775
295.683,4144.775
295.747,3989.775
295.81,3922.775
295.874,3995.775
295.938,4003.775
296.001,3950.775
296.065,3685.775
296.128,3870.775
296.192,3814.775
296.256,3780.775
296.319,3799.775
296.383,3861.775
296.447,3668.775
296.51,3721.775
296.574,3732.775
296.637,3820.775
296.701,3697.775
296.764,3623.775
296.828,3703.775
296.891,3675.775
296.955,3628.775
297.018,3569.775
297.082,3684.775
297.145,3672.775
297.209,3606.775
297.272,3682.775
297.336,3667.775
297.399,3619.775
297.463,3571.775
297.526,3550.775
297.59,3589.775
297.653,3618.775
297.717,3510.775
297.78,3536.775
297.843,3507.775
297.907,3519.775
297.97,3510.775
298.034,3455.775
298.097,3477.775
298.16,3534.775
298.224,3496.775
298.287,3463.775
298.35,3482.775
298.414,3627.775
298.477,3448.775
298.54,3415.775
298.604,3404.775
298.667,3377.775
298.73,3278.775
298.794,3402.775
298.857,3358.775
298.92,3384.775
298.984,3319.775
299.047,3394.775
299.11,3345.775
299.173,3268.775
299.237,3202.775
299.3,3434.775
299.363,3237.775
299.426,3289.775
299.489,3247.775
299.553,3259.775
299.616,3236.775
299.679,3111.775
299.742,3239.775
299.805,3170.775
299.868,3104.775
299.932,3262.775
299.995,3306.775
300.058,3154.775
300.121,3070.775
300.184,3159.775
300.247,3212.775
300.31,3181.775
300.374,3246.775
300.437,3219.775
300.5,3160.775
300.563,3140.775
300.626,3101.775
300.689,3086.775
300.752,3110.775
300.815,3098.775
300.878,3150.775
300.941,3063.775
301.004,3068.775
301.067,3005.775
301.13,3117.775
301.193,3001.775
301.256,3016.775
301.319,3138.775
301.382,3047.775
301.445,3087.775
301.508,2979.775
301.571,3076.775
301.634,3065.775
301.697,2968.775
301.76,2992.775
301.823,3004.775
301.885,3010.775
301.948,3037.775
302.011,2987.775
302.074,3021.775
302.137,2927.775
302.2,2926.775
302.263,3003.775
302.326,2940.775
302.388,2951.775
302.451,2902.775
302.514,2923.775
302.577,2958.775
302.64,3056.775
302.703,2878.775
302.765,2947.775
302.828,2942.775
302.891,2942.775
302.954,2912.775
303.016,2983.775
303.079,2988.775
303.142,2951.775
303.205,2878.775
303.267,2995.775
303.33,2982.775
303.393,2912.775
303.456,2940.775
303.518,2927.775
303.581,2946.775
303.644,3039.775
303.706,2938.775
303.769,2832.775
303.832,2902.775
303.894,2942.775
303.957,2932.775
304.02,3059.775
304.082,3032.775
304.145,3012.775
304.207,2895.775
304.27,2955.775
304.333,2930.775
304.395,2954.775
304.458,2885.775
304.52,2952.775
304.583,2918.775
304.646,2986.775
304.708,2866.775
304.771,2947.775
304.833,3038.775
304.896,3018.775
304.958,3017.775
305.021,2826.775
305.083,3022.775
305.146,2965.775
305.208,3092.775
305.271,2929.775
305.333,2951.775
305.396,3072.775
305.458,2919.775
305.52,3017.775
305.583,2977.775
305.645,3072.775
305.708,2999.775
305.77,2976.775
305.833,2999.775
305.895,3037.775
305.957,3009.775
306.02,3000.775
306.082,2913.775
306.144,2968.775
306.207,2997.775
306.269,3013.775
306.331,3015.775
306.394,3001.775
306.456,2933.775
306.518,2973.775
306.581,2897.775
306.643,2970.775
306.705,3015.775
306.768,2941.775
306.83,3007.775
306.892,2987.775
306.954,3080.775
307.017,3038.775
307.079,3051.775
307.141,2984.775
307.203,3134.775
307.266,3107.775
307.328,3208.775
307.39,3090.775
307.452,3021.775
307.514,3032.775
307.577,3100.775
307.639,3133.775
307.701,3096.775
307.763,3081.775
307.825,3161.775
307.887,3091.775
307.949,3129.775
308.012,3078.775
308.074,3191.775
308.136,3109.775
308.198,3072.775
308.26,3173.775
308.322,3164.775
308.384,3144.775
308.446,3289.775
308.508,3269.775
308.57,3233.775
308.632,3229.775
308.694,3353.775
308.756,3245.775
308.818,3367.775
308.88,3193.775
308.942,3327.775
309.004,3405.775
309.066,3483.775
309.128,3532.775
309.19,3641.775
309.252,3512.775
309.314,3601.775
309.376,3622.775
309.438,3685.775
309.5,3581.775
309.562,3499.775
309.624,3599.775
309.686,3558.775
309.747,3589.775
309.809,3577.775
309.871,3548.775
309.933,3552.775
309.995,3413.775
310.057,3477.775
310.119,3401.775
310.18,3483.775
310.242,3381.775
310.304,3371.775
310.366,3279.775
310.428,3255.775
310.489,3222.775
310.551,3353.775
310.613,3336.775
310.675,3314.775
310.737,3248.775
310.798,3338.775
310.86,3293.775
310.922,3224.775
310.983,3199.775
311.045,3246.775
311.107,3267.775
311.169,3171.775
311.23,3289.775
311.292,3196.775
311.354,3345.775
311.415,3276.775
311.477,3164.775
311.539,3287.775
311.6,3177.775
311.662,3151.775
311.724,3277.775
311.785,3215.775
311.847,3236.775
311.908,3187.775
311.97,3272.775
312.032,3171.775
312.093,3328.775
312.155,3371.775
312.216,3260.775
312.278,3207.775
312.339,3192.775
312.401,3264.775
312.462,3302.775
312.524,3189.775
312.585,3216.775
312.647,3218.775
312.708,3287.775
312.77,3242.775
312.831,3377.775
312.893,3327.775
312.954,3348.775
313.016,3270.775
313.077,3251.775
313.139,3363.775
313.2,3270.775
313.261,3247.775
313.323,3392.775
313.384,3304.775
313.446,3242.775
313.507,3274.775
313.568,3340.775
313.63,3208.775
313.691,3330.775
313.752,3345.775
313.814,3154.775
313.875,3154.775
313.936,3353.775
313.998,3213.775
314.059,3239.775
314.12,3205.775
314.182,3362.775
314.243,3305.775
314.304,3161.775
314.365,3302.775
314.427,3397.775
314.488,3340.775
314.549,3297.775
314.61,3277.775
314.672,3268.775
314.733,3305.775
314.794,3344.775
314.855,3257.775
314.917,3273.775
314.978,3309.775
315.039,3263.775
315.1,3288.775
315.161,3245.775
315.222,3215.775
315.283,3381.775
315.345,3290.775
315.406,3260.775
315.467,3209.775
315.528,3230.775
315.589,3195.775
315.65,3237.775
315.711,3241.775
315.772,3165.775
315.833,3186.775
315.894,3210.775
315.955,3173.775
316.016,3251.775
316.078,3273.775
316.139,3188.775
316.2,3166.775
316.261,3241.775
316.322,3130.775
316.383,3191.775
316.444,3216.775
316.504,3217.775
316.565,3201.775
316.626,3200.775
316.687,3132.775
316.748,3184.775
316.809,3233.775
316.87,3183.775
316.931,3124.775
316.992,3265.775
317.053,3182.775
317.114,3155.775
317.175,3222.775
317.235,3202.775
317.296,3193.775
317.357,3166.775
317.418,3112.775
317.479,3312.775
317.54,3170.775
317.601,3213.775
317.661,3185.775
317.722,3260.775
317.783,3130.775
317.844,3086.775
317.904,3187.775
317.965,3221.775
318.026,3248.775
318.087,3236.775
318.148,3114.775
318.208,3144.775
318.269,3197.775
318.33,3189.775
318.39,3102.775
318.451,3162.775
318.512,3152.775
318.572,3093.775
318.633,3167.775
318.694,3111.775
318.754,3149.775
318.815,3198.775
318.876,3155.775
318.936,3236.775
318.997,3154.775
319.058,3165.775
319.118,3130.775
319.179,3128.775
319.239,3254.775
319.3,3070.775
319.361,3151.775
319.421,3094.775
319.482,3134.775
319.542,3103.775
319.603,3128.775
319.663,3018.775
319.724,3095.775
319.784,3082.775
319.845,3140.775
319.905,3066.775
319.966,3118.775
320.026,3092.775
320.087,3145.775
320.147,3154.775
320.208,3065.775
320.268,3110.775
320.329,3069.775
320.389,3135.775
320.449,3101.775
320.51,3065.775
320.57,2964.775
320.631,2961.775
320.691,3078.775
320.751,3125.775
320.812,3149.775
320.872,3177.775
320.932,3131.775
320.993,3025.775
321.053,3125.775
321.113,3159.775
321.174,3133.775
321.234,3192.775
321.294,3123.775
321.355,2987.775
321.415,3092.775
321.475,3063.775
321.535,3120.775
321.596,3064.775
321.656,2982.775
321.716,3071.775
321.776,3028.775
321.837,3221.775
321.897,3070.775
321.957,3049.775
322.017,3036.775
322.077,3056.775
322.138,3121.775
322.198,3080.775
322.258,2987.775
322.318,3077.775
322.378,2989.775
322.438,2873.775
322.499,2925.775
322.559,3010.775
322.619,2869.775
322.679,2927.775
322.739,3011.775
322.799,3033.775
322.859,2944.775
322.919,3031.775
322.979,2990.775
323.039,2994.775
323.099,3029.775
323.159,2956.775
323.219,3020.775
323.279,3062.775
323.339,3058.775
323.399,3079.775
323.459,2961.775
323.519,3093.775
323.579,2894.775
323.639,3037.775
323.699,3036.775
323.759,3019.775
323.819,2953.775
323.879,3066.775
323.939,3005.775
323.999,2923.775
324.059,3066.775
324.119,2945.775
324.178,2950.775
324.238,2993.775
324.298,2958.775
324.358,2973.775
324.418,2935.775
324.478,2967.775
324.538,3051.775
324.597,2930.775
324.657,3057.775
324.717,2966.775
324.777,2948.775
324.837,2918.775
324.896,2952.775
324.956,2989.775
325.016,2912.775
325.076,2996.775
325.135,2929.775
325.195,2939.775
325.255,2987.775
325.315,2935.775
325.374,2895.775
325.434,2897.775
325.494,2970.775
325.553,3126.775
325.613,3032.775
325.673,2976.775
325.732,2971.775
325.792,2932.775
325.852,2887.775
325.911,3030.775
325.971,2955.775
326.031,2964.775
326.09,2993.775
326.15,2956.775
326.209,2963.775
326.269,2922.775
326.328,2941.775
326.388,2909.775
326.448,2833.775
326.507,2938.775
326.567,2912.775
326.626,2979.775
326.686,2945.775
326.745,2975.775
326.805,2848.775
326.864,2878.775
326.924,2804.775
326.983,2839.775
327.043,2918.775
327.102,2811.775
327.161,2900.775
327.221,2862.775
327.28,2880.775
327.34,2848.775
327.399,2812.775
327.459,2860.775
327.518,2858.775
327.577,2796.775
327.637,2854.775
327.696,2887.775
327.755,2874.775
327.815,2796.775
327.874,2868.775
327.933,2779.775
327.993,2944.775
328.052,2932.775
328.111,2864.775
328.171,2856.775
328.23,2800.775
328.289,2830.775
328.349,2833.775
328.408,2872.775
328.467,2798.775
328.526,2837.775
328.586,2888.775
328.645,2889.775
328.704,2807.775
328.763,2809.775
328.822,2889.775
328.882,2835.775
328.941,2835.775
329.0,2820.775
329.059,2777.775
329.118,2867.775
329.177,2854.775
329.237,2894.775
329.296,2745.775
329.355,2871.775
329.414,2872.775
329.473,2813.775
329.532,2881.775
329.591,2905.775
329.65,2888.775
329.709,2981.775
329.768,3043.775
329.827,3033.775
329.886,3125.775
329.945,3246.775
330.004,3363.775
330.063,3496.775
330.122,3897.775
330.181,4249.775
330.24,4311.775
330.299,3894.775
330.358,3407.775
330.417,3253.775
330.476,2961.775
330.535,3040.775
330.594,2867.775
330.653,2858.775
330.712,2785.775
330.771,2833.775
330.83,2727.775
330.889,2810.775
330.948,2824.775
331.006,2825.775
331.065,2731.775
331.124,2824.775
331.183,2601.775
331.242,2726.775
331.301,2719.775
331.359,2700.775
331.418,2776.775
331.477,2655.775
331.536,2642.775
331.595,2628.775
331.653,2679.775
331.712,2623.775
331.771,2716.775
331.83,2618.775
331.888,2743.775
331.947,2668.775
332.006,2686.775
332.065,2751.775
332.123,2726.775
332.182,2604.775
332.241,2680.775
332.299,2639.775
332.358,2656.775
332.417,2793.775
332.475,2613.775
332.534,2640.775
332.592,2666.775
332.651,2808.775
332.71,2763.775
332.768,2681.775
332.827,2735.775
332.885,2709.775
332.944,2777.775
333.003,2656.775
333.061,2677.775
333.12,2742.775
333.178,2821.775
333.237,2883.775
333.295,2803.775
333.354,2745.775
333.412,2867.775
333.471,2813.775
333.529,2830.775
333.588,3006.775
333.646,2879.775
333.705,2840.775
333.763,2911.775
333.822,2939.775
333.88,2854.775
333.938,2796.775
333.997,2818.775
334.055,2832.775
334.114,2858.775
334.172,2843.775
334.23,2837.775
334.289,2846.775
334.347,2789.775
334.405,2854.775
334.464,2780.775
334.522,2835.775
334.58,2686.775
334.639,2701.775
334.697,2689.775
334.755,2711.775
334.814,2750.775
334.872,2740.775
334.93,2743.775
334.988,2655.775
335.047,2742.775
335.105,2829.775
335.163,2783.775
335.221,2856.775
335.28,2818.775
335.338,2725.775
335.396,2731.775
335.454,2800.775
335.512,2718.775
335.57,2645.775
335.629,2703.775
335.687,2744.775
335.745,2711.775
335.803,2763.775
335.861,2703.775
335.919,2716.775
335.977,2783.775
336.035,2692.775
336.094,2686.775
336.152,2774.775
336.21,2801.775
336.268,2680.775
336.326,2773.775
336.384,2771.775
336.442,2709.775
336.5,2711.775
336.558,2754.775
336.616,2859.775
336.674,2770.775
336.732,2749.775
336.79,2724.775
336.848,2683.775
336.906,2670.775
336.964,2633.775
337.022,2687.775
337.08,2793.775
337.138,2724.775
337.195,2674.775
337.253,2685.775
337.311,2668.775
337.369,2705.775
337.427,2580.775
337.485,2576.775
337.543,2639.775
337.601,2692.775
337.658,2683.775
337.716,2576.775
337.774,2619.775
337.832,2612.775
337.89,2659.775
337.947,2568.775
338.005,2612.775
338.063,2696.775
338.121,2628.775
338.178,2716.775
338.236,2646.775
338.294,2549.775
338.352,2680.775
338.409,2618.775
338.467,2580.775
338.525,2617.775
338.583,2637.775
338.64,2628.775
338.698,2574.775
338.756,2631.775
338.813,2635.775
338.871,2583.775
338.928,2602.775
338.986,2526.775
339.044,2608.775
339.101,2582.775
339.159,2632.775
339.216,2536.775
339.274,2595.775
339.332,2668.775
339.389,2733.775
339.447,2575.775
339.504,2559.775
339.562,2544.775
339.619,2569.775
339.677,2471.775
339.734,2488.775
339.792,2640.775
339.849,2622.775
339.907,2467.775
339.964,2558.775
340.022,2579.775
340.079,2568.775
340.137,2602.775
340.194,2602.775
340.252,2554.775
340.309,2536.775
340.366,2543.775
340.424,2565.775
340.481,2547.775
340.538,2582.775
340.596,2449.775
340.653,2568.775
340.711,2613.775
340.768,2526.775
340.825,2580.775
340.883,2539.775
340.94,2537.775
340.997,2515.775
341.054,2460.775
341.112,2570.775
341.169,2592.775
341.226,2577.775
341.284,2662.775
341.341,2524.775
341.398,2651.775
341.455,2610.775
341.512,2543.775
341.57,2521.775
341.627,2606.775
341.684,2616.775
341.741,2564.775
341.798,2562.775
341.856,2529.775
341.913,2608.775
341.97,2586.775
342.027,2586.775
342.084,2563.775
342.141,2651.775
342.198,2604.775
342.255,2632.775
342.313,2604.775
342.37,2540.775
342.427,2608.775
342.484,2590.775
342.541,2537.775
342.598,2605.775
342.655,2563.775
342.712,2475.775
342.769,2574.775
342.826,2595.775
342.883,2581.775
342.94,2578.775
342.997,2654.775
343.054,2607.775
343.111,2566.775
343.168,2641.775
343.225,2687.775
343.282,2684.775
343.339,2776.775
343.395,2718.775
343.452,2661.775
343.509,2652.775
343.566,2804.775
343.623,2771.775
343.68,2709.775
343.737,2735.775
343.794,2784.775
343.85,2828.775
343.907,2832.775
343.964,2839.775
344.021,2798.775
344.078,2829.775
344.134,2939.775
344.191,2833.775
344.248,2788.775
344.305,2903.775
344.361,2819.775
344.418,2866.775
344.475,2737.775
344.532,2721.775
344.588,2720.775
344.645,2822.775
344.702,2858.775
344.758,2747.775
344.815,2807.775
344.872,2683.775
344.928,2776.775
344.985,2786.775
345.042,2784.775
345.098,2836.775
345.155,2758.775
345.212,2748.775
345.268,2793.775
345.325,2880.775
345.381,2661.775
345.438,2746.775
345.495,2700.775
345.551,2757.775
345.608,2719.775
345.664,2739.775
345.721,2747.775
345.777,2759.775
345.834,2719.775
345.89,2710.775
345.947,2728.775
346.003,2792.775
346.06,2792.775
346.116,2852.775
346.173,2772.775
346.229,2692.775
346.285,2730.775
346.342,2707.775
346.398,2895.775
346.455,2765.775
346.511,2866.775
346.567,2767.775
346.624,2824.775
346.68,2760.775
346.737,2833.775
346.793,2797.775
346.849,2778.775
346.906,2854.775
346.962,2863.775
347.018,2873.775
347.074,2761.775
347.131,2874.775
347.187,2862.775
347.243,2782.775
347.3,2863.775
347.356,2799.775
347.412,2795.775
347.468,2747.775
347.524,2777.775
347.581,2660.775
347.637,2820.775
347.693,2722.775
347.749,2726.775
347.805,2853.775
347.862,2796.775
347.918,2837.775
347.974,2775.775
348.03,2804.775
348.086,2931.775
348.142,2866.775
348.198,2775.775
348.254,2836.775
348.311,2870.775
348.367,2794.775
348.423,2816.775
348.479,2834.775
348.535,2812.775
348.591,2862.775
348.647,2858.775
348.703,2889.775
348.759,2791.775
348.815,2908.775
348.871,2852.775
348.927,2844.775
348.983,2877.775
349.039,2970.775
349.095,2911.775
349.151,2860.775
349.207,2763.775
349.263,2913.775
349.319,2835.775
349.374,2816.775
349.43,2932.775
349.486,2862.775
349.542,2953.775
349.598,2938.775
349.654,2931.775
349.71,2939.775
349.766,2925.775
349.821,2943.775
349.877,2935.775
349.933,2938.775
349.989,2960.775
350.045,2895.775
350.1,2838.775
350.156,2906.775
350.212,2942.775
350.268,2907.775
350.323,2942.775
350.379,2910.775
350.435,2830.775
350.491,2871.775
350.546,2932.775
350.602,2920.775
350.658,2876.775
350.713,2834.775
350.769,2960.775
350.825,2941.775
350.88,2882.775
350.936,2919.775
350.992,2900.775
351.047,2865.775
351.103,3037.775
351.158,2896.775
351.214,2922.775
351.27,2873.775
351.325,2909.775
351.381,2959.775
351.436,2984.775
351.492,3056.775
351.547,2929.775
351.603,3039.775
351.658,2924.775
351.714,2960.775
351.769,3043.775
351.825,2949.775
351.88,3066.775
351.936,2979.775
351.991,2975.775
352.047,2906.775
352.102,2973.775
352.158,2928.775
352.213,2878.775
352.268,2792.775
352.324,2887.775
352.379,2979.775
352.434,2956.775
352.49,3077.775
352.545,2924.775
352.601,2924.775
352.656,2994.775
352.711,2928.775
352.767,3015.775
352.822,2992.775
352.877,2873.775
352.932,3016.775
352.988,2949.775
353.043,3046.775
353.098,3047.775
353.153,3029.775
353.209,3055.775
353.264,2779.775
353.319,2971.775
353.374,3104.775
353.43,3017.775
353.485,2936.775
353.54,2992.775
353.595,2942.775
353.65,2921.775
353.705,2907.775
353.761,2968.775
353.816,3011.775
353.871,2992.775
353.926,2971.775
353.981,2934.775
354.036,2987.775
354.091,3008.775
354.146,3042.775
354.201,3026.775
354.256,3026.775
354.311,2930.775
354.367,3013.775
354.422,3044.775
354.477,3017.775
354.532,3007.775
354.587,2946.775
354.642,2995.775
354.697,2994.775
354.751,3033.775
354.806,2942.775
354.861,2984.775
354.916,2946.775
354.971,3035.775
355.026,3095.775
355.081,2934.775
355.136,3016.775
355.191,3034.775
355.246,2994.775
355.301,3072.775
355.355,2933.775
355.41,3060.775
355.465,3025.775
355.52,3057.775
355.575,3004.775
355.63,2995.775
355.684,3012.775
355.739,3027.775
355.794,3025.775
355.849,2971.775
355.904,3000.775
355.958,3018.775
356.013,3050.775
356.068,3075.775
356.123,3002.775
356.177,3000.775
356.232,2956.775
356.287,3027.775
356.341,3038.775
356.396,2986.775
356.451,2933.775
356.505,3093.775
356.56,2946.775
356.615,3015.775
356.669,3138.775
356.724,3069.775
356.778,3015.775
356.833,3067.775
356.888,2956.775
356.942,2968.775
356.997,3059.775
357.051,3018.775
357.106,3044.775
357.16,3104.775
357.215,3064.775
357.269,3022.775
357.324,3005.775
357.378,3109.775
357.433,3014.775
357.487,3058.775
357.542,2997.775
357.596,3107.775
357.651,3071.775
357.705,2954.775
357.76,3095.775
357.814,3067.775
357.868,3102.775
357.923,2990.775
357.977,3081.775
358.032,2966.775
358.086,3052.775
358.14,3032.775
358.195,3017.775
358.249,3107.775
358.303,3083.775
358.358,3000.775
358.412,3019.775
358.466,3057.775
358.521,2944.775
358.575,2990.775
358.629,3027.775
358.683,2946.775
358.738,3005.775
358.792,2980.775
358.846,3038.775
358.9,2980.775
358.954,3001.775
359.009,2981.775
359.063,3111.775
359.117,3066.775
359.171,3051.775
359.225,2987.775
359.28,2999.775
359.334,3078.775
359.388,3074.775
359.442,2998.775
359.496,3036.775
359.55,3000.775
359.604,2897.775
359.658,2979.775
359.712,3063.775
359.766,3060.775
359.82,3043.775
359.875,3075.775
359.929,3054.775
359.983,2840.775
360.037,2975.775
360.091,3072.775
360.145,2990.775
360.199,3040.775
360.253,2976.775
360.306,2932.775
360.36,2947.775
360.414,2973.775
360.468,2924.775
360.522,2962.775
360.576,2966.775
360.63,3056.775
360.684,3031.775
360.738,2905.775
360.792,3014.775
360.846,2966.775
360.899,3008.775
360.953,3036.775
361.007,3021.775
361.061,2917.775
361.115,3071.775
361.168,2910.775
361.222,2921.775
361.276,3003.775
361.33,3051.775
361.384,2984.775
361.437,2987.775
361.491,2923.775
361.545,2886.775
361.599,2980.775
361.652,2991.775
361.706,2988.775
361.76,3034.775
361.813,2959.775
361.867,3008.775
361.921,2928.775
361.974,3011.775
362.028,2984.775
362.082,2874.775
362.135,2965.775
362.189,3014.775
362.242,2978.775
362.296,3006.775
362.35,2918.775
362.403,2941.775
362.457,3025.775
362.51,3060.775
362.564,3034.775
362.617,2945.775
362.671,3049.775
362.724,2941.775
362.778,2912.775
362.831,3045.775
362.885,2929.775
362.938,2925.775
354.545,600.2249999999999
354.608,626.2249999999999
354.671,607.2249999999999
354.734,656.2249999999999
354.797,643.2249999999999
354.86,682.2249999999999
354.923,645.2249999999999
354.986,727.2249999999999
355.05,736.2249999999999
355.113,678.2249999999999
355.176,767.2249999999999
355.239,735.2249999999999
355.302,777.2249999999999
355.365,722.2249999999999
355.428,715.2249999999999
355.491,800.2250000000001
355.554,787.2249999999999
355.617,761.2249999999999
355.68,781.2249999999999
355.743,838.2249999999999
355.806,904.2250000000001
355.869,846.2250000000001
355.932,825.2249999999999
355.995,858.2250000000001
356.058,891.2250000000001
356.121,912.2250000000001
356.184,985.2250000000001
356.247,937.2250000000001
356.31,967.2250000000001
356.373,894.2250000000001
356.436,946.2250000000001
356.498,889.2250000000001
356.561,1002.2250000000001
356.624,919.2250000000001
356.687,949.2250000000001
356.75,871.2250000000001
356.813,918.2250000000001
356.876,953.2250000000001
356.939,919.2250000000001
357.001,1010.2250000000001
357.064,937.2250000000001
357.127,971.2250000000001
357.19,931.2250000000001
357.253,945.2250000000001
357.316,969.2250000000001
357.378,1006.2250000000001
357.441,1007.2250000000001
357.504,1013.2250000000001
357.567,957.2250000000001
357.629,980.2250000000001
357.692,999.2250000000001
357.755,981.2250000000001
357.818,991.2250000000001
357.88,1046.2250000000001
357.943,1036.2250000000001
358.006,1073.2250000000001
358.069,1012.2250000000001
358.131,1079.2250000000001
358.194,1071.2250000000001
358.257,1046.2250000000001
358.319,1020.2250000000001
358.382,1036.2250000000001
358.445,1086.2250000000001
358.507,1056.2250000000001
358.57,1053.2250000000001
358.633,1042.2250000000001
358.695,1066.2250000000001
358.758,1085.2250000000001
358.821,1084.2250000000001
358.883,1114.2250000000001
358.946,1123.2250000000001
359.008,1053.2250000000001
359.071,1136.2250000000001
359.134,1072.2250000000001
359.196,1033.2250000000001
359.259,1153.2250000000001
359.321,1069.2250000000001
359.384,1154.2250000000001
359.446,1130.2250000000001
359.509,1143.2250000000001
359.571,1120.2250000000001
359.634,1142.2250000000001
359.696,1135.2250000000001
359.759,1145.2250000000001
359.821,1196.2250000000001
359.884,1160.2250000000001
359.946,1159.2250000000001
360.009,1192.2250000000001
360.071,1210.2250000000001
360.134,1152.2250000000001
360.196,1226.2250000000001
360.259,1136.2250000000001
360.321,1166.2250000000001
360.384,1195.2250000000001
360.446,1194.2250000000001
360.508,1099.2250000000001
360.571,1220.2250000000001
360.633,1151.2250000000001
360.696,1209.2250000000001
360.758,1151.2250000000001
360.82,1207.2250000000001
360.883,1172.2250000000001
360.945,1226.2250000000001
361.007,1288.2250000000001
361.07,1112.2250000000001
361.132,1175.2250000000001
361.194,1166.2250000000001
361.257,1187.2250000000001
361.319,1220.2250000000001
361.381,1236.2250000000001
361.443,1202.2250000000001
361.506,1239.2250000000001
361.568,1178.2250000000001
361.63,1262.2250000000001
361.693,1210.2250000000001
361.755,1205.2250000000001
361.817,1266.2250000000001
361.879,1233.2250000000001
361.941,1291.2250000000001
362.004,1321.2250000000001
362.066,1258.2250000000001
362.128,1243.2250000000001
362.19,1270.2250000000001
362.252,1239.2250000000001
362.315,1231.2250000000001
362.377,1249.2250000000001
362.439,1252.2250000000001
362.501,1291.2250000000001
362.563,1218.2250000000001
362.625,1243.2250000000001
362.688,1337.2250000000001
362.75,1242.2250000000001
362.812,1265.2250000000001
362.874,1285.2250000000001
362.936,1350.2250000000001
362.998,1284.2250000000001
363.06,1301.2250000000001
363.122,1291.2250000000001
363.184,1344.2250000000001
363.246,1319.2250000000001
363.308,1266.2250000000001
363.37,1317.2250000000001
363.432,1291.2250000000001
363.494,1278.2250000000001
363.556,1357.2250000000001
363.618,1369.2250000000001
363.68,1386.2250000000001
363.742,1309.2250000000001
363.804,1361.2250000000001
363.866,1376.2250000000001
363.928,1311.2250000000001
363.99,1357.2250000000001
364.052,1266.2250000000001
364.114,1316.2250000000001
364.176,1338.2250000000001
364.238,1320.2250000000001
364.3,1340.2250000000001
364.362,1299.2250000000001
364.424,1314.2250000000001
364.486,1253.2250000000001
364.548,1340.2250000000001
364.609,1364.2250000000001
364.671,1393.2250000000001
364.733,1353.2250000000001
364.795,1320.2250000000001
364.857,1352.2250000000001
364.919,1388.2250000000001
364.981,1408.2250000000001
365.042,1332.2250000000001
365.104,1412.2250000000001
365.166,1366.2250000000001
365.228,1374.2250000000001
365.29,1352.2250000000001
365.351,1368.2250000000001
365.413,1378.2250000000001
365.475,1397.2250000000001
365.537,1327.2250000000001
365.598,1366.2250000000001
365.66,1360.2250000000001
365.722,1357.2250000000001
365.784,1406.2250000000001
365.845,1423.2250000000001
365.907,1413.2250000000001
365.969,1466.2250000000001
366.03,1428.2250000000001
366.092,1419.2250000000001
366.154,1436.2250000000001
366.215,1403.2250000000001
366.277,1381.2250000000001
366.339,1388.2250000000001
366.4,1308.2250000000001
366.462,1392.2250000000001
366.524,1398.2250000000001
366.585,1406.2250000000001
366.647,1424.2250000000001
366.708,1374.2250000000001
366.77,1424.2250000000001
366.832,1451.2250000000001
366.893,1451.2250000000001
366.955,1400.2250000000001
367.016,1445.2250000000001
367.078,1406.2250000000001
367.139,1384.2250000000001
367.201,1447.2250000000001
367.262,1406.2250000000001
367.324,1404.2250000000001
367.385,1479.2250000000001
367.447,1442.2250000000001
367.508,1430.2250000000001
367.57,1423.2250000000001
367.631,1452.2250000000001
367.693,1460.2250000000001
367.754,1441.2250000000001
367.816,1477.2250000000001
367.877,1418.2250000000001
367.939,1470.2250000000001
368.0,1432.2250000000001
368.062,1412.2250000000001
368.123,1426.2250000000001
368.184,1493.2250000000001
368.246,1535.2250000000001
368.307,1396.2250000000001
368.369,1408.2250000000001
368.43,1453.2250000000001
368.491,1568.2250000000001
368.553,1460.2250000000001
368.614,1488.2250000000001
368.675,1420.2250000000001
368.737,1476.2250000000001
368.798,1532.2250000000001
368.859,1498.2250000000001
368.921,1444.2250000000001
368.982,1526.2250000000001
369.043,1426.2250000000001
369.104,1448.2250000000001
369.166,1483.2250000000001
369.227,1486.2250000000001
369.288,1511.2250000000001
369.349,1491.2250000000001
369.411,1458.2250000000001
369.472,1488.2250000000001
369.533,1447.2250000000001
369.594,1461.2250000000001
369.656,1522.2250000000001
369.717,1427.2250000000001
369.778,1556.2250000000001
369.839,1460.2250000000001
369.9,1492.2250000000001
369.961,1491.2250000000001
370.023,1472.2250000000001
370.084,1508.2250000000001
370.145,1532.2250000000001
370.206,1542.2250000000001
370.267,1524.2250000000001
370.328,1534.2250000000001
370.389,1456.2250000000001
370.451,1512.2250000000001
370.512,1587.2250000000001
370.573,1520.2250000000001
370.634,1469.2250000000001
370.695,1572.2250000000001
370.756,1508.2250000000001
370.817,1527.2250000000001
370.878,1468.2250000000001
370.939,1547.2250000000001
371.0,1602.2250000000001
371.061,1572.2250000000001
371.122,1507.2250000000001
371.183,1610.2250000000001
371.244,1575.2250000000001
371.305,1597.2250000000001
371.366,1576.2250000000001
371.427,1528.2250000000001
371.488,1555.2250000000001
371.549,1498.2250000000001
371.61,1552.2250000000001
371.671,1578.2250000000001
371.732,1594.2250000000001
371.793,1500.2250000000001
371.853,1465.2250000000001
371.914,1552.2250000000001
371.975,1575.2250000000001
372.036,1523.2250000000001
372.097,1620.2250000000001
372.158,1588.2250000000001
372.219,1540.2250000000001
372.28,1629.2250000000001
372.34,1607.2250000000001
372.401,1620.2250000000001
372.462,1542.2250000000001
372.523,1572.2250000000001
372.584,1539.2250000000001
372.645,1608.2250000000001
372.705,1566.2250000000001
372.766,1609.2250000000001
372.827,1556.2250000000001
372.888,1574.2250000000001
372.948,1596.2250000000001
373.009,1561.2250000000001
373.07,1556.2250000000001
373.131,1572.2250000000001
373.191,1575.2250000000001
373.252,1514.2250000000001
373.313,1537.2250000000001
373.373,1542.2250000000001
373.434,1600.2250000000001
373.495,1553.2250000000001
373.555,1639.2250000000001
373.616,1619.2250000000001
373.677,1605.2250000000001
373.737,1624.2250000000001
373.798,1505.2250000000001
373.859,1599.2250000000001
373.919,1607.2250000000001
373.98,1558.2250000000001
374.041,1578.2250000000001
374.101,1584.2250000000001
374.162,1592.2250000000001
374.222,1688.2250000000001
374.283,1577.2250000000001
374.343,1683.2250000000001
374.404,1682.2250000000001
374.465,1636.2250000000001
374.525,1608.2250000000001
374.586,1674.2250000000001
374.646,1613.2250000000001
374.707,1613.2250000000001
374.767,1734.2250000000001
374.828,1624.2250000000001
374.888,1653.2250000000001
374.949,1667.2250000000001
375.009,1650.2250000000001
375.07,1671.2250000000001
375.13,1762.2250000000001
375.19,1612.2250000000001
375.251,1747.2250000000001
375.311,1719.2250000000001
375.372,1677.2250000000001
375.432,1773.2250000000001
375.493,1746.2250000000001
375.553,1658.2250000000001
375.613,1683.2250000000001
375.674,1707.2250000000001
375.734,1650.2250000000001
375.794,1645.2250000000001
375.855,1665.2250000000001
375.915,1716.2250000000001
375.975,1685.2250000000001
376.036,1655.2250000000001
376.096,1672.2250000000001
376.156,1717.2250000000001
376.217,1680.2250000000001
376.277,1761.2250000000001
376.337,1678.2250000000001
376.398,1674.2250000000001
376.458,1665.2250000000001
376.518,1722.2250000000001
376.578,1654.2250000000001
376.639,1653.2250000000001
376.699,1659.2250000000001
376.759,1772.2250000000001
376.819,1673.2250000000001
376.88,1763.2250000000001
376.94,1728.2250000000001
377.0,1709.2250000000001
377.06,1676.2250000000001
377.12,1664.2250000000001
377.18,1728.2250000000001
377.241,1750.2250000000001
377.301,1726.2250000000001
377.361,1678.2250000000001
377.421,1740.2250000000001
377.481,1772.2250000000001
377.541,1719.2250000000001
377.601,1733.2250000000001
377.661,1805.2250000000001
377.722,1766.2250000000001
377.782,1776.2250000000001
377.842,1840.2250000000001
377.902,1768.2250000000001
377.962,1744.2250000000001
378.022,1825.2250000000001
378.082,1778.2250000000001
378.142,1808.2250000000001
378.202,1834.2250000000001
378.262,1856.2250000000001
378.322,1820.2250000000001
378.382,1843.2250000000001
378.442,1816.2250000000001
378.502,1827.2250000000001
378.562,1806.2250000000001
378.622,1870.2250000000001
378.682,1838.2250000000001
378.742,1882.2250000000001
378.802,1830.2250000000001
378.862,1901.2250000000001
378.921,1929.2250000000001
378.981,1841.2250000000001
379.041,1929.2250000000001
379.101,1857.2250000000001
379.161,1879.2250000000001
379.221,1934.2250000000001
379.281,1884.2250000000001
379.341,1951.2250000000001
379.401,2018.2250000000001
379.46,1876.2250000000001
379.52,1957.2250000000001
379.58,1970.2250000000001
379.64,1968.2250000000001
379.7,1887.2250000000001
379.759,1940.2250000000001
379.819,1987.2250000000001
379.879,2045.2250000000001
379.939,2050.225
379.999,1967.2250000000001
380.058,2052.225
380.118,2044.2250000000001
380.178,2021.2250000000001
380.237,2023.2250000000001
380.297,2029.2250000000001
380.357,1996.2250000000001
380.417,2008.2250000000001
380.476,2096.225
380.536,2073.225
380.596,2069.225
380.655,2064.225
380.715,2068.225
380.775,2056.225
380.834,2018.2250000000001
380.894,2056.225
380.954,2144.225
381.013,2168.225
381.073,2074.225
381.132,2075.225
381.192,2092.225
381.252,2122.225
381.311,2122.225
381.371,2185.225
381.43,2150.225
381.49,2270.225
381.549,2163.225
381.609,2263.225
381.668,2281.225
381.728,2271.225
381.787,2191.225
381.847,2305.225
381.906,2305.225
381.966,2240.225
382.025,2365.225
382.085,2357.225
382.144,2462.225
382.204,2400.225
382.263,2440.225
382.323,2526.225
382.382,2566.225
382.441,2591.225
382.501,2592.225
382.56,2772.225
382.619,2711.225
382.679,2911.225
382.738,3000.225
382.798,3140.225
382.857,3460.225
382.916,3735.225
382.976,3799.225
383.035,3808.225
383.094,3852.225
383.154,4160.224999999999
383.213,4854.224999999999
383.272,4617.224999999999
383.331,3980.2249999999995
383.391,3612.225
383.45,3602.225
383.509,3735.225
383.568,3733.225
383.628,3876.225
383.687,4318.224999999999
383.746,4783.224999999999
383.805,5462.224999999999
383.864,5206.224999999999
383.924,4318.224999999999
383.983,3567.225
384.042,3276.225
384.101,3149.225
384.16,2985.225
384.219,2817.225
384.279,2745.225
384.338,2628.225
384.397,2535.225
384.456,2575.225
384.515,2614.225
384.574,2409.225
384.633,2480.225
384.692,2418.225
384.751,2457.225
384.81,2487.225
384.869,2329.225
384.929,2398.225
384.988,2409.225
385.047,2392.225
385.106,2378.225
385.165,2436.225
385.224,2351.225
385.283,2371.225
385.342,2346.225
385.401,2393.225
385.459,2472.225
385.518,2379.225
385.577,2492.225
385.636,2375.225
385.695,2388.225
385.754,2332.225
385.813,2386.225
385.872,2530.225
385.931,2331.225
385.99,2276.225
386.049,2350.225
386.107,2455.225
386.166,2367.225
386.225,2399.225
386.284,2402.225
386.343,2279.225
386.402,2364.225
386.46,2303.225
386.519,2357.225
386.578,2245.225
386.637,2326.225
386.696,2374.225
386.754,2345.225
386.813,2301.225
386.872,2369.225
386.931,2265.225
386.989,2305.225
387.048,2312.225
387.107,2411.225
387.165,2414.225
387.224,2325.225
387.283,2254.225
387.342,2268.225
387.4,2274.225
387.459,2291.225
387.517,2327.225
387.576,2309.225
387.635,2286.225
387.693,2279.225
387.752,2265.225
387.811,2302.225
387.869,2241.225
387.928,2183.225
387.986,2143.225
388.045,2282.225
388.103,2289.225
388.162,2179.225
388.221,2194.225
388.279,2290.225
388.338,2263.225
388.396,2214.225
388.455,2309.225
388.513,2371.225
388.572,2335.225
388.63,2246.225
388.689,2349.225
388.747,2299.225
388.806,2201.225
388.864,2349.225
388.922,2323.225
388.981,2186.225
389.039,2222.225
389.098,2240.225
389.156,2260.225
389.214,2260.225
389.273,2301.225
389.331,2205.225
389.39,2220.225
389.448,2294.225
389.506,2276.225
389.565,2257.225
389.623,2222.225
389.681,2248.225
389.74,2245.225
389.798,2198.225
389.856,2249.225
389.914,2255.225
389.973,2238.225
390.031,2314.225
390.089,2291.225
390.147,2264.225
390.206,2196.225
390.264,2253.225
390.322,2249.225
390.38,2225.225
390.439,2226.225
390.497,2258.225
390.555,2235.225
390.613,2191.225
390.671,2196.225
390.729,2289.225
390.788,2285.225
390.846,2251.225
390.904,2300.225
390.962,2224.225
391.02,2314.225
391.078,2236.225
391.136,2307.225
391.194,2328.225
391.253,2244.225
391.311,2273.225
391.369,2378.225
391.427,2258.225
391.485,2314.225
391.543,2352.225
391.601,2253.225
391.659,2321.225
391.717,2327.225
391.775,2259.225
391.833,2330.225
391.891,2337.225
391.949,2358.225
392.007,2358.225
392.065,2388.225
392.123,2323.225
392.18,2393.225
392.238,2311.225
392.296,2323.225
392.354,2300.225
392.412,2337.225
392.47,2386.225
392.528,2360.225
392.586,2346.225
392.644,2306.225
392.701,2402.225
392.759,2269.225
392.817,2286.225
392.875,2339.225
392.933,2413.225
392.991,2329.225
393.048,2350.225
393.106,2431.225
393.164,2414.225
393.222,2381.225
393.279,2344.225
393.337,2319.225
393.395,2397.225
393.453,2315.225
393.51,2397.225
393.568,2434.225
393.626,2373.225
393.684,2380.225
393.741,2385.225
393.799,2384.225
393.857,2407.225
393.914,2416.225
393.972,2394.225
394.03,2495.225
394.087,2452.225
394.145,2387.225
394.202,2430.225
394.26,2379.225
394.318,2441.225
394.375,2408.225
394.433,2511.225
394.49,2471.225
394.548,2523.225
394.605,2361.225
394.663,2470.225
394.72,2495.225
394.778,2430.225
394.836,2477.225
394.893,2430.225
394.951,2415.225
395.008,2553.225
395.065,2463.225
395.123,2449.225
395.18,2477.225
395.238,2506.225
395.295,2432.225
395.353,2580.225
395.41,2509.225
395.468,2459.225
395.525,2543.225
395.582,2636.225
395.64,2554.225
395.697,2540.225
395.754,2554.225
395.812,2569.225
395.869,2606.225
395.927,2527.225
395.984,2544.225
396.041,2503.225
396.098,2513.225
396.156,2525.225
396.213,2505.225
396.27,2494.225
396.328,2581.225
396.385,2534.225
396.442,2594.225
396.499,2511.225
396.557,2521.225
396.614,2593.225
396.671,2597.225
396.728,2639.225
396.785,2619.225
396.843,2619.225
396.9,2641.225
396.957,2535.225
397.014,2662.225
397.071,2647.225
397.128,2558.225
397.186,2777.225
397.243,2641.225
397.3,2689.225
397.357,2514.225
397.414,2617.225
397.471,2592.225
397.528,2669.225
397.585,2606.225
397.642,2679.225
397.699,2708.225
397.756,2656.225
397.814,2671.225
397.871,2549.225
397.928,2716.225
397.985,2690.225
398.042,2812.225
398.099,2630.225
398.156,2634.225
398.212,2716.225
398.269,2655.225
398.326,2658.225
398.383,2733.225
398.44,2713.225
398.497,2878.225
398.554,2827.225
398.611,2819.225
398.668,2834.225
398.725,2743.225
398.782,2715.225
398.839,2825.225
398.895,2741.225
398.952,2825.225
399.009,2950.225
399.066,2816.225
399.123,2905.225
399.18,2920.225
399.236,3001.225
399.293,2991.225
399.35,3014.225
399.407,3104.225
399.463,3124.225
399.52,3185.225
399.577,3152.225
399.634,3153.225
399.69,3232.225
399.747,3168.225
399.804,3010.225
399.861,3100.225
399.917,3148.225
399.974,3142.225
400.031,3102.225
400.087,3041.225
400.144,2964.225
400.201,3018.225
400.257,3059.225
400.314,3017.225
400.37,2998.225
400.427,3046.225
400.484,3073.225
400.54,2968.225
400.597,3026.225
400.653,3033.225
400.71,2993.225
400.766,3025.225
400.823,2904.225
400.879,2923.225
400.936,2959.225
400.993,2944.225
401.049,3055.225
401.105,3000.225
401.162,2976.225
401.218,2948.225
401.275,3030.225
401.331,2947.225
401.388,3002.225
401.444,3040.225
401.501,3048.225
401.557,3015.225
401.614,3016.225
401.67,2913.225
401.726,3002.225
401.783,2986.225
401.839,3016.225
401.895,2992.225
401.952,2983.225
402.008,3033.225
402.064,2989.225
402.121,3008.225
402.177,3102.225
402.233,2964.225
402.29,3030.225
402.346,2919.225
402.402,2980.225
402.458,3009.225
402.515,3034.225
402.571,2957.225
402.627,2974.225
402.683,3026.225
402.74,2973.225
402.796,2989.225
402.852,3048.225
402.908,2951.225
402.964,3015.225
403.021,3010.225
403.077,3047.225
403.133,3054.225
403.189,3185.225
403.245,3067.225
403.301,3085.225
403.357,3037.225
403.414,3099.225
403.47,3133.225
403.526,3010.225
403.582,3137.225
403.638,3140.225
403.694,3117.225
403.75,3073.225
403.806,3171.225
403.862,3133.225
403.918,3136.225
403.974,3136.225
404.03,3137.225
404.086,3106.225
404.142,3162.225
404.198,3124.225
404.254,3098.225
404.31,3068.225
404.366,3119.225
404.422,3181.225
404.478,3166.225
404.534,3177.225
404.59,3142.225
404.646,3142.225
404.701,3136.225
404.757,3179.225
404.813,3116.225
404.869,3155.225
404.925,3207.225
404.981,3144.225
405.037,3189.225
405.092,3100.225
405.148,3079.225
405.204,3203.225
405.26,3160.225
405.316,3170.225
405.371,3174.225
405.427,3155.225
405.483,3268.225
405.539,3210.225
405.594,3197.225
405.65,3289.225
405.706,3238.225
405.761,3204.225
405.817,3205.225
405.873,3188.225
405.928,3293.225
405.984,3299.225
406.04,3290.225
406.095,3227.225
406.151,3252.225
406.207,3232.225
406.262,3258.225
406.318,3191.225
406.374,3371.225
406.429,3248.225
406.485,3388.225
406.54,3325.225
406.596,3257.225
406.651,3371.225
406.707,3438.225
406.763,3424.225
406.818,3436.225
406.874,3461.225
406.929,3544.225
406.985,3571.225
407.04,3428.225
407.095,3534.225
407.151,3511.225
407.206,3550.225
407.262,3574.225
407.317,3582.225
407.373,3551.225
407.428,3478.225
407.484,3573.225
407.539,3583.225
407.594,3565.225
407.65,3578.225
407.705,3691.225
407.76,3686.225
407.816,3619.225
407.871,3575.225
407.926,3559.225
407.982,3549.225
408.037,3625.225
408.092,3619.225
408.148,3588.225
408.203,3529.225
408.258,3501.225
408.314,3594.225
408.369,3532.225
408.424,3514.225
408.479,3484.225
408.534,3469.225
408.59,3489.225
408.645,3552.225
408.7,3511.225
408.755,3514.225
408.81,3525.225
408.866,3461.225
408.921,3512.225
408.976,3467.225
409.031,3627.225
409.086,3502.225
409.141,3453.225
409.196,3500.225
409.252,3484.225
409.307,3478.225
409.362,3439.225
409.417,3552.225
409.472,3518.225
409.527,3590.225
409.582,3453.225
409.637,3515.225
409.692,3454.225
409.747,3497.225
409.802,3395.225
409.857,3456.225
409.912,3532.225
409.967,3545.225
410.022,3487.225
410.077,3560.225
410.132,3422.225
410.187,3456.225
410.242,3410.225
410.297,3542.225
410.351,3536.225
410.406,3537.225
410.461,3482.225
410.516,3473.225
410.571,3525.225
410.626,3492.225
410.681,3500.225
410.736,3523.225
410.79,3473.225
410.845,3465.225
410.9,3476.225
410.955,3534.225
411.01,3456.225
411.064,3478.225
411.119,3583.225
411.174,3636.225
411.229,3443.225
411.283,3480.225
411.338,3437.225
411.393,3525.225
411.447,3446.225
411.502,3480.225
411.557,3444.225
411.612,3487.225
411.666,3452.225
411.721,3535.225
411.776,3462.225
411.83,3518.225
411.885,3467.225
411.939,3482.225
411.994,3551.225
412.049,3559.225
412.103,3531.225
412.158,3537.225
412.212,3469.225
412.267,3538.225
412.322,3579.225
412.376,3564.225
412.431,3579.225
412.485,3507.225
412.54,3475.225
412.594,3452.225
412.649,3558.225
412.703,3581.225
412.758,3525.225
412.812,3467.225
412.866,3560.225
412.921,3443.225
412.975,3431.225
413.03,3442.225
413.084,3328.225
413.139,3428.225
413.193,3491.225
413.247,3388.225
413.302,3457.225
413.356,3478.225
413.41,3316.225
413.465,3463.225
413.519,3394.225
413.573,3511.225
413.628,3519.225
413.682,3454.225
413.736,3441.225
413.791,3481.225
413.845,3443.225
413.899,3520.225
413.953,3351.225
414.008,3459.225
414.062,3391.225
414.116,3482.225
414.17,3548.225
414.225,3414.225
414.279,3479.225
414.333,3509.225
414.387,3517.225
414.441,3512.225
414.496,3447.225
414.55,3461.225
414.604,3408.225
414.658,3524.225
414.712,3484.225
414.766,3437.225
414.82,3522.225
414.874,3484.225
414.928,3444.225
414.982,3446.225
415.037,3471.225
415.091,3427.225
415.145,3510.225
415.199,3394.225
415.253,3521.225
415.307,3517.225
415.361,3499.225
415.415,3479.225
415.469,3545.225
415.523,3485.225
415.577,3529.225
415.631,3519.225
415.684,3490.225
415.738,3400.225
415.792,3484.225
415.846,3549.225
415.9,3349.225
415.954,3391.225
416.008,3534.225
416.062,3404.225
416.116,3451.225
416.169,3520.225
416.223,3497.225
416.277,3421.225
416.331,3412.225
416.385,3439.225
416.439,3536.225
416.492,3427.225
416.546,3403.225
416.6,3426.225
416.654,3438.225
416.707,3510.225
416.761,3434.225
416.815,3506.225
416.869,3435.225
416.922,3401.225
416.976,3437.225
417.03,3515.225
417.083,3497.225
417.137,3489.225
417.191,3399.225
417.244,3363.225
417.298,3348.225
417.352,3458.225
417.405,3451.225
417.459,3360.225
417.512,3396.225
417.566,3390.225
417.62,3387.225
417.673,3467.225
417.727,3464.225
417.78,3466.225
417.834,3299.225
417.887,3449.225
417.941,3356.225
417.994,3400.225
418.048,3425.225
418.101,3399.225
418.155,3339.225
418.208,3382.225
418.262,3446.225
418.315,3376.225
418.369,3464.225
418.422,3476.225
418.476,3537.225
418.529,3395.225
418.582,3370.225
418.636,3272.225
418.689,3446.225
418.743,3429.225
418.796,3445.225
418.849,3505.225
418.903,3446.225
418.956,3467.225
419.009,3306.225
419.063,3397.225
419.116,3478.225
419.169,3461.225
419.222,3402.225
419.276,3443.225
419.329,3569.225
419.382,3397.225
419.435,3419.225
419.489,3335.225
419.542,3422.225
419.595,3470.225
419.648,3377.225
419.701,3279.225
419.755,3282.225
419.808,3415.225
419.861,3317.225
419.914,3429.225
419.967,3415.225
420.02,3323.225
420.073,3427.225
420.127,3326.225
420.18,3389.225
420.233,3383.225
420.286,3367.225
420.339,3225.225
420.392,3245.225
420.445,3359.225
420.498,3242.225
420.551,3277.225
420.604,3346.225
420.657,3252.225
420.71,3157.225
420.763,3273.225
420.816,3186.225
420.869,3203.225
420.922,3272.225
420.975,3280.225
421.028,3182.225
421.081,3155.225
421.134,3264.225
421.187,3258.225
421.239,3216.225
421.292,3153.225
421.345,3136.225
421.398,3186.225
421.451,3217.225
421.504,3086.225
421.557,3208.225
421.609,3160.225
421.662,3241.225
421.715,3216.225
421.768,3195.225
421.821,3218.225
421.873,3184.225
421.926,3161.225
421.979,3226.225
422.032,3196.225
422.084,3145.225
422.137,3126.225
422.19,3161.225
422.243,3223.225
422.295,3108.225
422.348,3264.225
422.401,3121.225
422.453,3133.225
422.506,3166.225
422.559,3198.225
422.611,3088.225
422.664,3090.225
422.716,3082.225
422.769,3073.225
422.822,3237.225
422.874,3140.225
422.927,3087.225
422.979,3051.225
423.032,3052.225
423.084,2962.225
423.137,3044.225
423.189,3092.225
423.242,3142.225
423.294,3080.225
423.347,3103.225
423.399,3088.225
423.452,3122.225
423.504,3101.225
423.557,3020.225
423.609,3067.225
423.662,3074.225
423.714,3107.225
423.766,3117.225
423.819,3064.225
423.871,3032.225
423.923,3033.225
423.976,3083.225
424.028,3066.225
424.081,3004.225
424.133,3028.225
424.185,3080.225
424.238,3017.225
424.29,3065.225
424.342,2996.225
424.394,3112.225
424.447,3016.225
424.499,3061.225
424.551,3042.225
424.603,3006.225
424.656,3024.225
424.708,2996.225
424.76,2889.225
424.812,3077.225
424.864,3081.225
424.917,3012.225
424.969,3098.225
425.021,2931.225
425.073,3116.225
425.125,3017.225
425.177,2990.225
425.229,2871.225
425.282,2917.225
425.334,3006.225
425.386,3079.225
425.438,2939.225
425.49,3032.225
425.542,2971.225
425.594,2955.225
425.646,2991.225
425.698,3106.225
425.75,3002.225
425.802,2903.225
425.854,3018.225
425.906,2931.225
425.958,2959.225
426.01,2949.225
426.062,2871.225
426.114,2919.225
426.166,2872.225
426.218,2848.225
426.27,2939.225
426.321,2979.225
426.373,2919.225
426.425,2924.225
426.477,2932.225
426.529,2954.225
426.581,2958.225
426.633,2914.225
426.684,2892.225
426.736,2924.225
426.788,2927.225
426.84,2863.225
426.892,2907.225
426.943,2856.225
426.995,2840.225
427.047,2875.225
427.099,2962.225
427.15,2851.225
427.202,2858.225
427.254,2818.225
427.306,2783.225
427.357,2961.225
427.409,2822.225
427.461,2805.225
427.512,2801.225
427.564,2855.225
427.616,2809.225
427.667,2887.225
427.719,2790.225
427.77,2874.225
427.822,2866.225
427.874,2770.225
427.925,2849.225
427.977,2867.225
428.028,2927.225
428.08,2795.225
428.131,2913.225
428.183,2940.225
428.234,2842.225
428.286,2765.225
428.337,2807.225
428.389,2720.225
428.44,2822.225
428.492,2717.225
428.543,2764.225
428.595,2818.225
428.646,2850.225
428.697,2663.225
428.749,2684.225
428.8,2830.225
428.852,2725.225
428.903,2689.225
428.954,2691.225
429.006,2708.225
429.057,2781.225
429.108,2679.225
429.16,2713.225
429.211,2710.225
429.262,2692.225
429.314,2711.225
429.365,2811.225
429.416,2764.225
429.467,2719.225
429.519,2698.225
429.57,2685.225
429.621,2668.225
429.672,2656.225
429.724,2620.225
429.775,2613.225
429.826,2683.225
429.877,2750.225
429.928,2664.225
429.98,2684.225
430.031,2685.225
430.082,2681.225
430.133,2577.225
430.184,2620.225
430.235,2662.225
430.286,2713.225
430.337,2611.225
430.388,2733.225
430.439,2602.225
430.49,2613.225
430.542,2676.225
430.593,2586.225
430.644,2651.225
430.695,2765.225
430.746,2693.225
430.797,2682.225
430.848,2603.225
430.898,2635.225
430.949,2667.225
431.0,2638.225
431.051,2679.225
431.102,2633.225
431.153,2655.225
431.204,2719.225
431.255,2623.225
431.306,2625.225
431.357,2613.225
431.408,2638.225
431.458,2623.225
431.509,2745.225
431.56,2743.225
431.611,2678.225
431.662,2715.225
431.713,2588.225
431.763,2716.225
431.814,2731.225
431.865,2597.225
431.916,2631.225
431.966,2688.225
432.017,2630.225
432.068,2747.225
432.118,2723.225
432.169,2728.225
432.22,2620.225
432.271,2591.225
432.321,2604.225
432.372,2616.225
432.423,2634.225
432.473,2634.225
432.524,2711.225
432.574,2634.225
432.625,2548.225
432.676,2695.225
432.726,2517.225
432.777,2526.225
432.827,2669.225
432.878,2614.225
432.928,2592.225
432.979,2507.225
433.029,2573.225
433.08,2645.225
433.13,2567.225
433.181,2504.225
433.231,2541.225
433.282,2618.225
433.332,2605.225
433.383,2582.225
433.433,2580.225
433.484,2536.225
433.534,2593.225
433.585,2598.225
433.635,2577.225
433.685,2532.225
433.736,2538.225
433.786,2644.225
433.836,2695.225
433.887,2518.225
433.937,2574.225
433.987,2657.225
434.038,2566.225
434.088,2644.225
434.138,2541.225
434.189,2649.225
434.239,2494.225
434.289,2561.225
434.339,2594.225
434.389,2661.225
434.44,2685.225
434.49,2581.225
434.54,2634.225
434.59,2665.225
434.64,2673.225
434.691,2686.225
434.741,2633.225
434.791,2633.225
434.841,2628.225
434.891,2649.225
434.941,2663.225
434.991,2640.225
435.042,2622.225
435.092,2716.225
435.142,2628.225
435.192,2510.225
435.242,2598.225
435.292,2611.225
435.342,2594.225
435.392,2538.225
435.442,2537.225
435.492,2517.225
435.542,2512.225
435.592,2445.225
435.642,2631.225
435.692,2628.225
435.742,2536.225
435.792,2560.225
435.842,2492.225
435.891,2550.225
435.941,2586.225
435.991,2440.225
436.041,2460.225
436.091,2528.225
436.141,2379.225
436.191,2441.225
436.241,2460.225
436.29,2532.225
436.34,2426.225
436.39,2399.225
436.44,2476.225
436.49,2436.225
436.539,2488.225
436.589,2451.225
436.639,2442.225
436.689,2480.225
436.738,2476.225
436.788,2472.225
436.838,2401.225
436.887,2499.225
436.937,2432.225
436.987,2490.225
437.036,2502.225
437.086,2476.225
437.136,2450.225
437.185,2386.225
437.235,2351.225
437.285,2431.225
437.334,2396.225
437.384,2369.225
437.433,2347.225
437.483,2363.225
437.532,2360.225
437.582,2338.225
437.631,2421.225
437.681,2369.225
437.73,2406.225
437.78,2380.225
437.829,2333.225
437.879,2390.225
437.928,2421.225
437.978,2369.225
438.027,2404.225
438.077,2281.225
438.126,2389.225
438.176,2364.225
438.225,2364.225
438.274,2400.225
438.324,2335.225
438.373,2397.225
438.422,2318.225
438.472,2332.225
438.521,2282.225
438.57,2387.225
438.62,2345.225
438.669,2449.225
438.718,2320.225
438.768,2241.225
438.817,2252.225
438.866,2279.225
438.915,2308.225
438.965,2336.225
439.014,2383.225
439.063,2278.225
439.112,2434.225
439.162,2290.225
439.211,2262.225
439.26,2396.225
439.309,2399.225
439.358,2253.225
439.407,2287.225
439.456,2315.225
439.506,2346.225
439.555,2357.225
439.604,2317.225
439.653,2329.225
439.702,2235.225
439.751,2429.225
439.8,2401.225
439.849,2284.225
439.898,2387.225
439.947,2357.225
439.996,2281.225
440.045,2388.225
440.094,2352.225
440.143,2334.225
440.192,2414.225
440.241,2251.225
440.29,2312.225
440.339,2322.225
440.388,2259.225
440.437,2293.225
440.486,2339.225
440.535,2364.225
440.583,2459.225
440.632,2348.225
440.681,2286.225
440.73,2327.225
440.779,2336.225
440.828,2386.225
440.876,2330.225
440.925,2335.225
440.974,2274.225
441.023,2384.225
441.072,2365.225
441.12,2461.225
441.169,2429.225
441.218,2329.225
441.267,2354.225
441.315,2439.225
441.364,2426.225
441.413,2508.225
441.461,2394.225
441.51,2385.225
441.559,2415.225
441.607,2427.225
441.656,2404.225
441.705,2493.225
441.753,2382.225
441.802,2468.225
441.85,2432.225
441.899,2412.225
441.948,2435.225
441.996,2393.225
442.045,2396.225
442.093,2426.225
442.142,2384.225
442.19,2419.225
442.239,2457.225
442.287,2422.225
442.336,2403.225
442.384,2414.225
442.433,2393.225
442.481,2350.225
442.529,2327.225
442.578,2509.225
442.626,2367.225
442.675,2359.225
442.723,2467.225
442.771,2394.225
442.82,2473.225
442.868,2372.225
442.917,2385.225
442.965,2434.225
443.013,2419.225
443.062,2345.225
443.11,2328.225
443.158,2295.225
443.206,2287.225
443.255,2461.225
443.303,2345.225
443.351,2322.225
443.399,2320.225
443.448,2391.225
443.496,2473.225
443.544,2389.225
443.592,2421.225
443.64,2444.225
443.689,2377.225
443.737,2370.225
443.785,2426.225
443.833,2493.225
443.881,2340.225
443.929,2625.225
443.977,2503.225
444.025,2489.225
444.074,2465.225
444.122,2480.225
444.17,2506.225
444.218,2482.225
444.266,2436.225
444.314,2441.225
444.362,2630.225
444.41,2529.225
444.458,2517.225
444.506,2504.225
444.554,2499.225
444.602,2557.225
444.65,2580.225
444.698,2601.225
444.746,2606.225
444.793,2605.225
444.841,2598.225
444.889,2496.225
444.937,2526.225
444.985,2511.225
445.033,2526.225
445.081,2515.225
445.129,2586.225
445.176,2559.225
445.224,2697.225
445.272,2489.225
445.32,2576.225
445.368,2525.225
445.415,2560.225
445.463,2475.225
445.511,2596.225
445.559,2454.225
445.606,2582.225
445.654,2510.225
445.702,2452.225
445.749,2542.225
445.797,2669.225
445.845,2543.225
445.892,2535.225
445.94,2630.225
445.988,2503.225
446.035,2485.225
446.083,2526.225
446.13,2533.225
446.178,2603.225
446.226,2541.225
446.273,2526.225
446.321,2569.225
446.368,2517.225
446.416,2550.225
446.463,2591.225
446.511,2629.225
446.558,2513.225
446.606,2546.225
446.653,2601.225
446.701,2562.225
446.748,2594.225
446.796,2584.225
446.843,2665.225
446.891,2679.225
446.938,2709.225
446.985,2565.225
447.033,2686.225
447.08,2618.225
447.128,2672.225
447.175,2760.225
447.222,2728.225
447.27,2695.225
447.317,2735.225
447.364,2746.225
447.411,2670.225
447.459,2720.225
447.506,2782.225
447.553,2768.225
447.601,2833.225
447.648,2877.225
447.695,2838.225
447.742,2917.225
447.789,2996.225
447.837,3125.225
447.884,3025.225
447.931,3095.225
447.978,3013.225
448.025,3080.225
448.072,3091.225
448.12,3091.225
448.167,3063.225
448.214,3086.225
448.261,2994.225
448.308,2913.225
448.355,2921.225
448.402,2930.225
448.449,2863.225
448.496,2825.225
448.543,2772.225
448.59,2794.225
448.637,2783.225
448.684,2755.225
448.731,2782.225
448.778,2636.225
448.825,2611.225
448.872,2653.225
448.919,2712.225
448.966,2769.225
449.013,2758.225
449.06,2617.225
449.107,2612.225
449.154,2538.225
449.2,2523.225
449.247,2549.225
449.294,2507.225
449.341,2500.225
449.388,2475.225
449.435,2444.225
449.481,2502.225
449.528,2512.225
449.575,2522.225
449.622,2503.225
449.668,2434.225
449.715,2455.225
449.762,2360.225
449.809,2431.225
449.855,2414.225
449.902,2453.225
449.949,2408.225
449.995,2356.225
450.042,2421.225
450.089,2449.225
450.135,2405.225
450.182,2368.225
450.229,2378.225
450.275,2377.225
450.322,2349.225
450.368,2393.225
450.415,2362.225
450.462,2271.225
450.508,2398.225
450.555,2271.225
450.601,2326.225
450.648,2289.225
450.694,2338.225
450.741,2331.225
450.787,2335.225
450.834,2341.225
450.88,2315.225
450.927,2321.225
450.973,2231.225
451.019,2330.225
451.066,2208.225
451.112,2321.225
451.159,2275.225
451.205,2283.225
451.251,2319.225
451.298,2318.225
451.344,2179.225
451.39,2219.225
451.437,2251.225
451.483,2278.225
451.529,2265.225
451.576,2253.225
451.622,2211.225
451.668,2289.225
451.714,2185.225
451.761,2263.225
451.807,2246.225
451.853,2223.225
451.899,2240.225
451.945,2190.225
451.992,2170.225
452.038,2133.225
452.084,2237.225
452.13,2344.225
452.176,2205.225
452.222,2243.225
452.268,2226.225
452.315,2215.225
452.361,2268.225
452.407,2174.225
452.453,2251.225
452.499,2177.225
452.545,2196.225
452.591,2254.225
452.637,2249.225
452.683,2210.225
452.729,2196.225
452.775,2114.225
452.821,2227.225
452.867,2206.225
452.913,2195.225
452.959,2140.225
453.005,2149.225
453.051,2217.225
453.097,2147.225
453.142,2214.225
453.188,2128.225
453.234,2196.225
453.28,2146.225
453.326,2184.225
453.372,2131.225
453.418,2180.225
453.463,2156.225
453.509,2045.2250000000001
453.555,2154.225
453.601,2201.225
453.647,2144.225
453.692,2162.225
453.738,1998.2250000000001
453.784,2077.225
453.829,2123.225
453.875,2146.225
453.921,2099.225
453.967,2087.225
454.012,2119.225
454.058,2116.225
454.104,2155.225
454.149,2113.225
454.195,2101.225
454.24,2137.225
454.286,2172.225
454.332,2216.225
454.377,2105.225
454.423,2118.225
454.468,2080.225
454.514,2126.225
454.559,2158.225
454.605,2173.225
454.65,2081.225
454.696,2068.225
454.741,2167.225
454.787,2137.225
454.832,2041.2250000000001
454.878,2100.225
454.923,2040.2250000000001
454.969,2138.225
455.014,2029.2250000000001
455.06,2145.225
455.105,2154.225
455.15,2164.225
455.196,2099.225
455.241,2084.225
455.286,2093.225
455.332,2023.2250000000001
455.377,2094.225
455.422,2082.225
455.468,2124.225
455.513,2115.225
455.558,2188.225
455.604,2103.225
455.649,2155.225
455.694,2074.225
455.739,2090.225
455.785,2058.225
455.83,2069.225
455.875,2015.2250000000001
455.92,2167.225
455.965,2105.225
456.01,2085.225
456.056,2155.225
456.101,2076.225
456.146,2107.225
456.191,2106.225
456.236,2082.225
456.281,2047.2250000000001
456.326,2044.2250000000001
456.371,2086.225
456.416,2147.225
456.461,2143.225
456.507,2139.225
456.552,2150.225
456.597,2043.2250000000001
456.642,2150.225
456.687,2138.225
456.732,2045.2250000000001
456.776,2095.225
456.821,2141.225
456.866,2125.225
456.911,2155.225
456.956,2178.225
457.001,2068.225
457.046,2080.225
457.091,2197.225
457.136,2088.225
457.181,2157.225
457.225,2174.225
457.27,2122.225
457.315,2166.225
457.36,2132.225
457.405,2078.225
457.45,2119.225
457.494,2061.225
457.539,2163.225
457.584,2150.225
457.629,2123.225
457.673,2140.225
457.718,2118.225
457.763,2191.225
457.807,2111.225
457.852,2090.225
457.897,2160.225
457.941,2149.225
457.986,2111.225
458.031,2139.225
458.075,2197.225
458.12,2156.225
458.165,2173.225
458.209,2183.225
458.254,2178.225
458.298,2179.225
458.343,2174.225
458.387,2192.225
458.432,2257.225
458.476,2277.225
458.521,2135.225
458.565,2215.225
458.61,2200.225
458.654,2225.225
458.699,2212.225
458.743,2202.225
458.788,2237.225
458.832,2296.225
458.877,2231.225
458.921,2272.225
458.965,2231.225
459.01,2223.225
459.054,2352.225
459.099,2303.225
459.143,2300.225
459.187,2232.225
459.231,2334.225
459.276,2274.225
459.32,2341.225
459.364,2298.225
459.409,2272.225
459.453,2243.225
459.497,2295.225
459.541,2280.225
459.586,2343.225
459.63,2402.225
459.674,2313.225
459.718,2286.225
459.762,2348.225
459.807,2312.225
459.851,2375.225
459.895,2295.225
459.939,2333.225
459.983,2378.225
460.027,2328.225
460.071,2426.225
460.115,2393.225
460.159,2424.225
460.204,2421.225
460.248,2458.225
460.292,2411.225
460.336,2432.225
460.38,2414.225
460.424,2450.225
460.468,2377.225
460.512,2448.225
460.556,2386.225
460.599,2369.225
460.643,2475.225
460.687,2505.225
460.731,2394.225
460.775,2409.225
460.819,2361.225
460.863,2419.225
460.907,2433.225
460.951,2347.225
460.995,2393.225
461.038,2393.225
461.082,2429.225
461.126,2380.225
461.17,2417.225
461.214,2425.225
461.257,2481.225
461.301,2453.225
461.345,2384.225
461.389,2489.225
461.432,2437.225
461.476,2382.225
461.52,2416.225
461.563,2548.225
461.607,2467.225
461.651,2473.225
461.694,2471.225
461.738,2352.225
461.782,2464.225
461.825,2457.225
461.869,2522.225
461.913,2552.225
461.956,2604.225
462.0,2562.225
462.043,2388.225
462.087,2553.225
462.13,2548.225
462.174,2512.225
462.217,2549.225
462.261,2566.225
462.304,2577.225
462.348,2498.225
462.391,2618.225
462.435,2462.225
462.478,2519.225
462.522,2561.225
462.565,2463.225
462.608,2583.225
462.652,2599.225
462.695,2621.225
462.739,2617.225
462.782,2556.225
462.825,2662.225
462.869,2596.225
462.912,2519.225
462.955,2644.225
462.998,2692.225
463.042,2711.225
463.085,2682.225
463.128,2588.225
463.172,2578.225
453.18,3407.675
453.319,3456.675
453.458,3464.675
453.596,3450.675
453.735,3513.675
453.873,3451.675
454.012,3510.675
454.15,3580.675
454.289,3671.675
454.427,3676.675
454.566,3681.675
454.704,3689.675
454.843,3753.675
454.981,3727.675
455.12,3772.675
455.258,3968.675
455.397,3976.675
455.535,3970.675
455.674,4083.675
455.812,4080.675
455.951,4234.675
456.089,4141.675
456.227,4281.675
456.366,4247.675
456.504,4265.675
456.642,4450.675
456.781,4318.675
456.919,4456.675
457.057,4419.675
457.196,4506.675
457.334,4643.675
457.472,4653.675
457.61,4626.675
457.749,4685.675
457.887,4780.675
458.025,4789.675
458.163,4846.675
458.301,4944.675
458.44,4922.675
458.578,5185.675
458.716,5180.675
458.854,5443.675
458.992,5329.675
459.13,5361.675
459.269,5404.675
459.407,5322.675
459.545,5455.675
459.683,5586.675
459.821,5610.675
459.959,5652.675
460.097,5698.675
460.235,5837.675
460.373,5910.675
460.511,5781.675
460.649,5951.675
460.787,6005.675
460.925,5938.675
461.063,6014.675
461.201,6058.675
461.339,6039.675
461.477,6134.675
461.615,6240.675
461.753,6301.675
461.891,6298.675
462.029,6371.675
462.166,6536.675
462.304,6484.675
462.442,6646.675
462.58,6753.675
462.718,6775.675
462.856,6689.675
462.993,6600.675
463.131,6657.675
463.269,6754.675
463.407,6669.675
463.545,6576.675
463.682,6797.675
463.82,6856.675
463.958,7136.675
464.095,7370.675
464.233,7168.675
464.371,7278.675
464.509,7325.675
464.646,7187.675
464.784,7137.675
464.921,7069.675
465.059,7010.675
465.197,6800.675
465.334,6725.675
465.472,6692.675
465.609,6704.675
465.747,6658.675
465.885,6574.675
466.022,6588.675
466.16,6533.675
466.297,6438.675
466.435,6518.675
466.572,6472.675
466.71,6534.675
466.847,6598.675
466.985,6433.675
467.122,6406.675
467.26,6399.675
467.397,6505.675
467.534,6522.675
467.672,6406.675
467.809,6478.675
467.947,6519.675
468.084,6424.675
468.221,6416.675
468.359,6427.675
468.496,6501.675
468.633,6543.675
468.771,6492.675
468.908,6481.675
469.045,6463.675
469.183,6504.675
469.32,6661.675
469.457,6639.675
469.594,6590.675
469.732,6687.675
469.869,6811.675
470.006,6856.675
470.143,6849.675
470.28,6866.675
470.417,6843.675
470.555,6831.675
470.692,6822.675
470.829,7024.675
470.966,6866.675
471.103,6901.675
471.24,6843.675
471.377,6951.675
471.514,6782.675
471.651,6804.675
471.789,6698.675
471.926,6731.675
472.063,6635.675
472.2,6595.675
472.337,6699.675
472.474,6551.675
472.611,6509.675
472.748,6597.675
472.884,6635.675
473.021,6635.675
473.158,6589.675
473.295,6514.675
473.432,6562.675
473.569,6597.675
473.706,6641.675
473.843,6570.675
473.98,6650.675
474.117,6580.675
474.253,6546.675
474.39,6628.675
474.527,6576.675
474.664,6582.675
474.801,6572.675
474.937,6758.675
475.074,6588.675
475.211,6694.675
475.348,6695.675
475.484,6839.675
475.621,6681.675
475.758,6861.675
475.894,6771.675
476.031,6633.675
476.168,6679.675
476.304,6624.675
476.441,6740.675
476.578,6851.675
476.714,6890.675
476.851,6895.675
476.987,6958.675
477.124,6876.675
477.261,6891.675
477.397,6935.675
477.534,6903.675
477.67,6997.675
477.807,7077.675
477.943,7233.675
478.08,7095.675
478.216,7239.675
478.353,7188.675
478.489,7326.675
478.626,7372.675
478.762,7441.675
478.898,7395.675
479.035,7339.675
479.171,7437.675
479.308,7364.675
479.444,7360.675
479.58,7479.675
479.717,7369.675
479.853,7568.675
479.989,7514.675
480.126,7615.675
480.262,7579.675
480.398,7528.675
480.535,7548.675
480.671,7741.675
480.807,7413.675
480.943,7437.675
481.08,7453.675
481.216,7573.675
481.352,7514.675
481.488,7568.675
481.624,7406.675
481.76,7412.675
481.897,7520.675
482.033,7374.675
482.169,7435.675
482.305,7330.675
482.441,7534.675
482.577,7497.675
482.713,7482.675
482.849,7353.675
482.985,7350.675
483.121,7517.675
483.258,7448.675
483.394,7531.675
483.53,7382.675
483.665,7389.675
483.801,7430.675
483.937,7354.675
484.073,7435.675
484.209,7527.675
484.345,7548.675
484.481,7566.675
484.617,7612.675
484.753,7479.675
484.889,7491.675
485.025,7491.675
485.161,7582.675
485.296,7481.675
485.432,7669.675
485.568,7617.675
485.704,7633.675
485.84,7638.675
485.975,7600.675
486.111,7670.675
486.247,7568.675
486.383,7736.675
486.518,7574.675
486.654,7664.675
486.79,7508.675
486.926,7533.675
487.061,7641.675
487.197,7554.675
487.333,7585.675
487.468,7532.675
487.604,7552.675
487.74,7790.675
487.875,7710.675
488.011,7628.675
488.146,7528.675
488.282,7785.675
488.417,7693.675
488.553,7698.675
488.688,7655.675
488.824,7674.675
488.96,7776.675
489.095,7714.675
489.23,7785.675
489.366,7733.675
489.501,7791.675
489.637,7839.675
489.772,7649.675
489.908,7810.675
490.043,7822.675
490.178,7831.675
490.314,7775.675
490.449,7870.675
490.585,7809.675
490.72,7828.675
490.855,7927.674999999999
490.991,7859.675
491.126,7821.675
491.261,7752.675
491.396,8048.674999999999
491.532,7805.675
491.667,7865.675
491.802,7922.675
491.937,7919.675
492.073,7944.674999999999
492.208,7900.675
492.343,7988.674999999999
492.478,8062.674999999999
492.613,8025.674999999999
492.749,8079.674999999999
492.884,7942.675
493.019,8066.674999999999
493.154,8025.674999999999
493.289,8048.674999999999
493.424,8009.674999999999
493.559,7949.675
493.694,7962.675
493.829,8020.674999999999
493.964,7845.675
494.099,7882.675
494.234,8086.674999999999
494.369,7956.674999999999
494.504,7991.674999999999
494.639,7968.674999999999
494.774,8027.674999999999
494.909,7905.675
495.044,8124.674999999999
495.179,7955.674999999999
495.314,8018.674999999999
495.449,7867.675
495.584,7902.675
495.719,8008.674999999999
495.854,8007.674999999999
495.988,8088.674999999999
496.123,8197.675
496.258,8195.675
496.393,8162.674999999999
496.528,8247.675
496.663,8241.675
496.797,8380.675
496.932,8511.675
497.067,8429.675
497.202,8479.675
497.336,8766.675
497.471,8866.675
497.606,9097.675
497.74,9150.675
497.875,9449.675
498.01,9535.675
498.144,9695.675
498.279,9922.675
498.414,10062.675
498.548,10080.675
498.683,10183.675
498.817,10331.675
498.952,10347.675
499.087,10722.675
499.221,10691.675
499.356,10979.675
499.49,11213.675
499.625,11409.675
499.759,11669.675
499.894,11803.675
500.028,12335.675
500.162,12758.675
500.297,12796.675
500.431,12894.675
500.566,12849.675
500.7,12809.675
500.835,12446.675
500.969,12149.675
501.103,11798.675
501.238,11662.675
501.372,11258.675
501.506,10984.675
501.641,10376.675
501.775,10268.675
501.909,9918.675
502.043,9768.675
502.178,9595.675
502.312,9495.675
502.446,9342.675
502.58,9069.675
502.715,9009.675
502.849,8933.675
502.983,8993.675
503.117,8832.675
503.251,8680.675
503.385,8540.675
503.52,8358.675
503.654,8216.675
503.788,8235.675
503.922,8239.675
504.056,8054.674999999999
504.19,8107.674999999999
504.324,8044.674999999999
504.458,8053.674999999999
504.592,7757.675
504.726,7823.675
504.86,7583.675
504.994,7607.675
505.128,7492.675
505.262,7402.675
505.396,7261.675
505.53,7201.675
505.664,6937.675
505.798,7006.675
505.932,6955.675
506.066,6952.675
506.199,6860.675
506.333,6898.675
506.467,6655.675
506.601,6497.675
506.735,6592.675
506.869,6468.675
507.002,6565.675
507.136,6479.675
507.27,6522.675
507.404,6372.675
507.537,6389.675
507.671,6202.675
507.805,6313.675
507.939,6329.675
508.072,6306.675
508.206,6308.675
508.34,6225.675
508.473,6206.675
508.607,6198.675
508.74,6284.675
508.874,6265.675
509.008,6108.675
509.141,6249.675
509.275,6162.675
509.408,6110.675
509.542,5992.675
509.675,6141.675
509.809,5930.675
509.942,5987.675
510.076,6088.675
510.209,6059.675
510.343,5878.675
510.476,5957.675
510.61,5867.675
510.743,5900.675
510.877,5831.675
511.01,5837.675
511.143,5876.675
511.277,5887.675
511.41,5841.675
511.543,5805.675
511.677,5778.675
511.81,5724.675
511.943,5949.675
512.077,5866.675
512.21,5824.675
512.343,5829.675
512.476,5730.675
512.61,5720.675
512.743,5713.675
512.876,5730.675
513.009,5770.675
513.142,5840.675
513.276,5680.675
513.409,5834.675
513.542,5679.675
513.675,5735.675
513.808,5805.675
513.941,5673.675
514.074,5757.675
514.207,5751.675
514.34,5799.675
514.474,5818.675
514.607,5834.675
514.74,5768.675
514.873,5815.675
515.006,5971.675
515.139,6015.675
515.272,6231.675
515.404,6189.675
515.537,6199.675
515.67,6283.675
515.803,6117.675
515.936,6097.675
516.069,6192.675
516.202,6223.675
516.335,6347.675
516.468,6654.675
516.6,7650.675
516.733,9188.675
516.866,9413.675
516.999,8581.675
517.132,10173.675
517.264,14309.675
517.397,14310.675
517.53,11050.675
517.663,9140.675
517.795,8406.675
517.928,8122.674999999999
518.061,8232.675
518.193,10551.675
518.326,16505.676
518.459,18175.676
518.591,13939.675
518.724,10347.675
518.857,8953.675
518.989,8074.674999999999
519.122,7421.675
519.254,7237.675
519.387,6973.675
519.519,6728.675
519.652,6484.675
519.784,6460.675
519.917,6252.675
520.049,6094.675
520.182,6007.675
520.314,5884.675
520.447,6024.675
520.579,5860.675
520.712,5937.675
520.844,5867.675
520.976,5731.675
521.109,5602.675
521.241,5538.675
521.373,5616.675
521.506,5515.675
521.638,5465.675
521.77,5313.675
521.903,5360.675
522.035,5401.675
522.167,5339.675
522.3,5232.675
522.432,5318.675
522.564,5162.675
522.696,5146.675
522.828,5149.675
522.961,5025.675
523.093,5054.675
523.225,5145.675
523.357,5025.675
523.489,5046.675
523.621,5052.675
523.753,4968.675
523.885,4944.675
524.018,4974.675
524.15,4842.675
524.282,4876.675
524.414,4876.675
524.546,4886.675
524.678,4846.675
524.81,4802.675
524.942,4839.675
525.074,4601.675
525.206,4761.675
525.338,4776.675
525.469,4858.675
525.601,4699.675
525.733,4654.675
525.865,4780.675
525.997,4697.675
526.129,4699.675
526.261,4651.675
526.393,4747.675
526.524,4692.675
526.656,4654.675
526.788,4771.675
526.92,4691.675
527.052,4583.675
527.183,4597.675
527.315,4549.675
527.447,4601.675
527.578,4501.675
527.71,4441.675
527.842,4576.675
527.973,4664.675
528.105,4554.675
528.237,4722.675
528.368,4516.675
528.5,4493.675
528.632,4699.675
528.763,4633.675
528.895,4549.675
529.026,4662.675
529.158,4484.675
529.289,4605.675
529.421,4540.675
529.552,4570.675
529.684,4467.675
529.815,4502.675
529.947,4416.675
530.078,4493.675
530.21,4533.675
530.341,4517.675
530.472,4579.675
530.604,4659.675
530.735,4580.675
530.867,4566.675
530.998,4492.675
531.129,4579.675
531.26,4581.675
531.392,4540.675
531.523,4712.675
531.654,4634.675
531.786,4707.675
531.917,4712.675
532.048,4586.675
532.179,4651.675
532.311,4635.675
532.442,4597.675
532.573,4533.675
532.704,4507.675
532.835,4651.675
532.966,4549.675
533.097,4442.675
533.229,4522.675
533.36,4585.675
533.491,4477.675
533.622,4538.675
533.753,4468.675
533.884,4660.675
534.015,4542.675
534.146,4610.675
534.277,4607.675
534.408,4614.675
534.539,4594.675
534.67,4664.675
534.801,4567.675
534.932,4511.675
535.063,4519.675
535.194,4406.675
535.324,4372.675
535.455,4465.675
535.586,4419.675
535.717,4449.675
535.848,4399.675
535.979,4524.675
536.109,4380.675
536.24,4343.675
536.371,4418.675
536.502,4421.675
536.632,4384.675
536.763,4384.675
536.894,4361.675
537.025,4357.675
537.155,4456.675
537.286,4281.675
537.417,4353.675
537.547,4300.675
537.678,4278.675
537.808,4226.675
537.939,4210.675
538.07,4314.675
538.2,4248.675
538.331,4257.675
538.461,4222.675
538.592,4396.675
538.722,4425.675
538.853,4252.675
538.983,4344.675
539.114,4275.675
539.244,4345.675
539.375,4224.675
539.505,4252.675
539.636,4175.675
539.766,4375.675
539.896,4278.675
540.027,4277.675
540.157,4331.675
540.287,4359.675
540.418,4359.675
540.548,4306.675
540.678,4294.675
540.809,4299.675
540.939,4415.675
541.069,4407.675
541.2,4352.675
541.33,4431.675
541.46,4313.675
541.59,4351.675
541.72,4241.675
541.851,4391.675
541.981,4509.675
542.111,4538.675
542.241,4479.675
542.371,4614.675
542.501,4593.675
542.631,4688.675
542.761,4665.675
542.891,4741.675
543.021,4779.675
543.151,4768.675
543.281,4789.675
543.411,4642.675
543.542,4604.675
543.671,4739.675
543.801,4614.675
543.931,4548.675
544.061,4674.675
544.191,4591.675
544.321,4681.675
544.451,4640.675
544.581,4701.675
544.711,4781.675
544.841,4765.675
544.97,4724.675
545.1,4823.675
545.23,4938.675
545.36,4922.675
545.49,4884.675
545.619,4904.675
545.749,4727.675
545.879,4540.675
546.009,4518.675
546.138,4551.675
546.268,4738.675
546.398,4625.675
546.527,4685.675
546.657,4651.675
546.786,4551.675
546.916,4472.675
547.046,4718.675
547.175,4578.675
547.305,4623.675
547.434,4697.675
547.564,4659.675
547.693,4664.675
547.823,4690.675
547.953,4569.675
548.082,4654.675
548.211,4491.675
548.341,4624.675
548.47,4487.675
548.6,4476.675
548.729,4643.675
548.859,4637.675
548.988,4611.675
549.117,4581.675
549.247,4470.675
549.376,4717.675
549.505,4802.675
549.635,4605.675
549.764,4598.675
549.893,4702.675
550.023,4714.675
550.152,4722.675
550.281,4724.675
550.41,4700.675
550.539,4758.675
550.669,4808.675
550.798,4753.675
550.927,4689.675
551.056,4736.675
551.185,4720.675
551.314,4804.675
551.443,4654.675
551.573,4696.675
551.702,4789.675
551.831,4740.675
551.96,4721.675
552.089,4868.675
552.218,4857.675
552.347,4804.675
552.476,4882.675
552.605,4858.675
552.734,5031.675
552.863,5126.675
552.992,5161.675
553.121,5081.675
553.249,5103.675
553.378,4977.675
553.507,4865.675
553.636,4978.675
553.765,4876.675
553.894,4889.675
554.023,4870.675
554.151,4870.675
554.28,4873.675
554.409,4837.675
554.538,4856.675
554.666,4667.675
554.795,4742.675
554.924,4780.675
555.052,4700.675
555.181,4746.675
555.31,4827.675
555.439,4758.675
555.567,4724.675
555.696,4719.675
555.824,4742.675
555.953,4717.675
556.082,4664.675
556.21,4599.675
556.339,4759.675
556.467,4700.675
556.596,4580.675
556.724,4695.675
556.853,4647.675
556.981,4621.675
557.11,4639.675
557.238,4694.675
557.367,4595.675
557.495,4593.675
557.623,4702.675
557.752,4691.675
557.88,4646.675
558.008,4587.675
558.137,4734.675
558.265,4785.675
558.393,4501.675
558.522,4699.675
558.65,4687.675
558.778,4738.675
558.906,4652.675
559.035,4634.675
559.163,4725.675
559.291,4719.675
559.419,4664.675
559.548,4707.675
559.676,4608.675
559.804,4750.675
559.932,4707.675
560.06,4630.675
560.188,4813.675
560.316,4789.675
560.444,4765.675
560.572,4847.675
560.7,4830.675
560.828,5050.675
560.956,4938.675
561.085,4776.675
561.212,5009.675
561.34,4924.675
561.468,4957.675
561.596,5032.675
561.724,5006.675
561.852,4946.675
561.98,5054.675
562.108,5220.675
562.236,4999.675
562.364,5101.675
562.492,5164.675
562.619,5105.675
562.747,5135.675
562.875,5141.675
563.003,5126.675
563.13,5169.675
563.258,5234.675
563.386,5417.675
563.514,5332.675
563.641,5386.675
563.769,5544.675
563.897,5683.675
564.024,5636.675
564.152,5743.675
564.28,5814.675
564.407,5746.675
564.535,5965.675
564.662,5864.675
564.79,5979.675
564.917,6015.675
565.045,6032.675
565.173,6036.675
565.3,6135.675
565.428,6141.675
565.555,6261.675
565.682,6266.675
565.81,6504.675
565.937,6665.675
566.065,6636.675
566.192,6828.675
566.32,6988.675
566.447,7101.675
566.574,7210.675
566.702,7438.675
566.829,7435.675
566.956,7638.675
567.083,7684.675
567.211,7543.675
567.338,7673.675
567.465,7695.675
567.593,7688.675
567.72,7637.675
567.847,7701.675
567.974,7806.675
568.101,8167.674999999999
568.228,9356.675
568.356,9854.675
568.483,9398.675
568.61,9484.675
568.737,10543.675
568.864,11987.675
568.991,11615.675
569.118,10344.675
569.245,9456.675
569.372,8823.675
569.499,8345.675
569.626,8057.674999999999
569.753,7769.675
569.88,7443.675
570.007,7295.675
570.134,7214.675
570.261,6978.675
570.388,6802.675
570.515,6683.675
570.642,6657.675
570.768,6443.675
570.895,6537.675
571.022,6396.675
571.149,6405.675
571.276,6248.675
571.402,6141.675
571.529,6164.675
571.656,6008.675
571.783,5924.675
571.909,5910.675
572.036,5866.675
572.163,5811.675
572.289,5670.675
572.416,5578.675
572.543,5601.675
572.669,5469.675
572.796,5689.675
572.922,5490.675
573.049,5500.675
573.176,5586.675
573.302,5542.675
573.429,5432.675
573.555,5372.675
573.682,5361.675
573.808,5358.675
573.935,5325.675
574.061,5330.675
574.188,5348.675
574.314,5296.675
574.44,5291.675
574.567,5376.675
574.693,5287.675
574.82,5309.675
574.946,5182.675
575.072,5297.675
575.198,5377.675
575.325,5201.675
575.451,5174.675
575.577,5120.675
575.704,5144.675
575.83,5220.675
575.956,5172.675
576.082,5221.675
576.208,5185.675
576.335,5111.675
576.461,5124.675
576.587,5181.675
576.713,5130.675
576.839,5360.675
576.965,5199.675
577.091,5142.675
577.217,5294.675
577.343,5191.675
577.469,5286.675
577.596,5145.675
577.722,5217.675
577.848,5201.675
577.974,5287.675
578.099,5278.675
578.225,5234.675
578.351,5268.675
578.477,5284.675
578.603,5301.675
578.729,5299.675
578.855,5336.675
578.981,5332.675
579.107,5334.675
579.232,5332.675
579.358,5379.675
579.484,5328.675
579.61,5435.675
579.735,5317.675
579.861,5359.675
579.987,5201.675
580.113,5391.675
580.238,5429.675
580.364,5500.675
580.49,5525.675
580.615,5556.675
580.741,5541.675
580.867,5696.675
580.992,5684.675
581.118,5650.675
581.243,5669.675
581.369,5744.675
581.494,5696.675
581.62,5659.675
581.745,5782.675
581.871,5798.675
581.996,5821.675
582.122,5830.675
582.247,5943.675
582.373,5972.675
582.498,6077.675
582.624,6116.675
582.749,6073.675
582.874,6177.675
583.0,6201.675
583.125,6298.675
583.25,6441.675
583.376,6396.675
583.501,6504.675
583.626,6602.675
583.751,6683.675
583.877,6738.675
584.002,6830.675
584.127,6871.675
584.252,7023.675
584.377,7005.675
584.503,7209.675
584.628,7293.675
584.753,7577.675
584.878,7529.675
585.003,7816.675
585.128,8104.674999999999
585.253,8116.674999999999
585.378,8234.675
585.503,8434.675
585.628,8683.675
585.753,8816.675
585.878,9096.675
586.003,9299.675
586.128,9812.675
586.253,10051.675
586.378,10278.675
586.503,10764.675
586.628,11003.675
586.753,11559.675
586.878,12219.675
587.003,12948.675
587.127,13332.675
587.252,14073.675
587.377,15125.675
587.502,15827.675
587.627,17287.676
587.751,18510.676
587.876,20200.676
588.001,22108.676
588.125,24595.676
588.25,27635.676
588.375,31156.676
588.499,36173.676
588.624,42111.676
588.749,50135.676
588.873,56185.676
588.998,59786.676
589.122,63308.676
589.247,62265.676
589.372,59067.676
589.496,58150.676
589.621,59860.676
589.745,59162.676
589.87,53148.676
589.994,44681.676
590.118,38096.676
590.243,33530.676
590.367,29309.676
590.492,26142.676
590.616,23974.676
590.74,21970.676
590.865,19964.676
590.989,18842.676
591.114,17373.676
591.238,16749.676
591.362,15511.675
591.486,14722.675
591.611,14103.675
591.735,13508.675
591.859,12818.675
591.983,12567.675
592.107,11918.675
592.232,11527.675
592.356,11392.675
592.48,10794.675
592.604,10619.675
592.728,10306.675
592.852,10117.675
592.976,9759.675
593.1,9707.675
593.224,9281.675
593.349,9321.675
593.473,9110.675
593.597,8741.675
593.721,8631.675
593.844,8558.675
593.968,8480.675
594.092,8310.675
594.216,8130.674999999999
594.34,7961.674999999999
594.464,7868.675
594.588,7663.675
594.712,7515.675
594.836,7399.675
594.959,7156.675
595.083,7100.675
595.207,7101.675
595.331,6951.675
595.455,6827.675
595.578,6956.675
595.702,6679.675
595.826,6612.675
595.949,6519.675
596.073,6481.675
596.197,6488.675
596.32,6335.675
596.444,6321.675
596.568,6119.675
596.691,6054.675
596.815,5986.675
596.938,5909.675
597.062,5954.675
597.186,5945.675
597.309,5922.675
597.433,5853.675
597.556,5606.675
597.68,5580.675
597.803,5590.675
597.926,5473.675
598.05,5436.675
598.173,5418.675
598.297,5268.675
598.42,5399.675
598.543,5270.675
598.667,5304.675
598.79,5265.675
598.913,5145.675
599.037,5243.675
599.16,5055.675
599.283,5212.675
599.406,5106.675
599.53,5246.675
599.653,5021.675
599.776,4991.675
599.899,5008.675
600.022,4970.675
600.145,4934.675
600.269,5152.675
600.392,4797.675
600.515,4778.675
600.638,4872.675
600.761,4899.675
600.884,4683.675
601.007,4670.675
601.13,4740.675
601.253,4767.675
601.376,4809.675
601.499,4741.675
601.622,4642.675
601.745,4636.675
601.868,4641.675
601.991,4584.675
602.113,4662.675
602.236,4560.675
602.359,4572.675
602.482,4606.675
602.605,4551.675
602.728,4558.675
602.85,4578.675
602.973,4657.675
603.096,4424.675
603.219,4453.675
603.341,4515.675
603.464,4533.675
603.587,4462.675
603.709,4513.675
603.832,4512.675
603.955,4415.675
604.077,4358.675
604.2,4398.675
604.323,4326.675
604.445,4452.675
604.568,4383.675
604.69,4337.675
604.813,4415.675
604.935,4376.675
605.058,4275.675
605.18,4255.675
605.303,4374.675
605.425,4331.675
605.547,4241.675
605.67,4349.675
605.792,4267.675
605.915,4298.675
606.037,4229.675
606.159,4178.675
606.282,4278.675
606.404,4269.675
606.526,4274.675
606.648,4186.675
606.771,4168.675
606.893,4233.675
607.015,4134.675
607.137,4095.675
607.26,4148.675
607.382,4228.675
607.504,4146.675
607.626,4230.675
607.748,4157.675
607.87,4115.675
607.992,4137.675
608.114,4195.675
608.237,4133.675
608.359,4240.675
608.481,4167.675
608.603,4134.675
608.725,4099.675
608.847,4060.675
608.969,4101.675
609.09,4115.675
609.212,4037.675
609.334,4009.675
609.456,4166.675
609.578,4012.675
609.7,3995.675
609.822,3994.675
609.944,4030.675
610.065,3977.675
610.187,4060.675
610.309,3991.675
610.431,4082.675
610.552,3972.675
610.674,4024.675
610.796,4061.675
610.918,4057.675
611.039,3866.675
611.161,3995.675
611.282,4038.675
611.404,3938.675
611.526,4056.675
611.647,3966.675
611.769,3947.675
611.89,4016.675
612.012,3927.675
612.133,3996.675
612.255,3904.675
612.377,3905.675
612.498,3881.675
612.619,3887.675
612.741,3965.675
612.862,3889.675
612.984,3836.675
613.105,3848.675
613.226,3915.675
613.348,3970.675
613.469,3874.675
613.59,3870.675
613.712,3963.675
613.833,3805.675
613.954,3872.675
614.076,3837.675
614.197,3886.675
614.318,3931.675
614.439,3854.675
614.56,3821.675
614.682,3926.675
614.803,3868.675
614.924,3923.675
615.045,3893.675
615.166,4032.675
615.287,4286.675
615.408,4791.675
615.529,5067.675
615.65,4746.675
615.771,4518.675
615.892,4533.675
616.013,5543.675
616.134,6195.675
616.255,5726.675
616.376,5136.675
616.497,4712.675
616.618,4589.675
616.739,4333.675
616.86,4348.675
616.981,4216.675
617.102,4178.675
617.222,4134.675
617.343,4150.675
617.464,4063.675
617.585,3989.675
617.705,3962.675
617.826,3997.675
617.947,3946.675
618.068,3889.675
618.188,3850.675
618.309,3913.675
618.43,3988.675
618.55,3785.675
618.671,3808.675
618.791,3836.675
618.912,3840.675
619.033,3802.675
619.153,3810.675
619.274,3864.675
619.394,3682.675
619.515,3689.675
619.635,3730.675
619.756,3652.675
619.876,3675.675
619.996,3749.675
620.117,3756.675
620.237,3678.675
620.358,3705.675
620.478,3629.675
620.598,3758.675
620.719,3748.675
620.839,3646.675
620.959,3626.675
621.079,3550.675
621.2,3610.675
621.32,3628.675
621.44,3635.675
621.56,3684.675
621.681,3599.675
621.801,3735.675
621.921,3623.675
622.041,3529.675
622.161,3570.675
622.281,3705.675
622.401,3675.675
622.521,3521.675
622.641,3524.675
622.761,3493.675
622.882,3552.675
623.002,3495.675
623.121,3470.675
623.241,3579.675
623.361,3452.675
623.481,3480.675
623.601,3551.675
623.721,3481.675
623.841,3555.675
623.961,3501.675
624.081,3502.675
624.201,3469.675
624.32,3530.675
624.44,3459.675
624.56,3376.675
624.68,3361.675
624.799,3476.675
624.919,3445.675
625.039,3537.675
625.159,3428.675
625.278,3486.675
625.398,3501.675
625.518,3486.675
625.637,3430.675
625.757,3374.675
625.876,3364.675
625.996,3530.675
626.115,3441.675
626.235,3423.675
626.354,3354.675
626.474,3344.675
626.594,3413.675
626.713,3404.675
626.832,3329.675
626.952,3228.675
627.071,3412.675
627.191,3454.675
627.31,3404.675
627.429,3234.675
627.549,3342.675
627.668,3411.675
627.787,3341.675
627.907,3340.675
628.026,3395.675
628.145,3401.675
628.264,3405.675
628.384,3284.675
628.503,3361.675
628.622,3319.675
628.741,3428.675
628.86,3312.675
628.98,3341.675
629.099,3366.675
629.218,3333.675
629.337,3383.675
629.456,3302.675
629.575,3302.675
629.694,3265.675
629.813,3332.675
629.932,3335.675
630.051,3271.675
630.17,3423.675
630.289,3196.675
630.408,3350.675
630.527,3267.675
630.646,3291.675
630.764,3159.675
630.883,3388.675
631.002,3272.675
631.121,3207.675
631.24,3345.675
631.359,3279.675
631.477,3390.675
631.596,3241.675
631.715,3275.675
631.834,3270.675
631.952,3309.675
632.071,3199.675
632.19,3268.675
632.308,3261.675
632.427,3313.675
632.546,3234.675
632.664,3085.675
632.783,3268.675
632.901,3232.675
633.02,3156.675
633.138,3223.675
633.257,3308.675
633.375,3192.675
633.494,3206.675
633.612,3204.675
633.731,3187.675
633.849,3192.675
633.968,3180.675
634.086,3146.675
634.204,3235.675
634.323,3159.675
634.441,3143.675
634.559,3155.675
634.678,3155.675
634.796,3113.675
634.914,3095.675
635.032,3113.675
635.151,3145.675
635.269,3135.675
635.387,3146.675
635.505,3145.675
635.623,3058.675
635.742,3074.675
635.86,3175.675
635.978,3055.675
636.096,3108.675
636.214,3101.675
636.332,3014.675
636.45,3093.675
636.568,3059.675
636.686,3016.675
636.804,3008.675
636.922,3114.675
637.04,3014.675
637.158,3111.675
637.276,3083.675
637.394,3001.675
637.512,3027.675
637.629,3097.675
637.747,3091.675
637.865,2995.675
637.983,3004.675
638.101,3035.675
638.218,3034.675
638.336,3001.675
638.454,2993.675
638.572,3030.675
638.689,3027.675
638.807,3105.675
638.925,3050.675
639.042,2982.675
639.16,3013.675
639.278,2997.675
639.395,2894.675
639.513,3050.675
639.63,3071.675
639.748,3030.675
639.865,3026.675
639.983,3084.675
640.1,3035.675
640.218,3013.675
640.335,2993.675
640.453,3027.675
640.57,2956.675
640.688,3007.675
640.805,2958.675
640.922,2920.675
641.04,2897.675
641.157,3039.675
641.274,2949.675
641.391,2919.675
641.509,3017.675
641.626,3096.675
641.743,2983.675
641.86,2956.675
641.978,2893.675
642.095,2998.675
642.212,2977.675
642.329,3013.675
642.446,2943.675
642.563,2882.675
642.681,2926.675
642.798,2902.675
642.915,2970.675
643.032,2883.675
643.149,2960.675
643.266,3029.675
643.383,2908.675
643.5,2995.675
643.617,2949.675
643.734,2950.675
643.85,3046.675
643.967,2981.675
644.084,2981.675
644.201,2902.675
644.318,2919.675
644.435,2952.675
644.552,2972.675
644.668,3014.675
644.785,3028.675
644.902,2895.675
645.019,2998.675
645.135,2906.675
645.252,2922.675
645.369,2986.675
645.485,2961.675
645.602,3044.675
645.719,2975.675
645.835,3048.675
645.952,3002.675
646.068,3052.675
646.185,3039.675
646.302,3055.675
646.418,3066.675
646.535,3015.675
646.651,2994.675
646.768,3023.675
646.884,3033.675
647.0,3092.675
647.117,2975.675
647.233,3064.675
647.35,3119.675
647.466,3200.675
647.582,3051.675
647.699,3137.675
647.815,3106.675
647.931,3151.675
648.047,3154.675
648.164,3161.675
648.28,3152.675
648.396,3232.675
648.512,3099.675
648.629,3162.675
648.745,3212.675
648.861,3084.675
648.977,3107.675
649.093,3143.675
649.209,3080.675
649.325,3166.675
649.441,3101.675
649.557,3073.675
649.673,3207.675
649.789,3162.675
649.905,3140.675
650.021,3214.675
650.137,3120.675
650.253,3169.675
650.369,3211.675
650.485,3119.675
650.601,3148.675
650.717,3124.675
650.833,3156.675
650.948,3137.675
651.064,3093.675
651.18,3151.675
651.296,3301.675
651.411,3154.675
651.527,3172.675
651.643,3362.675
651.759,3161.675
651.874,3288.675
651.99,3229.675
652.105,3274.675
652.221,3312.675
652.337,3294.675
652.452,3322.675
652.568,3288.675
652.683,3265.675
652.799,3294.675
652.914,3340.675
653.03,3476.675
653.145,3338.675
653.261,3398.675
653.376,3416.675
653.492,3526.675
653.607,3516.675
653.722,3578.675
653.838,3695.675
653.953,3654.675
654.068,3630.675
654.184,3642.675
654.299,3710.675
654.414,3827.675
654.53,3880.675
654.645,3846.675
654.76,3979.675
654.875,4120.675
654.99,4061.675
655.106,4287.675
655.221,4180.675
655.336,4379.675
655.451,4383.675
655.566,4570.675
655.681,4719.675
655.796,4909.675
655.911,5039.675
656.026,5323.675
656.141,5425.675
656.256,5535.675
656.371,5656.675
656.486,5571.675
656.601,5543.675
656.716,5428.675
656.831,5239.675
656.946,5054.675
657.06,5015.675
657.175,4911.675
657.29,4771.675
657.405,4591.675
657.52,4582.675
657.634,4339.675
657.749,4487.675
657.864,4405.675
657.979,4203.675
658.093,4175.675
658.208,4247.675
658.323,4049.675
658.437,3978.675
658.552,3983.675
658.666,3947.675
658.781,3943.675
658.895,3760.675
659.01,3725.675
659.125,3879.675
659.239,3725.675
659.353,3611.675
659.468,3614.675
659.582,3566.675
659.697,3427.675
659.811,3450.675
659.926,3499.675
660.04,3414.675
660.154,3479.675
660.269,3351.675
660.383,3442.675
660.497,3391.675
660.612,3379.675
660.726,3385.675
660.84,3333.675
660.954,3292.675
661.068,3271.675
661.183,3189.675
661.297,3172.675
661.411,3156.675
661.525,3169.675
661.639,3159.675
661.753,3048.675
661.867,3053.675
661.981,3040.675
662.095,3014.675
662.209,2987.675
662.323,3107.675
662.437,2952.675
662.551,2966.675
662.665,2930.675
662.779,2995.675
662.893,2913.675
663.007,2987.675
663.121,2843.675
663.235,2862.675
663.349,2789.675
663.462,2862.675
663.576,2733.675
663.69,2787.675
663.804,2811.675
663.917,2684.675
664.031,2775.675
664.145,2708.675
664.258,2817.675
664.372,2727.675
664.486,2724.675
664.599,2757.675
664.713,2661.675
664.827,2692.675
664.94,2753.675
665.054,2680.675
665.167,2634.675
665.281,2590.675
665.394,2670.675
665.508,2554.675
665.621,2519.675
665.735,2678.675
665.848,2657.675
665.961,2692.675
666.075,2546.675
666.188,2629.675
666.301,2626.675
666.415,2608.675
666.528,2507.675
666.641,2524.675
666.755,2604.675
666.868,2527.675
666.981,2533.675
667.094,2599.675
667.207,2429.675
667.321,2515.675
667.434,2495.675
667.547,2528.675
667.66,2563.675
667.773,2632.675
667.886,2437.675
667.999,2431.675
668.112,2478.675
668.225,2419.675
668.338,2424.675
668.451,2488.675
668.564,2459.675
668.677,2503.675
668.79,2483.675
668.903,2485.675
669.016,2449.675
669.129,2339.675
669.242,2411.675
669.354,2347.675
669.467,2408.675
669.58,2378.675
669.693,2429.675
669.806,2361.675
669.918,2415.675
670.031,2302.675
670.144,2335.675
670.256,2356.675
670.369,2450.675
670.482,2411.675
670.594,2317.675
670.707,2309.675
670.82,2328.675
670.932,2375.675
671.045,2371.675
671.157,2308.675
671.27,2226.675
671.382,2293.675
671.495,2321.675
671.607,2283.675
671.72,2361.675
671.832,2285.675
671.944,2334.675
672.057,2338.675
672.169,2245.675
672.281,2260.675
672.394,2312.675
672.506,2304.675
672.618,2297.675
672.731,2326.675
672.843,2299.675
672.955,2255.675
673.067,2270.675
673.18,2300.675
673.292,2266.675
673.404,2233.675
673.516,2229.675
673.628,2203.675
673.74,2248.675
673.852,2273.675
673.964,2340.675
674.076,2246.675
674.188,2207.675
674.3,2275.675
674.412,2174.675
674.524,2236.675
674.636,2271.675
674.748,2213.675
674.86,2243.675
674.972,2220.675
675.084,2198.675
675.196,2201.675
675.307,2136.675
675.419,2169.675
675.531,2253.675
675.643,2136.675
675.755,2114.675
675.866,2214.675
675.978,2230.675
676.09,2138.675
676.201,2204.675
676.313,2155.675
676.425,2156.675
676.536,2215.675
676.648,2273.675
676.759,2170.675
676.871,2193.675
676.983,2212.675
677.094,2179.675
677.206,2040.6750000000002
677.317,2198.675
677.429,2106.675
677.54,2176.675
677.651,2065.675
677.763,2141.675
677.874,2104.675
677.986,2119.675
678.097,2071.675
678.208,2076.675
678.32,2146.675
678.431,2081.675
678.542,2083.675
678.653,2051.675
678.765,2110.675
678.876,2073.675
678.987,2062.675
679.098,2069.675
679.209,2091.675
679.32,2133.675
679.432,2122.675
679.543,2062.675
679.654,2056.675
679.765,2111.675
679.876,2106.675
679.987,1991.6750000000002
680.098,2054.675
680.209,2082.675
680.32,2055.675
680.431,2093.675
680.542,2145.675
680.653,2013.6750000000002
680.763,2096.675
680.874,2137.675
680.985,2016.6750000000002
681.096,2012.6750000000002
681.207,2064.675
681.318,1953.6750000000002
681.428,2056.675
681.539,2044.6750000000002
681.65,2057.675
681.76,2028.6750000000002
681.871,2096.675
681.982,1948.6750000000002
682.093,2026.6750000000002
682.203,2044.6750000000002
682.314,2017.6750000000002
682.424,1964.6750000000002
682.535,2152.675
682.646,2061.675
682.756,2031.6750000000002
682.867,1992.6750000000002
682.977,2070.675
683.088,2049.675
683.198,1998.6750000000002
683.308,2023.6750000000002
683.419,2056.675
683.529,2011.6750000000002
683.64,2022.6750000000002
683.75,1970.6750000000002
683.86,2085.675
683.971,1955.6750000000002
684.081,1963.6750000000002
684.191,2033.6750000000002
684.301,2011.6750000000002
684.412,1976.6750000000002
684.522,1971.6750000000002
684.632,2009.6750000000002
684.742,1976.6750000000002
684.852,2033.6750000000002
684.963,1963.6750000000002
685.073,2003.6750000000002
685.183,1996.6750000000002
685.293,2009.6750000000002
685.403,1978.6750000000002
685.513,1941.6750000000002
685.623,1979.6750000000002
685.733,2052.675
685.843,1952.6750000000002
685.953,1978.6750000000002
686.063,1960.6750000000002
686.173,2023.6750000000002
686.283,1977.6750000000002
686.393,1950.6750000000002
686.503,1908.6750000000002
686.612,1971.6750000000002
686.722,2015.6750000000002
686.832,1954.6750000000002
686.942,1953.6750000000002
687.052,1925.6750000000002
687.161,2003.6750000000002
687.271,1957.6750000000002
687.381,2005.6750000000002
687.491,1964.6750000000002
687.6,1946.6750000000002
687.71,1989.6750000000002
687.82,1942.6750000000002
687.929,1996.6750000000002
688.039,1977.6750000000002
688.148,1969.6750000000002
688.258,1876.6750000000002
688.367,1884.6750000000002
688.477,1915.6750000000002
688.586,1938.6750000000002
688.696,2030.6750000000002
688.805,1991.6750000000002
688.915,1982.6750000000002
689.024,1965.6750000000002
689.134,1998.6750000000002
689.243,1983.6750000000002
689.352,1933.6750000000002
689.462,1965.6750000000002
689.571,1918.6750000000002
689.68,2023.6750000000002
689.79,1891.6750000000002
689.899,1948.6750000000002
690.008,1930.6750000000002
690.117,1935.6750000000002
690.227,1901.6750000000002
690.336,1995.6750000000002
690.445,1847.675
690.554,1992.6750000000002
690.663,1959.6750000000002
690.772,1922.6750000000002
690.881,1945.6750000000002
690.99,1945.6750000000002
691.099,2005.6750000000002
691.209,1911.6750000000002
691.318,1849.6750000000002
691.427,1942.6750000000002
691.536,1920.6750000000002
691.644,1928.6750000000002
691.753,1895.6750000000002
691.862,1954.6750000000002
691.971,1940.6750000000002
692.08,1945.6750000000002
692.189,1969.6750000000002
692.298,1955.6750000000002
692.406,1968.6750000000002
692.515,1911.6750000000002
692.624,1866.6750000000002
692.733,1972.6750000000002
692.842,1907.6750000000002
692.95,1962.6750000000002
693.059,1923.6750000000002
693.168,1876.6750000000002
693.276,1926.6750000000002
693.385,1957.6750000000002
693.494,1872.6750000000002
693.602,1929.6750000000002
693.711,1955.6750000000002
693.819,1828.6750000000002
693.928,2022.6750000000002
694.036,1784.675
694.145,1916.6750000000002
694.253,1837.6750000000002
694.362,1911.6750000000002
694.47,1981.6750000000002
694.579,1950.6750000000002
694.687,1866.6750000000002
694.795,1864.6750000000002
694.904,1877.6750000000002
695.012,1920.6750000000002
695.12,1919.6750000000002
695.229,1887.6750000000002
695.337,1943.6750000000002
695.445,1898.6750000000002
695.553,1854.6750000000002
695.662,1843.6750000000002
695.77,1901.6750000000002
695.878,1861.6750000000002
695.986,1862.6750000000002
696.094,1829.6750000000002
696.202,1981.6750000000002
696.31,1998.6750000000002
696.419,1866.6750000000002
696.527,1949.6750000000002
696.635,1912.6750000000002
696.743,1972.6750000000002
696.851,1938.6750000000002
696.959,1904.6750000000002
697.067,1922.6750000000002
697.174,1854.6750000000002
697.282,1910.6750000000002
697.39,1925.6750000000002
697.498,1860.6750000000002
697.606,1801.675
697.714,1848.6750000000002
697.822,1910.6750000000002
697.929,1880.6750000000002
698.037,1851.6750000000002
698.145,1926.6750000000002
698.253,1830.6750000000002
698.36,1882.6750000000002
698.468,1847.6750000000002
698.576,1895.6750000000002
698.683,1861.6750000000002
698.791,1862.6750000000002
698.899,1823.6750000000002
699.006,1875.6750000000002
699.114,1839.6750000000002
699.221,1834.6750000000002
699.329,1895.6750000000002
699.436,1885.6750000000002
699.544,1813.6750000000002
699.651,1823.675
699.759,1848.6750000000002
699.866,1861.6750000000002
699.974,1864.6750000000002
700.081,1850.6750000000002
700.188,1909.6750000000002
700.296,1854.6750000000002
700.403,1852.6750000000002
700.51,1841.6750000000002
700.618,1925.6750000000002
700.725,1818.6750000000002
700.832,1806.675
700.94,1802.6750000000002
701.047,1894.6750000000002
701.154,1774.675
701.261,1811.675
701.368,1825.6750000000002
701.475,1868.6750000000002
701.582,1806.6750000000002
701.69,1807.675
701.797,1857.6750000000002
701.904,1742.675
702.011,1879.6750000000002
702.118,1878.6750000000002
702.225,1763.6750000000002
702.332,1830.6750000000002
702.439,1825.6750000000002
702.546,1851.6750000000002
702.652,1865.6750000000002
702.759,1897.6750000000002
702.866,1843.6750000000002
702.973,1872.6750000000002
703.08,1861.6750000000002
703.187,1766.6750000000002
703.294,1848.6750000000002
703.4,1629.675
694.693,3353.125
694.893,3580.125
695.093,3635.125
695.293,3689.125
695.492,3775.125
695.692,3684.125
695.891,3655.125
696.091,3693.125
696.291,3847.125
696.49,3804.125
696.69,3923.125
696.889,3786.125
697.089,3840.125
697.288,3947.1249999999995
697.488,3935.125
697.687,3766.125
697.887,3818.125
698.086,3833.125
698.286,3863.125
698.485,3920.125
698.684,3894.125
698.884,3888.125
699.083,3903.125
699.282,3867.125
699.482,3739.125
699.681,3916.125
699.88,3927.125
700.08,3861.125
700.279,3948.125
700.478,4006.1249999999995
700.677,3829.125
700.877,3849.125
701.076,3910.125
701.275,3949.125
701.474,3974.1249999999995
701.673,3896.125
701.872,3921.125
702.071,4104.125
702.271,4099.125
702.47,4016.1249999999995
702.669,4053.1249999999995
702.868,4056.1249999999995
703.067,4097.125
703.266,3999.1249999999995
703.465,4115.125
703.664,3995.1249999999995
703.863,3959.1249999999995
704.062,4027.1249999999995
704.26,4188.125
704.459,4130.125
704.658,4158.125
704.857,4133.125
705.056,4098.125
705.255,4095.1249999999995
705.454,4122.125
705.652,4204.125
705.851,4197.125
706.05,4216.125
706.249,4156.125
706.447,4208.125
706.646,4243.125
706.845,4163.125
707.043,4145.125
707.242,4135.125
707.441,4071.1249999999995
707.639,4156.125
707.838,4131.125
708.037,4220.125
708.235,4200.125
708.434,4274.125
708.632,4219.125
708.831,4301.125
709.029,4249.125
709.228,4289.125
709.426,4246.125
709.625,4201.125
709.823,4221.125
710.022,4384.125
710.22,4368.125
710.418,4372.125
710.617,4426.125
710.815,4549.125
711.013,4353.125
711.212,4455.125
711.41,4417.125
711.608,4494.125
711.807,4472.125
712.005,4479.125
712.203,4552.125
712.401,4401.125
712.599,4450.125
712.798,4559.125
712.996,4593.125
713.194,4413.125
713.392,4649.125
713.59,4580.125
713.788,4615.125
713.986,4574.125
714.184,4728.125
714.382,4704.125
714.58,4735.125
714.778,4711.125
714.976,4896.125
715.174,4879.125
715.372,5083.125
715.57,5339.125
715.768,5460.125
715.966,5557.125
716.164,5455.125
716.362,5482.125
716.56,5364.125
716.758,5277.125
716.955,5209.125
717.153,5159.125
717.351,5012.125
717.549,4999.125
717.746,5024.125
717.944,5047.125
718.142,4992.125
718.34,4997.125
718.537,4994.125
718.735,5045.125
718.933,4999.125
719.13,4875.125
719.328,5042.125
719.525,4990.125
719.723,5046.125
719.92,4943.125
720.118,4887.125
720.316,4952.125
720.513,4900.125
720.711,5032.125
720.908,5101.125
721.105,4912.125
721.303,5015.125
721.5,5167.125
721.698,5145.125
721.895,4916.125
722.092,5017.125
722.29,4955.125
722.487,4985.125
722.684,4999.125
722.882,5033.125
723.079,4951.125
723.276,4976.125
723.473,4977.125
723.671,4971.125
723.868,5031.125
724.065,5023.125
724.262,5125.125
724.459,5059.125
724.656,5012.125
724.854,5039.125
725.051,5205.125
725.248,5119.125
725.445,5198.125
725.642,5129.125
725.839,5192.125
726.036,5151.125
726.233,5181.125
726.43,5174.125
726.627,5232.125
726.824,5227.125
727.021,5158.125
727.218,5288.125
727.414,5246.125
727.611,5297.125
727.808,5174.125
728.005,5244.125
728.202,5121.125
728.399,5262.125
728.595,5220.125
728.792,5344.125
728.989,5301.125
729.186,5236.125
729.382,5180.125
729.579,5377.125
729.776,5157.125
729.972,5220.125
730.169,5245.125
730.366,5249.125
730.562,5250.125
730.759,5484.125
730.955,5297.125
731.152,5374.125
731.348,5270.125
731.545,5278.125
731.741,5261.125
731.938,5335.125
732.134,5360.125
732.331,5296.125
732.527,5410.125
732.724,5362.125
732.92,5286.125
733.116,5309.125
733.313,5267.125
733.509,5442.125
733.705,5286.125
733.902,5450.125
734.098,5367.125
734.294,5410.125
734.49,5414.125
734.687,5482.125
734.883,5532.125
735.079,5481.125
735.275,5432.125
735.471,5442.125
735.667,5404.125
735.863,5377.125
736.06,5531.125
736.256,5491.125
736.452,5408.125
736.648,5471.125
736.844,5391.125
737.04,5564.125
737.236,5488.125
737.432,5629.125
737.628,5737.125
737.824,5590.125
738.019,5559.125
738.215,5751.125
738.411,5651.125
738.607,5694.125
738.803,5806.125
738.999,5759.125
739.195,5760.125
739.39,5833.125
739.586,5864.125
739.782,5808.125
739.978,5789.125
740.173,5925.125
740.369,5889.125
740.565,5867.125
740.76,6087.125
740.956,5904.125
741.152,5998.125
741.347,6054.125
741.543,6079.125
741.738,6200.125
741.934,6273.125
742.129,6748.125
742.325,7310.125
742.52,7706.125
742.716,7441.125
742.911,7383.125
743.107,7199.125
743.302,7130.125
743.498,6972.125
743.693,7225.125
743.888,7439.125
744.084,8278.125
744.279,9960.125
744.474,10033.125
744.67,9295.125
744.865,8496.125
745.06,8202.125
745.255,7877.125
745.451,7619.125
745.646,7621.125
745.841,7527.125
746.036,7700.125
746.231,7719.125
746.426,8261.125
746.622,9172.125
746.817,11615.125
747.012,13147.125
747.207,11789.125
747.402,10697.125
747.597,10021.125
747.792,9321.125
747.987,9128.125
748.182,8659.125
748.377,8416.125
748.572,8089.125
748.767,8020.125
748.961,7687.125
749.156,7470.125
749.351,7531.125
749.546,7234.125
749.741,7325.125
749.936,7135.125
750.13,7138.125
750.325,7057.125
750.52,7048.125
750.715,6750.125
750.909,6890.125
751.104,6766.125
751.299,6764.125
751.493,6813.125
751.688,6760.125
751.882,6624.125
752.077,6580.125
752.272,6583.125
752.466,6612.125
752.661,6535.125
752.855,6431.125
753.05,6501.125
753.244,6521.125
753.439,6335.125
753.633,6313.125
753.828,6225.125
754.022,6395.125
754.216,6356.125
754.411,6282.125
754.605,6234.125
754.799,6157.125
754.994,6338.125
755.188,6231.125
755.382,6108.125
755.576,6148.125
755.771,6191.125
755.965,6196.125
756.159,6218.125
756.353,5993.125
756.547,6085.125
756.742,6222.125
756.936,6059.125
757.13,6046.125
757.324,6223.125
757.518,6236.125
757.712,6144.125
757.906,6064.125
758.1,6064.125
758.294,6022.125
758.488,6313.125
758.682,6089.125
758.876,6151.125
759.07,6109.125
759.264,6074.125
759.458,6067.125
759.651,6023.125
759.845,6076.125
760.039,6078.125
760.233,6014.125
760.427,6060.125
760.62,6200.125
760.814,6095.125
761.008,6050.125
761.202,6184.125
761.395,6121.125
761.589,6099.125
761.783,6085.125
761.976,6108.125
762.17,6019.125
762.363,6082.125
762.557,6056.125
762.75,6109.125
762.944,6133.125
763.138,6183.125
763.331,6172.125
763.524,6121.125
763.718,6290.125
763.911,6114.125
764.105,6212.125
764.298,6155.125
764.492,6183.125
764.685,6166.125
764.878,6264.125
765.072,6003.125
765.265,6208.125
765.458,6302.125
765.651,6176.125
765.845,6319.125
766.038,6359.125
766.231,7101.125
766.424,10476.125
766.617,11011.125
766.811,6998.125
767.004,6424.125
767.197,6435.125
767.39,6291.125
767.583,6329.125
767.776,6384.125
767.969,6407.125
768.162,6292.125
768.355,6481.125
768.548,6255.125
768.741,6385.125
768.934,6468.125
769.127,6485.125
769.32,6548.125
769.513,6636.125
769.706,7544.125
769.898,10397.125
770.091,8323.125
770.284,6851.125
770.477,6811.125
770.67,6815.125
770.862,6888.125
771.055,6837.125
771.248,6914.125
771.441,6948.125
771.633,6819.125
771.826,7099.125
772.018,7035.125
772.211,7004.125
772.404,7027.125
772.596,7137.125
772.789,7386.125
772.981,7475.125
773.174,7385.125
773.366,7592.125
773.559,7369.125
773.751,7722.125
773.944,7915.125
774.136,7945.125
774.329,8107.125
774.521,8249.125
774.713,8610.125
774.906,8706.125
775.098,9111.125
775.29,9380.125
775.483,9845.125
775.675,10414.125
775.867,11006.125
776.059,11941.125
776.251,13159.125
776.444,14835.125
776.636,16958.125
776.828,21122.125
777.02,29276.125
777.212,41960.123
777.404,46998.123
777.596,43452.123
777.788,33222.123
777.98,25609.125
778.172,21393.125
778.364,18362.125
778.556,16471.125
778.748,14440.125
778.94,13627.125
779.132,12423.125
779.324,11538.125
779.516,10812.125
779.708,10333.125
779.9,9855.125
780.091,9352.125
780.283,9112.125
780.475,8835.125
780.667,8485.125
780.859,8325.125
781.05,8073.125
781.242,7871.125
781.434,7772.125
781.625,7570.125
781.817,7350.125
782.008,7448.125
782.2,7253.125
782.392,7259.125
782.583,7138.125
782.775,7124.125
782.966,6875.125
783.158,6823.125
783.349,6758.125
783.541,6708.125
783.732,6643.125
783.924,6672.125
784.115,6545.125
784.306,6470.125
784.498,6553.125
784.689,6472.125
784.88,6401.125
785.072,6369.125
785.263,6394.125
785.454,6336.125
785.645,6313.125
785.837,6251.125
786.028,6345.125
786.219,6190.125
786.41,6299.125
786.601,6325.125
786.792,6080.125
786.984,6291.125
787.175,6050.125
787.366,6037.125
787.557,6188.125
787.748,6283.125
787.939,6288.125
788.13,6192.125
788.321,6113.125
788.512,6255.125
788.703,6147.125
788.894,6325.125
789.084,6181.125
789.275,6248.125
789.466,6360.125
789.657,6415.125
789.848,6242.125
790.039,6197.125
790.229,6463.125
790.42,6243.125
790.611,6236.125
790.801,6420.125
790.992,6360.125
791.183,6296.125
791.373,6213.125
791.564,6209.125
791.755,6357.125
791.945,6155.125
792.136,6329.125
792.326,6246.125
792.517,6228.125
792.707,6295.125
792.898,6357.125
793.088,6518.125
793.279,6536.125
793.469,6503.125
793.66,6651.125
793.85,6828.125
794.04,6948.125
794.231,7379.125
794.421,7674.125
794.611,8399.125
794.802,9653.125
794.992,10207.125
795.182,10437.125
795.372,9838.125
795.563,8953.125
795.753,8483.125
795.943,7973.125
796.133,7540.125
796.323,7266.125
796.513,7037.125
796.703,6917.125
796.893,6760.125
797.083,6573.125
797.273,6484.125
797.463,6389.125
797.653,6294.125
797.843,6163.125
798.033,6202.125
798.223,6011.125
798.413,5938.125
798.603,5972.125
798.793,5923.125
798.983,5878.125
799.172,5791.125
799.362,5820.125
799.552,5693.125
799.742,5758.125
799.932,5640.125
800.121,5713.125
800.311,5503.125
800.501,5699.125
800.69,5664.125
800.88,5551.125
801.07,5608.125
801.259,5500.125
801.449,5503.125
801.638,5607.125
801.828,5563.125
802.017,5553.125
802.207,5577.125
802.396,5477.125
802.586,5483.125
802.775,5456.125
802.965,5412.125
803.154,5458.125
803.343,5529.125
803.533,5509.125
803.722,5331.125
803.911,5521.125
804.101,5426.125
804.29,5472.125
804.479,5521.125
804.668,5485.125
804.857,5369.125
805.047,5472.125
805.236,5449.125
805.425,5414.125
805.614,5502.125
805.803,5525.125
805.992,5491.125
806.181,5424.125
806.37,5372.125
806.559,5476.125
806.748,5600.125
806.937,5315.125
807.126,5401.125
807.315,5457.125
807.504,5527.125
807.693,5469.125
807.882,5453.125
808.071,5504.125
808.26,5549.125
808.448,5679.125
808.637,5680.125
808.826,5693.125
809.015,5757.125
809.203,5701.125
809.392,5570.125
809.581,5645.125
809.77,5732.125
809.958,5758.125
810.147,5967.125
810.335,5904.125
810.524,5895.125
810.713,5985.125
810.901,6114.125
811.09,6105.125
811.278,6147.125
811.467,6303.125
811.655,6482.125
811.844,6418.125
812.032,6326.125
812.22,6535.125
812.409,6324.125
812.597,6516.125
812.785,6566.125
812.974,6536.125
813.162,6694.125
813.35,6701.125
813.539,6801.125
813.727,6936.125
813.915,6849.125
814.103,7018.125
814.291,7126.125
814.479,7238.125
814.668,7319.125
814.856,7520.125
815.044,7536.125
815.232,7784.125
815.42,8068.125
815.608,8163.125
815.796,8369.125
815.984,8775.125
816.172,8807.125
816.36,9127.125
816.548,9508.125
816.736,10044.125
816.924,10875.125
817.111,11158.125
817.299,12128.125
817.487,13281.125
817.675,15021.125
817.863,17676.125
818.05,23750.125
818.238,38809.123
818.426,51684.123
818.613,40871.123
818.801,34203.123
818.989,32748.123
819.176,34808.123
819.364,47101.123
819.552,60498.123
819.739,49445.123
819.927,38843.123
820.114,32293.125
820.302,28366.125
820.489,25150.125
820.677,23371.125
820.864,21657.125
821.052,21022.125
821.239,20924.125
821.426,20938.125
821.614,22582.125
821.801,23493.125
821.988,20986.125
822.176,20033.125
822.363,20048.125
822.55,18694.125
822.737,17023.125
822.924,15708.125
823.112,14950.125
823.299,14083.125
823.486,13528.125
823.673,12948.125
823.86,12449.125
824.047,12568.125
824.234,13249.125
824.421,13313.125
824.608,12057.125
824.795,11066.125
824.982,10473.125
825.169,10050.125
825.356,9627.125
825.543,9287.125
825.73,8914.125
825.917,8597.125
826.104,8314.125
826.29,7955.125
826.477,7913.125
826.664,7754.125
826.851,7506.125
827.038,7242.125
827.224,7082.125
827.411,7048.125
827.598,6910.125
827.784,6832.125
827.971,6620.125
828.157,6562.125
828.344,6233.125
828.531,6280.125
828.717,6159.125
828.904,6187.125
829.09,5950.125
829.277,6039.125
829.463,5829.125
829.65,5678.125
829.836,5682.125
830.022,5644.125
830.209,5555.125
830.395,5545.125
830.581,5534.125
830.768,5234.125
830.954,5233.125
831.14,5279.125
831.327,5294.125
831.513,5120.125
831.699,5022.125
831.885,5104.125
832.071,4934.125
832.257,4962.125
832.444,5023.125
832.63,4810.125
832.816,4895.125
833.002,4852.125
833.188,4640.125
833.374,4740.125
833.56,4764.125
833.746,4646.125
833.932,4547.125
834.118,4523.125
834.303,4533.125
834.489,4353.125
834.675,4476.125
834.861,4541.125
835.047,4378.125
835.233,4515.125
835.418,4414.125
835.604,4335.125
835.79,4301.125
835.976,4320.125
836.161,4240.125
836.347,4234.125
836.533,4243.125
836.718,4262.125
836.904,4047.1249999999995
837.089,4157.125
837.275,4100.125
837.46,4123.125
837.646,4162.125
837.831,4152.125
838.017,4199.125
838.202,4041.1249999999995
838.388,4031.1249999999995
838.573,4148.125
838.759,4117.125
838.944,4030.1249999999995
839.129,4081.1249999999995
839.315,4077.1249999999995
839.5,4059.1249999999995
839.685,4159.125
839.87,4078.1249999999995
840.056,4096.125
840.241,4187.125
840.426,4155.125
840.611,4059.1249999999995
840.796,4080.1249999999995
840.981,4177.125
841.166,4102.125
841.352,4400.125
841.537,4224.125
841.722,4245.125
841.907,4194.125
842.092,4264.125
842.277,4249.125
842.461,4389.125
842.646,4581.125
842.831,4562.125
843.016,4715.125
843.201,4783.125
843.386,5082.125
843.571,5251.125
843.755,5304.125
843.94,5967.125
844.125,6505.125
844.31,7700.125
844.494,9805.125
844.679,13233.125
844.864,13099.125
845.048,10846.125
845.233,9125.125
845.418,8090.125
845.602,7205.125
845.787,6443.125
845.971,6100.125
846.156,5642.125
846.34,5410.125
846.525,5153.125
846.709,5053.125
846.893,4733.125
847.078,4624.125
847.262,4606.125
847.447,4374.125
847.631,4262.125
847.815,4309.125
848.0,4055.1249999999995
848.184,3980.1249999999995
848.368,3858.125
848.552,3888.125
848.736,3940.125
848.921,3823.125
849.105,3755.125
849.289,3628.125
849.473,3793.125
849.657,3647.125
849.841,3580.125
850.025,3512.125
850.209,3557.125
850.393,3567.125
850.577,3535.125
850.761,3533.125
850.945,3393.125
851.129,3403.125
851.313,3407.125
851.497,3441.125
851.68,3324.125
851.864,3363.125
852.048,3435.125
852.232,3376.125
852.416,3367.125
852.599,3393.125
852.783,3322.125
852.967,3385.125
853.15,3249.125
853.334,3282.125
853.518,3372.125
853.701,3224.125
853.885,3266.125
854.068,3225.125
854.252,3186.125
854.435,3293.125
854.619,3223.125
854.802,3280.125
854.986,3226.125
855.169,3162.125
855.353,3330.125
855.536,3170.125
855.719,3289.125
855.903,3338.125
856.086,3370.125
856.269,3386.125
856.452,3346.125
856.636,3496.125
856.819,3760.125
857.002,3806.125
857.185,3632.125
857.368,3558.125
857.552,3539.125
857.735,3485.125
857.918,3478.125
858.101,3519.125
858.284,3484.125
858.467,3499.125
858.65,3658.125
858.833,3692.125
859.016,3647.125
859.199,3883.125
859.382,4088.1249999999995
859.564,4486.125
859.747,4465.125
859.93,4214.125
860.113,4002.1249999999995
860.296,4009.1249999999995
860.478,3878.125
860.661,3860.125
860.844,3824.125
861.027,3754.125
861.209,3810.125
861.392,3716.125
861.575,3645.125
861.757,3757.125
861.94,3694.125
862.122,3918.125
862.305,4007.1249999999995
862.487,4025.1249999999995
862.67,4505.125
862.852,5062.125
863.035,6090.125
863.217,6041.125
863.4,5686.125
863.582,5245.125
863.764,4914.125
863.947,4752.125
864.129,4566.125
864.311,4406.125
864.493,4310.125
864.676,4372.125
864.858,4225.125
865.04,4226.125
865.222,4312.125
865.404,4286.125
865.587,4595.125
865.769,4679.125
865.951,4704.125
866.133,4601.125
866.315,4494.125
866.497,4605.125
866.679,4921.125
866.861,5007.125
867.043,5245.125
867.225,5512.125
867.407,6038.125
867.589,6693.125
867.77,8163.125
867.952,11136.125
868.134,14465.125
868.316,14626.125
868.498,13920.125
868.679,12204.125
868.861,10301.125
869.043,8602.125
869.224,7622.125
869.406,6987.125
869.588,6545.125
869.769,6217.125
869.951,5968.125
870.132,6142.125
870.314,6617.125
870.495,7019.125
870.677,6334.125
870.858,6121.125
871.04,6202.125
871.221,6997.125
871.403,6707.125
871.584,6266.125
871.765,6343.125
871.947,6588.125
872.128,6150.125
872.309,5273.125
872.491,4938.125
872.672,4683.125
872.853,4543.125
873.034,4512.125
873.215,4128.125
873.396,3998.1249999999995
873.578,3757.125
873.759,3709.125
873.94,3523.125
874.121,3591.125
874.302,3408.125
874.483,3283.125
874.664,3422.125
874.845,3454.125
875.026,3427.125
875.207,3141.125
875.388,3250.125
875.568,3070.125
875.749,3100.125
875.93,3011.125
876.111,2994.125
876.292,2908.125
876.472,2968.125
876.653,2887.125
876.834,2876.125
877.015,2896.125
877.195,2821.125
877.376,2865.125
877.556,2791.125
877.737,2791.125
877.918,2717.125
878.098,2754.125
878.279,2789.125
878.459,2670.125
878.64,2677.125
878.82,2732.125
879.0,2684.125
879.181,2667.125
879.361,2746.125
879.542,2643.125
879.722,2639.125
879.902,2705.125
880.083,2734.125
880.263,2750.125
880.443,2801.125
880.623,3211.125
880.803,3622.125
880.984,3346.125
881.164,3072.125
881.344,2943.125
881.524,2943.125
881.704,2832.125
881.884,3028.125
882.064,3165.125
882.244,3162.125
882.424,3001.125
882.604,2871.125
882.784,2805.125
882.964,2864.125
883.144,2760.125
883.324,2784.125
883.504,2655.125
883.683,2648.125
883.863,2503.125
884.043,2523.125
884.223,2483.125
884.402,2572.125
884.582,2451.125
884.762,2554.125
884.941,2435.125
885.121,2473.125
885.301,2419.125
885.48,2469.125
885.66,2422.125
885.839,2483.125
886.019,2504.125
886.198,2336.125
886.378,2317.125
886.557,2376.125
886.737,2375.125
886.916,2341.125
887.095,2409.125
887.275,2379.125
887.454,2303.125
887.633,2274.125
887.813,2289.125
887.992,2312.125
888.171,2239.125
888.35,2367.125
888.53,2322.125
888.709,2259.125
888.888,2223.125
889.067,2320.125
889.246,2243.125
889.425,2242.125
889.604,2317.125
889.783,2328.125
889.962,2299.125
890.141,2304.125
890.32,2322.125
890.499,2222.125
890.678,2247.125
890.857,2294.125
891.036,2255.125
891.214,2232.125
891.393,2306.125
891.572,2195.125
891.751,2270.125
891.93,2203.125
892.108,2321.125
892.287,2270.125
892.466,2244.125
892.644,2276.125
892.823,2224.125
893.001,2180.125
893.18,2188.125
893.359,2141.125
893.537,2235.125
893.716,2231.125
893.894,2217.125
894.073,2257.125
894.251,2228.125
894.429,2199.125
894.608,2195.125
894.786,2234.125
894.964,2223.125
895.143,2247.125
895.321,2270.125
895.499,2144.125
895.677,2140.125
895.856,2273.125
896.034,2254.125
896.212,2306.125
896.39,2299.125
896.568,2289.125
896.746,2208.125
896.924,2310.125
897.102,2246.125
897.28,2249.125
897.458,2225.125
897.636,2255.125
897.814,2286.125
897.992,2262.125
898.17,2273.125
898.348,2234.125
898.526,2272.125
898.704,2240.125
898.882,2344.125
899.059,2206.125
899.237,2302.125
899.415,2307.125
899.593,2349.125
899.77,2287.125
899.948,2384.125
900.125,2336.125
900.303,2376.125
900.481,2291.125
900.658,2320.125
900.836,2333.125
901.013,2365.125
901.191,2387.125
901.368,2367.125
901.546,2539.125
901.723,2493.125
901.901,2535.125
902.078,2658.125
902.255,2618.125
902.433,2676.125
902.61,2609.125
902.787,2616.125
902.964,2776.125
903.142,2816.125
903.319,2723.125
903.496,2857.125
903.673,2855.125
903.85,2953.125
904.027,2959.125
904.204,3185.125
904.381,3337.125
904.558,3946.1249999999995
904.735,4443.125
904.912,4386.125
905.089,4445.125
905.266,4160.125
905.443,3744.125
905.62,3556.125
905.797,3394.125
905.974,3409.125
906.151,3183.125
906.327,3243.125
906.504,3159.125
906.681,3108.125
906.858,3050.125
907.034,2957.125
907.211,2877.125
907.388,2791.125
907.564,2763.125
907.741,2738.125
907.917,2692.125
908.094,2624.125
908.271,2604.125
908.447,2543.125
908.623,2500.125
908.8,2499.125
908.976,2517.125
909.153,2585.125
909.329,2460.125
909.505,2423.125
909.682,2444.125
909.858,2427.125
910.034,2429.125
910.211,2471.125
910.387,2348.125
910.563,2267.125
910.739,2377.125
910.915,2440.125
911.091,2317.125
911.268,2281.125
911.444,2304.125
911.62,2275.125
911.796,2313.125
911.972,2389.125
912.148,2304.125
912.324,2385.125
912.5,2386.125
912.676,2323.125
912.851,2280.125
913.027,2307.125
913.203,2327.125
913.379,2272.125
913.555,2227.125
913.73,2359.125
913.906,2310.125
914.082,2289.125
914.258,2337.125
914.433,2262.125
914.609,2286.125
914.784,2250.125
914.96,2228.125
915.136,2208.125
915.311,2214.125
915.487,2336.125
915.662,2264.125
915.838,2363.125
916.013,2301.125
916.189,2350.125
916.364,2289.125
916.539,2213.125
916.715,2307.125
916.89,2291.125
917.065,2398.125
917.24,2302.125
917.416,2382.125
917.591,2356.125
917.766,2372.125
917.941,2326.125
918.116,2318.125
918.292,2286.125
918.467,2367.125
918.642,2349.125
918.817,2444.125
918.992,2340.125
919.167,2358.125
919.342,2390.125
919.517,2346.125
919.692,2479.125
919.867,2483.125
920.041,2516.125
920.216,2472.125
920.391,2524.125
920.566,2583.125
920.741,2594.125
920.915,2845.125
921.09,2979.125
921.265,3659.125
921.439,4136.125
921.614,3748.125
921.789,3378.125
921.963,3080.125
922.138,2976.125
922.312,2981.125
922.487,3019.125
922.661,3196.125
922.836,3525.125
923.01,3653.125
923.185,3280.125
923.359,3112.125
923.534,3103.125
923.708,3235.125
923.882,3436.125
924.057,3309.125
924.231,3135.125
924.405,3007.125
924.579,2896.125
924.753,2925.125
924.928,2894.125
925.102,2833.125
925.276,2881.125
925.45,2879.125
925.624,2965.125
925.798,2994.125
925.972,3146.125
926.146,3295.125
926.32,3441.125
926.494,3710.125
926.668,3960.1249999999995
926.842,4106.125
927.016,4002.1249999999995
927.19,3967.1249999999995
927.363,3976.1249999999995
927.537,3787.125
927.711,3718.125
927.885,3668.125
928.058,3548.125
928.232,3479.125
928.406,3273.125
928.579,3214.125
928.753,3327.125
928.927,3125.125
929.1,3250.125
929.274,3115.125
929.447,2926.125
929.621,2987.125
929.794,2911.125
929.968,2974.125
930.141,2887.125
930.315,2766.125
930.488,2783.125
930.661,2687.125
930.835,2774.125
931.008,2663.125
931.181,2668.125
931.354,2567.125
931.528,2521.125
931.701,2554.125
931.874,2491.125
932.047,2437.125
932.22,2463.125
932.393,2404.125
932.566,2472.125
932.739,2402.125
932.912,2390.125
933.085,2378.125
933.258,2433.125
933.431,2307.125
933.604,2374.125
933.777,2358.125
933.95,2302.125
934.123,2247.125
934.296,2317.125
934.468,2266.125
934.641,2214.125
934.814,2322.125
934.987,2299.125
935.159,2279.125
935.332,2288.125
935.505,2240.125
935.677,2224.125
935.85,2242.125
936.022,2215.125
936.195,2277.125
936.367,2289.125
936.54,2251.125
936.712,2276.125
936.885,2188.125
937.057,2333.125
937.229,2321.125
937.402,2414.125
937.574,2435.125
937.746,2475.125
937.919,2611.125
938.091,2651.125
938.263,2842.125
938.435,3131.125
938.608,3529.125
938.78,3983.1249999999995
938.952,4171.125
939.124,4260.125
939.296,4763.125
939.468,4931.125
939.64,4436.125
939.812,3923.1249999999995
939.984,3649.125
940.156,3301.125
940.328,3082.125
940.5,3041.125
940.672,2965.125
940.843,2684.125
941.015,2717.125
941.187,2656.125
941.359,2690.125
941.531,2682.125
941.702,2615.125
941.874,2526.125
942.046,2407.125
942.217,2422.125
942.389,2458.125
942.56,2375.125
942.732,2226.125
942.904,2335.125
943.075,2244.125
943.247,2164.125
943.418,2170.125
943.589,2162.125
943.761,2226.125
943.932,2243.125
944.104,2123.125
944.275,2150.125
944.446,2084.125
944.617,2120.125
944.789,2182.125
944.96,1989.125
945.131,2036.125
945.302,2031.125
945.473,1999.125
945.645,2010.125
945.816,2061.125
945.987,2087.125
946.158,2142.125
946.329,2036.125
946.5,2018.125
946.671,1981.125
946.842,1887.125
947.013,2072.125
947.183,1955.125
947.354,1956.125
947.525,1916.125
947.696,1879.125
947.867,1935.125
948.037,1978.125
948.208,1943.125
948.379,1893.125
948.55,1934.125
948.72,1829.125
948.891,1902.125
949.061,1923.125
949.232,1852.125
949.403,1864.125
949.573,1816.125
949.744,1860.125
949.914,1874.125
950.085,1905.125
950.255,1879.125
950.425,1919.125
950.596,1795.125
950.766,1804.125
950.936,1810.125
951.107,1811.125
951.277,1750.125
951.447,1770.125
951.617,1811.125
951.788,1752.125
951.958,1708.125
952.128,1736.125
952.298,1670.125
952.468,1772.125
952.638,1715.125
952.808,1735.125
952.978,1747.125
953.148,1664.125
953.318,1701.125
953.488,1642.125
953.658,1620.125
953.828,1675.125
953.998,1727.125
954.167,1775.125
954.337,1658.125
954.507,1663.125
954.677,1613.125
954.846,1646.125
955.016,1612.125
955.186,1666.125
955.355,1670.125
955.525,1640.125
955.695,1584.125
955.864,1625.125
956.034,1608.125
956.203,1570.125
956.373,1565.125
956.542,1541.125
956.711,1581.125
956.881,1539.125
957.05,1564.125
957.22,1621.125
957.389,1534.125
957.558,1518.125
957.727,1585.125
957.897,1557.125
958.066,1493.125
958.235,1542.125
958.404,1586.125
958.573,1518.125
958.743,1549.125
958.912,1571.125
959.081,1474.125
959.25,1570.125
959.419,1480.125
959.588,1481.125
959.757,1494.125
959.926,1528.125
960.094,1462.125
960.263,1527.125
960.432,1427.125
960.601,1546.125
960.77,1523.125
960.939,1484.125
961.107,1461.125
961.276,1516.125
961.445,1456.125
961.613,1499.125
961.782,1435.125
961.951,1461.125
962.119,1455.125
962.288,1483.125
962.456,1437.125
962.625,1473.125
962.793,1474.125
962.962,1461.125
963.13,1469.125
963.298,1505.125
963.467,1430.125
963.635,1478.125
963.803,1405.125
963.972,1487.125
964.14,1501.125
964.308,1490.125
964.477,1462.125
964.645,1383.125
964.813,1535.125
964.981,1539.125
965.149,1486.125
965.317,1478.125
965.485,1487.125
965.653,1481.125
965.821,1478.125
965.989,1490.125
966.157,1468.125
966.325,1452.125
966.493,1485.125
966.661,1454.125
966.829,1440.125
966.996,1387.125
967.164,1469.125
967.332,1493.125
967.5,1450.125
967.667,1475.125
967.835,1421.125
968.003,1443.125
968.17,1443.125
968.338,1498.125
968.505,1485.125
968.673,1435.125
968.841,1507.125
969.008,1473.125
969.175,1398.125
969.343,1509.125
969.51,1426.125
969.678,1423.125
969.845,1393.125
970.012,1460.125
970.18,1421.125
970.347,1424.125
970.514,1390.125
970.681,1366.125
970.849,1389.125
971.016,1461.125
971.183,1547.125
971.35,1422.125
971.517,1466.125
971.684,1431.125
971.851,1462.125
972.018,1367.125
972.185,1410.125
972.352,1440.125
972.519,1417.125
972.686,1422.125
972.853,1495.125
973.02,1426.125
973.186,1451.125
973.353,1387.125
973.52,1420.125
973.687,1392.125
973.853,1424.125
974.02,1345.125
974.187,1400.125
974.353,1427.125
974.52,1349.125
974.687,1403.125
974.853,1361.125
975.02,1347.125
975.186,1357.125
975.353,1346.125
975.519,1354.125
975.685,1359.125
975.852,1453.125
976.018,1368.125
976.184,1354.125
976.351,1394.125
976.517,1275.125
976.683,1371.125
976.849,1351.125
977.016,1314.125
977.182,1320.125
977.348,1419.125
977.514,1349.125
977.68,1289.125
977.846,1370.125
978.012,1381.125
978.178,1332.125
978.344,1395.125
978.51,1302.125
978.676,1376.125
978.842,1318.125
979.008,1329.125
979.174,1357.125
979.34,1388.125
979.505,1297.125
979.671,1364.125
979.837,1345.125
980.003,1379.125
980.168,1379.125
980.334,1389.125
980.499,1317.125
980.665,1299.125
980.831,1313.125
980.996,1400.125
981.162,1345.125
981.327,1367.125
981.493,1339.125
981.658,1276.125
981.823,1393.125
981.989,1415.125
982.154,1295.125
982.319,1342.125
982.485,1373.125
982.65,1391.125
982.815,1387.125
982.98,1432.125
983.146,1306.125
983.311,1335.125
983.476,1343.125
983.641,1338.125
983.806,1329.125
983.971,1314.125
984.136,1270.125
984.301,1332.125
984.466,1284.125
984.631,1433.125
984.796,1310.125
984.961,1336.125
985.126,1395.125
985.291,1333.125
985.455,1322.125
985.62,1336.125
985.785,1343.125
985.95,1295.125
986.114,1246.125
986.279,1312.125
986.444,1385.125
986.608,1341.125
986.773,1355.125
986.937,1438.125
987.102,1387.125
987.266,1406.125
987.431,1332.125
987.595,1331.125
987.76,1382.125
987.924,1325.125
988.088,1332.125
988.253,1319.125
988.417,1308.125
988.581,1350.125
988.746,1312.125
988.91,1267.125
989.074,1352.125
989.238,1399.125
989.402,1348.125
989.566,1293.125
989.731,1252.125
989.895,1351.125
990.059,1344.125
990.223,1255.125
990.387,1275.125
990.551,1301.125
990.714,1300.125
990.878,1297.125
991.042,1288.125
991.206,1380.125
991.37,1254.125
991.534,1271.125
991.697,1383.125
991.861,1283.125
992.025,1199.125
992.188,1228.125
992.352,1345.125
992.516,1257.125
992.679,1356.125
992.843,1273.125
993.006,1241.125
993.17,1329.125
993.333,1225.125
993.497,1261.125
993.66,1211.125
993.824,1281.125
993.987,1342.125
994.15,1283.125
994.314,1221.125
994.477,1240.125
994.64,1259.125
994.803,1214.125
994.967,1255.125
995.13,1221.125
995.293,1227.125
995.456,1337.125
995.619,1238.125
995.782,1277.125
995.945,1176.125
996.108,1270.125
996.271,1146.125
996.434,1310.125
996.597,1306.125
996.76,1263.125
996.923,1302.125
997.086,1290.125
997.248,1238.125
997.411,1318.125
997.574,1249.125
997.737,1240.125
997.899,1274.125
998.062,1248.125
998.225,1286.125
998.387,1247.125
998.55,1205.125
998.712,1192.125
998.875,1185.125
999.037,1180.125
999.2,1233.125
999.362,1246.125
999.525,1295.125
999.687,1270.125
999.849,1277.125
1000.012,1220.125
1000.174,1230.125
1000.336,1231.125
1000.499,1246.125
1000.661,1238.125
1000.823,1181.125
1000.985,1250.125
1001.147,1361.125
1001.309,1212.125
1001.471,1334.125
1001.633,1295.125
1001.796,1320.125
1001.958,1263.125
1002.119,1319.125
1002.281,1356.125
1002.443,1452.125
1002.605,1539.125
1002.767,1511.125
1002.929,1623.125
1003.091,1633.125
1003.252,1699.125
1003.414,1799.125
1003.576,1901.125
1003.738,1886.125
1003.899,2004.125
1004.061,2120.125
1004.222,2206.125
1004.384,2278.125
1004.546,2274.125
1004.707,2341.125
1004.869,2339.125
1005.03,2294.125
1005.191,2268.125
1005.353,2178.125
1005.514,2083.125
1005.675,1912.125
1005.837,1906.125
1005.998,1953.125
1006.159,1882.125
1006.321,1993.125
1006.482,1993.125
1006.643,1980.125
1006.804,2084.125
1006.965,2218.125
1007.126,2290.125
1007.287,2195.125
1007.448,2101.125
1007.609,2091.125
1007.77,2030.125
1007.931,1976.125
1008.092,2120.125
1008.253,2219.125
1008.414,2189.125
1008.575,2162.125
1008.736,2199.125
1008.896,2209.125
1009.057,2107.125
1009.218,2158.125
1009.379,2142.125
1009.539,2288.125
1009.7,2356.125
1009.86,2275.125
1010.021,2228.125
1010.182,2200.125
1010.342,2253.125
1010.503,2437.125
1010.663,2420.125
1010.823,2559.125
1010.984,2513.125
1011.144,2543.125
1011.305,2553.125
1011.465,2749.125
1011.625,2865.125
1011.785,2977.125
1011.946,2897.125
1012.106,2816.125
1012.266,2896.125
1012.426,2834.125
1012.586,2811.125
1012.746,2761.125
1012.906,2725.125
1013.066,2609.125
1013.226,2660.125
1013.386,2711.125
1013.546,2602.125
1013.706,2578.125
1013.866,2608.125
1014.026,2705.125
1014.186,2690.125
1014.346,2738.125
1014.505,2690.125
1014.665,2733.125
1014.825,2668.125
1014.985,2652.125
1015.144,2740.125
1015.304,2948.125
1015.464,2836.125
1015.623,2775.125
1015.783,3001.125
1015.942,3209.125
1016.102,3121.125
1016.261,3053.125
1016.42,3361.125
1016.58,3680.125
1016.739,3591.125
1016.899,3438.125
1017.058,3579.125
1017.217,3832.125
1017.376,3637.125
1017.536,3231.125
1017.695,3282.125
1017.854,3324.125
1018.013,3337.125
1018.172,3101.125
1018.331,3180.125
1018.49,3388.125
1018.649,3507.125
1018.808,3542.125
1018.967,3650.125
1019.126,3677.125
1019.285,3557.125
1019.444,3617.125
1019.603,3492.125
1019.762,3228.125
1019.921,3432.125
1020.079,3615.125
1020.238,3874.125
1020.397,3635.125
1020.555,3385.125
1020.714,3495.125
1020.873,3823.125
1021.031,3718.125
1021.19,3656.125
1021.348,3469.125
1021.507,3678.125
1021.665,4035.1249999999995
1021.824,3786.125
1021.982,3541.125
1022.141,3600.125
1022.299,3984.1249999999995
1022.457,4120.125
1022.616,3812.125
1022.774,3399.125
1022.932,3605.125
1023.09,4227.125
1023.249,4045.1249999999995
1023.407,3841.125
1023.565,3613.125
1023.723,3860.125
1023.881,4171.125
1024.039,4206.125
1024.197,3881.1249999999995
1024.355,3684.125
1024.513,3789.125
1024.671,4353.125
1024.829,4316.125
1024.987,3974.1249999999995
1025.145,3609.125
1025.302,3933.1249999999995
1025.46,4315.125
1025.618,4349.125
1025.776,4108.125
1025.933,3797.125
1026.091,3802.125
1026.249,4317.125
1026.406,4597.125
1026.564,4217.125
1026.721,3896.1249999999995
1026.879,3804.125
1027.036,4316.125
1027.194,4575.125
1027.351,4634.125
1027.509,4279.125
1027.666,3895.1249999999995
1027.823,4391.125
1027.981,4627.125
1028.138,4672.125
1028.295,4386.125
1028.452,4047.1249999999995
1028.609,4098.125
1028.767,4439.125
1028.924,4841.125
1029.081,4622.125
1029.238,4351.125
1029.395,4092.1249999999995
1029.552,4309.125
1029.709,4831.125
1029.866,4920.125
1030.023,4717.125
1030.18,4271.125
1030.337,4221.125
1030.494,4523.125
1030.65,4821.125
1030.807,5060.125
1030.964,4537.125
1031.121,4478.125
1031.277,4269.125
1031.434,4596.125
1031.591,5107.125
1031.747,5169.125
1031.904,5134.125
1032.06,4632.125
1032.217,4581.125
1032.373,5078.125
1032.53,5194.125
1032.686,5866.125
1032.843,5723.125
1032.999,5445.125
1033.155,5426.125
1033.312,5498.125
1033.468,6236.125
1033.624,6842.125
1033.78,7293.125
1033.937,7184.125
1034.093,6308.125
1034.249,6639.125
1034.405,6546.125
1034.561,7061.125
1034.717,7699.125
1034.873,7509.125
1035.029,7831.125
1035.185,7326.125
1035.341,6852.125
1035.497,7479.125
1035.653,7592.125
1035.809,8342.125
1035.964,8952.125
1036.12,8421.125
1036.276,8369.125
1036.432,8349.125
1036.587,7726.125
1036.743,8377.125
1036.899,8845.125
1037.054,9146.125
1037.21,10463.125
1037.365,10314.125
1037.521,9396.125
1037.676,9318.125
1037.832,8476.125
1037.987,8651.125
1038.143,9202.125
1038.298,10275.125
1038.453,10058.125
1038.609,11219.125
1038.764,11381.125
1038.919,10112.125
1039.074,10392.125
1039.229,9716.125
1039.385,9307.125
1039.54,10013.125
1039.695,10919.125
1039.85,11493.125
1040.005,12137.125
1040.16,13362.125
1040.315,12464.125
1040.47,11730.125
1040.625,11660.125
1040.78,11147.125
1040.935,11448.125
1041.089,11565.125
1041.244,13392.125
1041.399,13773.125
1041.554,14830.125
1041.708,16507.125
1041.863,15157.125
1042.018,15067.125
1042.172,14952.125
1042.327,13832.125
1042.481,14127.125
1042.636,13963.125
1042.791,14015.125
1042.945,17057.125
1043.099,18921.125
1043.254,18354.125
1043.408,19144.125
1043.563,20123.125
1043.717,19537.125
1043.871,17673.125
1044.025,17604.125
1044.18,16651.125
1044.334,17368.125
1044.488,18143.125
1044.642,18809.125
1044.796,20911.125
1044.95,23403.125
1045.104,24401.125
1045.258,25376.125
1045.412,24765.125
1045.566,24749.125
1045.72,23331.125
1045.874,21228.125
1046.028,19205.125
1046.182,20357.125
1046.336,21228.125
1046.489,22436.125
1046.643,22941.125
1046.797,24353.125
1046.951,24996.125
1047.104,25615.125
1047.258,26933.125
1047.411,28965.125
1047.565,28038.125
1047.719,27275.125
1047.872,26265.125
1048.026,24498.125
1048.179,24069.125
1048.332,24172.125
1048.486,24140.125
1048.639,23935.125
1048.792,24690.125
1048.946,27458.125
1049.099,29663.125
1049.252,31561.125
1049.406,28796.125
1049.559,29994.125
1049.712,32662.123
1049.865,35775.123
1050.018,34944.123
1050.171,30731.125
1050.324,29670.125
1050.477,31018.125
1050.63,33334.123
1050.783,34411.123
1050.936,32093.125
1051.089,30550.125
1051.242,31882.125
1051.394,35470.123
1051.547,36854.123
1051.7,34245.123
1051.853,33420.123
1052.005,35930.123
1052.158,40064.123
1052.311,43368.123
1052.463,43008.123
1052.616,37119.123
1052.768,33192.123
1052.921,32501.123
1053.073,35851.123
1053.226,40203.123
1053.378,45168.123
1053.531,47641.123
1053.683,44495.123
1053.835,37580.123
1053.988,28987.125
