237.496,864.35
237.566,922.35
237.636,931.35
237.705,917.35
237.775,904.35
237.845,919.35
237.914,854.35
237.984,921.35
238.054,908.35
238.123,883.35
238.193,912.35
238.263,948.35
238.332,843.35
238.402,861.35
238.471,900.35
238.541,901.35
238.611,919.35
238.68,917.35
238.75,892.35
238.819,855.35
238.889,876.35
238.958,863.35
239.028,902.35
239.097,909.35
239.167,888.35
239.237,911.35
239.306,896.35
239.376,884.35
239.445,925.35
239.515,867.35
239.584,875.35
239.654,843.35
239.723,853.35
239.793,854.35
239.862,808.35
239.932,881.35
240.001,858.35
240.07,888.35
240.14,840.35
240.209,911.35
240.279,869.35
240.348,776.35
240.418,891.35
240.487,807.35
240.556,877.35
240.626,831.35
240.695,885.35
240.765,909.35
240.834,879.35
240.903,914.35
240.973,860.35
241.042,889.35
241.112,883.35
241.181,830.35
241.25,878.35
241.32,927.35
241.389,851.35
241.458,880.35
241.528,858.35
241.597,878.35
241.666,823.35
241.736,865.35
241.805,827.35
241.874,814.35
241.943,838.35
242.013,858.35
242.082,829.35
242.151,844.35
242.221,830.35
242.29,892.35
242.359,858.35
242.428,843.35
242.498,855.35
242.567,848.35
242.636,821.35
242.705,896.35
242.774,803.35
242.844,824.35
242.913,821.35
242.982,884.35
243.051,821.35
243.12,841.35
243.19,799.35
243.259,811.35
243.328,757.35
243.397,825.35
243.466,793.35
243.535,837.35
243.605,883.35
243.674,816.35
243.743,774.35
243.812,801.35
243.881,856.35
243.95,757.35
244.019,831.35
244.088,788.35
244.158,792.35
244.227,811.35
244.296,841.35
244.365,889.35
244.434,797.35
244.503,853.35
244.572,781.35
244.641,790.35
244.71,801.35
244.779,838.35
244.848,844.35
244.917,752.35
244.986,806.35
245.055,806.35
245.124,804.35
245.193,801.35
245.262,753.35
245.331,788.35
245.4,758.35
245.469,773.35
245.538,720.35
245.607,750.35
245.676,747.35
245.745,734.35
245.814,743.35
245.883,675.35
245.952,696.35
246.021,734.35
246.09,720.35
246.159,701.35
246.227,730.35
246.296,715.35
246.365,728.35
246.434,679.35
246.503,702.35
246.572,676.35
246.641,650.35
246.71,715.35
246.779,625.35
246.847,686.35
246.916,709.35
246.985,696.35
247.054,642.35
247.123,686.35
247.192,640.35
247.26,696.35
247.329,685.35
247.398,706.35
247.467,668.35
247.536,727.35
247.604,671.35
247.673,631.35
247.742,682.35
247.811,695.35
247.879,605.35
247.948,683.35
248.017,635.35
248.086,650.35
248.154,651.35
248.223,619.35
248.292,645.35
248.361,718.35
248.429,662.35
248.498,625.35
248.567,674.35
248.635,599.35
248.704,634.35
248.773,672.35
248.841,739.35
248.91,640.35
248.979,702.35
249.047,630.35
249.116,683.35
249.185,645.35
249.253,623.35
249.322,654.35
249.39,618.35
249.459,671.35
249.528,696.35
249.596,661.35
249.665,618.35
249.733,622.35
249.802,641.35
249.871,667.35
249.939,653.35
250.008,586.35
250.076,634.35
250.145,609.35
250.213,631.35
250.282,588.35
250.35,640.35
250.419,628.35
250.487,584.35
250.556,589.35
250.624,593.35
250.693,673.35
250.761,613.35
250.83,607.35
250.898,579.35
250.967,678.35
251.035,612.35
251.104,599.35
251.172,611.35
251.241,628.35
251.309,610.35
251.378,603.35
251.446,601.35
251.514,597.35
251.583,627.35
251.651,590.35
251.72,607.35
251.788,568.35
251.856,601.35
251.925,587.35
251.993,622.35
252.062,593.35
252.13,561.35
252.198,579.35
252.267,542.35
252.335,604.35
252.403,554.35
252.472,621.35
252.54,559.35
252.608,524.35
252.677,551.35
252.745,538.35
252.813,599.35
252.881,590.35
252.95,513.35
253.018,501.35
253.086,486.35
253.155,517.35
253.223,470.35
253.291,481.35
253.359,425.35
253.428,484.35
253.496,444.35
253.564,440.35
253.632,448.35
253.7,435.35
253.769,449.35
253.837,427.35
253.905,481.35
253.973,437.35
254.041,445.35
254.11,396.35
254.178,418.35
254.246,447.35
254.314,419.35
254.382,391.35
254.45,409.35
254.518,394.35
254.587,446.35
254.655,436.35
254.723,451.35
254.791,421.35
254.859,460.35
254.927,448.35
254.995,479.35
255.063,409.35
255.131,426.35
255.199,405.35
255.267,473.35
255.336,377.35
255.404,450.35
255.472,444.35
255.54,428.35
255.608,427.35
255.676,467.35
255.744,532.35
255.812,489.35
255.88,417.35
255.948,496.35
256.016,505.35
256.084,483.35
256.152,461.35
256.22,489.35
256.288,493.35
256.356,486.35
256.424,549.35
256.491,508.35
256.559,513.35
256.627,480.35
256.695,516.35
256.763,512.35
256.831,443.35
256.899,559.35
256.967,605.35
257.035,515.35
257.103,561.35
257.171,567.35
257.238,498.35
257.306,620.35
257.374,594.35
257.442,518.35
257.51,588.35
257.578,598.35
257.646,587.35
257.713,624.35
257.781,648.35
257.849,657.35
257.917,592.35
257.985,647.35
258.052,661.35
258.12,633.35
258.188,666.35
258.256,725.35
258.324,719.35
258.391,749.35
258.459,749.35
258.527,756.35
258.595,710.35
258.662,706.35
258.73,803.35
258.798,787.35
258.865,741.35
258.933,794.35
259.001,846.35
259.069,738.35
259.136,827.35
259.204,858.35
259.272,824.35
259.339,800.35
259.407,810.35
259.475,829.35
259.542,876.35
259.61,921.35
259.677,875.35
259.745,924.35
259.813,880.35
259.88,953.35
259.948,892.35
260.016,1027.3500000000001
260.083,927.35
260.151,975.35
260.218,1003.35
260.286,1005.35
260.353,1087.3500000000001
260.421,1079.3500000000001
260.489,1065.3500000000001
260.556,1089.3500000000001
260.624,1075.3500000000001
260.691,1074.3500000000001
260.759,1084.3500000000001
260.826,1121.3500000000001
260.894,1142.3500000000001
260.961,1097.3500000000001
261.029,1154.3500000000001
261.096,1165.3500000000001
261.164,1140.3500000000001
261.231,1138.3500000000001
261.299,1223.3500000000001
261.366,1202.3500000000001
261.434,1230.3500000000001
261.501,1229.3500000000001
261.568,1270.3500000000001
261.636,1251.3500000000001
261.703,1306.3500000000001
261.771,1270.3500000000001
261.838,1320.3500000000001
261.906,1268.3500000000001
261.973,1318.3500000000001
262.04,1338.3500000000001
262.108,1324.3500000000001
262.175,1303.3500000000001
262.243,1341.3500000000001
262.31,1348.3500000000001
262.377,1410.3500000000001
262.445,1457.3500000000001
262.512,1443.3500000000001
262.579,1377.3500000000001
262.647,1387.3500000000001
262.714,1474.3500000000001
262.781,1536.3500000000001
262.849,1448.3500000000001
262.916,1514.3500000000001
262.983,1488.3500000000001
263.051,1426.3500000000001
263.118,1471.3500000000001
263.185,1469.3500000000001
263.252,1550.3500000000001
263.32,1587.3500000000001
263.387,1560.3500000000001
263.454,1594.3500000000001
263.522,1544.3500000000001
263.589,1602.3500000000001
263.656,1603.3500000000001
263.723,1619.3500000000001
263.79,1610.3500000000001
263.858,1717.3500000000001
263.925,1644.3500000000001
263.992,1709.3500000000001
264.059,1803.3500000000001
264.126,1786.3500000000001
264.194,1685.3500000000001
264.261,1703.3500000000001
264.328,1719.3500000000001
264.395,1678.3500000000001
264.462,1774.3500000000001
264.529,1848.3500000000001
264.597,1739.3500000000001
264.664,1719.3500000000001
264.731,1830.3500000000001
264.798,1824.3500000000001
264.865,1837.3500000000001
264.932,1778.3500000000001
264.999,1793.3500000000001
265.066,1856.3500000000001
265.133,1841.3500000000001
265.201,1837.3500000000001
265.268,1782.3500000000001
265.335,1906.3500000000001
265.402,1927.3500000000001
265.469,1799.3500000000001
265.536,1852.3500000000001
265.603,1944.35
265.67,1876.3500000000001
265.737,1936.35
265.804,1889.3500000000001
265.871,2003.35
265.938,1995.35
266.005,1911.35
266.072,2009.35
266.139,2003.35
266.206,2056.35
266.273,2039.35
266.34,2094.35
266.407,1954.35
266.474,2069.35
266.541,2053.35
266.608,1971.35
266.675,2026.35
266.742,2024.35
266.808,2099.35
266.875,2110.35
266.942,2041.35
267.009,1972.35
267.076,1961.35
267.143,2095.35
267.21,2118.35
267.277,2091.35
267.344,2107.35
267.41,2051.35
267.477,2072.35
267.544,2142.35
267.611,2190.35
267.678,2115.35
267.745,2188.35
267.811,2145.35
267.878,2208.35
267.945,2062.35
268.012,2155.35
268.079,2201.35
268.145,2153.35
268.212,2175.35
268.279,2158.35
268.346,2158.35
268.412,2227.35
268.479,2135.35
268.546,2183.35
268.613,2180.35
268.679,2140.35
268.746,2180.35
268.813,2176.35
268.879,2189.35
268.946,2073.35
269.013,2237.35
269.079,2251.35
269.146,2145.35
269.213,2124.35
269.28,2185.35
269.346,2265.35
269.413,2112.35
269.479,2148.35
269.546,2243.35
269.613,2139.35
269.679,2112.35
269.746,2153.35
269.813,1999.35
269.879,2136.35
269.946,2143.35
270.012,2125.35
270.079,2145.35
270.145,2177.35
270.212,2189.35
270.279,2118.35
270.345,2099.35
270.412,2111.35
270.478,2029.35
270.545,2078.35
270.611,2208.35
270.678,2165.35
270.744,2132.35
270.811,2086.35
270.877,2118.35
270.944,2223.35
271.01,2146.35
271.077,2103.35
271.143,2142.35
271.21,2144.35
271.276,2098.35
271.342,2090.35
271.409,2140.35
271.475,2110.35
271.542,2233.35
271.608,2244.35
271.675,2124.35
271.741,2123.35
271.807,2046.35
271.874,2210.35
271.94,2103.35
272.007,2209.35
272.073,2099.35
272.139,2170.35
272.206,2220.35
272.272,2080.35
272.338,2077.35
272.405,2201.35
272.471,2142.35
272.537,2143.35
272.604,2213.35
272.67,2120.35
272.736,2143.35
272.802,2134.35
272.869,2066.35
272.935,2146.35
273.001,2161.35
273.068,2242.35
273.134,2188.35
273.2,2116.35
273.266,2092.35
273.333,2232.35
273.399,2084.35
273.465,2155.35
273.531,2145.35
273.597,2223.35
273.664,2241.35
273.73,2203.35
273.796,2197.35
273.862,2185.35
273.928,2220.35
273.995,2226.35
274.061,2324.35
274.127,2172.35
274.193,2210.35
274.259,2331.35
274.325,2300.35
274.391,2261.35
274.457,2291.35
274.524,2366.35
274.59,2348.35
274.656,2327.35
274.722,2320.35
274.788,2418.35
274.854,2402.35
274.92,2395.35
274.986,2355.35
275.052,2467.35
275.118,2536.35
275.184,2392.35
275.25,2458.35
275.316,2358.35
275.382,2533.35
275.448,2615.35
275.514,2457.35
275.58,2486.35
275.646,2654.35
275.712,2539.35
275.778,2658.35
275.844,2657.35
275.91,2702.35
275.976,2700.35
276.042,2665.35
276.108,2772.35
276.174,2800.35
276.24,2792.35
276.306,2901.35
276.372,2995.35
276.437,2959.35
276.503,2969.35
276.569,3029.35
276.635,2953.35
276.701,3169.35
276.767,3144.35
276.833,3343.35
276.899,3365.35
276.964,3473.35
277.03,3493.35
277.096,3521.35
277.162,3666.35
277.228,3726.35
277.293,4027.35
277.359,4111.349999999999
277.425,4144.349999999999
277.491,4416.349999999999
277.557,5496.349999999999
277.622,7346.349999999999
277.688,7369.349999999999
277.754,7321.349999999999
277.82,8087.35
277.885,9455.35
277.951,11626.35
278.017,10074.35
278.083,8884.35
278.148,8686.35
278.214,8727.35
278.28,9276.35
278.345,8320.35
278.411,7611.349999999999
278.477,7924.349999999999
278.542,8418.35
278.608,9131.35
278.674,10011.35
278.739,11066.35
278.805,12637.35
278.871,15028.35
278.936,19355.349000000002
279.002,28811.349000000002
279.067,37508.349
279.133,35465.349
279.199,31365.349000000002
279.264,32647.349000000002
279.33,37220.349
279.395,46725.349
279.461,56513.349
279.527,60901.349
279.592,58750.349
279.658,52449.349
279.723,52386.349
279.789,54916.349
279.854,49074.349
279.92,40518.349
279.985,36700.349
280.051,37368.349
280.116,43329.349
280.182,53534.349
280.247,59126.349
280.313,52211.349
280.378,39385.349
280.444,29236.349000000002
280.509,23546.349000000002
280.574,19690.349000000002
280.64,16664.349000000002
280.705,15037.35
280.771,13483.35
280.836,12384.35
280.902,11602.35
280.967,10687.35
281.032,10377.35
281.098,9534.35
281.163,9049.35
281.229,8904.35
281.294,8285.35
281.359,7774.349999999999
281.425,7666.349999999999
281.49,7252.349999999999
281.555,7141.349999999999
281.621,6948.349999999999
281.686,6452.349999999999
281.751,6558.349999999999
281.816,6283.349999999999
281.882,6024.349999999999
281.947,5817.349999999999
282.012,5683.349999999999
282.078,5638.349999999999
282.143,5359.349999999999
282.208,5409.349999999999
282.273,5354.349999999999
282.339,5095.349999999999
282.404,5076.349999999999
282.469,5113.349999999999
282.534,4866.349999999999
282.6,4888.349999999999
282.665,4801.349999999999
282.73,4717.349999999999
282.795,4689.349999999999
282.86,4700.349999999999
282.926,4625.349999999999
282.991,4489.349999999999
283.056,4512.349999999999
283.121,4490.349999999999
283.186,4391.349999999999
283.251,4281.349999999999
283.316,4398.349999999999
283.382,4387.349999999999
283.447,4322.349999999999
283.512,4276.349999999999
283.577,4276.349999999999
283.642,4168.349999999999
283.707,4134.349999999999
283.772,4178.349999999999
283.837,4113.349999999999
283.902,4131.349999999999
283.967,4189.349999999999
284.032,4254.349999999999
284.097,4382.349999999999
284.163,4263.349999999999
284.228,4175.349999999999
284.293,4333.349999999999
284.358,4320.349999999999
284.423,4382.349999999999
284.488,4446.349999999999
284.553,4559.349999999999
284.618,4738.349999999999
284.683,4999.349999999999
284.748,5206.349999999999
284.812,5506.349999999999
284.877,6121.349999999999
284.942,7032.349999999999
285.007,8437.35
285.072,11148.35
285.137,15696.35
285.202,19512.349000000002
285.267,18303.349000000002
285.332,13429.35
285.397,10241.35
285.462,8367.35
285.527,7247.349999999999
285.591,6540.349999999999
285.656,6001.349999999999
285.721,5577.349999999999
285.786,5243.349999999999
285.851,4911.349999999999
285.916,4719.349999999999
285.981,4599.349999999999
286.045,4674.349999999999
286.11,4453.349999999999
286.175,4335.349999999999
286.24,4302.349999999999
286.305,4192.349999999999
286.369,4208.349999999999
286.434,4221.349999999999
286.499,4095.35
286.564,4146.349999999999
286.628,4063.35
286.693,3949.35
286.758,3983.35
286.823,3883.35
286.887,3848.35
286.952,3974.35
287.017,3827.35
287.082,3762.35
287.146,3776.35
287.211,3773.35
287.276,3702.35
287.34,3878.35
287.405,3676.35
287.47,3705.35
287.534,3772.35
287.599,3644.35
287.663,3766.35
287.728,3531.35
287.793,3709.35
287.857,3711.35
287.922,3645.35
287.987,3592.35
288.051,3616.35
288.116,3618.35
288.18,3671.35
288.245,3626.35
288.309,3597.35
288.374,3685.35
288.439,3550.35
288.503,3552.35
288.568,3616.35
288.632,3598.35
288.697,3550.35
288.761,3572.35
288.826,3605.35
288.89,3479.35
288.955,3556.35
289.019,3390.35
289.084,3505.35
289.148,3509.35
289.212,3489.35
289.277,3451.35
289.341,3406.35
289.406,3447.35
289.47,3401.35
289.535,3423.35
289.599,3465.35
289.663,3408.35
289.728,3455.35
289.792,3526.35
289.857,3446.35
289.921,3439.35
289.985,3573.35
290.05,3454.35
290.114,3552.35
290.178,3494.35
290.243,3515.35
290.307,3503.35
290.371,3422.35
290.436,3409.35
290.5,3490.35
290.564,3529.35
290.629,3505.35
290.693,3530.35
290.757,3575.35
290.821,3482.35
290.886,3544.35
290.95,3489.35
291.014,3518.35
291.078,3679.35
291.143,3554.35
291.207,3635.35
291.271,3652.35
291.335,3700.35
291.399,3811.35
291.464,4102.349999999999
291.528,4269.349999999999
291.592,4169.349999999999
291.656,3945.35
291.72,3877.35
291.784,3790.35
291.849,3810.35
291.913,3821.35
291.977,3761.35
292.041,3782.35
292.105,3930.35
292.169,3760.35
292.233,3911.35
292.297,4104.349999999999
292.361,4052.35
292.425,4082.35
292.49,4169.349999999999
292.554,4377.349999999999
292.618,4617.349999999999
292.682,5065.349999999999
292.746,5996.349999999999
292.81,8150.35
292.874,10352.35
292.938,10389.35
293.002,9026.35
293.066,8143.35
293.13,7486.349999999999
293.194,6981.349999999999
293.258,6727.349999999999
293.322,6712.349999999999
293.386,6685.349999999999
293.45,7046.349999999999
293.514,8073.35
293.577,10987.35
293.641,14887.35
293.705,16212.35
293.769,14322.35
293.833,12195.35
293.897,10625.35
293.961,9215.35
294.025,8289.35
294.089,7566.349999999999
294.152,7017.349999999999
294.216,6401.349999999999
294.28,6161.349999999999
294.344,5777.349999999999
294.408,5542.349999999999
294.472,5171.349999999999
294.536,5065.349999999999
294.599,4795.349999999999
294.663,4726.349999999999
294.727,4672.349999999999
294.791,4652.349999999999
294.855,4521.349999999999
294.918,4377.349999999999
294.982,4256.349999999999
295.046,4157.349999999999
295.11,4049.35
295.173,4035.35
295.237,4098.349999999999
295.301,3909.35
295.364,4003.35
295.428,3918.35
295.492,3797.35
295.556,3878.35
295.619,3934.35
295.683,3741.35
295.747,3764.35
295.81,3683.35
295.874,3692.35
295.938,3736.35
296.001,3597.35
296.065,3415.35
296.128,3481.35
296.192,3579.35
296.256,3473.35
296.319,3389.35
296.383,3490.35
296.447,3418.35
296.51,3398.35
296.574,3433.35
296.637,3409.35
296.701,3446.35
296.764,3354.35
296.828,3298.35
296.891,3264.35
296.955,3361.35
297.018,3194.35
297.082,3402.35
297.145,3272.35
297.209,3223.35
297.272,3211.35
297.336,3210.35
297.399,3290.35
297.463,3189.35
297.526,3333.35
297.59,3208.35
297.653,3268.35
297.717,3180.35
297.78,3185.35
297.843,3221.35
297.907,3265.35
297.97,3083.35
298.034,3145.35
298.097,3106.35
298.16,3089.35
298.224,3063.35
298.287,3180.35
298.35,3145.35
298.414,3106.35
298.477,3172.35
298.54,3023.35
298.604,3097.35
298.667,2851.35
298.73,3080.35
298.794,3049.35
298.857,2920.35
298.92,2937.35
298.984,2976.35
299.047,2999.35
299.11,2921.35
299.173,2899.35
299.237,2875.35
299.3,2961.35
299.363,2798.35
299.426,2902.35
299.489,2861.35
299.553,2830.35
299.616,2874.35
299.679,2896.35
299.742,2840.35
299.805,2783.35
299.868,2822.35
299.932,2824.35
299.995,2757.35
300.058,2803.35
300.121,2821.35
300.184,2802.35
300.247,2765.35
300.31,2843.35
300.374,2869.35
300.437,2865.35
300.5,2904.35
300.563,2707.35
300.626,2774.35
300.689,2782.35
300.752,2697.35
300.815,2667.35
300.878,2844.35
300.941,2726.35
301.004,2810.35
301.067,2773.35
301.13,2784.35
301.193,2725.35
301.256,2792.35
301.319,2806.35
301.382,2738.35
301.445,2839.35
301.508,2635.35
301.571,2749.35
301.634,2762.35
301.697,2696.35
301.76,2601.35
301.823,2702.35
301.885,2611.35
301.948,2666.35
302.011,2685.35
302.074,2724.35
302.137,2716.35
302.2,2667.35
302.263,2724.35
302.326,2569.35
302.388,2729.35
302.451,2565.35
302.514,2660.35
302.577,2695.35
302.64,2645.35
302.703,2668.35
302.765,2599.35
302.828,2655.35
302.891,2673.35
302.954,2619.35
303.016,2645.35
303.079,2617.35
303.142,2580.35
303.205,2594.35
303.267,2677.35
303.33,2695.35
303.393,2705.35
303.456,2551.35
303.518,2612.35
303.581,2620.35
303.644,2626.35
303.706,2647.35
303.769,2590.35
303.832,2637.35
303.894,2635.35
303.957,2672.35
304.02,2690.35
304.082,2618.35
304.145,2614.35
304.207,2580.35
304.27,2565.35
304.333,2566.35
304.395,2692.35
304.458,2656.35
304.52,2663.35
304.583,2675.35
304.646,2676.35
304.708,2539.35
304.771,2631.35
304.833,2722.35
304.896,2543.35
304.958,2615.35
305.021,2635.35
305.083,2627.35
305.146,2680.35
305.208,2569.35
305.271,2534.35
305.333,2612.35
305.396,2689.35
305.458,2553.35
305.52,2676.35
305.583,2644.35
305.645,2707.35
305.708,2610.35
305.77,2482.35
305.833,2697.35
305.895,2735.35
305.957,2697.35
306.02,2638.35
306.082,2656.35
306.144,2678.35
306.207,2672.35
306.269,2682.35
306.331,2608.35
306.394,2657.35
306.456,2674.35
306.518,2767.35
306.581,2662.35
306.643,2599.35
306.705,2502.35
306.768,2574.35
306.83,2673.35
306.892,2606.35
306.954,2679.35
307.017,2708.35
307.079,2808.35
307.141,2672.35
307.203,2700.35
307.266,2671.35
307.328,2809.35
307.39,2785.35
307.452,2859.35
307.514,2725.35
307.577,2736.35
307.639,2736.35
307.701,2832.35
307.763,2875.35
307.825,2818.35
307.887,2811.35
307.949,2783.35
308.012,2775.35
308.074,2839.35
308.136,2942.35
308.198,2792.35
308.26,2822.35
308.322,2827.35
308.384,2831.35
308.446,2856.35
308.508,2985.35
308.57,2898.35
308.632,2909.35
308.694,2907.35
308.756,2951.35
308.818,2880.35
308.88,3062.35
308.942,2875.35
309.004,3151.35
309.066,3089.35
309.128,3237.35
309.19,3256.35
309.252,3355.35
309.314,3380.35
309.376,3547.35
309.438,3460.35
309.5,3325.35
309.562,3485.35
309.624,3417.35
309.686,3421.35
309.747,3533.35
309.809,3344.35
309.871,3320.35
309.933,3387.35
309.995,3277.35
310.057,3200.35
310.119,3203.35
310.18,3165.35
310.242,3071.35
310.304,2978.35
310.366,3043.35
310.428,3089.35
310.489,2996.35
310.551,3071.35
310.613,2982.35
310.675,2981.35
310.737,2975.35
310.798,2951.35
310.86,2989.35
310.922,2992.35
310.983,2857.35
311.045,2980.35
311.107,3010.35
311.169,2971.35
311.23,2951.35
311.292,2908.35
311.354,2839.35
311.415,2962.35
311.477,2870.35
311.539,2858.35
311.6,2849.35
311.662,2807.35
311.724,2956.35
311.785,2950.35
311.847,2816.35
311.908,2918.35
311.97,2935.35
312.032,2923.35
312.093,2884.35
312.155,2909.35
312.216,2946.35
312.278,2857.35
312.339,2890.35
312.401,2965.35
312.462,2892.35
312.524,2906.35
312.585,2935.35
312.647,2832.35
312.708,2940.35
312.77,2991.35
312.831,2896.35
312.893,3015.35
312.954,3037.35
313.016,2939.35
313.077,2960.35
313.139,2983.35
313.2,2965.35
313.261,2860.35
313.323,3013.35
313.384,2861.35
313.446,2868.35
313.507,3028.35
313.568,2839.35
313.63,2965.35
313.691,2927.35
313.752,2909.35
313.814,2927.35
313.875,2910.35
313.936,2924.35
313.998,2882.35
314.059,2860.35
314.12,3008.35
314.182,2962.35
314.243,2895.35
314.304,2966.35
314.365,2917.35
314.427,2893.35
314.488,2982.35
314.549,3056.35
314.61,2906.35
314.672,2916.35
314.733,2996.35
314.794,2926.35
314.855,2911.35
314.917,2904.35
314.978,2829.35
315.039,2861.35
315.1,2910.35
315.161,2866.35
315.222,2887.35
315.283,2863.35
315.345,2867.35
315.406,2780.35
315.467,2814.35
315.528,2874.35
315.589,2821.35
315.65,2812.35
315.711,2741.35
315.772,2750.35
315.833,2954.35
315.894,2967.35
315.955,2825.35
316.016,2784.35
316.078,2834.35
316.139,2774.35
316.2,2817.35
316.261,2762.35
316.322,2831.35
316.383,2768.35
316.444,2820.35
316.504,2779.35
316.565,2788.35
316.626,2849.35
316.687,2865.35
316.748,2777.35
316.809,2713.35
316.87,2875.35
316.931,2827.35
316.992,2816.35
317.053,2769.35
317.114,2767.35
317.175,2780.35
317.235,2732.35
317.296,2855.35
317.357,2808.35
317.418,2841.35
317.479,2751.35
317.54,2865.35
317.601,2730.35
317.661,2821.35
317.722,2667.35
317.783,2760.35
317.844,2790.35
317.904,2734.35
317.965,2701.35
318.026,2656.35
318.087,2815.35
318.148,2742.35
318.208,2762.35
318.269,2736.35
318.33,2705.35
318.39,2758.35
318.451,2744.35
318.512,2730.35
318.572,2707.35
318.633,2784.35
318.694,2798.35
318.754,2667.35
318.815,2682.35
318.876,2753.35
318.936,2733.35
318.997,2608.35
319.058,2646.35
319.118,2624.35
319.179,2813.35
319.239,2679.35
319.3,2695.35
319.361,2768.35
319.421,2727.35
319.482,2641.35
319.542,2664.35
319.603,2709.35
319.663,2717.35
319.724,2786.35
319.784,2734.35
319.845,2735.35
319.905,2657.35
319.966,2646.35
320.026,2698.35
320.087,2668.35
320.147,2656.35
320.208,2611.35
320.268,2620.35
320.329,2712.35
320.389,2607.35
320.449,2639.35
320.51,2707.35
320.57,2529.35
320.631,2749.35
320.691,2671.35
320.751,2630.35
320.812,2640.35
320.872,2690.35
320.932,2700.35
320.993,2758.35
321.053,2504.35
321.113,2635.35
321.174,2674.35
321.234,2729.35
321.294,2670.35
321.355,2687.35
321.415,2601.35
321.475,2556.35
321.535,2699.35
321.596,2618.35
321.656,2674.35
321.716,2658.35
321.776,2565.35
321.837,2625.35
321.897,2656.35
321.957,2598.35
322.017,2642.35
322.077,2637.35
322.138,2691.35
322.198,2649.35
322.258,2672.35
322.318,2516.35
322.378,2688.35
322.438,2513.35
322.499,2678.35
322.559,2669.35
322.619,2585.35
322.679,2589.35
322.739,2568.35
322.799,2572.35
322.859,2632.35
322.919,2631.35
322.979,2648.35
323.039,2567.35
323.099,2543.35
323.159,2535.35
323.219,2556.35
323.279,2547.35
323.339,2569.35
323.399,2615.35
323.459,2529.35
323.519,2709.35
323.579,2643.35
323.639,2577.35
323.699,2583.35
323.759,2643.35
323.819,2528.35
323.879,2675.35
323.939,2536.35
323.999,2599.35
324.059,2549.35
324.119,2567.35
324.178,2645.35
324.238,2643.35
324.298,2614.35
324.358,2467.35
324.418,2592.35
324.478,2597.35
324.538,2585.35
324.597,2574.35
324.657,2662.35
324.717,2597.35
324.777,2506.35
324.837,2472.35
324.896,2546.35
324.956,2572.35
325.016,2612.35
325.076,2666.35
325.135,2517.35
325.195,2566.35
325.255,2567.35
325.315,2551.35
325.374,2670.35
325.434,2687.35
325.494,2628.35
325.553,2638.35
325.613,2571.35
325.673,2564.35
325.732,2679.35
325.792,2593.35
325.852,2494.35
325.911,2504.35
325.971,2619.35
326.031,2622.35
326.09,2658.35
326.15,2632.35
326.209,2625.35
326.269,2480.35
326.328,2522.35
326.388,2550.35
326.448,2585.35
326.507,2480.35
326.567,2523.35
326.626,2562.35
326.686,2506.35
326.745,2596.35
326.805,2497.35
326.864,2454.35
326.924,2512.35
326.983,2534.35
327.043,2525.35
327.102,2498.35
327.161,2592.35
327.221,2627.35
327.28,2498.35
327.34,2542.35
327.399,2560.35
327.459,2445.35
327.518,2445.35
327.577,2412.35
327.637,2488.35
327.696,2413.35
327.755,2459.35
327.815,2436.35
327.874,2447.35
327.933,2451.35
327.993,2552.35
328.052,2387.35
328.111,2407.35
328.171,2510.35
328.23,2470.35
328.289,2485.35
328.349,2481.35
328.408,2380.35
328.467,2424.35
328.526,2536.35
328.586,2474.35
328.645,2488.35
328.704,2461.35
328.763,2439.35
328.822,2371.35
328.882,2422.35
328.941,2473.35
329.0,2418.35
329.059,2487.35
329.118,2382.35
329.177,2342.35
329.237,2488.35
329.296,2406.35
329.355,2472.35
329.414,2482.35
329.473,2516.35
329.532,2623.35
329.591,2586.35
329.65,2531.35
329.709,2556.35
329.768,2541.35
329.827,2619.35
329.886,2604.35
329.945,2610.35
330.004,2763.35
330.063,2939.35
330.122,3193.35
330.181,3491.35
330.24,3532.35
330.299,3351.35
330.358,2889.35
330.417,2645.35
330.476,2582.35
330.535,2599.35
330.594,2526.35
330.653,2456.35
330.712,2416.35
330.771,2456.35
330.83,2431.35
330.889,2466.35
330.948,2457.35
331.006,2401.35
331.065,2419.35
331.124,2372.35
331.183,2398.35
331.242,2439.35
331.301,2462.35
331.359,2457.35
331.418,2395.35
331.477,2352.35
331.536,2373.35
331.595,2316.35
331.653,2274.35
331.712,2247.35
331.771,2329.35
331.83,2324.35
331.888,2237.35
331.947,2320.35
332.006,2343.35
332.065,2320.35
332.123,2333.35
332.182,2320.35
332.241,2303.35
332.299,2390.35
332.358,2345.35
332.417,2377.35
332.475,2369.35
332.534,2354.35
332.592,2432.35
332.651,2429.35
332.71,2402.35
332.768,2368.35
332.827,2454.35
332.885,2453.35
332.944,2496.35
333.003,2472.35
333.061,2615.35
333.12,2488.35
333.178,2540.35
333.237,2625.35
333.295,2557.35
333.354,2475.35
333.412,2581.35
333.471,2517.35
333.529,2529.35
333.588,2659.35
333.646,2807.35
333.705,2702.35
333.763,2659.35
333.822,2621.35
333.88,2477.35
333.938,2490.35
333.997,2526.35
334.055,2522.35
334.114,2557.35
334.172,2525.35
334.23,2510.35
334.289,2572.35
334.347,2496.35
334.405,2462.35
334.464,2426.35
334.522,2566.35
334.58,2513.35
334.639,2457.35
334.697,2420.35
334.755,2542.35
334.814,2402.35
334.872,2496.35
334.93,2444.35
334.988,2503.35
335.047,2568.35
335.105,2488.35
335.163,2455.35
335.221,2427.35
335.28,2449.35
335.338,2425.35
335.396,2473.35
335.454,2497.35
335.512,2366.35
335.57,2475.35
335.629,2463.35
335.687,2418.35
335.745,2456.35
335.803,2460.35
335.861,2527.35
335.919,2489.35
335.977,2428.35
336.035,2513.35
336.094,2367.35
336.152,2482.35
336.21,2440.35
336.268,2465.35
336.326,2474.35
336.384,2494.35
336.442,2406.35
336.5,2371.35
336.558,2435.35
336.616,2506.35
336.674,2290.35
336.732,2456.35
336.79,2479.35
336.848,2448.35
336.906,2364.35
336.964,2414.35
337.022,2329.35
337.08,2387.35
337.138,2435.35
337.195,2343.35
337.253,2318.35
337.311,2434.35
337.369,2358.35
337.427,2344.35
337.485,2347.35
337.543,2400.35
337.601,2362.35
337.658,2308.35
337.716,2341.35
337.774,2365.35
337.832,2307.35
337.89,2274.35
337.947,2273.35
338.005,2291.35
338.063,2321.35
338.121,2248.35
338.178,2318.35
338.236,2341.35
338.294,2267.35
338.352,2289.35
338.409,2241.35
338.467,2304.35
338.525,2301.35
338.583,2265.35
338.64,2305.35
338.698,2296.35
338.756,2325.35
338.813,2296.35
338.871,2292.35
338.928,2257.35
338.986,2319.35
339.044,2321.35
339.101,2253.35
339.159,2235.35
339.216,2286.35
339.274,2204.35
339.332,2283.35
339.389,2249.35
339.447,2253.35
339.504,2334.35
339.562,2291.35
339.619,2271.35
339.677,2236.35
339.734,2269.35
339.792,2248.35
339.849,2306.35
339.907,2107.35
339.964,2227.35
340.022,2256.35
340.079,2321.35
340.137,2198.35
340.194,2128.35
340.252,2151.35
340.309,2217.35
340.366,2236.35
340.424,2276.35
340.481,2221.35
340.538,2265.35
340.596,2246.35
340.653,2221.35
340.711,2157.35
340.768,2271.35
340.825,2262.35
340.883,2178.35
340.94,2244.35
340.997,2110.35
341.054,2187.35
341.112,2204.35
341.169,2254.35
341.226,2251.35
341.284,2160.35
341.341,2074.35
341.398,2277.35
341.455,2226.35
341.512,2256.35
341.57,2267.35
341.627,2210.35
341.684,2195.35
341.741,2200.35
341.798,2225.35
341.856,2248.35
341.913,2140.35
341.97,2190.35
342.027,2275.35
342.084,2291.35
342.141,2335.35
342.198,2263.35
342.255,2214.35
342.313,2209.35
342.37,2290.35
342.427,2242.35
342.484,2230.35
342.541,2166.35
342.598,2186.35
342.655,2176.35
342.712,2264.35
342.769,2248.35
342.826,2216.35
342.883,2298.35
342.94,2341.35
342.997,2239.35
343.054,2257.35
343.111,2291.35
343.168,2338.35
343.225,2253.35
343.282,2379.35
343.339,2287.35
343.395,2383.35
343.452,2312.35
343.509,2427.35
343.566,2478.35
343.623,2427.35
343.68,2362.35
343.737,2513.35
343.794,2458.35
343.85,2510.35
343.907,2572.35
343.964,2648.35
344.021,2444.35
344.078,2422.35
344.134,2592.35
344.191,2549.35
344.248,2617.35
344.305,2397.35
344.361,2478.35
344.418,2367.35
344.475,2462.35
344.532,2496.35
344.588,2359.35
344.645,2464.35
344.702,2543.35
344.758,2452.35
344.815,2377.35
344.872,2427.35
344.928,2435.35
344.985,2467.35
345.042,2503.35
345.098,2330.35
345.155,2347.35
345.212,2376.35
345.268,2328.35
345.325,2440.35
345.381,2370.35
345.438,2357.35
345.495,2369.35
345.551,2397.35
345.608,2307.35
345.664,2480.35
345.721,2353.35
345.777,2412.35
345.834,2334.35
345.89,2292.35
345.947,2363.35
346.003,2327.35
346.06,2491.35
346.116,2322.35
346.173,2435.35
346.229,2362.35
346.285,2400.35
346.342,2447.35
346.398,2372.35
346.455,2391.35
346.511,2496.35
346.567,2409.35
346.624,2364.35
346.68,2489.35
346.737,2423.35
346.793,2445.35
346.849,2464.35
346.906,2487.35
346.962,2516.35
347.018,2541.35
347.074,2372.35
347.131,2383.35
347.187,2365.35
347.243,2335.35
347.3,2345.35
347.356,2543.35
347.412,2364.35
347.468,2429.35
347.524,2344.35
347.581,2488.35
347.637,2528.35
347.693,2463.35
347.749,2447.35
347.805,2425.35
347.862,2403.35
347.918,2473.35
347.974,2388.35
348.03,2413.35
348.086,2419.35
348.142,2534.35
348.198,2381.35
348.254,2483.35
348.311,2477.35
348.367,2331.35
348.423,2510.35
348.479,2461.35
348.535,2578.35
348.591,2452.35
348.647,2535.35
348.703,2584.35
348.759,2503.35
348.815,2502.35
348.871,2431.35
348.927,2523.35
348.983,2411.35
349.039,2495.35
349.095,2470.35
349.151,2494.35
349.207,2567.35
349.263,2492.35
349.319,2534.35
349.374,2520.35
349.43,2502.35
349.486,2596.35
349.542,2585.35
349.598,2454.35
349.654,2515.35
349.71,2604.35
349.766,2585.35
349.821,2564.35
349.877,2550.35
349.933,2516.35
349.989,2633.35
350.045,2471.35
350.1,2495.35
350.156,2502.35
350.212,2487.35
350.268,2562.35
350.323,2571.35
350.379,2389.35
350.435,2478.35
350.491,2472.35
350.546,2434.35
350.602,2541.35
350.658,2476.35
350.713,2476.35
350.769,2431.35
350.825,2406.35
350.88,2527.35
350.936,2581.35
350.992,2507.35
351.047,2497.35
351.103,2504.35
351.158,2519.35
351.214,2535.35
351.27,2445.35
351.325,2585.35
351.381,2645.35
351.436,2608.35
351.492,2639.35
351.547,2567.35
351.603,2582.35
351.658,2518.35
351.714,2617.35
351.769,2605.35
351.825,2625.35
351.88,2594.35
351.936,2536.35
351.991,2550.35
352.047,2544.35
352.102,2521.35
352.158,2554.35
352.213,2577.35
352.268,2538.35
352.324,2519.35
352.379,2592.35
352.434,2562.35
352.49,2495.35
352.545,2506.35
352.601,2540.35
352.656,2577.35
352.711,2584.35
352.767,2620.35
352.822,2568.35
352.877,2523.35
352.932,2560.35
352.988,2483.35
353.043,2521.35
353.098,2625.35
353.153,2639.35
353.209,2591.35
353.264,2488.35
353.319,2491.35
353.374,2626.35
353.43,2573.35
353.485,2487.35
353.54,2601.35
353.595,2561.35
353.65,2690.35
353.705,2458.35
353.761,2620.35
353.816,2636.35
353.871,2570.35
353.926,2544.35
353.981,2494.35
354.036,2523.35
354.091,2537.35
354.146,2554.35
354.201,2553.35
354.256,2534.35
354.311,2611.35
354.367,2548.35
354.422,2638.35
354.477,2697.35
354.532,2666.35
354.587,2611.35
354.642,2601.35
354.697,2592.35
354.751,2617.35
354.806,2530.35
354.861,2563.35
354.916,2593.35
354.971,2583.35
355.026,2544.35
355.081,2638.35
355.136,2542.35
355.191,2592.35
355.246,2533.35
355.301,2565.35
355.355,2598.35
355.41,2658.35
355.465,2599.35
355.52,2655.35
355.575,2569.35
355.63,2574.35
355.684,2522.35
355.739,2588.35
355.794,2605.35
355.849,2578.35
355.904,2604.35
355.958,2608.35
356.013,2673.35
356.068,2703.35
356.123,2630.35
356.177,2623.35
356.232,2511.35
356.287,2655.35
356.341,2585.35
356.396,2670.35
356.451,2651.35
356.505,2659.35
356.56,2632.35
356.615,2599.35
356.669,2688.35
356.724,2683.35
356.778,2635.35
356.833,2667.35
356.888,2673.35
356.942,2613.35
356.997,2697.35
357.051,2558.35
357.106,2570.35
357.16,2603.35
357.215,2585.35
357.269,2563.35
357.324,2632.35
357.378,2594.35
357.433,2578.35
357.487,2603.35
357.542,2686.35
357.596,2671.35
357.651,2668.35
357.705,2678.35
357.76,2624.35
357.814,2630.35
357.868,2565.35
357.923,2631.35
357.977,2600.35
358.032,2617.35
358.086,2658.35
358.14,2656.35
358.195,2592.35
358.249,2587.35
358.303,2597.35
358.358,2600.35
358.412,2579.35
358.466,2591.35
358.521,2685.35
358.575,2551.35
358.629,2675.35
358.683,2517.35
358.738,2586.35
358.792,2443.35
358.846,2587.35
358.9,2698.35
358.954,2459.35
359.009,2480.35
359.063,2675.35
359.117,2619.35
359.171,2616.35
359.225,2664.35
359.28,2597.35
359.334,2666.35
359.388,2583.35
359.442,2629.35
359.496,2583.35
359.55,2470.35
359.604,2590.35
359.658,2652.35
359.712,2679.35
359.766,2570.35
359.82,2594.35
359.875,2634.35
359.929,2643.35
359.983,2580.35
360.037,2642.35
360.091,2582.35
360.145,2588.35
360.199,2487.35
360.253,2631.35
360.306,2636.35
360.36,2518.35
360.414,2575.35
360.468,2564.35
360.522,2556.35
360.576,2499.35
360.63,2676.35
360.684,2549.35
360.738,2495.35
360.792,2557.35
360.846,2601.35
360.899,2679.35
360.953,2618.35
361.007,2632.35
361.061,2567.35
361.115,2603.35
361.168,2612.35
361.222,2550.35
361.276,2555.35
361.33,2698.35
361.384,2581.35
361.437,2571.35
361.491,2546.35
361.545,2579.35
361.599,2628.35
361.652,2462.35
361.706,2540.35
361.76,2602.35
361.813,2502.35
361.867,2523.35
361.921,2620.35
361.974,2593.35
362.028,2648.35
362.082,2502.35
362.135,2553.35
362.189,2531.35
362.242,2498.35
362.296,2567.35
362.35,2598.35
362.403,2545.35
362.457,2522.35
362.51,2632.35
362.564,2515.35
362.617,2516.35
362.671,2494.35
362.724,2550.35
362.778,2451.35
362.831,2574.35
362.885,2609.35
362.938,2420.35
354.545,546.9000000000001
354.608,543.9000000000001
354.671,590.9000000000001
354.734,589.9000000000001
354.797,592.9000000000001
354.86,587.9000000000001
354.923,572.9000000000001
354.986,641.9000000000001
355.05,604.9000000000001
355.113,658.9000000000001
355.176,690.9000000000001
355.239,664.9000000000001
355.302,676.9000000000001
355.365,702.9000000000001
355.428,689.9000000000001
355.491,765.9000000000001
355.554,686.9000000000001
355.617,722.9000000000001
355.68,747.9000000000001
355.743,739.9000000000001
355.806,771.9000000000001
355.869,815.9000000000001
355.932,817.9000000000001
355.995,767.9000000000001
356.058,789.9000000000001
356.121,833.9000000000001
356.184,863.9000000000001
356.247,831.9000000000001
356.31,773.9000000000001
356.373,921.9000000000001
356.436,823.9000000000001
356.498,834.9000000000001
356.561,851.9000000000001
356.624,768.9000000000001
356.687,842.9000000000001
356.75,780.9000000000001
356.813,871.9000000000001
356.876,865.9000000000001
356.939,928.9000000000001
357.001,931.9000000000001
357.064,828.9000000000001
357.127,921.9000000000001
357.19,921.9000000000001
357.253,952.9000000000001
357.316,852.9000000000001
357.378,848.9000000000001
357.441,944.9000000000001
357.504,920.9000000000001
357.567,950.9000000000001
357.629,880.9000000000001
357.692,862.9000000000001
357.755,916.9000000000001
357.818,878.9000000000001
357.88,917.9000000000001
357.943,942.9000000000001
358.006,945.9000000000001
358.069,956.9000000000001
358.131,949.9000000000001
358.194,905.9000000000001
358.257,949.9000000000001
358.319,940.9000000000001
358.382,938.9000000000001
358.445,955.9000000000001
358.507,911.9000000000001
358.57,944.9000000000001
358.633,1008.9000000000001
358.695,1015.9000000000001
358.758,1061.9
358.821,940.9000000000001
358.883,976.9000000000001
358.946,1034.9
359.008,952.9000000000001
359.071,1038.9
359.134,966.9000000000001
359.196,902.9000000000001
359.259,1025.9
359.321,1002.9000000000001
359.384,949.9000000000001
359.446,989.9000000000001
359.509,1019.9000000000001
359.571,1022.9000000000001
359.634,1077.9
359.696,965.9000000000001
359.759,1041.9
359.821,1006.9000000000001
359.884,1083.9
359.946,1006.9000000000001
360.009,981.9000000000001
360.071,1068.9
360.134,1031.9
360.196,1044.9
360.259,1057.9
360.321,1093.9
360.384,1048.9
360.446,1054.9
360.508,1064.9
360.571,1142.9
360.633,1069.9
360.696,1128.9
360.758,1047.9
360.82,1098.9
360.883,1139.9
360.945,1045.9
361.007,1082.9
361.07,1058.9
361.132,1037.9
361.194,1103.9
361.257,1098.9
361.319,1147.9
361.381,1095.9
361.443,1143.9
361.506,1101.9
361.568,1121.9
361.63,1101.9
361.693,1170.9
361.755,1128.9
361.817,1135.9
361.879,1119.9
361.941,1086.9
362.004,1119.9
362.066,1164.9
362.128,1169.9
362.19,1117.9
362.252,1141.9
362.315,1148.9
362.377,1112.9
362.439,1133.9
362.501,1154.9
362.563,1103.9
362.625,1132.9
362.688,1156.9
362.75,1126.9
362.812,1201.9
362.874,1112.9
362.936,1242.9
362.998,1164.9
363.06,1171.9
363.122,1191.9
363.184,1150.9
363.246,1169.9
363.308,1126.9
363.37,1174.9
363.432,1151.9
363.494,1169.9
363.556,1180.9
363.618,1201.9
363.68,1191.9
363.742,1213.9
363.804,1210.9
363.866,1214.9
363.928,1263.9
363.99,1217.9
364.052,1138.9
364.114,1215.9
364.176,1217.9
364.238,1288.9
364.3,1196.9
364.362,1247.9
364.424,1169.9
364.486,1221.9
364.548,1194.9
364.609,1224.9
364.671,1173.9
364.733,1236.9
364.795,1250.9
364.857,1187.9
364.919,1310.9
364.981,1232.9
365.042,1214.9
365.104,1195.9
365.166,1257.9
365.228,1181.9
365.29,1244.9
365.351,1269.9
365.413,1200.9
365.475,1182.9
365.537,1238.9
365.598,1230.9
365.66,1145.9
365.722,1268.9
365.784,1273.9
365.845,1199.9
365.907,1239.9
365.969,1287.9
366.03,1272.9
366.092,1230.9
366.154,1198.9
366.215,1258.9
366.277,1294.9
366.339,1278.9
366.4,1321.9
366.462,1197.9
366.524,1311.9
366.585,1299.9
366.647,1257.9
366.708,1262.9
366.77,1321.9
366.832,1246.9
366.893,1281.9
366.955,1266.9
367.016,1321.9
367.078,1266.9
367.139,1343.9
367.201,1242.9
367.262,1309.9
367.324,1264.9
367.385,1311.9
367.447,1253.9
367.508,1291.9
367.57,1298.9
367.631,1268.9
367.693,1276.9
367.754,1299.9
367.816,1345.9
367.877,1303.9
367.939,1350.9
368.0,1294.9
368.062,1279.9
368.123,1338.9
368.184,1207.9
368.246,1409.9
368.307,1255.9
368.369,1359.9
368.43,1223.9
368.491,1297.9
368.553,1287.9
368.614,1227.9
368.675,1309.9
368.737,1313.9
368.798,1350.9
368.859,1333.9
368.921,1345.9
368.982,1311.9
369.043,1323.9
369.104,1305.9
369.166,1311.9
369.227,1335.9
369.288,1313.9
369.349,1377.9
369.411,1348.9
369.472,1380.9
369.533,1419.9
369.594,1364.9
369.656,1353.9
369.717,1280.9
369.778,1348.9
369.839,1374.9
369.9,1340.9
369.961,1308.9
370.023,1338.9
370.084,1348.9
370.145,1431.9
370.206,1328.9
370.267,1452.9
370.328,1359.9
370.389,1292.9
370.451,1322.9
370.512,1378.9
370.573,1368.9
370.634,1352.9
370.695,1314.9
370.756,1339.9
370.817,1369.9
370.878,1338.9
370.939,1368.9
371.0,1453.9
371.061,1439.9
371.122,1288.9
371.183,1431.9
371.244,1352.9
371.305,1452.9
371.366,1408.9
371.427,1468.9
371.488,1351.9
371.549,1442.9
371.61,1380.9
371.671,1400.9
371.732,1388.9
371.793,1382.9
371.853,1355.9
371.914,1428.9
371.975,1390.9
372.036,1452.9
372.097,1407.9
372.158,1433.9
372.219,1468.9
372.28,1441.9
372.34,1284.9
372.401,1441.9
372.462,1452.9
372.523,1482.9
372.584,1399.9
372.645,1484.9
372.705,1517.9
372.766,1448.9
372.827,1477.9
372.888,1430.9
372.948,1380.9
373.009,1423.9
373.07,1366.9
373.131,1474.9
373.191,1459.9
373.252,1396.9
373.313,1476.9
373.373,1421.9
373.434,1393.9
373.495,1469.9
373.555,1420.9
373.616,1460.9
373.677,1509.9
373.737,1441.9
373.798,1411.9
373.859,1406.9
373.919,1402.9
373.98,1468.9
374.041,1423.9
374.101,1449.9
374.162,1447.9
374.222,1467.9
374.283,1484.9
374.343,1472.9
374.404,1512.9
374.465,1510.9
374.525,1430.9
374.586,1566.9
374.646,1478.9
374.707,1512.9
374.767,1461.9
374.828,1533.9
374.888,1547.9
374.949,1575.9
375.009,1522.9
375.07,1499.9
375.13,1585.9
375.19,1535.9
375.251,1547.9
375.311,1607.9
375.372,1605.9
375.432,1559.9
375.493,1503.9
375.553,1540.9
375.613,1595.9
375.674,1617.9
375.734,1547.9
375.794,1558.9
375.855,1514.9
375.915,1522.9
375.975,1492.9
376.036,1578.9
376.096,1563.9
376.156,1615.9
376.217,1577.9
376.277,1588.9
376.337,1585.9
376.398,1532.9
376.458,1580.9
376.518,1475.9
376.578,1538.9
376.639,1548.9
376.699,1596.9
376.759,1602.9
376.819,1574.9
376.88,1517.9
376.94,1554.9
377.0,1520.9
377.06,1527.9
377.12,1615.9
377.18,1591.9
377.241,1653.9
377.301,1642.9
377.361,1648.9
377.421,1509.9
377.481,1623.9
377.541,1603.9
377.601,1597.9
377.661,1628.9
377.722,1645.9
377.782,1636.9
377.842,1584.9
377.902,1618.9
377.962,1668.9
378.022,1673.9
378.082,1636.9
378.142,1678.9
378.202,1667.9
378.262,1712.9
378.322,1682.9
378.382,1746.9
378.442,1727.9
378.502,1661.9
378.562,1682.9
378.622,1659.9
378.682,1747.9
378.742,1748.9
378.802,1771.9
378.862,1747.9
378.921,1794.9
378.981,1821.9
379.041,1814.9
379.101,1785.9
379.161,1720.9
379.221,1821.9
379.281,1800.9
379.341,1899.9
379.401,1830.9
379.46,1850.9
379.52,1866.9
379.58,1796.9
379.64,1848.9
379.7,1865.9
379.759,1915.8999999999999
379.819,1827.9
379.879,1912.8999999999999
379.939,1912.8999999999999
379.999,1860.9
380.058,1894.8999999999999
380.118,1990.8999999999999
380.178,1954.8999999999999
380.237,1926.8999999999999
380.297,1882.9
380.357,1889.8999999999999
380.417,1977.8999999999999
380.476,2009.8999999999999
380.536,1915.8999999999999
380.596,1961.8999999999999
380.655,2055.8999999999996
380.715,2029.8999999999999
380.775,1930.8999999999999
380.834,2045.8999999999999
380.894,1962.8999999999999
380.954,2034.8999999999999
381.013,2027.8999999999999
381.073,2027.8999999999999
381.132,1967.8999999999999
381.192,1985.8999999999999
381.252,2079.8999999999996
381.311,2129.8999999999996
381.371,2046.8999999999999
381.43,2054.8999999999996
381.49,2146.8999999999996
381.549,2148.8999999999996
381.609,2140.8999999999996
381.668,2141.8999999999996
381.728,2281.8999999999996
381.787,2179.8999999999996
381.847,2292.8999999999996
381.906,2166.8999999999996
381.966,2280.8999999999996
382.025,2264.8999999999996
382.085,2323.8999999999996
382.144,2402.8999999999996
382.204,2393.8999999999996
382.263,2420.8999999999996
382.323,2504.8999999999996
382.382,2479.8999999999996
382.441,2561.8999999999996
382.501,2670.8999999999996
382.56,2804.8999999999996
382.619,2872.8999999999996
382.679,2963.8999999999996
382.738,3111.8999999999996
382.798,3399.8999999999996
382.857,3718.8999999999996
382.916,4102.9
382.976,4239.9
383.035,3975.8999999999996
383.094,4197.9
383.154,4851.9
383.213,5549.9
383.272,5309.9
383.331,4376.9
383.391,3899.8999999999996
383.45,3826.8999999999996
383.509,3719.8999999999996
383.568,4035.8999999999996
383.628,4102.9
383.687,4598.9
383.746,5417.9
383.805,6318.9
383.864,6195.9
383.924,4739.9
383.983,3769.8999999999996
384.042,3463.8999999999996
384.101,3213.8999999999996
384.16,3067.8999999999996
384.219,2925.8999999999996
384.279,2780.8999999999996
384.338,2699.8999999999996
384.397,2671.8999999999996
384.456,2482.8999999999996
384.515,2498.8999999999996
384.574,2500.8999999999996
384.633,2479.8999999999996
384.692,2470.8999999999996
384.751,2465.8999999999996
384.81,2479.8999999999996
384.869,2390.8999999999996
384.929,2480.8999999999996
384.988,2361.8999999999996
385.047,2292.8999999999996
385.106,2376.8999999999996
385.165,2421.8999999999996
385.224,2256.8999999999996
385.283,2345.8999999999996
385.342,2260.8999999999996
385.401,2356.8999999999996
385.459,2376.8999999999996
385.518,2346.8999999999996
385.577,2293.8999999999996
385.636,2278.8999999999996
385.695,2316.8999999999996
385.754,2318.8999999999996
385.813,2337.8999999999996
385.872,2351.8999999999996
385.931,2347.8999999999996
385.99,2252.8999999999996
386.049,2325.8999999999996
386.107,2380.8999999999996
386.166,2336.8999999999996
386.225,2305.8999999999996
386.284,2314.8999999999996
386.343,2310.8999999999996
386.402,2208.8999999999996
386.46,2282.8999999999996
386.519,2312.8999999999996
386.578,2213.8999999999996
386.637,2257.8999999999996
386.696,2148.8999999999996
386.754,2307.8999999999996
386.813,2262.8999999999996
386.872,2315.8999999999996
386.931,2290.8999999999996
386.989,2278.8999999999996
387.048,2249.8999999999996
387.107,2313.8999999999996
387.165,2237.8999999999996
387.224,2323.8999999999996
387.283,2201.8999999999996
387.342,2220.8999999999996
387.4,2279.8999999999996
387.459,2236.8999999999996
387.517,2156.8999999999996
387.576,2214.8999999999996
387.635,2226.8999999999996
387.693,2261.8999999999996
387.752,2220.8999999999996
387.811,2194.8999999999996
387.869,2205.8999999999996
387.928,2165.8999999999996
387.986,2096.8999999999996
388.045,2308.8999999999996
388.103,2255.8999999999996
388.162,2187.8999999999996
388.221,2169.8999999999996
388.279,2180.8999999999996
388.338,2146.8999999999996
388.396,2055.8999999999996
388.455,2085.8999999999996
388.513,2148.8999999999996
388.572,2190.8999999999996
388.63,2107.8999999999996
388.689,2150.8999999999996
388.747,2167.8999999999996
388.806,2104.8999999999996
388.864,2129.8999999999996
388.922,2146.8999999999996
388.981,2097.8999999999996
389.039,2134.8999999999996
389.098,2168.8999999999996
389.156,2250.8999999999996
389.214,2259.8999999999996
389.273,2170.8999999999996
389.331,2071.8999999999996
389.39,2060.8999999999996
389.448,2187.8999999999996
389.506,2119.8999999999996
389.565,2285.8999999999996
389.623,2197.8999999999996
389.681,2156.8999999999996
389.74,2111.8999999999996
389.798,2094.8999999999996
389.856,2159.8999999999996
389.914,2146.8999999999996
389.973,2090.8999999999996
390.031,2107.8999999999996
390.089,2105.8999999999996
390.147,2133.8999999999996
390.206,2097.8999999999996
390.264,2035.8999999999999
390.322,2081.8999999999996
390.38,2110.8999999999996
390.439,2101.8999999999996
390.497,2099.8999999999996
390.555,2058.8999999999996
390.613,2103.8999999999996
390.671,2085.8999999999996
390.729,2089.8999999999996
390.788,2082.8999999999996
390.846,2047.8999999999999
390.904,2114.8999999999996
390.962,2145.8999999999996
391.02,2136.8999999999996
391.078,2105.8999999999996
391.136,2109.8999999999996
391.194,2185.8999999999996
391.253,2124.8999999999996
391.311,2100.8999999999996
391.369,2195.8999999999996
391.427,2119.8999999999996
391.485,2180.8999999999996
391.543,2212.8999999999996
391.601,2176.8999999999996
391.659,2193.8999999999996
391.717,2186.8999999999996
391.775,2150.8999999999996
391.833,2204.8999999999996
391.891,2190.8999999999996
391.949,2126.8999999999996
392.007,2189.8999999999996
392.065,2171.8999999999996
392.123,2168.8999999999996
392.18,2179.8999999999996
392.238,2245.8999999999996
392.296,2085.8999999999996
392.354,2195.8999999999996
392.412,2154.8999999999996
392.47,2223.8999999999996
392.528,2163.8999999999996
392.586,2221.8999999999996
392.644,2210.8999999999996
392.701,2197.8999999999996
392.759,2144.8999999999996
392.817,2113.8999999999996
392.875,2119.8999999999996
392.933,2179.8999999999996
392.991,2206.8999999999996
393.048,2166.8999999999996
393.106,2257.8999999999996
393.164,2244.8999999999996
393.222,2224.8999999999996
393.279,2233.8999999999996
393.337,2261.8999999999996
393.395,2354.8999999999996
393.453,2316.8999999999996
393.51,2168.8999999999996
393.568,2227.8999999999996
393.626,2178.8999999999996
393.684,2221.8999999999996
393.741,2342.8999999999996
393.799,2190.8999999999996
393.857,2217.8999999999996
393.914,2149.8999999999996
393.972,2182.8999999999996
394.03,2243.8999999999996
394.087,2315.8999999999996
394.145,2240.8999999999996
394.202,2265.8999999999996
394.26,2257.8999999999996
394.318,2237.8999999999996
394.375,2272.8999999999996
394.433,2242.8999999999996
394.49,2282.8999999999996
394.548,2302.8999999999996
394.605,2281.8999999999996
394.663,2298.8999999999996
394.72,2335.8999999999996
394.778,2303.8999999999996
394.836,2295.8999999999996
394.893,2314.8999999999996
394.951,2255.8999999999996
395.008,2349.8999999999996
395.065,2324.8999999999996
395.123,2408.8999999999996
395.18,2415.8999999999996
395.238,2304.8999999999996
395.295,2234.8999999999996
395.353,2306.8999999999996
395.41,2354.8999999999996
395.468,2350.8999999999996
395.525,2300.8999999999996
395.582,2407.8999999999996
395.64,2307.8999999999996
395.697,2373.8999999999996
395.754,2451.8999999999996
395.812,2318.8999999999996
395.869,2409.8999999999996
395.927,2420.8999999999996
395.984,2443.8999999999996
396.041,2400.8999999999996
396.098,2347.8999999999996
396.156,2433.8999999999996
396.213,2416.8999999999996
396.27,2360.8999999999996
396.328,2346.8999999999996
396.385,2363.8999999999996
396.442,2424.8999999999996
396.499,2348.8999999999996
396.557,2406.8999999999996
396.614,2393.8999999999996
396.671,2314.8999999999996
396.728,2396.8999999999996
396.785,2414.8999999999996
396.843,2475.8999999999996
396.9,2397.8999999999996
396.957,2567.8999999999996
397.014,2434.8999999999996
397.071,2501.8999999999996
397.128,2428.8999999999996
397.186,2437.8999999999996
397.243,2505.8999999999996
397.3,2503.8999999999996
397.357,2429.8999999999996
397.414,2512.8999999999996
397.471,2488.8999999999996
397.528,2517.8999999999996
397.585,2531.8999999999996
397.642,2523.8999999999996
397.699,2512.8999999999996
397.756,2534.8999999999996
397.814,2529.8999999999996
397.871,2543.8999999999996
397.928,2582.8999999999996
397.985,2510.8999999999996
398.042,2497.8999999999996
398.099,2541.8999999999996
398.156,2417.8999999999996
398.212,2551.8999999999996
398.269,2659.8999999999996
398.326,2528.8999999999996
398.383,2567.8999999999996
398.44,2613.8999999999996
398.497,2512.8999999999996
398.554,2571.8999999999996
398.611,2558.8999999999996
398.668,2651.8999999999996
398.725,2641.8999999999996
398.782,2668.8999999999996
398.839,2721.8999999999996
398.895,2633.8999999999996
398.952,2681.8999999999996
399.009,2783.8999999999996
399.066,2774.8999999999996
399.123,2835.8999999999996
399.18,2852.8999999999996
399.236,2819.8999999999996
399.293,2926.8999999999996
399.35,3005.8999999999996
399.407,2923.8999999999996
399.463,2944.8999999999996
399.52,3008.8999999999996
399.577,3185.8999999999996
399.634,3086.8999999999996
399.69,3152.8999999999996
399.747,3148.8999999999996
399.804,2952.8999999999996
399.861,3013.8999999999996
399.917,3099.8999999999996
399.974,2928.8999999999996
400.031,2974.8999999999996
400.087,3000.8999999999996
400.144,2958.8999999999996
400.201,2873.8999999999996
400.257,2858.8999999999996
400.314,2903.8999999999996
400.37,2868.8999999999996
400.427,2851.8999999999996
400.484,2757.8999999999996
400.54,2805.8999999999996
400.597,2853.8999999999996
400.653,2824.8999999999996
400.71,2854.8999999999996
400.766,2839.8999999999996
400.823,2754.8999999999996
400.879,2802.8999999999996
400.936,2812.8999999999996
400.993,2885.8999999999996
401.049,2886.8999999999996
401.105,2791.8999999999996
401.162,2843.8999999999996
401.218,2852.8999999999996
401.275,2765.8999999999996
401.331,2757.8999999999996
401.388,2814.8999999999996
401.444,2777.8999999999996
401.501,2698.8999999999996
401.557,2687.8999999999996
401.614,2827.8999999999996
401.67,2717.8999999999996
401.726,2800.8999999999996
401.783,2799.8999999999996
401.839,2788.8999999999996
401.895,2865.8999999999996
401.952,2817.8999999999996
402.008,2812.8999999999996
402.064,2794.8999999999996
402.121,2864.8999999999996
402.177,2799.8999999999996
402.233,2843.8999999999996
402.29,2848.8999999999996
402.346,2711.8999999999996
402.402,2872.8999999999996
402.458,2946.8999999999996
402.515,2734.8999999999996
402.571,2788.8999999999996
402.627,2838.8999999999996
402.683,2874.8999999999996
402.74,2861.8999999999996
402.796,2873.8999999999996
402.852,2902.8999999999996
402.908,2917.8999999999996
402.964,2925.8999999999996
403.021,2898.8999999999996
403.077,2883.8999999999996
403.133,2923.8999999999996
403.189,2946.8999999999996
403.245,2992.8999999999996
403.301,2867.8999999999996
403.357,2879.8999999999996
403.414,2997.8999999999996
403.47,2973.8999999999996
403.526,2920.8999999999996
403.582,2940.8999999999996
403.638,3021.8999999999996
403.694,3026.8999999999996
403.75,2985.8999999999996
403.806,3044.8999999999996
403.862,2936.8999999999996
403.918,2972.8999999999996
403.974,3075.8999999999996
404.03,2993.8999999999996
404.086,2976.8999999999996
404.142,3160.8999999999996
404.198,3094.8999999999996
404.254,3024.8999999999996
404.31,3022.8999999999996
404.366,3050.8999999999996
404.422,3108.8999999999996
404.478,2971.8999999999996
404.534,3110.8999999999996
404.59,3033.8999999999996
404.646,3029.8999999999996
404.701,3006.8999999999996
404.757,3063.8999999999996
404.813,3017.8999999999996
404.869,3078.8999999999996
404.925,3078.8999999999996
404.981,3049.8999999999996
405.037,2913.8999999999996
405.092,2946.8999999999996
405.148,3071.8999999999996
405.204,3039.8999999999996
405.26,3003.8999999999996
405.316,3104.8999999999996
405.371,3067.8999999999996
405.427,3109.8999999999996
405.483,3076.8999999999996
405.539,3010.8999999999996
405.594,3116.8999999999996
405.65,3184.8999999999996
405.706,3125.8999999999996
405.761,3092.8999999999996
405.817,3063.8999999999996
405.873,3122.8999999999996
405.928,3096.8999999999996
405.984,3106.8999999999996
406.04,3176.8999999999996
406.095,3124.8999999999996
406.151,3103.8999999999996
406.207,3138.8999999999996
406.262,3073.8999999999996
406.318,3124.8999999999996
406.374,3200.8999999999996
406.429,3224.8999999999996
406.485,3305.8999999999996
406.54,3135.8999999999996
406.596,3224.8999999999996
406.651,3154.8999999999996
406.707,3288.8999999999996
406.763,3301.8999999999996
406.818,3307.8999999999996
406.874,3244.8999999999996
406.929,3367.8999999999996
406.985,3268.8999999999996
407.04,3347.8999999999996
407.095,3499.8999999999996
407.151,3420.8999999999996
407.206,3373.8999999999996
407.262,3450.8999999999996
407.317,3492.8999999999996
407.373,3521.8999999999996
407.428,3502.8999999999996
407.484,3395.8999999999996
407.539,3521.8999999999996
407.594,3566.8999999999996
407.65,3527.8999999999996
407.705,3507.8999999999996
407.76,3585.8999999999996
407.816,3540.8999999999996
407.871,3467.8999999999996
407.926,3527.8999999999996
407.982,3429.8999999999996
408.037,3493.8999999999996
408.092,3412.8999999999996
408.148,3464.8999999999996
408.203,3395.8999999999996
408.258,3547.8999999999996
408.314,3376.8999999999996
408.369,3380.8999999999996
408.424,3438.8999999999996
408.479,3397.8999999999996
408.534,3400.8999999999996
408.59,3376.8999999999996
408.645,3520.8999999999996
408.7,3371.8999999999996
408.755,3318.8999999999996
408.81,3308.8999999999996
408.866,3216.8999999999996
408.921,3274.8999999999996
408.976,3363.8999999999996
409.031,3377.8999999999996
409.086,3382.8999999999996
409.141,3392.8999999999996
409.196,3339.8999999999996
409.252,3284.8999999999996
409.307,3363.8999999999996
409.362,3367.8999999999996
409.417,3366.8999999999996
409.472,3391.8999999999996
409.527,3344.8999999999996
409.582,3271.8999999999996
409.637,3345.8999999999996
409.692,3329.8999999999996
409.747,3412.8999999999996
409.802,3362.8999999999996
409.857,3319.8999999999996
409.912,3347.8999999999996
409.967,3314.8999999999996
410.022,3376.8999999999996
410.077,3375.8999999999996
410.132,3200.8999999999996
410.187,3329.8999999999996
410.242,3313.8999999999996
410.297,3304.8999999999996
410.351,3293.8999999999996
410.406,3296.8999999999996
410.461,3306.8999999999996
410.516,3325.8999999999996
410.571,3384.8999999999996
410.626,3366.8999999999996
410.681,3346.8999999999996
410.736,3333.8999999999996
410.79,3269.8999999999996
410.845,3342.8999999999996
410.9,3391.8999999999996
410.955,3347.8999999999996
411.01,3327.8999999999996
411.064,3252.8999999999996
411.119,3359.8999999999996
411.174,3364.8999999999996
411.229,3271.8999999999996
411.283,3272.8999999999996
411.338,3274.8999999999996
411.393,3285.8999999999996
411.447,3256.8999999999996
411.502,3296.8999999999996
411.557,3252.8999999999996
411.612,3303.8999999999996
411.666,3234.8999999999996
411.721,3406.8999999999996
411.776,3348.8999999999996
411.83,3208.8999999999996
411.885,3293.8999999999996
411.939,3361.8999999999996
411.994,3453.8999999999996
412.049,3300.8999999999996
412.103,3350.8999999999996
412.158,3354.8999999999996
412.212,3349.8999999999996
412.267,3337.8999999999996
412.322,3408.8999999999996
412.376,3289.8999999999996
412.431,3397.8999999999996
412.485,3315.8999999999996
412.54,3222.8999999999996
412.594,3376.8999999999996
412.649,3240.8999999999996
412.703,3342.8999999999996
412.758,3241.8999999999996
412.812,3277.8999999999996
412.866,3266.8999999999996
412.921,3318.8999999999996
412.975,3153.8999999999996
413.03,3298.8999999999996
413.084,3341.8999999999996
413.139,3203.8999999999996
413.193,3183.8999999999996
413.247,3255.8999999999996
413.302,3243.8999999999996
413.356,3303.8999999999996
413.41,3275.8999999999996
413.465,3339.8999999999996
413.519,3210.8999999999996
413.573,3210.8999999999996
413.628,3304.8999999999996
413.682,3231.8999999999996
413.736,3329.8999999999996
413.791,3275.8999999999996
413.845,3277.8999999999996
413.899,3284.8999999999996
413.953,3407.8999999999996
414.008,3207.8999999999996
414.062,3360.8999999999996
414.116,3217.8999999999996
414.17,3248.8999999999996
414.225,3412.8999999999996
414.279,3253.8999999999996
414.333,3316.8999999999996
414.387,3389.8999999999996
414.441,3338.8999999999996
414.496,3306.8999999999996
414.55,3334.8999999999996
414.604,3302.8999999999996
414.658,3402.8999999999996
414.712,3333.8999999999996
414.766,3263.8999999999996
414.82,3327.8999999999996
414.874,3361.8999999999996
414.928,3241.8999999999996
414.982,3323.8999999999996
415.037,3276.8999999999996
415.091,3303.8999999999996
415.145,3232.8999999999996
415.199,3272.8999999999996
415.253,3248.8999999999996
415.307,3334.8999999999996
415.361,3315.8999999999996
415.415,3264.8999999999996
415.469,3322.8999999999996
415.523,3332.8999999999996
415.577,3267.8999999999996
415.631,3343.8999999999996
415.684,3238.8999999999996
415.738,3289.8999999999996
415.792,3332.8999999999996
415.846,3200.8999999999996
415.9,3233.8999999999996
415.954,3207.8999999999996
416.008,3279.8999999999996
416.062,3226.8999999999996
416.116,3252.8999999999996
416.169,3330.8999999999996
416.223,3199.8999999999996
416.277,3230.8999999999996
416.331,3199.8999999999996
416.385,3240.8999999999996
416.439,3275.8999999999996
416.492,3314.8999999999996
416.546,3265.8999999999996
416.6,3248.8999999999996
416.654,3272.8999999999996
416.707,3257.8999999999996
416.761,3151.8999999999996
416.815,3299.8999999999996
416.869,3286.8999999999996
416.922,3286.8999999999996
416.976,3293.8999999999996
417.03,3338.8999999999996
417.083,3146.8999999999996
417.137,3209.8999999999996
417.191,3279.8999999999996
417.244,3301.8999999999996
417.298,3189.8999999999996
417.352,3231.8999999999996
417.405,3279.8999999999996
417.459,3238.8999999999996
417.512,3191.8999999999996
417.566,3171.8999999999996
417.62,3189.8999999999996
417.673,3217.8999999999996
417.727,3301.8999999999996
417.78,3279.8999999999996
417.834,3214.8999999999996
417.887,3184.8999999999996
417.941,3239.8999999999996
417.994,3229.8999999999996
418.048,3233.8999999999996
418.101,3209.8999999999996
418.155,3198.8999999999996
418.208,3288.8999999999996
418.262,3388.8999999999996
418.315,3248.8999999999996
418.369,3245.8999999999996
418.422,3237.8999999999996
418.476,3284.8999999999996
418.529,3230.8999999999996
418.582,3280.8999999999996
418.636,3353.8999999999996
418.689,3240.8999999999996
418.743,3326.8999999999996
418.796,3349.8999999999996
418.849,3208.8999999999996
418.903,3230.8999999999996
418.956,3362.8999999999996
419.009,3277.8999999999996
419.063,3257.8999999999996
419.116,3294.8999999999996
419.169,3337.8999999999996
419.222,3253.8999999999996
419.276,3250.8999999999996
419.329,3303.8999999999996
419.382,3307.8999999999996
419.435,3247.8999999999996
419.489,3226.8999999999996
419.542,3255.8999999999996
419.595,3255.8999999999996
419.648,3196.8999999999996
419.701,3189.8999999999996
419.755,3219.8999999999996
419.808,3249.8999999999996
419.861,3130.8999999999996
419.914,3266.8999999999996
419.967,3198.8999999999996
420.02,3120.8999999999996
420.073,3236.8999999999996
420.127,3147.8999999999996
420.18,3111.8999999999996
420.233,3223.8999999999996
420.286,3172.8999999999996
420.339,3142.8999999999996
420.392,3206.8999999999996
420.445,3232.8999999999996
420.498,3060.8999999999996
420.551,3132.8999999999996
420.604,3121.8999999999996
420.657,3113.8999999999996
420.71,3046.8999999999996
420.763,3090.8999999999996
420.816,3042.8999999999996
420.869,3094.8999999999996
420.922,3080.8999999999996
420.975,3005.8999999999996
421.028,3057.8999999999996
421.081,3073.8999999999996
421.134,3157.8999999999996
421.187,2982.8999999999996
421.239,3074.8999999999996
421.292,2975.8999999999996
421.345,3013.8999999999996
421.398,3017.8999999999996
421.451,2973.8999999999996
421.504,2999.8999999999996
421.557,3007.8999999999996
421.609,2964.8999999999996
421.662,3046.8999999999996
421.715,3022.8999999999996
421.768,3011.8999999999996
421.821,3003.8999999999996
421.873,3038.8999999999996
421.926,3069.8999999999996
421.979,2983.8999999999996
422.032,2992.8999999999996
422.084,3066.8999999999996
422.137,3011.8999999999996
422.19,3063.8999999999996
422.243,2917.8999999999996
422.295,2998.8999999999996
422.348,3115.8999999999996
422.401,3081.8999999999996
422.453,3056.8999999999996
422.506,2915.8999999999996
422.559,3109.8999999999996
422.611,3046.8999999999996
422.664,3042.8999999999996
422.716,3074.8999999999996
422.769,2985.8999999999996
422.822,3017.8999999999996
422.874,2953.8999999999996
422.927,2871.8999999999996
422.979,3005.8999999999996
423.032,2916.8999999999996
423.084,2946.8999999999996
423.137,3070.8999999999996
423.189,3082.8999999999996
423.242,2961.8999999999996
423.294,2992.8999999999996
423.347,3001.8999999999996
423.399,2905.8999999999996
423.452,2875.8999999999996
423.504,2928.8999999999996
423.557,2946.8999999999996
423.609,2962.8999999999996
423.662,2978.8999999999996
423.714,3010.8999999999996
423.766,2918.8999999999996
423.819,2917.8999999999996
423.871,2947.8999999999996
423.923,2915.8999999999996
423.976,2999.8999999999996
424.028,2875.8999999999996
424.081,2844.8999999999996
424.133,2870.8999999999996
424.185,3057.8999999999996
424.238,2977.8999999999996
424.29,2969.8999999999996
424.342,2974.8999999999996
424.394,2851.8999999999996
424.447,2998.8999999999996
424.499,2817.8999999999996
424.551,2900.8999999999996
424.603,2835.8999999999996
424.656,2997.8999999999996
424.708,2881.8999999999996
424.76,2893.8999999999996
424.812,2938.8999999999996
424.864,2932.8999999999996
424.917,2876.8999999999996
424.969,2725.8999999999996
425.021,2823.8999999999996
425.073,2963.8999999999996
425.125,2858.8999999999996
425.177,2906.8999999999996
425.229,2889.8999999999996
425.282,2807.8999999999996
425.334,2962.8999999999996
425.386,2879.8999999999996
425.438,2825.8999999999996
425.49,2753.8999999999996
425.542,2820.8999999999996
425.594,2849.8999999999996
425.646,2845.8999999999996
425.698,2831.8999999999996
425.75,2819.8999999999996
425.802,2798.8999999999996
425.854,2853.8999999999996
425.906,2830.8999999999996
425.958,2917.8999999999996
426.01,2849.8999999999996
426.062,2799.8999999999996
426.114,2725.8999999999996
426.166,2875.8999999999996
426.218,2745.8999999999996
426.27,2747.8999999999996
426.321,2763.8999999999996
426.373,2722.8999999999996
426.425,2753.8999999999996
426.477,2784.8999999999996
426.529,2804.8999999999996
426.581,2838.8999999999996
426.633,2771.8999999999996
426.684,2865.8999999999996
426.736,2756.8999999999996
426.788,2730.8999999999996
426.84,2725.8999999999996
426.892,2692.8999999999996
426.943,2693.8999999999996
426.995,2632.8999999999996
427.047,2709.8999999999996
427.099,2729.8999999999996
427.15,2696.8999999999996
427.202,2629.8999999999996
427.254,2754.8999999999996
427.306,2740.8999999999996
427.357,2786.8999999999996
427.409,2728.8999999999996
427.461,2666.8999999999996
427.512,2635.8999999999996
427.564,2670.8999999999996
427.616,2733.8999999999996
427.667,2646.8999999999996
427.719,2675.8999999999996
427.77,2669.8999999999996
427.822,2679.8999999999996
427.874,2642.8999999999996
427.925,2763.8999999999996
427.977,2660.8999999999996
428.028,2660.8999999999996
428.08,2661.8999999999996
428.131,2699.8999999999996
428.183,2603.8999999999996
428.234,2578.8999999999996
428.286,2608.8999999999996
428.337,2664.8999999999996
428.389,2697.8999999999996
428.44,2572.8999999999996
428.492,2659.8999999999996
428.543,2670.8999999999996
428.595,2682.8999999999996
428.646,2625.8999999999996
428.697,2626.8999999999996
428.749,2645.8999999999996
428.8,2715.8999999999996
428.852,2525.8999999999996
428.903,2612.8999999999996
428.954,2495.8999999999996
429.006,2529.8999999999996
429.057,2702.8999999999996
429.108,2503.8999999999996
429.16,2554.8999999999996
429.211,2630.8999999999996
429.262,2595.8999999999996
429.314,2557.8999999999996
429.365,2633.8999999999996
429.416,2625.8999999999996
429.467,2635.8999999999996
429.519,2585.8999999999996
429.57,2560.8999999999996
429.621,2611.8999999999996
429.672,2563.8999999999996
429.724,2698.8999999999996
429.775,2538.8999999999996
429.826,2572.8999999999996
429.877,2543.8999999999996
429.928,2504.8999999999996
429.98,2545.8999999999996
430.031,2493.8999999999996
430.082,2520.8999999999996
430.133,2508.8999999999996
430.184,2582.8999999999996
430.235,2494.8999999999996
430.286,2533.8999999999996
430.337,2612.8999999999996
430.388,2532.8999999999996
430.439,2529.8999999999996
430.49,2527.8999999999996
430.542,2500.8999999999996
430.593,2496.8999999999996
430.644,2522.8999999999996
430.695,2473.8999999999996
430.746,2582.8999999999996
430.797,2596.8999999999996
430.848,2574.8999999999996
430.898,2505.8999999999996
430.949,2525.8999999999996
431.0,2519.8999999999996
431.051,2518.8999999999996
431.102,2575.8999999999996
431.153,2482.8999999999996
431.204,2448.8999999999996
431.255,2477.8999999999996
431.306,2591.8999999999996
431.357,2534.8999999999996
431.408,2477.8999999999996
431.458,2490.8999999999996
431.509,2426.8999999999996
431.56,2558.8999999999996
431.611,2507.8999999999996
431.662,2508.8999999999996
431.713,2555.8999999999996
431.763,2687.8999999999996
431.814,2603.8999999999996
431.865,2522.8999999999996
431.916,2614.8999999999996
431.966,2497.8999999999996
432.017,2533.8999999999996
432.068,2515.8999999999996
432.118,2519.8999999999996
432.169,2545.8999999999996
432.22,2460.8999999999996
432.271,2469.8999999999996
432.321,2526.8999999999996
432.372,2432.8999999999996
432.423,2561.8999999999996
432.473,2522.8999999999996
432.524,2372.8999999999996
432.574,2449.8999999999996
432.625,2416.8999999999996
432.676,2465.8999999999996
432.726,2413.8999999999996
432.777,2550.8999999999996
432.827,2459.8999999999996
432.878,2494.8999999999996
432.928,2541.8999999999996
432.979,2433.8999999999996
433.029,2481.8999999999996
433.08,2518.8999999999996
433.13,2503.8999999999996
433.181,2385.8999999999996
433.231,2420.8999999999996
433.282,2468.8999999999996
433.332,2449.8999999999996
433.383,2392.8999999999996
433.433,2503.8999999999996
433.484,2356.8999999999996
433.534,2470.8999999999996
433.585,2536.8999999999996
433.635,2400.8999999999996
433.685,2464.8999999999996
433.736,2394.8999999999996
433.786,2461.8999999999996
433.836,2496.8999999999996
433.887,2462.8999999999996
433.937,2394.8999999999996
433.987,2457.8999999999996
434.038,2463.8999999999996
434.088,2464.8999999999996
434.138,2509.8999999999996
434.189,2423.8999999999996
434.239,2448.8999999999996
434.289,2542.8999999999996
434.339,2490.8999999999996
434.389,2515.8999999999996
434.44,2554.8999999999996
434.49,2484.8999999999996
434.54,2531.8999999999996
434.59,2537.8999999999996
434.64,2506.8999999999996
434.691,2659.8999999999996
434.741,2612.8999999999996
434.791,2514.8999999999996
434.841,2562.8999999999996
434.891,2607.8999999999996
434.941,2516.8999999999996
434.991,2528.8999999999996
435.042,2583.8999999999996
435.092,2577.8999999999996
435.142,2481.8999999999996
435.192,2502.8999999999996
435.242,2474.8999999999996
435.292,2352.8999999999996
435.342,2436.8999999999996
435.392,2417.8999999999996
435.442,2503.8999999999996
435.492,2441.8999999999996
435.542,2360.8999999999996
435.592,2486.8999999999996
435.642,2400.8999999999996
435.692,2437.8999999999996
435.742,2402.8999999999996
435.792,2440.8999999999996
435.842,2335.8999999999996
435.891,2412.8999999999996
435.941,2321.8999999999996
435.991,2325.8999999999996
436.041,2410.8999999999996
436.091,2370.8999999999996
436.141,2378.8999999999996
436.191,2317.8999999999996
436.241,2289.8999999999996
436.29,2427.8999999999996
436.34,2397.8999999999996
436.39,2329.8999999999996
436.44,2298.8999999999996
436.49,2313.8999999999996
436.539,2287.8999999999996
436.589,2337.8999999999996
436.639,2321.8999999999996
436.689,2303.8999999999996
436.738,2365.8999999999996
436.788,2265.8999999999996
436.838,2304.8999999999996
436.887,2352.8999999999996
436.937,2250.8999999999996
436.987,2250.8999999999996
437.036,2317.8999999999996
437.086,2374.8999999999996
437.136,2370.8999999999996
437.185,2291.8999999999996
437.235,2209.8999999999996
437.285,2237.8999999999996
437.334,2239.8999999999996
437.384,2231.8999999999996
437.433,2238.8999999999996
437.483,2256.8999999999996
437.532,2191.8999999999996
437.582,2216.8999999999996
437.631,2192.8999999999996
437.681,2173.8999999999996
437.73,2270.8999999999996
437.78,2214.8999999999996
437.829,2192.8999999999996
437.879,2190.8999999999996
437.928,2269.8999999999996
437.978,2225.8999999999996
438.027,2203.8999999999996
438.077,2142.8999999999996
438.126,2177.8999999999996
438.176,2136.8999999999996
438.225,2256.8999999999996
438.274,2218.8999999999996
438.324,2131.8999999999996
438.373,2231.8999999999996
438.422,2168.8999999999996
438.472,2172.8999999999996
438.521,2253.8999999999996
438.57,2167.8999999999996
438.62,2208.8999999999996
438.669,2310.8999999999996
438.718,2248.8999999999996
438.768,2166.8999999999996
438.817,2126.8999999999996
438.866,2214.8999999999996
438.915,2257.8999999999996
438.965,2296.8999999999996
439.014,2209.8999999999996
439.063,2213.8999999999996
439.112,2195.8999999999996
439.162,2207.8999999999996
439.211,2210.8999999999996
439.26,2267.8999999999996
439.309,2206.8999999999996
439.358,2235.8999999999996
439.407,2295.8999999999996
439.456,2173.8999999999996
439.506,2230.8999999999996
439.555,2313.8999999999996
439.604,2268.8999999999996
439.653,2275.8999999999996
439.702,2212.8999999999996
439.751,2237.8999999999996
439.8,2293.8999999999996
439.849,2270.8999999999996
439.898,2248.8999999999996
439.947,2250.8999999999996
439.996,2219.8999999999996
440.045,2234.8999999999996
440.094,2423.8999999999996
440.143,2266.8999999999996
440.192,2155.8999999999996
440.241,2280.8999999999996
440.29,2205.8999999999996
440.339,2266.8999999999996
440.388,2275.8999999999996
440.437,2287.8999999999996
440.486,2150.8999999999996
440.535,2213.8999999999996
440.583,2253.8999999999996
440.632,2188.8999999999996
440.681,2263.8999999999996
440.73,2229.8999999999996
440.779,2315.8999999999996
440.828,2407.8999999999996
440.876,2292.8999999999996
440.925,2206.8999999999996
440.974,2301.8999999999996
441.023,2297.8999999999996
441.072,2361.8999999999996
441.12,2362.8999999999996
441.169,2343.8999999999996
441.218,2303.8999999999996
441.267,2367.8999999999996
441.315,2409.8999999999996
441.364,2413.8999999999996
441.413,2403.8999999999996
441.461,2421.8999999999996
441.51,2400.8999999999996
441.559,2432.8999999999996
441.607,2446.8999999999996
441.656,2424.8999999999996
441.705,2442.8999999999996
441.753,2386.8999999999996
441.802,2372.8999999999996
441.85,2393.8999999999996
441.899,2338.8999999999996
441.948,2343.8999999999996
441.996,2343.8999999999996
442.045,2416.8999999999996
442.093,2367.8999999999996
442.142,2301.8999999999996
442.19,2349.8999999999996
442.239,2356.8999999999996
442.287,2440.8999999999996
442.336,2427.8999999999996
442.384,2366.8999999999996
442.433,2418.8999999999996
442.481,2388.8999999999996
442.529,2352.8999999999996
442.578,2295.8999999999996
442.626,2379.8999999999996
442.675,2351.8999999999996
442.723,2328.8999999999996
442.771,2274.8999999999996
442.82,2356.8999999999996
442.868,2256.8999999999996
442.917,2295.8999999999996
442.965,2304.8999999999996
443.013,2315.8999999999996
443.062,2310.8999999999996
443.11,2322.8999999999996
443.158,2432.8999999999996
443.206,2360.8999999999996
443.255,2359.8999999999996
443.303,2413.8999999999996
443.351,2367.8999999999996
443.399,2354.8999999999996
443.448,2310.8999999999996
443.496,2386.8999999999996
443.544,2415.8999999999996
443.592,2458.8999999999996
443.64,2453.8999999999996
443.689,2383.8999999999996
443.737,2347.8999999999996
443.785,2431.8999999999996
443.833,2473.8999999999996
443.881,2407.8999999999996
443.929,2464.8999999999996
443.977,2437.8999999999996
444.025,2488.8999999999996
444.074,2473.8999999999996
444.122,2445.8999999999996
444.17,2546.8999999999996
444.218,2459.8999999999996
444.266,2478.8999999999996
444.314,2389.8999999999996
444.362,2461.8999999999996
444.41,2537.8999999999996
444.458,2493.8999999999996
444.506,2521.8999999999996
444.554,2515.8999999999996
444.602,2597.8999999999996
444.65,2636.8999999999996
444.698,2593.8999999999996
444.746,2598.8999999999996
444.793,2725.8999999999996
444.841,2622.8999999999996
444.889,2598.8999999999996
444.937,2660.8999999999996
444.985,2605.8999999999996
445.033,2556.8999999999996
445.081,2621.8999999999996
445.129,2595.8999999999996
445.176,2652.8999999999996
445.224,2598.8999999999996
445.272,2520.8999999999996
445.32,2585.8999999999996
445.368,2533.8999999999996
445.415,2576.8999999999996
445.463,2625.8999999999996
445.511,2516.8999999999996
445.559,2486.8999999999996
445.606,2574.8999999999996
445.654,2546.8999999999996
445.702,2463.8999999999996
445.749,2610.8999999999996
445.797,2521.8999999999996
445.845,2563.8999999999996
445.892,2619.8999999999996
445.94,2524.8999999999996
445.988,2617.8999999999996
446.035,2619.8999999999996
446.083,2554.8999999999996
446.13,2585.8999999999996
446.178,2650.8999999999996
446.226,2672.8999999999996
446.273,2619.8999999999996
446.321,2529.8999999999996
446.368,2609.8999999999996
446.416,2591.8999999999996
446.463,2704.8999999999996
446.511,2546.8999999999996
446.558,2617.8999999999996
446.606,2630.8999999999996
446.653,2731.8999999999996
446.701,2754.8999999999996
446.748,2747.8999999999996
446.796,2736.8999999999996
446.843,2801.8999999999996
446.891,2644.8999999999996
446.938,2737.8999999999996
446.985,2739.8999999999996
447.033,2780.8999999999996
447.08,2796.8999999999996
447.128,2682.8999999999996
447.175,2850.8999999999996
447.222,2829.8999999999996
447.27,2926.8999999999996
447.317,2902.8999999999996
447.364,2847.8999999999996
447.411,2901.8999999999996
447.459,3038.8999999999996
447.506,3049.8999999999996
447.553,3061.8999999999996
447.601,3158.8999999999996
447.648,3166.8999999999996
447.695,3079.8999999999996
447.742,3137.8999999999996
447.789,3301.8999999999996
447.837,3219.8999999999996
447.884,3313.8999999999996
447.931,3419.8999999999996
447.978,3429.8999999999996
448.025,3486.8999999999996
448.072,3432.8999999999996
448.12,3457.8999999999996
448.167,3535.8999999999996
448.214,3510.8999999999996
448.261,3433.8999999999996
448.308,3300.8999999999996
448.355,3228.8999999999996
448.402,3192.8999999999996
448.449,3159.8999999999996
448.496,3076.8999999999996
448.543,3090.8999999999996
448.59,2910.8999999999996
448.637,2908.8999999999996
448.684,2963.8999999999996
448.731,2952.8999999999996
448.778,2819.8999999999996
448.825,2759.8999999999996
448.872,2662.8999999999996
448.919,2904.8999999999996
448.966,2854.8999999999996
449.013,2748.8999999999996
449.06,2767.8999999999996
449.107,2673.8999999999996
449.154,2660.8999999999996
449.2,2669.8999999999996
449.247,2626.8999999999996
449.294,2580.8999999999996
449.341,2525.8999999999996
449.388,2622.8999999999996
449.435,2595.8999999999996
449.481,2545.8999999999996
449.528,2444.8999999999996
449.575,2526.8999999999996
449.622,2499.8999999999996
449.668,2492.8999999999996
449.715,2517.8999999999996
449.762,2450.8999999999996
449.809,2445.8999999999996
449.855,2442.8999999999996
449.902,2466.8999999999996
449.949,2343.8999999999996
449.995,2381.8999999999996
450.042,2422.8999999999996
450.089,2395.8999999999996
450.135,2391.8999999999996
450.182,2316.8999999999996
450.229,2258.8999999999996
450.275,2421.8999999999996
450.322,2324.8999999999996
450.368,2294.8999999999996
450.415,2364.8999999999996
450.462,2275.8999999999996
450.508,2322.8999999999996
450.555,2270.8999999999996
450.601,2307.8999999999996
450.648,2254.8999999999996
450.694,2320.8999999999996
450.741,2289.8999999999996
450.787,2209.8999999999996
450.834,2181.8999999999996
450.88,2269.8999999999996
450.927,2224.8999999999996
450.973,2204.8999999999996
451.019,2269.8999999999996
451.066,2184.8999999999996
451.112,2192.8999999999996
451.159,2176.8999999999996
451.205,2154.8999999999996
451.251,2181.8999999999996
451.298,2148.8999999999996
451.344,2120.8999999999996
451.39,2180.8999999999996
451.437,2213.8999999999996
451.483,2219.8999999999996
451.529,2108.8999999999996
451.576,2198.8999999999996
451.622,2070.8999999999996
451.668,2276.8999999999996
451.714,2206.8999999999996
451.761,2150.8999999999996
451.807,2151.8999999999996
451.853,2089.8999999999996
451.899,2164.8999999999996
451.945,2089.8999999999996
451.992,2115.8999999999996
452.038,2062.8999999999996
452.084,2096.8999999999996
452.13,2136.8999999999996
452.176,2103.8999999999996
452.222,2206.8999999999996
452.268,2161.8999999999996
452.315,2028.8999999999999
452.361,2090.8999999999996
452.407,2159.8999999999996
452.453,2131.8999999999996
452.499,2177.8999999999996
452.545,2168.8999999999996
452.591,2113.8999999999996
452.637,2091.8999999999996
452.683,2080.8999999999996
452.729,2128.8999999999996
452.775,1964.8999999999999
452.821,2097.8999999999996
452.867,2145.8999999999996
452.913,2158.8999999999996
452.959,2054.8999999999996
453.005,2048.8999999999996
453.051,2066.8999999999996
453.097,2077.8999999999996
453.142,2053.8999999999996
453.188,2055.8999999999996
453.234,1994.8999999999999
453.28,2043.8999999999999
453.326,2015.8999999999999
453.372,2092.8999999999996
453.418,2072.8999999999996
453.463,2055.8999999999996
453.509,2099.8999999999996
453.555,2045.8999999999999
453.601,2014.8999999999999
453.647,2070.8999999999996
453.692,2064.8999999999996
453.738,2033.8999999999999
453.784,1997.8999999999999
453.829,2079.8999999999996
453.875,2029.8999999999999
453.921,2054.8999999999996
453.967,2075.8999999999996
454.012,2035.8999999999999
454.058,2060.8999999999996
454.104,1995.8999999999999
454.149,1991.8999999999999
454.195,1987.8999999999999
454.24,2029.8999999999999
454.286,2006.8999999999999
454.332,2038.8999999999999
454.377,1978.8999999999999
454.423,1905.8999999999999
454.468,2014.8999999999999
454.514,1925.8999999999999
454.559,1975.8999999999999
454.605,2005.8999999999999
454.65,1985.8999999999999
454.696,2005.8999999999999
454.741,2015.8999999999999
454.787,2019.8999999999999
454.832,1919.8999999999999
454.878,2048.8999999999996
454.923,2009.8999999999999
454.969,1898.8999999999999
455.014,1960.8999999999999
455.06,1994.8999999999999
455.105,2026.8999999999999
455.15,2006.8999999999999
455.196,2033.8999999999999
455.241,2012.8999999999999
455.286,1989.8999999999999
455.332,2051.8999999999996
455.377,1943.8999999999999
455.422,2027.8999999999999
455.468,1944.8999999999999
455.513,1999.8999999999999
455.558,1904.8999999999999
455.604,2005.8999999999999
455.649,2054.8999999999996
455.694,1988.8999999999999
455.739,2078.8999999999996
455.785,2040.8999999999999
455.83,1926.8999999999999
455.875,1983.8999999999999
455.92,2044.8999999999999
455.965,1927.8999999999999
456.01,1912.8999999999999
456.056,1967.8999999999999
456.101,2032.8999999999999
456.146,1922.8999999999999
456.191,2067.8999999999996
456.236,2006.8999999999999
456.281,1961.8999999999999
456.326,2046.8999999999999
456.371,1993.8999999999999
456.416,1926.8999999999999
456.461,1927.8999999999999
456.507,1950.8999999999999
456.552,1969.8999999999999
456.597,2009.8999999999999
456.642,2079.8999999999996
456.687,1960.8999999999999
456.732,1963.8999999999999
456.776,1926.8999999999999
456.821,1950.8999999999999
456.866,1889.8999999999999
456.911,2028.8999999999999
456.956,1961.8999999999999
457.001,1961.8999999999999
457.046,1977.8999999999999
457.091,2027.8999999999999
457.136,1946.8999999999999
457.181,1942.8999999999999
457.225,1950.8999999999999
457.27,1999.8999999999999
457.315,2033.8999999999999
457.36,1939.8999999999999
457.405,1999.8999999999999
457.45,1961.8999999999999
457.494,1961.8999999999999
457.539,1935.8999999999999
457.584,1992.8999999999999
457.629,1991.8999999999999
457.673,1889.8999999999999
457.718,2042.8999999999999
457.763,2037.8999999999999
457.807,2038.8999999999999
457.852,2032.8999999999999
457.897,2006.8999999999999
457.941,2029.8999999999999
457.986,2006.8999999999999
458.031,2009.8999999999999
458.075,2010.8999999999999
458.12,2033.8999999999999
458.165,2101.8999999999996
458.209,2085.8999999999996
458.254,2087.8999999999996
458.298,2073.8999999999996
458.343,2025.8999999999999
458.387,2056.8999999999996
458.432,2032.8999999999999
458.476,2064.8999999999996
458.521,2068.8999999999996
458.565,2075.8999999999996
458.61,2124.8999999999996
458.654,2046.8999999999999
458.699,2166.8999999999996
458.743,2076.8999999999996
458.788,2085.8999999999996
458.832,2114.8999999999996
458.877,2063.8999999999996
458.921,2097.8999999999996
458.965,2082.8999999999996
459.01,2139.8999999999996
459.054,2151.8999999999996
459.099,2181.8999999999996
459.143,2226.8999999999996
459.187,2163.8999999999996
459.231,2070.8999999999996
459.276,2184.8999999999996
459.32,2246.8999999999996
459.364,2271.8999999999996
459.409,2213.8999999999996
459.453,2115.8999999999996
459.497,2184.8999999999996
459.541,2255.8999999999996
459.586,2224.8999999999996
459.63,2278.8999999999996
459.674,2231.8999999999996
459.718,2284.8999999999996
459.762,2203.8999999999996
459.807,2200.8999999999996
459.851,2205.8999999999996
459.895,2194.8999999999996
459.939,2264.8999999999996
459.983,2262.8999999999996
460.027,2244.8999999999996
460.071,2223.8999999999996
460.115,2211.8999999999996
460.159,2258.8999999999996
460.204,2279.8999999999996
460.248,2230.8999999999996
460.292,2303.8999999999996
460.336,2317.8999999999996
460.38,2285.8999999999996
460.424,2327.8999999999996
460.468,2363.8999999999996
460.512,2290.8999999999996
460.556,2275.8999999999996
460.599,2246.8999999999996
460.643,2318.8999999999996
460.687,2388.8999999999996
460.731,2325.8999999999996
460.775,2335.8999999999996
460.819,2281.8999999999996
460.863,2359.8999999999996
460.907,2300.8999999999996
460.951,2353.8999999999996
460.995,2306.8999999999996
461.038,2389.8999999999996
461.082,2347.8999999999996
461.126,2210.8999999999996
461.17,2336.8999999999996
461.214,2287.8999999999996
461.257,2443.8999999999996
461.301,2316.8999999999996
461.345,2297.8999999999996
461.389,2336.8999999999996
461.432,2322.8999999999996
461.476,2303.8999999999996
461.52,2318.8999999999996
461.563,2309.8999999999996
461.607,2348.8999999999996
461.651,2299.8999999999996
461.694,2351.8999999999996
461.738,2283.8999999999996
461.782,2333.8999999999996
461.825,2352.8999999999996
461.869,2321.8999999999996
461.913,2382.8999999999996
461.956,2385.8999999999996
462.0,2379.8999999999996
462.043,2436.8999999999996
462.087,2464.8999999999996
462.13,2465.8999999999996
462.174,2436.8999999999996
462.217,2425.8999999999996
462.261,2428.8999999999996
462.304,2494.8999999999996
462.348,2491.8999999999996
462.391,2502.8999999999996
462.435,2452.8999999999996
462.478,2426.8999999999996
462.522,2419.8999999999996
462.565,2541.8999999999996
462.608,2555.8999999999996
462.652,2442.8999999999996
462.695,2581.8999999999996
462.739,2572.8999999999996
462.782,2593.8999999999996
462.825,2546.8999999999996
462.869,2661.8999999999996
462.912,2651.8999999999996
462.955,2602.8999999999996
462.998,2706.8999999999996
463.042,2593.8999999999996
463.085,2656.8999999999996
463.128,2604.8999999999996
463.172,2509.8999999999996
453.18,3435.65
453.319,3544.65
453.458,3559.65
453.596,3504.65
453.735,3605.65
453.873,3642.65
454.012,3603.65
454.15,3742.65
454.289,3773.6499999999996
454.427,3833.6499999999996
454.566,3896.6499999999996
454.704,3886.6499999999996
454.843,3841.6499999999996
454.981,3975.6499999999996
455.12,4067.6499999999996
455.258,4091.6499999999996
455.397,4056.6499999999996
455.535,4233.65
455.674,4190.65
455.812,4126.65
455.951,4308.65
456.089,4328.65
456.227,4247.65
456.366,4334.65
456.504,4335.65
456.642,4474.65
456.781,4480.65
456.919,4596.65
457.057,4570.65
457.196,4650.65
457.334,4676.65
457.472,4707.65
457.61,4809.65
457.749,4940.65
457.887,4861.65
458.025,5048.65
458.163,5200.65
458.301,5195.65
458.44,5164.65
458.578,5403.65
458.716,5460.65
458.854,5591.65
458.992,5664.65
459.13,5629.65
459.269,5706.65
459.407,5809.65
459.545,5868.65
459.683,5938.65
459.821,5967.65
459.959,6012.65
460.097,6125.65
460.235,6177.65
460.373,6167.65
460.511,6224.65
460.649,6472.65
460.787,6269.65
460.925,6487.65
461.063,6338.65
461.201,6359.65
461.339,6483.65
461.477,6523.65
461.615,6450.65
461.753,6688.65
461.891,6778.65
462.029,6898.65
462.166,7098.65
462.304,7072.65
462.442,7362.65
462.58,7350.65
462.718,7479.65
462.856,7387.65
462.993,7499.65
463.131,7318.65
463.269,7339.65
463.407,7228.65
463.545,7028.65
463.682,7250.65
463.82,7447.65
463.958,7852.65
464.095,7903.65
464.233,7843.65
464.371,7713.65
464.509,7942.65
464.646,7826.65
464.784,7742.65
464.921,7622.65
465.059,7503.65
465.197,7315.65
465.334,7175.65
465.472,6995.65
465.609,6933.65
465.747,6940.65
465.885,6942.65
466.022,6998.65
466.16,6874.65
466.297,6757.65
466.435,6656.65
466.572,6721.65
466.71,6778.65
466.847,6756.65
466.985,6775.65
467.122,6644.65
467.26,6657.65
467.397,6698.65
467.534,6644.65
467.672,6462.65
467.809,6552.65
467.947,6577.65
468.084,6446.65
468.221,6504.65
468.359,6552.65
468.496,6537.65
468.633,6671.65
468.771,6618.65
468.908,6630.65
469.045,6730.65
469.183,6673.65
469.32,6822.65
469.457,6733.65
469.594,6984.65
469.732,6942.65
469.869,6965.65
470.006,7043.65
470.143,7093.65
470.28,7236.65
470.417,7322.65
470.555,7217.65
470.692,7230.65
470.829,7219.65
470.966,7200.65
471.103,7109.65
471.24,7063.65
471.377,7020.65
471.514,7034.65
471.651,6922.65
471.789,7039.65
471.926,6906.65
472.063,6896.65
472.2,6836.65
472.337,6883.65
472.474,6804.65
472.611,6826.65
472.748,6759.65
472.884,6729.65
473.021,6786.65
473.158,6588.65
473.295,6648.65
473.432,6716.65
473.569,6725.65
473.706,6577.65
473.843,6768.65
473.98,6628.65
474.117,6874.65
474.253,6677.65
474.39,6505.65
474.527,6654.65
474.664,6834.65
474.801,6894.65
474.937,6733.65
475.074,6769.65
475.211,6854.65
475.348,6846.65
475.484,6823.65
475.621,6779.65
475.758,6945.65
475.894,6858.65
476.031,6803.65
476.168,6816.65
476.304,6842.65
476.441,6831.65
476.578,6814.65
476.714,6906.65
476.851,7017.65
476.987,7210.65
477.124,7080.65
477.261,7150.65
477.397,7304.65
477.534,7077.65
477.67,7324.65
477.807,7274.65
477.943,7326.65
478.08,7436.65
478.216,7395.65
478.353,7402.65
478.489,7535.65
478.626,7520.65
478.762,7642.65
478.898,7642.65
479.035,7521.65
479.171,7632.65
479.308,7805.65
479.444,7765.65
479.58,7787.65
479.717,7757.65
479.853,7595.65
479.989,7829.65
480.126,7973.65
480.262,7950.65
480.398,8001.65
480.535,7836.65
480.671,7869.65
480.807,7751.65
480.943,7854.65
481.08,7945.65
481.216,7974.65
481.352,7619.65
481.488,7722.65
481.624,7740.65
481.76,7585.65
481.897,7632.65
482.033,7566.65
482.169,7633.65
482.305,7550.65
482.441,7565.65
482.577,7390.65
482.713,7537.65
482.849,7631.65
482.985,7467.65
483.121,7509.65
483.258,7576.65
483.394,7493.65
483.53,7706.65
483.665,7584.65
483.801,7659.65
483.937,7601.65
484.073,7749.65
484.209,7684.65
484.345,7598.65
484.481,7746.65
484.617,7677.65
484.753,7803.65
484.889,7723.65
485.025,7695.65
485.161,7765.65
485.296,7775.65
485.432,7882.65
485.568,7748.65
485.704,7834.65
485.84,7907.65
485.975,7880.65
486.111,7813.65
486.247,7840.65
486.383,7867.65
486.518,7900.65
486.654,7791.65
486.79,7783.65
486.926,7900.65
487.061,7694.65
487.197,7712.65
487.333,7888.65
487.468,7760.65
487.604,7850.65
487.74,7782.65
487.875,7776.65
488.011,7707.65
488.146,7759.65
488.282,7601.65
488.417,7656.65
488.553,7758.65
488.688,7940.65
488.824,7774.65
488.96,8035.65
489.095,7800.65
489.23,7832.65
489.366,7896.65
489.501,7870.65
489.637,7800.65
489.772,7809.65
489.908,8053.65
490.043,7854.65
490.178,8046.65
490.314,7899.65
490.449,7735.65
490.585,7975.65
490.72,7883.65
490.855,7827.65
490.991,7838.65
491.126,7884.65
491.261,7908.65
491.396,7932.65
491.532,8048.65
491.667,7816.65
491.802,8001.65
491.937,7922.65
492.073,7911.65
492.208,8051.65
492.343,8176.65
492.478,8159.65
492.613,8193.65
492.749,8142.65
492.884,8006.65
493.019,8065.65
493.154,7968.65
493.289,8003.65
493.424,8096.65
493.559,8068.65
493.694,8049.65
493.829,8057.65
493.964,7940.65
494.099,8006.65
494.234,8044.65
494.369,8119.65
494.504,7937.65
494.639,7973.65
494.774,8030.65
494.909,8021.65
495.044,8104.65
495.179,8071.65
495.314,8109.65
495.449,8045.65
495.584,8043.65
495.719,7939.65
495.854,8088.65
495.988,8253.65
496.123,8063.65
496.258,8030.65
496.393,8158.65
496.528,8367.65
496.663,8319.65
496.797,8346.65
496.932,8463.65
497.067,8724.65
497.202,8678.65
497.336,8974.65
497.471,9034.65
497.606,9100.65
497.74,9236.65
497.875,9657.65
498.01,9680.65
498.144,9910.65
498.279,10097.65
498.414,10510.65
498.548,10557.65
498.683,10595.65
498.817,10666.65
498.952,10975.65
499.087,11285.65
499.221,11625.65
499.356,12096.65
499.49,12289.65
499.625,12716.65
499.759,13009.65
499.894,13533.65
500.028,14078.65
500.162,14395.65
500.297,14838.65
500.431,15017.65
500.566,14981.65
500.7,14893.65
500.835,14272.65
500.969,13593.65
501.103,13397.65
501.238,12681.65
501.372,12217.65
501.506,11880.65
501.641,11363.65
501.775,10981.65
501.909,10543.65
502.043,10287.65
502.178,10252.65
502.312,10012.65
502.446,9693.65
502.58,9554.65
502.715,9268.65
502.849,9253.65
502.983,9127.65
503.117,9099.65
503.251,8970.65
503.385,8796.65
503.52,8631.65
503.654,8468.65
503.788,8426.65
503.922,8277.65
504.056,8293.65
504.19,8366.65
504.324,8185.65
504.458,8254.65
504.592,8063.65
504.726,8069.65
504.86,7714.65
504.994,7765.65
505.128,7476.65
505.262,7490.65
505.396,7367.65
505.53,7143.65
505.664,7035.65
505.798,7041.65
505.932,6996.65
506.066,6908.65
506.199,7012.65
506.333,6858.65
506.467,6629.65
506.601,6641.65
506.735,6595.65
506.869,6519.65
507.002,6448.65
507.136,6521.65
507.27,6529.65
507.404,6414.65
507.537,6496.65
507.671,6417.65
507.805,6355.65
507.939,6259.65
508.072,6182.65
508.206,6255.65
508.34,6147.65
508.473,6190.65
508.607,6254.65
508.74,6223.65
508.874,6146.65
509.008,6168.65
509.141,6196.65
509.275,6083.65
509.408,6058.65
509.542,6118.65
509.675,6020.65
509.809,6067.65
509.942,6034.65
510.076,6087.65
510.209,5943.65
510.343,6015.65
510.476,5784.65
510.61,5885.65
510.743,5914.65
510.877,5922.65
511.01,5870.65
511.143,5809.65
511.277,5777.65
511.41,5787.65
511.543,5758.65
511.677,5697.65
511.81,5801.65
511.943,5867.65
512.077,5874.65
512.21,5780.65
512.343,5823.65
512.476,5745.65
512.61,5802.65
512.743,5896.65
512.876,5821.65
513.009,5878.65
513.142,5829.65
513.276,5768.65
513.409,5818.65
513.542,5711.65
513.675,5720.65
513.808,5795.65
513.941,5806.65
514.074,5858.65
514.207,5710.65
514.34,5718.65
514.474,5750.65
514.607,5797.65
514.74,5999.65
514.873,5924.65
515.006,6158.65
515.139,6088.65
515.272,6217.65
515.404,6236.65
515.537,6251.65
515.67,6098.65
515.803,6285.65
515.936,6273.65
516.069,6294.65
516.202,6380.65
516.335,6589.65
516.468,6995.65
516.6,8409.65
516.733,10584.65
516.866,10758.65
516.999,9575.65
517.132,11892.65
517.264,17155.65
517.397,16603.65
517.53,12154.65
517.663,10006.65
517.795,9235.65
517.928,8902.65
518.061,9000.65
518.193,12116.65
518.326,19749.65
518.459,21614.65
518.591,15682.65
518.724,11178.65
518.857,9619.65
518.989,8771.65
519.122,8146.65
519.254,7521.65
519.387,7132.65
519.519,7004.65
519.652,6872.65
519.784,6680.65
519.917,6427.65
520.049,6345.65
520.182,6270.65
520.314,6149.65
520.447,6283.65
520.579,6022.65
520.712,5897.65
520.844,6037.65
520.976,5991.65
521.109,5710.65
521.241,5564.65
521.373,5645.65
521.506,5533.65
521.638,5476.65
521.77,5580.65
521.903,5486.65
522.035,5413.65
522.167,5291.65
522.3,5388.65
522.432,5281.65
522.564,5244.65
522.696,5217.65
522.828,5102.65
522.961,5112.65
523.093,5137.65
523.225,5155.65
523.357,4891.65
523.489,5043.65
523.621,4997.65
523.753,4971.65
523.885,4952.65
524.018,4900.65
524.15,4800.65
524.282,5047.65
524.414,4852.65
524.546,4841.65
524.678,4890.65
524.81,4896.65
524.942,4880.65
525.074,4722.65
525.206,4733.65
525.338,4753.65
525.469,4778.65
525.601,4804.65
525.733,4644.65
525.865,4721.65
525.997,4793.65
526.129,4606.65
526.261,4690.65
526.393,4659.65
526.524,4771.65
526.656,4649.65
526.788,4704.65
526.92,4492.65
527.052,4506.65
527.183,4580.65
527.315,4533.65
527.447,4540.65
527.578,4614.65
527.71,4525.65
527.842,4468.65
527.973,4731.65
528.105,4642.65
528.237,4574.65
528.368,4505.65
528.5,4510.65
528.632,4526.65
528.763,4546.65
528.895,4562.65
529.026,4599.65
529.158,4542.65
529.289,4519.65
529.421,4618.65
529.552,4470.65
529.684,4534.65
529.815,4560.65
529.947,4582.65
530.078,4521.65
530.21,4484.65
530.341,4487.65
530.472,4597.65
530.604,4461.65
530.735,4621.65
530.867,4642.65
530.998,4490.65
531.129,4569.65
531.26,4579.65
531.392,4513.65
531.523,4647.65
531.654,4646.65
531.786,4657.65
531.917,4820.65
532.048,4777.65
532.179,4738.65
532.311,4608.65
532.442,4605.65
532.573,4590.65
532.704,4577.65
532.835,4639.65
532.966,4614.65
533.097,4535.65
533.229,4488.65
533.36,4481.65
533.491,4544.65
533.622,4547.65
533.753,4568.65
533.884,4514.65
534.015,4593.65
534.146,4650.65
534.277,4626.65
534.408,4559.65
534.539,4674.65
534.67,4453.65
534.801,4488.65
534.932,4574.65
535.063,4494.65
535.194,4473.65
535.324,4481.65
535.455,4483.65
535.586,4446.65
535.717,4395.65
535.848,4523.65
535.979,4447.65
536.109,4372.65
536.24,4404.65
536.371,4328.65
536.502,4302.65
536.632,4262.65
536.763,4361.65
536.894,4359.65
537.025,4323.65
537.155,4261.65
537.286,4303.65
537.417,4271.65
537.547,4330.65
537.678,4242.65
537.808,4339.65
537.939,4230.65
538.07,4248.65
538.2,4318.65
538.331,4254.65
538.461,4290.65
538.592,4375.65
538.722,4293.65
538.853,4344.65
538.983,4240.65
539.114,4232.65
539.244,4174.65
539.375,4185.65
539.505,4301.65
539.636,4170.65
539.766,4318.65
539.896,4232.65
540.027,4273.65
540.157,4337.65
540.287,4381.65
540.418,4330.65
540.548,4186.65
540.678,4305.65
540.809,4275.65
540.939,4391.65
541.069,4350.65
541.2,4379.65
541.33,4347.65
541.46,4502.65
541.59,4366.65
541.72,4291.65
541.851,4324.65
541.981,4360.65
542.111,4419.65
542.241,4406.65
542.371,4566.65
542.501,4623.65
542.631,4420.65
542.761,4638.65
542.891,4724.65
543.021,4746.65
543.151,4850.65
543.281,4780.65
543.411,4570.65
543.542,4525.65
543.671,4654.65
543.801,4512.65
543.931,4618.65
544.061,4553.65
544.191,4577.65
544.321,4545.65
544.451,4554.65
544.581,4605.65
544.711,4745.65
544.841,4681.65
544.97,4805.65
545.1,4867.65
545.23,4897.65
545.36,4949.65
545.49,4833.65
545.619,4877.65
545.749,4720.65
545.879,4657.65
546.009,4601.65
546.138,4695.65
546.268,4487.65
546.398,4572.65
546.527,4619.65
546.657,4643.65
546.786,4584.65
546.916,4578.65
547.046,4636.65
547.175,4646.65
547.305,4674.65
547.434,4605.65
547.564,4653.65
547.693,4548.65
547.823,4661.65
547.953,4579.65
548.082,4565.65
548.211,4621.65
548.341,4531.65
548.47,4581.65
548.6,4638.65
548.729,4693.65
548.859,4641.65
548.988,4572.65
549.117,4555.65
549.247,4624.65
549.376,4657.65
549.505,4685.65
549.635,4707.65
549.764,4668.65
549.893,4742.65
550.023,4581.65
550.152,4729.65
550.281,4768.65
550.41,4808.65
550.539,4681.65
550.669,4621.65
550.798,4699.65
550.927,4740.65
551.056,4813.65
551.185,4729.65
551.314,4709.65
551.443,4660.65
551.573,4783.65
551.702,4749.65
551.831,4715.65
551.96,4619.65
552.089,4860.65
552.218,4826.65
552.347,4895.65
552.476,5056.65
552.605,4934.65
552.734,5224.65
552.863,5283.65
552.992,5384.65
553.121,5315.65
553.249,5242.65
553.378,5241.65
553.507,4948.65
553.636,5086.65
553.765,5026.65
553.894,4953.65
554.023,4939.65
554.151,5002.65
554.28,4870.65
554.409,4815.65
554.538,4889.65
554.666,4894.65
554.795,4817.65
554.924,4774.65
555.052,4808.65
555.181,4745.65
555.31,4791.65
555.439,4771.65
555.567,4628.65
555.696,4658.65
555.824,4665.65
555.953,4542.65
556.082,4672.65
556.21,4642.65
556.339,4666.65
556.467,4627.65
556.596,4564.65
556.724,4562.65
556.853,4644.65
556.981,4557.65
557.11,4572.65
557.238,4545.65
557.367,4606.65
557.495,4555.65
557.623,4587.65
557.752,4630.65
557.88,4523.65
558.008,4521.65
558.137,4574.65
558.265,4608.65
558.393,4522.65
558.522,4502.65
558.65,4555.65
558.778,4493.65
558.906,4557.65
559.035,4608.65
559.163,4539.65
559.291,4596.65
559.419,4583.65
559.548,4515.65
559.676,4640.65
559.804,4632.65
559.932,4753.65
560.06,4602.65
560.188,4622.65
560.316,4616.65
560.444,4723.65
560.572,4811.65
560.7,4797.65
560.828,4791.65
560.956,4823.65
561.085,4818.65
561.212,4842.65
561.34,4853.65
561.468,4882.65
561.596,4832.65
561.724,4780.65
561.852,4938.65
561.98,4799.65
562.108,4926.65
562.236,4726.65
562.364,4869.65
562.492,4871.65
562.619,4954.65
562.747,4863.65
562.875,5007.65
563.003,5033.65
563.13,5134.65
563.258,5186.65
563.386,5142.65
563.514,5202.65
563.641,5377.65
563.769,5413.65
563.897,5452.65
564.024,5640.65
564.152,5503.65
564.28,5641.65
564.407,5569.65
564.535,5516.65
564.662,5679.65
564.79,5774.65
564.917,5865.65
565.045,5793.65
565.173,5815.65
565.3,5854.65
565.428,5871.65
565.555,5999.65
565.682,6021.65
565.81,6376.65
565.937,6532.65
566.065,6776.65
566.192,6632.65
566.32,7105.65
566.447,7072.65
566.574,7166.65
566.702,7367.65
566.829,7450.65
566.956,7395.65
567.083,7660.65
567.211,7686.65
567.338,7808.65
567.465,7883.65
567.593,7952.65
567.72,7918.65
567.847,7879.65
567.974,8020.65
568.101,8236.65
568.228,9479.65
568.356,9993.65
568.483,9280.65
568.61,9116.65
568.737,10290.65
568.864,11934.65
568.991,11273.65
569.118,9560.65
569.245,8619.65
569.372,7917.65
569.499,7551.65
569.626,7299.65
569.753,6874.65
569.88,6686.65
570.007,6581.65
570.134,6436.65
570.261,6352.65
570.388,6289.65
570.515,6147.65
570.642,6101.65
570.768,5971.65
570.895,5931.65
571.022,5981.65
571.149,5976.65
571.276,5825.65
571.402,5716.65
571.529,5630.65
571.656,5527.65
571.783,5540.65
571.909,5579.65
572.036,5382.65
572.163,5369.65
572.289,5342.65
572.416,5249.65
572.543,5356.65
572.669,5200.65
572.796,5171.65
572.922,5029.65
573.049,4997.65
573.176,5065.65
573.302,5074.65
573.429,4996.65
573.555,5123.65
573.682,5125.65
573.808,4941.65
573.935,4932.65
574.061,4947.65
574.188,4948.65
574.314,4999.65
574.44,4959.65
574.567,4943.65
574.693,5012.65
574.82,5024.65
574.946,4906.65
575.072,4928.65
575.198,4860.65
575.325,4838.65
575.451,4943.65
575.577,4999.65
575.704,4966.65
575.83,4870.65
575.956,4975.65
576.082,4964.65
576.208,4874.65
576.335,4711.65
576.461,4790.65
576.587,4872.65
576.713,4890.65
576.839,4819.65
576.965,4856.65
577.091,4738.65
577.217,4829.65
577.343,4772.65
577.469,4786.65
577.596,4910.65
577.722,4766.65
577.848,4909.65
577.974,4815.65
578.099,4829.65
578.225,4774.65
578.351,5016.65
578.477,4785.65
578.603,4888.65
578.729,4769.65
578.855,4831.65
578.981,4871.65
579.107,4993.65
579.232,4889.65
579.358,4889.65
579.484,4802.65
579.61,4796.65
579.735,4831.65
579.861,4961.65
579.987,4903.65
580.113,4931.65
580.238,5039.65
580.364,5022.65
580.49,4963.65
580.615,5034.65
580.741,4918.65
580.867,5090.65
580.992,5014.65
581.118,5068.65
581.243,5113.65
581.369,5221.65
581.494,5200.65
581.62,5175.65
581.745,5228.65
581.871,5241.65
581.996,5299.65
582.122,5291.65
582.247,5286.65
582.373,5274.65
582.498,5335.65
582.624,5550.65
582.749,5586.65
582.874,5693.65
583.0,5463.65
583.125,5652.65
583.25,5581.65
583.376,5598.65
583.501,5695.65
583.626,5636.65
583.751,5893.65
583.877,5987.65
584.002,5906.65
584.127,6020.65
584.252,6151.65
584.377,6175.65
584.503,6178.65
584.628,6328.65
584.753,6481.65
584.878,6570.65
585.003,6830.65
585.128,6870.65
585.253,6957.65
585.378,7081.65
585.503,6959.65
585.628,7251.65
585.753,7582.65
585.878,7687.65
586.003,7777.65
586.128,8118.65
586.253,8196.65
586.378,8498.65
586.503,8818.65
586.628,9173.65
586.753,9667.65
586.878,9872.65
587.003,10345.65
587.127,11044.65
587.252,11619.65
587.377,12372.65
587.502,13059.65
587.627,14091.65
587.751,14989.65
587.876,16452.65
588.001,17906.65
588.125,19882.65
588.25,22326.65
588.375,25683.65
588.499,29782.65
588.624,35089.648
588.749,41843.648
588.873,47387.648
588.998,51242.648
589.122,54632.648
589.247,53187.648
589.372,50014.648
589.496,49588.648
589.621,51223.648
589.745,50545.648
589.87,44362.648
589.994,37106.648
590.118,31466.65
590.243,26840.65
590.367,23841.65
590.492,21526.65
590.616,18984.65
590.74,17510.65
590.865,16336.650000000001
590.989,15055.65
591.114,14196.65
591.238,13631.65
591.362,12644.65
591.486,12225.65
591.611,11622.65
591.735,11108.65
591.859,10872.65
591.983,10393.65
592.107,10047.65
592.232,9739.65
592.356,9437.65
592.48,9410.65
592.604,9161.65
592.728,8896.65
592.852,8630.65
592.976,8613.65
593.1,8276.65
593.224,8229.65
593.349,8179.65
593.473,7940.65
593.597,7987.65
593.721,7618.65
593.844,7641.65
593.968,7668.65
594.092,7402.65
594.216,7374.65
594.34,7198.65
594.464,7081.65
594.588,6810.65
594.712,6830.65
594.836,6720.65
594.959,6580.65
595.083,6361.65
595.207,6246.65
595.331,6331.65
595.455,6138.65
595.578,6129.65
595.702,5909.65
595.826,5755.65
595.949,5838.65
596.073,5863.65
596.197,5685.65
596.32,5739.65
596.444,5514.65
596.568,5630.65
596.691,5474.65
596.815,5457.65
596.938,5380.65
597.062,5305.65
597.186,5206.65
597.309,5325.65
597.433,5159.65
597.556,5116.65
597.68,5183.65
597.803,5056.65
597.926,5143.65
598.05,4974.65
598.173,4956.65
598.297,4894.65
598.42,5079.65
598.543,4862.65
598.667,4830.65
598.79,4815.65
598.913,4759.65
599.037,4820.65
599.16,4756.65
599.283,4730.65
599.406,4788.65
599.53,4770.65
599.653,4637.65
599.776,4692.65
599.899,4582.65
600.022,4556.65
600.145,4619.65
600.269,4653.65
600.392,4591.65
600.515,4568.65
600.638,4446.65
600.761,4572.65
600.884,4449.65
601.007,4408.65
601.13,4368.65
601.253,4503.65
601.376,4567.65
601.499,4365.65
601.622,4390.65
601.745,4475.65
601.868,4362.65
601.991,4358.65
602.113,4379.65
602.236,4303.65
602.359,4392.65
602.482,4295.65
602.605,4267.65
602.728,4346.65
602.85,4270.65
602.973,4256.65
603.096,4282.65
603.219,4370.65
603.341,4224.65
603.464,4202.65
603.587,4216.65
603.709,4131.65
603.832,4169.65
603.955,4255.65
604.077,4080.6499999999996
604.2,4188.65
604.323,4068.6499999999996
604.445,4145.65
604.568,4158.65
604.69,4209.65
604.813,4161.65
604.935,4256.65
605.058,4087.6499999999996
605.18,4109.65
605.303,4141.65
605.425,4045.6499999999996
605.547,4118.65
605.67,4128.65
605.792,4003.6499999999996
605.915,4127.65
606.037,4083.6499999999996
606.159,4003.6499999999996
606.282,4091.6499999999996
606.404,4030.6499999999996
606.526,4086.6499999999996
606.648,4058.6499999999996
606.771,4006.6499999999996
606.893,4112.65
607.015,4070.6499999999996
607.137,4082.6499999999996
607.26,3977.6499999999996
607.382,4084.6499999999996
607.504,4081.6499999999996
607.626,3987.6499999999996
607.748,4023.6499999999996
607.87,3957.6499999999996
607.992,4046.6499999999996
608.114,3963.6499999999996
608.237,4010.6499999999996
608.359,3966.6499999999996
608.481,4007.6499999999996
608.603,4062.6499999999996
608.725,3868.65
608.847,3929.6499999999996
608.969,4017.6499999999996
609.09,4014.6499999999996
609.212,3882.65
609.334,3948.6499999999996
609.456,3957.6499999999996
609.578,3859.6499999999996
609.7,3849.65
609.822,3939.6499999999996
609.944,4122.65
610.065,3879.6499999999996
610.187,3978.6499999999996
610.309,3971.6499999999996
610.431,3938.6499999999996
610.552,3969.6499999999996
610.674,3860.65
610.796,3829.65
610.918,3972.6499999999996
611.039,3863.6499999999996
611.161,3937.6499999999996
611.282,3923.6499999999996
611.404,3855.65
611.526,3879.65
611.647,3884.6499999999996
611.769,3815.65
611.89,3890.6499999999996
612.012,3914.6499999999996
612.133,3874.65
612.255,3860.6499999999996
612.377,3760.65
612.498,3831.65
612.619,3708.65
612.741,3875.6499999999996
612.862,3930.6499999999996
612.984,3930.6499999999996
613.105,3824.65
613.226,3832.65
613.348,3932.6499999999996
613.469,3804.65
613.59,3806.65
613.712,3768.65
613.833,3781.65
613.954,3824.65
614.076,3881.6499999999996
614.197,3759.65
614.318,3748.65
614.439,3785.65
614.56,3784.65
614.682,3761.65
614.803,3832.65
614.924,3931.6499999999996
615.045,3825.65
615.166,3862.65
615.287,4101.65
615.408,4710.65
615.529,4782.65
615.65,4457.65
615.771,4170.65
615.892,4251.65
616.013,5137.65
616.134,6067.65
616.255,5409.65
616.376,4617.65
616.497,4368.65
616.618,4207.65
616.739,4186.65
616.86,4027.6499999999996
616.981,4067.6499999999996
617.102,4025.6499999999996
617.222,3956.6499999999996
617.343,4066.6499999999996
617.464,3912.6499999999996
617.585,3810.65
617.705,3725.65
617.826,3953.6499999999996
617.947,3883.6499999999996
618.068,3896.65
618.188,3815.65
618.309,3869.65
618.43,3741.65
618.55,3828.65
618.671,3833.65
618.791,3766.65
618.912,3751.65
619.033,3905.6499999999996
619.153,3760.65
619.274,3723.65
619.394,3730.65
619.515,3704.65
619.635,3801.65
619.756,3684.65
619.876,3664.65
619.996,3662.65
620.117,3730.65
620.237,3697.65
620.358,3774.65
620.478,3574.65
620.598,3736.65
620.719,3676.65
620.839,3699.65
620.959,3647.65
621.079,3680.65
621.2,3676.65
621.32,3637.65
621.44,3682.65
621.56,3620.65
621.681,3681.65
621.801,3617.65
621.921,3549.65
622.041,3580.65
622.161,3605.65
622.281,3623.65
622.401,3537.65
622.521,3645.65
622.641,3544.65
622.761,3489.65
622.882,3570.65
623.002,3535.65
623.121,3541.65
623.241,3534.65
623.361,3505.65
623.481,3512.65
623.601,3488.65
623.721,3533.65
623.841,3606.65
623.961,3459.65
624.081,3563.65
624.201,3537.65
624.32,3525.65
624.44,3424.65
624.56,3624.65
624.68,3470.65
624.799,3481.65
624.919,3451.65
625.039,3502.65
625.159,3389.65
625.278,3530.65
625.398,3497.65
625.518,3466.65
625.637,3384.65
625.757,3361.65
625.876,3433.65
625.996,3463.65
626.115,3384.65
626.235,3495.65
626.354,3369.65
626.474,3407.65
626.594,3326.65
626.713,3367.65
626.832,3458.65
626.952,3355.65
627.071,3414.65
627.191,3360.65
627.31,3374.65
627.429,3390.65
627.549,3338.65
627.668,3449.65
627.787,3417.65
627.907,3376.65
628.026,3342.65
628.145,3422.65
628.264,3493.65
628.384,3437.65
628.503,3282.65
628.622,3482.65
628.741,3398.65
628.86,3355.65
628.98,3347.65
629.099,3402.65
629.218,3408.65
629.337,3455.65
629.456,3336.65
629.575,3360.65
629.694,3404.65
629.813,3371.65
629.932,3312.65
630.051,3363.65
630.17,3363.65
630.289,3266.65
630.408,3352.65
630.527,3329.65
630.646,3314.65
630.764,3264.65
630.883,3354.65
631.002,3272.65
631.121,3341.65
631.24,3328.65
631.359,3288.65
631.477,3312.65
631.596,3390.65
631.715,3271.65
631.834,3282.65
631.952,3317.65
632.071,3303.65
632.19,3209.65
632.308,3284.65
632.427,3346.65
632.546,3229.65
632.664,3244.65
632.783,3385.65
632.901,3195.65
633.02,3168.65
633.138,3179.65
633.257,3221.65
633.375,3293.65
633.494,3260.65
633.612,3321.65
633.731,3236.65
633.849,3209.65
633.968,3135.65
634.086,3184.65
634.204,3299.65
634.323,3204.65
634.441,3119.65
634.559,3210.65
634.678,3185.65
634.796,3206.65
634.914,3200.65
635.032,3112.65
635.151,3137.65
635.269,3273.65
635.387,3210.65
635.505,3083.65
635.623,3253.65
635.742,3143.65
635.86,3115.65
635.978,3224.65
636.096,3108.65
636.214,3097.65
636.332,3100.65
636.45,3126.65
636.568,3019.65
636.686,3207.65
636.804,3167.65
636.922,3100.65
637.04,3206.65
637.158,3204.65
637.276,3158.65
637.394,3160.65
637.512,3157.65
637.629,3110.65
637.747,3042.65
637.865,3268.65
637.983,3143.65
638.101,3131.65
638.218,3137.65
638.336,3178.65
638.454,3125.65
638.572,3208.65
638.689,3156.65
638.807,3107.65
638.925,3051.65
639.042,3107.65
639.16,3163.65
639.278,3076.65
639.395,3082.65
639.513,3158.65
639.63,3214.65
639.748,3156.65
639.865,3171.65
639.983,3191.65
640.1,3102.65
640.218,3099.65
640.335,3055.65
640.453,3086.65
640.57,3132.65
640.688,3076.65
640.805,3024.65
640.922,3084.65
641.04,3107.65
641.157,3108.65
641.274,3119.65
641.391,3067.65
641.509,3144.65
641.626,3086.65
641.743,3029.65
641.86,3140.65
641.978,2984.65
642.095,2974.65
642.212,3073.65
642.329,3053.65
642.446,3068.65
642.563,3080.65
642.681,3063.65
642.798,3109.65
642.915,3077.65
643.032,3055.65
643.149,3168.65
643.266,3062.65
643.383,2961.65
643.5,3009.65
643.617,3034.65
643.734,3105.65
643.85,3098.65
643.967,3105.65
644.084,3147.65
644.201,3080.65
644.318,3047.65
644.435,3161.65
644.552,3103.65
644.668,3142.65
644.785,3158.65
644.902,3226.65
645.019,3081.65
645.135,3098.65
645.252,3107.65
645.369,3198.65
645.485,3112.65
645.602,3225.65
645.719,3146.65
645.835,3218.65
645.952,3239.65
646.068,3176.65
646.185,3173.65
646.302,3213.65
646.418,3242.65
646.535,3204.65
646.651,3191.65
646.768,3111.65
646.884,3235.65
647.0,3319.65
647.117,3266.65
647.233,3350.65
647.35,3262.65
647.466,3288.65
647.582,3272.65
647.699,3297.65
647.815,3366.65
647.931,3372.65
648.047,3405.65
648.164,3415.65
648.28,3481.65
648.396,3357.65
648.512,3407.65
648.629,3405.65
648.745,3382.65
648.861,3351.65
648.977,3441.65
649.093,3312.65
649.209,3431.65
649.325,3312.65
649.441,3402.65
649.557,3425.65
649.673,3516.65
649.789,3384.65
649.905,3486.65
650.021,3481.65
650.137,3335.65
650.253,3326.65
650.369,3529.65
650.485,3345.65
650.601,3429.65
650.717,3388.65
650.833,3504.65
650.948,3445.65
651.064,3489.65
651.18,3477.65
651.296,3576.65
651.411,3593.65
651.527,3529.65
651.643,3529.65
651.759,3541.65
651.874,3574.65
651.99,3719.65
652.105,3663.65
652.221,3625.65
652.337,3685.65
652.452,3702.65
652.568,3714.65
652.683,3738.65
652.799,3799.65
652.914,3865.65
653.03,3891.65
653.145,3740.65
653.261,3854.65
653.376,3988.6499999999996
653.492,4145.65
653.607,4090.6499999999996
653.722,4054.6499999999996
653.838,4172.65
653.953,4289.65
654.068,4305.65
654.184,4310.65
654.299,4449.65
654.414,4554.65
654.53,4595.65
654.645,4623.65
654.76,4754.65
654.875,4883.65
654.99,4988.65
655.106,5106.65
655.221,5132.65
655.336,5414.65
655.451,5586.65
655.566,5556.65
655.681,5900.65
655.796,6186.65
655.911,6522.65
656.026,6690.65
656.141,7041.65
656.256,7225.65
656.371,7386.65
656.486,7392.65
656.601,7216.65
656.716,6913.65
656.831,6669.65
656.946,6636.65
657.06,6386.65
657.175,6131.65
657.29,6049.65
657.405,5825.65
657.52,5708.65
657.634,5565.65
657.749,5448.65
657.864,5373.65
657.979,5097.65
658.093,5167.65
658.208,5083.65
658.323,4829.65
658.437,4723.65
658.552,4671.65
658.666,4614.65
658.781,4648.65
658.895,4517.65
659.01,4508.65
659.125,4318.65
659.239,4332.65
659.353,4304.65
659.468,4255.65
659.582,4096.65
659.697,4131.65
659.811,4100.65
659.926,4094.6499999999996
660.04,4018.6499999999996
660.154,3897.6499999999996
660.269,3896.6499999999996
660.383,3802.65
660.497,3829.65
660.612,3912.6499999999996
660.726,3823.65
660.84,3845.65
660.954,3781.65
661.068,3729.65
661.183,3726.65
661.297,3706.65
661.411,3571.65
661.525,3625.65
661.639,3635.65
661.753,3540.65
661.867,3533.65
661.981,3422.65
662.095,3419.65
662.209,3322.65
662.323,3276.65
662.437,3241.65
662.551,3196.65
662.665,3128.65
662.779,3317.65
662.893,3255.65
663.007,3201.65
663.121,3143.65
663.235,3206.65
663.349,3057.65
663.462,3050.65
663.576,3027.65
663.69,3046.65
663.804,3084.65
663.917,3031.65
664.031,2968.65
664.145,3012.65
664.258,2974.65
664.372,2877.65
664.486,2928.65
664.599,2852.65
664.713,2910.65
664.827,2943.65
664.94,2795.65
665.054,2957.65
665.167,2891.65
665.281,2825.65
665.394,2804.65
665.508,2848.65
665.621,2723.65
665.735,2874.65
665.848,2829.65
665.961,2842.65
666.075,2878.65
666.188,2746.65
666.301,2751.65
666.415,2745.65
666.528,2705.65
666.641,2807.65
666.755,2824.65
666.868,2762.65
666.981,2763.65
667.094,2689.65
667.207,2608.65
667.321,2670.65
667.434,2694.65
667.547,2616.65
667.66,2705.65
667.773,2623.65
667.886,2710.65
667.999,2652.65
668.112,2611.65
668.225,2595.65
668.338,2672.65
668.451,2612.65
668.564,2629.65
668.677,2582.65
668.79,2588.65
668.903,2576.65
669.016,2700.65
669.129,2565.65
669.242,2514.65
669.354,2512.65
669.467,2397.65
669.58,2514.65
669.693,2611.65
669.806,2534.65
669.918,2460.65
670.031,2449.65
670.144,2468.65
670.256,2456.65
670.369,2359.65
670.482,2342.65
670.594,2413.65
670.707,2420.65
670.82,2475.65
670.932,2450.65
671.045,2467.65
671.157,2445.65
671.27,2353.65
671.382,2428.65
671.495,2345.65
671.607,2406.65
671.72,2427.65
671.832,2393.65
671.944,2405.65
672.057,2413.65
672.169,2414.65
672.281,2418.65
672.394,2333.65
672.506,2367.65
672.618,2431.65
672.731,2427.65
672.843,2343.65
672.955,2411.65
673.067,2432.65
673.18,2362.65
673.292,2370.65
673.404,2242.65
673.516,2402.65
673.628,2375.65
673.74,2366.65
673.852,2238.65
673.964,2389.65
674.076,2290.65
674.188,2358.65
674.3,2325.65
674.412,2264.65
674.524,2299.65
674.636,2282.65
674.748,2252.65
674.86,2269.65
674.972,2256.65
675.084,2304.65
675.196,2283.65
675.307,2333.65
675.419,2213.65
675.531,2240.65
675.643,2236.65
675.755,2236.65
675.866,2249.65
675.978,2313.65
676.09,2248.65
676.201,2289.65
676.313,2249.65
676.425,2251.65
676.536,2299.65
676.648,2197.65
676.759,2233.65
676.871,2229.65
676.983,2196.65
677.094,2260.65
677.206,2187.65
677.317,2203.65
677.429,2183.65
677.54,2247.65
677.651,2155.65
677.763,2284.65
677.874,2168.65
677.986,2194.65
678.097,2120.65
678.208,2100.65
678.32,2086.65
678.431,2164.65
678.542,2181.65
678.653,2137.65
678.765,2101.65
678.876,2214.65
678.987,2207.65
679.098,2113.65
679.209,2075.65
679.32,2035.65
679.432,2148.65
679.543,2138.65
679.654,2007.65
679.765,2168.65
679.876,2158.65
679.987,2101.65
680.098,2113.65
680.209,2062.65
680.32,2100.65
680.431,2094.65
680.542,2123.65
680.653,2167.65
680.763,2147.65
680.874,2125.65
680.985,2144.65
681.096,2112.65
681.207,2064.65
681.318,2154.65
681.428,2115.65
681.539,2077.65
681.65,2174.65
681.76,2073.65
681.871,2116.65
681.982,2034.65
682.093,2061.65
682.203,2067.65
682.314,2027.65
682.424,2087.65
682.535,2112.65
682.646,2059.65
682.756,2032.65
682.867,2042.65
682.977,2026.65
683.088,2064.65
683.198,2050.65
683.308,2067.65
683.419,2056.65
683.529,2032.65
683.64,2044.65
683.75,2051.65
683.86,2134.65
683.971,1984.65
684.081,2039.65
684.191,2035.65
684.301,1940.65
684.412,2079.65
684.522,2053.65
684.632,1980.65
684.742,2058.65
684.852,2019.65
684.963,2024.65
685.073,2045.65
685.183,2102.65
685.293,1997.65
685.403,1930.65
685.513,2067.65
685.623,2051.65
685.733,2002.65
685.843,2081.65
685.953,2029.65
686.063,2056.65
686.173,2042.65
686.283,2017.65
686.393,2093.65
686.503,1989.65
686.612,1998.65
686.722,1981.65
686.832,2121.65
686.942,2023.65
687.052,2019.65
687.161,2038.65
687.271,2035.65
687.381,2091.65
687.491,1982.65
687.6,2032.65
687.71,2070.65
687.82,2018.65
687.929,1942.65
688.039,2075.65
688.148,2025.65
688.258,1991.65
688.367,2003.65
688.477,2035.65
688.586,1978.65
688.696,2045.65
688.805,2048.65
688.915,2000.65
689.024,2008.65
689.134,2029.65
689.243,1989.65
689.352,1964.65
689.462,2007.65
689.571,1962.65
689.68,2057.65
689.79,2049.65
689.899,2031.65
690.008,1980.65
690.117,2078.65
690.227,2013.65
690.336,2005.65
690.445,1972.65
690.554,1986.65
690.663,1986.65
690.772,1997.65
690.881,2043.65
690.99,1954.65
691.099,1979.65
691.209,1958.65
691.318,1945.65
691.427,1980.65
691.536,1984.65
691.644,1970.65
691.753,1951.65
691.862,1899.65
691.971,1972.65
692.08,1954.65
692.189,2027.65
692.298,1930.65
692.406,1974.65
692.515,1994.65
692.624,1963.65
692.733,1966.65
692.842,2001.65
692.95,1938.65
693.059,1936.65
693.168,1996.65
693.276,1936.65
693.385,1985.65
693.494,1843.65
693.602,1948.65
693.711,1968.65
693.819,1946.65
693.928,1991.65
694.036,1896.65
694.145,1960.65
694.253,1948.65
694.362,1943.65
694.47,1934.65
694.579,1985.65
694.687,2015.65
694.795,1915.65
694.904,1954.65
695.012,1934.65
695.12,1897.65
695.229,1952.65
695.337,2006.65
695.445,1861.65
695.553,1958.65
695.662,1951.65
695.77,1916.65
695.878,1958.65
695.986,1861.65
696.094,1860.65
696.202,1952.65
696.31,1930.65
696.419,1851.65
696.527,1929.65
696.635,2002.65
696.743,1950.65
696.851,1935.65
696.959,1992.65
697.067,1901.65
697.174,1966.65
697.282,1930.65
697.39,1884.65
697.498,1951.65
697.606,1919.65
697.714,1873.65
697.822,1913.65
697.929,1997.65
698.037,1892.65
698.145,1806.65
698.253,1907.65
698.36,1951.65
698.468,2013.65
698.576,1931.65
698.683,1958.65
698.791,1960.65
698.899,1822.65
699.006,1975.65
699.114,1862.65
699.221,1971.65
699.329,1883.65
699.436,1906.65
699.544,1896.65
699.651,1825.65
699.759,1924.65
699.866,1886.65
699.974,1880.65
700.081,1864.65
700.188,1887.65
700.296,1927.65
700.403,1884.65
700.51,1888.65
700.618,1935.65
700.725,1814.65
700.832,1846.65
700.94,1825.65
701.047,1876.65
701.154,1832.65
701.261,1864.65
701.368,1858.65
701.475,1961.65
701.582,1830.65
701.69,1949.65
701.797,1839.65
701.904,1892.65
702.011,1915.65
702.118,1891.65
702.225,1813.65
702.332,1906.65
702.439,1805.65
702.546,1888.65
702.652,1812.65
702.759,1781.65
702.866,1878.65
702.973,1825.65
703.08,1883.65
703.187,1825.65
703.294,1855.65
703.4,1689.65
694.693,3212.875
694.893,3739.875
695.093,3673.875
695.293,3690.875
695.492,3547.875
695.692,3641.875
695.891,3746.875
696.091,3681.875
696.291,3789.875
696.49,3758.875
696.69,3833.875
696.889,3773.875
697.089,3851.875
697.288,3795.875
697.488,3880.875
697.687,3653.875
697.887,3903.875
698.086,3746.875
698.286,3822.875
698.485,3824.875
698.684,3881.875
698.884,3778.875
699.083,3845.875
699.282,3954.875
699.482,4006.8749999999995
699.681,3857.875
699.88,3913.875
700.08,3897.875
700.279,4009.8749999999995
700.478,3939.8749999999995
700.677,3901.875
700.877,4015.8749999999995
701.076,3965.8749999999995
701.275,4041.8749999999995
701.474,3952.875
701.673,3999.8749999999995
701.872,3966.8749999999995
702.071,4043.8749999999995
702.271,3997.8749999999995
702.47,4075.8749999999995
702.669,3912.875
702.868,4054.8749999999995
703.067,4034.8749999999995
703.266,4159.875
703.465,4028.8749999999995
703.664,4078.8749999999995
703.863,4013.8749999999995
704.062,4033.8749999999995
704.26,3998.8749999999995
704.459,4010.8749999999995
704.658,4021.8749999999995
704.857,4107.875
705.056,4105.875
705.255,4135.875
705.454,3951.875
705.652,4065.8749999999995
705.851,4108.875
706.05,4087.8749999999995
706.249,4148.875
706.447,4240.875
706.646,4163.875
706.845,4300.875
707.043,4240.875
707.242,4162.875
707.441,4200.875
707.639,4176.875
707.838,4203.875
708.037,4237.875
708.235,4247.875
708.434,4178.875
708.632,4273.875
708.831,4282.875
709.029,4241.875
709.228,4330.875
709.426,4198.875
709.625,4303.875
709.823,4185.875
710.022,4281.875
710.22,4372.875
710.418,4305.875
710.617,4522.875
710.815,4413.875
711.013,4321.875
711.212,4431.875
711.41,4375.875
711.608,4294.875
711.807,4399.875
712.005,4449.875
712.203,4368.875
712.401,4520.875
712.599,4360.875
712.798,4580.875
712.996,4377.875
713.194,4498.875
713.392,4530.875
713.59,4542.875
713.788,4629.875
713.986,4735.875
714.184,4676.875
714.382,4620.875
714.58,4638.875
714.778,4789.875
714.976,4688.875
715.174,4904.875
715.372,5013.875
715.57,5410.875
715.768,5739.875
715.966,5780.875
716.164,5621.875
716.362,5543.875
716.56,5525.875
716.758,5276.875
716.955,5188.875
717.153,5083.875
717.351,5120.875
717.549,5017.875
717.746,4935.875
717.944,5034.875
718.142,5014.875
718.34,4988.875
718.537,5013.875
718.735,5040.875
718.933,4944.875
719.13,5010.875
719.328,5063.875
719.525,4927.875
719.723,4889.875
719.92,4895.875
720.118,4988.875
720.316,4878.875
720.513,5010.875
720.711,4925.875
720.908,4978.875
721.105,5040.875
721.303,4936.875
721.5,4991.875
721.698,4963.875
721.895,4978.875
722.092,5077.875
722.29,4937.875
722.487,4824.875
722.684,4890.875
722.882,4872.875
723.079,4971.875
723.276,4857.875
723.473,4956.875
723.671,5072.875
723.868,4886.875
724.065,5050.875
724.262,4981.875
724.459,5158.875
724.656,5006.875
724.854,5068.875
725.051,5132.875
725.248,5141.875
725.445,5057.875
725.642,5040.875
725.839,5012.875
726.036,5156.875
726.233,5091.875
726.43,5187.875
726.627,5023.875
726.824,5145.875
727.021,5156.875
727.218,5062.875
727.414,5206.875
727.611,5202.875
727.808,5125.875
728.005,5126.875
728.202,5158.875
728.399,5237.875
728.595,5086.875
728.792,5239.875
728.989,5269.875
729.186,5346.875
729.382,5235.875
729.579,5206.875
729.776,5146.875
729.972,5259.875
730.169,5252.875
730.366,5290.875
730.562,5282.875
730.759,5248.875
730.955,5298.875
731.152,5231.875
731.348,5352.875
731.545,5292.875
731.741,5320.875
731.938,5405.875
732.134,5322.875
732.331,5305.875
732.527,5413.875
732.724,5305.875
732.92,5235.875
733.116,5354.875
733.313,5357.875
733.509,5329.875
733.705,5309.875
733.902,5298.875
734.098,5433.875
734.294,5293.875
734.49,5307.875
734.687,5433.875
734.883,5190.875
735.079,5379.875
735.275,5295.875
735.471,5326.875
735.667,5467.875
735.863,5433.875
736.06,5384.875
736.256,5542.875
736.452,5507.875
736.648,5544.875
736.844,5469.875
737.04,5468.875
737.236,5543.875
737.432,5650.875
737.628,5605.875
737.824,5435.875
738.019,5520.875
738.215,5620.875
738.411,5633.875
738.607,5661.875
738.803,5736.875
738.999,5737.875
739.195,5628.875
739.39,5709.875
739.586,5675.875
739.782,5729.875
739.978,5829.875
740.173,5683.875
740.369,5799.875
740.565,5890.875
740.76,5939.875
740.956,5847.875
741.152,5892.875
741.347,6078.875
741.543,6128.875
741.738,6192.875
741.934,6364.875
742.129,6909.875
742.325,7701.875
742.52,8508.875
742.716,7839.875
742.911,7668.875
743.107,7291.875
743.302,7221.875
743.498,7224.875
743.693,7486.875
743.888,7707.875
744.084,8964.875
744.279,11165.875
744.474,11365.875
744.67,9919.875
744.865,9106.875
745.06,8565.875
745.255,8213.875
745.451,7967.875
745.646,7810.875
745.841,7652.875
746.036,7717.875
746.231,8035.875
746.426,8440.875
746.622,9938.875
746.817,13021.875
747.012,15107.875
747.207,12998.875
747.402,11568.875
747.597,10587.875
747.792,10017.875
747.987,9718.875
748.182,9159.875
748.377,8681.875
748.572,8480.875
748.767,8111.875
748.961,7690.875
749.156,7600.875
749.351,7397.875
749.546,7315.875
749.741,7168.875
749.936,7024.875
750.13,7030.875
750.325,6971.875
750.52,6920.875
750.715,6755.875
750.909,6810.875
751.104,6683.875
751.299,6692.875
751.493,6649.875
751.688,6740.875
751.882,6677.875
752.077,6526.875
752.272,6531.875
752.466,6529.875
752.661,6365.875
752.855,6235.875
753.05,6281.875
753.244,6238.875
753.439,6187.875
753.633,6223.875
753.828,6134.875
754.022,6079.875
754.216,6200.875
754.411,6202.875
754.605,6022.875
754.799,6199.875
754.994,5954.875
755.188,6104.875
755.382,6038.875
755.576,6176.875
755.771,5974.875
755.965,6030.875
756.159,6128.875
756.353,6094.875
756.547,6090.875
756.742,6037.875
756.936,6022.875
757.13,6077.875
757.324,5997.875
757.518,6050.875
757.712,6041.875
757.906,6103.875
758.1,6063.875
758.294,6025.875
758.488,6074.875
758.682,6039.875
758.876,6086.875
759.07,6028.875
759.264,5965.875
759.458,5881.875
759.651,5958.875
759.845,5965.875
760.039,6023.875
760.233,6093.875
760.427,5983.875
760.62,5901.875
760.814,6005.875
761.008,5888.875
761.202,6005.875
761.395,5838.875
761.589,5933.875
761.783,5883.875
761.976,6085.875
762.17,6019.875
762.363,6026.875
762.557,6069.875
762.75,6030.875
762.944,6129.875
763.138,6050.875
763.331,6101.875
763.524,6135.875
763.718,6212.875
763.911,6141.875
764.105,6153.875
764.298,6159.875
764.492,6074.875
764.685,6111.875
764.878,5915.875
765.072,6181.875
765.265,6064.875
765.458,6213.875
765.651,6114.875
765.845,6166.875
766.038,6231.875
766.231,6768.875
766.424,9375.875
766.617,9570.875
766.811,6665.875
767.004,6268.875
767.197,6318.875
767.39,6216.875
767.583,6248.875
767.776,6355.875
767.969,6225.875
768.162,6401.875
768.355,6255.875
768.548,6300.875
768.741,6388.875
768.934,6347.875
769.127,6409.875
769.32,6426.875
769.513,6578.875
769.706,7207.875
769.898,9390.875
770.091,7927.875
770.284,6687.875
770.477,6605.875
770.67,6686.875
770.862,6662.875
771.055,6640.875
771.248,6932.875
771.441,6755.875
771.633,6828.875
771.826,6979.875
772.018,7082.875
772.211,7134.875
772.404,7184.875
772.596,6989.875
772.789,7302.875
772.981,7360.875
773.174,7281.875
773.366,7434.875
773.559,7553.875
773.751,7630.875
773.944,7819.875
774.136,7971.875
774.329,8204.875
774.521,8309.875
774.713,8520.875
774.906,8916.875
775.098,9170.875
775.29,9658.875
775.483,10169.875
775.675,10574.875
775.867,11523.875
776.059,12492.875
776.251,13726.875
776.444,15493.875
776.636,18312.875
776.828,23296.875
777.02,33567.873
777.212,50259.873
777.404,56193.873
777.596,51793.873
777.788,38026.873
777.98,28524.875
778.172,23234.875
778.364,19515.875
778.556,17225.875
778.748,15271.875
778.94,14184.875
779.132,12819.875
779.324,12032.875
779.516,11109.875
779.708,10498.875
779.9,10021.875
780.091,9530.875
780.283,9062.875
780.475,8875.875
780.667,8575.875
780.859,8353.875
781.05,7891.875
781.242,7823.875
781.434,7812.875
781.625,7436.875
781.817,7531.875
782.008,7410.875
782.2,7220.875
782.392,7106.875
782.583,7016.875
782.775,6838.875
782.966,6880.875
783.158,6890.875
783.349,6591.875
783.541,6738.875
783.732,6634.875
783.924,6662.875
784.115,6572.875
784.306,6592.875
784.498,6425.875
784.689,6391.875
784.88,6540.875
785.072,6242.875
785.263,6389.875
785.454,6225.875
785.645,6284.875
785.837,6246.875
786.028,6293.875
786.219,6237.875
786.41,6177.875
786.601,6214.875
786.792,6045.875
786.984,6277.875
787.175,6227.875
787.366,6209.875
787.557,6316.875
787.748,6279.875
787.939,6283.875
788.13,6212.875
788.321,6279.875
788.512,6433.875
788.703,6406.875
788.894,6360.875
789.084,6311.875
789.275,6418.875
789.466,6447.875
789.657,6456.875
789.848,6463.875
790.039,6472.875
790.229,6521.875
790.42,6506.875
790.611,6334.875
790.801,6516.875
790.992,6385.875
791.183,6437.875
791.373,6408.875
791.564,6377.875
791.755,6334.875
791.945,6577.875
792.136,6423.875
792.326,6465.875
792.517,6457.875
792.707,6299.875
792.898,6567.875
793.088,6594.875
793.279,6543.875
793.469,6691.875
793.66,6706.875
793.85,6928.875
794.04,7152.875
794.231,7694.875
794.421,7990.875
794.611,9124.875
794.802,10701.875
794.992,11350.875
795.182,11694.875
795.372,10756.875
795.563,9479.875
795.753,8793.875
795.943,8272.875
796.133,7632.875
796.323,7419.875
796.513,7086.875
796.703,7017.875
796.893,6721.875
797.083,6571.875
797.273,6542.875
797.463,6297.875
797.653,6233.875
797.843,6305.875
798.033,6226.875
798.223,5920.875
798.413,5933.875
798.603,5887.875
798.793,5611.875
798.983,5656.875
799.172,5773.875
799.362,5715.875
799.552,5562.875
799.742,5546.875
799.932,5558.875
800.121,5689.875
800.311,5472.875
800.501,5543.875
800.69,5561.875
800.88,5460.875
801.07,5379.875
801.259,5408.875
801.449,5486.875
801.638,5633.875
801.828,5527.875
802.017,5582.875
802.207,5410.875
802.396,5358.875
802.586,5313.875
802.775,5336.875
802.965,5292.875
803.154,5172.875
803.343,5223.875
803.533,5313.875
803.722,5183.875
803.911,5330.875
804.101,5236.875
804.29,5306.875
804.479,5243.875
804.668,5180.875
804.857,5081.875
805.047,5187.875
805.236,5173.875
805.425,5106.875
805.614,5243.875
805.803,5271.875
805.992,5236.875
806.181,5145.875
806.37,5098.875
806.559,5294.875
806.748,5230.875
806.937,5167.875
807.126,5239.875
807.315,5204.875
807.504,5370.875
807.693,5238.875
807.882,5174.875
808.071,5164.875
808.26,5314.875
808.448,5384.875
808.637,5320.875
808.826,5337.875
809.015,5236.875
809.203,5273.875
809.392,5244.875
809.581,5368.875
809.77,5269.875
809.958,5463.875
810.147,5255.875
810.335,5371.875
810.524,5536.875
810.713,5707.875
810.901,5682.875
811.09,5588.875
811.278,5648.875
811.467,5881.875
811.655,5976.875
811.844,5960.875
812.032,6039.875
812.22,5905.875
812.409,5907.875
812.597,5923.875
812.785,5985.875
812.974,6110.875
813.162,6103.875
813.35,6158.875
813.539,6164.875
813.727,6235.875
813.915,6205.875
814.103,6218.875
814.291,6462.875
814.479,6479.875
814.668,6502.875
814.856,6721.875
815.044,6672.875
815.232,6965.875
815.42,6990.875
815.608,7152.875
815.796,7301.875
815.984,7397.875
816.172,7579.875
816.36,7858.875
816.548,8212.875
816.736,8497.875
816.924,8885.875
817.111,9354.875
817.299,9945.875
817.487,10814.875
817.675,12309.875
817.863,14461.875
818.05,20454.875
818.238,36799.873
818.426,51450.873
818.613,37775.873
818.801,30217.875
818.989,28718.875
819.176,30916.875
819.364,44654.873
819.552,60634.873
819.739,46987.873
819.927,33705.873
820.114,27066.875
820.302,23488.875
820.489,21042.875
820.677,19220.875
820.864,18123.875
821.052,18080.875
821.239,18357.875
821.426,18921.875
821.614,22496.875
821.801,23852.875
821.988,20657.875
822.176,19757.875
822.363,19959.875
822.55,18450.875
822.737,16274.875000000002
822.924,14995.875
823.112,14135.875
823.299,13288.875
823.486,12430.875
823.673,11919.875
823.86,11404.875
824.047,11814.875
824.234,13077.875
824.421,13256.875
824.608,11662.875
824.795,10501.875
824.982,9760.875
825.169,9245.875
825.356,8822.875
825.543,8391.875
825.73,7823.875
825.917,7602.875
826.104,7493.875
826.29,7292.875
826.477,6976.875
826.664,6856.875
826.851,6690.875
827.038,6585.875
827.224,6554.875
827.411,6337.875
827.598,6188.875
827.784,6121.875
827.971,6033.875
828.157,5833.875
828.344,5755.875
828.531,5751.875
828.717,5515.875
828.904,5525.875
829.09,5553.875
829.277,5316.875
829.463,5160.875
829.65,5122.875
829.836,5195.875
830.022,5037.875
830.209,5147.875
830.395,4988.875
830.581,4987.875
830.768,4908.875
830.954,4843.875
831.14,4842.875
831.327,4751.875
831.513,4828.875
831.699,4670.875
831.885,4618.875
832.071,4593.875
832.257,4556.875
832.444,4507.875
832.63,4419.875
832.816,4471.875
833.002,4455.875
833.188,4359.875
833.374,4296.875
833.56,4382.875
833.746,4338.875
833.932,4242.875
834.118,4320.875
834.303,4240.875
834.489,4246.875
834.675,4179.875
834.861,4202.875
835.047,4166.875
835.233,4196.875
835.418,4166.875
835.604,4194.875
835.79,4137.875
835.976,4064.8749999999995
836.161,4050.8749999999995
836.347,3897.875
836.533,4034.8749999999995
836.718,3959.8749999999995
836.904,4028.8749999999995
837.089,4009.8749999999995
837.275,3877.875
837.46,3904.875
837.646,3852.875
837.831,4078.8749999999995
838.017,4017.8749999999995
838.202,3861.875
838.388,4019.8749999999995
838.573,3957.8749999999995
838.759,3858.875
838.944,3911.875
839.129,3897.875
839.315,3946.875
839.5,3925.875
839.685,3889.875
839.87,3916.875
840.056,3915.875
840.241,3899.875
840.426,4065.8749999999995
840.611,4053.8749999999995
840.796,4028.8749999999995
840.981,4110.875
841.166,4160.875
841.352,4163.875
841.537,4131.875
841.722,4162.875
841.907,4162.875
842.092,4326.875
842.277,4350.875
842.461,4340.875
842.646,4625.875
842.831,4560.875
843.016,4717.875
843.201,4905.875
843.386,5161.875
843.571,5187.875
843.755,5593.875
843.94,6027.875
844.125,7011.875
844.31,8359.875
844.494,11078.875
844.679,15807.875
844.864,15644.875
845.048,12304.875
845.233,10122.875
845.418,8602.875
845.602,7734.875
845.787,6903.875
845.971,6352.875
846.156,5806.875
846.34,5633.875
846.525,5351.875
846.709,5136.875
846.893,4917.875
847.078,4588.875
847.262,4385.875
847.447,4488.875
847.631,4271.875
847.815,4185.875
848.0,4059.8749999999995
848.184,4093.8749999999995
848.368,4047.8749999999995
848.552,3972.875
848.736,3773.875
848.921,3824.875
849.105,3853.875
849.289,3674.875
849.473,3729.875
849.657,3635.875
849.841,3724.875
850.025,3545.875
850.209,3507.875
850.393,3571.875
850.577,3530.875
850.761,3455.875
850.945,3409.875
851.129,3410.875
851.313,3334.875
851.497,3406.875
851.68,3274.875
851.864,3345.875
852.048,3418.875
852.232,3335.875
852.416,3387.875
852.599,3410.875
852.783,3285.875
852.967,3308.875
853.15,3342.875
853.334,3384.875
853.518,3298.875
853.701,3347.875
853.885,3305.875
854.068,3213.875
854.252,3177.875
854.435,3306.875
854.619,3136.875
854.802,3285.875
854.986,3191.875
855.169,3141.875
855.353,3216.875
855.536,3240.875
855.719,3297.875
855.903,3368.875
856.086,3363.875
856.269,3412.875
856.452,3455.875
856.636,3605.875
856.819,3983.8749999999995
857.002,3908.875
857.185,3931.875
857.368,3778.875
857.552,3511.875
857.735,3562.875
857.918,3506.875
858.101,3662.875
858.284,3647.875
858.467,3608.875
858.65,3772.875
858.833,3741.875
859.016,3906.875
859.199,4020.8749999999995
859.382,4474.875
859.564,5060.875
859.747,4917.875
859.93,4559.875
860.113,4324.875
860.296,4164.875
860.478,4046.8749999999995
860.661,3947.8749999999995
860.844,3980.8749999999995
861.027,3910.875
861.209,3883.875
861.392,3870.875
861.575,3894.875
861.757,3830.875
861.94,3933.8749999999995
862.122,4084.8749999999995
862.305,4208.875
862.487,4363.875
862.67,4785.875
862.852,5767.875
863.035,7207.875
863.217,6881.875
863.4,6246.875
863.582,5779.875
863.764,5280.875
863.947,5150.875
864.129,4873.875
864.311,4712.875
864.493,4618.875
864.676,4720.875
864.858,4515.875
865.04,4483.875
865.222,4405.875
865.404,4589.875
865.587,4885.875
865.769,5090.875
865.951,5170.875
866.133,5101.875
866.315,5025.875
866.497,5115.875
866.679,5350.875
866.861,5402.875
867.043,5641.875
867.225,6001.875
867.407,6564.875
867.589,7701.875
867.77,9496.875
867.952,13459.875
868.134,17931.875
868.316,17959.875
868.498,16989.875
868.679,14588.875
868.861,12076.875
869.043,9938.875
869.224,8784.875
869.406,7727.875
869.588,7203.875
869.769,6854.875
869.951,6660.875
870.132,6841.875
870.314,7584.875
870.495,7940.875
870.677,7064.875
870.858,6752.875
871.04,7231.875
871.221,8168.875
871.403,7719.875
871.584,7001.875
871.765,6938.875
871.947,7596.875
872.128,6783.875
872.309,5900.875
872.491,5327.875
872.672,4938.875
872.853,4800.875
873.034,4678.875
873.215,4453.875
873.396,4114.875
873.578,3966.8749999999995
873.759,3963.8749999999995
873.94,3726.875
874.121,3555.875
874.302,3617.875
874.483,3427.875
874.664,3602.875
874.845,3689.875
875.026,3378.875
875.207,3205.875
875.388,3246.875
875.568,3055.875
875.749,3227.875
875.93,3090.875
876.111,3083.875
876.292,3067.875
876.472,3004.875
876.653,3008.875
876.834,2985.875
877.015,2894.875
877.195,2866.875
877.376,2821.875
877.556,2827.875
877.737,2819.875
877.918,2797.875
878.098,2796.875
878.279,2795.875
878.459,2758.875
878.64,2680.875
878.82,2745.875
879.0,2686.875
879.181,2698.875
879.361,2714.875
879.542,2696.875
879.722,2691.875
879.902,2777.875
880.083,2701.875
880.263,2901.875
880.443,2957.875
880.623,3710.875
880.803,4259.875
880.984,3597.875
881.164,3271.875
881.344,3005.875
881.524,3026.875
881.704,3116.875
881.884,3113.875
882.064,3304.875
882.244,3417.875
882.424,3150.875
882.604,3113.875
882.784,3031.875
882.964,2931.875
883.144,2831.875
883.324,2616.875
883.504,2721.875
883.683,2660.875
883.863,2590.875
884.043,2580.875
884.223,2567.875
884.402,2553.875
884.582,2594.875
884.762,2435.875
884.941,2405.875
885.121,2512.875
885.301,2491.875
885.48,2484.875
885.66,2426.875
885.839,2449.875
886.019,2523.875
886.198,2442.875
886.378,2476.875
886.557,2380.875
886.737,2355.875
886.916,2354.875
887.095,2399.875
887.275,2398.875
887.454,2435.875
887.633,2410.875
887.813,2321.875
887.992,2394.875
888.171,2322.875
888.35,2364.875
888.53,2355.875
888.709,2261.875
888.888,2333.875
889.067,2355.875
889.246,2313.875
889.425,2336.875
889.604,2311.875
889.783,2383.875
889.962,2322.875
890.141,2315.875
890.32,2300.875
890.499,2182.875
890.678,2346.875
890.857,2291.875
891.036,2246.875
891.214,2306.875
891.393,2312.875
891.572,2304.875
891.751,2312.875
891.93,2312.875
892.108,2237.875
892.287,2350.875
892.466,2268.875
892.644,2310.875
892.823,2350.875
893.001,2273.875
893.18,2181.875
893.359,2282.875
893.537,2285.875
893.716,2371.875
893.894,2299.875
894.073,2329.875
894.251,2264.875
894.429,2279.875
894.608,2306.875
894.786,2266.875
894.964,2337.875
895.143,2283.875
895.321,2302.875
895.499,2317.875
895.677,2255.875
895.856,2261.875
896.034,2376.875
896.212,2343.875
896.39,2301.875
896.568,2370.875
896.746,2313.875
896.924,2324.875
897.102,2332.875
897.28,2215.875
897.458,2265.875
897.636,2355.875
897.814,2384.875
897.992,2337.875
898.17,2362.875
898.348,2341.875
898.526,2372.875
898.704,2409.875
898.882,2339.875
899.059,2342.875
899.237,2305.875
899.415,2353.875
899.593,2401.875
899.77,2406.875
899.948,2334.875
900.125,2497.875
900.303,2485.875
900.481,2423.875
900.658,2503.875
900.836,2388.875
901.013,2449.875
901.191,2479.875
901.368,2504.875
901.546,2552.875
901.723,2612.875
901.901,2597.875
902.078,2770.875
902.255,2770.875
902.433,2782.875
902.61,2904.875
902.787,2803.875
902.964,2859.875
903.142,3021.875
903.319,2891.875
903.496,3056.875
903.673,3178.875
903.85,3220.875
904.027,3341.875
904.204,3558.875
904.381,3872.875
904.558,4619.875
904.735,5120.875
904.912,5107.875
905.089,5189.875
905.266,4653.875
905.443,4286.875
905.62,3936.8749999999995
905.797,3802.875
905.974,3703.875
906.151,3555.875
906.327,3652.875
906.504,3511.875
906.681,3416.875
906.858,3352.875
907.034,3234.875
907.211,3073.875
907.388,3050.875
907.564,2960.875
907.741,2914.875
907.917,2910.875
908.094,2777.875
908.271,2735.875
908.447,2659.875
908.623,2655.875
908.8,2772.875
908.976,2743.875
909.153,2748.875
909.329,2646.875
909.505,2574.875
909.682,2542.875
909.858,2492.875
910.034,2554.875
910.211,2567.875
910.387,2569.875
910.563,2486.875
910.739,2571.875
910.915,2500.875
911.091,2468.875
911.268,2463.875
911.444,2399.875
911.62,2458.875
911.796,2391.875
911.972,2464.875
912.148,2422.875
912.324,2494.875
912.5,2447.875
912.676,2484.875
912.851,2477.875
913.027,2482.875
913.203,2495.875
913.379,2442.875
913.555,2489.875
913.73,2405.875
913.906,2435.875
914.082,2420.875
914.258,2408.875
914.433,2399.875
914.609,2457.875
914.784,2488.875
914.96,2367.875
915.136,2457.875
915.311,2486.875
915.487,2359.875
915.662,2525.875
915.838,2414.875
916.013,2411.875
916.189,2342.875
916.364,2410.875
916.539,2415.875
916.715,2398.875
916.89,2424.875
917.065,2498.875
917.24,2410.875
917.416,2496.875
917.591,2379.875
917.766,2458.875
917.941,2410.875
918.116,2422.875
918.292,2517.875
918.467,2458.875
918.642,2461.875
918.817,2433.875
918.992,2525.875
919.167,2587.875
919.342,2493.875
919.517,2581.875
919.692,2493.875
919.867,2577.875
920.041,2576.875
920.216,2613.875
920.391,2705.875
920.566,2891.875
920.741,2853.875
920.915,2968.875
921.09,3163.875
921.265,3987.8749999999995
921.439,4522.875
921.614,3859.875
921.789,3585.875
921.963,3322.875
922.138,3198.875
922.312,3161.875
922.487,3134.875
922.661,3385.875
922.836,3794.875
923.01,3903.875
923.185,3405.875
923.359,3361.875
923.534,3239.875
923.708,3361.875
923.882,3592.875
924.057,3409.875
924.231,3321.875
924.405,3172.875
924.579,3045.875
924.753,3062.875
924.928,3121.875
925.102,3095.875
925.276,3021.875
925.45,3061.875
925.624,3239.875
925.798,3267.875
925.972,3486.875
926.146,3685.875
926.32,4115.875
926.494,4484.875
926.668,4646.875
926.842,4996.875
927.016,4825.875
927.19,4694.875
927.363,4501.875
927.537,4373.875
927.711,4244.875
927.885,4107.875
928.058,4005.8749999999995
928.232,3847.875
928.406,3793.875
928.579,3614.875
928.753,3580.875
928.927,3539.875
929.1,3484.875
929.274,3405.875
929.447,3317.875
929.621,3231.875
929.794,3206.875
929.968,3151.875
930.141,3161.875
930.315,2999.875
930.488,2992.875
930.661,2912.875
930.835,2808.875
931.008,2837.875
931.181,2824.875
931.354,2841.875
931.528,2747.875
931.701,2663.875
931.874,2625.875
932.047,2648.875
932.22,2639.875
932.393,2516.875
932.566,2528.875
932.739,2591.875
932.912,2517.875
933.085,2656.875
933.258,2539.875
933.431,2538.875
933.604,2506.875
933.777,2523.875
933.95,2559.875
934.123,2392.875
934.296,2484.875
934.468,2328.875
934.641,2378.875
934.814,2484.875
934.987,2427.875
935.159,2380.875
935.332,2383.875
935.505,2286.875
935.677,2373.875
935.85,2418.875
936.022,2433.875
936.195,2418.875
936.367,2343.875
936.54,2497.875
936.712,2382.875
936.885,2427.875
937.057,2461.875
937.229,2424.875
937.402,2499.875
937.574,2645.875
937.746,2656.875
937.919,2775.875
938.091,2900.875
938.263,3154.875
938.435,3423.875
938.608,3951.8749999999995
938.78,4732.875
938.952,4859.875
939.124,5034.875
939.296,5910.875
939.468,5970.875
939.64,5232.875
939.812,4504.875
939.984,4084.8749999999995
940.156,3878.875
940.328,3461.875
940.5,3293.875
940.672,3217.875
940.843,3085.875
941.015,2951.875
941.187,2949.875
941.359,2853.875
941.531,2927.875
941.702,2745.875
941.874,2576.875
942.046,2663.875
942.217,2621.875
942.389,2688.875
942.56,2469.875
942.732,2385.875
942.904,2354.875
943.075,2245.875
943.247,2380.875
943.418,2299.875
943.589,2327.875
943.761,2389.875
943.932,2309.875
944.104,2224.875
944.275,2152.875
944.446,2194.875
944.617,2253.875
944.789,2215.875
944.96,2113.875
945.131,2181.875
945.302,2133.875
945.473,2005.875
945.645,2150.875
945.816,2073.875
945.987,2197.875
946.158,2267.875
946.329,2247.875
946.5,2169.875
946.671,2115.875
946.842,2137.875
947.013,2108.875
947.183,2048.875
947.354,2007.875
947.525,2046.875
947.696,2007.875
947.867,2126.875
948.037,2066.875
948.208,2036.875
948.379,2076.875
948.55,1946.875
948.72,2016.875
948.891,1993.875
949.061,1927.875
949.232,1913.875
949.403,1940.875
949.573,1853.875
949.744,2009.875
949.914,1990.875
950.085,1999.875
950.255,1921.875
950.425,1921.875
950.596,1911.875
950.766,1944.875
950.936,1946.875
951.107,1895.875
951.277,1949.875
951.447,1848.875
951.617,1914.875
951.788,1955.875
951.958,1856.875
952.128,1799.875
952.298,1811.875
952.468,1953.875
952.638,1870.875
952.808,1854.875
952.978,1768.875
953.148,1786.875
953.318,1863.875
953.488,1857.875
953.658,1755.875
953.828,1719.875
953.998,1761.875
954.167,1844.875
954.337,1733.875
954.507,1676.875
954.677,1712.875
954.846,1757.875
955.016,1750.875
955.186,1765.875
955.355,1714.875
955.525,1735.875
955.695,1699.875
955.864,1596.875
956.034,1713.875
956.203,1656.875
956.373,1700.875
956.542,1642.875
956.711,1644.875
956.881,1677.875
957.05,1650.875
957.22,1586.875
957.389,1648.875
957.558,1625.875
957.727,1593.875
957.897,1654.875
958.066,1543.875
958.235,1622.875
958.404,1579.875
958.573,1573.875
958.743,1629.875
958.912,1534.875
959.081,1582.875
959.25,1576.875
959.419,1579.875
959.588,1641.875
959.757,1599.875
959.926,1660.875
960.094,1553.875
960.263,1590.875
960.432,1619.875
960.601,1596.875
960.77,1465.875
960.939,1577.875
961.107,1580.875
961.276,1512.875
961.445,1518.875
961.613,1599.875
961.782,1447.875
961.951,1542.875
962.119,1594.875
962.288,1555.875
962.456,1440.875
962.625,1558.875
962.793,1500.875
962.962,1498.875
963.13,1540.875
963.298,1588.875
963.467,1490.875
963.635,1578.875
963.803,1469.875
963.972,1560.875
964.14,1504.875
964.308,1564.875
964.477,1562.875
964.645,1555.875
964.813,1621.875
964.981,1536.875
965.149,1648.875
965.317,1542.875
965.485,1542.875
965.653,1627.875
965.821,1532.875
965.989,1529.875
966.157,1565.875
966.325,1597.875
966.493,1530.875
966.661,1551.875
966.829,1609.875
966.996,1505.875
967.164,1531.875
967.332,1533.875
967.5,1558.875
967.667,1515.875
967.835,1573.875
968.003,1498.875
968.17,1507.875
968.338,1586.875
968.505,1560.875
968.673,1517.875
968.841,1506.875
969.008,1506.875
969.175,1443.875
969.343,1564.875
969.51,1525.875
969.678,1530.875
969.845,1471.875
970.012,1564.875
970.18,1502.875
970.347,1491.875
970.514,1501.875
970.681,1470.875
970.849,1545.875
971.016,1521.875
971.183,1458.875
971.35,1517.875
971.517,1505.875
971.684,1429.875
971.851,1477.875
972.018,1492.875
972.185,1481.875
972.352,1547.875
972.519,1455.875
972.686,1523.875
972.853,1447.875
973.02,1409.875
973.186,1504.875
973.353,1468.875
973.52,1446.875
973.687,1454.875
973.853,1449.875
974.02,1509.875
974.187,1446.875
974.353,1473.875
974.52,1483.875
974.687,1497.875
974.853,1503.875
975.02,1493.875
975.186,1557.875
975.353,1434.875
975.519,1381.875
975.685,1424.875
975.852,1445.875
976.018,1467.875
976.184,1440.875
976.351,1391.875
976.517,1401.875
976.683,1395.875
976.849,1398.875
977.016,1444.875
977.182,1428.875
977.348,1449.875
977.514,1452.875
977.68,1476.875
977.846,1425.875
978.012,1397.875
978.178,1443.875
978.344,1412.875
978.51,1351.875
978.676,1363.875
978.842,1381.875
979.008,1310.875
979.174,1397.875
979.34,1408.875
979.505,1424.875
979.671,1403.875
979.837,1339.875
980.003,1415.875
980.168,1395.875
980.334,1470.875
980.499,1398.875
980.665,1368.875
980.831,1494.875
980.996,1488.875
981.162,1523.875
981.327,1481.875
981.493,1453.875
981.658,1476.875
981.823,1468.875
981.989,1480.875
982.154,1499.875
982.319,1505.875
982.485,1434.875
982.65,1514.875
982.815,1443.875
982.98,1486.875
983.146,1495.875
983.311,1455.875
983.476,1424.875
983.641,1522.875
983.806,1425.875
983.971,1478.875
984.136,1436.875
984.301,1540.875
984.466,1427.875
984.631,1467.875
984.796,1392.875
984.961,1390.875
985.126,1434.875
985.291,1380.875
985.455,1384.875
985.62,1374.875
985.785,1512.875
985.95,1422.875
986.114,1409.875
986.279,1394.875
986.444,1507.875
986.608,1417.875
986.773,1464.875
986.937,1553.875
987.102,1483.875
987.266,1492.875
987.431,1483.875
987.595,1457.875
987.76,1455.875
987.924,1470.875
988.088,1498.875
988.253,1422.875
988.417,1489.875
988.581,1434.875
988.746,1412.875
988.91,1427.875
989.074,1421.875
989.238,1407.875
989.402,1277.875
989.566,1381.875
989.731,1320.875
989.895,1393.875
990.059,1348.875
990.223,1309.875
990.387,1309.875
990.551,1495.875
990.714,1431.875
990.878,1347.875
991.042,1391.875
991.206,1443.875
991.37,1346.875
991.534,1380.875
991.697,1400.875
991.861,1420.875
992.025,1330.875
992.188,1313.875
992.352,1329.875
992.516,1351.875
992.679,1360.875
992.843,1384.875
993.006,1351.875
993.17,1405.875
993.333,1324.875
993.497,1273.875
993.66,1310.875
993.824,1402.875
993.987,1365.875
994.15,1322.875
994.314,1375.875
994.477,1343.875
994.64,1337.875
994.803,1381.875
994.967,1294.875
995.13,1322.875
995.293,1308.875
995.456,1331.875
995.619,1339.875
995.782,1384.875
995.945,1322.875
996.108,1326.875
996.271,1348.875
996.434,1382.875
996.597,1361.875
996.76,1376.875
996.923,1353.875
997.086,1355.875
997.248,1334.875
997.411,1331.875
997.574,1373.875
997.737,1343.875
997.899,1282.875
998.062,1259.875
998.225,1354.875
998.387,1323.875
998.55,1272.875
998.712,1242.875
998.875,1338.875
999.037,1260.875
999.2,1244.875
999.362,1315.875
999.525,1308.875
999.687,1268.875
999.849,1345.875
1000.012,1293.875
1000.174,1310.875
1000.336,1369.875
1000.499,1286.875
1000.661,1339.875
1000.823,1429.875
1000.985,1323.875
1001.147,1407.875
1001.309,1338.875
1001.471,1428.875
1001.633,1391.875
1001.796,1330.875
1001.958,1400.875
1002.119,1462.875
1002.281,1477.875
1002.443,1456.875
1002.605,1621.875
1002.767,1739.875
1002.929,1558.875
1003.091,1729.875
1003.252,1803.875
1003.414,1787.875
1003.576,1880.875
1003.738,1975.875
1003.899,2141.875
1004.061,2158.875
1004.222,2264.875
1004.384,2349.875
1004.546,2392.875
1004.707,2337.875
1004.869,2376.875
1005.03,2442.875
1005.191,2273.875
1005.353,2235.875
1005.514,2213.875
1005.675,2106.875
1005.837,2074.875
1005.998,1909.875
1006.159,1902.875
1006.321,1983.875
1006.482,2041.875
1006.643,2129.875
1006.804,2153.875
1006.965,2306.875
1007.126,2276.875
1007.287,2265.875
1007.448,2243.875
1007.609,2195.875
1007.77,2130.875
1007.931,2073.875
1008.092,2235.875
1008.253,2254.875
1008.414,2322.875
1008.575,2291.875
1008.736,2321.875
1008.896,2364.875
1009.057,2302.875
1009.218,2310.875
1009.379,2310.875
1009.539,2401.875
1009.7,2375.875
1009.86,2360.875
1010.021,2509.875
1010.182,2478.875
1010.342,2363.875
1010.503,2544.875
1010.663,2724.875
1010.823,2705.875
1010.984,2770.875
1011.144,2826.875
1011.305,3028.875
1011.465,3223.875
1011.625,3265.875
1011.785,3159.875
1011.946,3268.875
1012.106,3121.875
1012.266,3184.875
1012.426,3147.875
1012.586,3092.875
1012.746,3004.875
1012.906,2955.875
1013.066,2978.875
1013.226,2950.875
1013.386,2917.875
1013.546,2781.875
1013.706,2922.875
1013.866,2788.875
1014.026,3038.875
1014.186,2783.875
1014.346,2795.875
1014.505,2791.875
1014.665,2835.875
1014.825,2848.875
1014.985,2852.875
1015.144,2922.875
1015.304,3032.875
1015.464,2986.875
1015.623,2997.875
1015.783,3136.875
1015.942,3394.875
1016.102,3376.875
1016.261,3291.875
1016.42,3525.875
1016.58,3851.875
1016.739,3755.875
1016.899,3687.875
1017.058,3752.875
1017.217,3943.8749999999995
1017.376,3814.875
1017.536,3452.875
1017.695,3504.875
1017.854,3636.875
1018.013,3376.875
1018.172,3293.875
1018.331,3360.875
1018.49,3402.875
1018.649,3632.875
1018.808,3723.875
1018.967,3763.875
1019.126,3750.875
1019.285,3791.875
1019.444,3769.875
1019.603,3524.875
1019.762,3448.875
1019.921,3626.875
1020.079,3742.875
1020.238,3965.8749999999995
1020.397,3783.875
1020.555,3414.875
1020.714,3513.875
1020.873,3962.8749999999995
1021.031,3869.8749999999995
1021.19,3588.875
1021.348,3587.875
1021.507,3791.875
1021.665,4140.875
1021.824,3877.875
1021.982,3661.875
1022.141,3776.875
1022.299,4112.875
1022.457,4424.875
1022.616,3935.8749999999995
1022.774,3597.875
1022.932,3887.8749999999995
1023.09,4223.875
1023.249,4444.875
1023.407,4058.8749999999995
1023.565,3723.875
1023.723,4018.8749999999995
1023.881,4338.875
1024.039,4411.875
1024.197,4117.875
1024.355,3806.875
1024.513,4050.8749999999995
1024.671,4466.875
1024.829,4652.875
1024.987,4239.875
1025.145,3935.8749999999995
1025.302,4079.8749999999995
1025.46,4387.875
1025.618,4619.875
1025.776,4340.875
1025.933,3934.8749999999995
1026.091,4134.875
1026.249,4536.875
1026.406,4722.875
1026.564,4529.875
1026.721,4268.875
1026.879,4160.875
1027.036,4465.875
1027.194,4815.875
1027.351,4627.875
1027.509,4429.875
1027.666,4214.875
1027.823,4447.875
1027.981,4662.875
1028.138,4826.875
1028.295,4497.875
1028.452,4334.875
1028.609,4366.875
1028.767,4722.875
1028.924,4973.875
1029.081,4725.875
1029.238,4562.875
1029.395,4372.875
1029.552,4594.875
1029.709,5057.875
1029.866,4979.875
1030.023,4906.875
1030.18,4357.875
1030.337,4511.875
1030.494,4877.875
1030.65,5102.875
1030.807,5308.875
1030.964,4737.875
1031.121,4484.875
1031.277,4521.875
1031.434,4808.875
1031.591,5091.875
1031.747,5251.875
1031.904,5017.875
1032.06,4959.875
1032.217,4724.875
1032.373,5480.875
1032.53,5554.875
1032.686,6125.875
1032.843,6166.875
1032.999,5618.875
1033.155,5682.875
1033.312,5776.875
1033.468,6887.875
1033.624,7429.875
1033.78,7773.875
1033.937,7514.875
1034.093,6646.875
1034.249,6926.875
1034.405,7025.875
1034.561,7671.875
1034.717,8128.875
1034.873,7946.875
1035.029,7968.875
1035.185,7495.875
1035.341,7116.875
1035.497,7981.875
1035.653,8238.875
1035.809,8960.875
1035.964,9774.875
1036.12,8980.875
1036.276,9099.875
1036.432,8847.875
1036.587,8038.875
1036.743,8663.875
1036.899,9538.875
1037.054,9658.875
1037.21,10754.875
1037.365,11158.875
1037.521,9882.875
1037.676,9928.875
1037.832,8888.875
1037.987,9300.875
1038.143,9763.875
1038.298,11216.875
1038.453,10774.875
1038.609,12058.875
1038.764,12157.875
1038.919,11044.875
1039.074,10944.875
1039.229,10145.875
1039.385,10258.875
1039.54,10363.875
1039.695,11574.875
1039.85,12502.875
1040.005,13009.875
1040.16,14185.875
1040.315,13358.875
1040.47,12929.875
1040.625,12184.875
1040.78,11927.875
1040.935,11461.875
1041.089,11989.875
1041.244,14123.875
1041.399,14463.875
1041.554,15998.875
1041.708,17033.875
1041.863,16973.875
1042.018,15808.875
1042.172,15586.875
1042.327,14275.875
1042.481,14425.875
1042.636,15457.875
1042.791,15203.875
1042.945,17626.875
1043.099,19218.875
1043.254,19007.875
1043.408,20131.875
1043.563,20450.875
1043.717,20359.875
1043.871,18733.875
1044.025,17752.875
1044.18,17702.875
1044.334,18077.875
1044.488,18518.875
1044.642,19709.875
1044.796,22003.875
1044.95,25300.875
1045.104,27439.875
1045.258,27355.875
1045.412,26569.875
1045.566,26210.875
1045.72,24159.875
1045.874,23362.875
1046.028,21544.875
1046.182,21145.875
1046.336,22596.875
1046.489,23232.875
1046.643,24289.875
1046.797,25830.875
1046.951,27513.875
1047.104,27493.875
1047.258,29551.875
1047.411,30357.875
1047.565,29858.875
1047.719,28945.875
1047.872,27541.875
1048.026,25880.875
1048.179,26327.875
1048.332,26525.875
1048.486,25999.875
1048.639,26393.875
1048.792,27234.875
1048.946,30376.875
1049.099,32841.873
1049.252,32012.875
1049.406,30085.875
1049.559,31695.875
1049.712,35453.873
1049.865,38131.873
1050.018,36897.873
1050.171,32355.875
1050.324,31280.875
1050.477,32649.873
1050.63,36040.873
1050.783,36753.873
1050.936,34702.873
1051.089,33003.873
1051.242,34721.873
1051.394,37611.873
1051.547,39435.873
1051.7,38165.873
1051.853,37324.873
1052.005,37707.873
1052.158,43104.873
1052.311,45948.873
1052.463,43441.873
1052.616,38629.873
1052.768,35718.873
1052.921,34739.873
1053.073,38102.873
1053.226,43231.873
1053.378,48003.873
1053.531,48843.873
1053.683,48072.873
1053.835,41961.873
1053.988,31706.875
