237.496,693.6624999999999
237.566,692.6624999999999
237.636,685.1624999999999
237.705,674.6624999999999
237.775,677.1624999999999
237.845,733.6624999999999
237.914,699.1624999999999
237.984,736.6624999999999
238.054,689.1624999999999
238.123,659.6624999999999
238.193,668.1624999999999
238.263,716.1624999999999
238.332,644.6624999999999
238.402,716.6624999999999
238.471,681.1624999999999
238.541,654.6624999999999
238.611,677.6624999999999
238.68,656.1624999999999
238.75,728.1624999999999
238.819,685.6624999999999
238.889,672.1624999999999
238.958,676.6624999999999
239.028,709.1624999999999
239.097,686.6624999999999
239.167,682.1624999999999
239.237,686.1624999999999
239.306,673.6624999999999
239.376,700.6624999999999
239.445,698.6624999999999
239.515,671.6624999999999
239.584,683.6624999999999
239.654,631.6624999999999
239.723,638.6624999999999
239.793,676.1624999999999
239.862,644.1624999999999
239.932,684.6624999999999
240.001,686.1624999999999
240.07,694.1624999999999
240.14,649.1624999999999
240.209,710.1624999999999
240.279,634.6624999999999
240.348,616.1624999999999
240.418,693.1624999999999
240.487,634.6624999999999
240.556,707.6624999999999
240.626,642.6624999999999
240.695,675.6624999999999
240.765,694.1624999999999
240.834,697.1624999999999
240.903,653.6624999999999
240.973,635.6624999999999
241.042,648.1624999999999
241.112,689.1624999999999
241.181,706.1624999999999
241.25,656.1624999999999
241.32,595.6624999999999
241.389,656.6624999999999
241.458,636.1624999999999
241.528,659.1624999999999
241.597,635.1624999999999
241.666,631.6624999999999
241.736,659.1624999999999
241.805,666.6624999999999
241.874,626.1624999999999
241.943,642.1624999999999
242.013,623.1624999999999
242.082,643.6624999999999
242.151,646.6624999999999
242.221,653.1624999999999
242.29,670.6624999999999
242.359,615.6624999999999
242.428,657.1624999999999
242.498,686.6624999999999
242.567,632.1624999999999
242.636,668.6624999999999
242.705,742.6624999999999
242.774,651.1624999999999
242.844,626.6624999999999
242.913,619.6624999999999
242.982,609.1624999999999
243.051,644.6624999999999
243.12,617.6624999999999
243.19,621.6624999999999
243.259,659.1624999999999
243.328,577.6624999999999
243.397,606.6624999999999
243.466,608.1624999999999
243.535,576.6624999999999
243.605,650.6624999999999
243.674,617.6624999999999
243.743,589.1624999999999
243.812,625.1624999999999
243.881,641.1624999999999
243.95,595.1624999999999
244.019,593.1624999999999
244.088,596.6624999999999
244.158,658.6624999999999
244.227,615.1624999999999
244.296,614.1624999999999
244.365,609.1624999999999
244.434,646.1624999999999
244.503,705.1624999999999
244.572,629.1624999999999
244.641,626.1624999999999
244.71,626.6624999999999
244.779,617.6624999999999
244.848,618.1624999999999
244.917,585.1624999999999
244.986,598.1624999999999
245.055,589.1624999999999
245.124,602.1624999999999
245.193,610.6624999999999
245.262,613.6624999999999
245.331,639.6624999999999
245.4,604.6624999999999
245.469,601.1624999999999
245.538,555.1624999999999
245.607,561.6624999999999
245.676,583.6624999999999
245.745,577.1624999999999
245.814,592.6624999999999
245.883,532.6624999999999
245.952,584.1624999999999
246.021,528.1624999999999
246.09,549.1624999999999
246.159,515.1624999999999
246.227,536.6624999999999
246.296,609.6624999999999
246.365,535.1624999999999
246.434,515.6624999999999
246.503,541.6624999999999
246.572,542.1624999999999
246.641,550.1624999999999
246.71,526.6624999999999
246.779,512.6624999999999
246.847,541.6624999999999
246.916,558.1624999999999
246.985,511.66249999999997
247.054,536.6624999999999
247.123,515.1624999999999
247.192,517.6624999999999
247.26,523.1624999999999
247.329,536.1624999999999
247.398,509.16249999999997
247.467,540.1624999999999
247.536,556.6624999999999
247.604,504.66249999999997
247.673,506.16249999999997
247.742,448.66249999999997
247.811,525.6624999999999
247.879,513.1624999999999
247.948,531.1624999999999
248.017,530.1624999999999
248.086,562.1624999999999
248.154,542.6624999999999
248.223,460.16249999999997
248.292,483.66249999999997
248.361,564.6624999999999
248.429,538.6624999999999
248.498,483.16249999999997
248.567,508.16249999999997
248.635,452.16249999999997
248.704,516.1624999999999
248.773,545.6624999999999
248.841,516.1624999999999
248.91,492.66249999999997
248.979,492.16249999999997
249.047,505.66249999999997
249.116,519.6624999999999
249.185,441.16249999999997
249.253,504.16249999999997
249.322,505.16249999999997
249.39,442.16249999999997
249.459,507.66249999999997
249.528,487.66249999999997
249.596,528.1624999999999
249.665,481.66249999999997
249.733,515.1624999999999
249.802,448.66249999999997
249.871,455.16249999999997
249.939,481.66249999999997
250.008,458.66249999999997
250.076,497.66249999999997
250.145,451.66249999999997
250.213,468.16249999999997
250.282,494.66249999999997
250.35,475.16249999999997
250.419,490.66249999999997
250.487,455.66249999999997
250.556,513.6624999999999
250.624,477.16249999999997
250.693,446.16249999999997
250.761,443.66249999999997
250.83,454.66249999999997
250.898,458.16249999999997
250.967,485.66249999999997
251.035,472.66249999999997
251.104,467.16249999999997
251.172,439.16249999999997
251.241,466.66249999999997
251.309,432.66249999999997
251.378,433.66249999999997
251.446,440.66249999999997
251.514,464.16249999999997
251.583,445.66249999999997
251.651,447.16249999999997
251.72,483.66249999999997
251.788,483.16249999999997
251.856,430.66249999999997
251.925,497.66249999999997
251.993,467.16249999999997
252.062,486.66249999999997
252.13,423.66249999999997
252.198,496.66249999999997
252.267,433.16249999999997
252.335,429.66249999999997
252.403,423.16249999999997
252.472,437.16249999999997
252.54,408.16249999999997
252.608,446.16249999999997
252.677,435.66249999999997
252.745,425.16249999999997
252.813,437.66249999999997
252.881,415.66249999999997
252.95,402.16249999999997
253.018,450.66249999999997
253.086,382.16249999999997
253.155,406.66249999999997
253.223,351.66249999999997
253.291,406.66249999999997
253.359,358.66249999999997
253.428,368.16249999999997
253.496,361.16249999999997
253.564,373.1625
253.632,330.1625
253.7,305.6625
253.769,336.6625
253.837,344.16249999999997
253.905,341.66249999999997
253.973,365.16249999999997
254.041,351.6625
254.11,330.1625
254.178,333.6625
254.246,352.1625
254.314,340.6625
254.382,332.16249999999997
254.45,334.1625
254.518,308.1625
254.587,347.6625
254.655,386.66249999999997
254.723,338.1625
254.791,334.66249999999997
254.859,385.16249999999997
254.927,345.66249999999997
254.995,352.6625
255.063,318.66249999999997
255.131,365.1625
255.199,353.66249999999997
255.267,398.66249999999997
255.336,357.16249999999997
255.404,349.1625
255.472,366.66249999999997
255.54,343.6625
255.608,319.6625
255.676,367.66249999999997
255.744,415.66249999999997
255.812,402.66249999999997
255.88,395.66249999999997
255.948,403.16249999999997
256.016,427.66249999999997
256.084,389.66249999999997
256.152,400.66249999999997
256.22,429.16249999999997
256.288,426.16249999999997
256.356,398.66249999999997
256.424,440.66249999999997
256.491,410.16249999999997
256.559,416.66249999999997
256.627,415.66249999999997
256.695,430.16249999999997
256.763,455.16249999999997
256.831,435.16249999999997
256.899,467.66249999999997
256.967,509.16249999999997
257.035,419.66249999999997
257.103,445.66249999999997
257.171,477.16249999999997
257.238,423.16249999999997
257.306,491.16249999999997
257.374,514.1624999999999
257.442,491.66249999999997
257.51,535.1624999999999
257.578,461.16249999999997
257.646,504.66249999999997
257.713,525.6624999999999
257.781,566.6624999999999
257.849,564.1624999999999
257.917,544.6624999999999
257.985,569.1624999999999
258.052,560.1624999999999
258.12,524.1624999999999
258.188,599.1624999999999
258.256,582.6624999999999
258.324,555.6624999999999
258.391,566.6624999999999
258.459,615.1624999999999
258.527,613.6624999999999
258.595,626.1624999999999
258.662,607.1624999999999
258.73,715.6624999999999
258.798,652.6624999999999
258.865,630.1624999999999
258.933,701.6624999999999
259.001,695.1624999999999
259.069,630.1624999999999
259.136,707.1624999999999
259.204,742.6624999999999
259.272,750.6624999999999
259.339,734.6624999999999
259.407,739.1624999999999
259.475,763.6624999999999
259.542,771.1624999999999
259.61,755.6624999999999
259.677,749.1624999999999
259.745,800.6624999999999
259.813,742.6624999999999
259.88,807.6624999999999
259.948,830.6624999999999
260.016,874.1624999999999
260.083,848.6624999999999
260.151,879.1624999999999
260.218,839.1624999999999
260.286,896.6624999999999
260.353,892.1624999999999
260.421,837.1624999999999
260.489,894.6624999999999
260.556,893.1624999999999
260.624,948.6624999999999
260.691,966.6624999999999
260.759,938.6624999999999
260.826,977.6624999999999
260.894,1023.6624999999999
260.961,961.1624999999999
261.029,944.6624999999999
261.096,976.6624999999999
261.164,993.6624999999999
261.231,1020.6624999999999
261.299,1084.1625
261.366,1033.6625
261.434,980.1624999999999
261.501,1056.6625
261.568,1044.1625
261.636,1095.6625
261.703,1070.1625
261.771,1117.1625
261.838,1050.1625
261.906,1147.1625
261.973,1172.1625
262.04,1136.1625
262.108,1176.6625
262.175,1181.1625
262.243,1165.6625
262.31,1166.1625
262.377,1197.1625
262.445,1219.6625
262.512,1189.1625
262.579,1248.1625
262.647,1260.6625
262.714,1233.1625
262.781,1299.6625
262.849,1275.1625
262.916,1302.6625
262.983,1297.6625
263.051,1260.6625
263.118,1309.6625
263.185,1364.6625
263.252,1304.1625
263.32,1352.6625
263.387,1338.1625
263.454,1366.1625
263.522,1361.1625
263.589,1418.6625
263.656,1378.1625
263.723,1414.6625
263.79,1407.6625
263.858,1451.1625
263.925,1417.1625
263.992,1396.1625
264.059,1470.1625
264.126,1470.1625
264.194,1481.1625
264.261,1480.6625
264.328,1496.6625
264.395,1468.6625
264.462,1495.1625
264.529,1562.6625
264.597,1524.1625
264.664,1555.1625
264.731,1553.6625
264.798,1587.1625
264.865,1544.6625
264.932,1597.1625
264.999,1608.6625
265.066,1522.6625
265.133,1543.1625
265.201,1566.6625
265.268,1542.1625
265.335,1626.1625
265.402,1650.6625
265.469,1677.6625
265.536,1626.1625
265.603,1722.1625
265.67,1624.1625
265.737,1682.6625
265.804,1651.6625
265.871,1691.6625
265.938,1728.6625
266.005,1660.1625
266.072,1745.6625
266.139,1755.1625
266.206,1760.1625
266.273,1724.1625
266.34,1763.6625
266.407,1702.6625
266.474,1753.6625
266.541,1761.1625
266.608,1789.1625
266.675,1748.1625
266.742,1801.6625
266.808,1794.1625
266.875,1821.1625
266.942,1800.6625
267.009,1819.1625
267.076,1827.6625
267.143,1798.6625
267.21,1817.6625
267.277,1788.6625
267.344,1794.6625
267.41,1848.1625
267.477,1779.6625
267.544,1826.1625
267.611,1887.6625
267.678,1783.1625
267.745,1885.6625000000001
267.811,1878.6625
267.878,1841.6625
267.945,1903.6625
268.012,1813.6625
268.079,1865.6625
268.145,1927.6625
268.212,1877.6625
268.279,1846.1625
268.346,1850.1625
268.412,1892.1625
268.479,1808.1625
268.546,1943.6625
268.613,1885.1625000000001
268.679,1929.6625
268.746,1876.1625
268.813,1907.1625000000001
268.879,1831.6625
268.946,1879.1625
269.013,1884.6625
269.079,1903.6625
269.146,1830.6625
269.213,1851.6625
269.28,1919.1625000000001
269.346,1888.6625
269.413,1905.1625
269.479,1833.1625
269.546,1852.1625
269.613,1837.1625
269.679,1848.1625
269.746,1905.6625
269.813,1845.6625
269.879,1796.6625
269.946,1827.1625
270.012,1837.6625
270.079,1868.1625
270.145,1898.6625
270.212,1892.6625
270.279,1855.1625
270.345,1886.1625
270.412,1804.1625
270.478,1858.6625
270.545,1831.1625
270.611,1869.6625
270.678,1890.1625
270.744,1744.6625
270.811,1794.1625
270.877,1865.6625
270.944,1893.1625
271.01,1814.6625
271.077,1863.1625
271.143,1846.1625
271.21,1843.6625
271.276,1831.6625
271.342,1794.6625
271.409,1828.6625
271.475,1814.1625
271.542,1879.6625
271.608,1815.6625
271.675,1845.1625
271.741,1832.1625
271.807,1824.6625
271.874,1754.6625
271.94,1830.6625
272.007,1876.1625
272.073,1809.6625
272.139,1813.6625
272.206,1846.6625
272.272,1809.6625
272.338,1820.6625
272.405,1782.6625
272.471,1828.6625
272.537,1777.6625
272.604,1792.1625
272.67,1807.1625
272.736,1769.6625
272.802,1883.6625
272.869,1774.1625
272.935,1869.6625
273.001,1813.1625
273.068,1778.1625
273.134,1836.1625
273.2,1830.6625
273.266,1756.1625
273.333,1847.6625
273.399,1739.6625
273.465,1824.6625
273.531,1853.1625
273.597,1806.1625
273.664,1848.6625
273.73,1865.1625
273.796,1838.1625
273.862,1851.1625
273.928,1871.1625
273.995,1804.1625
274.061,1885.6625
274.127,1815.6625
274.193,1959.1625
274.259,1874.6625
274.325,1834.1625
274.391,1912.1625
274.457,1898.6625
274.524,1865.1625
274.59,1862.6625
274.656,1855.6625
274.722,1901.1625
274.788,1968.6625000000001
274.854,1985.1625000000001
274.92,1939.6625
274.986,1868.6625000000001
275.052,1982.6625000000001
275.118,1982.1625000000001
275.184,1985.1625000000001
275.25,2031.1625000000001
275.316,1966.6625000000001
275.382,2019.1625000000001
275.448,1983.1625000000001
275.514,2033.6625000000001
275.58,2000.6625000000001
275.646,2066.1625000000004
275.712,2102.1625000000004
275.778,2079.6625000000004
275.844,2142.1625000000004
275.91,2130.1625000000004
275.976,2130.1625000000004
276.042,2162.6625000000004
276.108,2057.1625000000004
276.174,2155.1625000000004
276.24,2198.1625000000004
276.306,2242.6625000000004
276.372,2233.6625000000004
276.437,2214.1625000000004
276.503,2341.6625000000004
276.569,2319.6625000000004
276.635,2257.6625000000004
276.701,2390.6625000000004
276.767,2380.6625000000004
276.833,2415.1625000000004
276.899,2437.1625000000004
276.964,2575.1625000000004
277.03,2627.6625000000004
277.096,2646.1625000000004
277.162,2626.6625000000004
277.228,2760.1625000000004
277.293,2803.1625000000004
277.359,2905.1625000000004
277.425,2995.6625000000004
277.491,3138.6625000000004
277.557,3636.1625000000004
277.622,4546.1625
277.688,4548.6625
277.754,4709.6625
277.82,5075.6625
277.885,5923.1625
277.951,7320.1625
278.017,6332.1625
278.083,5567.6625
278.148,5355.1625
278.214,5403.1625
278.28,5669.6625
278.345,5078.6625
278.411,4721.6625
278.477,4903.6625
278.542,5216.1625
278.608,5565.6625
278.674,6100.6625
278.739,6750.1625
278.805,7473.6625
278.871,8764.662499999999
278.936,10983.662499999999
279.002,16420.163
279.067,21945.663
279.133,21745.163
279.199,19794.663
279.264,20735.663
279.33,24812.663
279.395,34312.664000000004
279.461,49091.664000000004
279.527,57329.664000000004
279.592,50730.164000000004
279.658,38710.164000000004
279.723,36518.164000000004
279.789,38449.664000000004
279.854,33876.664000000004
279.92,27017.163
279.985,24095.663
280.051,24627.163
280.116,30138.163
280.182,43899.164000000004
280.247,52385.164000000004
280.313,41671.164000000004
280.378,26689.663
280.444,18801.663
280.509,14691.162499999999
280.574,12209.662499999999
280.64,10544.662499999999
280.705,9321.162499999999
280.771,8512.662499999999
280.836,7857.1625
280.902,7323.1625
280.967,6804.1625
281.032,6508.6625
281.098,6174.6625
281.163,5851.6625
281.229,5555.6625
281.294,5363.6625
281.359,5132.1625
281.425,5096.1625
281.49,4942.6625
281.555,4732.1625
281.621,4624.6625
281.686,4479.1625
281.751,4370.1625
281.816,4246.6625
281.882,4119.6625
281.947,4119.1625
282.012,3934.1625000000004
282.078,3965.1625000000004
282.143,3895.1625000000004
282.208,3819.1625000000004
282.273,3696.6625000000004
282.339,3585.1625000000004
282.404,3613.6625000000004
282.469,3538.6625000000004
282.534,3590.6625000000004
282.6,3514.6625000000004
282.665,3429.1625000000004
282.73,3391.1625000000004
282.795,3475.6625000000004
282.86,3443.6625000000004
282.926,3410.1625000000004
282.991,3453.1625000000004
283.056,3334.6625000000004
283.121,3290.6625000000004
283.186,3365.1625000000004
283.251,3336.1625000000004
283.316,3275.6625000000004
283.382,3220.1625000000004
283.447,3238.6625000000004
283.512,3226.6625000000004
283.577,3221.1625000000004
283.642,3220.1625000000004
283.707,3191.6625000000004
283.772,3241.1625000000004
283.837,3256.6625000000004
283.902,3245.1625000000004
283.967,3252.6625000000004
284.032,3177.1625000000004
284.097,3279.6625000000004
284.163,3279.6625000000004
284.228,3287.1625000000004
284.293,3218.6625000000004
284.358,3276.1625000000004
284.423,3348.6625000000004
284.488,3301.1625000000004
284.553,3479.6625000000004
284.618,3603.1625000000004
284.683,3652.6625000000004
284.748,3674.1625000000004
284.812,3920.1625000000004
284.877,4246.6625
284.942,4791.1625
285.007,5544.1625
285.072,7491.6625
285.137,12089.162499999999
285.202,15597.162499999999
285.267,13203.662499999999
285.332,8813.662499999999
285.397,6695.6625
285.462,5521.6625
285.527,4915.6625
285.591,4577.1625
285.656,4261.1625
285.721,4042.1625000000004
285.786,3925.6625000000004
285.851,3667.6625000000004
285.916,3637.6625000000004
285.981,3547.6625000000004
286.045,3495.6625000000004
286.11,3425.6625000000004
286.175,3392.6625000000004
286.24,3372.1625000000004
286.305,3346.1625000000004
286.369,3210.1625000000004
286.434,3253.1625000000004
286.499,3299.1625000000004
286.564,3255.1625000000004
286.628,3154.1625000000004
286.693,3168.1625000000004
286.758,3236.6625000000004
286.823,3284.6625000000004
286.887,3224.1625000000004
286.952,3135.1625000000004
287.017,3102.6625000000004
287.082,3263.6625000000004
287.146,3104.6625000000004
287.211,3138.6625000000004
287.276,3055.6625000000004
287.34,3038.6625000000004
287.405,3035.1625000000004
287.47,3091.1625000000004
287.534,3054.1625000000004
287.599,3069.1625000000004
287.663,3014.6625000000004
287.728,3035.6625000000004
287.793,3104.6625000000004
287.857,3142.1625000000004
287.922,3040.1625000000004
287.987,3054.1625000000004
288.051,3058.1625000000004
288.116,3064.1625000000004
288.18,3052.6625000000004
288.245,3047.6625000000004
288.309,3073.1625000000004
288.374,3100.6625000000004
288.439,3021.1625000000004
288.503,2973.6625000000004
288.568,3048.6625000000004
288.632,2952.1625000000004
288.697,3029.1625000000004
288.761,2958.1625000000004
288.826,3006.6625000000004
288.89,2915.6625000000004
288.955,2984.6625000000004
289.019,2953.1625000000004
289.084,2928.6625000000004
289.148,2981.6625000000004
289.212,2977.6625000000004
289.277,2875.6625000000004
289.341,3000.6625000000004
289.406,2912.6625000000004
289.47,2957.1625000000004
289.535,2963.1625000000004
289.599,2950.6625000000004
289.663,2880.6625000000004
289.728,2912.1625000000004
289.792,3007.1625000000004
289.857,2955.6625000000004
289.921,2951.6625000000004
289.985,2948.1625000000004
290.05,2910.1625000000004
290.114,2983.6625000000004
290.178,2878.6625000000004
290.243,2946.6625000000004
290.307,2943.6625000000004
290.371,2976.6625000000004
290.436,2929.6625000000004
290.5,2958.1625000000004
290.564,3012.1625000000004
290.629,2998.6625000000004
290.693,2982.1625000000004
290.757,2975.1625000000004
290.821,2960.1625000000004
290.886,2955.6625000000004
290.95,3006.6625000000004
291.014,2985.1625000000004
291.078,3048.6625000000004
291.143,3030.1625000000004
291.207,3084.6625000000004
291.271,3004.1625000000004
291.335,3080.6625000000004
291.399,3072.1625000000004
291.464,3263.6625000000004
291.528,3311.1625000000004
291.592,3172.6625000000004
291.656,3162.6625000000004
291.72,3222.1625000000004
291.784,3119.1625000000004
291.849,3080.1625000000004
291.913,3148.6625000000004
291.977,3105.6625000000004
292.041,3064.1625000000004
292.105,3149.1625000000004
292.169,3090.1625000000004
292.233,3193.6625000000004
292.297,3200.6625000000004
292.361,3263.6625000000004
292.425,3136.1625000000004
292.49,3350.1625000000004
292.554,3377.6625000000004
292.618,3468.6625000000004
292.682,3683.6625000000004
292.746,3979.6625000000004
292.81,4640.6625
292.874,5508.6625
292.938,5568.6625
293.002,5254.6625
293.066,4892.1625
293.13,4598.1625
293.194,4400.6625
293.258,4309.6625
293.322,4214.6625
293.386,4283.6625
293.45,4551.1625
293.514,4900.6625
293.577,5865.6625
293.641,7570.6625
293.705,7990.6625
293.769,7423.6625
293.833,6636.6625
293.897,6025.6625
293.961,5508.1625
294.025,5127.6625
294.089,4868.6625
294.152,4568.1625
294.216,4278.1625
294.28,4129.1625
294.344,4068.1625000000004
294.408,3881.1625000000004
294.472,3783.6625000000004
294.536,3650.6625000000004
294.599,3574.1625000000004
294.663,3540.6625000000004
294.727,3500.6625000000004
294.791,3445.1625000000004
294.855,3429.6625000000004
294.918,3288.1625000000004
294.982,3230.1625000000004
295.046,3334.6625000000004
295.11,3189.1625000000004
295.173,3236.1625000000004
295.237,3217.1625000000004
295.301,3138.1625000000004
295.364,3229.6625000000004
295.428,3173.1625000000004
295.492,3116.1625000000004
295.556,3089.1625000000004
295.619,3113.6625000000004
295.683,3119.6625000000004
295.747,3047.1625000000004
295.81,3010.1625000000004
295.874,2980.6625000000004
295.938,3003.6625000000004
296.001,3044.1625000000004
296.065,2912.1625000000004
296.128,3015.1625000000004
296.192,2900.1625000000004
296.256,2934.1625000000004
296.319,2916.6625000000004
296.383,2912.1625000000004
296.447,2837.1625000000004
296.51,2802.1625000000004
296.574,2797.1625000000004
296.637,2898.6625000000004
296.701,2884.1625000000004
296.764,2867.6625000000004
296.828,2887.1625000000004
296.891,2827.1625000000004
296.955,2809.6625000000004
297.018,2862.6625000000004
297.082,2808.6625000000004
297.145,2807.1625000000004
297.209,2801.6625000000004
297.272,2803.1625000000004
297.336,2824.6625000000004
297.399,2729.1625000000004
297.463,2779.6625000000004
297.526,2803.6625000000004
297.59,2767.1625000000004
297.653,2697.1625000000004
297.717,2696.6625000000004
297.78,2779.1625000000004
297.843,2684.1625000000004
297.907,2798.6625000000004
297.97,2632.1625000000004
298.034,2773.6625000000004
298.097,2695.1625000000004
298.16,2643.6625000000004
298.224,2653.6625000000004
298.287,2678.1625000000004
298.35,2698.1625000000004
298.414,2729.6625000000004
298.477,2684.6625000000004
298.54,2672.6625000000004
298.604,2688.1625000000004
298.667,2621.6625000000004
298.73,2631.6625000000004
298.794,2631.6625000000004
298.857,2636.6625000000004
298.92,2669.1625000000004
298.984,2637.1625000000004
299.047,2619.6625000000004
299.11,2607.1625000000004
299.173,2539.1625000000004
299.237,2500.1625000000004
299.3,2542.1625000000004
299.363,2550.1625000000004
299.426,2551.6625000000004
299.489,2525.6625000000004
299.553,2510.6625000000004
299.616,2513.1625000000004
299.679,2460.1625000000004
299.742,2463.6625000000004
299.805,2498.1625000000004
299.868,2389.6625000000004
299.932,2424.6625000000004
299.995,2456.6625000000004
300.058,2469.1625000000004
300.121,2396.1625000000004
300.184,2452.6625000000004
300.247,2433.1625000000004
300.31,2462.6625000000004
300.374,2462.6625000000004
300.437,2423.1625000000004
300.5,2533.1625000000004
300.563,2421.1625000000004
300.626,2385.6625000000004
300.689,2366.1625000000004
300.752,2416.1625000000004
300.815,2365.6625000000004
300.878,2457.6625000000004
300.941,2373.6625000000004
301.004,2425.6625000000004
301.067,2407.6625000000004
301.13,2391.1625000000004
301.193,2460.1625000000004
301.256,2319.6625000000004
301.319,2394.1625000000004
301.382,2344.6625000000004
301.445,2340.6625000000004
301.508,2425.6625000000004
301.571,2384.1625000000004
301.634,2421.1625000000004
301.697,2335.6625000000004
301.76,2348.1625000000004
301.823,2401.1625000000004
301.885,2348.6625000000004
301.948,2366.6625000000004
302.011,2278.6625000000004
302.074,2384.1625000000004
302.137,2276.1625000000004
302.2,2329.1625000000004
302.263,2424.6625000000004
302.326,2383.6625000000004
302.388,2394.1625000000004
302.451,2329.1625000000004
302.514,2304.6625000000004
302.577,2321.6625000000004
302.64,2357.1625000000004
302.703,2340.1625000000004
302.765,2362.6625000000004
302.828,2272.1625000000004
302.891,2324.6625000000004
302.954,2354.6625000000004
303.016,2360.6625000000004
303.079,2287.1625000000004
303.142,2305.1625000000004
303.205,2291.1625000000004
303.267,2334.1625000000004
303.33,2328.6625000000004
303.393,2308.6625000000004
303.456,2335.6625000000004
303.518,2348.6625000000004
303.581,2366.6625000000004
303.644,2285.6625000000004
303.706,2343.6625000000004
303.769,2322.1625000000004
303.832,2270.6625000000004
303.894,2344.1625000000004
303.957,2311.6625000000004
304.02,2289.1625000000004
304.082,2366.6625000000004
304.145,2353.1625000000004
304.207,2330.1625000000004
304.27,2322.6625000000004
304.333,2269.1625000000004
304.395,2333.6625000000004
304.458,2228.6625000000004
304.52,2346.6625000000004
304.583,2350.6625000000004
304.646,2324.1625000000004
304.708,2290.6625000000004
304.771,2314.6625000000004
304.833,2262.6625000000004
304.896,2321.1625000000004
304.958,2321.1625000000004
305.021,2318.1625000000004
305.083,2309.1625000000004
305.146,2322.6625000000004
305.208,2346.1625000000004
305.271,2284.6625000000004
305.333,2329.6625000000004
305.396,2400.6625000000004
305.458,2365.6625000000004
305.52,2362.6625000000004
305.583,2386.1625000000004
305.645,2353.1625000000004
305.708,2411.1625000000004
305.77,2360.6625000000004
305.833,2452.1625000000004
305.895,2380.6625000000004
305.957,2348.1625000000004
306.02,2345.6625000000004
306.082,2412.1625000000004
306.144,2397.1625000000004
306.207,2389.6625000000004
306.269,2350.6625000000004
306.331,2344.6625000000004
306.394,2316.6625000000004
306.456,2367.1625000000004
306.518,2324.6625000000004
306.581,2261.1625000000004
306.643,2343.6625000000004
306.705,2392.1625000000004
306.768,2353.6625000000004
306.83,2306.1625000000004
306.892,2358.1625000000004
306.954,2405.6625000000004
307.017,2433.6625000000004
307.079,2367.6625000000004
307.141,2333.6625000000004
307.203,2400.1625000000004
307.266,2417.6625000000004
307.328,2433.6625000000004
307.39,2407.6625000000004
307.452,2466.6625000000004
307.514,2456.1625000000004
307.577,2453.1625000000004
307.639,2390.6625000000004
307.701,2510.6625000000004
307.763,2505.1625000000004
307.825,2479.6625000000004
307.887,2410.1625000000004
307.949,2419.6625000000004
308.012,2452.6625000000004
308.074,2529.6625000000004
308.136,2484.6625000000004
308.198,2508.6625000000004
308.26,2463.1625000000004
308.322,2517.1625000000004
308.384,2426.6625000000004
308.446,2470.6625000000004
308.508,2565.1625000000004
308.57,2499.6625000000004
308.632,2514.1625000000004
308.694,2499.1625000000004
308.756,2553.6625000000004
308.818,2558.1625000000004
308.88,2490.6625000000004
308.942,2563.6625000000004
309.004,2634.1625000000004
309.066,2557.6625000000004
309.128,2679.1625000000004
309.19,2712.1625000000004
309.252,2830.6625000000004
309.314,2782.6625000000004
309.376,2810.1625000000004
309.438,2743.6625000000004
309.5,2728.1625000000004
309.562,2670.1625000000004
309.624,2735.6625000000004
309.686,2738.6625000000004
309.747,2754.1625000000004
309.809,2678.6625000000004
309.871,2681.1625000000004
309.933,2677.1625000000004
309.995,2582.6625000000004
310.057,2567.1625000000004
310.119,2655.1625000000004
310.18,2529.1625000000004
310.242,2550.6625000000004
310.304,2522.1625000000004
310.366,2487.1625000000004
310.428,2586.1625000000004
310.489,2510.6625000000004
310.551,2551.1625000000004
310.613,2521.1625000000004
310.675,2587.6625000000004
310.737,2601.1625000000004
310.798,2539.1625000000004
310.86,2535.6625000000004
310.922,2535.1625000000004
310.983,2512.1625000000004
311.045,2541.6625000000004
311.107,2483.1625000000004
311.169,2499.1625000000004
311.23,2544.6625000000004
311.292,2510.1625000000004
311.354,2548.1625000000004
311.415,2467.1625000000004
311.477,2485.1625000000004
311.539,2529.6625000000004
311.6,2530.6625000000004
311.662,2534.1625000000004
311.724,2481.1625000000004
311.785,2547.6625000000004
311.847,2552.6625000000004
311.908,2537.1625000000004
311.97,2528.1625000000004
312.032,2580.1625000000004
312.093,2585.1625000000004
312.155,2575.1625000000004
312.216,2520.1625000000004
312.278,2593.1625000000004
312.339,2572.1625000000004
312.401,2548.1625000000004
312.462,2563.1625000000004
312.524,2536.1625000000004
312.585,2574.1625000000004
312.647,2632.1625000000004
312.708,2590.1625000000004
312.77,2588.6625000000004
312.831,2556.1625000000004
312.893,2673.6625000000004
312.954,2638.6625000000004
313.016,2622.1625000000004
313.077,2679.6625000000004
313.139,2646.1625000000004
313.2,2630.6625000000004
313.261,2547.1625000000004
313.323,2603.6625000000004
313.384,2641.6625000000004
313.446,2629.1625000000004
313.507,2662.1625000000004
313.568,2661.1625000000004
313.63,2597.1625000000004
313.691,2612.1625000000004
313.752,2617.1625000000004
313.814,2559.1625000000004
313.875,2641.1625000000004
313.936,2629.1625000000004
313.998,2554.1625000000004
314.059,2571.1625000000004
314.12,2553.6625000000004
314.182,2571.1625000000004
314.243,2584.6625000000004
314.304,2624.1625000000004
314.365,2621.1625000000004
314.427,2676.1625000000004
314.488,2605.6625000000004
314.549,2603.6625000000004
314.61,2643.6625000000004
314.672,2564.6625000000004
314.733,2639.1625000000004
314.794,2613.1625000000004
314.855,2593.6625000000004
314.917,2674.6625000000004
314.978,2571.1625000000004
315.039,2675.1625000000004
315.1,2633.1625000000004
315.161,2597.1625000000004
315.222,2602.1625000000004
315.283,2555.1625000000004
315.345,2636.1625000000004
315.406,2527.1625000000004
315.467,2570.6625000000004
315.528,2542.1625000000004
315.589,2584.6625000000004
315.65,2535.6625000000004
315.711,2525.1625000000004
315.772,2552.6625000000004
315.833,2581.6625000000004
315.894,2630.6625000000004
315.955,2527.6625000000004
316.016,2513.1625000000004
316.078,2494.6625000000004
316.139,2598.6625000000004
316.2,2585.1625000000004
316.261,2599.6625000000004
316.322,2529.1625000000004
316.383,2564.6625000000004
316.444,2669.6625000000004
316.504,2551.1625000000004
316.565,2552.1625000000004
316.626,2503.1625000000004
316.687,2548.1625000000004
316.748,2500.1625000000004
316.809,2527.6625000000004
316.87,2617.1625000000004
316.931,2644.6625000000004
316.992,2558.1625000000004
317.053,2542.1625000000004
317.114,2598.1625000000004
317.175,2520.1625000000004
317.235,2488.6625000000004
317.296,2553.1625000000004
317.357,2582.6625000000004
317.418,2497.1625000000004
317.479,2518.1625000000004
317.54,2585.1625000000004
317.601,2534.1625000000004
317.661,2532.6625000000004
317.722,2473.6625000000004
317.783,2535.1625000000004
317.844,2521.1625000000004
317.904,2574.6625000000004
317.965,2479.6625000000004
318.026,2474.1625000000004
318.087,2559.1625000000004
318.148,2529.6625000000004
318.208,2530.1625000000004
318.269,2511.6625000000004
318.33,2566.6625000000004
318.39,2478.1625000000004
318.451,2496.6625000000004
318.512,2565.1625000000004
318.572,2499.6625000000004
318.633,2512.1625000000004
318.694,2506.6625000000004
318.754,2482.6625000000004
318.815,2494.1625000000004
318.876,2508.6625000000004
318.936,2530.1625000000004
318.997,2539.6625000000004
319.058,2559.6625000000004
319.118,2546.1625000000004
319.179,2499.6625000000004
319.239,2550.1625000000004
319.3,2549.6625000000004
319.361,2504.1625000000004
319.421,2559.6625000000004
319.482,2510.1625000000004
319.542,2483.1625000000004
319.603,2462.6625000000004
319.663,2542.1625000000004
319.724,2511.1625000000004
319.784,2481.1625000000004
319.845,2517.6625000000004
319.905,2477.6625000000004
319.966,2549.6625000000004
320.026,2463.6625000000004
320.087,2444.1625000000004
320.147,2451.1625000000004
320.208,2460.1625000000004
320.268,2439.6625000000004
320.329,2477.6625000000004
320.389,2394.1625000000004
320.449,2487.1625000000004
320.51,2412.1625000000004
320.57,2400.6625000000004
320.631,2482.6625000000004
320.691,2553.6625000000004
320.751,2470.6625000000004
320.812,2489.6625000000004
320.872,2502.1625000000004
320.932,2463.1625000000004
320.993,2409.1625000000004
321.053,2475.1625000000004
321.113,2521.6625000000004
321.174,2492.6625000000004
321.234,2474.6625000000004
321.294,2550.6625000000004
321.355,2445.1625000000004
321.415,2456.6625000000004
321.475,2440.6625000000004
321.535,2497.6625000000004
321.596,2448.6625000000004
321.656,2486.6625000000004
321.716,2469.1625000000004
321.776,2453.6625000000004
321.837,2477.6625000000004
321.897,2427.6625000000004
321.957,2530.6625000000004
322.017,2437.6625000000004
322.077,2494.1625000000004
322.138,2415.1625000000004
322.198,2501.6625000000004
322.258,2385.6625000000004
322.318,2388.6625000000004
322.378,2488.1625000000004
322.438,2480.6625000000004
322.499,2453.6625000000004
322.559,2363.6625000000004
322.619,2360.1625000000004
322.679,2378.6625000000004
322.739,2374.1625000000004
322.799,2503.1625000000004
322.859,2443.6625000000004
322.919,2472.1625000000004
322.979,2437.1625000000004
323.039,2456.6625000000004
323.099,2390.1625000000004
323.159,2416.1625000000004
323.219,2412.6625000000004
323.279,2418.1625000000004
323.339,2550.1625000000004
323.399,2459.6625000000004
323.459,2473.6625000000004
323.519,2459.1625000000004
323.579,2501.6625000000004
323.639,2421.6625000000004
323.699,2438.6625000000004
323.759,2410.1625000000004
323.819,2429.1625000000004
323.879,2472.6625000000004
323.939,2435.6625000000004
323.999,2453.1625000000004
324.059,2417.6625000000004
324.119,2392.1625000000004
324.178,2435.1625000000004
324.238,2411.1625000000004
324.298,2423.1625000000004
324.358,2403.1625000000004
324.418,2467.1625000000004
324.478,2400.1625000000004
324.538,2426.1625000000004
324.597,2377.1625000000004
324.657,2437.1625000000004
324.717,2470.1625000000004
324.777,2364.6625000000004
324.837,2386.1625000000004
324.896,2411.1625000000004
324.956,2415.1625000000004
325.016,2360.6625000000004
325.076,2468.6625000000004
325.135,2378.6625000000004
325.195,2440.1625000000004
325.255,2438.6625000000004
325.315,2449.1625000000004
325.374,2429.1625000000004
325.434,2436.6625000000004
325.494,2409.1625000000004
325.553,2435.6625000000004
325.613,2438.1625000000004
325.673,2399.1625000000004
325.732,2413.1625000000004
325.792,2382.1625000000004
325.852,2374.1625000000004
325.911,2357.1625000000004
325.971,2438.1625000000004
326.031,2481.1625000000004
326.09,2372.6625000000004
326.15,2442.1625000000004
326.209,2440.1625000000004
326.269,2444.6625000000004
326.328,2354.6625000000004
326.388,2380.6625000000004
326.448,2438.6625000000004
326.507,2324.6625000000004
326.567,2412.1625000000004
326.626,2368.6625000000004
326.686,2364.1625000000004
326.745,2421.1625000000004
326.805,2347.1625000000004
326.864,2382.6625000000004
326.924,2325.6625000000004
326.983,2273.1625000000004
327.043,2360.6625000000004
327.102,2467.1625000000004
327.161,2358.1625000000004
327.221,2411.1625000000004
327.28,2289.1625000000004
327.34,2308.1625000000004
327.399,2307.6625000000004
327.459,2289.1625000000004
327.518,2330.1625000000004
327.577,2325.1625000000004
327.637,2379.6625000000004
327.696,2343.6625000000004
327.755,2308.1625000000004
327.815,2329.1625000000004
327.874,2250.6625000000004
327.933,2369.1625000000004
327.993,2397.6625000000004
328.052,2422.1625000000004
328.111,2332.6625000000004
328.171,2395.6625000000004
328.23,2249.6625000000004
328.289,2331.1625000000004
328.349,2327.1625000000004
328.408,2283.6625000000004
328.467,2346.1625000000004
328.526,2348.6625000000004
328.586,2391.1625000000004
328.645,2333.1625000000004
328.704,2423.6625000000004
328.763,2343.1625000000004
328.822,2297.1625000000004
328.882,2241.6625000000004
328.941,2346.6625000000004
329.0,2343.6625000000004
329.059,2314.1625000000004
329.118,2369.6625000000004
329.177,2295.1625000000004
329.237,2368.1625000000004
329.296,2365.6625000000004
329.355,2410.6625000000004
329.414,2360.6625000000004
329.473,2363.1625000000004
329.532,2381.6625000000004
329.591,2374.6625000000004
329.65,2419.6625000000004
329.709,2541.1625000000004
329.768,2538.1625000000004
329.827,2536.6625000000004
329.886,2582.6625000000004
329.945,2622.1625000000004
330.004,2659.1625000000004
330.063,2869.1625000000004
330.122,3115.1625000000004
330.181,3609.1625000000004
330.24,3586.6625000000004
330.299,3235.6625000000004
330.358,2825.6625000000004
330.417,2639.1625000000004
330.476,2482.6625000000004
330.535,2503.1625000000004
330.594,2439.1625000000004
330.653,2375.6625000000004
330.712,2390.6625000000004
330.771,2351.6625000000004
330.83,2296.1625000000004
330.889,2299.1625000000004
330.948,2291.6625000000004
331.006,2317.6625000000004
331.065,2299.6625000000004
331.124,2234.1625000000004
331.183,2302.6625000000004
331.242,2225.1625000000004
331.301,2287.6625000000004
331.359,2273.6625000000004
331.418,2238.1625000000004
331.477,2273.1625000000004
331.536,2275.6625000000004
331.595,2218.6625000000004
331.653,2195.6625000000004
331.712,2175.6625000000004
331.771,2181.1625000000004
331.83,2233.6625000000004
331.888,2223.1625000000004
331.947,2249.1625000000004
332.006,2270.6625000000004
332.065,2265.6625000000004
332.123,2222.6625000000004
332.182,2238.6625000000004
332.241,2261.1625000000004
332.299,2226.6625000000004
332.358,2243.6625000000004
332.417,2262.6625000000004
332.475,2238.1625000000004
332.534,2276.6625000000004
332.592,2286.6625000000004
332.651,2237.1625000000004
332.71,2286.1625000000004
332.768,2306.6625000000004
332.827,2284.1625000000004
332.885,2263.6625000000004
332.944,2372.6625000000004
333.003,2257.1625000000004
333.061,2397.6625000000004
333.12,2313.1625000000004
333.178,2358.6625000000004
333.237,2283.1625000000004
333.295,2322.1625000000004
333.354,2290.6625000000004
333.412,2287.6625000000004
333.471,2395.1625000000004
333.529,2393.6625000000004
333.588,2408.1625000000004
333.646,2495.1625000000004
333.705,2442.6625000000004
333.763,2409.6625000000004
333.822,2421.1625000000004
333.88,2346.1625000000004
333.938,2332.1625000000004
333.997,2306.6625000000004
334.055,2408.1625000000004
334.114,2380.1625000000004
334.172,2369.6625000000004
334.23,2348.1625000000004
334.289,2390.1625000000004
334.347,2362.1625000000004
334.405,2354.6625000000004
334.464,2308.6625000000004
334.522,2357.6625000000004
334.58,2340.1625000000004
334.639,2339.1625000000004
334.697,2315.6625000000004
334.755,2312.1625000000004
334.814,2379.1625000000004
334.872,2357.6625000000004
334.93,2389.1625000000004
334.988,2328.1625000000004
335.047,2343.6625000000004
335.105,2323.1625000000004
335.163,2356.6625000000004
335.221,2353.6625000000004
335.28,2335.6625000000004
335.338,2297.1625000000004
335.396,2307.1625000000004
335.454,2282.1625000000004
335.512,2281.1625000000004
335.57,2261.1625000000004
335.629,2293.6625000000004
335.687,2302.6625000000004
335.745,2294.6625000000004
335.803,2303.6625000000004
335.861,2327.6625000000004
335.919,2348.6625000000004
335.977,2292.1625000000004
336.035,2351.1625000000004
336.094,2351.1625000000004
336.152,2384.1625000000004
336.21,2296.1625000000004
336.268,2336.1625000000004
336.326,2273.1625000000004
336.384,2263.1625000000004
336.442,2321.6625000000004
336.5,2335.1625000000004
336.558,2349.6625000000004
336.616,2330.6625000000004
336.674,2260.6625000000004
336.732,2334.6625000000004
336.79,2291.1625000000004
336.848,2339.1625000000004
336.906,2266.6625000000004
336.964,2310.6625000000004
337.022,2295.6625000000004
337.08,2377.1625000000004
337.138,2381.1625000000004
337.195,2312.1625000000004
337.253,2327.6625000000004
337.311,2299.6625000000004
337.369,2305.6625000000004
337.427,2157.1625000000004
337.485,2206.1625000000004
337.543,2272.1625000000004
337.601,2244.1625000000004
337.658,2242.1625000000004
337.716,2219.6625000000004
337.774,2267.1625000000004
337.832,2266.6625000000004
337.89,2188.1625000000004
337.947,2190.6625000000004
338.005,2218.1625000000004
338.063,2222.6625000000004
338.121,2188.6625000000004
338.178,2237.1625000000004
338.236,2242.6625000000004
338.294,2231.6625000000004
338.352,2242.6625000000004
338.409,2207.6625000000004
338.467,2203.6625000000004
338.525,2189.6625000000004
338.583,2174.6625000000004
338.64,2183.6625000000004
338.698,2181.6625000000004
338.756,2141.6625000000004
338.813,2226.6625000000004
338.871,2138.1625000000004
338.928,2205.1625000000004
338.986,2222.6625000000004
339.044,2240.1625000000004
339.101,2139.6625000000004
339.159,2160.6625000000004
339.216,2146.6625000000004
339.274,2133.6625000000004
339.332,2175.6625000000004
339.389,2167.1625000000004
339.447,2224.1625000000004
339.504,2162.1625000000004
339.562,2217.1625000000004
339.619,2174.6625000000004
339.677,2119.1625000000004
339.734,2148.1625000000004
339.792,2187.1625000000004
339.849,2171.1625000000004
339.907,2112.1625000000004
339.964,2133.1625000000004
340.022,2110.1625000000004
340.079,2149.1625000000004
340.137,2085.6625000000004
340.194,2126.6625000000004
340.252,2145.1625000000004
340.309,2149.1625000000004
340.366,2150.6625000000004
340.424,2099.1625000000004
340.481,2092.6625000000004
340.538,2157.1625000000004
340.596,2105.1625000000004
340.653,2090.6625000000004
340.711,2144.6625000000004
340.768,2197.6625000000004
340.825,2153.1625000000004
340.883,2141.6625000000004
340.94,2160.1625000000004
340.997,2178.1625000000004
341.054,2151.6625000000004
341.112,2107.1625000000004
341.169,2113.1625000000004
341.226,2169.1625000000004
341.284,2228.1625000000004
341.341,2198.1625000000004
341.398,2177.6625000000004
341.455,2213.6625000000004
341.512,2133.1625000000004
341.57,2151.6625000000004
341.627,2190.1625000000004
341.684,2161.1625000000004
341.741,2172.6625000000004
341.798,2154.6625000000004
341.856,2193.1625000000004
341.913,2148.1625000000004
341.97,2220.6625000000004
342.027,2186.6625000000004
342.084,2159.6625000000004
342.141,2197.1625000000004
342.198,2198.6625000000004
342.255,2150.1625000000004
342.313,2246.1625000000004
342.37,2156.1625000000004
342.427,2166.1625000000004
342.484,2138.6625000000004
342.541,2128.1625000000004
342.598,2146.1625000000004
342.655,2170.6625000000004
342.712,2145.6625000000004
342.769,2142.1625000000004
342.826,2155.1625000000004
342.883,2111.6625000000004
342.94,2181.1625000000004
342.997,2177.1625000000004
343.054,2182.6625000000004
343.111,2159.1625000000004
343.168,2152.6625000000004
343.225,2232.1625000000004
343.282,2287.6625000000004
343.339,2223.6625000000004
343.395,2291.6625000000004
343.452,2192.1625000000004
343.509,2243.6625000000004
343.566,2350.1625000000004
343.623,2281.6625000000004
343.68,2269.1625000000004
343.737,2388.6625000000004
343.794,2361.1625000000004
343.85,2441.1625000000004
343.907,2456.1625000000004
343.964,2393.6625000000004
344.021,2395.1625000000004
344.078,2392.6625000000004
344.134,2445.1625000000004
344.191,2356.1625000000004
344.248,2361.1625000000004
344.305,2393.1625000000004
344.361,2387.1625000000004
344.418,2363.6625000000004
344.475,2336.6625000000004
344.532,2302.6625000000004
344.588,2322.1625000000004
344.645,2303.6625000000004
344.702,2397.6625000000004
344.758,2337.1625000000004
344.815,2306.6625000000004
344.872,2293.6625000000004
344.928,2300.6625000000004
344.985,2369.6625000000004
345.042,2294.6625000000004
345.098,2355.1625000000004
345.155,2320.6625000000004
345.212,2314.6625000000004
345.268,2303.1625000000004
345.325,2280.6625000000004
345.381,2279.6625000000004
345.438,2300.1625000000004
345.495,2313.6625000000004
345.551,2315.1625000000004
345.608,2292.1625000000004
345.664,2328.6625000000004
345.721,2299.6625000000004
345.777,2300.6625000000004
345.834,2248.6625000000004
345.89,2221.1625000000004
345.947,2276.1625000000004
346.003,2294.1625000000004
346.06,2261.1625000000004
346.116,2297.1625000000004
346.173,2296.6625000000004
346.229,2275.1625000000004
346.285,2294.1625000000004
346.342,2267.6625000000004
346.398,2323.1625000000004
346.455,2350.1625000000004
346.511,2385.1625000000004
346.567,2353.1625000000004
346.624,2359.1625000000004
346.68,2366.1625000000004
346.737,2350.1625000000004
346.793,2304.6625000000004
346.849,2309.1625000000004
346.906,2374.1625000000004
346.962,2320.6625000000004
347.018,2375.6625000000004
347.074,2320.1625000000004
347.131,2314.6625000000004
347.187,2319.6625000000004
347.243,2339.6625000000004
347.3,2313.1625000000004
347.356,2346.1625000000004
347.412,2331.6625000000004
347.468,2289.1625000000004
347.524,2282.1625000000004
347.581,2331.1625000000004
347.637,2397.1625000000004
347.693,2355.1625000000004
347.749,2343.6625000000004
347.805,2285.1625000000004
347.862,2330.1625000000004
347.918,2306.1625000000004
347.974,2326.1625000000004
348.03,2333.6625000000004
348.086,2286.1625000000004
348.142,2313.1625000000004
348.198,2299.1625000000004
348.254,2310.6625000000004
348.311,2415.1625000000004
348.367,2365.1625000000004
348.423,2385.1625000000004
348.479,2243.6625000000004
348.535,2382.6625000000004
348.591,2358.6625000000004
348.647,2333.1625000000004
348.703,2369.1625000000004
348.759,2379.1625000000004
348.815,2334.6625000000004
348.871,2379.1625000000004
348.927,2410.1625000000004
348.983,2366.6625000000004
349.039,2425.1625000000004
349.095,2430.1625000000004
349.151,2334.6625000000004
349.207,2376.1625000000004
349.263,2404.6625000000004
349.319,2385.1625000000004
349.374,2428.1625000000004
349.43,2399.6625000000004
349.486,2400.6625000000004
349.542,2421.1625000000004
349.598,2475.1625000000004
349.654,2414.6625000000004
349.71,2456.6625000000004
349.766,2416.6625000000004
349.821,2452.6625000000004
349.877,2499.6625000000004
349.933,2470.6625000000004
349.989,2396.6625000000004
350.045,2364.6625000000004
350.1,2435.1625000000004
350.156,2440.1625000000004
350.212,2422.1625000000004
350.268,2459.1625000000004
350.323,2461.1625000000004
350.379,2434.1625000000004
350.435,2384.1625000000004
350.491,2432.6625000000004
350.546,2443.6625000000004
350.602,2385.1625000000004
350.658,2418.1625000000004
350.713,2421.6625000000004
350.769,2434.1625000000004
350.825,2399.6625000000004
350.88,2418.1625000000004
350.936,2425.6625000000004
350.992,2368.6625000000004
351.047,2466.1625000000004
351.103,2451.1625000000004
351.158,2459.1625000000004
351.214,2439.1625000000004
351.27,2424.1625000000004
351.325,2358.6625000000004
351.381,2424.6625000000004
351.436,2488.6625000000004
351.492,2417.1625000000004
351.547,2448.1625000000004
351.603,2471.1625000000004
351.658,2522.1625000000004
351.714,2452.6625000000004
351.769,2469.6625000000004
351.825,2474.1625000000004
351.88,2523.6625000000004
351.936,2516.1625000000004
351.991,2562.1625000000004
352.047,2446.6625000000004
352.102,2435.6625000000004
352.158,2437.6625000000004
352.213,2441.1625000000004
352.268,2431.1625000000004
352.324,2452.6625000000004
352.379,2516.6625000000004
352.434,2460.1625000000004
352.49,2430.1625000000004
352.545,2440.6625000000004
352.601,2424.6625000000004
352.656,2481.6625000000004
352.711,2439.6625000000004
352.767,2548.6625000000004
352.822,2460.6625000000004
352.877,2468.1625000000004
352.932,2466.6625000000004
352.988,2405.6625000000004
353.043,2475.1625000000004
353.098,2474.1625000000004
353.153,2481.6625000000004
353.209,2453.1625000000004
353.264,2485.1625000000004
353.319,2477.6625000000004
353.374,2472.6625000000004
353.43,2429.6625000000004
353.485,2479.6625000000004
353.54,2500.1625000000004
353.595,2497.6625000000004
353.65,2484.1625000000004
353.705,2432.6625000000004
353.761,2411.1625000000004
353.816,2432.6625000000004
353.871,2495.6625000000004
353.926,2507.1625000000004
353.981,2480.1625000000004
354.036,2436.1625000000004
354.091,2490.6625000000004
354.146,2477.1625000000004
354.201,2497.1625000000004
354.256,2512.1625000000004
354.311,2467.6625000000004
354.367,2498.1625000000004
354.422,2511.1625000000004
354.477,2520.1625000000004
354.532,2516.1625000000004
354.587,2437.6625000000004
354.642,2504.6625000000004
354.697,2434.1625000000004
354.751,2539.6625000000004
354.806,2488.1625000000004
354.861,2503.6625000000004
354.916,2463.6625000000004
354.971,2505.6625000000004
355.026,2460.6625000000004
355.081,2558.1625000000004
355.136,2527.1625000000004
355.191,2484.6625000000004
355.246,2426.6625000000004
355.301,2469.6625000000004
355.355,2472.1625000000004
355.41,2470.1625000000004
355.465,2539.6625000000004
355.52,2489.6625000000004
355.575,2470.1625000000004
355.63,2516.1625000000004
355.684,2509.6625000000004
355.739,2503.1625000000004
355.794,2512.6625000000004
355.849,2560.6625000000004
355.904,2515.1625000000004
355.958,2552.1625000000004
356.013,2490.6625000000004
356.068,2517.6625000000004
356.123,2424.1625000000004
356.177,2519.6625000000004
356.232,2516.1625000000004
356.287,2548.6625000000004
356.341,2512.6625000000004
356.396,2487.1625000000004
356.451,2401.6625000000004
356.505,2492.6625000000004
356.56,2498.6625000000004
356.615,2508.6625000000004
356.669,2476.1625000000004
356.724,2551.6625000000004
356.778,2503.1625000000004
356.833,2525.6625000000004
356.888,2534.1625000000004
356.942,2536.1625000000004
356.997,2496.6625000000004
357.051,2468.1625000000004
357.106,2557.1625000000004
357.16,2450.6625000000004
357.215,2457.1625000000004
357.269,2527.6625000000004
357.324,2481.1625000000004
357.378,2476.1625000000004
357.433,2516.6625000000004
357.487,2452.6625000000004
357.542,2530.1625000000004
357.596,2500.1625000000004
357.651,2458.1625000000004
357.705,2440.1625000000004
357.76,2544.6625000000004
357.814,2525.1625000000004
357.868,2480.6625000000004
357.923,2483.1625000000004
357.977,2473.6625000000004
358.032,2463.6625000000004
358.086,2441.6625000000004
358.14,2502.1625000000004
358.195,2502.1625000000004
358.249,2485.1625000000004
358.303,2502.1625000000004
358.358,2451.1625000000004
358.412,2448.1625000000004
358.466,2473.6625000000004
358.521,2528.6625000000004
358.575,2398.1625000000004
358.629,2480.1625000000004
358.683,2406.6625000000004
358.738,2485.1625000000004
358.792,2459.6625000000004
358.846,2445.6625000000004
358.9,2513.1625000000004
358.954,2503.6625000000004
359.009,2464.1625000000004
359.063,2530.6625000000004
359.117,2537.6625000000004
359.171,2462.6625000000004
359.225,2469.1625000000004
359.28,2440.6625000000004
359.334,2503.6625000000004
359.388,2576.6625000000004
359.442,2566.6625000000004
359.496,2497.1625000000004
359.55,2484.1625000000004
359.604,2514.1625000000004
359.658,2484.6625000000004
359.712,2468.6625000000004
359.766,2475.1625000000004
359.82,2520.6625000000004
359.875,2472.1625000000004
359.929,2458.1625000000004
359.983,2432.6625000000004
360.037,2508.1625000000004
360.091,2539.1625000000004
360.145,2449.1625000000004
360.199,2423.6625000000004
360.253,2429.6625000000004
360.306,2418.1625000000004
360.36,2478.6625000000004
360.414,2493.6625000000004
360.468,2490.1625000000004
360.522,2462.1625000000004
360.576,2429.6625000000004
360.63,2501.1625000000004
360.684,2554.6625000000004
360.738,2477.6625000000004
360.792,2516.6625000000004
360.846,2521.6625000000004
360.899,2461.6625000000004
360.953,2422.1625000000004
361.007,2501.1625000000004
361.061,2526.6625000000004
361.115,2406.1625000000004
361.168,2459.1625000000004
361.222,2421.1625000000004
361.276,2456.1625000000004
361.33,2488.6625000000004
361.384,2428.6625000000004
361.437,2478.6625000000004
361.491,2484.1625000000004
361.545,2440.1625000000004
361.599,2453.1625000000004
361.652,2479.1625000000004
361.706,2451.6625000000004
361.76,2557.1625000000004
361.813,2486.1625000000004
361.867,2425.6625000000004
361.921,2424.1625000000004
361.974,2500.6625000000004
362.028,2416.1625000000004
362.082,2454.1625000000004
362.135,2390.6625000000004
362.189,2477.6625000000004
362.242,2481.1625000000004
362.296,2471.1625000000004
362.35,2493.1625000000004
362.403,2443.6625000000004
362.457,2437.1625000000004
362.51,2436.6625000000004
362.564,2489.6625000000004
362.617,2434.6625000000004
362.671,2438.6625000000004
362.724,2481.6625000000004
362.778,2420.6625000000004
362.831,2432.1625000000004
362.885,2504.6625000000004
362.938,2315.1625000000004
354.545,477.2
354.608,477.69999999999993
354.671,479.7
354.734,514.6999999999999
354.797,559.1999999999999
354.86,563.6999999999999
354.923,510.19999999999993
354.986,583.1999999999999
355.05,599.6999999999999
355.113,570.1999999999999
355.176,559.6999999999999
355.239,608.6999999999999
355.302,592.6999999999999
355.365,622.1999999999999
355.428,628.1999999999999
355.491,635.6999999999999
355.554,648.6999999999999
355.617,681.1999999999999
355.68,633.1999999999999
355.743,688.6999999999999
355.806,710.1999999999999
355.869,709.6999999999999
355.932,718.1999999999999
355.995,718.6999999999999
356.058,725.6999999999999
356.121,754.1999999999999
356.184,774.1999999999999
356.247,718.6999999999999
356.31,731.1999999999999
356.373,749.6999999999999
356.436,760.6999999999999
356.498,761.6999999999999
356.561,769.1999999999999
356.624,773.6999999999999
356.687,771.1999999999999
356.75,696.1999999999999
356.813,815.1999999999999
356.876,809.6999999999999
356.939,796.1999999999999
357.001,769.6999999999999
357.064,778.1999999999999
357.127,832.7
357.19,789.6999999999999
357.253,807.1999999999999
357.316,833.2
357.378,800.1999999999999
357.441,792.6999999999999
357.504,902.7
357.567,784.1999999999999
357.629,829.7
357.692,804.6999999999999
357.755,824.2
357.818,820.6999999999999
357.88,835.2
357.943,863.1999999999999
358.006,875.7
358.069,869.2
358.131,835.6999999999999
358.194,867.2
358.257,881.1999999999999
358.319,871.6999999999999
358.382,828.2
358.445,848.1999999999999
358.507,913.2
358.57,872.7
358.633,820.6999999999999
358.695,830.2
358.758,889.2
358.821,859.1999999999999
358.883,881.2
358.946,926.7
359.008,901.7
359.071,884.7
359.134,911.7
359.196,865.7
359.259,926.2
359.321,897.7
359.384,915.7
359.446,923.7
359.509,936.2
359.571,958.2
359.634,1026.7
359.696,938.7
359.759,962.7
359.821,965.7
359.884,961.2
359.946,972.2
360.009,927.2
360.071,962.7
360.134,965.2
360.196,998.2
360.259,950.7
360.321,1007.2
360.384,991.2
360.446,970.2
360.508,933.7
360.571,1016.7
360.633,983.2
360.696,956.7
360.758,978.7
360.82,980.2
360.883,911.2
360.945,986.2
361.007,983.7
361.07,981.2
361.132,971.2
361.194,1001.7
361.257,964.2
361.319,1007.2
361.381,1002.2
361.443,1018.2
361.506,1022.7
361.568,949.7
361.63,1070.7
361.693,1022.7
361.755,1039.7
361.817,1037.2
361.879,1041.2
361.941,1028.2
362.004,1021.7
362.066,1061.7
362.128,1026.7
362.19,1003.7
362.252,1046.2
362.315,1071.2
362.377,1044.2
362.439,1057.7
362.501,1085.7
362.563,1012.7
362.625,991.7
362.688,1059.7
362.75,1023.2
362.812,1084.7
362.874,1044.2
362.936,1101.2
362.998,1086.2
363.06,1066.7
363.122,1076.7
363.184,1081.2
363.246,1091.2
363.308,1079.2
363.37,1056.2
363.432,1120.2
363.494,1076.2
363.556,1086.7
363.618,1069.2
363.68,1085.2
363.742,1079.2
363.804,1114.2
363.866,1062.2
363.928,1041.2
363.99,1088.7
364.052,1032.7
364.114,1116.2
364.176,1091.7
364.238,1074.2
364.3,1082.7
364.362,1056.2
364.424,1121.2
364.486,1129.2
364.548,1077.7
364.609,1156.2
364.671,1081.2
364.733,1091.7
364.795,1101.7
364.857,1113.7
364.919,1162.2
364.981,1076.7
365.042,1097.7
365.104,1119.2
365.166,1072.7
365.228,1109.7
365.29,1141.7
365.351,1117.2
365.413,1107.2
365.475,1158.7
365.537,1073.7
365.598,1141.2
365.66,1098.2
365.722,1119.2
365.784,1083.7
365.845,1127.2
365.907,1151.2
365.969,1185.7
366.03,1131.7
366.092,1142.7
366.154,1125.2
366.215,1144.2
366.277,1149.2
366.339,1177.7
366.4,1160.7
366.462,1149.7
366.524,1178.7
366.585,1220.7
366.647,1123.2
366.708,1152.2
366.77,1150.2
366.832,1163.7
366.893,1167.2
366.955,1190.7
367.016,1183.2
367.078,1137.2
367.139,1196.2
367.201,1178.7
367.262,1162.7
367.324,1138.7
367.385,1191.2
367.447,1259.2
367.508,1156.2
367.57,1146.2
367.631,1113.2
367.693,1181.2
367.754,1192.2
367.816,1178.2
367.877,1175.7
367.939,1180.7
368.0,1184.2
368.062,1154.2
368.123,1208.2
368.184,1168.2
368.246,1153.7
368.307,1184.2
368.369,1196.2
368.43,1218.7
368.491,1240.2
368.553,1210.2
368.614,1231.2
368.675,1200.2
368.737,1180.2
368.798,1227.2
368.859,1194.2
368.921,1220.7
368.982,1220.7
369.043,1188.7
369.104,1223.7
369.166,1203.7
369.227,1187.2
369.288,1226.2
369.349,1255.7
369.411,1192.2
369.472,1212.2
369.533,1194.7
369.594,1277.2
369.656,1228.7
369.717,1250.7
369.778,1251.7
369.839,1310.7
369.9,1251.7
369.961,1249.2
370.023,1248.7
370.084,1273.7
370.145,1203.7
370.206,1241.7
370.267,1241.2
370.328,1227.2
370.389,1237.2
370.451,1239.7
370.512,1249.7
370.573,1264.2
370.634,1246.2
370.695,1248.7
370.756,1235.7
370.817,1283.7
370.878,1277.7
370.939,1230.7
371.0,1290.2
371.061,1320.7
371.122,1276.2
371.183,1330.7
371.244,1259.7
371.305,1296.2
371.366,1278.7
371.427,1260.7
371.488,1249.2
371.549,1315.7
371.61,1267.2
371.671,1317.2
371.732,1269.2
371.793,1262.2
371.853,1228.2
371.914,1295.7
371.975,1309.2
372.036,1299.7
372.097,1287.2
372.158,1318.2
372.219,1281.7
372.28,1303.7
372.34,1272.2
372.401,1257.7
372.462,1269.2
372.523,1286.2
372.584,1305.7
372.645,1278.7
372.705,1304.7
372.766,1351.7
372.827,1354.7
372.888,1281.7
372.948,1297.2
373.009,1309.7
373.07,1341.2
373.131,1288.7
373.191,1310.7
373.252,1316.2
373.313,1294.7
373.373,1232.2
373.434,1320.2
373.495,1244.7
373.555,1346.7
373.616,1331.2
373.677,1306.7
373.737,1276.7
373.798,1265.2
373.859,1309.7
373.919,1256.7
373.98,1367.2
374.041,1298.2
374.101,1370.7
374.162,1362.7
374.222,1367.7
374.283,1353.2
374.343,1357.7
374.404,1357.2
374.465,1352.2
374.525,1333.7
374.586,1360.7
374.646,1338.7
374.707,1311.2
374.767,1403.7
374.828,1374.7
374.888,1345.2
374.949,1428.7
375.009,1370.7
375.07,1398.7
375.13,1375.7
375.19,1391.7
375.251,1386.7
375.311,1421.7
375.372,1396.2
375.432,1440.7
375.493,1402.2
375.553,1380.2
375.613,1367.2
375.674,1377.7
375.734,1369.2
375.794,1359.7
375.855,1348.7
375.915,1368.2
375.975,1374.2
376.036,1420.2
376.096,1409.7
376.156,1372.7
376.217,1314.7
376.277,1417.7
376.337,1332.7
376.398,1399.2
376.458,1395.7
376.518,1357.7
376.578,1308.7
376.639,1394.7
376.699,1334.2
376.759,1378.7
376.819,1366.2
376.88,1366.7
376.94,1383.2
377.0,1396.2
377.06,1340.7
377.12,1322.2
377.18,1387.7
377.241,1417.7
377.301,1421.2
377.361,1424.2
377.421,1397.2
377.481,1398.2
377.541,1430.2
377.601,1352.7
377.661,1430.7
377.722,1481.2
377.782,1396.7
377.842,1421.7
377.902,1406.2
377.962,1365.7
378.022,1417.2
378.082,1446.7
378.142,1458.2
378.202,1458.2
378.262,1450.2
378.322,1420.7
378.382,1400.7
378.442,1433.7
378.502,1434.2
378.562,1447.7
378.622,1453.7
378.682,1422.2
378.742,1470.2
378.802,1471.7
378.862,1472.7
378.921,1451.2
378.981,1437.2
379.041,1469.7
379.101,1518.7
379.161,1533.7
379.221,1556.7
379.281,1505.7
379.341,1561.2
379.401,1476.2
379.46,1485.2
379.52,1545.7
379.58,1548.2
379.64,1534.2
379.7,1487.2
379.759,1523.2
379.819,1532.2
379.879,1529.7
379.939,1530.7
379.999,1524.7
380.058,1526.2
380.118,1578.7
380.178,1552.2
380.237,1645.7
380.297,1560.2
380.357,1589.7
380.417,1579.2
380.476,1576.2
380.536,1551.7
380.596,1621.7
380.655,1590.2
380.715,1567.2
380.775,1552.2
380.834,1572.2
380.894,1582.7
380.954,1563.7
381.013,1536.2
381.073,1643.7
381.132,1635.7
381.192,1612.2
381.252,1629.2
381.311,1614.2
381.371,1657.2
381.43,1596.7
381.49,1700.2
381.549,1641.2
381.609,1608.2
381.668,1667.2
381.728,1760.2
381.787,1662.7
381.847,1684.7
381.906,1696.2
381.966,1727.7
382.025,1807.2
382.085,1753.2
382.144,1758.7
382.204,1749.2
382.263,1781.2
382.323,1838.7
382.382,1901.7
382.441,1912.7
382.501,1922.7
382.56,1940.2
382.619,1982.2
382.679,2053.7
382.738,2121.2
382.798,2234.7
382.857,2358.7
382.916,2476.2
382.976,2581.7
383.035,2476.7
383.094,2614.2
383.154,2800.2
383.213,3130.7
383.272,2985.7
383.331,2568.2
383.391,2454.7
383.45,2405.7
383.509,2459.7
383.568,2466.7
383.628,2594.7
383.687,2732.2
383.746,3124.2
383.805,3508.7
383.864,3431.2
383.924,2771.2
383.983,2391.7
384.042,2251.7
384.101,2208.2
384.16,2083.7
384.219,1967.7
384.279,1993.7
384.338,2012.7
384.397,1880.7
384.456,1895.2
384.515,1884.7
384.574,1874.2
384.633,1880.7
384.692,1814.7
384.751,1900.7
384.81,1872.2
384.869,1848.7
384.929,1869.7
384.988,1930.2
385.047,1800.2
385.106,1792.7
385.165,1890.7
385.224,1825.7
385.283,1833.7
385.342,1794.2
385.401,1764.7
385.459,1822.7
385.518,1820.7
385.577,1843.2
385.636,1777.7
385.695,1833.7
385.754,1846.2
385.813,1804.7
385.872,1838.2
385.931,1817.2
385.99,1748.7
386.049,1834.2
386.107,1822.2
386.166,1794.7
386.225,1791.7
386.284,1860.7
386.343,1799.2
386.402,1769.7
386.46,1843.2
386.519,1831.2
386.578,1849.7
386.637,1809.2
386.696,1861.7
386.754,1867.7
386.813,1860.2
386.872,1848.2
386.931,1821.7
386.989,1793.7
387.048,1845.7
387.107,1813.7
387.165,1793.2
387.224,1847.7
387.283,1812.7
387.342,1786.7
387.4,1862.7
387.459,1786.7
387.517,1798.2
387.576,1858.2
387.635,1795.2
387.693,1796.7
387.752,1891.2
387.811,1837.7
387.869,1800.7
387.928,1784.7
387.986,1769.2
388.045,1830.7
388.103,1860.7
388.162,1770.2
388.221,1794.7
388.279,1837.2
388.338,1775.2
388.396,1776.7
388.455,1766.2
388.513,1826.7
388.572,1845.7
388.63,1825.2
388.689,1813.7
388.747,1750.7
388.806,1832.2
388.864,1809.2
388.922,1843.2
388.981,1812.2
389.039,1780.7
389.098,1833.2
389.156,1856.7
389.214,1853.2
389.273,1867.2
389.331,1830.7
389.39,1814.7
389.448,1767.7
389.506,1804.7
389.565,1872.2
389.623,1790.7
389.681,1842.7
389.74,1848.7
389.798,1817.2
389.856,1863.7
389.914,1845.7
389.973,1889.7
390.031,1873.7
390.089,1806.7
390.147,1783.2
390.206,1867.2
390.264,1830.7
390.322,1852.2
390.38,1861.7
390.439,1851.2
390.497,1838.2
390.555,1858.7
390.613,1844.7
390.671,1860.2
390.729,1846.2
390.788,1844.7
390.846,1855.2
390.904,1857.7
390.962,1828.7
391.02,1867.2
391.078,1888.2
391.136,1893.7
391.194,1869.7
391.253,1837.2
391.311,1882.7
391.369,1893.7
391.427,1911.2
391.485,1927.2
391.543,1938.7
391.601,1903.7
391.659,1841.2
391.717,1919.2
391.775,1892.7
391.833,1917.7
391.891,1943.2
391.949,1950.7
392.007,1932.2
392.065,1944.7
392.123,2005.7
392.18,1944.2
392.238,1930.7
392.296,1930.7
392.354,1954.2
392.412,1955.7
392.47,1931.2
392.528,1931.7
392.586,1955.7
392.644,1974.7
392.701,1958.7
392.759,1861.2
392.817,1957.7
392.875,1988.2
392.933,2006.7
392.991,1938.2
393.048,1943.7
393.106,2015.2
393.164,1978.7
393.222,1966.7
393.279,2078.2
393.337,2099.2
393.395,2045.6999999999998
393.453,2023.7
393.51,2020.7
393.568,2009.7
393.626,1995.7
393.684,1985.7
393.741,2015.2
393.799,2049.2
393.857,2000.7
393.914,1975.2
393.972,2039.7
394.03,1978.2
394.087,1993.7
394.145,1990.2
394.202,2015.2
394.26,2021.1999999999998
394.318,2029.1999999999998
394.375,2055.2
394.433,2060.2
394.49,2021.7
394.548,2007.7
394.605,2059.2
394.663,2077.7
394.72,2066.2
394.778,2099.2
394.836,2080.7
394.893,2170.7
394.951,2067.7
395.008,2154.2
395.065,2031.1999999999998
395.123,2117.7
395.18,2096.7
395.238,2118.2
395.295,2196.2
395.353,2118.2
395.41,2167.2
395.468,2191.7
395.525,2208.2
395.582,2223.7
395.64,2179.7
395.697,2145.7
395.754,2154.2
395.812,2180.2
395.869,2194.7
395.927,2188.7
395.984,2107.2
396.041,2228.7
396.098,2117.7
396.156,2192.2
396.213,2140.2
396.27,2170.2
396.328,2187.2
396.385,2164.7
396.442,2218.2
396.499,2162.7
396.557,2153.2
396.614,2166.2
396.671,2200.7
396.728,2239.2
396.785,2211.7
396.843,2276.2
396.9,2214.7
396.957,2207.2
397.014,2251.2
397.071,2270.2
397.128,2259.7
397.186,2246.2
397.243,2348.7
397.3,2240.7
397.357,2149.7
397.414,2301.7
397.471,2286.2
397.528,2325.2
397.585,2344.7
397.642,2222.2
397.699,2292.7
397.756,2282.2
397.814,2323.2
397.871,2310.7
397.928,2342.7
397.985,2298.7
398.042,2336.2
398.099,2327.2
398.156,2332.2
398.212,2355.2
398.269,2363.7
398.326,2357.2
398.383,2387.2
398.44,2359.7
398.497,2461.2
398.554,2349.7
398.611,2441.2
398.668,2409.7
398.725,2381.2
398.782,2410.2
398.839,2423.7
398.895,2424.7
398.952,2399.2
399.009,2513.2
399.066,2480.7
399.123,2512.7
399.18,2576.2
399.236,2633.2
399.293,2620.2
399.35,2615.2
399.407,2646.2
399.463,2700.7
399.52,2776.2
399.577,2727.7
399.634,2786.7
399.69,2820.7
399.747,2772.7
399.804,2718.2
399.861,2764.2
399.917,2683.2
399.974,2644.2
400.031,2747.7
400.087,2646.7
400.144,2661.2
400.201,2635.7
400.257,2635.2
400.314,2620.7
400.37,2665.2
400.427,2638.7
400.484,2644.2
400.54,2612.2
400.597,2637.7
400.653,2614.7
400.71,2617.2
400.766,2619.7
400.823,2555.2
400.879,2554.7
400.936,2596.2
400.993,2579.7
401.049,2628.2
401.105,2484.2
401.162,2611.2
401.218,2543.7
401.275,2513.2
401.331,2541.2
401.388,2511.7
401.444,2522.7
401.501,2517.2
401.557,2566.2
401.614,2556.2
401.67,2500.2
401.726,2521.2
401.783,2492.7
401.839,2625.7
401.895,2555.2
401.952,2548.7
402.008,2550.7
402.064,2534.2
402.121,2582.2
402.177,2643.2
402.233,2618.2
402.29,2615.2
402.346,2549.7
402.402,2564.2
402.458,2580.2
402.515,2579.7
402.571,2598.7
402.627,2606.7
402.683,2597.2
402.74,2590.7
402.796,2621.2
402.852,2678.2
402.908,2568.7
402.964,2674.7
403.021,2609.2
403.077,2664.2
403.133,2574.7
403.189,2668.7
403.245,2681.7
403.301,2601.7
403.357,2639.2
403.414,2697.2
403.47,2665.7
403.526,2677.7
403.582,2677.2
403.638,2699.7
403.694,2675.7
403.75,2672.7
403.806,2710.2
403.862,2741.2
403.918,2714.2
403.974,2772.7
404.03,2704.2
404.086,2661.7
404.142,2782.7
404.198,2712.2
404.254,2718.7
404.31,2727.2
404.366,2738.7
404.422,2719.2
404.478,2702.2
404.534,2751.7
404.59,2717.2
404.646,2781.2
404.701,2746.7
404.757,2748.2
404.813,2727.7
404.869,2772.7
404.925,2680.7
404.981,2744.2
405.037,2752.2
405.092,2716.2
405.148,2743.2
405.204,2798.2
405.26,2738.7
405.316,2829.2
405.371,2772.7
405.427,2734.7
405.483,2841.7
405.539,2732.2
405.594,2833.2
405.65,2792.2
405.706,2749.7
405.761,2797.7
405.817,2805.7
405.873,2783.7
405.928,2821.7
405.984,2813.7
406.04,2861.2
406.095,2736.7
406.151,2844.2
406.207,2864.2
406.262,2854.2
406.318,2842.2
406.374,2917.7
406.429,2841.7
406.485,2897.2
406.54,2963.7
406.596,2903.2
406.651,2894.7
406.707,3005.2
406.763,2935.2
406.818,3047.2
406.874,3012.2
406.929,3079.2
406.985,2965.2
407.04,3044.2
407.095,3058.7
407.151,3080.7
407.206,3112.7
407.262,3180.2
407.317,3189.7
407.373,3127.2
407.428,3142.7
407.484,3107.2
407.539,3180.7
407.594,3221.2
407.65,3220.2
407.705,3252.7
407.76,3118.7
407.816,3127.2
407.871,3144.2
407.926,3081.2
407.982,3152.7
408.037,3142.2
408.092,3131.7
408.148,3101.7
408.203,3071.7
408.258,3080.7
408.314,3087.2
408.369,3127.2
408.424,3109.2
408.479,2992.2
408.534,3071.7
408.59,3004.2
408.645,3125.2
408.7,3102.2
408.755,3065.2
408.81,3072.2
408.866,2985.7
408.921,3056.7
408.976,3054.2
409.031,3059.7
409.086,3075.2
409.141,3086.2
409.196,3005.2
409.252,3027.7
409.307,3026.2
409.362,3019.7
409.417,3046.2
409.472,3039.7
409.527,3053.2
409.582,3095.2
409.637,3073.2
409.692,3063.7
409.747,3054.2
409.802,3054.7
409.857,2998.7
409.912,3075.2
409.967,3004.7
410.022,3118.7
410.077,3027.2
410.132,3038.2
410.187,3000.7
410.242,3074.7
410.297,3032.2
410.351,3070.7
410.406,3018.2
410.461,3025.2
410.516,3025.7
410.571,3005.2
410.626,3130.2
410.681,3001.2
410.736,3023.2
410.79,2981.7
410.845,3028.2
410.9,2972.2
410.955,3108.7
411.01,3086.2
411.064,3007.7
411.119,3065.7
411.174,2968.7
411.229,2998.7
411.283,3048.7
411.338,3107.2
411.393,3042.7
411.447,3003.2
411.502,3031.7
411.557,2974.7
411.612,3068.2
411.666,2933.7
411.721,3091.7
411.776,3074.7
411.83,3040.7
411.885,3075.2
411.939,3053.7
411.994,3087.2
412.049,3011.7
412.103,3052.7
412.158,3015.7
412.212,3097.7
412.267,3002.2
412.322,3075.7
412.376,3090.2
412.431,3043.7
412.485,2981.7
412.54,3083.2
412.594,2982.7
412.649,3013.2
412.703,3031.2
412.758,2976.7
412.812,3033.7
412.866,3032.7
412.921,2993.7
412.975,3025.2
413.03,2985.7
413.084,3097.2
413.139,2929.7
413.193,2984.2
413.247,3036.2
413.302,2999.7
413.356,3095.2
413.41,2994.7
413.465,3067.2
413.519,3050.7
413.573,3022.2
413.628,3022.2
413.682,3064.7
413.736,3022.7
413.791,3079.7
413.845,2998.2
413.899,2985.7
413.953,3018.7
414.008,2980.2
414.062,2968.2
414.116,3011.7
414.17,3030.2
414.225,3017.7
414.279,3003.2
414.333,3002.2
414.387,2986.2
414.441,3032.7
414.496,3032.7
414.55,3047.7
414.604,3013.2
414.658,3070.2
414.712,3043.2
414.766,2987.2
414.82,2969.7
414.874,3046.7
414.928,2963.2
414.982,3025.2
415.037,3069.2
415.091,2999.7
415.145,3027.7
415.199,3044.7
415.253,2968.2
415.307,3069.7
415.361,3093.7
415.415,2977.2
415.469,3010.2
415.523,3106.7
415.577,3091.2
415.631,3004.2
415.684,3036.2
415.738,3053.2
415.792,3070.2
415.846,3000.2
415.9,3036.2
415.954,3027.7
416.008,2987.2
416.062,2968.2
416.116,3008.7
416.169,3044.2
416.223,2960.2
416.277,3016.2
416.331,2960.2
416.385,2985.2
416.439,3059.2
416.492,2974.7
416.546,3027.7
416.6,2926.7
416.654,2997.2
416.707,2977.7
416.761,2991.7
416.815,2981.7
416.869,3052.2
416.922,2958.7
416.976,3001.7
417.03,2988.7
417.083,3036.7
417.137,2964.2
417.191,2965.7
417.244,2967.7
417.298,2985.7
417.352,3011.7
417.405,2956.7
417.459,3064.2
417.512,2948.7
417.566,2964.7
417.62,2959.7
417.673,2956.2
417.727,3041.2
417.78,2910.2
417.834,2981.2
417.887,2942.7
417.941,2917.7
417.994,2931.2
418.048,3010.2
418.101,2987.7
418.155,2970.7
418.208,2976.2
418.262,2996.7
418.315,2946.2
418.369,2993.7
418.422,2975.7
418.476,3020.2
418.529,2976.7
418.582,3021.7
418.636,2984.2
418.689,3027.7
418.743,2984.7
418.796,3005.2
418.849,3020.2
418.903,3014.2
418.956,3027.2
419.009,2964.7
419.063,2947.2
419.116,2911.2
419.169,2983.7
419.222,2922.2
419.276,3064.7
419.329,2965.2
419.382,2879.7
419.435,2943.7
419.489,2954.2
419.542,2987.2
419.595,3037.7
419.648,2976.7
419.701,2955.7
419.755,2928.7
419.808,2951.7
419.861,2889.7
419.914,2943.7
419.967,2956.7
420.02,2987.2
420.073,2923.2
420.127,2913.7
420.18,2909.2
420.233,2806.7
420.286,2866.7
420.339,2855.7
420.392,2865.7
420.445,2918.2
420.498,2857.2
420.551,2842.2
420.604,2819.7
420.657,2806.7
420.71,2813.2
420.763,2814.7
420.816,2784.2
420.869,2818.2
420.922,2809.7
420.975,2831.7
421.028,2736.7
421.081,2777.7
421.134,2813.7
421.187,2792.2
421.239,2774.2
421.292,2723.7
421.345,2689.7
421.398,2736.2
421.451,2779.7
421.504,2746.2
421.557,2731.7
421.609,2768.2
421.662,2788.2
421.715,2757.2
421.768,2722.2
421.821,2718.2
421.873,2792.7
421.926,2769.7
421.979,2771.2
422.032,2758.7
422.084,2747.7
422.137,2706.2
422.19,2772.2
422.243,2730.7
422.295,2776.7
422.348,2768.2
422.401,2754.2
422.453,2758.7
422.506,2728.2
422.559,2785.7
422.611,2762.7
422.664,2780.2
422.716,2860.2
422.769,2778.2
422.822,2738.7
422.874,2733.2
422.927,2717.7
422.979,2755.7
423.032,2662.2
423.084,2713.2
423.137,2725.7
423.189,2668.7
423.242,2772.7
423.294,2633.7
423.347,2721.2
423.399,2771.7
423.452,2721.2
423.504,2666.7
423.557,2647.2
423.609,2652.7
423.662,2741.7
423.714,2684.2
423.766,2742.7
423.819,2655.7
423.871,2692.2
423.923,2599.2
423.976,2656.2
424.028,2697.7
424.081,2618.2
424.133,2517.7
424.185,2729.7
424.238,2621.2
424.29,2662.7
424.342,2628.2
424.394,2634.2
424.447,2586.7
424.499,2635.2
424.551,2637.7
424.603,2594.2
424.656,2647.2
424.708,2624.2
424.76,2566.2
424.812,2579.7
424.864,2591.7
424.917,2570.7
424.969,2620.7
425.021,2637.7
425.073,2656.2
425.125,2588.2
425.177,2557.2
425.229,2619.7
425.282,2566.2
425.334,2562.7
425.386,2643.7
425.438,2681.7
425.49,2555.2
425.542,2571.7
425.594,2588.7
425.646,2645.7
425.698,2612.2
425.75,2566.2
425.802,2568.7
425.854,2546.2
425.906,2589.7
425.958,2603.2
426.01,2549.2
426.062,2558.2
426.114,2537.7
426.166,2526.7
426.218,2550.2
426.27,2538.2
426.321,2515.2
426.373,2529.2
426.425,2494.7
426.477,2459.2
426.529,2560.7
426.581,2499.2
426.633,2503.2
426.684,2560.7
426.736,2553.7
426.788,2480.2
426.84,2533.2
426.892,2475.2
426.943,2497.7
426.995,2416.7
427.047,2466.2
427.099,2545.2
427.15,2424.7
427.202,2466.2
427.254,2439.2
427.306,2450.2
427.357,2464.7
427.409,2416.2
427.461,2460.2
427.512,2415.7
427.564,2494.2
427.616,2479.7
427.667,2431.2
427.719,2423.2
427.77,2481.7
427.822,2494.7
427.874,2401.2
427.925,2451.7
427.977,2409.2
428.028,2495.2
428.08,2417.2
428.131,2409.2
428.183,2407.7
428.234,2418.2
428.286,2362.7
428.337,2411.7
428.389,2389.7
428.44,2433.2
428.492,2404.2
428.543,2332.7
428.595,2360.7
428.646,2385.7
428.697,2351.7
428.749,2354.2
428.8,2398.2
428.852,2417.7
428.903,2382.7
428.954,2379.2
429.006,2371.7
429.057,2352.7
429.108,2313.2
429.16,2403.7
429.211,2352.2
429.262,2346.7
429.314,2350.2
429.365,2342.7
429.416,2408.2
429.467,2378.7
429.519,2284.2
429.57,2348.2
429.621,2310.2
429.672,2321.7
429.724,2347.2
429.775,2363.2
429.826,2309.7
429.877,2264.2
429.928,2265.2
429.98,2316.7
430.031,2286.2
430.082,2369.7
430.133,2312.7
430.184,2284.7
430.235,2356.7
430.286,2330.7
430.337,2275.2
430.388,2327.2
430.439,2356.2
430.49,2277.2
430.542,2272.2
430.593,2255.2
430.644,2259.2
430.695,2301.7
430.746,2307.2
430.797,2237.2
430.848,2348.7
430.898,2272.7
430.949,2272.7
431.0,2323.7
431.051,2263.7
431.102,2335.7
431.153,2248.7
431.204,2314.2
431.255,2340.7
431.306,2333.2
431.357,2237.7
431.408,2294.7
431.458,2242.2
431.509,2251.2
431.56,2306.2
431.611,2276.7
431.662,2262.7
431.713,2347.7
431.763,2360.7
431.814,2298.2
431.865,2297.7
431.916,2247.7
431.966,2275.7
432.017,2288.2
432.068,2251.2
432.118,2285.7
432.169,2265.7
432.22,2283.7
432.271,2209.7
432.321,2212.2
432.372,2179.7
432.423,2313.2
432.473,2287.2
432.524,2210.7
432.574,2276.7
432.625,2208.2
432.676,2221.2
432.726,2230.2
432.777,2250.2
432.827,2249.2
432.878,2174.7
432.928,2255.2
432.979,2258.7
433.029,2227.7
433.08,2217.2
433.13,2186.2
433.181,2243.2
433.231,2236.7
433.282,2209.2
433.332,2223.2
433.383,2204.7
433.433,2227.2
433.484,2256.7
433.534,2234.2
433.585,2150.7
433.635,2123.7
433.685,2202.2
433.736,2153.7
433.786,2180.2
433.836,2237.2
433.887,2233.7
433.937,2237.7
433.987,2224.2
434.038,2227.7
434.088,2218.2
434.138,2249.7
434.189,2193.7
434.239,2273.2
434.289,2281.2
434.339,2244.2
434.389,2298.7
434.44,2246.7
434.49,2310.7
434.54,2239.7
434.59,2333.2
434.64,2319.2
434.691,2368.2
434.741,2307.7
434.791,2281.7
434.841,2311.7
434.891,2287.2
434.941,2236.7
434.991,2308.7
435.042,2332.2
435.092,2322.7
435.142,2336.7
435.192,2226.2
435.242,2192.2
435.292,2232.7
435.342,2266.7
435.392,2193.2
435.442,2228.2
435.492,2128.2
435.542,2153.2
435.592,2190.2
435.642,2163.7
435.692,2127.2
435.742,2231.2
435.792,2152.2
435.842,2160.2
435.891,2209.2
435.941,2124.2
435.991,2166.2
436.041,2159.7
436.091,2121.7
436.141,2142.7
436.191,2124.7
436.241,2112.7
436.29,2159.7
436.34,2135.2
436.39,2160.7
436.44,2155.2
436.49,2133.7
436.539,2077.2
436.589,2121.2
436.639,2105.7
436.689,2093.7
436.738,2101.2
436.788,2095.7
436.838,2065.7
436.887,2127.2
436.937,2081.7
436.987,2083.7
437.036,2084.7
437.086,2120.7
437.136,2120.2
437.185,2079.2
437.235,2021.2
437.285,2087.7
437.334,2011.7
437.384,2041.7
437.433,2027.2
437.483,2002.7
437.532,2019.2
437.582,1998.2
437.631,2013.1999999999998
437.681,1991.7
437.73,2038.7
437.78,2011.1999999999998
437.829,2039.7
437.879,2094.7
437.928,1998.7
437.978,1980.7
438.027,2014.7
438.077,2022.7
438.126,1957.2
438.176,2007.6999999999998
438.225,2034.2
438.274,1997.2
438.324,2047.1999999999998
438.373,2037.2
438.422,1934.2
438.472,2040.2
438.521,1990.2
438.57,1973.7
438.62,1934.2
438.669,2011.7
438.718,2015.1999999999998
438.768,1935.2
438.817,1891.2
438.866,1967.7
438.915,1904.7
438.965,1996.6999999999998
439.014,1994.2
439.063,2001.7
439.112,1990.7
439.162,2006.7
439.211,1967.2
439.26,2009.7
439.309,2007.2
439.358,2004.7
439.407,1978.2
439.456,1982.7
439.506,1941.7
439.555,1937.7
439.604,1958.7
439.653,2023.2
439.702,2029.6999999999998
439.751,1961.2
439.8,2024.1999999999998
439.849,1994.7
439.898,2000.2
439.947,1995.2
439.996,1995.2
440.045,2000.2
440.094,2056.2
440.143,1967.7
440.192,2014.7
440.241,1980.2
440.29,2043.1999999999998
440.339,1973.7
440.388,2023.1999999999998
440.437,2005.2
440.486,1960.2
440.535,2028.1999999999998
440.583,2037.6999999999998
440.632,2017.2
440.681,2010.6999999999998
440.73,1974.2
440.779,2018.7
440.828,2040.1999999999998
440.876,2011.7
440.925,2019.6999999999998
440.974,2028.7
441.023,2032.6999999999998
441.072,2044.1999999999998
441.12,2081.7
441.169,2031.6999999999998
441.218,2015.2
441.267,2066.2
441.315,2105.7
441.364,2089.2
441.413,2097.7
441.461,2072.7
441.51,2001.7
441.559,2129.2
441.607,2108.7
441.656,2086.2
441.705,2092.7
441.753,2080.2
441.802,2093.2
441.85,2120.2
441.899,2062.2
441.948,2103.2
441.996,2127.7
442.045,2065.2
442.093,2121.7
442.142,2101.2
442.19,2063.7
442.239,2041.6999999999998
442.287,2053.7
442.336,2084.2
442.384,2054.7
442.433,2069.7
442.481,2093.2
442.529,2089.7
442.578,2001.2
442.626,1976.2
442.675,2032.6999999999998
442.723,2046.1999999999998
442.771,2090.2
442.82,2033.2
442.868,1987.7
442.917,2037.2
442.965,2067.7
443.013,2040.6999999999998
443.062,2026.1999999999998
443.11,1996.7
443.158,2063.2
443.206,2015.1999999999998
443.255,2064.2
443.303,2050.7
443.351,2064.2
443.399,2057.2
443.448,2103.7
443.496,2080.7
443.544,2060.7
443.592,2039.6999999999998
443.64,2091.2
443.689,2094.7
443.737,2091.7
443.785,2125.7
443.833,2041.6999999999998
443.881,2111.2
443.929,2115.2
443.977,2025.6999999999998
444.025,2079.2
444.074,2103.7
444.122,2163.7
444.17,2193.7
444.218,2167.2
444.266,2175.7
444.314,2087.2
444.362,2165.2
444.41,2164.7
444.458,2162.7
444.506,2179.7
444.554,2189.2
444.602,2122.2
444.65,2146.7
444.698,2188.2
444.746,2242.7
444.793,2204.7
444.841,2184.2
444.889,2177.7
444.937,2190.2
444.985,2128.2
445.033,2142.7
445.081,2195.7
445.129,2220.2
445.176,2122.7
445.224,2138.2
445.272,2138.2
445.32,2144.7
445.368,2132.2
445.415,2154.7
445.463,2187.7
445.511,2088.2
445.559,2098.2
445.606,2174.2
445.654,2157.2
445.702,2079.7
445.749,2152.7
445.797,2156.2
445.845,2104.7
445.892,2177.7
445.94,2135.7
445.988,2137.2
446.035,2103.7
446.083,2131.7
446.13,2050.2
446.178,2086.7
446.226,2158.7
446.273,2114.2
446.321,2166.7
446.368,2144.7
446.416,2147.7
446.463,2124.2
446.511,2121.7
446.558,2161.7
446.606,2148.2
446.653,2160.2
446.701,2130.7
446.748,2212.2
446.796,2137.2
446.843,2210.7
446.891,2093.7
446.938,2153.7
446.985,2129.2
447.033,2231.2
447.08,2130.7
447.128,2140.7
447.175,2207.7
447.222,2171.7
447.27,2267.7
447.317,2211.7
447.364,2230.7
447.411,2176.7
447.459,2218.2
447.506,2326.2
447.553,2279.7
447.601,2272.7
447.648,2326.7
447.695,2278.2
447.742,2319.7
447.789,2373.7
447.837,2337.7
447.884,2388.7
447.931,2400.2
447.978,2344.2
448.025,2352.2
448.072,2405.2
448.12,2451.7
448.167,2418.2
448.214,2296.2
448.261,2391.7
448.308,2317.7
448.355,2298.7
448.402,2333.7
448.449,2249.7
448.496,2250.2
448.543,2262.2
448.59,2185.7
448.637,2210.2
448.684,2186.2
448.731,2172.2
448.778,2129.7
448.825,2133.7
448.872,2077.2
448.919,2201.7
448.966,2130.2
449.013,2173.2
449.06,2122.2
449.107,2075.7
449.154,2109.2
449.2,2090.7
449.247,2064.7
449.294,2024.6999999999998
449.341,2038.1999999999998
449.388,2047.1999999999998
449.435,2046.6999999999998
449.481,2044.6999999999998
449.528,2051.2
449.575,2048.2
449.622,2018.7
449.668,2027.6999999999998
449.715,1948.7
449.762,2021.2
449.809,1997.2
449.855,1944.2
449.902,1994.7
449.949,1974.7
449.995,2024.1999999999998
450.042,1937.7
450.089,1937.2
450.135,1995.2
450.182,1960.7
450.229,1934.2
450.275,1925.7
450.322,1986.2
450.368,1882.2
450.415,1988.2
450.462,1862.7
450.508,1946.2
450.555,1951.7
450.601,1952.2
450.648,1886.7
450.694,1937.2
450.741,1976.2
450.787,1906.2
450.834,1933.2
450.88,1892.2
450.927,1934.2
450.973,1881.2
451.019,1893.7
451.066,1879.7
451.112,1893.2
451.159,1844.7
451.205,1867.7
451.251,1883.7
451.298,1905.2
451.344,1914.2
451.39,1861.7
451.437,1854.2
451.483,1897.2
451.529,1764.7
451.576,1888.2
451.622,1829.2
451.668,1883.2
451.714,1865.2
451.761,1928.7
451.807,1881.2
451.853,1824.7
451.899,1838.7
451.945,1816.7
451.992,1831.7
452.038,1836.2
452.084,1825.2
452.13,1831.7
452.176,1801.7
452.222,1818.7
452.268,1898.2
452.315,1832.2
452.361,1890.2
452.407,1856.7
452.453,1825.7
452.499,1880.7
452.545,1895.7
452.591,1780.7
452.637,1809.7
452.683,1919.2
452.729,1850.7
452.775,1809.2
452.821,1861.7
452.867,1853.2
452.913,1876.7
452.959,1785.2
453.005,1855.7
453.051,1792.2
453.097,1831.2
453.142,1870.7
453.188,1779.2
453.234,1786.2
453.28,1856.2
453.326,1805.2
453.372,1849.2
453.418,1809.2
453.463,1849.2
453.509,1835.2
453.555,1837.7
453.601,1809.7
453.647,1807.7
453.692,1889.2
453.738,1782.7
453.784,1795.2
453.829,1817.2
453.875,1824.2
453.921,1781.2
453.967,1817.2
454.012,1799.2
454.058,1780.2
454.104,1751.7
454.149,1771.7
454.195,1775.7
454.24,1782.7
454.286,1780.2
454.332,1787.7
454.377,1822.7
454.423,1785.7
454.468,1812.7
454.514,1764.7
454.559,1830.2
454.605,1806.2
454.65,1830.2
454.696,1784.2
454.741,1807.7
454.787,1836.2
454.832,1772.7
454.878,1777.2
454.923,1797.7
454.969,1787.7
455.014,1777.7
455.06,1805.7
455.105,1787.2
455.15,1759.2
455.196,1791.2
455.241,1797.7
455.286,1804.2
455.332,1768.7
455.377,1774.7
455.422,1749.2
455.468,1779.7
455.513,1788.7
455.558,1799.2
455.604,1770.2
455.649,1762.2
455.694,1770.7
455.739,1804.2
455.785,1791.7
455.83,1776.2
455.875,1783.2
455.92,1744.2
455.965,1785.7
456.01,1808.2
456.056,1820.7
456.101,1771.2
456.146,1770.2
456.191,1818.2
456.236,1774.2
456.281,1742.7
456.326,1832.2
456.371,1843.7
456.416,1776.7
456.461,1823.7
456.507,1768.7
456.552,1786.7
456.597,1776.2
456.642,1801.2
456.687,1795.2
456.732,1777.7
456.776,1780.2
456.821,1772.2
456.866,1809.7
456.911,1828.2
456.956,1800.2
457.001,1810.7
457.046,1779.2
457.091,1841.2
457.136,1774.7
457.181,1821.2
457.225,1872.7
457.27,1827.2
457.315,1827.7
457.36,1857.2
457.405,1788.7
457.45,1911.2
457.494,1827.7
457.539,1802.7
457.584,1875.2
457.629,1790.2
457.673,1843.2
457.718,1834.2
457.763,1861.7
457.807,1799.7
457.852,1836.7
457.897,1866.7
457.941,1807.7
457.986,1889.7
458.031,1853.7
458.075,1804.7
458.12,1900.7
458.165,1850.7
458.209,1882.2
458.254,1907.2
458.298,1853.2
458.343,1864.2
458.387,1849.2
458.432,1883.2
458.476,1963.2
458.521,1870.7
458.565,1897.7
458.61,1926.2
458.654,1892.2
458.699,1876.7
458.743,1909.2
458.788,1950.2
458.832,1953.2
458.877,1957.7
458.921,2000.7
458.965,1927.7
459.01,1945.7
459.054,2025.6999999999998
459.099,1923.7
459.143,1965.7
459.187,1981.2
459.231,2000.2
459.276,1997.2
459.32,2018.7
459.364,2024.6999999999998
459.409,1970.7
459.453,1999.7
459.497,2026.1999999999998
459.541,2017.1999999999998
459.586,2042.6999999999998
459.63,2031.1999999999998
459.674,2045.6999999999998
459.718,2094.7
459.762,1987.7
459.807,1992.2
459.851,2042.1999999999998
459.895,2041.1999999999998
459.939,2056.2
459.983,2046.6999999999998
460.027,2031.7
460.071,2008.7
460.115,2118.7
460.159,2040.1999999999998
460.204,2039.2
460.248,2070.2
460.292,2109.2
460.336,2090.2
460.38,2087.2
460.424,2133.7
460.468,2120.2
460.512,2143.2
460.556,2123.7
460.599,2101.7
460.643,2124.2
460.687,2074.7
460.731,2069.2
460.775,2087.2
460.819,2181.2
460.863,2083.2
460.907,2101.7
460.951,2090.2
460.995,2083.2
461.038,2096.2
461.082,2088.7
461.126,2124.2
461.17,2163.2
461.214,2168.2
461.257,2129.7
461.301,2187.7
461.345,2125.7
461.389,2130.2
461.432,2222.7
461.476,2073.7
461.52,2120.7
461.563,2121.2
461.607,2145.7
461.651,2129.7
461.694,2174.2
461.738,2127.7
461.782,2181.2
461.825,2143.7
461.869,2181.2
461.913,2182.7
461.956,2196.7
462.0,2144.2
462.043,2118.2
462.087,2172.7
462.13,2174.7
462.174,2254.2
462.217,2235.2
462.261,2240.2
462.304,2197.2
462.348,2259.2
462.391,2195.7
462.435,2226.7
462.478,2205.2
462.522,2245.2
462.565,2262.7
462.608,2305.7
462.652,2280.7
462.695,2280.7
462.739,2307.2
462.782,2382.2
462.825,2280.2
462.869,2404.2
462.912,2319.7
462.955,2434.7
462.998,2373.2
463.042,2352.7
463.085,2439.2
463.128,2376.7
463.172,2258.2
453.18,2701.875
453.319,2870.875
453.458,2875.875
453.596,2869.375
453.735,2922.375
453.873,2867.375
454.012,2931.875
454.15,3036.375
454.289,2989.875
454.427,3124.375
454.566,3089.375
454.704,3096.375
454.843,3199.875
454.981,3235.875
455.12,3170.375
455.258,3239.375
455.397,3314.875
455.535,3378.875
455.674,3399.875
455.812,3431.375
455.951,3420.375
456.089,3419.375
456.227,3523.875
456.366,3584.375
456.504,3622.375
456.642,3618.875
456.781,3590.875
456.919,3689.875
457.057,3856.875
457.196,3762.375
457.334,3767.875
457.472,3871.875
457.61,3915.375
457.749,3948.875
457.887,4035.875
458.025,4061.875
458.163,4156.375
458.301,4225.875
458.44,4227.375
458.578,4318.875
458.716,4351.875
458.854,4433.875
458.992,4510.875
459.13,4485.875
459.269,4598.875
459.407,4680.375
459.545,4701.375
459.683,4808.375
459.821,4801.875
459.959,4908.875
460.097,4938.375
460.235,4906.875
460.373,5040.375
460.511,4995.375
460.649,5115.375
460.787,5167.375
460.925,5188.375
461.063,5201.875
461.201,5193.875
461.339,5289.375
461.477,5290.875
461.615,5415.875
461.753,5404.375
461.891,5430.875
462.029,5608.375
462.166,5692.375
462.304,5687.375
462.442,5823.875
462.58,5802.875
462.718,5841.875
462.856,5954.875
462.993,5843.875
463.131,5940.375
463.269,5884.375
463.407,5708.875
463.545,5757.375
463.682,5786.875
463.82,6049.375
463.958,6225.375
464.095,6269.875
464.233,6318.875
464.371,6405.375
464.509,6294.375
464.646,6329.375
464.784,6171.375
464.921,6167.375
465.059,6093.875
465.197,5996.375
465.334,5833.875
465.472,5777.875
465.609,5724.875
465.747,5692.875
465.885,5560.375
466.022,5534.375
466.16,5590.875
466.297,5617.875
466.435,5487.375
466.572,5677.375
466.71,5551.875
466.847,5519.875
466.985,5506.375
467.122,5496.375
467.26,5469.875
467.397,5484.375
467.534,5376.875
467.672,5448.875
467.809,5412.375
467.947,5479.375
468.084,5441.875
468.221,5511.375
468.359,5493.875
468.496,5528.375
468.633,5432.875
468.771,5570.375
468.908,5514.875
469.045,5561.875
469.183,5527.375
469.32,5638.875
469.457,5717.375
469.594,5668.875
469.732,5621.375
469.869,5704.875
470.006,5807.375
470.143,5802.875
470.28,5802.375
470.417,5874.375
470.555,5783.875
470.692,5812.375
470.829,5848.375
470.966,5817.875
471.103,5838.375
471.24,5817.375
471.377,5814.875
471.514,5767.875
471.651,5724.875
471.789,5784.875
471.926,5660.875
472.063,5698.375
472.2,5575.375
472.337,5510.375
472.474,5593.875
472.611,5506.875
472.748,5600.875
472.884,5648.875
473.021,5594.875
473.158,5496.875
473.295,5532.875
473.432,5547.375
473.569,5508.375
473.706,5434.375
473.843,5492.375
473.98,5467.375
474.117,5544.375
474.253,5657.375
474.39,5594.375
474.527,5602.875
474.664,5532.875
474.801,5565.375
474.937,5681.375
475.074,5647.875
475.211,5631.875
475.348,5548.875
475.484,5708.875
475.621,5607.875
475.758,5788.875
475.894,5659.375
476.031,5616.375
476.168,5535.375
476.304,5589.375
476.441,5727.875
476.578,5701.875
476.714,5643.875
476.851,5773.375
476.987,5861.375
477.124,5872.375
477.261,5819.375
477.397,5861.375
477.534,5890.875
477.67,5963.875
477.807,6059.375
477.943,6145.875
478.08,6075.375
478.216,6167.875
478.353,6115.875
478.489,6206.375
478.626,6278.375
478.762,6321.375
478.898,6347.875
479.035,6343.875
479.171,6414.875
479.308,6222.375
479.444,6365.875
479.58,6301.875
479.717,6331.875
479.853,6302.875
479.989,6416.875
480.126,6520.875
480.262,6454.375
480.398,6492.375
480.535,6495.875
480.671,6484.875
480.807,6398.375
480.943,6537.375
481.08,6360.875
481.216,6392.875
481.352,6355.375
481.488,6377.375
481.624,6401.875
481.76,6257.875
481.897,6334.875
482.033,6277.875
482.169,6296.875
482.305,6336.875
482.441,6264.375
482.577,6277.375
482.713,6350.875
482.849,6313.375
482.985,6138.375
483.121,6265.375
483.258,6286.875
483.394,6308.875
483.53,6377.375
483.665,6338.875
483.801,6306.375
483.937,6342.875
484.073,6226.375
484.209,6368.875
484.345,6248.375
484.481,6420.875
484.617,6365.375
484.753,6387.875
484.889,6310.875
485.025,6395.375
485.161,6329.375
485.296,6510.375
485.432,6451.875
485.568,6437.875
485.704,6390.375
485.84,6381.375
485.975,6449.375
486.111,6453.875
486.247,6523.875
486.383,6517.875
486.518,6404.375
486.654,6494.375
486.79,6454.875
486.926,6393.875
487.061,6436.875
487.197,6454.875
487.333,6421.875
487.468,6490.875
487.604,6471.875
487.74,6424.875
487.875,6444.375
488.011,6520.375
488.146,6562.875
488.282,6418.875
488.417,6529.875
488.553,6428.875
488.688,6478.375
488.824,6474.875
488.96,6465.875
489.095,6525.875
489.23,6528.875
489.366,6531.875
489.501,6595.875
489.637,6601.875
489.772,6620.375
489.908,6689.875
490.043,6578.875
490.178,6709.375
490.314,6539.375
490.449,6583.375
490.585,6645.375
490.72,6667.375
490.855,6630.875
490.991,6524.875
491.126,6517.375
491.261,6576.875
491.396,6690.875
491.532,6695.375
491.667,6680.875
491.802,6756.375
491.937,6718.375
492.073,6807.875
492.208,6736.375
492.343,6773.375
492.478,6920.375
492.613,6895.375
492.749,6844.875
492.884,6777.375
493.019,6923.375
493.154,6743.375
493.289,6675.875
493.424,6770.875
493.559,6814.375
493.694,6844.375
493.829,6792.875
493.964,6787.875
494.099,6844.375
494.234,6798.375
494.369,6698.375
494.504,6790.375
494.639,6774.375
494.774,6757.875
494.909,6725.375
495.044,6804.375
495.179,6704.375
495.314,6815.375
495.449,6901.875
495.584,6723.375
495.719,6806.875
495.854,6869.375
495.988,6930.375
496.123,6923.875
496.258,6905.875
496.393,7035.875
496.528,7039.375
496.663,7188.875
496.797,7185.375
496.932,7266.875
497.067,7352.375
497.202,7344.875
497.336,7513.875
497.471,7664.375
497.606,7740.375
497.74,7999.875
497.875,8151.375
498.01,8376.375
498.144,8450.875
498.279,8712.375
498.414,8868.875
498.548,8951.375
498.683,8905.875
498.817,9037.875
498.952,9263.375
499.087,9446.375
499.221,9689.875
499.356,9835.875
499.49,10125.875
499.625,10521.375
499.759,10801.875
499.894,11110.875
500.028,11334.875
500.162,11630.875
500.297,11768.375
500.431,11898.375
500.566,11840.875
500.7,11729.375
500.835,11527.375
500.969,11092.375
501.103,10884.375
501.238,10517.375
501.372,10055.875
501.506,9798.875
501.641,9477.875
501.775,9075.375
501.909,8786.375
502.043,8762.875
502.178,8527.375
502.312,8346.875
502.446,8168.875
502.58,8106.875
502.715,7887.375
502.849,7857.375
502.983,7811.875
503.117,7654.375
503.251,7563.875
503.385,7431.875
503.52,7283.375
503.654,7211.375
503.788,7081.375
503.922,7043.875
504.056,7063.375
504.19,6906.375
504.324,6826.875
504.458,6865.875
504.592,6792.875
504.726,6748.875
504.86,6549.875
504.994,6482.375
505.128,6408.375
505.262,6249.875
505.396,6328.375
505.53,6132.875
505.664,5974.875
505.798,5971.875
505.932,5856.375
506.066,5793.375
506.199,5756.875
506.333,5795.375
506.467,5629.375
506.601,5590.875
506.735,5558.875
506.869,5601.875
507.002,5540.375
507.136,5585.375
507.27,5529.375
507.404,5434.875
507.537,5391.875
507.671,5427.375
507.805,5326.375
507.939,5251.875
508.072,5279.875
508.206,5234.375
508.34,5252.375
508.473,5215.875
508.607,5247.375
508.74,5225.875
508.874,5343.875
509.008,5225.875
509.141,5161.375
509.275,5143.375
509.408,5236.375
509.542,5128.375
509.675,5122.875
509.809,5102.875
509.942,5040.875
510.076,5034.875
510.209,4946.875
510.343,4964.875
510.476,5043.875
510.61,4952.375
510.743,4898.875
510.877,4922.375
511.01,4845.875
511.143,4922.375
511.277,4896.875
511.41,4833.375
511.543,4937.375
511.677,4822.875
511.81,4836.375
511.943,4826.875
512.077,4888.875
512.21,4846.875
512.343,4789.875
512.476,4865.375
512.61,4779.875
512.743,4870.875
512.876,4878.875
513.009,4944.375
513.142,4796.375
513.276,4843.375
513.409,4792.375
513.542,4879.875
513.675,4886.375
513.808,4805.875
513.941,4778.875
514.074,4802.875
514.207,4808.875
514.34,4809.875
514.474,4771.375
514.607,4870.375
514.74,4859.375
514.873,4917.875
515.006,5053.375
515.139,4974.875
515.272,5099.375
515.404,5237.875
515.537,5252.375
515.67,5197.375
515.803,5111.875
515.936,5073.875
516.069,5296.875
516.202,5166.875
516.335,5326.375
516.468,5515.875
516.6,5961.375
516.733,6846.875
516.866,6867.375
516.999,6528.875
517.132,7511.375
517.264,9597.375
517.397,9477.875
517.53,7850.875
517.663,6977.875
517.795,6572.875
517.928,6419.375
518.061,6406.875
518.193,7602.875
518.326,10995.875
518.459,11781.875
518.591,9352.375
518.724,7496.375
518.857,6652.875
518.989,6229.875
519.122,5810.375
519.254,5758.875
519.387,5498.375
519.519,5328.875
519.652,5279.875
519.784,5176.875
519.917,5092.875
520.049,5075.875
520.182,4978.375
520.314,4979.375
520.447,5013.875
520.579,4924.875
520.712,4833.375
520.844,4830.875
520.976,4692.375
521.109,4658.375
521.241,4557.875
521.373,4593.375
521.506,4576.875
521.638,4409.875
521.77,4488.375
521.903,4427.875
522.035,4408.375
522.167,4396.375
522.3,4380.875
522.432,4349.875
522.564,4335.375
522.696,4237.875
522.828,4270.375
522.961,4217.375
523.093,4210.875
523.225,4235.875
523.357,4199.375
523.489,4210.875
523.621,4156.375
523.753,4120.375
523.885,4009.875
524.018,4079.375
524.15,4027.375
524.282,4075.375
524.414,4024.875
524.546,4029.375
524.678,4033.375
524.81,4033.375
524.942,4022.875
525.074,3966.375
525.206,3942.375
525.338,3960.875
525.469,3953.375
525.601,3960.375
525.733,3811.875
525.865,3928.375
525.997,3954.375
526.129,3907.875
526.261,3914.375
526.393,3965.375
526.524,3929.875
526.656,3963.375
526.788,3910.375
526.92,3907.375
527.052,3811.375
527.183,3901.875
527.315,3909.875
527.447,3846.375
527.578,3832.375
527.71,3821.875
527.842,3812.875
527.973,3929.375
528.105,3819.375
528.237,3850.375
528.368,3761.375
528.5,3838.375
528.632,3848.375
528.763,3793.375
528.895,3838.375
529.026,3841.375
529.158,3792.375
529.289,3817.375
529.421,3872.375
529.552,3853.375
529.684,3797.375
529.815,3832.875
529.947,3786.375
530.078,3884.875
530.21,3806.875
530.341,3799.375
530.472,3775.875
530.604,3806.375
530.735,3829.875
530.867,3873.375
530.998,3793.875
531.129,3868.875
531.26,3916.375
531.392,3861.375
531.523,3960.375
531.654,3912.375
531.786,4026.375
531.917,4047.375
532.048,3895.375
532.179,3999.375
532.311,3863.375
532.442,3949.375
532.573,3888.375
532.704,3816.875
532.835,3821.375
532.966,3907.875
533.097,3733.375
533.229,3827.375
533.36,3808.375
533.491,3836.875
533.622,3792.875
533.753,3806.875
533.884,3849.875
534.015,3870.375
534.146,3845.375
534.277,3951.875
534.408,3959.875
534.539,3886.375
534.67,3847.375
534.801,3837.375
534.932,3825.375
535.063,3771.375
535.194,3734.375
535.324,3744.375
535.455,3701.375
535.586,3786.875
535.717,3756.375
535.848,3679.875
535.979,3784.875
536.109,3712.375
536.24,3656.875
536.371,3746.875
536.502,3730.875
536.632,3669.875
536.763,3598.375
536.894,3589.875
537.025,3534.875
537.155,3597.375
537.286,3614.875
537.417,3635.375
537.547,3603.875
537.678,3659.875
537.808,3663.375
537.939,3666.375
538.07,3673.375
538.2,3645.375
538.331,3570.375
538.461,3533.875
538.592,3614.375
538.722,3680.875
538.853,3630.375
538.983,3608.375
539.114,3590.375
539.244,3633.375
539.375,3636.875
539.505,3598.375
539.636,3657.875
539.766,3715.375
539.896,3619.375
540.027,3699.375
540.157,3595.375
540.287,3577.875
540.418,3619.875
540.548,3639.375
540.678,3638.375
540.809,3630.875
540.939,3738.875
541.069,3748.375
541.2,3668.375
541.33,3762.875
541.46,3701.375
541.59,3728.875
541.72,3703.875
541.851,3732.375
541.981,3785.875
542.111,3805.375
542.241,3818.875
542.371,3836.375
542.501,3891.875
542.631,3941.875
542.761,4005.375
542.891,4008.875
543.021,4020.375
543.151,4032.875
543.281,4002.875
543.411,3928.375
543.542,3918.875
543.671,3901.375
543.801,3945.875
543.931,3916.375
544.061,3947.875
544.191,3921.375
544.321,3851.375
544.451,3947.875
544.581,4047.375
544.711,4059.375
544.841,4122.375
544.97,4075.875
545.1,4153.875
545.23,4265.875
545.36,4231.875
545.49,4169.375
545.619,4111.375
545.749,4002.375
545.879,3893.875
546.009,3894.875
546.138,4024.375
546.268,3902.375
546.398,3919.375
546.527,3911.875
546.657,3965.875
546.786,3927.875
546.916,3984.875
547.046,4073.875
547.175,3873.375
547.305,3961.375
547.434,4008.375
547.564,3958.375
547.693,3980.875
547.823,3972.875
547.953,3965.875
548.082,3980.875
548.211,3872.375
548.341,3836.875
548.47,3925.875
548.6,3900.875
548.729,3914.875
548.859,3904.875
548.988,3984.375
549.117,3979.875
549.247,3922.875
549.376,4017.875
549.505,3995.875
549.635,3961.875
549.764,4032.375
549.893,3999.375
550.023,4073.875
550.152,4056.875
550.281,4050.875
550.41,4125.375
550.539,4072.875
550.669,4053.875
550.798,4066.875
550.927,4002.375
551.056,4102.875
551.185,4076.375
551.314,3979.375
551.443,4034.875
551.573,4095.375
551.702,4145.375
551.831,4109.875
551.96,4047.375
552.089,4124.375
552.218,4164.875
552.347,4110.375
552.476,4232.375
552.605,4270.875
552.734,4223.875
552.863,4272.375
552.992,4395.875
553.121,4418.875
553.249,4378.875
553.378,4238.375
553.507,4270.375
553.636,4295.875
553.765,4250.875
553.894,4170.375
554.023,4235.875
554.151,4183.375
554.28,4171.375
554.409,4155.375
554.538,4114.375
554.666,4148.375
554.795,4052.375
554.924,4077.375
555.052,4060.375
555.181,4085.375
555.31,4102.375
555.439,4008.375
555.567,4003.875
555.696,4002.375
555.824,3949.375
555.953,4025.375
556.082,3972.875
556.21,4037.875
556.339,4095.875
556.467,4008.375
556.596,3980.875
556.724,4034.375
556.853,3971.375
556.981,4013.875
557.11,3919.375
557.238,4016.875
557.367,3895.375
557.495,3885.375
557.623,3915.375
557.752,3971.375
557.88,4006.375
558.008,3949.375
558.137,3959.375
558.265,3988.375
558.393,3900.875
558.522,3908.375
558.65,4021.375
558.778,4032.875
558.906,4031.875
559.035,3986.875
559.163,4000.875
559.291,3957.875
559.419,4024.375
559.548,4009.875
559.676,4009.375
559.804,4123.375
559.932,4061.375
560.06,4064.875
560.188,4078.875
560.316,4140.375
560.444,4086.875
560.572,4208.375
560.7,4241.375
560.828,4240.375
560.956,4284.375
561.085,4188.375
561.212,4230.875
561.34,4219.375
561.468,4281.375
561.596,4244.375
561.724,4269.875
561.852,4277.875
561.98,4297.375
562.108,4386.375
562.236,4303.875
562.364,4393.375
562.492,4374.875
562.619,4423.375
562.747,4380.875
562.875,4427.875
563.003,4527.875
563.13,4639.375
563.258,4580.375
563.386,4666.875
563.514,4681.375
563.641,4792.875
563.769,4802.375
563.897,4941.375
564.024,5010.875
564.152,5041.375
564.28,5039.375
564.407,5076.875
564.535,5051.875
564.662,5163.875
564.79,5157.375
564.917,5221.875
565.045,5247.375
565.173,5206.375
565.3,5326.875
565.428,5517.875
565.555,5431.875
565.682,5565.375
565.81,5751.875
565.937,5881.875
566.065,6011.875
566.192,6107.375
566.32,6324.375
566.447,6426.875
566.574,6423.875
566.702,6588.375
566.829,6669.375
566.956,6789.375
567.083,6828.375
567.211,6786.375
567.338,6928.875
567.465,6996.875
567.593,6940.875
567.72,6947.375
567.847,7041.875
567.974,7183.375
568.101,7465.375
568.228,8587.875
568.356,8962.875
568.483,8683.875
568.61,8590.375
568.737,9732.375
568.864,11036.875
568.991,10620.875
569.118,9221.875
569.245,8425.375
569.372,7906.875
569.499,7384.375
569.626,7038.875
569.753,6779.875
569.88,6590.375
570.007,6441.375
570.134,6212.875
570.261,6185.875
570.388,6080.875
570.515,5884.875
570.642,5784.375
570.768,5733.875
570.895,5702.375
571.022,5601.375
571.149,5571.875
571.276,5526.875
571.402,5461.875
571.529,5370.875
571.656,5209.375
571.783,5200.875
571.909,5115.875
572.036,5053.875
572.163,5114.375
572.289,5020.875
572.416,4961.875
572.543,4948.375
572.669,4910.375
572.796,4898.875
572.922,4766.375
573.049,4821.875
573.176,4740.875
573.302,4746.375
573.429,4782.875
573.555,4697.375
573.682,4727.875
573.808,4673.375
573.935,4690.375
574.061,4603.875
574.188,4617.875
574.314,4617.375
574.44,4609.875
574.567,4726.375
574.693,4640.375
574.82,4658.875
574.946,4572.875
575.072,4542.375
575.198,4473.375
575.325,4706.375
575.451,4565.875
575.577,4624.375
575.704,4522.375
575.83,4572.875
575.956,4573.375
576.082,4598.375
576.208,4626.375
576.335,4519.875
576.461,4595.875
576.587,4443.875
576.713,4595.375
576.839,4560.375
576.965,4646.875
577.091,4443.375
577.217,4607.375
577.343,4604.875
577.469,4555.375
577.596,4547.375
577.722,4495.875
577.848,4500.375
577.974,4556.875
578.099,4505.875
578.225,4528.875
578.351,4529.375
578.477,4582.375
578.603,4565.375
578.729,4613.375
578.855,4554.375
578.981,4755.875
579.107,4693.875
579.232,4642.875
579.358,4738.875
579.484,4668.875
579.61,4657.875
579.735,4654.375
579.861,4696.375
579.987,4739.375
580.113,4785.375
580.238,4794.375
580.364,4832.375
580.49,4891.375
580.615,4867.375
580.741,4867.875
580.867,4864.375
580.992,4950.875
581.118,4997.875
581.243,5038.875
581.369,5019.875
581.494,4984.375
581.62,5114.375
581.745,5102.875
581.871,5144.875
581.996,5349.875
582.122,5201.375
582.247,5240.375
582.373,5340.375
582.498,5281.875
582.624,5382.875
582.749,5469.875
582.874,5591.375
583.0,5536.375
583.125,5571.375
583.25,5656.375
583.376,5743.375
583.501,5754.875
583.626,5911.375
583.751,5976.875
583.877,6118.375
584.002,6146.875
584.127,6259.375
584.252,6445.875
584.377,6370.875
584.503,6483.375
584.628,6678.875
584.753,6671.875
584.878,6779.875
585.003,7007.875
585.128,7200.875
585.253,7442.875
585.378,7613.875
585.503,7776.875
585.628,7818.875
585.753,8213.875
585.878,8416.875
586.003,8625.375
586.128,8881.375
586.253,9129.875
586.378,9425.375
586.503,9819.875
586.628,10346.875
586.753,10841.875
586.878,11299.875
587.003,11859.875
587.127,12378.375
587.252,13028.375
587.377,13864.375
587.502,14618.375
587.627,15874.875
587.751,16928.375
587.876,18302.375
588.001,19992.375
588.125,21949.375
588.25,24489.375
588.375,27796.375
588.499,31694.375
588.624,37297.375
588.749,45232.875
588.873,53179.875
588.998,59555.375
589.122,61634.375
589.247,57879.875
589.372,53559.375
589.496,54863.875
589.621,57928.375
589.745,55620.375
589.87,47741.875
589.994,39579.875
590.118,34138.875
590.243,29568.375
590.367,26210.875
590.492,23598.375
590.616,21646.375
590.74,19791.875
590.865,18301.375
590.989,16963.375
591.114,15880.375
591.238,15047.375
591.362,14204.375
591.486,13398.875
591.611,12949.875
591.735,12252.375
591.859,11856.875
591.983,11417.375
592.107,10914.375
592.232,10615.875
592.356,10323.875
592.48,10083.375
592.604,9695.375
592.728,9399.875
592.852,9235.875
592.976,8964.875
593.1,8744.375
593.224,8574.875
593.349,8550.375
593.473,8268.375
593.597,8111.375
593.721,7937.375
593.844,7822.875
593.968,7708.375
594.092,7601.375
594.216,7397.875
594.34,7285.875
594.464,7184.375
594.588,7060.375
594.712,6945.875
594.836,6738.375
594.959,6680.375
595.083,6497.875
595.207,6385.375
595.331,6281.875
595.455,6169.375
595.578,6107.875
595.702,5964.875
595.826,5964.875
595.949,5814.375
596.073,5761.875
596.197,5692.375
596.32,5665.875
596.444,5497.375
596.568,5559.875
596.691,5435.375
596.815,5324.375
596.938,5262.375
597.062,5280.875
597.186,5213.375
597.309,5167.875
597.433,5028.375
597.556,5052.375
597.68,4940.375
597.803,4967.375
597.926,4885.375
598.05,4818.875
598.173,4817.875
598.297,4701.875
598.42,4767.375
598.543,4754.875
598.667,4630.875
598.79,4689.375
598.913,4546.875
599.037,4550.875
599.16,4563.875
599.283,4615.875
599.406,4489.875
599.53,4473.375
599.653,4504.875
599.776,4396.875
599.899,4437.375
600.022,4344.875
600.145,4374.875
600.269,4315.375
600.392,4302.875
600.515,4255.375
600.638,4229.375
600.761,4251.875
600.884,4105.875
601.007,4226.875
601.13,4249.875
601.253,4194.375
601.376,4085.375
601.499,4110.375
601.622,4141.375
601.745,4110.375
601.868,4160.875
601.991,3996.375
602.113,4025.375
602.236,4005.875
602.359,4090.375
602.482,3964.375
602.605,4076.375
602.728,3940.375
602.85,3941.375
602.973,3932.375
603.096,3962.375
603.219,4016.875
603.341,3954.375
603.464,3981.375
603.587,3901.875
603.709,3835.875
603.832,3771.375
603.955,3890.875
604.077,3861.875
604.2,3923.875
604.323,3849.375
604.445,3889.375
604.568,3838.875
604.69,3797.375
604.813,3805.375
604.935,3838.375
605.058,3840.375
605.18,3789.375
605.303,3783.875
605.425,3806.375
605.547,3767.375
605.67,3710.375
605.792,3650.375
605.915,3740.875
606.037,3688.375
606.159,3651.375
606.282,3699.375
606.404,3724.875
606.526,3672.375
606.648,3617.375
606.771,3636.375
606.893,3585.875
607.015,3709.875
607.137,3614.875
607.26,3531.375
607.382,3706.375
607.504,3528.375
607.626,3623.875
607.748,3647.375
607.87,3548.375
607.992,3538.875
608.114,3560.375
608.237,3532.375
608.359,3589.875
608.481,3546.375
608.603,3539.875
608.725,3614.375
608.847,3523.375
608.969,3541.875
609.09,3515.875
609.212,3475.375
609.334,3514.375
609.456,3616.875
609.578,3520.875
609.7,3450.875
609.822,3528.875
609.944,3514.875
610.065,3419.875
610.187,3498.875
610.309,3520.875
610.431,3475.375
610.552,3488.375
610.674,3432.375
610.796,3499.375
610.918,3458.375
611.039,3476.375
611.161,3450.375
611.282,3420.875
611.404,3464.875
611.526,3469.375
611.647,3476.375
611.769,3384.875
611.89,3396.375
612.012,3403.875
612.133,3370.375
612.255,3384.875
612.377,3370.875
612.498,3477.375
612.619,3443.375
612.741,3385.375
612.862,3430.375
612.984,3392.375
613.105,3380.875
613.226,3407.875
613.348,3359.875
613.469,3384.375
613.59,3278.375
613.712,3418.375
613.833,3355.375
613.954,3320.875
614.076,3383.875
614.197,3389.375
614.318,3306.875
614.439,3359.375
614.56,3395.375
614.682,3361.875
614.803,3361.875
614.924,3373.875
615.045,3408.375
615.166,3543.375
615.287,3744.875
615.408,4273.875
615.529,4461.375
615.65,4173.375
615.771,3921.875
615.892,4071.875
616.013,4853.875
616.134,5501.875
616.255,5010.875
616.376,4463.875
616.497,4089.375
616.618,3931.875
616.739,3865.875
616.86,3726.375
616.981,3686.375
617.102,3589.875
617.222,3544.375
617.343,3552.375
617.464,3497.875
617.585,3474.875
617.705,3462.875
617.826,3460.875
617.947,3431.375
618.068,3406.875
618.188,3466.375
618.309,3412.875
618.43,3322.375
618.55,3345.875
618.671,3335.875
618.791,3403.375
618.912,3320.375
619.033,3328.375
619.153,3282.875
619.274,3265.375
619.394,3201.375
619.515,3191.375
619.635,3233.875
619.756,3229.375
619.876,3262.375
619.996,3254.375
620.117,3319.375
620.237,3311.875
620.358,3245.875
620.478,3186.375
620.598,3247.875
620.719,3189.375
620.839,3213.875
620.959,3187.875
621.079,3136.875
621.2,3144.875
621.32,3157.375
621.44,3187.375
621.56,3062.875
621.681,3169.875
621.801,3182.875
621.921,3161.375
622.041,3055.375
622.161,3151.875
622.281,3170.875
622.401,3122.375
622.521,3053.375
622.641,3116.875
622.761,3098.375
622.882,3082.875
623.002,3058.875
623.121,3039.375
623.241,3131.375
623.361,3023.875
623.481,3006.875
623.601,3087.375
623.721,2974.875
623.841,3069.375
623.961,3024.875
624.081,3056.875
624.201,3012.375
624.32,3000.875
624.44,3006.875
624.56,3006.875
624.68,3013.875
624.799,2984.375
624.919,2936.875
625.039,3017.375
625.159,2979.875
625.278,2969.375
625.398,2944.375
625.518,3042.875
625.637,2958.375
625.757,2999.375
625.876,2908.875
625.996,2971.375
626.115,2989.875
626.235,2990.375
626.354,2955.375
626.474,2951.875
626.594,2964.875
626.713,2878.375
626.832,2895.375
626.952,2898.375
627.071,2891.375
627.191,2910.875
627.31,2934.375
627.429,2933.875
627.549,2839.375
627.668,2917.875
627.787,2958.875
627.907,2870.875
628.026,2925.375
628.145,2861.375
628.264,2883.375
628.384,2943.375
628.503,2874.375
628.622,2861.375
628.741,2894.875
628.86,2898.875
628.98,2908.375
629.099,2880.375
629.218,2894.875
629.337,2903.375
629.456,2898.875
629.575,2860.875
629.694,2907.375
629.813,2901.875
629.932,2822.375
630.051,2883.875
630.17,2826.875
630.289,2802.875
630.408,2866.375
630.527,2840.875
630.646,2899.875
630.764,2823.875
630.883,2872.875
631.002,2870.375
631.121,2855.375
631.24,2838.375
631.359,2843.875
631.477,2830.875
631.596,2837.375
631.715,2826.875
631.834,2813.375
631.952,2803.375
632.071,2832.875
632.19,2736.375
632.308,2802.375
632.427,2867.375
632.546,2751.875
632.664,2801.875
632.783,2796.375
632.901,2831.875
633.02,2794.875
633.138,2726.375
633.257,2821.375
633.375,2798.875
633.494,2784.375
633.612,2744.875
633.731,2726.875
633.849,2793.875
633.968,2752.875
634.086,2707.875
634.204,2795.375
634.323,2795.375
634.441,2744.875
634.559,2790.375
634.678,2702.375
634.796,2675.375
634.914,2799.375
635.032,2765.875
635.151,2691.875
635.269,2634.875
635.387,2755.375
635.505,2696.375
635.623,2683.375
635.742,2718.375
635.86,2744.875
635.978,2688.375
636.096,2656.375
636.214,2715.875
636.332,2651.375
636.45,2707.875
636.568,2636.375
636.686,2664.375
636.804,2723.875
636.922,2713.875
637.04,2664.375
637.158,2701.375
637.276,2739.375
637.394,2704.875
637.512,2705.375
637.629,2703.875
637.747,2641.875
637.865,2570.875
637.983,2653.875
638.101,2601.875
638.218,2649.875
638.336,2647.375
638.454,2644.875
638.572,2605.375
638.689,2660.375
638.807,2651.375
638.925,2661.375
639.042,2585.875
639.16,2707.875
639.278,2617.375
639.395,2585.375
639.513,2545.875
639.63,2662.375
639.748,2651.875
639.865,2654.875
639.983,2617.875
640.1,2600.375
640.218,2624.875
640.335,2572.375
640.453,2660.875
640.57,2563.375
640.688,2625.375
640.805,2550.375
640.922,2644.875
641.04,2563.375
641.157,2614.875
641.274,2573.375
641.391,2569.875
641.509,2620.375
641.626,2560.875
641.743,2590.875
641.86,2580.375
641.978,2481.875
642.095,2544.375
642.212,2615.375
642.329,2639.875
642.446,2573.375
642.563,2615.875
642.681,2579.875
642.798,2533.375
642.915,2672.875
643.032,2558.875
643.149,2518.875
643.266,2565.375
643.383,2559.875
643.5,2602.875
643.617,2584.375
643.734,2633.875
643.85,2566.875
643.967,2536.875
644.084,2559.875
644.201,2580.875
644.318,2621.375
644.435,2506.375
644.552,2595.375
644.668,2564.875
644.785,2561.375
644.902,2610.375
645.019,2615.375
645.135,2586.875
645.252,2579.375
645.369,2626.375
645.485,2636.375
645.602,2665.375
645.719,2612.875
645.835,2697.875
645.952,2656.375
646.068,2613.375
646.185,2581.375
646.302,2618.375
646.418,2708.375
646.535,2639.875
646.651,2666.375
646.768,2686.375
646.884,2709.875
647.0,2717.875
647.117,2663.875
647.233,2733.875
647.35,2759.375
647.466,2645.375
647.582,2755.875
647.699,2770.875
647.815,2803.375
647.931,2801.375
648.047,2789.875
648.164,2852.375
648.28,2733.875
648.396,2762.875
648.512,2797.375
648.629,2756.875
648.745,2803.875
648.861,2808.375
648.977,2787.375
649.093,2763.875
649.209,2848.375
649.325,2738.375
649.441,2791.375
649.557,2821.875
649.673,2781.875
649.789,2804.375
649.905,2749.875
650.021,2846.875
650.137,2804.375
650.253,2868.875
650.369,2816.375
650.485,2753.875
650.601,2773.375
650.717,2803.375
650.833,2833.875
650.948,2914.375
651.064,2837.375
651.18,2809.375
651.296,2843.375
651.411,2823.375
651.527,2812.875
651.643,2841.375
651.759,2820.375
651.874,2881.375
651.99,2905.875
652.105,2869.875
652.221,2973.875
652.337,2901.375
652.452,2923.375
652.568,2953.375
652.683,3004.375
652.799,3069.375
652.914,3117.875
653.03,3059.875
653.145,3067.875
653.261,3115.375
653.376,3104.375
653.492,3195.375
653.607,3208.375
653.722,3260.875
653.838,3229.375
653.953,3406.375
654.068,3379.875
654.184,3422.375
654.299,3485.375
654.414,3528.875
654.53,3555.875
654.645,3602.875
654.76,3715.875
654.875,3787.875
654.99,3867.875
655.106,3912.875
655.221,3943.375
655.336,4024.375
655.451,4200.875
655.566,4293.875
655.681,4490.875
655.796,4653.875
655.911,4857.875
656.026,4987.875
656.141,5243.375
656.256,5388.875
656.371,5480.375
656.486,5456.375
656.601,5349.375
656.716,5229.375
656.831,5031.375
656.946,4934.375
657.06,4782.875
657.175,4664.875
657.29,4659.375
657.405,4374.375
657.52,4375.375
657.634,4220.375
657.749,4167.875
657.864,4102.875
657.979,3959.375
658.093,3939.875
658.208,3853.875
658.323,3732.375
658.437,3746.375
658.552,3684.375
658.666,3657.875
658.781,3539.375
658.895,3511.875
659.01,3545.375
659.125,3427.875
659.239,3423.375
659.353,3275.375
659.468,3337.375
659.582,3263.875
659.697,3234.875
659.811,3195.375
659.926,3122.875
660.04,3193.875
660.154,3127.375
660.269,3169.875
660.383,3131.875
660.497,3131.375
660.612,3019.375
660.726,2979.375
660.84,3009.375
660.954,2989.875
661.068,3038.875
661.183,2950.875
661.297,2833.375
661.411,2896.875
661.525,2841.875
661.639,2808.875
661.753,2798.875
661.867,2784.375
661.981,2753.875
662.095,2696.875
662.209,2658.875
662.323,2604.375
662.437,2687.375
662.551,2664.375
662.665,2576.375
662.779,2585.375
662.893,2588.375
663.007,2666.375
663.121,2511.875
663.235,2596.875
663.349,2490.375
663.462,2549.875
663.576,2477.875
663.69,2513.875
663.804,2464.875
663.917,2446.375
664.031,2427.375
664.145,2471.875
664.258,2427.375
664.372,2435.875
664.486,2428.375
664.599,2385.375
664.713,2368.875
664.827,2433.875
664.94,2319.875
665.054,2367.875
665.167,2384.375
665.281,2326.375
665.394,2262.375
665.508,2358.375
665.621,2324.875
665.735,2374.875
665.848,2306.375
665.961,2295.375
666.075,2316.375
666.188,2279.875
666.301,2218.375
666.415,2263.875
666.528,2234.875
666.641,2242.375
666.755,2301.375
666.868,2246.875
666.981,2264.875
667.094,2228.375
667.207,2224.375
667.321,2194.875
667.434,2205.875
667.547,2200.375
667.66,2203.875
667.773,2259.875
667.886,2182.875
667.999,2218.375
668.112,2160.875
668.225,2139.875
668.338,2128.375
668.451,2156.875
668.564,2139.875
668.677,2122.875
668.79,2089.375
668.903,2126.875
669.016,2113.375
669.129,2088.375
669.242,2103.875
669.354,2076.375
669.467,2073.875
669.58,2015.375
669.693,2123.875
669.806,2033.375
669.918,2115.875
670.031,2052.375
670.144,2080.375
670.256,2009.375
670.369,2029.875
670.482,2002.875
670.594,2016.375
670.707,2000.375
670.82,2034.375
670.932,2031.375
671.045,2042.375
671.157,2002.875
671.27,1967.875
671.382,2050.375
671.495,1969.875
671.607,1991.375
671.72,2041.375
671.832,1969.375
671.944,1981.875
672.057,2095.875
672.169,2047.875
672.281,2007.875
672.394,1963.875
672.506,1973.875
672.618,2011.375
672.731,2019.875
672.843,1987.875
672.955,1981.875
673.067,1951.375
673.18,1992.875
673.292,1983.875
673.404,1969.375
673.516,2000.375
673.628,1987.875
673.74,1951.875
673.852,1942.375
673.964,1983.375
674.076,1936.875
674.188,1867.375
674.3,1930.875
674.412,1874.875
674.524,1974.875
674.636,1996.875
674.748,1963.375
674.86,1884.375
674.972,1902.375
675.084,1890.875
675.196,1860.375
675.307,1907.375
675.419,1928.875
675.531,1940.875
675.643,1924.375
675.755,1840.375
675.866,1842.375
675.978,1901.875
676.09,1851.375
676.201,1890.875
676.313,1848.375
676.425,1822.875
676.536,1928.375
676.648,1891.375
676.759,1895.875
676.871,1864.375
676.983,1896.875
677.094,1888.375
677.206,1916.875
677.317,1848.875
677.429,1842.875
677.54,1844.875
677.651,1846.375
677.763,1853.375
677.874,1862.375
677.986,1868.875
678.097,1811.375
678.208,1822.875
678.32,1806.875
678.431,1820.875
678.542,1777.375
678.653,1784.875
678.765,1789.875
678.876,1868.875
678.987,1801.875
679.098,1773.375
679.209,1816.375
679.32,1822.375
679.432,1787.875
679.543,1749.875
679.654,1792.875
679.765,1761.375
679.876,1782.875
679.987,1751.375
680.098,1758.875
680.209,1796.875
680.32,1738.875
680.431,1770.875
680.542,1780.375
680.653,1770.875
680.763,1744.375
680.874,1779.875
680.985,1766.875
681.096,1743.375
681.207,1722.375
681.318,1730.875
681.428,1776.375
681.539,1734.875
681.65,1711.875
681.76,1766.875
681.871,1836.875
681.982,1730.875
682.093,1759.875
682.203,1763.875
682.314,1771.375
682.424,1762.875
682.535,1792.875
682.646,1725.375
682.756,1714.875
682.867,1758.375
682.977,1741.875
683.088,1731.375
683.198,1738.875
683.308,1710.875
683.419,1761.375
683.529,1703.375
683.64,1758.875
683.75,1702.375
683.86,1737.375
683.971,1739.875
684.081,1721.375
684.191,1721.875
684.301,1717.375
684.412,1703.375
684.522,1730.375
684.632,1700.375
684.742,1687.875
684.852,1697.375
684.963,1710.375
685.073,1756.375
685.183,1739.375
685.293,1698.875
685.403,1691.875
685.513,1656.875
685.623,1698.875
685.733,1682.375
685.843,1724.375
685.953,1760.875
686.063,1742.375
686.173,1725.375
686.283,1670.375
686.393,1676.375
686.503,1695.375
686.612,1704.875
686.722,1703.875
686.832,1732.375
686.942,1724.875
687.052,1721.375
687.161,1760.875
687.271,1735.375
687.381,1708.375
687.491,1684.875
687.6,1678.375
687.71,1695.875
687.82,1666.875
687.929,1750.875
688.039,1729.375
688.148,1680.875
688.258,1702.875
688.367,1699.375
688.477,1616.375
688.586,1657.375
688.696,1739.875
688.805,1760.375
688.915,1702.375
689.024,1709.875
689.134,1688.875
689.243,1735.375
689.352,1721.375
689.462,1674.875
689.571,1668.875
689.68,1688.875
689.79,1643.375
689.899,1697.375
690.008,1663.375
690.117,1731.875
690.227,1682.375
690.336,1653.875
690.445,1653.875
690.554,1690.375
690.663,1647.375
690.772,1694.375
690.881,1697.875
690.99,1668.875
691.099,1651.875
691.209,1642.375
691.318,1627.375
691.427,1639.375
691.536,1631.875
691.644,1649.375
691.753,1671.875
691.862,1651.375
691.971,1631.875
692.08,1692.875
692.189,1673.875
692.298,1646.875
692.406,1663.875
692.515,1652.875
692.624,1621.375
692.733,1642.875
692.842,1657.375
692.95,1680.375
693.059,1657.875
693.168,1679.875
693.276,1651.875
693.385,1656.875
693.494,1607.875
693.602,1641.875
693.711,1675.875
693.819,1683.875
693.928,1715.875
694.036,1618.375
694.145,1657.875
694.253,1639.875
694.362,1671.875
694.47,1694.375
694.579,1677.875
694.687,1658.375
694.795,1580.375
694.904,1631.375
695.012,1656.875
695.12,1639.375
695.229,1656.875
695.337,1623.375
695.445,1678.375
695.553,1639.875
695.662,1601.875
695.77,1634.375
695.878,1668.375
695.986,1618.375
696.094,1594.375
696.202,1631.375
696.31,1648.375
696.419,1624.875
696.527,1649.375
696.635,1653.375
696.743,1660.875
696.851,1638.875
696.959,1646.375
697.067,1630.875
697.174,1624.375
697.282,1656.875
697.39,1643.875
697.498,1681.375
697.606,1631.875
697.714,1638.875
697.822,1651.375
697.929,1670.375
698.037,1613.875
698.145,1654.375
698.253,1615.875
698.36,1679.875
698.468,1618.375
698.576,1643.375
698.683,1670.375
698.791,1621.875
698.899,1616.375
699.006,1597.375
699.114,1614.375
699.221,1604.875
699.329,1615.375
699.436,1584.375
699.544,1602.875
699.651,1606.875
699.759,1606.375
699.866,1565.375
699.974,1569.375
700.081,1597.375
700.188,1574.375
700.296,1598.875
700.403,1611.375
700.51,1565.375
700.618,1586.875
700.725,1563.375
700.832,1554.375
700.94,1501.875
701.047,1603.875
701.154,1561.875
701.261,1603.375
701.368,1579.375
701.475,1623.875
701.582,1590.875
701.69,1594.375
701.797,1606.375
701.904,1629.375
702.011,1626.875
702.118,1614.375
702.225,1532.875
702.332,1563.875
702.439,1545.375
702.546,1613.375
702.652,1605.875
702.759,1570.375
702.866,1601.375
702.973,1567.375
703.08,1592.375
703.187,1539.375
703.294,1573.375
703.4,1425.875
694.693,2904.9624999999996
694.893,3166.4624999999996
695.093,3189.4624999999996
695.293,3144.4624999999996
695.492,3240.9624999999996
695.692,3183.9624999999996
695.891,3185.9624999999996
696.091,3165.9624999999996
696.291,3281.9624999999996
696.49,3295.4624999999996
696.69,3330.4624999999996
696.889,3339.4624999999996
697.089,3302.9624999999996
697.288,3351.9624999999996
697.488,3390.9624999999996
697.687,3300.9624999999996
697.887,3257.4624999999996
698.086,3384.9624999999996
698.286,3376.9624999999996
698.485,3317.4624999999996
698.684,3423.9624999999996
698.884,3418.9624999999996
699.083,3396.4624999999996
699.282,3355.4624999999996
699.482,3336.4624999999996
699.681,3376.4624999999996
699.88,3366.4624999999996
700.08,3362.4624999999996
700.279,3458.4624999999996
700.478,3442.9624999999996
700.677,3453.9624999999996
700.877,3383.4624999999996
701.076,3394.4624999999996
701.275,3409.4624999999996
701.474,3469.4624999999996
701.673,3430.4624999999996
701.872,3525.4624999999996
702.071,3531.9624999999996
702.271,3497.4624999999996
702.47,3441.9624999999996
702.669,3507.9624999999996
702.868,3523.9624999999996
703.067,3474.9624999999996
703.266,3477.9624999999996
703.465,3601.9624999999996
703.664,3588.4624999999996
703.863,3536.4624999999996
704.062,3541.9624999999996
704.26,3564.9624999999996
704.459,3525.9624999999996
704.658,3534.9624999999996
704.857,3626.4624999999996
705.056,3565.4624999999996
705.255,3569.9624999999996
705.454,3594.4624999999996
705.652,3562.4624999999996
705.851,3626.9624999999996
706.05,3607.9624999999996
706.249,3650.9624999999996
706.447,3658.4624999999996
706.646,3586.9624999999996
706.845,3631.4624999999996
707.043,3619.9624999999996
707.242,3573.4624999999996
707.441,3642.9624999999996
707.639,3561.9624999999996
707.838,3687.9624999999996
708.037,3661.4624999999996
708.235,3699.4624999999996
708.434,3649.9624999999996
708.632,3723.4624999999996
708.831,3654.4624999999996
709.029,3718.9624999999996
709.228,3737.4624999999996
709.426,3733.4624999999996
709.625,3720.9624999999996
709.823,3746.9624999999996
710.022,3716.9624999999996
710.22,3802.9624999999996
710.418,3858.4624999999996
710.617,3850.4624999999996
710.815,3852.4624999999996
711.013,3794.9624999999996
711.212,3853.4624999999996
711.41,3817.4624999999996
711.608,3832.4624999999996
711.807,3882.4624999999996
712.005,3839.9624999999996
712.203,3884.4624999999996
712.401,3890.4624999999996
712.599,3904.4624999999996
712.798,3923.9624999999996
712.996,3983.9624999999996
713.194,3871.9624999999996
713.392,3978.9624999999996
713.59,3983.9624999999996
713.788,4016.9624999999996
713.986,4067.9624999999996
714.184,4093.4624999999996
714.382,4116.4625
714.58,4157.9625
714.778,4148.4625
714.976,4201.4625
715.174,4185.4625
715.372,4297.4625
715.57,4656.9625
715.768,4820.9625
715.966,4897.4625
716.164,4869.9625
716.362,4801.4625
716.56,4704.9625
716.758,4668.9625
716.955,4530.4625
717.153,4492.4625
717.351,4496.4625
717.549,4443.4625
717.746,4428.9625
717.944,4447.9625
718.142,4364.9625
718.34,4400.9625
718.537,4321.4625
718.735,4389.4625
718.933,4391.9625
719.13,4279.9625
719.328,4307.9625
719.525,4253.4625
719.723,4375.9625
719.92,4300.4625
720.118,4352.4625
720.316,4344.9625
720.513,4350.9625
720.711,4396.4625
720.908,4307.4625
721.105,4318.9625
721.303,4429.9625
721.5,4384.4625
721.698,4346.4625
721.895,4255.9625
722.092,4435.4625
722.29,4310.4625
722.487,4225.4625
722.684,4191.9625
722.882,4363.4625
723.079,4265.4625
723.276,4366.9625
723.473,4346.4625
723.671,4468.4625
723.868,4384.4625
724.065,4429.9625
724.262,4365.4625
724.459,4428.9625
724.656,4436.9625
724.854,4418.4625
725.051,4461.9625
725.248,4449.4625
725.445,4501.9625
725.642,4511.4625
725.839,4505.9625
726.036,4487.4625
726.233,4475.9625
726.43,4451.9625
726.627,4564.9625
726.824,4510.4625
727.021,4544.4625
727.218,4567.9625
727.414,4548.9625
727.611,4478.9625
727.808,4507.9625
728.005,4462.9625
728.202,4553.4625
728.399,4594.4625
728.595,4513.9625
728.792,4591.4625
728.989,4564.9625
729.186,4518.9625
729.382,4622.9625
729.579,4466.4625
729.776,4555.4625
729.972,4627.4625
730.169,4594.4625
730.366,4492.4625
730.562,4615.4625
730.759,4575.9625
730.955,4615.4625
731.152,4636.4625
731.348,4679.4625
731.545,4610.9625
731.741,4610.4625
731.938,4626.4625
732.134,4657.9625
732.331,4707.9625
732.527,4665.4625
732.724,4631.4625
732.92,4614.9625
733.116,4613.9625
733.313,4639.4625
733.509,4660.9625
733.705,4748.4625
733.902,4769.4625
734.098,4746.4625
734.294,4796.4625
734.49,4726.9625
734.687,4776.9625
734.883,4753.9625
735.079,4728.4625
735.275,4718.9625
735.471,4669.9625
735.667,4723.4625
735.863,4706.4625
736.06,4790.9625
736.256,4832.9625
736.452,4754.9625
736.648,4845.4625
736.844,4793.9625
737.04,4831.4625
737.236,4806.9625
737.432,4851.4625
737.628,4866.9625
737.824,4955.9625
738.019,4972.4625
738.215,4969.9625
738.411,4968.4625
738.607,4959.9625
738.803,4999.4625
738.999,5039.4625
739.195,5080.4625
739.39,5012.4625
739.586,5083.9625
739.782,5069.9625
739.978,5000.9625
740.173,5097.4625
740.369,5106.9625
740.565,5212.4625
740.76,5171.4625
740.956,5251.4625
741.152,5276.9625
741.347,5320.4625
741.543,5300.4625
741.738,5500.4625
741.934,5497.4625
742.129,5936.9625
742.325,6539.9625
742.52,7158.9625
742.716,6912.4625
742.911,6562.4625
743.107,6389.4625
743.302,6281.9625
743.498,6202.4625
743.693,6381.9625
743.888,6691.4625
744.084,7549.4625
744.279,9199.462500000001
744.474,9481.462500000001
744.67,8486.962500000001
744.865,7691.4625
745.06,7261.9625
745.255,7034.4625
745.451,7016.4625
745.646,6781.9625
745.841,6689.9625
746.036,6856.4625
746.231,6947.9625
746.426,7379.4625
746.622,8411.462500000001
746.817,11001.462500000001
747.012,12337.462500000001
747.207,10921.462500000001
747.402,9859.462500000001
747.597,9029.462500000001
747.792,8545.962500000001
747.987,8276.462500000001
748.182,7958.4625
748.377,7539.9625
748.572,7340.4625
748.767,7005.9625
748.961,6893.4625
749.156,6676.9625
749.351,6607.4625
749.546,6386.4625
749.741,6387.9625
749.936,6317.9625
750.13,6215.4625
750.325,6151.9625
750.52,6117.9625
750.715,5976.4625
750.909,6028.9625
751.104,5938.4625
751.299,5862.9625
751.493,5859.9625
751.688,5886.9625
751.882,5854.9625
752.077,5771.4625
752.272,5692.9625
752.466,5709.9625
752.661,5663.9625
752.855,5650.9625
753.05,5648.4625
753.244,5550.4625
753.439,5570.4625
753.633,5529.4625
753.828,5435.9625
754.022,5450.9625
754.216,5558.4625
754.411,5432.9625
754.605,5475.9625
754.799,5365.9625
754.994,5383.9625
755.188,5438.9625
755.382,5414.4625
755.576,5402.4625
755.771,5374.9625
755.965,5352.4625
756.159,5405.9625
756.353,5279.4625
756.547,5373.9625
756.742,5372.9625
756.936,5334.4625
757.13,5281.9625
757.324,5287.4625
757.518,5293.4625
757.712,5424.4625
757.906,5363.9625
758.1,5341.4625
758.294,5325.4625
758.488,5303.9625
758.682,5384.9625
758.876,5330.9625
759.07,5325.4625
759.264,5304.9625
759.458,5156.9625
759.651,5325.4625
759.845,5249.4625
760.039,5283.9625
760.233,5260.9625
760.427,5230.4625
760.62,5300.4625
760.814,5233.4625
761.008,5330.9625
761.202,5265.9625
761.395,5273.9625
761.589,5268.4625
761.783,5224.9625
761.976,5343.4625
762.17,5280.4625
762.363,5315.9625
762.557,5347.9625
762.75,5331.9625
762.944,5293.4625
763.138,5395.4625
763.331,5300.4625
763.524,5549.9625
763.718,5481.9625
763.911,5486.9625
764.105,5457.4625
764.298,5514.9625
764.492,5407.4625
764.685,5411.9625
764.878,5362.4625
765.072,5403.4625
765.265,5447.4625
765.458,5503.4625
765.651,5473.4625
765.845,5499.4625
766.038,5474.9625
766.231,6159.4625
766.424,8866.962500000001
766.617,9240.962500000001
766.811,6004.4625
767.004,5682.4625
767.197,5625.4625
767.39,5634.4625
767.583,5450.4625
767.776,5527.4625
767.969,5581.4625
768.162,5556.4625
768.355,5573.4625
768.548,5634.9625
768.741,5613.4625
768.934,5594.4625
769.127,5688.4625
769.32,5698.9625
769.513,5790.4625
769.706,6529.9625
769.898,8788.962500000001
770.091,7101.9625
770.284,6003.4625
770.477,6011.9625
770.67,5989.4625
770.862,5953.9625
771.055,5995.9625
771.248,6110.4625
771.441,6052.4625
771.633,6076.9625
771.826,6065.9625
772.018,6171.9625
772.211,6191.9625
772.404,6330.9625
772.596,6251.9625
772.789,6413.4625
772.981,6465.9625
773.174,6511.9625
773.366,6632.4625
773.559,6605.4625
773.751,6837.9625
773.944,6815.4625
774.136,7069.9625
774.329,7174.4625
774.521,7304.4625
774.713,7548.9625
774.906,7745.4625
775.098,8154.462500000001
775.29,8441.962500000001
775.483,8817.962500000001
775.675,9375.462500000001
775.867,10054.962500000001
776.059,10970.462500000001
776.251,11902.462500000001
776.444,13548.962500000001
776.636,15638.962500000001
776.828,19683.962
777.02,27566.462
777.212,40828.960999999996
777.404,45393.960999999996
777.596,42012.960999999996
777.788,31510.462
777.98,24273.962
778.172,19618.962
778.364,16839.462
778.556,15018.462500000001
778.748,13267.962500000001
778.94,12130.962500000001
779.132,11332.962500000001
779.324,10407.962500000001
779.516,9636.962500000001
779.708,9226.462500000001
779.9,8744.962500000001
780.091,8322.962500000001
780.283,8059.462500000001
780.475,7901.9625
780.667,7585.9625
780.859,7462.4625
781.05,7148.4625
781.242,6923.4625
781.434,6839.9625
781.625,6709.9625
781.817,6585.4625
782.008,6421.4625
782.2,6319.9625
782.392,6311.9625
782.583,6227.9625
782.775,6103.4625
782.966,6026.9625
783.158,5981.4625
783.349,5965.4625
783.541,5929.9625
783.732,5805.9625
783.924,5705.4625
784.115,5674.9625
784.306,5693.9625
784.498,5619.9625
784.689,5648.9625
784.88,5556.9625
785.072,5534.9625
785.263,5581.4625
785.454,5575.4625
785.645,5451.4625
785.837,5523.4625
786.028,5473.9625
786.219,5392.4625
786.41,5411.9625
786.601,5403.4625
786.792,5354.4625
786.984,5347.4625
787.175,5286.9625
787.366,5282.4625
787.557,5322.9625
787.748,5396.9625
787.939,5368.4625
788.13,5414.9625
788.321,5262.9625
788.512,5447.9625
788.703,5466.4625
788.894,5489.9625
789.084,5474.9625
789.275,5356.9625
789.466,5505.4625
789.657,5381.4625
789.848,5474.4625
790.039,5469.9625
790.229,5439.4625
790.42,5328.9625
790.611,5344.4625
790.801,5409.4625
790.992,5443.9625
791.183,5474.4625
791.373,5425.4625
791.564,5467.9625
791.755,5481.4625
791.945,5445.9625
792.136,5423.9625
792.326,5441.9625
792.517,5525.9625
792.707,5516.4625
792.898,5538.4625
793.088,5648.9625
793.279,5654.9625
793.469,5762.4625
793.66,5884.4625
793.85,5922.4625
794.04,6028.4625
794.231,6503.4625
794.421,6878.9625
794.611,7693.4625
794.802,8864.462500000001
794.992,9431.962500000001
795.182,9502.962500000001
795.372,9060.962500000001
795.563,8232.962500000001
795.753,7481.9625
795.943,7010.9625
796.133,6598.4625
796.323,6373.9625
796.513,6267.4625
796.703,5955.9625
796.893,5912.4625
797.083,5846.4625
797.273,5800.9625
797.463,5683.4625
797.653,5591.9625
797.843,5495.4625
798.033,5391.4625
798.223,5374.9625
798.413,5301.9625
798.603,5246.4625
798.793,5133.9625
798.983,5176.9625
799.172,5004.9625
799.362,5072.4625
799.552,5086.4625
799.742,4984.9625
799.932,5012.9625
800.121,5033.9625
800.311,4942.4625
800.501,4891.9625
800.69,5074.4625
800.88,4858.4625
801.07,4928.4625
801.259,4879.9625
801.449,4916.9625
801.638,4830.9625
801.828,4882.4625
802.017,4903.4625
802.207,4795.9625
802.396,4846.9625
802.586,4846.4625
802.775,4719.9625
802.965,4896.9625
803.154,4740.9625
803.343,4808.4625
803.533,4731.4625
803.722,4749.4625
803.911,4787.9625
804.101,4785.4625
804.29,4807.4625
804.479,4766.4625
804.668,4754.9625
804.857,4761.4625
805.047,4740.9625
805.236,4722.4625
805.425,4799.4625
805.614,4796.4625
805.803,4809.4625
805.992,4759.4625
806.181,4825.4625
806.37,4852.9625
806.559,4808.4625
806.748,4854.9625
806.937,4863.9625
807.126,4899.9625
807.315,4832.4625
807.504,4857.4625
807.693,4912.4625
807.882,4839.4625
808.071,4894.4625
808.26,4916.9625
808.448,4960.9625
808.637,4992.4625
808.826,4950.4625
809.015,4991.9625
809.203,5024.4625
809.392,5047.4625
809.581,5091.9625
809.77,5016.4625
809.958,5120.9625
810.147,5098.9625
810.335,5185.9625
810.524,5214.4625
810.713,5280.9625
810.901,5406.4625
811.09,5416.9625
811.278,5489.4625
811.467,5633.4625
811.655,5728.4625
811.844,5691.4625
812.032,5555.9625
812.22,5681.9625
812.409,5706.4625
812.597,5887.4625
812.785,5856.9625
812.974,5900.4625
813.162,5970.9625
813.35,6020.9625
813.539,6016.9625
813.727,6149.9625
813.915,6208.9625
814.103,6270.4625
814.291,6420.9625
814.479,6501.4625
814.668,6615.4625
814.856,6715.9625
815.044,6801.4625
815.232,7024.4625
815.42,7234.4625
815.608,7376.9625
815.796,7518.4625
815.984,7711.9625
816.172,8052.462500000001
816.36,8159.462500000001
816.548,8584.962500000001
816.736,9026.462500000001
816.924,9686.962500000001
817.111,10178.962500000001
817.299,10879.462500000001
817.487,11917.962500000001
817.675,13455.462500000001
817.863,15824.962500000001
818.05,21355.962
818.238,35439.460999999996
818.426,47902.960999999996
818.613,36699.460999999996
818.801,30338.962
818.989,28934.962
819.176,31563.962
819.364,42949.960999999996
819.552,56657.460999999996
819.739,44766.460999999996
819.927,34159.960999999996
820.114,28682.462
820.302,25061.462
820.489,22584.962
820.677,20748.962
820.864,19345.962
821.052,19138.462
821.239,18803.962
821.426,18928.962
821.614,21056.962
821.801,21721.462
821.988,19399.462
822.176,18379.962
822.363,18510.962
822.55,17129.962
822.737,15731.462500000001
822.924,14486.462500000001
823.112,13831.962500000001
823.299,13035.462500000001
823.486,12424.962500000001
823.673,11714.462500000001
823.86,11386.462500000001
824.047,11395.962500000001
824.234,12259.962500000001
824.421,12370.962500000001
824.608,11062.962500000001
824.795,10275.462500000001
824.982,9589.462500000001
825.169,9171.462500000001
825.356,8582.962500000001
825.543,8298.962500000001
825.73,8039.462500000001
825.917,7712.4625
826.104,7538.4625
826.29,7274.9625
826.477,7011.4625
826.664,6923.4625
826.851,6807.4625
827.038,6608.4625
827.224,6337.9625
827.411,6293.9625
827.598,6182.4625
827.784,6049.4625
827.971,5975.9625
828.157,5846.9625
828.344,5783.4625
828.531,5637.4625
828.717,5588.9625
828.904,5508.4625
829.09,5400.4625
829.277,5360.4625
829.463,5195.4625
829.65,5106.4625
829.836,5213.9625
830.022,5020.4625
830.209,4987.4625
830.395,4868.4625
830.581,4862.9625
830.768,4696.9625
830.954,4754.4625
831.14,4714.9625
831.327,4596.4625
831.513,4677.4625
831.699,4507.9625
831.885,4556.4625
832.071,4461.9625
832.257,4373.4625
832.444,4395.9625
832.63,4402.4625
832.816,4305.9625
833.002,4327.9625
833.188,4214.9625
833.374,4184.4625
833.56,4198.9625
833.746,4155.9625
833.932,3996.4624999999996
834.118,4069.9624999999996
834.303,4055.9624999999996
834.489,4058.4624999999996
834.675,4049.4624999999996
834.861,3946.4624999999996
835.047,3975.9624999999996
835.233,3937.9624999999996
835.418,3957.4624999999996
835.604,3960.9624999999996
835.79,3898.9624999999996
835.976,3790.9624999999996
836.161,3900.4624999999996
836.347,3735.4624999999996
836.533,3802.4624999999996
836.718,3671.4624999999996
836.904,3774.4624999999996
837.089,3761.9624999999996
837.275,3693.4624999999996
837.46,3757.4624999999996
837.646,3768.9624999999996
837.831,3844.9624999999996
838.017,3770.9624999999996
838.202,3752.9624999999996
838.388,3751.9624999999996
838.573,3761.9624999999996
838.759,3698.4624999999996
838.944,3583.4624999999996
839.129,3684.4624999999996
839.315,3715.4624999999996
839.5,3587.9624999999996
839.685,3636.9624999999996
839.87,3612.9624999999996
840.056,3679.4624999999996
840.241,3723.4624999999996
840.426,3802.4624999999996
840.611,3726.4624999999996
840.796,3728.9624999999996
840.981,3775.9624999999996
841.166,3765.4624999999996
841.352,3750.9624999999996
841.537,3801.9624999999996
841.722,3856.9624999999996
841.907,3736.4624999999996
842.092,3795.4624999999996
842.277,3883.9624999999996
842.461,4000.9624999999996
842.646,4120.9625
842.831,4104.4625
843.016,4284.4625
843.201,4348.4625
843.386,4563.9625
843.571,4738.4625
843.755,5035.4625
843.94,5318.4625
844.125,6040.4625
844.31,7182.4625
844.494,9277.462500000001
844.679,12637.962500000001
844.864,12508.462500000001
845.048,10125.462500000001
845.233,8508.962500000001
845.418,7409.9625
845.602,6627.9625
845.787,6004.4625
845.971,5584.4625
846.156,5130.4625
846.34,4920.9625
846.525,4614.4625
846.709,4507.4625
846.893,4322.4625
847.078,4150.4625
847.262,4032.4624999999996
847.447,3895.4624999999996
847.631,3771.9624999999996
847.815,3754.9624999999996
848.0,3683.4624999999996
848.184,3596.9624999999996
848.368,3621.9624999999996
848.552,3497.9624999999996
848.736,3549.4624999999996
848.921,3457.9624999999996
849.105,3404.9624999999996
849.289,3288.9624999999996
849.473,3323.4624999999996
849.657,3347.4624999999996
849.841,3229.4624999999996
850.025,3205.4624999999996
850.209,3150.4624999999996
850.393,3135.4624999999996
850.577,3197.9624999999996
850.761,3136.9624999999996
850.945,3083.4624999999996
851.129,3041.9624999999996
851.313,3059.9624999999996
851.497,3035.9624999999996
851.68,3054.4624999999996
851.864,3039.4624999999996
852.048,3043.9624999999996
852.232,3006.9624999999996
852.416,3012.9624999999996
852.599,2996.4624999999996
852.783,3011.4624999999996
852.967,3025.9624999999996
853.15,3014.9624999999996
853.334,2981.4624999999996
853.518,3005.4624999999996
853.701,2941.4624999999996
853.885,2917.4624999999996
854.068,2911.9624999999996
854.252,2905.9624999999996
854.435,3061.9624999999996
854.619,2983.4624999999996
854.802,2949.4624999999996
854.986,2905.9624999999996
855.169,2961.9624999999996
855.353,2980.9624999999996
855.536,2986.4624999999996
855.719,2960.4624999999996
855.903,3070.4624999999996
856.086,3029.9624999999996
856.269,3116.4624999999996
856.452,3103.4624999999996
856.636,3180.4624999999996
856.819,3433.4624999999996
857.002,3506.9624999999996
857.185,3435.4624999999996
857.368,3269.9624999999996
857.552,3204.4624999999996
857.735,3186.4624999999996
857.918,3144.9624999999996
858.101,3159.4624999999996
858.284,3134.4624999999996
858.467,3203.4624999999996
858.65,3325.4624999999996
858.833,3384.4624999999996
859.016,3385.9624999999996
859.199,3527.4624999999996
859.382,3875.4624999999996
859.564,4198.4625
859.747,4120.4625
859.93,3880.4624999999996
860.113,3697.4624999999996
860.296,3632.9624999999996
860.478,3576.9624999999996
860.661,3465.4624999999996
860.844,3566.9624999999996
861.027,3424.4624999999996
861.209,3452.9624999999996
861.392,3475.4624999999996
861.575,3497.4624999999996
861.757,3487.9624999999996
861.94,3576.9624999999996
862.122,3585.9624999999996
862.305,3674.9624999999996
862.487,3889.4624999999996
862.67,4123.9625
862.852,4859.9625
863.035,5915.4625
863.217,5811.9625
863.4,5238.9625
863.582,4918.4625
863.764,4613.9625
863.947,4408.9625
864.129,4207.9625
864.311,4138.4625
864.493,4079.4624999999996
864.676,4060.9624999999996
864.858,3881.9624999999996
865.04,3973.4624999999996
865.222,3966.4624999999996
865.404,4098.4625
865.587,4233.9625
865.769,4396.9625
865.951,4463.4625
866.133,4342.4625
866.315,4364.9625
866.497,4383.4625
866.679,4613.9625
866.861,4698.9625
867.043,4926.9625
867.225,5167.9625
867.407,5622.9625
867.589,6412.9625
867.77,7891.9625
867.952,10981.962500000001
868.134,14507.462500000001
868.316,14219.462500000001
868.498,13590.462500000001
868.679,11780.962500000001
868.861,9879.462500000001
869.043,8348.962500000001
869.224,7312.4625
869.406,6489.4625
869.588,6246.4625
869.769,5798.4625
869.951,5667.9625
870.132,5843.4625
870.314,6499.9625
870.495,6578.9625
870.677,5945.4625
870.858,5769.9625
871.04,6171.4625
871.221,6787.9625
871.403,6501.9625
871.584,5793.9625
871.765,6011.9625
871.947,6390.9625
872.128,5816.4625
872.309,5026.4625
872.491,4560.4625
872.672,4342.4625
872.853,4193.9625
873.034,4176.4625
873.215,3891.4624999999996
873.396,3625.9624999999996
873.578,3500.4624999999996
873.759,3407.9624999999996
873.94,3322.4624999999996
874.121,3238.9624999999996
874.302,3193.4624999999996
874.483,3100.9624999999996
874.664,3171.9624999999996
874.845,3183.9624999999996
875.026,3073.4624999999996
875.207,2924.4624999999996
875.388,2907.9624999999996
875.568,2862.4624999999996
875.749,2865.9624999999996
875.93,2750.9624999999996
876.111,2749.4624999999996
876.292,2689.4624999999996
876.472,2657.4624999999996
876.653,2661.9624999999996
876.834,2666.4624999999996
877.015,2626.9624999999996
877.195,2596.9624999999996
877.376,2607.9624999999996
877.556,2583.9624999999996
877.737,2527.4624999999996
877.918,2526.4624999999996
878.098,2507.4624999999996
878.279,2555.4624999999996
878.459,2475.4624999999996
878.64,2450.9624999999996
878.82,2489.4624999999996
879.0,2500.4624999999996
879.181,2448.4624999999996
879.361,2443.9624999999996
879.542,2440.9624999999996
879.722,2382.4624999999996
879.902,2440.9624999999996
880.083,2508.9624999999996
880.263,2547.4624999999996
880.443,2469.4624999999996
880.623,2633.4624999999996
880.803,2935.9624999999996
880.984,2657.4624999999996
881.164,2654.9624999999996
881.344,2588.4624999999996
881.524,2634.9624999999996
881.704,2654.4624999999996
881.884,2754.4624999999996
882.064,2891.4624999999996
882.244,2912.9624999999996
882.424,2744.9624999999996
882.604,2678.4624999999996
882.784,2637.9624999999996
882.964,2576.9624999999996
883.144,2501.4624999999996
883.324,2421.4624999999996
883.504,2443.4624999999996
883.683,2377.9624999999996
883.863,2422.9624999999996
884.043,2325.9624999999996
884.223,2353.9624999999996
884.402,2317.4624999999996
884.582,2332.4624999999996
884.762,2312.4624999999996
884.941,2239.9624999999996
885.121,2308.4624999999996
885.301,2335.4624999999996
885.48,2219.4624999999996
885.66,2205.4624999999996
885.839,2253.9624999999996
886.019,2243.4624999999996
886.198,2174.4624999999996
886.378,2225.4624999999996
886.557,2238.9624999999996
886.737,2184.9624999999996
886.916,2143.9624999999996
887.095,2084.9624999999996
887.275,2135.4624999999996
887.454,2130.4624999999996
887.633,2091.4624999999996
887.813,2101.4624999999996
887.992,2185.4624999999996
888.171,2163.9624999999996
888.35,2193.4624999999996
888.53,2186.4624999999996
888.709,2103.4624999999996
888.888,2055.4624999999996
889.067,2143.9624999999996
889.246,2103.9624999999996
889.425,2117.4624999999996
889.604,2151.9624999999996
889.783,2131.4624999999996
889.962,2127.9624999999996
890.141,2129.9624999999996
890.32,2087.4624999999996
890.499,2070.4624999999996
890.678,2084.4624999999996
890.857,2047.4624999999999
891.036,1981.9624999999999
891.214,2103.4624999999996
891.393,2106.4624999999996
891.572,2036.4624999999999
891.751,2090.9624999999996
891.93,2114.9624999999996
892.108,2102.4624999999996
892.287,2148.9624999999996
892.466,2062.9624999999996
892.644,2160.4624999999996
892.823,2082.9624999999996
893.001,2044.4624999999999
893.18,2114.4624999999996
893.359,2085.9624999999996
893.537,2117.9624999999996
893.716,2048.4624999999996
893.894,2073.4624999999996
894.073,2145.9624999999996
894.251,2098.9624999999996
894.429,2104.4624999999996
894.608,2157.4624999999996
894.786,2083.9624999999996
894.964,2140.4624999999996
895.143,2024.9624999999999
895.321,2084.9624999999996
895.499,2100.4624999999996
895.677,2051.4624999999996
895.856,2097.4624999999996
896.034,2076.9624999999996
896.212,2175.9624999999996
896.39,2115.9624999999996
896.568,2108.9624999999996
896.746,2107.9624999999996
896.924,2139.4624999999996
897.102,2121.9624999999996
897.28,2078.9624999999996
897.458,2093.4624999999996
897.636,2129.9624999999996
897.814,2157.4624999999996
897.992,2071.9624999999996
898.17,2108.4624999999996
898.348,2080.9624999999996
898.526,2151.4624999999996
898.704,2122.9624999999996
898.882,2179.9624999999996
899.059,2110.4624999999996
899.237,2140.9624999999996
899.415,2090.9624999999996
899.593,2206.4624999999996
899.77,2178.4624999999996
899.948,2162.4624999999996
900.125,2227.4624999999996
900.303,2165.4624999999996
900.481,2189.9624999999996
900.658,2189.9624999999996
900.836,2295.4624999999996
901.013,2192.9624999999996
901.191,2236.9624999999996
901.368,2242.9624999999996
901.546,2257.9624999999996
901.723,2311.4624999999996
901.901,2388.4624999999996
902.078,2490.4624999999996
902.255,2506.4624999999996
902.433,2458.4624999999996
902.61,2526.4624999999996
902.787,2460.9624999999996
902.964,2590.9624999999996
903.142,2641.9624999999996
903.319,2678.9624999999996
903.496,2745.9624999999996
903.673,2761.4624999999996
903.85,2852.4624999999996
904.027,2880.9624999999996
904.204,3046.9624999999996
904.381,3228.4624999999996
904.558,3783.4624999999996
904.735,4329.9625
904.912,4268.9625
905.089,4360.9625
905.266,3965.4624999999996
905.443,3696.9624999999996
905.62,3397.4624999999996
905.797,3242.4624999999996
905.974,3172.4624999999996
906.151,3135.9624999999996
906.327,3124.9624999999996
906.504,3056.9624999999996
906.681,2911.4624999999996
906.858,2875.4624999999996
907.034,2845.4624999999996
907.211,2681.9624999999996
907.388,2650.9624999999996
907.564,2652.4624999999996
907.741,2658.4624999999996
907.917,2524.9624999999996
908.094,2488.4624999999996
908.271,2478.9624999999996
908.447,2418.4624999999996
908.623,2444.9624999999996
908.8,2340.4624999999996
908.976,2417.4624999999996
909.153,2397.4624999999996
909.329,2307.9624999999996
909.505,2317.4624999999996
909.682,2318.9624999999996
909.858,2252.4624999999996
910.034,2316.4624999999996
910.211,2312.4624999999996
910.387,2266.4624999999996
910.563,2206.4624999999996
910.739,2205.4624999999996
910.915,2251.4624999999996
911.091,2252.4624999999996
911.268,2154.4624999999996
911.444,2154.9624999999996
911.62,2177.4624999999996
911.796,2121.9624999999996
911.972,2176.9624999999996
912.148,2224.4624999999996
912.324,2297.4624999999996
912.5,2263.4624999999996
912.676,2218.4624999999996
912.851,2275.9624999999996
913.027,2248.4624999999996
913.203,2192.4624999999996
913.379,2172.9624999999996
913.555,2182.4624999999996
913.73,2210.4624999999996
913.906,2170.9624999999996
914.082,2223.4624999999996
914.258,2167.9624999999996
914.433,2167.9624999999996
914.609,2176.9624999999996
914.784,2188.9624999999996
914.96,2175.9624999999996
915.136,2109.9624999999996
915.311,2160.4624999999996
915.487,2144.9624999999996
915.662,2240.4624999999996
915.838,2215.9624999999996
916.013,2158.9624999999996
916.189,2159.4624999999996
916.364,2085.4624999999996
916.539,2174.9624999999996
916.715,2180.4624999999996
916.89,2169.9624999999996
917.065,2162.9624999999996
917.24,2124.9624999999996
917.416,2229.9624999999996
917.591,2199.9624999999996
917.766,2207.9624999999996
917.941,2241.9624999999996
918.116,2122.4624999999996
918.292,2190.9624999999996
918.467,2110.4624999999996
918.642,2174.9624999999996
918.817,2203.9624999999996
918.992,2152.9624999999996
919.167,2183.4624999999996
919.342,2218.9624999999996
919.517,2227.4624999999996
919.692,2253.4624999999996
919.867,2323.9624999999996
920.041,2285.9624999999996
920.216,2322.4624999999996
920.391,2373.9624999999996
920.566,2353.9624999999996
920.741,2370.4624999999996
920.915,2533.9624999999996
921.09,2695.4624999999996
921.265,3299.9624999999996
921.439,3712.9624999999996
921.614,3272.9624999999996
921.789,2929.9624999999996
921.963,2866.4624999999996
922.138,2694.9624999999996
922.312,2723.4624999999996
922.487,2695.4624999999996
922.661,2792.9624999999996
922.836,3172.4624999999996
923.01,3296.4624999999996
923.185,3002.9624999999996
923.359,2835.4624999999996
923.534,2870.9624999999996
923.708,2882.9624999999996
923.882,3072.4624999999996
924.057,2977.9624999999996
924.231,2925.9624999999996
924.405,2735.9624999999996
924.579,2719.9624999999996
924.753,2703.9624999999996
924.928,2624.4624999999996
925.102,2631.4624999999996
925.276,2646.9624999999996
925.45,2719.4624999999996
925.624,2805.9624999999996
925.798,2844.4624999999996
925.972,2971.9624999999996
926.146,3068.4624999999996
926.32,3362.9624999999996
926.494,3649.9624999999996
926.668,3830.9624999999996
926.842,3976.9624999999996
927.016,3825.9624999999996
927.19,3848.9624999999996
927.363,3670.4624999999996
927.537,3613.9624999999996
927.711,3600.9624999999996
927.885,3466.9624999999996
928.058,3398.9624999999996
928.232,3316.4624999999996
928.406,3187.9624999999996
928.579,3189.9624999999996
928.753,3054.4624999999996
928.927,3061.4624999999996
929.1,3032.9624999999996
929.274,2912.9624999999996
929.447,2829.4624999999996
929.621,2854.4624999999996
929.794,2749.4624999999996
929.968,2774.4624999999996
930.141,2677.4624999999996
930.315,2653.9624999999996
930.488,2613.4624999999996
930.661,2647.9624999999996
930.835,2567.9624999999996
931.008,2541.9624999999996
931.181,2503.4624999999996
931.354,2493.9624999999996
931.528,2483.9624999999996
931.701,2465.4624999999996
931.874,2378.9624999999996
932.047,2433.4624999999996
932.22,2404.9624999999996
932.393,2406.9624999999996
932.566,2318.9624999999996
932.739,2306.4624999999996
932.912,2286.9624999999996
933.085,2283.4624999999996
933.258,2311.9624999999996
933.431,2263.4624999999996
933.604,2258.4624999999996
933.777,2247.9624999999996
933.95,2237.9624999999996
934.123,2180.4624999999996
934.296,2166.9624999999996
934.468,2199.4624999999996
934.641,2167.9624999999996
934.814,2269.4624999999996
934.987,2183.4624999999996
935.159,2231.9624999999996
935.332,2227.9624999999996
935.505,2097.9624999999996
935.677,2146.9624999999996
935.85,2141.4624999999996
936.022,2191.4624999999996
936.195,2199.9624999999996
936.367,2191.4624999999996
936.54,2190.4624999999996
936.712,2285.9624999999996
936.885,2243.4624999999996
937.057,2192.4624999999996
937.229,2268.4624999999996
937.402,2336.9624999999996
937.574,2369.9624999999996
937.746,2360.4624999999996
937.919,2532.9624999999996
938.091,2562.9624999999996
938.263,2774.4624999999996
938.435,2970.4624999999996
938.608,3472.4624999999996
938.78,3971.9624999999996
938.952,4141.9625
939.124,4215.4625
939.296,4845.4625
939.468,4988.9625
939.64,4433.4625
939.812,3873.4624999999996
939.984,3580.9624999999996
940.156,3174.9624999999996
940.328,3061.9624999999996
940.5,2973.9624999999996
940.672,2812.9624999999996
940.843,2696.9624999999996
941.015,2601.4624999999996
941.187,2576.4624999999996
941.359,2529.4624999999996
941.531,2528.9624999999996
941.702,2543.9624999999996
941.874,2420.9624999999996
942.046,2304.9624999999996
942.217,2364.4624999999996
942.389,2384.4624999999996
942.56,2216.4624999999996
942.732,2227.4624999999996
942.904,2190.9624999999996
943.075,2087.4624999999996
943.247,2120.9624999999996
943.418,2114.9624999999996
943.589,2190.9624999999996
943.761,2197.9624999999996
943.932,2137.4624999999996
944.104,2066.4624999999996
944.275,2038.9624999999999
944.446,2025.9624999999999
944.617,1990.9624999999999
944.789,2046.4624999999999
944.96,1986.4624999999999
945.131,2001.4624999999999
945.302,2095.4624999999996
945.473,1947.4624999999999
945.645,2010.4624999999999
945.816,1991.9624999999999
945.987,2091.4624999999996
946.158,2081.4624999999996
946.329,2108.4624999999996
946.5,2034.9624999999999
946.671,1959.4624999999999
946.842,1967.9624999999999
947.013,1943.4624999999999
947.183,1929.9624999999999
947.354,1919.4624999999999
947.525,1894.9624999999999
947.696,1943.4624999999999
947.867,1908.4624999999999
948.037,1884.9624999999999
948.208,1895.4625
948.379,1881.4624999999999
948.55,1839.4625
948.72,1870.4624999999999
948.891,1856.4625
949.061,1804.9625
949.232,1816.9625
949.403,1799.9625
949.573,1741.4625
949.744,1804.9625
949.914,1780.9625
950.085,1858.4625
950.255,1782.4625
950.425,1783.9625
950.596,1767.4625
950.766,1792.4625
950.936,1768.4625
951.107,1768.4625
951.277,1722.4625
951.447,1768.4625
951.617,1752.9625
951.788,1705.9625
951.958,1686.9625
952.128,1759.9625
952.298,1659.4625
952.468,1704.9625
952.638,1709.9625
952.808,1700.4625
952.978,1713.4625
953.148,1671.4625
953.318,1708.4625
953.488,1731.9625
953.658,1612.9625
953.828,1691.9625
953.998,1670.4625
954.167,1638.9625
954.337,1663.9625
954.507,1639.9625
954.677,1628.4625
954.846,1641.9625
955.016,1649.9625
955.186,1611.9625
955.355,1635.4625
955.525,1617.4625
955.695,1602.4625
955.864,1598.9625
956.034,1662.4625
956.203,1617.9625
956.373,1567.9625
956.542,1575.9625
956.711,1528.4625
956.881,1588.4625
957.05,1623.9625
957.22,1564.4625
957.389,1585.4625
957.558,1601.4625
957.727,1541.4625
957.897,1565.9625
958.066,1539.9625
958.235,1530.4625
958.404,1543.4625
958.573,1495.9625
958.743,1479.9625
958.912,1538.4625
959.081,1468.4625
959.25,1523.4625
959.419,1476.4625
959.588,1523.4625
959.757,1506.9625
959.926,1569.4625
960.094,1524.9625
960.263,1569.4625
960.432,1529.4625
960.601,1478.4625
960.77,1497.9625
960.939,1504.9625
961.107,1468.9625
961.276,1461.4625
961.445,1470.9625
961.613,1472.4625
961.782,1427.4625
961.951,1529.9625
962.119,1504.4625
962.288,1489.9625
962.456,1446.4625
962.625,1454.9625
962.793,1502.4625
962.962,1483.4625
963.13,1534.9625
963.298,1482.9625
963.467,1462.4625
963.635,1467.9625
963.803,1443.4625
963.972,1480.4625
964.14,1458.9625
964.308,1498.4625
964.477,1476.4625
964.645,1433.4625
964.813,1531.4625
964.981,1528.4625
965.149,1557.9625
965.317,1501.4625
965.485,1485.9625
965.653,1476.9625
965.821,1527.9625
965.989,1543.4625
966.157,1487.4625
966.325,1477.4625
966.493,1486.4625
966.661,1424.9625
966.829,1477.9625
966.996,1423.4625
967.164,1490.9625
967.332,1488.9625
967.5,1502.4625
967.667,1428.9625
967.835,1456.9625
968.003,1520.9625
968.17,1454.9625
968.338,1425.4625
968.505,1501.9625
968.673,1453.9625
968.841,1436.4625
969.008,1514.9625
969.175,1422.4625
969.343,1504.9625
969.51,1493.4625
969.678,1535.4625
969.845,1447.4625
970.012,1467.4625
970.18,1447.9625
970.347,1452.4625
970.514,1418.4625
970.681,1438.9625
970.849,1487.9625
971.016,1444.9625
971.183,1455.9625
971.35,1493.9625
971.517,1501.9625
971.684,1431.4625
971.851,1463.9625
972.018,1458.4625
972.185,1484.9625
972.352,1462.9625
972.519,1438.9625
972.686,1414.9625
972.853,1496.4625
973.02,1483.4625
973.186,1471.4625
973.353,1495.9625
973.52,1474.4625
973.687,1439.9625
973.853,1496.4625
974.02,1453.9625
974.187,1417.9625
974.353,1490.9625
974.52,1410.4625
974.687,1466.4625
974.853,1418.9625
975.02,1419.9625
975.186,1432.9625
975.353,1420.4625
975.519,1385.9625
975.685,1414.4625
975.852,1461.4625
976.018,1472.9625
976.184,1419.4625
976.351,1417.9625
976.517,1354.4625
976.683,1428.4625
976.849,1396.4625
977.016,1321.4625
977.182,1345.9625
977.348,1447.4625
977.514,1355.4625
977.68,1339.4625
977.846,1371.9625
978.012,1374.4625
978.178,1367.4625
978.344,1373.4625
978.51,1357.9625
978.676,1347.4625
978.842,1370.4625
979.008,1350.4625
979.174,1395.9625
979.34,1388.4625
979.505,1360.9625
979.671,1416.9625
979.837,1354.9625
980.003,1360.4625
980.168,1428.4625
980.334,1416.9625
980.499,1357.4625
980.665,1418.9625
980.831,1395.4625
980.996,1384.9625
981.162,1417.9625
981.327,1466.4625
981.493,1384.4625
981.658,1390.9625
981.823,1402.9625
981.989,1440.4625
982.154,1412.4625
982.319,1437.9625
982.485,1442.9625
982.65,1474.4625
982.815,1467.4625
982.98,1495.9625
983.146,1371.4625
983.311,1426.9625
983.476,1433.4625
983.641,1435.4625
983.806,1427.4625
983.971,1351.9625
984.136,1460.9625
984.301,1361.4625
984.466,1412.4625
984.631,1394.4625
984.796,1378.9625
984.961,1358.9625
985.126,1429.4625
985.291,1350.9625
985.455,1396.4625
985.62,1357.9625
985.785,1397.4625
985.95,1390.9625
986.114,1335.4625
986.279,1371.9625
986.444,1521.4625
986.608,1432.9625
986.773,1406.9625
986.937,1456.4625
987.102,1481.4625
987.266,1427.9625
987.431,1408.4625
987.595,1395.4625
987.76,1424.4625
987.924,1409.9625
988.088,1492.4625
988.253,1397.4625
988.417,1378.4625
988.581,1387.4625
988.746,1392.9625
988.91,1449.9625
989.074,1351.4625
989.238,1379.4625
989.402,1362.4625
989.566,1364.4625
989.731,1361.4625
989.895,1409.4625
990.059,1413.4625
990.223,1364.4625
990.387,1354.9625
990.551,1352.9625
990.714,1410.4625
990.878,1320.9625
991.042,1397.9625
991.206,1353.9625
991.37,1350.4625
991.534,1366.4625
991.697,1386.9625
991.861,1318.9625
992.025,1318.4625
992.188,1404.9625
992.352,1360.4625
992.516,1412.4625
992.679,1352.9625
992.843,1368.4625
993.006,1376.4625
993.17,1345.9625
993.333,1333.9625
993.497,1328.9625
993.66,1411.9625
993.824,1356.9625
993.987,1368.4625
994.15,1362.4625
994.314,1400.9625
994.477,1335.9625
994.64,1356.9625
994.803,1386.4625
994.967,1343.4625
995.13,1312.4625
995.293,1288.9625
995.456,1379.4625
995.619,1377.9625
995.782,1333.9625
995.945,1343.4625
996.108,1329.9625
996.271,1333.9625
996.434,1419.9625
996.597,1398.9625
996.76,1360.9625
996.923,1308.4625
997.086,1375.4625
997.248,1331.9625
997.411,1384.9625
997.574,1363.4625
997.737,1319.4625
997.899,1337.9625
998.062,1292.4625
998.225,1295.4625
998.387,1292.4625
998.55,1279.4625
998.712,1311.4625
998.875,1237.4625
999.037,1301.9625
999.2,1290.4625
999.362,1298.9625
999.525,1337.9625
999.687,1343.9625
999.849,1335.9625
1000.012,1261.4625
1000.174,1330.9625
1000.336,1322.9625
1000.499,1394.4625
1000.661,1381.4625
1000.823,1362.9625
1000.985,1369.4625
1001.147,1425.9625
1001.309,1377.4625
1001.471,1408.9625
1001.633,1402.9625
1001.796,1356.9625
1001.958,1397.4625
1002.119,1440.9625
1002.281,1544.9625
1002.443,1495.9625
1002.605,1657.4625
1002.767,1714.9625
1002.929,1752.4625
1003.091,1793.9625
1003.252,1972.4624999999999
1003.414,2036.9624999999999
1003.576,2091.4624999999996
1003.738,2172.9624999999996
1003.899,2296.9624999999996
1004.061,2422.9624999999996
1004.222,2501.4624999999996
1004.384,2625.9624999999996
1004.546,2554.9624999999996
1004.707,2697.4624999999996
1004.869,2738.4624999999996
1005.03,2619.4624999999996
1005.191,2584.9624999999996
1005.353,2473.4624999999996
1005.514,2293.4624999999996
1005.675,2245.9624999999996
1005.837,2145.9624999999996
1005.998,2100.4624999999996
1006.159,2146.4624999999996
1006.321,2173.9624999999996
1006.482,2301.4624999999996
1006.643,2335.4624999999996
1006.804,2551.4624999999996
1006.965,2554.4624999999996
1007.126,2519.4624999999996
1007.287,2504.4624999999996
1007.448,2439.9624999999996
1007.609,2432.4624999999996
1007.77,2303.4624999999996
1007.931,2326.9624999999996
1008.092,2387.9624999999996
1008.253,2448.9624999999996
1008.414,2469.4624999999996
1008.575,2484.4624999999996
1008.736,2512.4624999999996
1008.896,2551.9624999999996
1009.057,2396.9624999999996
1009.218,2494.9624999999996
1009.379,2461.4624999999996
1009.539,2586.9624999999996
1009.7,2650.4624999999996
1009.86,2627.9624999999996
1010.021,2610.9624999999996
1010.182,2600.9624999999996
1010.342,2578.4624999999996
1010.503,2676.9624999999996
1010.663,2693.9624999999996
1010.823,2787.9624999999996
1010.984,2865.4624999999996
1011.144,2942.9624999999996
1011.305,3049.9624999999996
1011.465,3164.9624999999996
1011.625,3148.4624999999996
1011.785,3271.4624999999996
1011.946,3281.4624999999996
1012.106,3234.4624999999996
1012.266,3094.4624999999996
1012.426,3114.4624999999996
1012.586,3122.4624999999996
1012.746,3107.4624999999996
1012.906,3030.4624999999996
1013.066,3077.9624999999996
1013.226,3127.4624999999996
1013.386,3062.4624999999996
1013.546,3043.9624999999996
1013.706,2975.4624999999996
1013.866,2929.4624999999996
1014.026,3129.9624999999996
1014.186,2962.9624999999996
1014.346,2923.4624999999996
1014.505,3058.4624999999996
1014.665,3148.9624999999996
1014.825,3043.9624999999996
1014.985,2982.4624999999996
1015.144,3161.4624999999996
1015.304,3426.4624999999996
1015.464,3340.4624999999996
1015.623,3234.9624999999996
1015.783,3526.9624999999996
1015.942,3812.9624999999996
1016.102,3664.9624999999996
1016.261,3547.9624999999996
1016.42,4001.9625
1016.58,4365.4625
1016.739,4296.9625
1016.899,4103.9625
1017.058,4303.9625
1017.217,4569.9625
1017.376,4300.9625
1017.536,3953.9624999999996
1017.695,3872.4624999999996
1017.854,4041.9624999999996
1018.013,3900.4624999999996
1018.172,3693.9624999999996
1018.331,3655.4624999999996
1018.49,3909.9625
1018.649,4160.4625
1018.808,4312.4625
1018.967,4299.9625
1019.126,4243.4625
1019.285,4339.4625
1019.444,4327.4625
1019.603,4079.9624999999996
1019.762,3954.9624999999996
1019.921,3988.9625
1020.079,4367.4625
1020.238,4654.9625
1020.397,4487.9625
1020.555,4110.4625
1020.714,4178.9625
1020.873,4506.9625
1021.031,4591.9625
1021.19,4350.4625
1021.348,4208.9625
1021.507,4488.4625
1021.665,4886.4625
1021.824,4607.4625
1021.982,4140.4625
1022.141,4202.4625
1022.299,4832.9625
1022.457,5133.9625
1022.616,4547.9625
1022.774,4146.9625
1022.932,4331.4625
1023.09,5087.4625
1023.249,5225.4625
1023.407,4590.4625
1023.565,4187.4625
1023.723,4621.9625
1023.881,5204.9625
1024.039,5266.9625
1024.197,4683.9625
1024.355,4336.9625
1024.513,4563.4625
1024.671,5260.4625
1024.829,5319.9625
1024.987,4839.4625
1025.145,4333.9625
1025.302,4738.4625
1025.46,5207.9625
1025.618,5385.9625
1025.776,5062.4625
1025.933,4524.4625
1026.091,4641.4625
1026.249,5241.9625
1026.406,5627.4625
1026.564,5294.4625
1026.721,4932.4625
1026.879,4606.9625
1027.036,5142.9625
1027.194,5494.4625
1027.351,5513.4625
1027.509,4982.4625
1027.666,4771.9625
1027.823,5151.9625
1027.981,5440.4625
1028.138,5771.4625
1028.295,5322.9625
1028.452,4936.9625
1028.609,4948.4625
1028.767,5480.4625
1028.924,5905.4625
1029.081,5629.9625
1029.238,5499.9625
1029.395,5108.4625
1029.552,5313.4625
1029.709,5660.4625
1029.866,5898.9625
1030.023,5693.9625
1030.18,5104.4625
1030.337,5148.4625
1030.494,5424.4625
1030.65,5782.9625
1030.807,6344.4625
1030.964,5634.4625
1031.121,5424.4625
1031.277,5249.4625
1031.434,5476.9625
1031.591,6071.4625
1031.747,6032.9625
1031.904,6094.4625
1032.06,5831.9625
1032.217,5415.4625
1032.373,6149.4625
1032.53,6372.4625
1032.686,7058.4625
1032.843,7099.9625
1032.999,6571.4625
1033.155,6554.4625
1033.312,6531.4625
1033.468,7842.4625
1033.624,8252.962500000001
1033.78,8761.462500000001
1033.937,8591.462500000001
1034.093,7870.462500000001
1034.249,7801.9625
1034.405,7863.9625
1034.561,8532.462500000001
1034.717,9076.962500000001
1034.873,9112.462500000001
1035.029,9445.962500000001
1035.185,8484.462500000001
1035.341,8380.462500000001
1035.497,9126.462500000001
1035.653,9164.462500000001
1035.809,10291.962500000001
1035.964,11057.462500000001
1036.12,10362.962500000001
1036.276,10582.462500000001
1036.432,10248.962500000001
1036.587,9477.962500000001
1036.743,10014.462500000001
1036.899,10925.962500000001
1037.054,11036.462500000001
1037.21,12229.962500000001
1037.365,12420.962500000001
1037.521,11628.462500000001
1037.676,11365.462500000001
1037.832,10557.462500000001
1037.987,10716.962500000001
1038.143,11070.962500000001
1038.298,12508.462500000001
1038.453,12449.462500000001
1038.609,13545.462500000001
1038.764,13758.962500000001
1038.919,12599.462500000001
1039.074,12649.962500000001
1039.229,11543.462500000001
1039.385,11681.962500000001
1039.54,12023.462500000001
1039.695,13073.462500000001
1039.85,14632.462500000001
1040.005,15494.962500000001
1040.16,16255.962
1040.315,15784.962500000001
1040.47,15000.462500000001
1040.625,14240.462500000001
1040.78,13704.962500000001
1040.935,13809.962500000001
1041.089,14349.462500000001
1041.244,16374.462
1041.399,17076.462
1041.554,18160.462
1041.708,20270.962
1041.863,19219.462
1042.018,18680.462
1042.172,17882.462
1042.327,17066.962
1042.481,17645.462
1042.636,17463.462
1042.791,17532.462
1042.945,20723.462
1043.099,23800.962
1043.254,22729.462
1043.408,23644.462
1043.563,25699.462
1043.717,24176.462
1043.871,21563.462
1044.025,21592.462
1044.18,21599.962
1044.334,21586.462
1044.488,22575.962
1044.642,24058.462
1044.796,25552.462
1044.95,28660.962
1045.104,31179.462
1045.258,31261.962
1045.412,30557.962
1045.566,29793.462
1045.72,29357.462
1045.874,26342.962
1046.028,24792.962
1046.182,25184.462
1046.336,25587.962
1046.489,26297.462
1046.643,27724.962
1046.797,30150.962
1046.951,30933.462
1047.104,31374.962
1047.258,33205.960999999996
1047.411,36177.960999999996
1047.565,35492.460999999996
1047.719,33638.960999999996
1047.872,32583.462
1048.026,31156.462
1048.179,30004.962
1048.332,29632.962
1048.486,29277.962
1048.639,30073.462
1048.792,31224.962
1048.946,33308.960999999996
1049.099,36826.460999999996
1049.252,37638.960999999996
1049.406,34408.460999999996
1049.559,37143.960999999996
1049.712,42292.960999999996
1049.865,43442.460999999996
1050.018,42905.460999999996
1050.171,37516.960999999996
1050.324,36177.960999999996
1050.477,38193.960999999996
1050.63,42440.960999999996
1050.783,42548.460999999996
1050.936,39501.460999999996
1051.089,37118.960999999996
1051.242,38090.460999999996
1051.394,43471.960999999996
1051.547,46685.960999999996
1051.7,43131.460999999996
1051.853,40533.460999999996
1052.005,41735.460999999996
1052.158,47069.960999999996
1052.311,51976.960999999996
1052.463,50398.960999999996
1052.616,45193.960999999996
1052.768,40182.460999999996
1052.921,38921.460999999996
1053.073,41835.960999999996
1053.226,48706.960999999996
1053.378,55146.460999999996
1053.531,57825.960999999996
1053.683,55640.460999999996
1053.835,47673.460999999996
1053.988,35939.960999999996
