237.496,512.9833333333333
237.566,470.65000000000003
237.636,496.98333333333335
237.705,482.98333333333335
237.775,512.65
237.845,481.98333333333335
237.914,493.98333333333335
237.984,486.31666666666666
238.054,480.98333333333335
238.123,486.98333333333335
238.193,522.3166666666667
238.263,522.9833333333333
238.332,488.31666666666666
238.402,473.65000000000003
238.471,491.98333333333335
238.541,513.65
238.611,543.65
238.68,495.31666666666666
238.75,534.9833333333333
238.819,509.31666666666666
238.889,477.31666666666666
238.958,483.98333333333335
239.028,487.65000000000003
239.097,472.65000000000003
239.167,507.31666666666666
239.237,533.3166666666667
239.306,481.31666666666666
239.376,494.98333333333335
239.445,458.98333333333335
239.515,466.31666666666666
239.584,513.65
239.654,539.65
239.723,515.9833333333333
239.793,477.31666666666666
239.862,466.65000000000003
239.932,483.98333333333335
240.001,504.31666666666666
240.07,513.9833333333333
240.14,483.31666666666666
240.209,516.65
240.279,479.31666666666666
240.348,477.65000000000003
240.418,492.65000000000003
240.487,472.31666666666666
240.556,454.31666666666666
240.626,461.98333333333335
240.695,475.31666666666666
240.765,477.65000000000003
240.834,467.98333333333335
240.903,456.31666666666666
240.973,494.31666666666666
241.042,471.65000000000003
241.112,468.65000000000003
241.181,489.98333333333335
241.25,474.98333333333335
241.32,497.65000000000003
241.389,459.65000000000003
241.458,491.31666666666666
241.528,478.31666666666666
241.597,473.31666666666666
241.666,500.65000000000003
241.736,477.65000000000003
241.805,493.98333333333335
241.874,476.98333333333335
241.943,451.98333333333335
242.013,524.3166666666667
242.082,461.98333333333335
242.151,467.31666666666666
242.221,492.98333333333335
242.29,441.98333333333335
242.359,477.98333333333335
242.428,460.98333333333335
242.498,480.65000000000003
242.567,472.31666666666666
242.636,454.98333333333335
242.705,492.31666666666666
242.774,441.98333333333335
242.844,442.98333333333335
242.913,474.31666666666666
242.982,444.98333333333335
243.051,481.98333333333335
243.12,420.98333333333335
243.19,445.98333333333335
243.259,476.65000000000003
243.328,434.65000000000003
243.397,407.65000000000003
243.466,476.98333333333335
243.535,472.31666666666666
243.605,464.98333333333335
243.674,433.31666666666666
243.743,449.98333333333335
243.812,457.31666666666666
243.881,447.31666666666666
243.95,466.65000000000003
244.019,408.65000000000003
244.088,484.98333333333335
244.158,432.65000000000003
244.227,472.31666666666666
244.296,461.65000000000003
244.365,467.31666666666666
244.434,471.98333333333335
244.503,472.31666666666666
244.572,491.65000000000003
244.641,476.65000000000003
244.71,467.65000000000003
244.779,471.98333333333335
244.848,447.65000000000003
244.917,472.31666666666666
244.986,482.98333333333335
245.055,444.98333333333335
245.124,417.31666666666666
245.193,436.98333333333335
245.262,464.98333333333335
245.331,439.65000000000003
245.4,469.98333333333335
245.469,458.65000000000003
245.538,441.31666666666666
245.607,443.65000000000003
245.676,438.65000000000003
245.745,402.98333333333335
245.814,401.98333333333335
245.883,403.31666666666666
245.952,436.98333333333335
246.021,409.98333333333335
246.09,410.98333333333335
246.159,371.98333333333335
246.227,365.31666666666666
246.296,394.98333333333335
246.365,389.65000000000003
246.434,381.31666666666666
246.503,409.65000000000003
246.572,367.31666666666666
246.641,388.98333333333335
246.71,366.65000000000003
246.779,404.65000000000003
246.847,406.98333333333335
246.916,398.98333333333335
246.985,390.98333333333335
247.054,395.65000000000003
247.123,428.31666666666666
247.192,391.31666666666666
247.26,385.65000000000003
247.329,392.31666666666666
247.398,333.31666666666666
247.467,385.31666666666666
247.536,385.98333333333335
247.604,387.65000000000003
247.673,389.65000000000003
247.742,345.98333333333335
247.811,371.31666666666666
247.879,358.31666666666666
247.948,355.31666666666666
248.017,398.65000000000003
248.086,332.98333333333335
248.154,414.98333333333335
248.223,404.98333333333335
248.292,347.31666666666666
248.361,355.31666666666666
248.429,348.98333333333335
248.498,342.31666666666666
248.567,326.65000000000003
248.635,341.31666666666666
248.704,364.31666666666666
248.773,349.31666666666666
248.841,393.98333333333335
248.91,363.98333333333335
248.979,384.31666666666666
249.047,344.31666666666666
249.116,378.98333333333335
249.185,334.31666666666666
249.253,367.98333333333335
249.322,382.31666666666666
249.39,344.65000000000003
249.459,367.31666666666666
249.528,360.65000000000003
249.596,345.31666666666666
249.665,337.65000000000003
249.733,368.98333333333335
249.802,360.98333333333335
249.871,339.65000000000003
249.939,352.65000000000003
250.008,351.65000000000003
250.076,304.65000000000003
250.145,354.31666666666666
250.213,313.98333333333335
250.282,329.98333333333335
250.35,334.65000000000003
250.419,382.98333333333335
250.487,348.98333333333335
250.556,313.65000000000003
250.624,343.65000000000003
250.693,311.31666666666666
250.761,336.98333333333335
250.83,344.65000000000003
250.898,374.31666666666666
250.967,355.31666666666666
251.035,352.31666666666666
251.104,317.31666666666666
251.172,385.65000000000003
251.241,350.98333333333335
251.309,328.98333333333335
251.378,345.98333333333335
251.446,308.98333333333335
251.514,313.31666666666666
251.583,342.31666666666666
251.651,308.98333333333335
251.72,318.98333333333335
251.788,331.98333333333335
251.856,294.31666666666666
251.925,288.31666666666666
251.993,330.98333333333335
252.062,360.31666666666666
252.13,316.65000000000003
252.198,298.98333333333335
252.267,291.31666666666666
252.335,315.65000000000003
252.403,320.98333333333335
252.472,329.65000000000003
252.54,287.65000000000003
252.608,317.65000000000003
252.677,338.98333333333335
252.745,323.98333333333335
252.813,306.98333333333335
252.881,308.31666666666666
252.95,293.98333333333335
253.018,287.65000000000003
253.086,260.98333333333335
253.155,232.65
253.223,257.65000000000003
253.291,261.65000000000003
253.359,223.98333333333335
253.428,227.3166666666667
253.496,229.65
253.564,234.65
253.632,207.65
253.7,248.65
253.769,245.65
253.837,225.65
253.905,272.65000000000003
253.973,222.98333333333335
254.041,250.65
254.11,222.65
254.178,217.3166666666667
254.246,276.98333333333335
254.314,242.65
254.382,231.98333333333335
254.45,251.98333333333335
254.518,231.3166666666667
254.587,219.98333333333335
254.655,222.65
254.723,225.98333333333335
254.791,243.98333333333335
254.859,235.3166666666667
254.927,236.3166666666667
254.995,253.3166666666667
255.063,261.98333333333335
255.131,218.98333333333335
255.199,265.65000000000003
255.267,272.31666666666666
255.336,235.3166666666667
255.404,235.3166666666667
255.472,227.98333333333335
255.54,242.3166666666667
255.608,268.65000000000003
255.676,230.3166666666667
255.744,252.98333333333335
255.812,243.98333333333335
255.88,255.98333333333335
255.948,240.3166666666667
256.016,263.98333333333335
256.084,263.31666666666666
256.152,219.98333333333335
256.22,229.98333333333335
256.288,272.65000000000003
256.356,235.98333333333335
256.424,287.65000000000003
256.491,256.65000000000003
256.559,308.65000000000003
256.627,295.31666666666666
256.695,258.98333333333335
256.763,254.3166666666667
256.831,270.98333333333335
256.899,282.31666666666666
256.967,262.31666666666666
257.035,296.98333333333335
257.103,262.65000000000003
257.171,300.31666666666666
257.238,310.65000000000003
257.306,286.65000000000003
257.374,316.98333333333335
257.442,349.31666666666666
257.51,357.31666666666666
257.578,341.98333333333335
257.646,342.31666666666666
257.713,353.31666666666666
257.781,367.31666666666666
257.849,360.65000000000003
257.917,327.65000000000003
257.985,364.65000000000003
258.052,353.31666666666666
258.12,360.98333333333335
258.188,354.31666666666666
258.256,368.31666666666666
258.324,335.65000000000003
258.391,387.31666666666666
258.459,441.31666666666666
258.527,403.31666666666666
258.595,415.65000000000003
258.662,425.98333333333335
258.73,381.65000000000003
258.798,399.31666666666666
258.865,469.31666666666666
258.933,460.65000000000003
259.001,452.65000000000003
259.069,474.98333333333335
259.136,459.65000000000003
259.204,465.31666666666666
259.272,463.98333333333335
259.339,449.65000000000003
259.407,482.31666666666666
259.475,495.98333333333335
259.542,459.31666666666666
259.61,477.98333333333335
259.677,465.65000000000003
259.745,546.3166666666667
259.813,498.65000000000003
259.88,527.65
259.948,534.9833333333333
260.016,534.9833333333333
260.083,506.98333333333335
260.151,535.9833333333333
260.218,540.9833333333333
260.286,571.65
260.353,575.9833333333333
260.421,528.9833333333333
260.489,548.65
260.556,590.3166666666667
260.624,572.3166666666667
260.691,563.3166666666667
260.759,606.3166666666667
260.826,592.65
260.894,598.9833333333333
260.961,630.65
261.029,614.9833333333333
261.096,648.9833333333333
261.164,627.65
261.231,619.65
261.299,641.9833333333333
261.366,641.3166666666667
261.434,637.9833333333333
261.501,669.65
261.568,686.65
261.636,712.9833333333332
261.703,711.3166666666666
261.771,720.65
261.838,674.65
261.906,705.9833333333332
261.973,662.9833333333333
262.04,692.9833333333332
262.108,745.9833333333332
262.175,711.3166666666666
262.243,753.3166666666666
262.31,752.9833333333332
262.377,752.9833333333332
262.445,804.3166666666666
262.512,806.3166666666666
262.579,809.9833333333332
262.647,781.65
262.714,781.3166666666666
262.781,790.3166666666666
262.849,749.65
262.916,816.3166666666666
262.983,786.3166666666666
263.051,837.3166666666666
263.118,852.3166666666666
263.185,804.3166666666666
263.252,841.3166666666666
263.32,871.65
263.387,863.3166666666666
263.454,832.9833333333332
263.522,872.9833333333332
263.589,879.3166666666666
263.656,895.65
263.723,829.65
263.79,868.9833333333332
263.858,916.9833333333332
263.925,909.65
263.992,920.65
264.059,950.3166666666666
264.126,947.3166666666666
264.194,974.9833333333332
264.261,912.9833333333332
264.328,934.65
264.395,919.65
264.462,963.9833333333332
264.529,948.3166666666666
264.597,959.3166666666666
264.664,983.3166666666666
264.731,946.65
264.798,990.65
264.865,976.3166666666666
264.932,946.3166666666666
264.999,992.65
265.066,954.65
265.133,1005.9833333333332
265.201,1042.6499999999999
265.268,1047.6499999999999
265.335,1008.65
265.402,1059.9833333333333
265.469,1068.9833333333333
265.536,1065.3166666666666
265.603,1052.3166666666666
265.67,1021.65
265.737,1030.6499999999999
265.804,1078.6499999999999
265.871,1062.6499999999999
265.938,1080.3166666666666
266.005,1112.9833333333333
266.072,1085.6499999999999
266.139,1046.6499999999999
266.206,1119.6499999999999
266.273,1109.9833333333333
266.34,1082.3166666666666
266.407,1074.3166666666666
266.474,1127.9833333333333
266.541,1107.6499999999999
266.608,1138.9833333333333
266.675,1115.9833333333333
266.742,1109.6499999999999
266.808,1149.3166666666666
266.875,1092.6499999999999
266.942,1164.6499999999999
267.009,1119.9833333333333
267.076,1118.9833333333333
267.143,1124.6499999999999
267.21,1193.9833333333333
267.277,1112.9833333333333
267.344,1158.3166666666666
267.41,1177.6499999999999
267.477,1182.9833333333333
267.544,1176.9833333333333
267.611,1146.9833333333333
267.678,1163.9833333333333
267.745,1164.9833333333333
267.811,1228.9833333333333
267.878,1227.9833333333333
267.945,1143.3166666666666
268.012,1193.3166666666666
268.079,1189.3166666666666
268.145,1181.3166666666666
268.212,1139.9833333333333
268.279,1194.9833333333333
268.346,1189.3166666666666
268.412,1195.6499999999999
268.479,1167.3166666666666
268.546,1190.3166666666666
268.613,1185.3166666666666
268.679,1165.3166666666666
268.746,1153.3166666666666
268.813,1170.9833333333333
268.879,1170.3166666666666
268.946,1156.6499999999999
269.013,1187.9833333333333
269.079,1145.9833333333333
269.146,1211.6499999999999
269.213,1179.9833333333333
269.28,1178.6499999999999
269.346,1121.3166666666666
269.413,1184.9833333333333
269.479,1191.6499999999999
269.546,1193.9833333333333
269.613,1175.3166666666666
269.679,1213.9833333333333
269.746,1186.3166666666666
269.813,1153.3166666666666
269.879,1181.6499999999999
269.946,1221.6499999999999
270.012,1166.3166666666666
270.079,1142.9833333333333
270.145,1180.6499999999999
270.212,1184.3166666666666
270.279,1208.3166666666666
270.345,1224.3166666666666
270.412,1165.3166666666666
270.478,1173.6499999999999
270.545,1261.6499999999999
270.611,1218.9833333333333
270.678,1173.3166666666666
270.744,1147.9833333333333
270.811,1198.3166666666666
270.877,1184.3166666666666
270.944,1161.6499999999999
271.01,1187.3166666666666
271.077,1173.6499999999999
271.143,1205.6499999999999
271.21,1172.9833333333333
271.276,1171.9833333333333
271.342,1168.3166666666666
271.409,1135.9833333333333
271.475,1154.3166666666666
271.542,1175.3166666666666
271.608,1188.9833333333333
271.675,1154.6499999999999
271.741,1193.9833333333333
271.807,1177.6499999999999
271.874,1212.3166666666666
271.94,1169.3166666666666
272.007,1217.9833333333333
272.073,1192.3166666666666
272.139,1156.3166666666666
272.206,1128.9833333333333
272.272,1178.6499999999999
272.338,1202.9833333333333
272.405,1162.3166666666666
272.471,1176.3166666666666
272.537,1160.6499999999999
272.604,1130.6499999999999
272.67,1148.3166666666666
272.736,1174.3166666666666
272.802,1215.3166666666666
272.869,1142.3166666666666
272.935,1202.9833333333333
273.001,1219.6499999999999
273.068,1190.3166666666666
273.134,1230.9833333333333
273.2,1227.9833333333333
273.266,1232.6499999999999
273.333,1194.9833333333333
273.399,1221.9833333333333
273.465,1215.6499999999999
273.531,1183.9833333333333
273.597,1232.9833333333333
273.664,1196.9833333333333
273.73,1205.6499999999999
273.796,1243.3166666666666
273.862,1235.3166666666666
273.928,1261.6499999999999
273.995,1268.9833333333333
274.061,1306.3166666666666
274.127,1261.3166666666666
274.193,1283.6499999999999
274.259,1246.6499999999999
274.325,1301.3166666666666
274.391,1281.9833333333333
274.457,1320.9833333333333
274.524,1263.3166666666666
274.59,1303.3166666666666
274.656,1328.9833333333333
274.722,1357.6499999999999
274.788,1341.3166666666666
274.854,1357.9833333333333
274.92,1342.9833333333333
274.986,1359.6499999999999
275.052,1314.9833333333333
275.118,1331.3166666666666
275.184,1352.9833333333333
275.25,1435.6499999999999
275.316,1414.3166666666666
275.382,1351.3166666666666
275.448,1428.9833333333333
275.514,1460.9833333333333
275.58,1486.9833333333333
275.646,1485.3166666666666
275.712,1546.3166666666666
275.778,1565.9833333333333
275.844,1508.9833333333333
275.91,1503.6499999999999
275.976,1618.6499999999999
276.042,1563.3166666666666
276.108,1611.3166666666666
276.174,1581.6499999999999
276.24,1707.3166666666666
276.306,1689.6499999999999
276.372,1714.6499999999999
276.437,1748.9833333333333
276.503,1729.6499999999999
276.569,1766.3166666666666
276.635,1791.3166666666666
276.701,1865.9833333333333
276.767,1880.3166666666666
276.833,1932.3166666666666
276.899,1941.9833333333333
276.964,2046.6499999999999
277.03,2024.3166666666666
277.096,2162.3166666666666
277.162,2161.983333333333
277.228,2231.65
277.293,2258.983333333333
277.359,2391.983333333333
277.425,2506.65
277.491,2652.316666666667
277.557,3096.316666666667
277.622,3964.9833333333336
277.688,3957.9833333333336
277.754,4133.650000000001
277.82,4614.983333333334
277.885,5296.983333333334
277.951,6575.316666666667
278.017,5798.983333333334
278.083,5188.983333333334
278.148,4941.650000000001
278.214,4980.650000000001
278.28,5334.983333333334
278.345,4889.983333333334
278.411,4736.316666666667
278.477,4905.316666666667
278.542,5272.316666666667
278.608,5714.650000000001
278.674,6199.316666666667
278.739,6959.316666666667
278.805,7947.316666666667
278.871,9235.65
278.936,11667.983333333332
279.002,16850.316333333332
279.067,21860.982999999997
279.133,21399.649666666664
279.199,19747.982999999997
279.264,20497.982999999997
279.33,23705.649666666664
279.395,29888.982999999997
279.461,36576.649666666664
279.527,40395.317
279.592,38366.31633333333
279.658,33650.983
279.723,32763.316333333332
279.789,33628.983
279.854,30580.982999999997
279.92,25856.316333333332
279.985,23624.982999999997
280.051,23868.982999999997
280.116,27779.316333333332
280.182,34922.983
280.247,38931.31633333333
280.313,34102.983
280.378,25427.316333333332
280.444,19294.316333333332
280.509,15333.983333333332
280.574,12813.65
280.64,11174.316666666666
280.705,9988.316666666668
280.771,8860.65
280.836,8129.650000000001
280.902,7574.650000000001
280.967,6985.650000000001
281.032,6501.316666666667
281.098,6070.316666666667
281.163,5814.650000000001
281.229,5491.316666666667
281.294,5214.650000000001
281.359,4992.983333333334
281.425,4859.316666666667
281.49,4611.316666666667
281.555,4366.983333333334
281.621,4347.316666666667
281.686,4132.983333333334
281.751,4001.65
281.816,3856.316666666667
281.882,3728.9833333333336
281.947,3638.316666666667
282.012,3560.9833333333336
282.078,3439.316666666667
282.143,3363.65
282.208,3269.65
282.273,3243.316666666667
282.339,3192.316666666667
282.404,3062.316666666667
282.469,2978.9833333333336
282.534,2960.9833333333336
282.6,2964.9833333333336
282.665,2859.9833333333336
282.73,2825.65
282.795,2728.316666666667
282.86,2809.316666666667
282.926,2675.316666666667
282.991,2697.316666666667
283.056,2671.9833333333336
283.121,2585.65
283.186,2567.983333333333
283.251,2546.983333333333
283.316,2537.983333333333
283.382,2481.3166666666666
283.447,2487.983333333333
283.512,2429.65
283.577,2406.65
283.642,2454.65
283.707,2431.983333333333
283.772,2402.65
283.837,2426.65
283.902,2346.3166666666666
283.967,2301.3166666666666
284.032,2368.65
284.097,2391.65
284.163,2301.3166666666666
284.228,2341.983333333333
284.293,2338.65
284.358,2363.65
284.423,2358.983333333333
284.488,2387.983333333333
284.553,2482.983333333333
284.618,2449.983333333333
284.683,2511.65
284.748,2561.65
284.812,2721.9833333333336
284.877,2974.9833333333336
284.942,3310.9833333333336
285.007,3957.9833333333336
285.072,5461.983333333334
285.137,9037.65
285.202,11911.316666666666
285.267,10367.316666666668
285.332,6916.983333333334
285.397,5153.983333333334
285.462,4167.316666666667
285.527,3630.65
285.591,3238.65
285.656,2963.9833333333336
285.721,2790.316666666667
285.786,2651.65
285.851,2578.983333333333
285.916,2473.983333333333
285.981,2410.65
286.045,2382.983333333333
286.11,2339.65
286.175,2271.3166666666666
286.24,2284.65
286.305,2224.65
286.369,2217.3166666666666
286.434,2177.983333333333
286.499,2122.983333333333
286.564,2173.3166666666666
286.628,2120.65
286.693,2100.65
286.758,2078.65
286.823,2133.983333333333
286.887,2056.65
286.952,2074.3166666666666
287.017,2032.6499999999999
287.082,2042.6499999999999
287.146,2044.9833333333333
287.211,1994.3166666666666
287.276,2020.3166666666666
287.34,2060.3166666666666
287.405,2009.6499999999999
287.47,1975.9833333333333
287.534,1962.9833333333333
287.599,1988.6499999999999
287.663,1934.9833333333333
287.728,2009.6499999999999
287.793,1946.6499999999999
287.857,1976.6499999999999
287.922,1974.3166666666666
287.987,1952.6499999999999
288.051,1951.3166666666666
288.116,1945.6499999999999
288.18,1959.3166666666666
288.245,1949.3166666666666
288.309,1960.6499999999999
288.374,2017.6499999999999
288.439,1969.3166666666666
288.503,1947.9833333333333
288.568,1921.3166666666666
288.632,1887.6499999999999
288.697,1923.6499999999999
288.761,1910.6499999999999
288.826,1942.6499999999999
288.89,1908.9833333333333
288.955,1933.9833333333333
289.019,1927.6499999999999
289.084,1920.3166666666666
289.148,1916.6499999999999
289.212,1929.3166666666666
289.277,1924.3166666666666
289.341,1839.9833333333333
289.406,1906.6499999999999
289.47,1920.6499999999999
289.535,1883.3166666666666
289.599,1880.6499999999999
289.663,1891.3166666666666
289.728,1894.9833333333333
289.792,1902.3166666666666
289.857,1891.9833333333333
289.921,1913.3166666666666
289.985,1872.3166666666666
290.05,1898.3166666666666
290.114,1874.3166666666666
290.178,1849.9833333333333
290.243,1868.9833333333333
290.307,1896.6499999999999
290.371,1949.3166666666666
290.436,1935.6499999999999
290.5,1927.9833333333333
290.564,1868.6499999999999
290.629,1906.9833333333333
290.693,1937.3166666666666
290.757,1929.3166666666666
290.821,1903.3166666666666
290.886,1951.6499999999999
290.95,1890.6499999999999
291.014,1969.3166666666666
291.078,1926.6499999999999
291.143,1980.9833333333333
291.207,1982.9833333333333
291.271,1983.9833333333333
291.335,2067.65
291.399,2045.3166666666666
291.464,2168.3166666666666
291.528,2217.65
291.592,2210.3166666666666
291.656,2078.65
291.72,2136.3166666666666
291.784,2034.6499999999999
291.849,2081.983333333333
291.913,2057.983333333333
291.977,2075.983333333333
292.041,2095.983333333333
292.105,2125.3166666666666
292.169,2164.65
292.233,2163.65
292.297,2178.983333333333
292.361,2248.65
292.425,2258.65
292.49,2298.983333333333
292.554,2465.65
292.618,2552.983333333333
292.682,2821.9833333333336
292.746,3213.316666666667
292.81,4290.316666666667
292.874,5342.316666666667
292.938,5438.650000000001
293.002,4990.983333333334
293.066,4550.316666666667
293.13,4126.650000000001
293.194,4025.65
293.258,3838.65
293.322,3822.9833333333336
293.386,3823.316666666667
293.45,3982.65
293.514,4543.983333333334
293.577,5978.650000000001
293.641,8088.983333333334
293.705,8626.983333333334
293.769,7851.316666666667
293.833,6786.316666666667
293.897,6071.983333333334
293.961,5378.316666666667
294.025,4886.316666666667
294.089,4465.650000000001
294.152,4078.9833333333336
294.216,3853.9833333333336
294.28,3596.9833333333336
294.344,3392.65
294.408,3270.65
294.472,3147.316666666667
294.536,2927.9833333333336
294.599,2869.9833333333336
294.663,2808.316666666667
294.727,2708.9833333333336
294.791,2626.983333333333
294.855,2612.65
294.918,2459.65
294.982,2440.65
295.046,2394.3166666666666
295.11,2383.65
295.173,2309.3166666666666
295.237,2227.983333333333
295.301,2258.983333333333
295.364,2143.65
295.428,2138.65
295.492,2107.65
295.556,2138.65
295.619,2087.65
295.683,2111.3166666666666
295.747,2093.65
295.81,2079.983333333333
295.874,2064.983333333333
295.938,2000.6499999999999
296.001,2046.6499999999999
296.065,1920.3166666666666
296.128,1971.6499999999999
296.192,1968.3166666666666
296.256,1936.9833333333333
296.319,1896.6499999999999
296.383,1914.9833333333333
296.447,1920.3166666666666
296.51,1889.3166666666666
296.574,1921.3166666666666
296.637,1888.3166666666666
296.701,1859.3166666666666
296.764,1828.9833333333333
296.828,1783.3166666666666
296.891,1833.9833333333333
296.955,1806.9833333333333
297.018,1752.9833333333333
297.082,1805.6499999999999
297.145,1822.3166666666666
297.209,1740.3166666666666
297.272,1816.3166666666666
297.336,1741.6499999999999
297.399,1801.9833333333333
297.463,1719.9833333333333
297.526,1790.3166666666666
297.59,1730.3166666666666
297.653,1795.3166666666666
297.717,1708.3166666666666
297.78,1747.9833333333333
297.843,1728.6499999999999
297.907,1745.9833333333333
297.97,1732.3166666666666
298.034,1705.3166666666666
298.097,1701.9833333333333
298.16,1622.9833333333333
298.224,1676.9833333333333
298.287,1717.3166666666666
298.35,1761.9833333333333
298.414,1707.6499999999999
298.477,1686.3166666666666
298.54,1706.6499999999999
298.604,1669.9833333333333
298.667,1671.3166666666666
298.73,1659.9833333333333
298.794,1674.9833333333333
298.857,1680.9833333333333
298.92,1657.3166666666666
298.984,1627.6499999999999
299.047,1603.9833333333333
299.11,1684.6499999999999
299.173,1604.3166666666666
299.237,1601.9833333333333
299.3,1631.6499999999999
299.363,1628.9833333333333
299.426,1584.6499999999999
299.489,1575.9833333333333
299.553,1580.6499999999999
299.616,1615.6499999999999
299.679,1547.9833333333333
299.742,1559.6499999999999
299.805,1558.6499999999999
299.868,1569.6499999999999
299.932,1587.9833333333333
299.995,1534.9833333333333
300.058,1542.9833333333333
300.121,1549.9833333333333
300.184,1496.9833333333333
300.247,1545.6499999999999
300.31,1539.3166666666666
300.374,1525.9833333333333
300.437,1555.6499999999999
300.5,1506.6499999999999
300.563,1576.6499999999999
300.626,1510.6499999999999
300.689,1474.9833333333333
300.752,1495.3166666666666
300.815,1492.6499999999999
300.878,1545.6499999999999
300.941,1551.6499999999999
301.004,1548.3166666666666
301.067,1495.3166666666666
301.13,1554.3166666666666
301.193,1509.6499999999999
301.256,1581.6499999999999
301.319,1483.6499999999999
301.382,1546.9833333333333
301.445,1510.6499999999999
301.508,1483.9833333333333
301.571,1495.9833333333333
301.634,1502.6499999999999
301.697,1464.6499999999999
301.76,1521.6499999999999
301.823,1477.3166666666666
301.885,1501.3166666666666
301.948,1522.6499999999999
302.011,1535.6499999999999
302.074,1519.6499999999999
302.137,1529.9833333333333
302.2,1503.9833333333333
302.263,1475.9833333333333
302.326,1481.6499999999999
302.388,1502.3166666666666
302.451,1524.9833333333333
302.514,1493.3166666666666
302.577,1479.3166666666666
302.64,1522.3166666666666
302.703,1531.9833333333333
302.765,1455.9833333333333
302.828,1476.3166666666666
302.891,1504.9833333333333
302.954,1415.6499999999999
303.016,1445.9833333333333
303.079,1481.3166666666666
303.142,1449.6499999999999
303.205,1472.6499999999999
303.267,1470.6499999999999
303.33,1435.6499999999999
303.393,1429.6499999999999
303.456,1521.6499999999999
303.518,1461.9833333333333
303.581,1439.6499999999999
303.644,1457.6499999999999
303.706,1490.3166666666666
303.769,1492.3166666666666
303.832,1483.6499999999999
303.894,1434.9833333333333
303.957,1478.9833333333333
304.02,1451.3166666666666
304.082,1489.9833333333333
304.145,1539.3166666666666
304.207,1489.3166666666666
304.27,1422.9833333333333
304.333,1465.6499999999999
304.395,1465.6499999999999
304.458,1428.9833333333333
304.52,1460.6499999999999
304.583,1488.6499999999999
304.646,1449.9833333333333
304.708,1475.3166666666666
304.771,1519.6499999999999
304.833,1454.9833333333333
304.896,1466.9833333333333
304.958,1479.9833333333333
305.021,1474.6499999999999
305.083,1440.3166666666666
305.146,1493.9833333333333
305.208,1481.9833333333333
305.271,1429.3166666666666
305.333,1421.9833333333333
305.396,1447.6499999999999
305.458,1418.9833333333333
305.52,1476.3166666666666
305.583,1493.3166666666666
305.645,1462.3166666666666
305.708,1484.9833333333333
305.77,1438.9833333333333
305.833,1483.3166666666666
305.895,1475.6499999999999
305.957,1498.3166666666666
306.02,1526.3166666666666
306.082,1443.3166666666666
306.144,1514.9833333333333
306.207,1457.6499999999999
306.269,1512.9833333333333
306.331,1508.3166666666666
306.394,1512.3166666666666
306.456,1493.3166666666666
306.518,1489.9833333333333
306.581,1491.3166666666666
306.643,1486.9833333333333
306.705,1466.6499999999999
306.768,1498.3166666666666
306.83,1474.9833333333333
306.892,1530.9833333333333
306.954,1578.9833333333333
307.017,1507.9833333333333
307.079,1540.6499999999999
307.141,1560.9833333333333
307.203,1548.3166666666666
307.266,1570.6499999999999
307.328,1513.9833333333333
307.39,1528.3166666666666
307.452,1535.6499999999999
307.514,1538.6499999999999
307.577,1497.9833333333333
307.639,1527.6499999999999
307.701,1507.3166666666666
307.763,1550.6499999999999
307.825,1584.9833333333333
307.887,1575.6499999999999
307.949,1548.3166666666666
308.012,1506.9833333333333
308.074,1534.6499999999999
308.136,1526.3166666666666
308.198,1524.6499999999999
308.26,1560.9833333333333
308.322,1591.9833333333333
308.384,1595.6499999999999
308.446,1605.6499999999999
308.508,1609.9833333333333
308.57,1624.3166666666666
308.632,1623.9833333333333
308.694,1648.3166666666666
308.756,1648.6499999999999
308.818,1670.9833333333333
308.88,1641.3166666666666
308.942,1630.9833333333333
309.004,1694.6499999999999
309.066,1749.3166666666666
309.128,1757.3166666666666
309.19,1761.3166666666666
309.252,1846.3166666666666
309.314,1838.3166666666666
309.376,1813.9833333333333
309.438,1756.9833333333333
309.5,1750.6499999999999
309.562,1781.6499999999999
309.624,1956.9833333333333
309.686,1994.3166666666666
309.747,1971.6499999999999
309.809,1845.9833333333333
309.871,1768.6499999999999
309.933,1803.3166666666666
309.995,1778.3166666666666
310.057,1746.3166666666666
310.119,1709.6499999999999
310.18,1728.9833333333333
310.242,1666.9833333333333
310.304,1710.9833333333333
310.366,1664.3166666666666
310.428,1697.9833333333333
310.489,1718.3166666666666
310.551,1688.6499999999999
310.613,1678.9833333333333
310.675,1724.3166666666666
310.737,1651.3166666666666
310.798,1619.9833333333333
310.86,1675.6499999999999
310.922,1663.6499999999999
310.983,1613.9833333333333
311.045,1631.6499999999999
311.107,1687.3166666666666
311.169,1741.6499999999999
311.23,1658.9833333333333
311.292,1612.3166666666666
311.354,1692.3166666666666
311.415,1664.9833333333333
311.477,1672.9833333333333
311.539,1667.9833333333333
311.6,1671.9833333333333
311.662,1657.9833333333333
311.724,1695.3166666666666
311.785,1648.9833333333333
311.847,1637.3166666666666
311.908,1696.9833333333333
311.97,1666.3166666666666
312.032,1615.3166666666666
312.093,1715.9833333333333
312.155,1688.3166666666666
312.216,1652.6499999999999
312.278,1716.9833333333333
312.339,1711.9833333333333
312.401,1684.6499999999999
312.462,1689.6499999999999
312.524,1590.3166666666666
312.585,1705.3166666666666
312.647,1656.3166666666666
312.708,1655.3166666666666
312.77,1727.9833333333333
312.831,1693.9833333333333
312.893,1622.3166666666666
312.954,1721.6499999999999
313.016,1679.6499999999999
313.077,1687.9833333333333
313.139,1686.9833333333333
313.2,1663.9833333333333
313.261,1680.3166666666666
313.323,1664.6499999999999
313.384,1702.6499999999999
313.446,1718.9833333333333
313.507,1697.3166666666666
313.568,1696.6499999999999
313.63,1639.6499999999999
313.691,1669.6499999999999
313.752,1761.9833333333333
313.814,1689.3166666666666
313.875,1632.9833333333333
313.936,1727.9833333333333
313.998,1727.3166666666666
314.059,1730.9833333333333
314.12,1667.3166666666666
314.182,1725.6499999999999
314.243,1725.6499999999999
314.304,1707.6499999999999
314.365,1745.6499999999999
314.427,1650.3166666666666
314.488,1711.9833333333333
314.549,1686.9833333333333
314.61,1696.3166666666666
314.672,1708.3166666666666
314.733,1695.3166666666666
314.794,1686.6499999999999
314.855,1681.3166666666666
314.917,1678.6499999999999
314.978,1702.6499999999999
315.039,1679.6499999999999
315.1,1717.9833333333333
315.161,1687.6499999999999
315.222,1660.6499999999999
315.283,1671.9833333333333
315.345,1748.6499999999999
315.406,1662.6499999999999
315.467,1741.3166666666666
315.528,1714.9833333333333
315.589,1684.6499999999999
315.65,1719.6499999999999
315.711,1651.3166666666666
315.772,1696.6499999999999
315.833,1678.9833333333333
315.894,1702.6499999999999
315.955,1699.9833333333333
316.016,1712.9833333333333
316.078,1698.3166666666666
316.139,1698.9833333333333
316.2,1742.3166666666666
316.261,1691.9833333333333
316.322,1638.6499999999999
316.383,1666.9833333333333
316.444,1686.6499999999999
316.504,1713.6499999999999
316.565,1688.9833333333333
316.626,1713.3166666666666
316.687,1658.3166666666666
316.748,1657.9833333333333
316.809,1685.3166666666666
316.87,1664.9833333333333
316.931,1723.9833333333333
316.992,1726.9833333333333
317.053,1676.9833333333333
317.114,1732.6499999999999
317.175,1648.6499999999999
317.235,1673.3166666666666
317.296,1676.6499999999999
317.357,1691.9833333333333
317.418,1675.6499999999999
317.479,1640.9833333333333
317.54,1671.3166666666666
317.601,1674.9833333333333
317.661,1708.9833333333333
317.722,1667.3166666666666
317.783,1685.9833333333333
317.844,1684.9833333333333
317.904,1675.9833333333333
317.965,1673.9833333333333
318.026,1676.6499999999999
318.087,1660.3166666666666
318.148,1687.9833333333333
318.208,1681.9833333333333
318.269,1663.3166666666666
318.33,1677.6499999999999
318.39,1676.6499999999999
318.451,1709.9833333333333
318.512,1646.9833333333333
318.572,1670.9833333333333
318.633,1671.9833333333333
318.694,1650.6499999999999
318.754,1661.6499999999999
318.815,1652.9833333333333
318.876,1673.3166666666666
318.936,1636.6499999999999
318.997,1662.6499999999999
319.058,1700.6499999999999
319.118,1684.3166666666666
319.179,1638.6499999999999
319.239,1622.6499999999999
319.3,1676.6499999999999
319.361,1682.9833333333333
319.421,1662.9833333333333
319.482,1663.9833333333333
319.542,1673.3166666666666
319.603,1631.6499999999999
319.663,1707.6499999999999
319.724,1660.6499999999999
319.784,1637.9833333333333
319.845,1646.6499999999999
319.905,1633.6499999999999
319.966,1621.3166666666666
320.026,1671.6499999999999
320.087,1661.9833333333333
320.147,1628.9833333333333
320.208,1657.3166666666666
320.268,1678.3166666666666
320.329,1618.9833333333333
320.389,1699.9833333333333
320.449,1614.3166666666666
320.51,1654.6499999999999
320.57,1621.9833333333333
320.631,1681.6499999999999
320.691,1604.3166666666666
320.751,1640.9833333333333
320.812,1673.9833333333333
320.872,1651.6499999999999
320.932,1659.9833333333333
320.993,1637.6499999999999
321.053,1657.9833333333333
321.113,1646.9833333333333
321.174,1668.9833333333333
321.234,1642.3166666666666
321.294,1607.9833333333333
321.355,1642.3166666666666
321.415,1709.6499999999999
321.475,1656.3166666666666
321.535,1629.6499999999999
321.596,1619.6499999999999
321.656,1674.6499999999999
321.716,1660.6499999999999
321.776,1631.3166666666666
321.837,1642.9833333333333
321.897,1646.6499999999999
321.957,1628.6499999999999
322.017,1673.6499999999999
322.077,1661.6499999999999
322.138,1695.6499999999999
322.198,1666.6499999999999
322.258,1657.6499999999999
322.318,1646.3166666666666
322.378,1683.6499999999999
322.438,1650.3166666666666
322.499,1643.3166666666666
322.559,1679.6499999999999
322.619,1629.6499999999999
322.679,1596.6499999999999
322.739,1619.3166666666666
322.799,1634.9833333333333
322.859,1681.9833333333333
322.919,1620.6499999999999
322.979,1611.6499999999999
323.039,1675.6499999999999
323.099,1592.9833333333333
323.159,1641.6499999999999
323.219,1685.9833333333333
323.279,1635.9833333333333
323.339,1636.6499999999999
323.399,1712.9833333333333
323.459,1686.3166666666666
323.519,1716.3166666666666
323.579,1741.3166666666666
323.639,1683.9833333333333
323.699,1686.3166666666666
323.759,1720.6499999999999
323.819,1684.9833333333333
323.879,1622.6499999999999
323.939,1627.3166666666666
323.999,1685.3166666666666
324.059,1655.6499999999999
324.119,1653.9833333333333
324.178,1642.6499999999999
324.238,1639.3166666666666
324.298,1651.3166666666666
324.358,1694.9833333333333
324.418,1665.6499999999999
324.478,1652.6499999999999
324.538,1634.3166666666666
324.597,1692.9833333333333
324.657,1649.6499999999999
324.717,1610.3166666666666
324.777,1653.6499999999999
324.837,1626.9833333333333
324.896,1623.6499999999999
324.956,1658.9833333333333
325.016,1626.6499999999999
325.076,1671.3166666666666
325.135,1653.6499999999999
325.195,1666.9833333333333
325.255,1715.3166666666666
325.315,1659.6499999999999
325.374,1648.3166666666666
325.434,1633.9833333333333
325.494,1679.3166666666666
325.553,1656.3166666666666
325.613,1697.9833333333333
325.673,1680.9833333333333
325.732,1680.3166666666666
325.792,1630.6499999999999
325.852,1671.9833333333333
325.911,1666.6499999999999
325.971,1686.3166666666666
326.031,1692.6499999999999
326.09,1660.6499999999999
326.15,1671.9833333333333
326.209,1613.9833333333333
326.269,1627.9833333333333
326.328,1643.6499999999999
326.388,1648.3166666666666
326.448,1645.9833333333333
326.507,1632.9833333333333
326.567,1711.9833333333333
326.626,1596.6499999999999
326.686,1607.3166666666666
326.745,1633.3166666666666
326.805,1636.3166666666666
326.864,1629.9833333333333
326.924,1592.6499999999999
326.983,1612.3166666666666
327.043,1627.9833333333333
327.102,1598.6499999999999
327.161,1588.3166666666666
327.221,1624.3166666666666
327.28,1638.9833333333333
327.34,1629.9833333333333
327.399,1616.6499999999999
327.459,1622.9833333333333
327.518,1590.6499999999999
327.577,1628.6499999999999
327.637,1640.9833333333333
327.696,1583.6499999999999
327.755,1565.3166666666666
327.815,1544.6499999999999
327.874,1560.3166666666666
327.933,1568.6499999999999
327.993,1607.6499999999999
328.052,1603.3166666666666
328.111,1604.9833333333333
328.171,1565.3166666666666
328.23,1580.6499999999999
328.289,1505.3166666666666
328.349,1555.9833333333333
328.408,1575.3166666666666
328.467,1601.3166666666666
328.526,1581.6499999999999
328.586,1624.3166666666666
328.645,1594.3166666666666
328.704,1593.6499999999999
328.763,1535.3166666666666
328.822,1517.9833333333333
328.882,1585.3166666666666
328.941,1554.6499999999999
329.0,1542.3166666666666
329.059,1537.9833333333333
329.118,1570.9833333333333
329.177,1588.6499999999999
329.237,1563.9833333333333
329.296,1492.9833333333333
329.355,1537.6499999999999
329.414,1565.6499999999999
329.473,1522.9833333333333
329.532,1580.6499999999999
329.591,1560.9833333333333
329.65,1569.9833333333333
329.709,1535.9833333333333
329.768,1583.3166666666666
329.827,1604.3166666666666
329.886,1622.3166666666666
329.945,1598.9833333333333
330.004,1599.3166666666666
330.063,1593.6499999999999
330.122,1558.9833333333333
330.181,1630.9833333333333
330.24,1593.3166666666666
330.299,1603.6499999999999
330.358,1559.9833333333333
330.417,1559.6499999999999
330.476,1607.6499999999999
330.535,1547.3166666666666
330.594,1571.9833333333333
330.653,1546.3166666666666
330.712,1527.6499999999999
330.771,1519.3166666666666
330.83,1562.9833333333333
330.889,1482.6499999999999
330.948,1580.9833333333333
331.006,1616.6499999999999
331.065,1564.9833333333333
331.124,1587.6499999999999
331.183,1591.6499999999999
331.242,1556.9833333333333
331.301,1509.6499999999999
331.359,1537.9833333333333
331.418,1512.6499999999999
331.477,1540.3166666666666
331.536,1509.6499999999999
331.595,1523.3166666666666
331.653,1516.3166666666666
331.712,1506.9833333333333
331.771,1503.3166666666666
331.83,1505.3166666666666
331.888,1506.3166666666666
331.947,1471.3166666666666
332.006,1552.3166666666666
332.065,1526.6499999999999
332.123,1503.9833333333333
332.182,1538.9833333333333
332.241,1506.3166666666666
332.299,1549.6499999999999
332.358,1532.3166666666666
332.417,1507.3166666666666
332.475,1520.9833333333333
332.534,1512.6499999999999
332.592,1500.6499999999999
332.651,1528.9833333333333
332.71,1553.6499999999999
332.768,1556.6499999999999
332.827,1553.6499999999999
332.885,1575.3166666666666
332.944,1617.3166666666666
333.003,1613.9833333333333
333.061,1616.6499999999999
333.12,1659.6499999999999
333.178,1685.3166666666666
333.237,1729.9833333333333
333.295,1652.9833333333333
333.354,1684.9833333333333
333.412,1699.3166666666666
333.471,1698.6499999999999
333.529,1636.9833333333333
333.588,1664.9833333333333
333.646,1746.6499999999999
333.705,1785.6499999999999
333.763,1781.3166666666666
333.822,1694.9833333333333
333.88,1725.9833333333333
333.938,1691.3166666666666
333.997,1686.9833333333333
334.055,1660.6499999999999
334.114,1659.3166666666666
334.172,1702.3166666666666
334.23,1655.9833333333333
334.289,1672.3166666666666
334.347,1655.3166666666666
334.405,1690.9833333333333
334.464,1741.3166666666666
334.522,1696.6499999999999
334.58,1662.6499999999999
334.639,1606.9833333333333
334.697,1626.6499999999999
334.755,1640.9833333333333
334.814,1621.9833333333333
334.872,1656.3166666666666
334.93,1673.9833333333333
334.988,1617.3166666666666
335.047,1645.6499999999999
335.105,1700.3166666666666
335.163,1709.6499999999999
335.221,1661.3166666666666
335.28,1650.6499999999999
335.338,1672.6499999999999
335.396,1641.9833333333333
335.454,1631.3166666666666
335.512,1641.3166666666666
335.57,1664.9833333333333
335.629,1645.6499999999999
335.687,1640.9833333333333
335.745,1744.9833333333333
335.803,1736.6499999999999
335.861,1706.9833333333333
335.919,1690.3166666666666
335.977,1733.3166666666666
336.035,1640.9833333333333
336.094,1652.9833333333333
336.152,1666.9833333333333
336.21,1699.6499999999999
336.268,1636.6499999999999
336.326,1688.6499999999999
336.384,1669.6499999999999
336.442,1686.3166666666666
336.5,1620.9833333333333
336.558,1613.6499999999999
336.616,1654.3166666666666
336.674,1615.9833333333333
336.732,1625.3166666666666
336.79,1682.6499999999999
336.848,1626.9833333333333
336.906,1654.3166666666666
336.964,1623.6499999999999
337.022,1653.3166666666666
337.08,1678.9833333333333
337.138,1623.3166666666666
337.195,1686.6499999999999
337.253,1641.9833333333333
337.311,1604.6499999999999
337.369,1551.9833333333333
337.427,1575.6499999999999
337.485,1597.3166666666666
337.543,1564.3166666666666
337.601,1616.9833333333333
337.658,1597.3166666666666
337.716,1596.3166666666666
337.774,1573.6499999999999
337.832,1590.6499999999999
337.89,1541.3166666666666
337.947,1563.6499999999999
338.005,1532.9833333333333
338.063,1516.3166666666666
338.121,1600.3166666666666
338.178,1624.3166666666666
338.236,1624.3166666666666
338.294,1616.3166666666666
338.352,1573.9833333333333
338.409,1598.9833333333333
338.467,1544.6499999999999
338.525,1546.3166666666666
338.583,1515.9833333333333
338.64,1541.3166666666666
338.698,1485.6499999999999
338.756,1537.3166666666666
338.813,1550.3166666666666
338.871,1596.6499999999999
338.928,1584.6499999999999
338.986,1595.9833333333333
339.044,1539.3166666666666
339.101,1553.9833333333333
339.159,1530.9833333333333
339.216,1517.3166666666666
339.274,1542.3166666666666
339.332,1570.9833333333333
339.389,1597.9833333333333
339.447,1575.9833333333333
339.504,1578.6499999999999
339.562,1527.3166666666666
339.619,1572.9833333333333
339.677,1565.3166666666666
339.734,1560.3166666666666
339.792,1536.3166666666666
339.849,1528.3166666666666
339.907,1527.9833333333333
339.964,1556.6499999999999
340.022,1570.6499999999999
340.079,1556.3166666666666
340.137,1558.9833333333333
340.194,1535.9833333333333
340.252,1582.3166666666666
340.309,1581.3166666666666
340.366,1549.9833333333333
340.424,1582.9833333333333
340.481,1587.9833333333333
340.538,1582.9833333333333
340.596,1584.6499999999999
340.653,1597.3166666666666
340.711,1580.3166666666666
340.768,1604.3166666666666
340.825,1604.6499999999999
340.883,1578.9833333333333
340.94,1617.9833333333333
340.997,1553.6499999999999
341.054,1544.6499999999999
341.112,1611.6499999999999
341.169,1572.9833333333333
341.226,1599.6499999999999
341.284,1613.6499999999999
341.341,1607.6499999999999
341.398,1643.6499999999999
341.455,1613.3166666666666
341.512,1645.9833333333333
341.57,1534.3166666666666
341.627,1637.3166666666666
341.684,1599.9833333333333
341.741,1600.6499999999999
341.798,1661.6499999999999
341.856,1626.9833333333333
341.913,1616.6499999999999
341.97,1622.6499999999999
342.027,1564.3166666666666
342.084,1635.3166666666666
342.141,1588.6499999999999
342.198,1601.6499999999999
342.255,1618.3166666666666
342.313,1652.9833333333333
342.37,1688.3166666666666
342.427,1515.3166666666666
342.484,1588.9833333333333
342.541,1547.3166666666666
342.598,1587.3166666666666
342.655,1511.3166666666666
342.712,1566.9833333333333
342.769,1536.3166666666666
342.826,1600.6499999999999
342.883,1602.6499999999999
342.94,1553.9833333333333
342.997,1565.6499999999999
343.054,1538.3166666666666
343.111,1548.3166666666666
343.168,1579.9833333333333
343.225,1578.9833333333333
343.282,1668.6499999999999
343.339,1629.3166666666666
343.395,1685.3166666666666
343.452,1609.3166666666666
343.509,1650.9833333333333
343.566,1635.6499999999999
343.623,1584.6499999999999
343.68,1686.3166666666666
343.737,1659.3166666666666
343.794,1651.6499999999999
343.85,1679.3166666666666
343.907,1656.9833333333333
343.964,1728.9833333333333
344.021,1742.9833333333333
344.078,1700.6499999999999
344.134,1702.3166666666666
344.191,1752.3166666666666
344.248,1716.9833333333333
344.305,1758.3166666666666
344.361,1761.6499999999999
344.418,1728.9833333333333
344.475,1675.3166666666666
344.532,1644.9833333333333
344.588,1717.3166666666666
344.645,1662.9833333333333
344.702,1689.9833333333333
344.758,1694.9833333333333
344.815,1638.3166666666666
344.872,1623.9833333333333
344.928,1694.6499999999999
344.985,1662.3166666666666
345.042,1714.3166666666666
345.098,1672.9833333333333
345.155,1616.9833333333333
345.212,1628.6499999999999
345.268,1646.9833333333333
345.325,1628.3166666666666
345.381,1713.3166666666666
345.438,1693.9833333333333
345.495,1717.6499999999999
345.551,1711.3166666666666
345.608,1651.9833333333333
345.664,1721.9833333333333
345.721,1664.9833333333333
345.777,1589.3166666666666
345.834,1606.9833333333333
345.89,1632.9833333333333
345.947,1660.9833333333333
346.003,1658.9833333333333
346.06,1619.3166666666666
346.116,1634.6499999999999
346.173,1659.6499999999999
346.229,1629.3166666666666
346.285,1628.9833333333333
346.342,1679.6499999999999
346.398,1704.6499999999999
346.455,1713.6499999999999
346.511,1718.6499999999999
346.567,1733.9833333333333
346.624,1744.6499999999999
346.68,1694.3166666666666
346.737,1687.3166666666666
346.793,1693.9833333333333
346.849,1725.3166666666666
346.906,1708.9833333333333
346.962,1750.9833333333333
347.018,1753.9833333333333
347.074,1683.6499999999999
347.131,1702.6499999999999
347.187,1722.3166666666666
347.243,1705.9833333333333
347.3,1687.6499999999999
347.356,1663.6499999999999
347.412,1713.3166666666666
347.468,1669.9833333333333
347.524,1714.3166666666666
347.581,1664.6499999999999
347.637,1694.6499999999999
347.693,1693.3166666666666
347.749,1691.6499999999999
347.805,1659.3166666666666
347.862,1711.6499999999999
347.918,1670.3166666666666
347.974,1743.3166666666666
348.03,1733.3166666666666
348.086,1668.3166666666666
348.142,1680.9833333333333
348.198,1659.6499999999999
348.254,1724.6499999999999
348.311,1667.9833333333333
348.367,1642.9833333333333
348.423,1660.9833333333333
348.479,1641.6499999999999
348.535,1656.3166666666666
348.591,1685.3166666666666
348.647,1621.3166666666666
348.703,1647.6499999999999
348.759,1699.9833333333333
348.815,1632.6499999999999
348.871,1663.9833333333333
348.927,1675.6499999999999
348.983,1696.9833333333333
349.039,1645.3166666666666
349.095,1671.6499999999999
349.151,1675.3166666666666
349.207,1672.6499999999999
349.263,1708.9833333333333
349.319,1715.9833333333333
349.374,1664.3166666666666
349.43,1731.6499999999999
349.486,1752.3166666666666
349.542,1735.6499999999999
349.598,1761.9833333333333
349.654,1692.9833333333333
349.71,1696.9833333333333
349.766,1678.6499999999999
349.821,1702.9833333333333
349.877,1734.3166666666666
349.933,1696.6499999999999
349.989,1727.9833333333333
350.045,1679.9833333333333
350.1,1690.3166666666666
350.156,1736.3166666666666
350.212,1738.9833333333333
350.268,1711.9833333333333
350.323,1759.9833333333333
350.379,1639.6499999999999
350.435,1633.3166666666666
350.491,1667.9833333333333
350.546,1743.3166666666666
350.602,1679.6499999999999
350.658,1682.6499999999999
350.713,1666.3166666666666
350.769,1671.9833333333333
350.825,1706.9833333333333
350.88,1717.9833333333333
350.936,1684.6499999999999
350.992,1733.3166666666666
351.047,1745.3166666666666
351.103,1704.6499999999999
351.158,1691.9833333333333
351.214,1752.9833333333333
351.27,1730.3166666666666
351.325,1662.3166666666666
351.381,1720.3166666666666
351.436,1760.3166666666666
351.492,1816.3166666666666
351.547,1764.3166666666666
351.603,1729.3166666666666
351.658,1789.9833333333333
351.714,1728.6499999999999
351.769,1730.9833333333333
351.825,1742.9833333333333
351.88,1793.3166666666666
351.936,1800.3166666666666
351.991,1794.3166666666666
352.047,1762.9833333333333
352.102,1661.6499999999999
352.158,1740.6499999999999
352.213,1738.3166666666666
352.268,1711.9833333333333
352.324,1767.9833333333333
352.379,1775.3166666666666
352.434,1689.6499999999999
352.49,1734.3166666666666
352.545,1732.3166666666666
352.601,1715.3166666666666
352.656,1731.3166666666666
352.711,1705.3166666666666
352.767,1711.3166666666666
352.822,1729.6499999999999
352.877,1706.9833333333333
352.932,1747.6499999999999
352.988,1732.3166666666666
353.043,1705.6499999999999
353.098,1700.6499999999999
353.153,1761.3166666666666
353.209,1657.9833333333333
353.264,1682.9833333333333
353.319,1724.6499999999999
353.374,1681.6499999999999
353.43,1667.3166666666666
353.485,1673.6499999999999
353.54,1702.6499999999999
353.595,1687.6499999999999
353.65,1692.3166666666666
353.705,1619.6499999999999
353.761,1700.3166666666666
353.816,1671.6499999999999
353.871,1709.6499999999999
353.926,1703.6499999999999
353.981,1683.9833333333333
354.036,1665.6499999999999
354.091,1651.6499999999999
354.146,1646.3166666666666
354.201,1696.6499999999999
354.256,1715.9833333333333
354.311,1678.3166666666666
354.367,1726.3166666666666
354.422,1718.3166666666666
354.477,1695.6499999999999
354.532,1713.3166666666666
354.587,1681.6499999999999
354.642,1729.6499999999999
354.697,1725.6499999999999
354.751,1738.9833333333333
354.806,1750.9833333333333
354.861,1743.9833333333333
354.916,1727.6499999999999
354.971,1738.6499999999999
355.026,1739.9833333333333
355.081,1700.6499999999999
355.136,1723.9833333333333
355.191,1711.6499999999999
355.246,1709.3166666666666
355.301,1732.6499999999999
355.355,1733.6499999999999
355.41,1763.6499999999999
355.465,1756.9833333333333
355.52,1697.3166666666666
355.575,1736.3166666666666
355.63,1732.9833333333333
355.684,1715.9833333333333
355.739,1716.9833333333333
355.794,1709.9833333333333
355.849,1709.9833333333333
355.904,1702.9833333333333
355.958,1707.9833333333333
356.013,1764.6499999999999
356.068,1656.3166666666666
356.123,1792.6499999999999
356.177,1721.6499999999999
356.232,1695.3166666666666
356.287,1749.6499999999999
356.341,1747.3166666666666
356.396,1718.3166666666666
356.451,1731.3166666666666
356.505,1746.6499999999999
356.56,1743.9833333333333
356.615,1711.6499999999999
356.669,1732.9833333333333
356.724,1714.9833333333333
356.778,1719.9833333333333
356.833,1680.6499999999999
356.888,1715.3166666666666
356.942,1759.9833333333333
356.997,1731.6499999999999
357.051,1690.6499999999999
357.106,1711.3166666666666
357.16,1643.3166666666666
357.215,1693.9833333333333
357.269,1743.3166666666666
357.324,1730.6499999999999
357.378,1743.6499999999999
357.433,1672.9833333333333
357.487,1678.9833333333333
357.542,1744.9833333333333
357.596,1724.3166666666666
357.651,1730.9833333333333
357.705,1689.9833333333333
357.76,1752.9833333333333
357.814,1645.6499999999999
357.868,1662.9833333333333
357.923,1649.6499999999999
357.977,1661.6499999999999
358.032,1724.9833333333333
358.086,1677.6499999999999
358.14,1725.9833333333333
358.195,1672.9833333333333
358.249,1666.6499999999999
358.303,1714.6499999999999
358.358,1640.3166666666666
358.412,1623.3166666666666
358.466,1671.9833333333333
358.521,1698.6499999999999
358.575,1659.6499999999999
358.629,1630.3166666666666
358.683,1674.3166666666666
358.738,1662.6499999999999
358.792,1607.3166666666666
358.846,1660.6499999999999
358.9,1620.9833333333333
358.954,1659.9833333333333
359.009,1665.3166666666666
359.063,1657.6499999999999
359.117,1689.9833333333333
359.171,1664.6499999999999
359.225,1730.6499999999999
359.28,1691.9833333333333
359.334,1649.6499999999999
359.388,1698.6499999999999
359.442,1679.6499999999999
359.496,1657.3166666666666
359.55,1697.9833333333333
359.604,1603.3166666666666
359.658,1659.3166666666666
359.712,1657.6499999999999
359.766,1670.9833333333333
359.82,1680.9833333333333
359.875,1667.6499999999999
359.929,1644.3166666666666
359.983,1660.9833333333333
360.037,1647.6499999999999
360.091,1622.9833333333333
360.145,1658.6499999999999
360.199,1658.6499999999999
360.253,1635.3166666666666
360.306,1653.3166666666666
360.36,1636.6499999999999
360.414,1609.6499999999999
360.468,1654.6499999999999
360.522,1617.6499999999999
360.576,1657.3166666666666
360.63,1668.3166666666666
360.684,1692.3166666666666
360.738,1609.3166666666666
360.792,1630.3166666666666
360.846,1598.6499999999999
360.899,1650.3166666666666
360.953,1671.6499999999999
361.007,1654.3166666666666
361.061,1705.3166666666666
361.115,1639.9833333333333
361.168,1637.3166666666666
361.222,1617.3166666666666
361.276,1635.9833333333333
361.33,1622.3166666666666
361.384,1618.3166666666666
361.437,1609.6499999999999
361.491,1659.3166666666666
361.545,1651.3166666666666
361.599,1640.3166666666666
361.652,1653.9833333333333
361.706,1624.9833333333333
361.76,1584.9833333333333
361.813,1644.3166666666666
361.867,1581.3166666666666
361.921,1593.9833333333333
361.974,1625.3166666666666
362.028,1606.3166666666666
362.082,1640.3166666666666
362.135,1607.9833333333333
362.189,1612.9833333333333
362.242,1630.9833333333333
362.296,1647.6499999999999
362.35,1571.6499999999999
362.403,1604.6499999999999
362.457,1607.3166666666666
362.51,1583.6499999999999
362.564,1584.3166666666666
362.617,1594.3166666666666
362.671,1593.6499999999999
362.724,1620.9833333333333
362.778,1592.6499999999999
362.831,1588.6499999999999
362.885,1628.3166666666666
362.938,1492.6499999999999
354.545,332.84166666666664
354.608,288.175
354.671,346.175
354.734,304.175
354.797,337.84166666666664
354.86,343.8416666666667
354.923,340.175
354.986,373.8416666666667
355.05,337.84166666666664
355.113,351.5083333333334
355.176,359.175
355.239,368.8416666666667
355.302,381.175
355.365,390.8416666666667
355.428,408.5083333333334
355.491,393.175
355.554,427.8416666666667
355.617,427.175
355.68,417.175
355.743,409.175
355.806,436.5083333333334
355.869,403.175
355.932,463.8416666666667
355.995,479.8416666666667
356.058,476.175
356.121,462.8416666666667
356.184,466.5083333333334
356.247,468.5083333333334
356.31,439.5083333333334
356.373,476.8416666666667
356.436,521.5083333333333
356.498,474.175
356.561,535.5083333333333
356.624,484.5083333333334
356.687,489.8416666666667
356.75,481.8416666666667
356.813,467.175
356.876,517.5083333333333
356.939,477.175
357.001,501.5083333333334
357.064,544.1750000000001
357.127,511.5083333333334
357.19,555.5083333333333
357.253,520.1750000000001
357.316,524.8416666666667
357.378,538.1750000000001
357.441,532.5083333333333
357.504,526.5083333333333
357.567,540.1750000000001
357.629,533.8416666666667
357.692,543.5083333333333
357.755,523.8416666666667
357.818,511.8416666666667
357.88,505.5083333333334
357.943,559.5083333333333
358.006,526.5083333333333
358.069,547.1750000000001
358.131,543.1750000000001
358.194,558.1750000000001
358.257,533.1750000000001
358.319,534.8416666666667
358.382,564.5083333333333
358.445,525.5083333333333
358.507,571.8416666666667
358.57,543.5083333333333
358.633,531.5083333333333
358.695,504.175
358.758,559.5083333333333
358.821,566.5083333333333
358.883,549.8416666666667
358.946,557.5083333333333
359.008,538.8416666666667
359.071,562.5083333333333
359.134,564.5083333333333
359.196,560.8416666666667
359.259,594.8416666666667
359.321,567.8416666666667
359.384,555.5083333333333
359.446,559.1750000000001
359.509,600.5083333333333
359.571,594.5083333333333
359.634,556.1750000000001
359.696,595.8416666666667
359.759,557.8416666666667
359.821,565.8416666666667
359.884,583.8416666666667
359.946,603.1750000000001
360.009,574.8416666666667
360.071,572.5083333333333
360.134,570.8416666666667
360.196,599.1750000000001
360.259,571.8416666666667
360.321,612.1750000000001
360.384,614.5083333333333
360.446,598.8416666666667
360.508,601.8416666666667
360.571,613.5083333333333
360.633,606.5083333333333
360.696,611.5083333333333
360.758,590.8416666666667
360.82,585.8416666666667
360.883,618.1750000000001
360.945,628.5083333333333
361.007,615.8416666666667
361.07,650.8416666666667
361.132,622.1750000000001
361.194,641.1750000000001
361.257,598.1750000000001
361.319,618.8416666666667
361.381,652.5083333333333
361.443,627.5083333333333
361.506,632.5083333333333
361.568,648.5083333333333
361.63,634.1750000000001
361.693,666.1750000000001
361.755,594.8416666666667
361.817,585.8416666666667
361.879,631.1750000000001
361.941,627.1750000000001
362.004,672.5083333333333
362.066,617.8416666666667
362.128,653.5083333333333
362.19,677.5083333333333
362.252,702.8416666666667
362.315,621.8416666666667
362.377,664.8416666666667
362.439,696.1750000000001
362.501,655.8416666666667
362.563,700.1750000000001
362.625,633.5083333333333
362.688,665.5083333333333
362.75,607.5083333333333
362.812,655.5083333333333
362.874,685.1750000000001
362.936,684.1750000000001
362.998,678.1750000000001
363.06,684.5083333333333
363.122,677.1750000000001
363.184,683.8416666666667
363.246,639.8416666666667
363.308,646.5083333333333
363.37,653.5083333333333
363.432,680.1750000000001
363.494,694.5083333333333
363.556,715.8416666666667
363.618,663.8416666666667
363.68,663.1750000000001
363.742,670.8416666666667
363.804,624.1750000000001
363.866,668.1750000000001
363.928,674.8416666666667
363.99,645.5083333333333
364.052,649.8416666666667
364.114,657.5083333333333
364.176,670.8416666666667
364.238,654.5083333333333
364.3,684.1750000000001
364.362,692.1750000000001
364.424,695.5083333333333
364.486,690.5083333333333
364.548,694.5083333333333
364.609,664.8416666666667
364.671,684.8416666666667
364.733,658.5083333333333
364.795,689.8416666666667
364.857,687.5083333333333
364.919,674.5083333333333
364.981,645.8416666666667
365.042,705.5083333333333
365.104,714.5083333333333
365.166,693.1750000000001
365.228,708.5083333333333
365.29,700.8416666666667
365.351,662.8416666666667
365.413,677.8416666666667
365.475,674.1750000000001
365.537,703.5083333333333
365.598,722.1750000000001
365.66,716.8416666666667
365.722,658.1750000000001
365.784,683.8416666666667
365.845,684.5083333333333
365.907,707.8416666666667
365.969,729.5083333333333
366.03,707.8416666666667
366.092,669.5083333333333
366.154,725.8416666666667
366.215,738.8416666666667
366.277,746.1750000000001
366.339,704.1750000000001
366.4,702.1750000000001
366.462,688.8416666666667
366.524,716.8416666666667
366.585,703.1750000000001
366.647,711.1750000000001
366.708,748.5083333333333
366.77,712.1750000000001
366.832,695.5083333333333
366.893,708.8416666666667
366.955,719.1750000000001
367.016,740.8416666666667
367.078,666.1750000000001
367.139,779.1750000000001
367.201,700.5083333333333
367.262,730.5083333333333
367.324,711.8416666666667
367.385,722.1750000000001
367.447,748.5083333333333
367.508,745.8416666666667
367.57,717.8416666666667
367.631,754.8416666666667
367.693,751.1750000000001
367.754,734.1750000000001
367.816,763.5083333333333
367.877,736.1750000000001
367.939,735.1750000000001
368.0,687.1750000000001
368.062,750.5083333333333
368.123,725.1750000000001
368.184,729.8416666666667
368.246,743.8416666666667
368.307,763.8416666666667
368.369,704.8416666666667
368.43,715.5083333333333
368.491,780.1750000000001
368.553,765.8416666666667
368.614,737.8416666666667
368.675,756.8416666666667
368.737,727.8416666666667
368.798,764.8416666666667
368.859,757.5083333333333
368.921,806.5083333333333
368.982,740.5083333333333
369.043,748.8416666666667
369.104,767.1750000000001
369.166,760.1750000000001
369.227,757.1750000000001
369.288,765.1750000000001
369.349,687.1750000000001
369.411,755.1750000000001
369.472,766.8416666666667
369.533,756.8416666666667
369.594,708.8416666666667
369.656,728.8416666666667
369.717,787.8416666666667
369.778,722.5083333333333
369.839,778.5083333333333
369.9,769.1750000000001
369.961,775.1750000000001
370.023,790.1750000000001
370.084,792.1750000000001
370.145,771.8416666666667
370.206,787.5083333333333
370.267,804.1750000000001
370.328,742.5083333333333
370.389,749.5083333333333
370.451,786.8416666666667
370.512,770.5083333333333
370.573,781.1750000000001
370.634,806.1750000000001
370.695,776.5083333333333
370.756,770.1750000000001
370.817,769.8416666666667
370.878,769.1750000000001
370.939,787.1750000000001
371.0,774.8416666666667
371.061,791.8416666666667
371.122,757.1750000000001
371.183,781.1750000000001
371.244,732.1750000000001
371.305,818.8416666666667
371.366,781.8416666666667
371.427,761.8416666666667
371.488,831.5083333333333
371.549,770.1750000000001
371.61,776.8416666666667
371.671,798.8416666666667
371.732,780.1750000000001
371.793,803.5083333333333
371.853,779.5083333333333
371.914,787.1750000000001
371.975,809.5083333333333
372.036,788.8416666666667
372.097,750.5083333333333
372.158,810.5083333333333
372.219,802.1750000000001
372.28,817.1750000000001
372.34,797.8416666666667
372.401,809.5083333333333
372.462,841.5083333333333
372.523,811.1750000000001
372.584,777.8416666666667
372.645,835.1750000000001
372.705,804.1750000000001
372.766,809.8416666666667
372.827,826.8416666666667
372.888,808.5083333333333
372.948,802.5083333333333
373.009,821.5083333333333
373.07,829.5083333333333
373.131,840.8416666666667
373.191,818.1750000000001
373.252,843.8416666666667
373.313,777.5083333333333
373.373,816.8416666666667
373.434,817.5083333333333
373.495,878.5083333333333
373.555,804.1750000000001
373.616,776.8416666666667
373.677,786.8416666666667
373.737,838.8416666666667
373.798,836.5083333333333
373.859,838.1750000000001
373.919,862.5083333333333
373.98,814.5083333333333
374.041,856.5083333333333
374.101,791.5083333333333
374.162,865.8416666666667
374.222,831.8416666666667
374.283,830.8416666666667
374.343,844.8416666666667
374.404,837.8416666666667
374.465,838.5083333333333
374.525,864.8416666666667
374.586,861.8416666666667
374.646,841.5083333333333
374.707,818.1750000000001
374.767,831.1750000000001
374.828,844.5083333333333
374.888,886.8416666666667
374.949,860.8416666666667
375.009,868.5083333333333
375.07,882.1750000000001
375.13,895.1750000000001
375.19,857.5083333333333
375.251,865.8416666666667
375.311,914.1750000000001
375.372,827.8416666666667
375.432,873.8416666666667
375.493,823.5083333333333
375.553,861.5083333333333
375.613,852.1750000000001
375.674,875.8416666666667
375.734,922.8416666666667
375.794,871.1750000000001
375.855,818.1750000000001
375.915,888.1750000000001
375.975,852.5083333333333
376.036,860.1750000000001
376.096,892.8416666666667
376.156,859.8416666666667
376.217,865.5083333333333
376.277,907.8416666666667
376.337,834.1750000000001
376.398,874.8416666666667
376.458,849.8416666666667
376.518,850.5083333333333
376.578,851.8416666666667
376.639,877.1750000000001
376.699,854.5083333333333
376.759,846.8416666666667
376.819,894.1750000000001
376.88,877.8416666666667
376.94,891.1750000000001
377.0,881.8416666666667
377.06,904.1750000000001
377.12,906.5083333333333
377.18,877.8416666666667
377.241,894.8416666666667
377.301,930.1750000000001
377.361,884.8416666666667
377.421,854.8416666666667
377.481,856.1750000000001
377.541,908.8416666666667
377.601,895.8416666666667
377.661,877.1750000000001
377.722,858.1750000000001
377.782,904.8416666666667
377.842,899.1750000000001
377.902,966.5083333333333
377.962,888.8416666666667
378.022,911.5083333333333
378.082,923.1750000000001
378.142,917.8416666666667
378.202,946.1750000000001
378.262,871.1750000000001
378.322,917.8416666666667
378.382,929.8416666666667
378.442,910.8416666666667
378.502,942.8416666666667
378.562,910.8416666666667
378.622,908.5083333333333
378.682,957.1750000000001
378.742,925.5083333333333
378.802,940.1750000000001
378.862,926.8416666666667
378.921,947.8416666666667
378.981,973.8416666666667
379.041,968.8416666666667
379.101,987.1750000000001
379.161,936.8416666666667
379.221,967.8416666666667
379.281,964.1750000000001
379.341,1009.1750000000001
379.401,988.8416666666667
379.46,980.5083333333333
379.52,1002.1750000000001
379.58,1024.8416666666667
379.64,950.1750000000001
379.7,991.8416666666667
379.759,1009.8416666666667
379.819,977.1750000000001
379.879,1015.8416666666667
379.939,1029.8416666666667
379.999,1006.5083333333333
380.058,996.8416666666667
380.118,1009.1750000000001
380.178,1085.1750000000002
380.237,1039.8416666666667
380.297,1027.8416666666667
380.357,998.1750000000001
380.417,1019.5083333333333
380.476,1016.5083333333333
380.536,1023.8416666666667
380.596,1031.8416666666667
380.655,1007.8416666666667
380.715,1075.175
380.775,1055.1750000000002
380.834,1042.5083333333334
380.894,1038.8416666666667
380.954,1061.175
381.013,1072.5083333333334
381.073,1017.1750000000001
381.132,1081.175
381.192,1057.5083333333334
381.252,1054.8416666666667
381.311,1050.8416666666667
381.371,1110.5083333333334
381.43,1120.8416666666667
381.49,1090.841666666667
381.549,1129.1750000000002
381.609,1100.841666666667
381.668,1101.1750000000002
381.728,1135.1750000000002
381.787,1125.5083333333334
381.847,1148.5083333333334
381.906,1159.1750000000002
381.966,1144.841666666667
382.025,1185.5083333333334
382.085,1155.5083333333334
382.144,1241.5083333333334
382.204,1181.841666666667
382.263,1224.1750000000002
382.323,1251.5083333333334
382.382,1267.841666666667
382.441,1273.5083333333334
382.501,1263.841666666667
382.56,1351.841666666667
382.619,1365.841666666667
382.679,1462.5083333333334
382.738,1474.841666666667
382.798,1540.841666666667
382.857,1710.841666666667
382.916,1898.1750000000002
382.976,1993.841666666667
383.035,1780.841666666667
383.094,1841.5083333333334
383.154,2130.8416666666667
383.213,2520.8416666666667
383.272,2362.8416666666667
383.331,1951.841666666667
383.391,1753.841666666667
383.45,1698.841666666667
383.509,1732.5083333333334
383.568,1754.841666666667
383.628,1859.5083333333334
383.687,2012.1750000000002
383.746,2339.508333333333
383.805,2686.508333333333
383.864,2802.1749999999997
383.924,2118.508333333333
383.983,1735.5083333333334
384.042,1627.841666666667
384.101,1556.5083333333334
384.16,1476.5083333333334
384.219,1401.5083333333334
384.279,1361.841666666667
384.338,1312.841666666667
384.397,1325.5083333333334
384.456,1289.841666666667
384.515,1280.841666666667
384.574,1266.1750000000002
384.633,1299.841666666667
384.692,1247.841666666667
384.751,1233.5083333333334
384.81,1248.841666666667
384.869,1239.841666666667
384.929,1236.841666666667
384.988,1263.1750000000002
385.047,1275.5083333333334
385.106,1223.1750000000002
385.165,1237.5083333333334
385.224,1231.841666666667
385.283,1197.1750000000002
385.342,1243.841666666667
385.401,1209.5083333333334
385.459,1231.841666666667
385.518,1264.5083333333334
385.577,1234.1750000000002
385.636,1229.1750000000002
385.695,1208.841666666667
385.754,1232.1750000000002
385.813,1235.5083333333334
385.872,1204.1750000000002
385.931,1192.841666666667
385.99,1216.5083333333334
386.049,1231.5083333333334
386.107,1198.5083333333334
386.166,1183.5083333333334
386.225,1195.5083333333334
386.284,1126.5083333333334
386.343,1265.841666666667
386.402,1183.1750000000002
386.46,1245.1750000000002
386.519,1219.841666666667
386.578,1256.1750000000002
386.637,1181.841666666667
386.696,1195.1750000000002
386.754,1218.841666666667
386.813,1193.5083333333334
386.872,1212.1750000000002
386.931,1218.1750000000002
386.989,1189.1750000000002
387.048,1222.841666666667
387.107,1154.5083333333334
387.165,1196.1750000000002
387.224,1176.1750000000002
387.283,1227.1750000000002
387.342,1206.1750000000002
387.4,1179.1750000000002
387.459,1217.841666666667
387.517,1194.1750000000002
387.576,1212.841666666667
387.635,1238.5083333333334
387.693,1231.1750000000002
387.752,1154.841666666667
387.811,1231.5083333333334
387.869,1149.841666666667
387.928,1181.5083333333334
387.986,1234.1750000000002
388.045,1209.5083333333334
388.103,1150.5083333333334
388.162,1154.5083333333334
388.221,1234.841666666667
388.279,1185.841666666667
388.338,1180.841666666667
388.396,1211.841666666667
388.455,1196.5083333333334
388.513,1208.841666666667
388.572,1184.1750000000002
388.63,1164.1750000000002
388.689,1161.841666666667
388.747,1193.5083333333334
388.806,1151.5083333333334
388.864,1165.841666666667
388.922,1217.5083333333334
388.981,1152.5083333333334
389.039,1227.5083333333334
389.098,1151.841666666667
389.156,1200.1750000000002
389.214,1189.5083333333334
389.273,1203.5083333333334
389.331,1224.5083333333334
389.39,1199.1750000000002
389.448,1203.841666666667
389.506,1189.5083333333334
389.565,1206.1750000000002
389.623,1221.841666666667
389.681,1177.841666666667
389.74,1202.1750000000002
389.798,1222.1750000000002
389.856,1215.1750000000002
389.914,1193.841666666667
389.973,1194.5083333333334
390.031,1203.5083333333334
390.089,1208.1750000000002
390.147,1152.1750000000002
390.206,1196.1750000000002
390.264,1197.841666666667
390.322,1198.5083333333334
390.38,1180.5083333333334
390.439,1184.5083333333334
390.497,1238.841666666667
390.555,1190.5083333333334
390.613,1189.841666666667
390.671,1195.1750000000002
390.729,1187.841666666667
390.788,1238.5083333333334
390.846,1191.1750000000002
390.904,1178.1750000000002
390.962,1164.5083333333334
391.02,1182.1750000000002
391.078,1243.1750000000002
391.136,1211.5083333333334
391.194,1197.841666666667
391.253,1242.5083333333334
391.311,1191.841666666667
391.369,1221.1750000000002
391.427,1223.841666666667
391.485,1252.841666666667
391.543,1229.1750000000002
391.601,1254.5083333333334
391.659,1259.841666666667
391.717,1244.1750000000002
391.775,1233.1750000000002
391.833,1230.841666666667
391.891,1238.1750000000002
391.949,1227.1750000000002
392.007,1244.1750000000002
392.065,1260.841666666667
392.123,1242.1750000000002
392.18,1260.5083333333334
392.238,1289.5083333333334
392.296,1253.841666666667
392.354,1251.841666666667
392.412,1231.841666666667
392.47,1280.5083333333334
392.528,1273.5083333333334
392.586,1271.1750000000002
392.644,1289.5083333333334
392.701,1248.1750000000002
392.759,1273.1750000000002
392.817,1274.1750000000002
392.875,1288.1750000000002
392.933,1301.841666666667
392.991,1277.1750000000002
393.048,1268.841666666667
393.106,1235.841666666667
393.164,1238.1750000000002
393.222,1301.5083333333334
393.279,1324.841666666667
393.337,1405.5083333333334
393.395,1400.5083333333334
393.453,1328.5083333333334
393.51,1295.5083333333334
393.568,1302.5083333333334
393.626,1363.5083333333334
393.684,1274.5083333333334
393.741,1326.1750000000002
393.799,1340.5083333333334
393.857,1334.841666666667
393.914,1254.5083333333334
393.972,1316.841666666667
394.03,1318.841666666667
394.087,1282.841666666667
394.145,1299.5083333333334
394.202,1322.841666666667
394.26,1296.5083333333334
394.318,1312.1750000000002
394.375,1317.5083333333334
394.433,1340.5083333333334
394.49,1300.1750000000002
394.548,1347.841666666667
394.605,1335.5083333333334
394.663,1279.1750000000002
394.72,1329.1750000000002
394.778,1353.5083333333334
394.836,1364.841666666667
394.893,1365.1750000000002
394.951,1321.841666666667
395.008,1302.5083333333334
395.065,1379.841666666667
395.123,1330.5083333333334
395.18,1359.841666666667
395.238,1407.841666666667
395.295,1350.841666666667
395.353,1386.5083333333334
395.41,1372.1750000000002
395.468,1326.1750000000002
395.525,1393.841666666667
395.582,1366.841666666667
395.64,1359.5083333333334
395.697,1412.841666666667
395.754,1388.1750000000002
395.812,1407.1750000000002
395.869,1372.5083333333334
395.927,1401.841666666667
395.984,1408.841666666667
396.041,1369.5083333333334
396.098,1392.5083333333334
396.156,1407.5083333333334
396.213,1404.5083333333334
396.27,1436.5083333333334
396.328,1446.1750000000002
396.385,1430.841666666667
396.442,1368.1750000000002
396.499,1459.5083333333334
396.557,1343.1750000000002
396.614,1440.1750000000002
396.671,1407.841666666667
396.728,1432.1750000000002
396.785,1456.841666666667
396.843,1486.1750000000002
396.9,1494.1750000000002
396.957,1447.1750000000002
397.014,1498.1750000000002
397.071,1459.841666666667
397.128,1449.841666666667
397.186,1413.1750000000002
397.243,1491.1750000000002
397.3,1419.1750000000002
397.357,1492.841666666667
397.414,1492.841666666667
397.471,1445.841666666667
397.528,1446.1750000000002
397.585,1406.1750000000002
397.642,1470.5083333333334
397.699,1442.5083333333334
397.756,1467.5083333333334
397.814,1483.841666666667
397.871,1485.5083333333334
397.928,1490.5083333333334
397.985,1491.841666666667
398.042,1512.1750000000002
398.099,1435.841666666667
398.156,1470.1750000000002
398.212,1501.1750000000002
398.269,1512.841666666667
398.326,1475.1750000000002
398.383,1502.1750000000002
398.44,1520.5083333333334
398.497,1507.5083333333334
398.554,1534.841666666667
398.611,1515.841666666667
398.668,1572.5083333333334
398.725,1552.841666666667
398.782,1576.841666666667
398.839,1590.1750000000002
398.895,1567.5083333333334
398.952,1610.5083333333334
399.009,1599.5083333333334
399.066,1572.1750000000002
399.123,1602.5083333333334
399.18,1615.841666666667
399.236,1619.5083333333334
399.293,1674.1750000000002
399.35,1663.5083333333334
399.407,1737.841666666667
399.463,1744.5083333333334
399.52,1696.5083333333334
399.577,1785.1750000000002
399.634,1772.5083333333334
399.69,1759.841666666667
399.747,1753.1750000000002
399.804,1767.5083333333334
399.861,1799.5083333333334
399.917,1714.5083333333334
399.974,1718.841666666667
400.031,1741.1750000000002
400.087,1743.1750000000002
400.144,1683.5083333333334
400.201,1699.841666666667
400.257,1698.1750000000002
400.314,1682.841666666667
400.37,1678.1750000000002
400.427,1695.841666666667
400.484,1642.841666666667
400.54,1656.5083333333334
400.597,1599.841666666667
400.653,1689.1750000000002
400.71,1601.1750000000002
400.766,1661.841666666667
400.823,1617.5083333333334
400.879,1674.841666666667
400.936,1615.5083333333334
400.993,1631.5083333333334
401.049,1698.5083333333334
401.105,1635.1750000000002
401.162,1635.5083333333334
401.218,1658.1750000000002
401.275,1620.5083333333334
401.331,1667.5083333333334
401.388,1616.1750000000002
401.444,1574.1750000000002
401.501,1639.1750000000002
401.557,1641.5083333333334
401.614,1627.841666666667
401.67,1664.5083333333334
401.726,1638.1750000000002
401.783,1615.841666666667
401.839,1627.5083333333334
401.895,1665.1750000000002
401.952,1664.1750000000002
402.008,1580.841666666667
402.064,1640.5083333333334
402.121,1659.1750000000002
402.177,1670.5083333333334
402.233,1682.841666666667
402.29,1635.1750000000002
402.346,1706.5083333333334
402.402,1663.5083333333334
402.458,1695.841666666667
402.515,1668.841666666667
402.571,1634.1750000000002
402.627,1661.5083333333334
402.683,1669.841666666667
402.74,1678.5083333333334
402.796,1715.5083333333334
402.852,1751.841666666667
402.908,1683.5083333333334
402.964,1766.841666666667
403.021,1690.841666666667
403.077,1722.5083333333334
403.133,1699.1750000000002
403.189,1657.1750000000002
403.245,1675.5083333333334
403.301,1760.841666666667
403.357,1747.1750000000002
403.414,1715.1750000000002
403.47,1735.1750000000002
403.526,1764.841666666667
403.582,1730.1750000000002
403.638,1737.5083333333334
403.694,1792.1750000000002
403.75,1727.841666666667
403.806,1746.841666666667
403.862,1713.841666666667
403.918,1721.841666666667
403.974,1757.841666666667
404.03,1723.5083333333334
404.086,1743.5083333333334
404.142,1749.841666666667
404.198,1737.5083333333334
404.254,1765.1750000000002
404.31,1694.5083333333334
404.366,1772.5083333333334
404.422,1829.841666666667
404.478,1831.1750000000002
404.534,1781.1750000000002
404.59,1749.5083333333334
404.646,1779.841666666667
404.701,1779.841666666667
404.757,1793.841666666667
404.813,1800.5083333333334
404.869,1817.1750000000002
404.925,1762.841666666667
404.981,1783.841666666667
405.037,1834.1750000000002
405.092,1783.841666666667
405.148,1776.841666666667
405.204,1780.5083333333334
405.26,1818.5083333333334
405.316,1770.5083333333334
405.371,1780.1750000000002
405.427,1768.1750000000002
405.483,1805.1750000000002
405.539,1824.841666666667
405.594,1760.5083333333334
405.65,1818.841666666667
405.706,1799.5083333333334
405.761,1777.5083333333334
405.817,1826.5083333333334
405.873,1866.1750000000002
405.928,1844.1750000000002
405.984,1789.1750000000002
406.04,1858.1750000000002
406.095,1844.1750000000002
406.151,1834.5083333333334
406.207,1856.841666666667
406.262,1827.1750000000002
406.318,1903.1750000000002
406.374,1823.1750000000002
406.429,1862.5083333333334
406.485,1914.841666666667
406.54,1900.5083333333334
406.596,1904.5083333333334
406.651,1947.1750000000002
406.707,1892.841666666667
406.763,1934.1750000000002
406.818,1884.5083333333334
406.874,1940.5083333333334
406.929,2025.5083333333332
406.985,1973.1750000000002
407.04,1957.841666666667
407.095,1949.5083333333334
407.151,1949.5083333333334
407.206,2007.5083333333334
407.262,2092.175
407.317,2023.5083333333334
407.373,2007.5083333333334
407.428,2014.1750000000002
407.484,2053.8416666666667
407.539,2061.5083333333337
407.594,2062.508333333333
407.65,2062.8416666666667
407.705,2051.1749999999997
407.76,2024.175
407.816,2066.8416666666667
407.871,2052.508333333333
407.926,2112.508333333333
407.982,2018.5083333333334
408.037,2014.8416666666665
408.092,2006.5083333333332
408.148,2026.175
408.203,2040.1750000000002
408.258,2023.5083333333334
408.314,2011.5083333333334
408.369,2031.8416666666665
408.424,1990.5083333333334
408.479,2023.5083333333332
408.534,1967.5083333333332
408.59,1959.5083333333334
408.645,2047.5083333333332
408.7,2039.8416666666665
408.755,2008.175
408.81,2014.5083333333334
408.866,1995.841666666667
408.921,1997.1750000000002
408.976,2026.5083333333334
409.031,2000.841666666667
409.086,1978.841666666667
409.141,1997.841666666667
409.196,1991.1750000000002
409.252,2003.8416666666665
409.307,1994.1750000000002
409.362,2001.841666666667
409.417,2033.5083333333332
409.472,1973.1750000000002
409.527,1994.175
409.582,2006.5083333333332
409.637,1990.5083333333334
409.692,2003.5083333333332
409.747,1978.5083333333334
409.802,1932.5083333333334
409.857,2015.5083333333334
409.912,2008.5083333333334
409.967,1960.8416666666665
410.022,1998.5083333333334
410.077,1933.5083333333334
410.132,2015.175
410.187,2023.5083333333332
410.242,1969.175
410.297,1975.841666666667
410.351,1988.175
410.406,2033.8416666666665
410.461,2002.5083333333334
410.516,1965.841666666667
410.571,2001.5083333333332
410.626,1999.8416666666665
410.681,2032.5083333333332
410.736,1992.5083333333334
410.79,1974.5083333333334
410.845,2070.8416666666667
410.9,1975.5083333333334
410.955,2006.1750000000002
411.01,1994.1750000000002
411.064,1948.841666666667
411.119,1960.841666666667
411.174,2009.841666666667
411.229,1971.1750000000002
411.283,2003.841666666667
411.338,2012.5083333333334
411.393,2027.8416666666665
411.447,1993.175
411.502,1946.1750000000002
411.557,1976.1750000000002
411.612,1974.841666666667
411.666,1967.5083333333334
411.721,1981.1750000000002
411.776,2003.175
411.83,2084.8416666666667
411.885,1998.1750000000002
411.939,1965.841666666667
411.994,2054.1749999999997
412.049,1987.841666666667
412.103,2036.5083333333332
412.158,2035.8416666666665
412.212,2008.841666666667
412.267,2016.8416666666665
412.322,2004.175
412.376,1927.1750000000002
412.431,1986.5083333333332
412.485,1984.5083333333332
412.54,2022.175
412.594,1991.5083333333334
412.649,1955.5083333333332
412.703,2005.841666666667
412.758,1987.175
412.812,1933.8416666666665
412.866,1972.1750000000002
412.921,1949.1750000000002
412.975,1959.1750000000002
413.03,1960.175
413.084,2005.175
413.139,2002.841666666667
413.193,1972.841666666667
413.247,2014.5083333333332
413.302,1982.841666666667
413.356,1979.841666666667
413.41,1975.175
413.465,1996.5083333333332
413.519,1951.1750000000002
413.573,1981.841666666667
413.628,1993.175
413.682,1985.1750000000002
413.736,2009.1750000000002
413.791,1988.5083333333332
413.845,1919.841666666667
413.899,1997.175
413.953,1934.5083333333334
414.008,1954.5083333333334
414.062,1957.841666666667
414.116,1965.5083333333334
414.17,1926.841666666667
414.225,1964.8416666666665
414.279,2016.175
414.333,1987.175
414.387,1966.175
414.441,1963.5083333333334
414.496,1954.1750000000002
414.55,1989.175
414.604,2010.841666666667
414.658,1956.5083333333334
414.712,1974.841666666667
414.766,1993.5083333333332
414.82,2065.508333333333
414.874,1956.1750000000002
414.928,1980.8416666666665
414.982,1996.841666666667
415.037,2022.175
415.091,1929.5083333333334
415.145,1932.175
415.199,1936.1750000000002
415.253,1968.175
415.307,1996.5083333333334
415.361,1979.8416666666665
415.415,1929.841666666667
415.469,2015.5083333333332
415.523,1977.8416666666665
415.577,1962.1750000000002
415.631,1980.175
415.684,1995.175
415.738,1957.841666666667
415.792,1933.5083333333334
415.846,1983.1750000000002
415.9,1903.841666666667
415.954,1976.175
416.008,1981.1750000000002
416.062,1923.5083333333334
416.116,1900.1750000000002
416.169,1956.1750000000002
416.223,1967.5083333333332
416.277,1950.841666666667
416.331,1940.1750000000002
416.385,1939.5083333333334
416.439,1952.841666666667
416.492,1950.5083333333334
416.546,1951.8416666666665
416.6,1983.841666666667
416.654,1943.841666666667
416.707,1904.841666666667
416.761,1931.1750000000002
416.815,1957.5083333333334
416.869,1901.5083333333334
416.922,1950.5083333333334
416.976,1956.841666666667
417.03,1881.5083333333332
417.083,1935.5083333333334
417.137,1982.841666666667
417.191,1929.5083333333332
417.244,1930.5083333333334
417.298,1890.841666666667
417.352,1974.5083333333334
417.405,1946.175
417.459,1920.841666666667
417.512,1936.8416666666665
417.566,1949.5083333333334
417.62,1941.5083333333334
417.673,1931.841666666667
417.727,1943.8416666666665
417.78,1967.1750000000002
417.834,1882.841666666667
417.887,1897.841666666667
417.941,1969.5083333333332
417.994,1913.841666666667
418.048,1896.1750000000002
418.101,1921.5083333333334
418.155,1906.1750000000002
418.208,1884.175
418.262,1901.1750000000002
418.315,1932.841666666667
418.369,1880.175
418.422,1949.841666666667
418.476,1950.841666666667
418.529,1911.1750000000002
418.582,1979.1750000000002
418.636,1936.841666666667
418.689,1979.8416666666665
418.743,1931.5083333333334
418.796,1977.5083333333334
418.849,1923.841666666667
418.903,1925.8416666666665
418.956,1913.8416666666665
419.009,1947.8416666666665
419.063,1942.1750000000002
419.116,1977.175
419.169,2020.5083333333332
419.222,1922.5083333333334
419.276,2004.1750000000002
419.329,1945.1750000000002
419.382,2010.841666666667
419.435,1940.5083333333334
419.489,1930.841666666667
419.542,1898.841666666667
419.595,1920.1750000000002
419.648,1876.175
419.701,1943.841666666667
419.755,1871.5083333333334
419.808,1942.841666666667
419.861,1892.1750000000002
419.914,1944.5083333333334
419.967,1940.8416666666665
420.02,1924.841666666667
420.073,1946.5083333333334
420.127,1905.841666666667
420.18,1949.5083333333332
420.233,1907.1750000000002
420.286,1912.841666666667
420.339,1885.5083333333334
420.392,1899.841666666667
420.445,1867.1750000000002
420.498,1900.841666666667
420.551,1921.1750000000002
420.604,1844.5083333333334
420.657,1866.5083333333334
420.71,1916.841666666667
420.763,1867.1750000000002
420.816,1896.841666666667
420.869,1867.1750000000002
420.922,1930.841666666667
420.975,1818.175
421.028,1840.5083333333334
421.081,1797.841666666667
421.134,1840.1750000000002
421.187,1800.1750000000002
421.239,1829.5083333333334
421.292,1921.841666666667
421.345,1870.841666666667
421.398,1831.5083333333334
421.451,1793.8416666666665
421.504,1823.5083333333334
421.557,1821.5083333333334
421.609,1832.5083333333334
421.662,1842.841666666667
421.715,1880.841666666667
421.768,1890.1750000000002
421.821,1839.1750000000002
421.873,1842.5083333333334
421.926,1836.841666666667
421.979,1901.841666666667
422.032,1804.5083333333334
422.084,1808.5083333333334
422.137,1788.841666666667
422.19,1790.1750000000002
422.243,1810.5083333333334
422.295,1818.841666666667
422.348,1785.1750000000002
422.401,1802.5083333333334
422.453,1809.841666666667
422.506,1846.1750000000002
422.559,1826.841666666667
422.611,1858.1750000000002
422.664,1864.1750000000002
422.716,1852.1750000000002
422.769,1822.841666666667
422.822,1818.841666666667
422.874,1801.5083333333334
422.927,1838.5083333333332
422.979,1775.1750000000002
423.032,1847.841666666667
423.084,1804.841666666667
423.137,1830.1750000000002
423.189,1820.1750000000002
423.242,1748.5083333333334
423.294,1775.1750000000002
423.347,1777.841666666667
423.399,1763.5083333333334
423.452,1802.841666666667
423.504,1811.841666666667
423.557,1840.1750000000002
423.609,1831.841666666667
423.662,1820.5083333333334
423.714,1771.841666666667
423.766,1827.1750000000002
423.819,1764.1750000000002
423.871,1776.841666666667
423.923,1784.1750000000002
423.976,1778.1750000000002
424.028,1730.1750000000002
424.081,1743.8416666666665
424.133,1730.5083333333334
424.185,1760.5083333333334
424.238,1753.841666666667
424.29,1743.175
424.342,1717.841666666667
424.394,1773.1750000000002
424.447,1741.841666666667
424.499,1796.5083333333334
424.551,1805.1750000000002
424.603,1761.841666666667
424.656,1734.841666666667
424.708,1741.5083333333334
424.76,1803.841666666667
424.812,1703.5083333333332
424.864,1791.1750000000002
424.917,1768.1750000000002
424.969,1732.5083333333334
425.021,1790.5083333333334
425.073,1764.5083333333334
425.125,1706.841666666667
425.177,1751.5083333333334
425.229,1715.8416666666665
425.282,1725.175
425.334,1702.5083333333332
425.386,1754.841666666667
425.438,1752.1750000000002
425.49,1731.5083333333334
425.542,1682.1750000000002
425.594,1700.1750000000002
425.646,1729.5083333333334
425.698,1717.5083333333334
425.75,1758.841666666667
425.802,1707.1750000000002
425.854,1716.5083333333334
425.906,1692.1750000000002
425.958,1729.5083333333334
426.01,1719.841666666667
426.062,1677.841666666667
426.114,1713.1750000000002
426.166,1747.5083333333334
426.218,1703.841666666667
426.27,1698.5083333333334
426.321,1691.1750000000002
426.373,1683.5083333333334
426.425,1654.5083333333332
426.477,1649.841666666667
426.529,1689.841666666667
426.581,1664.5083333333334
426.633,1702.5083333333334
426.684,1658.841666666667
426.736,1628.841666666667
426.788,1733.5083333333334
426.84,1658.1750000000002
426.892,1688.841666666667
426.943,1680.5083333333334
426.995,1639.1750000000002
427.047,1692.841666666667
427.099,1691.1750000000002
427.15,1712.1750000000002
427.202,1683.1750000000002
427.254,1603.841666666667
427.306,1661.841666666667
427.357,1704.1750000000002
427.409,1629.5083333333334
427.461,1645.1750000000002
427.512,1683.841666666667
427.564,1634.1750000000002
427.616,1654.841666666667
427.667,1689.841666666667
427.719,1636.841666666667
427.77,1630.1750000000002
427.822,1668.5083333333334
427.874,1647.841666666667
427.925,1651.1750000000002
427.977,1605.5083333333334
428.028,1683.5083333333334
428.08,1621.841666666667
428.131,1644.5083333333334
428.183,1634.175
428.234,1603.5083333333334
428.286,1608.5083333333334
428.337,1649.841666666667
428.389,1590.1750000000002
428.44,1577.841666666667
428.492,1608.5083333333334
428.543,1595.841666666667
428.595,1541.5083333333334
428.646,1621.1750000000002
428.697,1634.841666666667
428.749,1654.5083333333334
428.8,1618.841666666667
428.852,1556.8416666666665
428.903,1609.5083333333334
428.954,1630.841666666667
429.006,1585.841666666667
429.057,1602.5083333333334
429.108,1607.841666666667
429.16,1635.1750000000002
429.211,1623.5083333333334
429.262,1577.841666666667
429.314,1594.841666666667
429.365,1593.841666666667
429.416,1588.8416666666665
429.467,1559.1750000000002
429.519,1593.5083333333334
429.57,1623.5083333333334
429.621,1574.1750000000002
429.672,1591.1750000000002
429.724,1600.5083333333334
429.775,1610.1750000000002
429.826,1582.5083333333334
429.877,1576.5083333333334
429.928,1553.841666666667
429.98,1578.841666666667
430.031,1596.5083333333334
430.082,1550.1750000000002
430.133,1587.1750000000002
430.184,1551.1750000000002
430.235,1619.1750000000002
430.286,1582.1750000000002
430.337,1577.1750000000002
430.388,1584.841666666667
430.439,1553.841666666667
430.49,1575.841666666667
430.542,1589.1750000000002
430.593,1559.1750000000002
430.644,1583.841666666667
430.695,1532.1750000000002
430.746,1610.5083333333334
430.797,1516.5083333333332
430.848,1603.841666666667
430.898,1581.5083333333334
430.949,1570.841666666667
431.0,1534.1750000000002
431.051,1598.5083333333334
431.102,1531.1750000000002
431.153,1583.5083333333334
431.204,1555.1750000000002
431.255,1582.5083333333334
431.306,1598.1750000000002
431.357,1595.1750000000002
431.408,1583.841666666667
431.458,1540.1750000000002
431.509,1550.5083333333334
431.56,1570.5083333333334
431.611,1558.841666666667
431.662,1587.1750000000002
431.713,1541.5083333333334
431.763,1557.5083333333334
431.814,1561.841666666667
431.865,1568.1750000000002
431.916,1552.841666666667
431.966,1626.5083333333334
432.017,1550.5083333333332
432.068,1555.841666666667
432.118,1573.841666666667
432.169,1594.5083333333334
432.22,1583.841666666667
432.271,1590.841666666667
432.321,1557.5083333333334
432.372,1526.841666666667
432.423,1562.841666666667
432.473,1514.1750000000002
432.524,1526.841666666667
432.574,1507.5083333333334
432.625,1507.5083333333334
432.676,1608.1750000000002
432.726,1560.1750000000002
432.777,1546.841666666667
432.827,1514.5083333333334
432.878,1552.841666666667
432.928,1520.841666666667
432.979,1496.841666666667
433.029,1524.1750000000002
433.08,1566.841666666667
433.13,1564.5083333333334
433.181,1513.841666666667
433.231,1516.1750000000002
433.282,1556.1750000000002
433.332,1489.5083333333332
433.383,1538.5083333333332
433.433,1529.175
433.484,1553.841666666667
433.534,1510.8416666666665
433.585,1537.5083333333334
433.635,1561.5083333333334
433.685,1560.1750000000002
433.736,1495.5083333333332
433.786,1516.841666666667
433.836,1477.5083333333332
433.887,1573.5083333333334
433.937,1569.1750000000002
433.987,1495.5083333333334
434.038,1555.5083333333334
434.088,1596.5083333333334
434.138,1547.5083333333332
434.189,1521.5083333333332
434.239,1566.5083333333334
434.289,1587.8416666666665
434.339,1599.5083333333334
434.389,1547.1750000000002
434.44,1577.1750000000002
434.49,1596.5083333333332
434.54,1604.5083333333334
434.59,1581.841666666667
434.64,1558.5083333333334
434.691,1617.1750000000002
434.741,1617.841666666667
434.791,1566.175
434.841,1577.5083333333332
434.891,1617.5083333333332
434.941,1575.5083333333332
434.991,1585.5083333333332
435.042,1618.5083333333332
435.092,1549.5083333333332
435.142,1579.5083333333334
435.192,1548.1750000000002
435.242,1559.5083333333334
435.292,1612.1750000000002
435.342,1564.841666666667
435.392,1564.5083333333334
435.442,1578.841666666667
435.492,1537.5083333333334
435.542,1508.1750000000002
435.592,1533.841666666667
435.642,1490.1750000000002
435.692,1511.5083333333334
435.742,1504.841666666667
435.792,1516.1750000000002
435.842,1490.841666666667
435.891,1522.5083333333334
435.941,1505.841666666667
435.991,1467.175
436.041,1495.5083333333334
436.091,1509.5083333333334
436.141,1508.5083333333334
436.191,1497.5083333333334
436.241,1474.1750000000002
436.29,1499.1750000000002
436.34,1465.5083333333334
436.39,1547.5083333333334
436.44,1512.841666666667
436.49,1455.1750000000002
436.539,1428.1750000000002
436.589,1512.841666666667
436.639,1477.1750000000002
436.689,1493.1750000000002
436.738,1456.841666666667
436.788,1455.5083333333334
436.838,1479.1750000000002
436.887,1453.5083333333334
436.937,1437.5083333333334
436.987,1460.5083333333334
437.036,1443.1750000000002
437.086,1426.5083333333334
437.136,1472.5083333333334
437.185,1473.1750000000002
437.235,1500.1750000000002
437.285,1414.841666666667
437.334,1464.1750000000002
437.384,1438.841666666667
437.433,1466.1750000000002
437.483,1434.841666666667
437.532,1419.8416666666665
437.582,1496.5083333333334
437.631,1484.1750000000002
437.681,1437.5083333333334
437.73,1384.175
437.78,1421.1750000000002
437.829,1437.5083333333334
437.879,1443.841666666667
437.928,1426.1750000000002
437.978,1460.1750000000002
438.027,1452.1750000000002
438.077,1432.841666666667
438.126,1394.5083333333332
438.176,1447.1750000000002
438.225,1402.1750000000002
438.274,1422.1750000000002
438.324,1457.841666666667
438.373,1471.841666666667
438.422,1427.841666666667
438.472,1410.1750000000002
438.521,1402.841666666667
438.57,1379.5083333333334
438.62,1417.1750000000002
438.669,1423.841666666667
438.718,1430.1750000000002
438.768,1399.1750000000002
438.817,1437.841666666667
438.866,1450.5083333333334
438.915,1392.175
438.965,1441.1750000000002
439.014,1442.5083333333334
439.063,1421.5083333333332
439.112,1432.5083333333334
439.162,1445.5083333333334
439.211,1417.1750000000002
439.26,1422.5083333333334
439.309,1423.5083333333334
439.358,1500.5083333333334
439.407,1488.841666666667
439.456,1427.841666666667
439.506,1413.841666666667
439.555,1383.175
439.604,1409.1750000000002
439.653,1466.5083333333334
439.702,1433.1750000000002
439.751,1455.841666666667
439.8,1443.5083333333334
439.849,1426.841666666667
439.898,1444.1750000000002
439.947,1450.5083333333334
439.996,1435.841666666667
440.045,1450.1750000000002
440.094,1438.841666666667
440.143,1420.841666666667
440.192,1462.841666666667
440.241,1418.5083333333334
440.29,1492.5083333333334
440.339,1424.1750000000002
440.388,1411.5083333333334
440.437,1448.1750000000002
440.486,1422.5083333333334
440.535,1425.175
440.583,1478.1750000000002
440.632,1491.1750000000002
440.681,1477.5083333333334
440.73,1440.841666666667
440.779,1466.1750000000002
440.828,1436.841666666667
440.876,1471.841666666667
440.925,1476.5083333333334
440.974,1435.1750000000002
441.023,1519.841666666667
441.072,1505.841666666667
441.12,1557.5083333333334
441.169,1485.841666666667
441.218,1455.841666666667
441.267,1499.5083333333334
441.315,1513.841666666667
441.364,1473.841666666667
441.413,1500.1750000000002
441.461,1532.5083333333334
441.51,1501.8416666666665
441.559,1559.1750000000002
441.607,1505.841666666667
441.656,1465.5083333333334
441.705,1524.1750000000002
441.753,1511.8416666666665
441.802,1483.5083333333332
441.85,1481.841666666667
441.899,1558.841666666667
441.948,1495.1750000000002
441.996,1476.5083333333334
442.045,1577.841666666667
442.093,1511.5083333333334
442.142,1508.841666666667
442.19,1508.5083333333334
442.239,1545.5083333333334
442.287,1488.1750000000002
442.336,1470.8416666666665
442.384,1481.5083333333334
442.433,1488.175
442.481,1500.841666666667
442.529,1448.175
442.578,1488.1750000000002
442.626,1503.1750000000002
442.675,1460.175
442.723,1509.841666666667
442.771,1467.841666666667
442.82,1526.841666666667
442.868,1488.1750000000002
442.917,1497.1750000000002
442.965,1521.175
443.013,1466.5083333333332
443.062,1482.175
443.11,1491.1750000000002
443.158,1508.5083333333334
443.206,1503.1750000000002
443.255,1517.5083333333332
443.303,1480.175
443.351,1525.5083333333332
443.399,1581.841666666667
443.448,1515.5083333333334
443.496,1522.1750000000002
443.544,1507.5083333333334
443.592,1547.5083333333334
443.64,1580.1750000000002
443.689,1569.841666666667
443.737,1540.841666666667
443.785,1511.175
443.833,1502.175
443.881,1584.841666666667
443.929,1569.841666666667
443.977,1537.5083333333332
444.025,1555.841666666667
444.074,1587.841666666667
444.122,1538.5083333333332
444.17,1549.5083333333334
444.218,1570.1750000000002
444.266,1561.8416666666665
444.314,1611.175
444.362,1599.1750000000002
444.41,1600.5083333333334
444.458,1633.175
444.506,1554.8416666666665
444.554,1642.841666666667
444.602,1625.1750000000002
444.65,1627.5083333333332
444.698,1596.1750000000002
444.746,1665.1750000000002
444.793,1607.5083333333334
444.841,1647.8416666666665
444.889,1644.5083333333334
444.937,1639.5083333333334
444.985,1659.5083333333334
445.033,1658.1750000000002
445.081,1639.841666666667
445.129,1619.5083333333334
445.176,1654.5083333333334
445.224,1641.841666666667
445.272,1635.1750000000002
445.32,1625.5083333333334
445.368,1597.1750000000002
445.415,1625.841666666667
445.463,1600.1750000000002
445.511,1586.841666666667
445.559,1611.1750000000002
445.606,1617.841666666667
445.654,1625.5083333333334
445.702,1664.1750000000002
445.749,1610.841666666667
445.797,1670.841666666667
445.845,1636.841666666667
445.892,1659.1750000000002
445.94,1636.841666666667
445.988,1639.5083333333334
446.035,1659.1750000000002
446.083,1655.841666666667
446.13,1623.841666666667
446.178,1636.1750000000002
446.226,1673.1750000000002
446.273,1625.5083333333334
446.321,1652.5083333333334
446.368,1636.5083333333334
446.416,1656.841666666667
446.463,1648.1750000000002
446.511,1695.5083333333334
446.558,1677.841666666667
446.606,1696.1750000000002
446.653,1733.841666666667
446.701,1715.5083333333334
446.748,1716.5083333333334
446.796,1719.1750000000002
446.843,1742.175
446.891,1760.1750000000002
446.938,1747.1750000000002
446.985,1762.841666666667
447.033,1750.1750000000002
447.08,1778.175
447.128,1755.1750000000002
447.175,1751.8416666666665
447.222,1824.5083333333334
447.27,1795.5083333333332
447.317,1844.5083333333334
447.364,1830.5083333333334
447.411,1820.175
447.459,1851.5083333333332
447.506,1931.841666666667
447.553,1913.1750000000002
447.601,1915.8416666666665
447.648,1942.8416666666665
447.695,1921.175
447.742,1953.175
447.789,2001.175
447.837,1988.175
447.884,2054.1749999999997
447.931,2036.5083333333332
447.978,2096.1749999999997
448.025,2118.8416666666667
448.072,2201.508333333333
448.12,2153.1749999999997
448.167,2145.1749999999997
448.214,2082.508333333333
448.261,2075.8416666666667
448.308,2015.175
448.355,2026.8416666666665
448.402,1926.175
448.449,1943.5083333333332
448.496,1941.8416666666665
448.543,1879.5083333333334
448.59,1879.8416666666665
448.637,1882.5083333333334
448.684,1844.5083333333334
448.731,1819.5083333333334
448.778,1804.8416666666665
448.825,1756.5083333333332
448.872,1771.1750000000002
448.919,1801.841666666667
448.966,1699.5083333333332
449.013,1687.5083333333332
449.06,1756.1750000000002
449.107,1697.841666666667
449.154,1705.1750000000002
449.2,1712.5083333333334
449.247,1679.841666666667
449.294,1704.1750000000002
449.341,1653.5083333333334
449.388,1623.1750000000002
449.435,1668.5083333333334
449.481,1616.5083333333332
449.528,1630.5083333333332
449.575,1642.1750000000002
449.622,1613.841666666667
449.668,1628.841666666667
449.715,1585.8416666666665
449.762,1635.841666666667
449.809,1565.175
449.855,1612.1750000000002
449.902,1584.5083333333334
449.949,1552.5083333333334
449.995,1531.175
450.042,1543.8416666666665
450.089,1559.175
450.135,1521.175
450.182,1528.5083333333334
450.229,1500.5083333333334
450.275,1554.8416666666665
450.322,1507.8416666666665
450.368,1533.175
450.415,1531.5083333333332
450.462,1456.5083333333332
450.508,1539.1750000000002
450.555,1508.175
450.601,1490.5083333333332
450.648,1484.841666666667
450.694,1465.8416666666665
450.741,1487.8416666666665
450.787,1486.175
450.834,1527.1750000000002
450.88,1488.5083333333332
450.927,1492.841666666667
450.973,1470.8416666666665
451.019,1537.841666666667
451.066,1452.8416666666665
451.112,1489.5083333333334
451.159,1432.175
451.205,1416.8416666666665
451.251,1476.175
451.298,1455.175
451.344,1486.841666666667
451.39,1430.8416666666665
451.437,1442.8416666666665
451.483,1436.8416666666665
451.529,1444.1750000000002
451.576,1409.5083333333332
451.622,1405.5083333333334
451.668,1409.841666666667
451.714,1509.175
451.761,1434.8416666666665
451.807,1417.5083333333332
451.853,1424.175
451.899,1466.841666666667
451.945,1419.5083333333332
451.992,1469.841666666667
452.038,1346.8416666666667
452.084,1383.5083333333332
452.13,1400.175
452.176,1401.1750000000002
452.222,1372.841666666667
452.268,1372.8416666666665
452.315,1387.8416666666665
452.361,1408.1750000000002
452.407,1374.8416666666665
452.453,1373.8416666666665
452.499,1422.1750000000002
452.545,1378.841666666667
452.591,1400.8416666666665
452.637,1426.841666666667
452.683,1393.841666666667
452.729,1385.175
452.775,1351.5083333333334
452.821,1402.5083333333334
452.867,1421.1750000000002
452.913,1375.5083333333332
452.959,1347.5083333333334
453.005,1365.1750000000002
453.051,1385.5083333333332
453.097,1344.175
453.142,1389.841666666667
453.188,1363.175
453.234,1367.5083333333334
453.28,1388.1750000000002
453.326,1369.5083333333332
453.372,1365.5083333333334
453.418,1381.5083333333334
453.463,1390.1750000000002
453.509,1334.175
453.555,1351.5083333333334
453.601,1364.5083333333334
453.647,1330.8416666666667
453.692,1343.841666666667
453.738,1371.841666666667
453.784,1350.841666666667
453.829,1363.5083333333334
453.875,1360.8416666666667
453.921,1363.5083333333334
453.967,1349.1750000000002
454.012,1398.841666666667
454.058,1352.841666666667
454.104,1384.1750000000002
454.149,1392.841666666667
454.195,1301.841666666667
454.24,1349.5083333333334
454.286,1405.841666666667
454.332,1345.175
454.377,1385.5083333333334
454.423,1346.841666666667
454.468,1345.5083333333334
454.514,1322.841666666667
454.559,1349.5083333333334
454.605,1363.1750000000002
454.65,1302.175
454.696,1365.1750000000002
454.741,1298.175
454.787,1325.5083333333334
454.832,1341.841666666667
454.878,1399.841666666667
454.923,1341.5083333333334
454.969,1335.175
455.014,1321.5083333333334
455.06,1352.841666666667
455.105,1364.5083333333334
455.15,1342.8416666666667
455.196,1315.175
455.241,1336.8416666666667
455.286,1314.5083333333334
455.332,1339.5083333333334
455.377,1295.5083333333334
455.422,1301.8416666666667
455.468,1328.5083333333334
455.513,1384.841666666667
455.558,1357.5083333333334
455.604,1338.5083333333334
455.649,1344.841666666667
455.694,1368.5083333333334
455.739,1380.5083333333334
455.785,1306.8416666666667
455.83,1328.8416666666667
455.875,1340.5083333333334
455.92,1316.1750000000002
455.965,1308.175
456.01,1337.8416666666667
456.056,1280.8416666666667
456.101,1326.841666666667
456.146,1332.8416666666667
456.191,1351.1750000000002
456.236,1281.841666666667
456.281,1363.841666666667
456.326,1326.5083333333334
456.371,1326.175
456.416,1237.5083333333334
456.461,1349.1750000000002
456.507,1348.841666666667
456.552,1315.8416666666667
456.597,1381.5083333333334
456.642,1365.5083333333334
456.687,1363.841666666667
456.732,1372.175
456.776,1357.5083333333334
456.821,1319.8416666666667
456.866,1337.5083333333334
456.911,1330.1750000000002
456.956,1361.5083333333334
457.001,1323.5083333333334
457.046,1351.5083333333334
457.091,1348.841666666667
457.136,1361.1750000000002
457.181,1313.841666666667
457.225,1389.841666666667
457.27,1352.5083333333334
457.315,1302.175
457.36,1339.841666666667
457.405,1351.841666666667
457.45,1344.1750000000002
457.494,1340.841666666667
457.539,1355.841666666667
457.584,1351.1750000000002
457.629,1340.1750000000002
457.673,1392.1750000000002
457.718,1383.5083333333334
457.763,1360.175
457.807,1358.841666666667
457.852,1344.175
457.897,1408.1750000000002
457.941,1347.175
457.986,1355.5083333333334
458.031,1402.841666666667
458.075,1374.841666666667
458.12,1371.8416666666665
458.165,1403.1750000000002
458.209,1341.841666666667
458.254,1380.841666666667
458.298,1351.175
458.343,1393.5083333333334
458.387,1376.175
458.432,1396.1750000000002
458.476,1414.5083333333334
458.521,1391.5083333333332
458.565,1411.175
458.61,1393.5083333333334
458.654,1392.5083333333332
458.699,1379.175
458.743,1438.841666666667
458.788,1428.8416666666665
458.832,1436.8416666666665
458.877,1439.5083333333334
458.921,1380.5083333333334
458.965,1424.8416666666665
459.01,1455.5083333333332
459.054,1425.175
459.099,1404.5083333333334
459.143,1411.175
459.187,1442.5083333333332
459.231,1463.8416666666665
459.276,1478.841666666667
459.32,1474.5083333333332
459.364,1435.5083333333332
459.409,1465.1750000000002
459.453,1489.841666666667
459.497,1510.8416666666665
459.541,1507.8416666666665
459.586,1428.5083333333334
459.63,1492.5083333333332
459.674,1418.8416666666665
459.718,1541.5083333333334
459.762,1493.8416666666665
459.807,1511.8416666666665
459.851,1531.5083333333334
459.895,1479.1750000000002
459.939,1492.841666666667
459.983,1464.1750000000002
460.027,1486.1750000000002
460.071,1505.8416666666665
460.115,1493.8416666666665
460.159,1510.8416666666665
460.204,1517.5083333333332
460.248,1481.8416666666665
460.292,1502.175
460.336,1519.841666666667
460.38,1530.5083333333332
460.424,1577.5083333333334
460.468,1508.8416666666665
460.512,1541.5083333333332
460.556,1508.8416666666665
460.599,1565.841666666667
460.643,1526.5083333333332
460.687,1573.8416666666665
460.731,1554.1750000000002
460.775,1490.5083333333332
460.819,1494.175
460.863,1568.8416666666665
460.907,1538.5083333333334
460.951,1512.8416666666665
460.995,1565.175
461.038,1575.1750000000002
461.082,1550.5083333333334
461.126,1558.8416666666665
461.17,1563.1750000000002
461.214,1544.175
461.257,1532.175
461.301,1566.5083333333332
461.345,1578.8416666666665
461.389,1561.5083333333334
461.432,1565.8416666666665
461.476,1538.5083333333332
461.52,1558.8416666666665
461.563,1524.5083333333332
461.607,1581.1750000000002
461.651,1557.175
461.694,1575.1750000000002
461.738,1543.5083333333332
461.782,1570.5083333333334
461.825,1540.8416666666665
461.869,1548.175
461.913,1609.5083333333334
461.956,1601.841666666667
462.0,1549.5083333333332
462.043,1601.175
462.087,1611.175
462.13,1616.175
462.174,1586.5083333333332
462.217,1584.8416666666665
462.261,1606.175
462.304,1630.1750000000002
462.348,1607.5083333333332
462.391,1632.841666666667
462.435,1612.5083333333332
462.478,1639.5083333333334
462.522,1653.5083333333334
462.565,1592.175
462.608,1665.175
462.652,1630.175
462.695,1683.175
462.739,1672.175
462.782,1688.5083333333332
462.825,1681.5083333333332
462.869,1683.8416666666665
462.912,1691.8416666666665
462.955,1706.175
462.998,1691.8416666666665
463.042,1692.8416666666665
463.085,1739.5083333333332
463.128,1716.175
463.172,1650.5083333333332
453.18,1918.5083333333332
453.319,1963.8416666666665
453.458,1901.8416666666665
453.596,1933.8416666666665
453.735,1950.8416666666665
453.873,2033.175
454.012,2040.5083333333332
454.15,2023.175
454.289,2057.1749999999997
454.427,2041.5083333333332
454.566,2067.1749999999997
454.704,2100.508333333333
454.843,2171.8416666666667
454.981,2130.508333333333
455.12,2149.508333333333
455.258,2255.508333333333
455.397,2230.8416666666667
455.535,2249.8416666666667
455.674,2253.1749999999997
455.812,2283.508333333333
455.951,2323.8416666666667
456.089,2307.1749999999997
456.227,2366.1749999999997
456.366,2370.8416666666667
456.504,2354.8416666666667
456.642,2376.1749999999997
456.781,2470.508333333333
456.919,2469.508333333333
457.057,2556.8416666666667
457.196,2543.8416666666667
457.334,2528.1749999999997
457.472,2616.508333333333
457.61,2640.8416666666667
457.749,2662.1749999999997
457.887,2721.8416666666667
458.025,2779.508333333333
458.163,2763.8416666666667
458.301,2799.8416666666667
458.44,2865.1749999999997
458.578,2956.508333333333
458.716,3013.8416666666667
458.854,2958.8416666666667
458.992,3008.1749999999997
459.13,3106.1750000000006
459.269,3124.841666666667
459.407,3150.5083333333337
459.545,3179.841666666667
459.683,3256.1750000000006
459.821,3256.5083333333337
459.959,3236.841666666667
460.097,3380.1750000000006
460.235,3332.1750000000006
460.373,3385.5083333333337
460.511,3397.841666666667
460.649,3455.841666666667
460.787,3384.1750000000006
460.925,3474.841666666667
461.063,3472.1750000000006
461.201,3506.5083333333337
461.339,3516.1750000000006
461.477,3567.1750000000006
461.615,3590.841666666667
461.753,3652.841666666667
461.891,3651.1750000000006
462.029,3767.841666666667
462.166,3795.1750000000006
462.304,3848.1750000000006
462.442,3874.5083333333337
462.58,3909.841666666667
462.718,3928.1750000000006
462.856,3976.841666666667
462.993,3949.841666666667
463.131,3878.1750000000006
463.269,3919.841666666667
463.407,3823.5083333333337
463.545,3744.5083333333337
463.682,3840.5083333333337
463.82,3964.841666666667
463.958,4092.5083333333337
464.095,4236.508333333334
464.233,4185.841666666667
464.371,4171.508333333334
464.509,4216.508333333334
464.646,4166.508333333334
464.784,4144.175
464.921,3945.5083333333337
465.059,3946.5083333333337
465.197,3960.5083333333337
465.334,3845.1750000000006
465.472,3756.1750000000006
465.609,3764.841666666667
465.747,3704.841666666667
465.885,3681.1750000000006
466.022,3636.1750000000006
466.16,3701.5083333333337
466.297,3735.1750000000006
466.435,3605.841666666667
466.572,3613.1750000000006
466.71,3626.1750000000006
466.847,3612.1750000000006
466.985,3586.1750000000006
467.122,3637.5083333333337
467.26,3544.5083333333337
467.397,3581.1750000000006
467.534,3572.841666666667
467.672,3562.1750000000006
467.809,3527.5083333333337
467.947,3581.1750000000006
468.084,3542.841666666667
468.221,3611.841666666667
468.359,3594.5083333333337
468.496,3579.841666666667
468.633,3565.841666666667
468.771,3607.841666666667
468.908,3588.5083333333337
469.045,3622.1750000000006
469.183,3641.5083333333337
469.32,3675.5083333333337
469.457,3807.841666666667
469.594,3701.1750000000006
469.732,3701.1750000000006
469.869,3790.5083333333337
470.006,3779.841666666667
470.143,3888.841666666667
470.28,3861.841666666667
470.417,3919.841666666667
470.555,3852.1750000000006
470.692,3845.841666666667
470.829,3919.1750000000006
470.966,3893.841666666667
471.103,3784.1750000000006
471.24,3891.841666666667
471.377,3782.1750000000006
471.514,3794.5083333333337
471.651,3773.5083333333337
471.789,3805.5083333333337
471.926,3836.841666666667
472.063,3757.841666666667
472.2,3683.841666666667
472.337,3707.1750000000006
472.474,3716.5083333333337
472.611,3669.1750000000006
472.748,3698.5083333333337
472.884,3636.1750000000006
473.021,3748.1750000000006
473.158,3739.1750000000006
473.295,3686.1750000000006
473.432,3695.5083333333337
473.569,3690.841666666667
473.706,3676.1750000000006
473.843,3670.1750000000006
473.98,3633.841666666667
474.117,3708.5083333333337
474.253,3720.841666666667
474.39,3676.5083333333337
474.527,3672.5083333333337
474.664,3711.1750000000006
474.801,3717.5083333333337
474.937,3696.5083333333337
475.074,3758.5083333333337
475.211,3729.1750000000006
475.348,3772.5083333333337
475.484,3841.5083333333337
475.621,3780.1750000000006
475.758,3802.1750000000006
475.894,3769.841666666667
476.031,3842.5083333333337
476.168,3790.1750000000006
476.304,3808.841666666667
476.441,3857.5083333333337
476.578,3783.841666666667
476.714,3800.1750000000006
476.851,3858.841666666667
476.987,3880.5083333333337
477.124,3917.841666666667
477.261,4021.5083333333337
477.397,3973.5083333333337
477.534,3990.1750000000006
477.67,4002.5083333333337
477.807,4040.5083333333337
477.943,4100.841666666667
478.08,4063.5083333333337
478.216,4057.1750000000006
478.353,4216.841666666667
478.489,4187.841666666667
478.626,4181.175
478.762,4297.175
478.898,4270.508333333334
479.035,4221.175
479.171,4244.841666666667
479.308,4197.175
479.444,4186.508333333334
479.58,4268.508333333334
479.717,4232.841666666667
479.853,4300.841666666667
479.989,4306.175
480.126,4247.175
480.262,4340.175
480.398,4362.508333333334
480.535,4375.175
480.671,4379.175
480.807,4285.841666666667
480.943,4370.841666666667
481.08,4252.508333333334
481.216,4241.508333333334
481.352,4206.841666666667
481.488,4307.841666666667
481.624,4210.841666666667
481.76,4213.175
481.897,4219.508333333334
482.033,4157.508333333334
482.169,4253.175
482.305,4268.841666666667
482.441,4206.175
482.577,4199.175
482.713,4199.175
482.849,4257.841666666667
482.985,4227.841666666667
483.121,4249.175
483.258,4268.841666666667
483.394,4194.508333333334
483.53,4307.508333333334
483.665,4271.175
483.801,4253.508333333334
483.937,4198.508333333334
484.073,4271.508333333334
484.209,4323.841666666667
484.345,4353.508333333334
484.481,4340.175
484.617,4342.841666666667
484.753,4396.508333333334
484.889,4310.508333333334
485.025,4312.841666666667
485.161,4272.841666666667
485.296,4413.508333333334
485.432,4422.841666666667
485.568,4350.175
485.704,4385.841666666667
485.84,4417.175
485.975,4400.841666666667
486.111,4340.841666666667
486.247,4374.508333333334
486.383,4411.508333333334
486.518,4441.841666666667
486.654,4328.508333333334
486.79,4363.841666666667
486.926,4378.508333333334
487.061,4424.508333333334
487.197,4406.508333333334
487.333,4335.175
487.468,4317.508333333334
487.604,4325.841666666667
487.74,4250.508333333334
487.875,4317.175
488.011,4350.175
488.146,4317.175
488.282,4305.175
488.417,4360.841666666667
488.553,4300.841666666667
488.688,4339.175
488.824,4404.508333333334
488.96,4329.508333333334
489.095,4414.508333333334
489.23,4398.175
489.366,4434.841666666667
489.501,4387.175
489.637,4364.175
489.772,4355.841666666667
489.908,4330.841666666667
490.043,4361.508333333334
490.178,4374.841666666667
490.314,4391.508333333334
490.449,4354.508333333334
490.585,4384.175
490.72,4398.175
490.855,4337.841666666667
490.991,4344.508333333334
491.126,4279.508333333334
491.261,4380.841666666667
491.396,4398.175
491.532,4343.175
491.667,4376.175
491.802,4323.175
491.937,4382.841666666667
492.073,4390.175
492.208,4353.841666666667
492.343,4410.841666666667
492.478,4331.508333333334
492.613,4457.508333333334
492.749,4373.841666666667
492.884,4458.508333333334
493.019,4375.508333333334
493.154,4438.508333333334
493.289,4393.508333333334
493.424,4437.175
493.559,4394.175
493.694,4386.175
493.829,4423.508333333334
493.964,4402.508333333334
494.099,4416.841666666667
494.234,4411.175
494.369,4415.841666666667
494.504,4433.841666666667
494.639,4369.508333333334
494.774,4402.508333333334
494.909,4353.841666666667
495.044,4370.175
495.179,4436.841666666667
495.314,4372.175
495.449,4338.175
495.584,4403.175
495.719,4409.175
495.854,4418.508333333334
495.988,4380.175
496.123,4436.841666666667
496.258,4473.175
496.393,4455.175
496.528,4501.175
496.663,4510.841666666667
496.797,4550.508333333334
496.932,4575.175
497.067,4646.175
497.202,4735.841666666667
497.336,4694.841666666667
497.471,4705.175
497.606,4771.841666666667
497.74,4833.508333333334
497.875,4895.508333333334
498.01,4924.841666666667
498.144,4983.841666666667
498.279,5143.175
498.414,5191.508333333334
498.548,5331.175
498.683,5457.841666666667
498.817,5555.841666666667
498.952,5609.175
499.087,5791.841666666667
499.221,5938.841666666667
499.356,6112.508333333334
499.49,6239.175
499.625,6515.841666666667
499.759,6592.841666666667
499.894,6849.508333333334
500.028,7150.841666666667
500.162,7268.841666666667
500.297,7408.508333333334
500.431,7439.175
500.566,7488.841666666667
500.7,7442.841666666667
500.835,7220.508333333334
500.969,7016.508333333334
501.103,6955.175
501.238,6599.175
501.372,6349.508333333334
501.506,6206.841666666667
501.641,5880.175
501.775,5794.508333333334
501.909,5641.508333333334
502.043,5496.175
502.178,5349.175
502.312,5251.508333333334
502.446,5228.175
502.58,5145.841666666667
502.715,5041.841666666667
502.849,4933.841666666667
502.983,4917.841666666667
503.117,4832.175
503.251,4764.508333333334
503.385,4653.175
503.52,4590.841666666667
503.654,4583.175
503.788,4467.508333333334
503.922,4449.841666666667
504.056,4392.508333333334
504.19,4457.508333333334
504.324,4415.175
504.458,4373.175
504.592,4366.508333333334
504.726,4233.175
504.86,4179.508333333334
504.994,4111.508333333334
505.128,4095.5083333333337
505.262,4060.1750000000006
505.396,4004.841666666667
505.53,3934.841666666667
505.664,3845.1750000000006
505.798,3850.5083333333337
505.932,3804.1750000000006
506.066,3789.841666666667
506.199,3687.5083333333337
506.333,3716.841666666667
506.467,3710.841666666667
506.601,3704.841666666667
506.735,3624.5083333333337
506.869,3624.5083333333337
507.002,3680.841666666667
507.136,3570.1750000000006
507.27,3564.841666666667
507.404,3556.841666666667
507.537,3486.5083333333337
507.671,3516.841666666667
507.805,3421.1750000000006
507.939,3433.1750000000006
508.072,3415.841666666667
508.206,3400.1750000000006
508.34,3436.841666666667
508.473,3389.5083333333337
508.607,3423.841666666667
508.74,3386.5083333333337
508.874,3363.5083333333337
509.008,3315.5083333333337
509.141,3369.1750000000006
509.275,3300.1750000000006
509.408,3314.5083333333337
509.542,3307.5083333333337
509.675,3263.841666666667
509.809,3317.1750000000006
509.942,3272.841666666667
510.076,3247.1750000000006
510.209,3212.5083333333337
510.343,3244.841666666667
510.476,3229.1750000000006
510.61,3236.841666666667
510.743,3177.841666666667
510.877,3230.841666666667
511.01,3132.5083333333337
511.143,3148.5083333333337
511.277,3173.841666666667
511.41,3191.1750000000006
511.543,3177.1750000000006
511.677,3129.841666666667
511.81,3164.1750000000006
511.943,3178.5083333333337
512.077,3260.841666666667
512.21,3186.841666666667
512.343,3157.841666666667
512.476,3158.5083333333337
512.61,3197.1750000000006
512.743,3116.841666666667
512.876,3171.5083333333337
513.009,3183.5083333333337
513.142,3152.841666666667
513.276,3131.508333333333
513.409,3182.1750000000006
513.542,3138.5083333333337
513.675,3087.841666666667
513.808,3098.5083333333337
513.941,3104.508333333333
514.074,3102.841666666667
514.207,3147.1750000000006
514.34,3197.5083333333337
514.474,3188.1750000000006
514.607,3170.841666666667
514.74,3143.1750000000006
514.873,3155.5083333333337
515.006,3163.1750000000006
515.139,3183.5083333333337
515.272,3198.1750000000006
515.404,3227.841666666667
515.537,3239.1750000000006
515.67,3284.5083333333337
515.803,3271.841666666667
515.936,3301.841666666667
516.069,3370.1750000000006
516.202,3432.841666666667
516.335,3440.841666666667
516.468,3555.841666666667
516.6,4233.841666666667
516.733,5265.841666666667
516.866,5002.175
516.999,4563.841666666667
517.132,5649.508333333334
517.264,7888.508333333334
517.397,7367.508333333334
517.53,5541.841666666667
517.663,4753.841666666667
517.795,4394.175
517.928,4261.841666666667
518.061,4405.841666666667
518.193,5744.175
518.326,8902.175000000001
518.459,9111.841666666667
518.591,6711.841666666667
518.724,5214.175
518.857,4481.508333333334
518.989,4192.508333333334
519.122,3900.5083333333337
519.254,3789.841666666667
519.387,3614.5083333333337
519.519,3585.1750000000006
519.652,3529.841666666667
519.784,3452.5083333333337
519.917,3305.5083333333337
520.049,3271.841666666667
520.182,3209.1750000000006
520.314,3202.5083333333337
520.447,3155.841666666667
520.579,3103.508333333333
520.712,3138.841666666667
520.844,3094.1750000000006
520.976,3058.8416666666667
521.109,3048.8416666666667
521.241,2955.1749999999997
521.373,2936.8416666666667
521.506,2929.1749999999997
521.638,2923.508333333333
521.77,2914.508333333333
521.903,2885.508333333333
522.035,2811.1749999999997
522.167,2808.508333333333
522.3,2818.8416666666667
522.432,2814.8416666666667
522.564,2844.8416666666667
522.696,2782.1749999999997
522.828,2812.508333333333
522.961,2756.1749999999997
523.093,2777.508333333333
523.225,2799.8416666666667
523.357,2727.508333333333
523.489,2703.1749999999997
523.621,2705.8416666666667
523.753,2693.1749999999997
523.885,2710.1749999999997
524.018,2678.8416666666667
524.15,2663.8416666666667
524.282,2747.508333333333
524.414,2631.1749999999997
524.546,2642.508333333333
524.678,2604.508333333333
524.81,2628.508333333333
524.942,2606.508333333333
525.074,2582.8416666666667
525.206,2577.508333333333
525.338,2570.508333333333
525.469,2583.1749999999997
525.601,2560.1749999999997
525.733,2614.508333333333
525.865,2520.1749999999997
525.997,2604.1749999999997
526.129,2584.8416666666667
526.261,2626.8416666666667
526.393,2511.8416666666667
526.524,2486.8416666666667
526.656,2502.508333333333
526.788,2577.1749999999997
526.92,2465.8416666666667
527.052,2469.508333333333
527.183,2510.1749999999997
527.315,2451.1749999999997
527.447,2523.508333333333
527.578,2521.8416666666667
527.71,2543.508333333333
527.842,2461.508333333333
527.973,2465.1749999999997
528.105,2517.8416666666667
528.237,2492.1749999999997
528.368,2455.8416666666667
528.5,2472.1749999999997
528.632,2487.508333333333
528.763,2455.8416666666667
528.895,2464.8416666666667
529.026,2486.508333333333
529.158,2458.1749999999997
529.289,2482.508333333333
529.421,2454.1749999999997
529.552,2449.8416666666667
529.684,2520.1749999999997
529.815,2451.8416666666667
529.947,2414.508333333333
530.078,2526.508333333333
530.21,2440.8416666666667
530.341,2484.8416666666667
530.472,2471.1749999999997
530.604,2527.1749999999997
530.735,2441.508333333333
530.867,2518.8416666666667
530.998,2433.8416666666667
531.129,2501.508333333333
531.26,2495.508333333333
531.392,2486.508333333333
531.523,2505.508333333333
531.654,2492.8416666666667
531.786,2546.1749999999997
531.917,2559.1749999999997
532.048,2589.1749999999997
532.179,2548.508333333333
532.311,2489.8416666666667
532.442,2513.8416666666667
532.573,2453.1749999999997
532.704,2459.1749999999997
532.835,2428.8416666666667
532.966,2398.508333333333
533.097,2405.1749999999997
533.229,2403.1749999999997
533.36,2500.1749999999997
533.491,2421.8416666666667
533.622,2489.508333333333
533.753,2414.508333333333
533.884,2451.508333333333
534.015,2410.1749999999997
534.146,2420.1749999999997
534.277,2442.1749999999997
534.408,2472.8416666666667
534.539,2413.508333333333
534.67,2472.508333333333
534.801,2421.8416666666667
534.932,2397.1749999999997
535.063,2422.508333333333
535.194,2410.1749999999997
535.324,2503.508333333333
535.455,2432.1749999999997
535.586,2423.508333333333
535.717,2385.8416666666667
535.848,2428.8416666666667
535.979,2415.508333333333
536.109,2379.1749999999997
536.24,2407.8416666666667
536.371,2415.508333333333
536.502,2366.508333333333
536.632,2427.8416666666667
536.763,2388.508333333333
536.894,2341.508333333333
537.025,2343.1749999999997
537.155,2394.1749999999997
537.286,2364.8416666666667
537.417,2423.508333333333
537.547,2392.508333333333
537.678,2409.8416666666667
537.808,2350.508333333333
537.939,2446.8416666666667
538.07,2379.1749999999997
538.2,2353.8416666666667
538.331,2375.1749999999997
538.461,2323.508333333333
538.592,2391.8416666666667
538.722,2366.8416666666667
538.853,2410.1749999999997
538.983,2389.508333333333
539.114,2396.508333333333
539.244,2318.8416666666667
539.375,2330.1749999999997
539.505,2265.508333333333
539.636,2271.8416666666667
539.766,2366.508333333333
539.896,2340.8416666666667
540.027,2295.8416666666667
540.157,2348.1749999999997
540.287,2338.508333333333
540.418,2296.508333333333
540.548,2305.8416666666667
540.678,2320.508333333333
540.809,2330.508333333333
540.939,2332.8416666666667
541.069,2373.508333333333
541.2,2314.508333333333
541.33,2365.8416666666667
541.46,2377.508333333333
541.59,2383.1749999999997
541.72,2358.1749999999997
541.851,2325.1749999999997
541.981,2349.8416666666667
542.111,2349.508333333333
542.241,2432.1749999999997
542.371,2457.1749999999997
542.501,2444.508333333333
542.631,2459.1749999999997
542.761,2470.8416666666667
542.891,2464.8416666666667
543.021,2458.508333333333
543.151,2477.8416666666667
543.281,2478.1749999999997
543.411,2443.1749999999997
543.542,2398.8416666666667
543.671,2426.8416666666667
543.801,2413.8416666666667
543.931,2429.1749999999997
544.061,2488.8416666666667
544.191,2378.508333333333
544.321,2398.8416666666667
544.451,2466.1749999999997
544.581,2413.1749999999997
544.711,2491.1749999999997
544.841,2485.508333333333
544.97,2491.508333333333
545.1,2537.8416666666667
545.23,2549.508333333333
545.36,2553.8416666666667
545.49,2506.508333333333
545.619,2525.8416666666667
545.749,2499.1749999999997
545.879,2501.508333333333
546.009,2495.8416666666667
546.138,2474.1749999999997
546.268,2476.1749999999997
546.398,2450.508333333333
546.527,2474.1749999999997
546.657,2488.1749999999997
546.786,2517.8416666666667
546.916,2436.1749999999997
547.046,2468.1749999999997
547.175,2471.8416666666667
547.305,2456.8416666666667
547.434,2488.1749999999997
547.564,2454.508333333333
547.693,2464.1749999999997
547.823,2521.1749999999997
547.953,2496.1749999999997
548.082,2454.1749999999997
548.211,2471.1749999999997
548.341,2496.1749999999997
548.47,2462.508333333333
548.6,2481.508333333333
548.729,2536.508333333333
548.859,2490.8416666666667
548.988,2549.8416666666667
549.117,2445.508333333333
549.247,2486.1749999999997
549.376,2498.8416666666667
549.505,2554.8416666666667
549.635,2530.1749999999997
549.764,2514.8416666666667
549.893,2546.8416666666667
550.023,2456.8416666666667
550.152,2544.1749999999997
550.281,2534.1749999999997
550.41,2557.508333333333
550.539,2537.508333333333
550.669,2551.1749999999997
550.798,2567.1749999999997
550.927,2583.508333333333
551.056,2572.1749999999997
551.185,2556.8416666666667
551.314,2517.8416666666667
551.443,2563.8416666666667
551.573,2558.508333333333
551.702,2555.1749999999997
551.831,2555.8416666666667
551.96,2599.1749999999997
552.089,2612.1749999999997
552.218,2628.508333333333
552.347,2694.8416666666667
552.476,2688.8416666666667
552.605,2678.8416666666667
552.734,2788.1749999999997
552.863,2830.1749999999997
552.992,2855.508333333333
553.121,2812.1749999999997
553.249,2762.1749999999997
553.378,2719.508333333333
553.507,2699.8416666666667
553.636,2699.1749999999997
553.765,2670.1749999999997
553.894,2597.1749999999997
554.023,2649.8416666666667
554.151,2584.508333333333
554.28,2681.8416666666667
554.409,2591.8416666666667
554.538,2640.1749999999997
554.666,2595.508333333333
554.795,2598.1749999999997
554.924,2573.1749999999997
555.052,2601.508333333333
555.181,2553.1749999999997
555.31,2598.8416666666667
555.439,2588.508333333333
555.567,2558.8416666666667
555.696,2507.508333333333
555.824,2524.8416666666667
555.953,2514.8416666666667
556.082,2525.508333333333
556.21,2498.8416666666667
556.339,2487.1749999999997
556.467,2450.508333333333
556.596,2478.8416666666667
556.724,2484.1749999999997
556.853,2542.8416666666667
556.981,2455.8416666666667
557.11,2466.8416666666667
557.238,2499.508333333333
557.367,2483.1749999999997
557.495,2453.8416666666667
557.623,2421.1749999999997
557.752,2437.1749999999997
557.88,2429.508333333333
558.008,2454.508333333333
558.137,2407.8416666666667
558.265,2509.1749999999997
558.393,2501.8416666666667
558.522,2422.8416666666667
558.65,2469.1749999999997
558.778,2463.508333333333
558.906,2462.1749999999997
559.035,2452.8416666666667
559.163,2441.8416666666667
559.291,2401.1749999999997
559.419,2464.8416666666667
559.548,2459.1749999999997
559.676,2445.1749999999997
559.804,2477.8416666666667
559.932,2434.1749999999997
560.06,2517.508333333333
560.188,2493.508333333333
560.316,2495.8416666666667
560.444,2508.508333333333
560.572,2454.8416666666667
560.7,2579.8416666666667
560.828,2564.1749999999997
560.956,2488.8416666666667
561.085,2588.508333333333
561.212,2479.508333333333
561.34,2559.1749999999997
561.468,2616.8416666666667
561.596,2542.508333333333
561.724,2538.8416666666667
561.852,2554.508333333333
561.98,2526.508333333333
562.108,2571.1749999999997
562.236,2588.8416666666667
562.364,2592.8416666666667
562.492,2616.8416666666667
562.619,2602.508333333333
562.747,2611.8416666666667
562.875,2616.508333333333
563.003,2677.8416666666667
563.13,2665.8416666666667
563.258,2674.508333333333
563.386,2657.508333333333
563.514,2691.508333333333
563.641,2689.8416666666667
563.769,2772.8416666666667
563.897,2784.8416666666667
564.024,2807.508333333333
564.152,2807.1749999999997
564.28,2826.508333333333
564.407,2816.508333333333
564.535,2885.8416666666667
564.662,2870.508333333333
564.79,2864.8416666666667
564.917,2983.1749999999997
565.045,2964.508333333333
565.173,2941.1749999999997
565.3,2977.1749999999997
565.428,3048.508333333333
565.555,3051.8416666666667
565.682,3104.508333333333
565.81,3173.5083333333337
565.937,3224.1750000000006
566.065,3332.841666666667
566.192,3299.841666666667
566.32,3432.5083333333337
566.447,3455.5083333333337
566.574,3498.841666666667
566.702,3468.841666666667
566.829,3496.5083333333337
566.956,3569.841666666667
567.083,3633.1750000000006
567.211,3659.1750000000006
567.338,3643.5083333333337
567.465,3748.1750000000006
567.593,3794.5083333333337
567.72,3744.841666666667
567.847,3815.5083333333337
567.974,3759.841666666667
568.101,3671.5083333333337
568.228,3628.841666666667
568.356,3559.5083333333337
568.483,3412.841666666667
568.61,3385.1750000000006
568.737,3314.5083333333337
568.864,3335.841666666667
568.991,3233.1750000000006
569.118,3182.5083333333337
569.245,3079.508333333333
569.372,3086.508333333333
569.499,2953.1749999999997
569.626,2975.1749999999997
569.753,2947.1749999999997
569.88,2900.508333333333
570.007,2883.508333333333
570.134,2876.508333333333
570.261,2841.1749999999997
570.388,2879.508333333333
570.515,2774.1749999999997
570.642,2805.508333333333
570.768,2876.8416666666667
570.895,2804.8416666666667
571.022,2879.508333333333
571.149,2807.8416666666667
571.276,2790.1749999999997
571.402,2715.8416666666667
571.529,2745.8416666666667
571.656,2744.508333333333
571.783,2640.8416666666667
571.909,2693.508333333333
572.036,2629.8416666666667
572.163,2608.8416666666667
572.289,2685.508333333333
572.416,2646.508333333333
572.543,2658.8416666666667
572.669,2598.1749999999997
572.796,2569.8416666666667
572.922,2606.8416666666667
573.049,2565.508333333333
573.176,2590.1749999999997
573.302,2535.1749999999997
573.429,2543.1749999999997
573.555,2555.508333333333
573.682,2489.508333333333
573.808,2508.8416666666667
573.935,2516.508333333333
574.061,2540.8416666666667
574.188,2532.508333333333
574.314,2534.8416666666667
574.44,2581.8416666666667
574.567,2480.508333333333
574.693,2549.8416666666667
574.82,2537.508333333333
574.946,2520.1749999999997
575.072,2561.508333333333
575.198,2486.8416666666667
575.325,2525.508333333333
575.451,2500.8416666666667
575.577,2480.8416666666667
575.704,2461.508333333333
575.83,2442.1749999999997
575.956,2475.8416666666667
576.082,2507.1749999999997
576.208,2527.8416666666667
576.335,2475.508333333333
576.461,2449.8416666666667
576.587,2470.508333333333
576.713,2472.508333333333
576.839,2428.8416666666667
576.965,2523.8416666666667
577.091,2435.8416666666667
577.217,2497.1749999999997
577.343,2430.8416666666667
577.469,2437.8416666666667
577.596,2468.508333333333
577.722,2432.508333333333
577.848,2443.1749999999997
577.974,2474.8416666666667
578.099,2442.1749999999997
578.225,2417.508333333333
578.351,2428.1749999999997
578.477,2379.508333333333
578.603,2434.1749999999997
578.729,2483.1749999999997
578.855,2467.8416666666667
578.981,2478.508333333333
579.107,2473.8416666666667
579.232,2453.508333333333
579.358,2432.8416666666667
579.484,2407.8416666666667
579.61,2450.508333333333
579.735,2432.8416666666667
579.861,2394.8416666666667
579.987,2422.508333333333
580.113,2431.8416666666667
580.238,2396.8416666666667
580.364,2459.508333333333
580.49,2449.8416666666667
580.615,2409.508333333333
580.741,2408.508333333333
580.867,2382.508333333333
580.992,2468.508333333333
581.118,2420.8416666666667
581.243,2407.508333333333
581.369,2408.1749999999997
581.494,2441.8416666666667
581.62,2421.1749999999997
581.745,2455.8416666666667
581.871,2464.1749999999997
581.996,2535.1749999999997
582.122,2419.1749999999997
582.247,2402.8416666666667
582.373,2368.508333333333
582.498,2439.508333333333
582.624,2449.8416666666667
582.749,2464.1749999999997
582.874,2442.508333333333
583.0,2436.1749999999997
583.125,2439.8416666666667
583.25,2483.508333333333
583.376,2465.508333333333
583.501,2447.1749999999997
583.626,2445.508333333333
583.751,2459.1749999999997
583.877,2393.8416666666667
584.002,2415.1749999999997
584.127,2420.508333333333
584.252,2445.1749999999997
584.377,2380.508333333333
584.503,2459.8416666666667
584.628,2424.508333333333
584.753,2491.508333333333
584.878,2486.1749999999997
585.003,2442.1749999999997
585.128,2461.508333333333
585.253,2585.1749999999997
585.378,2463.8416666666667
585.503,2441.1749999999997
585.628,2465.8416666666667
585.753,2471.8416666666667
585.878,2510.508333333333
586.003,2488.508333333333
586.128,2404.8416666666667
586.253,2450.1749999999997
586.378,2490.8416666666667
586.503,2482.508333333333
586.628,2524.1749999999997
586.753,2482.508333333333
586.878,2512.8416666666667
587.003,2526.1749999999997
587.127,2544.8416666666667
587.252,2554.1749999999997
587.377,2564.1749999999997
587.502,2534.508333333333
587.627,2560.508333333333
587.751,2631.8416666666667
587.876,2614.8416666666667
588.001,2652.508333333333
588.125,2713.8416666666667
588.25,2799.8416666666667
588.375,2932.1749999999997
588.499,3067.5083333333337
588.624,3363.5083333333337
588.749,4185.508333333334
588.873,6870.508333333334
588.998,9755.175000000001
589.122,8348.508333333333
589.247,5561.841666666667
589.372,4826.841666666667
589.496,6795.841666666667
589.621,8138.508333333334
589.745,6280.175
589.87,4247.841666666667
589.994,3516.841666666667
590.118,3246.841666666667
590.243,3111.1750000000006
590.367,2946.508333333333
590.492,2840.508333333333
590.616,2815.1749999999997
590.74,2776.1749999999997
590.865,2718.1749999999997
590.989,2725.1749999999997
591.114,2771.8416666666667
591.238,2712.508333333333
591.362,2666.508333333333
591.486,2711.508333333333
591.611,2693.1749999999997
591.735,2652.508333333333
591.859,2710.508333333333
591.983,2748.1749999999997
592.107,2717.8416666666667
592.232,2756.8416666666667
592.356,2690.1749999999997
592.48,2791.508333333333
592.604,2720.1749999999997
592.728,2747.1749999999997
592.852,2848.8416666666667
592.976,2808.8416666666667
593.1,2815.1749999999997
593.224,2797.1749999999997
593.349,2884.8416666666667
593.473,2837.1749999999997
593.597,2905.1749999999997
593.721,2852.1749999999997
593.844,2877.1749999999997
593.968,2843.8416666666667
594.092,2834.1749999999997
594.216,2830.508333333333
594.34,2842.1749999999997
594.464,2812.1749999999997
594.588,2813.1749999999997
594.712,2723.8416666666667
594.836,2678.1749999999997
594.959,2649.8416666666667
595.083,2670.8416666666667
595.207,2681.1749999999997
595.331,2640.1749999999997
595.455,2629.1749999999997
595.578,2599.508333333333
595.702,2576.1749999999997
595.826,2561.508333333333
595.949,2585.1749999999997
596.073,2563.508333333333
596.197,2544.1749999999997
596.32,2502.8416666666667
596.444,2528.8416666666667
596.568,2476.8416666666667
596.691,2492.1749999999997
596.815,2481.508333333333
596.938,2516.1749999999997
597.062,2476.508333333333
597.186,2440.8416666666667
597.309,2463.508333333333
597.433,2445.1749999999997
597.556,2420.8416666666667
597.68,2370.1749999999997
597.803,2371.1749999999997
597.926,2419.1749999999997
598.05,2451.8416666666667
598.173,2388.508333333333
598.297,2376.508333333333
598.42,2396.8416666666667
598.543,2397.1749999999997
598.667,2356.508333333333
598.79,2322.8416666666667
598.913,2359.508333333333
599.037,2347.8416666666667
599.16,2382.1749999999997
599.283,2334.8416666666667
599.406,2280.1749999999997
599.53,2401.508333333333
599.653,2296.1749999999997
599.776,2396.508333333333
599.899,2309.508333333333
600.022,2366.8416666666667
600.145,2368.8416666666667
600.269,2356.8416666666667
600.392,2315.508333333333
600.515,2328.8416666666667
600.638,2277.8416666666667
600.761,2319.1749999999997
600.884,2287.508333333333
601.007,2319.508333333333
601.13,2240.508333333333
601.253,2277.508333333333
601.376,2265.508333333333
601.499,2290.8416666666667
601.622,2273.8416666666667
601.745,2270.8416666666667
601.868,2316.8416666666667
601.991,2329.508333333333
602.113,2269.1749999999997
602.236,2282.8416666666667
602.359,2266.8416666666667
602.482,2276.508333333333
602.605,2311.508333333333
602.728,2223.508333333333
602.85,2233.8416666666667
602.973,2240.1749999999997
603.096,2266.8416666666667
603.219,2256.8416666666667
603.341,2262.508333333333
603.464,2255.8416666666667
603.587,2319.508333333333
603.709,2274.508333333333
603.832,2165.508333333333
603.955,2237.508333333333
604.077,2212.8416666666667
604.2,2257.8416666666667
604.323,2223.8416666666667
604.445,2252.8416666666667
604.568,2245.508333333333
604.69,2233.8416666666667
604.813,2239.8416666666667
604.935,2286.8416666666667
605.058,2225.508333333333
605.18,2224.1749999999997
605.303,2237.508333333333
605.425,2207.508333333333
605.547,2156.1749999999997
605.67,2152.1749999999997
605.792,2226.8416666666667
605.915,2201.8416666666667
606.037,2244.508333333333
606.159,2225.8416666666667
606.282,2219.508333333333
606.404,2226.1749999999997
606.526,2217.1749999999997
606.648,2222.8416666666667
606.771,2197.1749999999997
606.893,2187.1749999999997
607.015,2229.8416666666667
607.137,2204.8416666666667
607.26,2180.508333333333
607.382,2168.1749999999997
607.504,2191.1749999999997
607.626,2199.508333333333
607.748,2293.1749999999997
607.87,2158.508333333333
607.992,2168.8416666666667
608.114,2131.508333333333
608.237,2166.1749999999997
608.359,2195.508333333333
608.481,2188.8416666666667
608.603,2180.508333333333
608.725,2193.1749999999997
608.847,2149.1749999999997
608.969,2156.508333333333
609.09,2214.508333333333
609.212,2167.508333333333
609.334,2165.508333333333
609.456,2189.8416666666667
609.578,2143.508333333333
609.7,2175.1749999999997
609.822,2225.8416666666667
609.944,2166.1749999999997
610.065,2200.508333333333
610.187,2204.508333333333
610.309,2157.8416666666667
610.431,2197.8416666666667
610.552,2149.508333333333
610.674,2132.8416666666667
610.796,2214.508333333333
610.918,2126.508333333333
611.039,2164.1749999999997
611.161,2172.8416666666667
611.282,2119.8416666666667
611.404,2164.508333333333
611.526,2179.8416666666667
611.647,2148.1749999999997
611.769,2178.1749999999997
611.89,2222.508333333333
612.012,2119.1749999999997
612.133,2179.508333333333
612.255,2135.508333333333
612.377,2107.8416666666667
612.498,2108.1749999999997
612.619,2176.8416666666667
612.741,2155.508333333333
612.862,2161.508333333333
612.984,2165.8416666666667
613.105,2074.8416666666667
613.226,2108.508333333333
613.348,2131.1749999999997
613.469,2122.1749999999997
613.59,2100.508333333333
613.712,2047.5083333333332
613.833,2119.8416666666667
613.954,2114.8416666666667
614.076,2080.508333333333
614.197,2131.8416666666667
614.318,2138.508333333333
614.439,2099.8416666666667
614.56,2114.1749999999997
614.682,2115.1749999999997
614.803,2134.1749999999997
614.924,2107.8416666666667
615.045,2142.1749999999997
615.166,2138.8416666666667
615.287,2115.508333333333
615.408,2120.508333333333
615.529,2131.508333333333
615.65,2127.8416666666667
615.771,2086.1749999999997
615.892,2059.8416666666667
616.013,2211.508333333333
616.134,2151.508333333333
616.255,2125.508333333333
616.376,2137.1749999999997
616.497,2129.8416666666667
616.618,2109.1749999999997
616.739,2092.508333333333
616.86,2116.1749999999997
616.981,2131.1749999999997
617.102,2064.1749999999997
617.222,2095.8416666666667
617.343,2076.8416666666667
617.464,2139.8416666666667
617.585,2085.1749999999997
617.705,2123.1749999999997
617.826,2043.5083333333332
617.947,2105.1749999999997
618.068,2115.8416666666667
618.188,2101.508333333333
618.309,2077.8416666666667
618.43,2060.508333333333
618.55,2039.8416666666665
618.671,2082.508333333333
618.791,2065.508333333333
618.912,2069.8416666666667
619.033,2088.508333333333
619.153,2092.508333333333
619.274,2089.8416666666667
619.394,2099.508333333333
619.515,2025.8416666666665
619.635,2070.8416666666667
619.756,2077.1749999999997
619.876,2087.8416666666667
619.996,2080.508333333333
620.117,2063.1749999999997
620.237,2090.1749999999997
620.358,2067.1749999999997
620.478,2003.175
620.598,2058.1749999999997
620.719,2096.1749999999997
620.839,2032.8416666666665
620.959,2022.8416666666665
621.079,2070.8416666666667
621.2,1997.175
621.32,2002.175
621.44,2045.8416666666665
621.56,2025.5083333333332
621.681,1988.8416666666665
621.801,1997.8416666666665
621.921,1994.8416666666665
622.041,2036.5083333333332
622.161,2048.1749999999997
622.281,2003.175
622.401,2023.175
622.521,2030.8416666666665
622.641,1957.8416666666665
622.761,2004.8416666666665
622.882,2021.175
623.002,2038.8416666666665
623.121,1996.175
623.241,2014.175
623.361,1969.175
623.481,2005.175
623.601,1976.8416666666665
623.721,2020.8416666666665
623.841,2014.5083333333332
623.961,2005.5083333333332
624.081,2035.8416666666665
624.201,2010.5083333333332
624.32,2038.175
624.44,2016.175
624.56,1987.5083333333332
624.68,1932.5083333333332
624.799,2001.175
624.919,2062.508333333333
625.039,1954.175
625.159,1986.8416666666665
625.278,1982.8416666666665
625.398,1984.5083333333332
625.518,1999.175
625.637,2021.175
625.757,2001.5083333333332
625.876,1934.5083333333332
625.996,2021.175
626.115,1980.5083333333332
626.235,1953.5083333333332
626.354,1997.175
626.474,1920.8416666666665
626.594,1978.175
626.713,1963.8416666666665
626.832,1925.5083333333332
626.952,1956.175
627.071,1937.175
627.191,1980.5083333333332
627.31,1929.175
627.429,1948.5083333333332
627.549,1932.5083333333332
627.668,1957.8416666666665
627.787,1982.5083333333332
627.907,1919.8416666666665
628.026,1938.5083333333332
628.145,1945.8416666666665
628.264,1975.8416666666665
628.384,1957.175
628.503,1876.8416666666665
628.622,1940.175
628.741,1965.175
628.86,1940.5083333333332
628.98,1896.175
629.099,1948.5083333333332
629.218,1899.5083333333332
629.337,1964.175
629.456,1940.175
629.575,2010.8416666666665
629.694,1958.8416666666665
629.813,1976.5083333333332
629.932,1869.175
630.051,1969.5083333333332
630.17,1931.5083333333332
630.289,1960.8416666666665
630.408,1886.175
630.527,1922.8416666666665
630.646,1916.8416666666665
630.764,1849.5083333333332
630.883,1947.5083333333332
631.002,1922.8416666666665
631.121,1924.5083333333332
631.24,1938.5083333333332
631.359,1846.175
631.477,1909.175
631.596,1908.175
631.715,1925.5083333333332
631.834,1925.8416666666665
631.952,1899.5083333333332
632.071,1959.175
632.19,1899.5083333333332
632.308,1916.8416666666665
632.427,1889.8416666666665
632.546,1882.5083333333332
632.664,1910.8416666666665
632.783,1891.175
632.901,1859.175
633.02,1826.8416666666665
633.138,1914.8416666666665
633.257,1907.5083333333332
633.375,1920.175
633.494,1912.175
633.612,1880.8416666666665
633.731,1888.5083333333332
633.849,1865.175
633.968,1817.5083333333332
634.086,1846.175
634.204,1861.8416666666665
634.323,1890.8416666666665
634.441,1885.5083333333332
634.559,1875.5083333333332
634.678,1870.5083333333332
634.796,1901.8416666666665
634.914,1844.8416666666665
635.032,1873.5083333333332
635.151,1820.5083333333332
635.269,1848.8416666666665
635.387,1862.8416666666665
635.505,1872.175
635.623,1820.175
635.742,1810.5083333333332
635.86,1868.5083333333332
635.978,1822.8416666666665
636.096,1847.5083333333332
636.214,1849.5083333333332
636.332,1859.8416666666665
636.45,1825.8416666666665
636.568,1904.8416666666665
636.686,1850.5083333333332
636.804,1887.5083333333332
636.922,1845.5083333333332
637.04,1860.175
637.158,1834.5083333333332
637.276,1917.8416666666665
637.394,1913.8416666666665
637.512,1872.8416666666665
637.629,1887.8416666666665
637.747,1858.175
637.865,1814.175
637.983,1823.5083333333332
638.101,1884.5083333333332
638.218,1906.175
638.336,1886.5083333333332
638.454,1839.8416666666665
638.572,1894.8416666666665
638.689,1901.175
638.807,1831.8416666666665
638.925,1857.8416666666665
639.042,1881.8416666666665
639.16,1827.5083333333332
639.278,1876.175
639.395,1863.175
639.513,1835.5083333333332
639.63,1877.175
639.748,1827.8416666666665
639.865,1901.8416666666665
639.983,1883.175
640.1,1860.5083333333332
640.218,1848.8416666666665
640.335,1849.175
640.453,1862.175
640.57,1861.175
640.688,1835.8416666666665
640.805,1869.5083333333332
640.922,1830.5083333333332
641.04,1862.8416666666665
641.157,1815.5083333333332
641.274,1864.8416666666665
641.391,1865.5083333333332
641.509,1893.8416666666665
641.626,1868.175
641.743,1869.175
641.86,1883.175
641.978,1797.5083333333332
642.095,1896.175
642.212,1851.8416666666665
642.329,1846.8416666666665
642.446,1803.175
642.563,1852.8416666666665
642.681,1861.5083333333332
642.798,1845.175
642.915,1896.175
643.032,1890.5083333333332
643.149,1877.8416666666665
643.266,1904.8416666666665
643.383,1866.8416666666665
643.5,1844.8416666666665
643.617,1893.175
643.734,1889.5083333333332
643.85,1843.8416666666665
643.967,1900.175
644.084,1873.8416666666665
644.201,1877.5083333333332
644.318,1885.175
644.435,1895.5083333333332
644.552,1932.8416666666665
644.668,1928.5083333333332
644.785,1954.8416666666665
644.902,1957.5083333333332
645.019,1948.5083333333332
645.135,1999.175
645.252,1936.175
645.369,1952.8416666666665
645.485,2005.5083333333332
645.602,1964.5083333333332
645.719,2012.175
645.835,2005.5083333333332
645.952,1951.175
646.068,2004.5083333333332
646.185,2017.8416666666665
646.302,2020.8416666666665
646.418,1991.175
646.535,2020.5083333333332
646.651,2074.508333333333
646.768,2108.508333333333
646.884,2035.175
647.0,2035.8416666666665
647.117,2068.1749999999997
647.233,2000.175
647.35,2139.508333333333
647.466,2084.8416666666667
647.582,2126.1749999999997
647.699,2075.8416666666667
647.815,2082.1749999999997
647.931,2063.1749999999997
648.047,2161.8416666666667
648.164,2161.1749999999997
648.28,2179.508333333333
648.396,2188.8416666666667
648.512,2148.1749999999997
648.629,2228.508333333333
648.745,2213.1749999999997
648.861,2179.1749999999997
648.977,2246.8416666666667
649.093,2131.508333333333
649.209,2183.1749999999997
649.325,2166.1749999999997
649.441,2183.508333333333
649.557,2202.8416666666667
649.673,2228.508333333333
649.789,2237.8416666666667
649.905,2251.8416666666667
650.021,2269.508333333333
650.137,2270.8416666666667
650.253,2337.8416666666667
650.369,2243.508333333333
650.485,2260.508333333333
650.601,2307.508333333333
650.717,2358.508333333333
650.833,2338.508333333333
650.948,2386.508333333333
651.064,2349.1749999999997
651.18,2347.8416666666667
651.296,2357.8416666666667
651.411,2439.8416666666667
651.527,2401.1749999999997
651.643,2465.1749999999997
651.759,2380.8416666666667
651.874,2464.1749999999997
651.99,2466.1749999999997
652.105,2479.8416666666667
652.221,2505.8416666666667
652.337,2571.1749999999997
652.452,2599.1749999999997
652.568,2647.1749999999997
652.683,2618.508333333333
652.799,2658.8416666666667
652.914,2694.8416666666667
653.03,2669.1749999999997
653.145,2719.1749999999997
653.261,2757.8416666666667
653.376,2772.1749999999997
653.492,2867.1749999999997
653.607,2885.508333333333
653.722,2892.1749999999997
653.838,2995.5083333333337
653.953,3040.841666666667
654.068,3067.5083333333337
654.184,3170.1750000000006
654.299,3193.841666666667
654.414,3314.5083333333337
654.53,3406.5083333333337
654.645,3355.1750000000006
654.76,3475.1750000000006
654.875,3576.5083333333337
654.99,3653.5083333333337
655.106,3820.841666666667
655.221,3852.1750000000006
655.336,3987.841666666667
655.451,4191.175
655.566,4242.175
655.681,4521.841666666667
655.796,4700.508333333334
655.911,4885.841666666667
656.026,5094.841666666667
656.141,5414.508333333334
656.256,5599.508333333334
656.371,5679.175
656.486,5602.175
656.601,5420.175
656.716,5280.175
656.831,5138.508333333334
656.946,4987.841666666667
657.06,4868.508333333334
657.175,4635.508333333334
657.29,4579.508333333334
657.405,4432.841666666667
657.52,4416.508333333334
657.634,4212.508333333334
657.749,4130.508333333334
657.864,4047.1750000000006
657.979,3935.1750000000006
658.093,3836.1750000000006
658.208,3755.5083333333337
658.323,3626.1750000000006
658.437,3632.5083333333337
658.552,3555.1750000000006
658.666,3459.5083333333337
658.781,3470.5083333333337
658.895,3379.841666666667
659.01,3297.1750000000006
659.125,3238.841666666667
659.239,3210.5083333333337
659.353,3157.841666666667
659.468,3123.841666666667
659.582,3085.841666666667
659.697,3065.841666666667
659.811,3005.8416666666667
659.926,2913.1749999999997
660.04,2893.1749999999997
660.154,2859.8416666666667
660.269,2893.8416666666667
660.383,2832.8416666666667
660.497,2814.1749999999997
660.612,2786.508333333333
660.726,2712.508333333333
660.84,2720.508333333333
660.954,2687.8416666666667
661.068,2581.8416666666667
661.183,2584.1749999999997
661.297,2583.508333333333
661.411,2542.1749999999997
661.525,2494.508333333333
661.639,2493.8416666666667
661.753,2425.508333333333
661.867,2420.1749999999997
661.981,2413.8416666666667
662.095,2393.508333333333
662.209,2387.508333333333
662.323,2306.8416666666667
662.437,2224.8416666666667
662.551,2276.8416666666667
662.665,2308.8416666666667
662.779,2209.508333333333
662.893,2181.1749999999997
663.007,2161.1749999999997
663.121,2179.508333333333
663.235,2111.1749999999997
663.349,2171.1749999999997
663.462,2088.8416666666667
663.576,2135.508333333333
663.69,2078.508333333333
663.804,2075.1749999999997
663.917,2041.8416666666665
664.031,2023.175
664.145,2074.508333333333
664.258,1992.175
664.372,2015.175
664.486,2000.8416666666665
664.599,2007.5083333333332
664.713,1986.8416666666665
664.827,1907.8416666666665
664.94,1972.175
665.054,1896.8416666666665
665.167,1892.175
665.281,1901.5083333333332
665.394,1901.8416666666665
665.508,1877.8416666666665
665.621,1918.8416666666665
665.735,1844.8416666666665
665.848,1878.175
665.961,1862.175
666.075,1851.175
666.188,1855.5083333333332
666.301,1825.8416666666665
666.415,1789.175
666.528,1782.175
666.641,1774.175
666.755,1783.8416666666665
666.868,1768.175
666.981,1790.5083333333332
667.094,1705.5083333333332
667.207,1747.8416666666665
667.321,1781.175
667.434,1677.5083333333332
667.547,1762.8416666666665
667.66,1702.5083333333332
667.773,1703.5083333333332
667.886,1682.5083333333332
667.999,1660.5083333333332
668.112,1682.175
668.225,1671.8416666666665
668.338,1610.5083333333332
668.451,1682.8416666666665
668.564,1697.175
668.677,1610.8416666666665
668.79,1641.175
668.903,1627.5083333333332
669.016,1639.5083333333332
669.129,1599.175
669.242,1562.8416666666665
669.354,1605.5083333333332
669.467,1553.8416666666665
669.58,1574.5083333333332
669.693,1552.5083333333332
669.806,1557.5083333333332
669.918,1591.5083333333332
670.031,1565.175
670.144,1542.8416666666665
670.256,1554.8416666666665
670.369,1559.175
670.482,1526.8416666666665
670.594,1594.175
670.707,1484.8416666666665
670.82,1473.5083333333332
670.932,1529.5083333333332
671.045,1494.175
671.157,1503.8416666666665
671.27,1561.8416666666665
671.382,1467.8416666666665
671.495,1504.8416666666665
671.607,1536.8416666666665
671.72,1511.5083333333332
671.832,1531.5083333333332
671.944,1506.8416666666665
672.057,1463.8416666666665
672.169,1475.175
672.281,1484.5083333333332
672.394,1480.5083333333332
672.506,1465.5083333333332
672.618,1440.8416666666665
672.731,1456.175
672.843,1442.8416666666665
672.955,1446.175
673.067,1464.175
673.18,1441.175
673.292,1428.8416666666665
673.404,1425.5083333333332
673.516,1414.175
673.628,1428.5083333333332
673.74,1403.8416666666665
673.852,1397.175
673.964,1420.5083333333332
674.076,1411.175
674.188,1420.5083333333332
674.3,1352.175
674.412,1362.175
674.524,1437.175
674.636,1421.8416666666665
674.748,1412.5083333333332
674.86,1369.5083333333332
674.972,1355.175
675.084,1379.175
675.196,1366.5083333333332
675.307,1386.8416666666665
675.419,1376.8416666666665
675.531,1403.5083333333332
675.643,1365.8416666666665
675.755,1379.5083333333332
675.866,1370.175
675.978,1359.175
676.09,1346.5083333333332
676.201,1311.175
676.313,1383.175
676.425,1368.175
676.536,1347.5083333333332
676.648,1318.175
676.759,1279.8416666666665
676.871,1320.5083333333332
676.983,1333.5083333333332
677.094,1345.8416666666665
677.206,1327.175
677.317,1297.175
677.429,1270.8416666666665
677.54,1306.175
677.651,1326.5083333333332
677.763,1303.175
677.874,1343.8416666666665
677.986,1289.175
678.097,1291.175
678.208,1274.175
678.32,1336.8416666666665
678.431,1276.175
678.542,1295.8416666666665
678.653,1253.8416666666665
678.765,1272.8416666666665
678.876,1301.175
678.987,1326.5083333333332
679.098,1251.175
679.209,1267.175
679.32,1248.5083333333332
679.432,1239.5083333333332
679.543,1262.8416666666665
679.654,1312.8416666666665
679.765,1300.5083333333332
679.876,1247.175
679.987,1320.5083333333332
680.098,1258.8416666666665
680.209,1273.8416666666665
680.32,1285.8416666666665
680.431,1302.175
680.542,1254.8416666666665
680.653,1259.8416666666665
680.763,1281.175
680.874,1275.175
680.985,1229.175
681.096,1250.5083333333332
681.207,1218.8416666666665
681.318,1221.5083333333332
681.428,1252.8416666666665
681.539,1250.5083333333332
681.65,1268.8416666666665
681.76,1240.8416666666665
681.871,1213.8416666666665
681.982,1266.5083333333332
682.093,1222.5083333333332
682.203,1205.8416666666665
682.314,1258.5083333333332
682.424,1208.5083333333332
682.535,1221.8416666666665
682.646,1165.5083333333332
682.756,1239.5083333333332
682.867,1226.8416666666665
682.977,1245.8416666666665
683.088,1174.175
683.198,1217.8416666666665
683.308,1219.175
683.419,1187.5083333333332
683.529,1210.8416666666665
683.64,1229.175
683.75,1215.8416666666665
683.86,1214.5083333333332
683.971,1217.8416666666665
684.081,1205.5083333333332
684.191,1197.5083333333332
684.301,1172.175
684.412,1266.5083333333332
684.522,1193.175
684.632,1246.8416666666665
684.742,1157.5083333333332
684.852,1163.5083333333332
684.963,1156.175
685.073,1167.8416666666665
685.183,1194.5083333333332
685.293,1181.175
685.403,1180.5083333333332
685.513,1232.175
685.623,1159.8416666666665
685.733,1190.8416666666665
685.843,1192.175
685.953,1171.8416666666665
686.063,1183.5083333333332
686.173,1185.175
686.283,1172.5083333333332
686.393,1157.5083333333332
686.503,1209.8416666666665
686.612,1173.8416666666665
686.722,1197.8416666666665
686.832,1153.175
686.942,1203.175
687.052,1108.8416666666665
687.161,1139.8416666666665
687.271,1174.5083333333332
687.381,1147.5083333333332
687.491,1133.175
687.6,1174.5083333333332
687.71,1133.8416666666665
687.82,1177.5083333333332
687.929,1157.8416666666665
688.039,1158.175
688.148,1149.8416666666665
688.258,1116.175
688.367,1128.175
688.477,1189.5083333333332
688.586,1185.175
688.696,1181.5083333333332
688.805,1132.175
688.915,1188.175
689.024,1130.8416666666665
689.134,1114.5083333333332
689.243,1146.8416666666665
689.352,1114.175
689.462,1113.8416666666665
689.571,1110.175
689.68,1111.5083333333332
689.79,1184.175
689.899,1139.5083333333332
690.008,1120.8416666666665
690.117,1122.5083333333332
690.227,1123.175
690.336,1120.175
690.445,1119.8416666666665
690.554,1123.8416666666665
690.663,1158.5083333333332
690.772,1132.8416666666665
690.881,1135.8416666666665
690.99,1112.5083333333332
691.099,1160.175
691.209,1124.8416666666665
691.318,1140.5083333333332
691.427,1110.8416666666665
691.536,1132.5083333333332
691.644,1168.8416666666665
691.753,1096.175
691.862,1077.5083333333332
691.971,1187.5083333333332
692.08,1102.175
692.189,1155.8416666666665
692.298,1139.5083333333332
692.406,1098.8416666666665
692.515,1110.5083333333332
692.624,1085.175
692.733,1096.175
692.842,1104.175
692.95,1084.175
693.059,1128.5083333333332
693.168,1107.8416666666665
693.276,1147.5083333333332
693.385,1096.8416666666665
693.494,1067.5083333333332
693.602,1117.8416666666665
693.711,1112.8416666666665
693.819,1109.5083333333332
693.928,1097.175
694.036,1129.8416666666665
694.145,1130.8416666666665
694.253,1061.8416666666665
694.362,1090.8416666666665
694.47,1106.175
694.579,1065.175
694.687,1096.8416666666665
694.795,1124.8416666666665
694.904,1106.175
695.012,1026.5083333333332
695.12,1080.175
695.229,1063.8416666666665
695.337,1089.175
695.445,1116.5083333333332
695.553,1087.8416666666665
695.662,1113.5083333333332
695.77,1107.8416666666665
695.878,1119.8416666666665
695.986,1096.5083333333332
696.094,1096.8416666666665
696.202,1095.5083333333332
696.31,1113.5083333333332
696.419,1097.175
696.527,1055.5083333333332
696.635,1120.175
696.743,1072.5083333333332
696.851,1091.5083333333332
696.959,1068.175
697.067,1072.8416666666665
697.174,1086.8416666666665
697.282,1047.8416666666665
697.39,1046.5083333333332
697.498,1084.8416666666665
697.606,1044.5083333333332
697.714,1089.5083333333332
697.822,1077.175
697.929,1068.8416666666665
698.037,1070.5083333333332
698.145,1066.175
698.253,1115.5083333333332
698.36,1047.8416666666665
698.468,1057.8416666666665
698.576,1058.5083333333332
698.683,1074.5083333333332
698.791,1049.8416666666665
698.899,1115.5083333333332
699.006,1098.8416666666665
699.114,1070.175
699.221,1087.5083333333332
699.329,1042.175
699.436,1129.175
699.544,1068.8416666666665
699.651,1133.8416666666665
699.759,1061.175
699.866,1048.8416666666665
699.974,1034.175
700.081,1088.5083333333332
700.188,1073.175
700.296,1114.5083333333332
700.403,1063.8416666666665
700.51,1032.5083333333332
700.618,1012.1749999999998
700.725,1060.8416666666665
700.832,1077.175
700.94,1046.5083333333332
701.047,1037.5083333333332
701.154,1041.5083333333332
701.261,1051.175
701.368,1015.1749999999998
701.475,1047.8416666666665
701.582,1062.175
701.69,1046.8416666666665
701.797,1055.175
701.904,1024.175
702.011,1073.8416666666665
702.118,1058.175
702.225,1009.5083333333332
702.332,1020.5083333333332
702.439,1021.5083333333332
702.546,1048.5083333333332
702.652,1040.5083333333332
702.759,1040.8416666666665
702.866,1028.175
702.973,1089.175
703.08,1063.175
703.187,1016.1749999999998
703.294,1078.5083333333332
703.4,941.5083333333332
694.693,1866.9833333333333
694.893,2032.3166666666666
695.093,2064.65
695.293,2076.3166666666666
695.492,2189.983333333333
695.692,2148.983333333333
695.891,2113.65
696.091,2088.65
696.291,2165.65
696.49,2155.983333333333
696.69,2214.983333333333
696.889,2167.65
697.089,2136.983333333333
697.288,2138.983333333333
697.488,2195.65
697.687,2189.3166666666666
697.887,2209.3166666666666
698.086,2180.65
698.286,2181.983333333333
698.485,2160.65
698.684,2282.983333333333
698.884,2192.983333333333
699.083,2152.983333333333
699.282,2237.65
699.482,2198.65
699.681,2285.65
699.88,2276.65
700.08,2257.983333333333
700.279,2210.3166666666666
700.478,2224.983333333333
700.677,2288.3166666666666
700.877,2218.65
701.076,2249.983333333333
701.275,2203.65
701.474,2191.983333333333
701.673,2254.3166666666666
701.872,2274.983333333333
702.071,2311.3166666666666
702.271,2251.3166666666666
702.47,2299.983333333333
702.669,2281.65
702.868,2252.983333333333
703.067,2277.3166666666666
703.266,2333.3166666666666
703.465,2295.983333333333
703.664,2265.65
703.863,2303.3166666666666
704.062,2324.983333333333
704.26,2297.983333333333
704.459,2356.3166666666666
704.658,2314.983333333333
704.857,2362.65
705.056,2330.65
705.255,2344.65
705.454,2333.983333333333
705.652,2311.65
705.851,2352.983333333333
706.05,2246.65
706.249,2303.65
706.447,2437.65
706.646,2365.3166666666666
706.845,2375.3166666666666
707.043,2381.3166666666666
707.242,2331.983333333333
707.441,2364.983333333333
707.639,2398.65
707.838,2422.65
708.037,2374.65
708.235,2364.3166666666666
708.434,2385.983333333333
708.632,2437.983333333333
708.831,2429.3166666666666
709.029,2354.3166666666666
709.228,2358.983333333333
709.426,2413.983333333333
709.625,2414.65
709.823,2436.3166666666666
710.022,2468.65
710.22,2451.3166666666666
710.418,2466.3166666666666
710.617,2482.3166666666666
710.815,2509.65
711.013,2532.3166666666666
711.212,2452.65
711.41,2471.983333333333
711.608,2455.65
711.807,2466.65
712.005,2502.983333333333
712.203,2496.983333333333
712.401,2497.983333333333
712.599,2559.983333333333
712.798,2499.65
712.996,2490.983333333333
713.194,2511.3166666666666
713.392,2537.3166666666666
713.59,2535.983333333333
713.788,2540.3166666666666
713.986,2612.65
714.184,2612.983333333333
714.382,2657.65
714.58,2618.3166666666666
714.778,2676.983333333333
714.976,2681.983333333333
715.174,2626.65
715.372,2804.9833333333336
715.57,2849.9833333333336
715.768,3048.65
715.966,3036.9833333333336
716.164,3006.316666666667
716.362,2998.65
716.56,2950.9833333333336
716.758,2914.9833333333336
716.955,2902.65
717.153,2880.9833333333336
717.351,2866.65
717.549,2786.316666666667
717.746,2864.65
717.944,2840.65
718.142,2785.9833333333336
718.34,2801.65
718.537,2745.9833333333336
718.735,2768.316666666667
718.933,2823.316666666667
719.13,2837.65
719.328,2808.65
719.525,2784.65
719.723,2768.9833333333336
719.92,2792.316666666667
720.118,2804.316666666667
720.316,2744.316666666667
720.513,2805.316666666667
720.711,2786.316666666667
720.908,2774.9833333333336
721.105,2794.9833333333336
721.303,2753.65
721.5,2795.65
721.698,2831.316666666667
721.895,2814.65
722.092,2767.316666666667
722.29,2779.65
722.487,2722.65
722.684,2789.316666666667
722.882,2808.316666666667
723.079,2781.316666666667
723.276,2803.9833333333336
723.473,2814.65
723.671,2857.9833333333336
723.868,2796.9833333333336
724.065,2813.65
724.262,2802.65
724.459,2827.316666666667
724.656,2884.316666666667
724.854,2857.316666666667
725.051,2840.9833333333336
725.248,2879.65
725.445,2874.65
725.642,2874.9833333333336
725.839,2901.65
726.036,2839.316666666667
726.233,2855.316666666667
726.43,2827.316666666667
726.627,2902.65
726.824,2928.9833333333336
727.021,2864.316666666667
727.218,2870.316666666667
727.414,2826.316666666667
727.611,2856.316666666667
727.808,2873.9833333333336
728.005,2910.9833333333336
728.202,2923.9833333333336
728.399,2905.9833333333336
728.595,2872.9833333333336
728.792,2880.65
728.989,2917.65
729.186,2922.9833333333336
729.382,2951.9833333333336
729.579,2892.316666666667
729.776,2950.316666666667
729.972,2932.316666666667
730.169,2928.9833333333336
730.366,2914.9833333333336
730.562,2959.9833333333336
730.759,2931.9833333333336
730.955,2942.9833333333336
731.152,2880.65
731.348,2935.316666666667
731.545,2958.65
731.741,3016.9833333333336
731.938,2982.9833333333336
732.134,2945.316666666667
732.331,2964.316666666667
732.527,2995.316666666667
732.724,2960.316666666667
732.92,2962.9833333333336
733.116,2942.316666666667
733.313,2962.65
733.509,3038.9833333333336
733.705,2918.9833333333336
733.902,2975.65
734.098,3015.65
734.294,2993.316666666667
734.49,3080.316666666667
734.687,3086.9833333333336
734.883,3041.9833333333336
735.079,3033.316666666667
735.275,2999.65
735.471,2998.9833333333336
735.667,3022.9833333333336
735.863,3033.316666666667
736.06,3080.65
736.256,3073.316666666667
736.452,3088.9833333333336
736.648,3052.316666666667
736.844,3054.65
737.04,3085.316666666667
737.236,3080.9833333333336
737.432,3158.65
737.628,3097.316666666667
737.824,3150.9833333333336
738.019,3132.316666666667
738.215,3135.9833333333336
738.411,3122.316666666667
738.607,3122.65
738.803,3119.65
738.999,3211.65
739.195,3252.9833333333336
739.39,3225.9833333333336
739.586,3167.65
739.782,3223.316666666667
739.978,3208.65
740.173,3239.316666666667
740.369,3241.316666666667
740.565,3272.65
740.76,3257.316666666667
740.956,3227.9833333333336
741.152,3325.65
741.347,3340.65
741.543,3345.65
741.738,3410.9833333333336
741.934,3474.316666666667
742.129,3684.9833333333336
742.325,4067.316666666667
742.52,4413.650000000001
742.716,4178.983333333334
742.911,4043.316666666667
743.107,4040.65
743.302,3972.316666666667
743.498,3966.65
743.693,3989.316666666667
743.888,4164.983333333334
744.084,4684.650000000001
744.279,5579.650000000001
744.474,5589.316666666667
744.67,5145.650000000001
744.865,4776.983333333334
745.06,4515.650000000001
745.255,4434.316666666667
745.451,4281.983333333334
745.646,4288.983333333334
745.841,4255.983333333334
746.036,4296.983333333334
746.231,4365.316666666667
746.426,4576.983333333334
746.622,5163.316666666667
746.817,6452.316666666667
747.012,7214.983333333334
747.207,6544.983333333334
747.402,5963.316666666667
747.597,5518.316666666667
747.792,5276.983333333334
747.987,5024.983333333334
748.182,5000.316666666667
748.377,4720.983333333334
748.572,4550.650000000001
748.767,4398.650000000001
748.961,4266.650000000001
749.156,4214.316666666667
749.351,4127.316666666667
749.546,4067.65
749.741,3947.316666666667
749.936,3959.65
750.13,3882.65
750.325,3785.9833333333336
750.52,3759.316666666667
750.715,3761.9833333333336
750.909,3725.9833333333336
751.104,3764.65
751.299,3646.316666666667
751.493,3672.65
751.688,3634.65
751.882,3582.316666666667
752.077,3619.65
752.272,3619.9833333333336
752.466,3556.316666666667
752.661,3540.316666666667
752.855,3505.9833333333336
753.05,3517.316666666667
753.244,3472.65
753.439,3512.65
753.633,3502.316666666667
753.828,3413.9833333333336
754.022,3453.9833333333336
754.216,3411.316666666667
754.411,3439.316666666667
754.605,3432.9833333333336
754.799,3387.316666666667
754.994,3397.65
755.188,3363.65
755.382,3398.9833333333336
755.576,3375.9833333333336
755.771,3396.9833333333336
755.965,3389.65
756.159,3433.65
756.353,3377.9833333333336
756.547,3350.316666666667
756.742,3378.9833333333336
756.936,3363.65
757.13,3394.9833333333336
757.324,3449.316666666667
757.518,3332.65
757.712,3397.65
757.906,3373.9833333333336
758.1,3346.9833333333336
758.294,3370.316666666667
758.488,3303.9833333333336
758.682,3332.9833333333336
758.876,3315.316666666667
759.07,3272.9833333333336
759.264,3325.316666666667
759.458,3286.316666666667
759.651,3375.316666666667
759.845,3267.9833333333336
760.039,3330.316666666667
760.233,3340.9833333333336
760.427,3319.9833333333336
760.62,3348.65
760.814,3364.9833333333336
761.008,3333.65
761.202,3335.316666666667
761.395,3323.65
761.589,3390.65
761.783,3407.316666666667
761.976,3346.9833333333336
762.17,3433.65
762.363,3349.9833333333336
762.557,3425.65
762.75,3414.316666666667
762.944,3430.316666666667
763.138,3370.65
763.331,3382.65
763.524,3405.316666666667
763.718,3429.9833333333336
763.911,3412.65
764.105,3430.9833333333336
764.298,3451.65
764.492,3405.316666666667
764.685,3432.9833333333336
764.878,3359.316666666667
765.072,3418.9833333333336
765.265,3421.316666666667
765.458,3340.9833333333336
765.651,3422.9833333333336
765.845,3477.9833333333336
766.038,3466.9833333333336
766.231,3948.9833333333336
766.424,5641.983333333334
766.617,5899.650000000001
766.811,3792.9833333333336
767.004,3532.316666666667
767.197,3488.65
767.39,3454.65
767.583,3391.316666666667
767.776,3506.65
767.969,3461.65
768.162,3557.65
768.355,3568.65
768.548,3523.316666666667
768.741,3532.9833333333336
768.934,3590.9833333333336
769.127,3614.65
769.32,3596.65
769.513,3665.316666666667
769.706,4175.316666666667
769.898,5679.650000000001
770.091,4558.983333333334
770.284,3776.316666666667
770.477,3708.9833333333336
770.67,3718.316666666667
770.862,3763.65
771.055,3774.9833333333336
771.248,3817.9833333333336
771.441,3815.9833333333336
771.633,3817.9833333333336
771.826,3868.65
772.018,3889.65
772.211,3912.65
772.404,3982.65
772.596,3990.316666666667
772.789,3929.9833333333336
772.981,4081.65
773.174,4091.9833333333336
773.366,4166.316666666667
773.559,4156.650000000001
773.751,4214.650000000001
773.944,4321.650000000001
774.136,4376.650000000001
774.329,4547.316666666667
774.521,4605.983333333334
774.713,4707.650000000001
774.906,4832.983333333334
775.098,5029.650000000001
775.29,5214.983333333334
775.483,5505.316666666667
775.675,5851.983333333334
775.867,6167.983333333334
776.059,6646.983333333334
776.251,7239.983333333334
776.444,8146.316666666667
776.636,9291.65
776.828,11532.983333333332
777.02,15917.650333333333
777.212,23681.983999999997
777.404,26609.31733333333
777.596,24545.983999999997
777.788,18333.317333333332
777.98,14247.650333333333
778.172,11749.65
778.364,10139.65
778.556,8962.983333333334
778.748,8133.316666666667
778.94,7374.650000000001
779.132,6880.650000000001
779.324,6401.983333333334
779.516,6021.650000000001
779.708,5831.983333333334
779.9,5490.650000000001
780.091,5241.983333333334
780.283,5021.983333333334
780.475,4882.316666666667
780.667,4794.650000000001
780.859,4632.316666666667
781.05,4461.316666666667
781.242,4409.650000000001
781.434,4375.316666666667
781.625,4303.316666666667
781.817,4176.650000000001
782.008,4076.9833333333336
782.2,4083.316666666667
782.392,4051.316666666667
782.583,3949.316666666667
782.775,3968.316666666667
782.966,3783.9833333333336
783.158,3769.316666666667
783.349,3762.65
783.541,3770.9833333333336
783.732,3711.9833333333336
783.924,3733.65
784.115,3631.65
784.306,3686.65
784.498,3624.316666666667
784.689,3589.9833333333336
784.88,3565.65
785.072,3487.9833333333336
785.263,3488.65
785.454,3550.65
785.645,3403.9833333333336
785.837,3526.316666666667
786.028,3511.316666666667
786.219,3448.65
786.41,3441.65
786.601,3427.65
786.792,3407.316666666667
786.984,3479.9833333333336
787.175,3435.65
787.366,3514.9833333333336
787.557,3447.316666666667
787.748,3385.9833333333336
787.939,3441.65
788.13,3473.9833333333336
788.321,3456.9833333333336
788.512,3477.65
788.703,3523.65
788.894,3525.9833333333336
789.084,3504.65
789.275,3544.65
789.466,3525.65
789.657,3528.65
789.848,3562.316666666667
790.039,3571.316666666667
790.229,3542.9833333333336
790.42,3530.9833333333336
790.611,3532.9833333333336
790.801,3649.9833333333336
790.992,3534.316666666667
791.183,3502.65
791.373,3570.9833333333336
791.564,3588.65
791.755,3548.316666666667
791.945,3526.65
792.136,3524.9833333333336
792.326,3524.9833333333336
792.517,3541.316666666667
792.707,3572.9833333333336
792.898,3568.65
793.088,3618.65
793.279,3637.316666666667
793.469,3683.316666666667
793.66,3625.316666666667
793.85,3765.65
794.04,3893.9833333333336
794.231,4034.65
794.421,4221.316666666667
794.611,4708.983333333334
794.802,5270.650000000001
794.992,5546.650000000001
795.182,5631.650000000001
795.372,5230.650000000001
795.563,4988.650000000001
795.753,4573.316666666667
795.943,4271.983333333334
796.133,4148.650000000001
796.323,3977.9833333333336
796.513,3882.316666666667
796.703,3817.65
796.893,3733.65
797.083,3732.65
797.273,3632.316666666667
797.463,3559.316666666667
797.653,3518.316666666667
797.843,3454.9833333333336
798.033,3373.316666666667
798.223,3332.9833333333336
798.413,3311.65
798.603,3209.316666666667
798.793,3265.9833333333336
798.983,3144.9833333333336
799.172,3140.9833333333336
799.362,3175.65
799.552,3160.316666666667
799.742,3103.65
799.932,3035.316666666667
800.121,3041.65
800.311,2939.65
800.501,3009.65
800.69,2951.9833333333336
800.88,2952.65
801.07,2951.9833333333336
801.259,2998.65
801.449,2990.9833333333336
801.638,2943.9833333333336
801.828,2948.65
802.017,2858.316666666667
802.207,2865.65
802.396,2876.9833333333336
802.586,2828.316666666667
802.775,2910.9833333333336
802.965,2861.9833333333336
803.154,2863.65
803.343,2801.316666666667
803.533,2841.316666666667
803.722,2799.65
803.911,2778.316666666667
804.101,2786.65
804.29,2732.9833333333336
804.479,2796.316666666667
804.668,2719.983333333333
804.857,2822.65
805.047,2802.65
805.236,2784.65
805.425,2748.9833333333336
805.614,2737.9833333333336
805.803,2797.65
805.992,2721.65
806.181,2750.316666666667
806.37,2722.65
806.559,2744.65
806.748,2708.3166666666666
806.937,2695.65
807.126,2730.65
807.315,2745.65
807.504,2691.983333333333
807.693,2626.3166666666666
807.882,2753.65
808.071,2741.9833333333336
808.26,2642.983333333333
808.448,2665.65
808.637,2636.983333333333
808.826,2653.65
809.015,2687.983333333333
809.203,2649.983333333333
809.392,2688.983333333333
809.581,2633.3166666666666
809.77,2674.983333333333
809.958,2631.3166666666666
810.147,2668.3166666666666
810.335,2754.65
810.524,2744.65
810.713,2695.3166666666666
810.901,2716.983333333333
811.09,2747.316666666667
811.278,2696.3166666666666
811.467,2784.316666666667
811.655,2856.65
811.844,2740.65
812.032,2757.65
812.22,2743.65
812.409,2716.3166666666666
812.597,2705.65
812.785,2731.316666666667
812.974,2722.3166666666666
813.162,2724.65
813.35,2775.316666666667
813.539,2737.65
813.727,2721.65
813.915,2711.983333333333
814.103,2693.3166666666666
814.291,2716.65
814.479,2739.316666666667
814.668,2788.316666666667
814.856,2819.9833333333336
815.044,2749.9833333333336
815.232,2772.316666666667
815.42,2887.316666666667
815.608,2854.316666666667
815.796,2829.65
815.984,2823.9833333333336
816.172,2864.9833333333336
816.36,2897.316666666667
816.548,2882.65
816.736,2991.65
816.924,3071.316666666667
817.111,3024.316666666667
817.299,3159.9833333333336
817.487,3135.65
817.675,3314.9833333333336
817.863,3412.65
818.05,3796.316666666667
818.238,4852.650000000001
818.426,6327.316666666667
818.613,6294.983333333334
818.801,6309.983333333334
818.989,6244.316666666667
819.176,5613.650000000001
819.364,6010.983333333334
819.552,7132.983333333334
819.739,5467.316666666667
819.927,4860.983333333334
820.114,4761.650000000001
820.302,4591.650000000001
820.489,4488.650000000001
820.677,4495.650000000001
820.864,4604.983333333334
821.052,5230.983333333334
821.239,5731.983333333334
821.426,6345.316666666667
821.614,8213.316666666668
821.801,9104.983333333334
821.988,7972.316666666667
822.176,7617.650000000001
822.363,7926.650000000001
822.55,7309.650000000001
822.737,6468.983333333334
822.924,6080.983333333334
823.112,5659.983333333334
823.299,5298.316666666667
823.486,5096.650000000001
823.673,4863.650000000001
823.86,4738.650000000001
824.047,4802.983333333334
824.234,5359.650000000001
824.421,5533.316666666667
824.608,4872.650000000001
824.795,4406.316666666667
824.982,4196.983333333334
825.169,3958.65
825.356,3769.9833333333336
825.543,3587.316666666667
825.73,3485.316666666667
825.917,3350.65
826.104,3280.65
826.29,3101.9833333333336
826.477,3065.316666666667
826.664,3066.316666666667
826.851,2972.316666666667
827.038,2955.316666666667
827.224,2874.65
827.411,2803.65
827.598,2785.316666666667
827.784,2782.65
827.971,2771.316666666667
828.157,2667.3166666666666
828.344,2592.983333333333
828.531,2662.3166666666666
828.717,2585.983333333333
828.904,2535.65
829.09,2546.65
829.277,2481.65
829.463,2551.3166666666666
829.65,2491.983333333333
829.836,2466.3166666666666
830.022,2502.3166666666666
830.209,2490.983333333333
830.395,2414.3166666666666
830.581,2381.65
830.768,2353.3166666666666
830.954,2386.65
831.14,2399.65
831.327,2374.65
831.513,2348.3166666666666
831.699,2264.3166666666666
831.885,2333.65
832.071,2265.3166666666666
832.257,2300.983333333333
832.444,2249.983333333333
832.63,2307.3166666666666
832.816,2295.65
833.002,2186.3166666666666
833.188,2229.983333333333
833.374,2276.65
833.56,2196.65
833.746,2202.983333333333
833.932,2170.3166666666666
834.118,2211.3166666666666
834.303,2193.3166666666666
834.489,2190.983333333333
834.675,2147.65
834.861,2150.65
835.047,2180.65
835.233,2184.3166666666666
835.418,2232.3166666666666
835.604,2149.3166666666666
835.79,2132.3166666666666
835.976,2172.65
836.161,2147.983333333333
836.347,2109.65
836.533,2125.983333333333
836.718,2139.65
836.904,2115.65
837.089,2121.3166666666666
837.275,2142.983333333333
837.46,2095.3166666666666
837.646,2179.983333333333
837.831,2128.65
838.017,2181.983333333333
838.202,2135.65
838.388,2181.983333333333
838.573,2120.3166666666666
838.759,2169.983333333333
838.944,2097.65
839.129,2211.3166666666666
839.315,2128.3166666666666
839.5,2136.65
839.685,2192.3166666666666
839.87,2083.65
840.056,2186.65
840.241,2130.3166666666666
840.426,2168.3166666666666
840.611,2199.65
840.796,2248.65
840.981,2233.65
841.166,2260.3166666666666
841.352,2242.3166666666666
841.537,2261.3166666666666
841.722,2295.65
841.907,2357.3166666666666
842.092,2335.65
842.277,2401.3166666666666
842.461,2454.3166666666666
842.646,2462.65
842.831,2542.65
843.016,2554.65
843.201,2665.3166666666666
843.386,2721.3166666666666
843.571,2874.65
843.755,2993.9833333333336
843.94,3236.9833333333336
844.125,3574.316666666667
844.31,4116.316666666667
844.494,5330.316666666667
844.679,7434.650000000001
844.864,7117.983333333334
845.048,5934.316666666667
845.233,4922.316666666667
845.418,4372.650000000001
845.602,3892.65
845.787,3632.9833333333336
845.971,3381.9833333333336
846.156,3144.65
846.34,2988.65
846.525,2852.65
846.709,2785.316666666667
846.893,2673.65
847.078,2558.65
847.262,2511.65
847.447,2506.3166666666666
847.631,2412.983333333333
847.815,2310.3166666666666
848.0,2313.3166666666666
848.184,2256.65
848.368,2231.3166666666666
848.552,2257.65
848.736,2203.3166666666666
848.921,2225.3166666666666
849.105,2157.65
849.289,2133.983333333333
849.473,2059.65
849.657,2106.65
849.841,2055.65
850.025,2052.983333333333
850.209,2032.3166666666666
850.393,2011.3166666666666
850.577,2035.6499999999999
850.761,1983.6500000000003
850.945,1985.9833333333336
851.129,2018.3166666666666
851.313,1940.6499999999999
851.497,1992.3166666666666
851.68,1983.9833333333336
851.864,1928.9833333333333
852.048,1999.3166666666666
852.232,1949.9833333333336
852.416,1977.3166666666666
852.599,1943.3166666666668
852.783,1920.9833333333333
852.967,1947.6500000000003
853.15,1998.3166666666666
853.334,1930.3166666666666
853.518,1949.9833333333333
853.701,1890.6499999999999
853.885,1927.9833333333333
854.068,1886.9833333333333
854.252,1939.9833333333333
854.435,1942.6499999999999
854.619,1903.6499999999999
854.802,1927.6499999999999
854.986,1886.3166666666666
855.169,1939.6499999999999
855.353,1927.3166666666666
855.536,1931.3166666666666
855.719,1903.3166666666666
855.903,1927.9833333333333
856.086,1953.9833333333333
856.269,1976.9833333333333
856.452,1999.3166666666666
856.636,2049.65
856.819,2200.65
857.002,2237.3166666666666
857.185,2193.3166666666666
857.368,2114.983333333333
857.552,2085.983333333333
857.735,2048.65
857.918,2087.983333333333
858.101,2036.6499999999999
858.284,2072.3166666666666
858.467,2073.65
858.65,2115.65
858.833,2177.983333333333
859.016,2162.65
859.199,2264.3166666666666
859.382,2444.65
859.564,2643.3166666666666
859.747,2611.983333333333
859.93,2459.65
860.113,2358.983333333333
860.296,2324.65
860.478,2332.983333333333
860.661,2263.3166666666666
860.844,2227.3166666666666
861.027,2207.65
861.209,2221.3166666666666
861.392,2221.3166666666666
861.575,2233.65
861.757,2286.983333333333
861.94,2260.65
862.122,2421.65
862.305,2405.983333333333
862.487,2495.983333333333
862.67,2625.983333333333
862.852,3069.9833333333336
863.035,3546.65
863.217,3417.65
863.4,3234.9833333333336
863.582,3132.316666666667
863.764,2873.9833333333336
863.947,2800.65
864.129,2739.316666666667
864.311,2720.3166666666666
864.493,2632.983333333333
864.676,2624.65
864.858,2656.3166666666666
865.04,2612.983333333333
865.222,2660.983333333333
865.404,2694.3166666666666
865.587,2781.65
865.769,2816.65
865.951,2782.316666666667
866.133,2870.316666666667
866.315,2881.316666666667
866.497,2915.65
866.679,2949.9833333333336
866.861,3034.9833333333336
867.043,3178.316666666667
867.225,3358.65
867.407,3597.316666666667
867.589,4112.650000000001
867.77,4861.316666666667
867.952,6575.316666666667
868.134,8445.316666666668
868.316,8381.983333333334
868.498,8155.316666666667
868.679,7196.983333333334
868.861,6036.983333333334
869.043,5203.650000000001
869.224,4613.316666666667
869.406,4213.650000000001
869.588,3940.316666666667
869.769,3769.316666666667
869.951,3700.9833333333336
870.132,3692.316666666667
870.314,3997.65
870.495,4204.983333333334
870.677,3853.316666666667
870.858,3683.9833333333336
871.04,3871.65
871.221,4214.316666666667
871.403,4085.316666666667
871.584,3827.9833333333336
871.765,3929.65
871.947,4143.650000000001
872.128,3668.316666666667
872.309,3314.316666666667
872.491,3109.65
872.672,2877.316666666667
872.853,2843.316666666667
873.034,2727.3166666666666
873.215,2635.983333333333
873.396,2501.65
873.578,2449.65
873.759,2396.983333333333
873.94,2222.983333333333
874.121,2179.65
874.302,2204.65
874.483,2198.983333333333
874.664,2202.65
874.845,2169.983333333333
875.026,2140.983333333333
875.207,2059.3166666666666
875.388,2065.65
875.568,1997.9833333333336
875.749,1958.9833333333333
875.93,1897.9833333333333
876.111,1947.3166666666668
876.292,1912.3166666666666
876.472,1915.6499999999999
876.653,1933.9833333333333
876.834,1855.9833333333333
877.015,1839.3166666666666
877.195,1849.6499999999999
877.376,1836.6499999999999
877.556,1841.3166666666666
877.737,1805.3166666666666
877.918,1810.3166666666666
878.098,1768.3166666666666
878.279,1787.3166666666666
878.459,1762.3166666666666
878.64,1777.9833333333333
878.82,1759.6499999999999
879.0,1742.3166666666666
879.181,1749.6499999999999
879.361,1749.3166666666666
879.542,1733.9833333333333
879.722,1806.6499999999999
879.902,1775.9833333333333
880.083,1816.3166666666666
880.263,1795.6499999999999
880.443,1813.9833333333333
880.623,2178.983333333333
880.803,2376.65
880.984,2033.9833333333333
881.164,1912.6499999999999
881.344,1885.6499999999999
881.524,1859.6499999999999
881.704,1903.9833333333333
881.884,1931.9833333333333
882.064,2033.3166666666666
882.244,2045.6499999999999
882.424,2004.9833333333333
882.604,1897.9833333333333
882.784,1916.6499999999999
882.964,1841.6499999999999
883.144,1798.6499999999999
883.324,1772.6499999999999
883.504,1733.3166666666666
883.683,1708.6499999999999
883.863,1752.9833333333333
884.043,1728.6499999999999
884.223,1715.9833333333333
884.402,1698.3166666666666
884.582,1643.6499999999999
884.762,1707.3166666666666
884.941,1600.3166666666666
885.121,1617.3166666666666
885.301,1669.3166666666666
885.48,1653.3166666666666
885.66,1656.9833333333333
885.839,1687.3166666666666
886.019,1659.3166666666666
886.198,1643.3166666666666
886.378,1611.3166666666666
886.557,1610.3166666666666
886.737,1589.3166666666666
886.916,1592.9833333333333
887.095,1671.6499999999999
887.275,1650.9833333333333
887.454,1591.9833333333333
887.633,1596.9833333333333
887.813,1617.3166666666666
887.992,1588.3166666666666
888.171,1580.9833333333333
888.35,1592.3166666666666
888.53,1587.3166666666666
888.709,1532.3166666666666
888.888,1574.9833333333333
889.067,1561.9833333333333
889.246,1596.3166666666666
889.425,1562.6499999999999
889.604,1595.3166666666666
889.783,1580.9833333333333
889.962,1632.9833333333333
890.141,1595.9833333333333
890.32,1548.9833333333333
890.499,1534.6499999999999
890.678,1603.6499999999999
890.857,1581.9833333333333
891.036,1574.3166666666666
891.214,1571.9833333333333
891.393,1523.3166666666666
891.572,1586.3166666666666
891.751,1606.6499999999999
891.93,1598.6499999999999
892.108,1540.3166666666666
892.287,1552.6499999999999
892.466,1573.9833333333333
892.644,1577.6499999999999
892.823,1520.3166666666666
893.001,1538.3166666666666
893.18,1527.6499999999999
893.359,1576.6499999999999
893.537,1571.6499999999999
893.716,1573.6499999999999
893.894,1600.6499999999999
894.073,1527.6499999999999
894.251,1575.6499999999999
894.429,1594.6499999999999
894.608,1596.6499999999999
894.786,1603.9833333333333
894.964,1567.9833333333333
895.143,1564.6499999999999
895.321,1540.3166666666666
895.499,1550.3166666666666
895.677,1575.6499999999999
895.856,1590.9833333333333
896.034,1603.6499999999999
896.212,1598.9833333333333
896.39,1607.6499999999999
896.568,1610.9833333333333
896.746,1659.3166666666666
896.924,1569.3166666666666
897.102,1606.9833333333333
897.28,1625.9833333333333
897.458,1588.3166666666666
897.636,1577.6499999999999
897.814,1606.9833333333333
897.992,1619.6499999999999
898.17,1594.9833333333333
898.348,1544.9833333333333
898.526,1593.3166666666666
898.704,1569.3166666666666
898.882,1582.9833333333333
899.059,1640.3166666666666
899.237,1593.3166666666666
899.415,1625.3166666666666
899.593,1601.9833333333333
899.77,1608.9833333333333
899.948,1664.9833333333333
900.125,1624.3166666666666
900.303,1637.6499999999999
900.481,1608.9833333333333
900.658,1628.6499999999999
900.836,1669.3166666666666
901.013,1721.6499999999999
901.191,1704.3166666666666
901.368,1687.3166666666666
901.546,1710.3166666666666
901.723,1764.6499999999999
901.901,1813.6499999999999
902.078,1872.9833333333333
902.255,1824.3166666666666
902.433,1807.3166666666666
902.61,1857.3166666666666
902.787,1849.6499999999999
902.964,1863.9833333333333
903.142,1938.9833333333333
903.319,1903.9833333333333
903.496,1980.6499999999999
903.673,1996.6499999999999
903.85,1982.6500000000003
904.027,2061.3166666666666
904.204,2110.3166666666666
904.381,2270.983333333333
904.558,2549.983333333333
904.735,2729.983333333333
904.912,2802.9833333333336
905.089,2833.316666666667
905.266,2709.65
905.443,2532.983333333333
905.62,2392.65
905.797,2272.65
905.974,2234.983333333333
906.151,2221.983333333333
906.327,2213.3166666666666
906.504,2147.983333333333
906.681,2096.983333333333
906.858,2072.3166666666666
907.034,2027.9833333333333
907.211,2003.3166666666668
907.388,1974.9833333333333
907.564,1939.3166666666666
907.741,1913.6499999999999
907.917,1914.9833333333333
908.094,1857.9833333333333
908.271,1883.3166666666666
908.447,1800.3166666666666
908.623,1803.9833333333333
908.8,1812.9833333333333
908.976,1793.6499999999999
909.153,1790.6499999999999
909.329,1770.9833333333333
909.505,1744.9833333333333
909.682,1757.3166666666666
909.858,1767.6499999999999
910.034,1714.9833333333333
910.211,1711.6499999999999
910.387,1731.3166666666666
910.563,1705.3166666666666
910.739,1726.6499999999999
910.915,1664.3166666666666
911.091,1681.9833333333333
911.268,1679.6499999999999
911.444,1730.3166666666666
911.62,1685.9833333333333
911.796,1668.9833333333333
911.972,1720.3166666666666
912.148,1712.6499999999999
912.324,1714.9833333333333
912.5,1710.9833333333333
912.676,1674.6499999999999
912.851,1660.3166666666666
913.027,1714.9833333333333
913.203,1705.6499999999999
913.379,1628.3166666666666
913.555,1646.9833333333333
913.73,1675.6499999999999
913.906,1723.6499999999999
914.082,1676.6499999999999
914.258,1649.3166666666666
914.433,1661.9833333333333
914.609,1643.3166666666666
914.784,1670.6499999999999
914.96,1612.3166666666666
915.136,1684.6499999999999
915.311,1718.9833333333333
915.487,1672.3166666666666
915.662,1754.9833333333333
915.838,1685.6499999999999
916.013,1688.3166666666666
916.189,1692.9833333333333
916.364,1717.6499999999999
916.539,1721.6499999999999
916.715,1639.6499999999999
916.89,1710.9833333333333
917.065,1673.3166666666666
917.24,1663.6499999999999
917.416,1706.3166666666666
917.591,1665.6499999999999
917.766,1676.3166666666666
917.941,1656.6499999999999
918.116,1686.6499999999999
918.292,1686.6499999999999
918.467,1703.6499999999999
918.642,1688.9833333333333
918.817,1711.3166666666666
918.992,1686.3166666666666
919.167,1734.6499999999999
919.342,1742.9833333333333
919.517,1739.3166666666666
919.692,1718.9833333333333
919.867,1716.3166666666666
920.041,1719.6499999999999
920.216,1762.9833333333333
920.391,1798.3166666666666
920.566,1764.9833333333333
920.741,1847.6499999999999
920.915,1877.9833333333333
921.09,1918.3166666666666
921.265,2128.983333333333
921.439,2237.3166666666666
921.614,2102.3166666666666
921.789,2039.9833333333333
921.963,1925.3166666666666
922.138,1987.3166666666666
922.312,1899.3166666666666
922.487,1927.9833333333333
922.661,1890.9833333333333
922.836,1998.3166666666666
923.01,2032.6499999999999
923.185,1927.3166666666666
923.359,1883.3166666666666
923.534,1929.3166666666666
923.708,1976.9833333333333
923.882,2053.983333333333
924.057,2006.9833333333333
924.231,1996.3166666666666
924.405,1986.9833333333336
924.579,1966.9833333333336
924.753,1939.9833333333336
924.928,1945.6499999999999
925.102,1914.3166666666666
925.276,1906.9833333333333
925.45,1926.9833333333333
925.624,1940.6500000000003
925.798,2016.3166666666666
925.972,2089.983333333333
926.146,2164.983333333333
926.32,2336.3166666666666
926.494,2486.65
926.668,2604.65
926.842,2673.65
927.016,2617.3166666666666
927.19,2588.65
927.363,2520.3166666666666
927.537,2441.983333333333
927.711,2396.983333333333
927.885,2383.983333333333
928.058,2280.3166666666666
928.232,2321.983333333333
928.406,2262.983333333333
928.579,2227.3166666666666
928.753,2214.983333333333
928.927,2130.983333333333
929.1,2088.65
929.274,2081.65
929.447,2115.3166666666666
929.621,2030.3166666666666
929.794,2079.983333333333
929.968,1993.9833333333333
930.141,1924.9833333333333
930.315,1946.9833333333333
930.488,1915.9833333333336
930.661,1928.9833333333333
930.835,1934.3166666666666
931.008,1875.6499999999999
931.181,1907.6499999999999
931.354,1853.6499999999999
931.528,1883.3166666666666
931.701,1825.9833333333333
931.874,1857.3166666666666
932.047,1819.9833333333333
932.22,1794.6499999999999
932.393,1805.3166666666666
932.566,1777.9833333333333
932.739,1766.3166666666666
932.912,1808.3166666666666
933.085,1748.3166666666666
933.258,1742.6499999999999
933.431,1694.6499999999999
933.604,1725.9833333333333
933.777,1761.6499999999999
933.95,1779.6499999999999
934.123,1722.6499999999999
934.296,1677.6499999999999
934.468,1736.9833333333333
934.641,1770.9833333333333
934.814,1707.3166666666666
934.987,1710.3166666666666
935.159,1761.6499999999999
935.332,1745.3166666666666
935.505,1786.6499999999999
935.677,1711.3166666666666
935.85,1707.6499999999999
936.022,1731.6499999999999
936.195,1696.3166666666666
936.367,1739.6499999999999
936.54,1739.3166666666666
936.712,1728.6499999999999
936.885,1743.3166666666666
937.057,1785.3166666666666
937.229,1777.9833333333333
937.402,1811.3166666666666
937.574,1853.3166666666666
937.746,1863.3166666666666
937.919,1858.9833333333333
938.091,1940.9833333333333
938.263,2013.6499999999999
938.435,2153.983333333333
938.608,2387.983333333333
938.78,2688.983333333333
938.952,2794.316666666667
939.124,2836.9833333333336
939.296,3152.65
939.468,3327.316666666667
939.64,2983.9833333333336
939.812,2707.983333333333
939.984,2481.983333333333
940.156,2369.65
940.328,2207.983333333333
940.5,2175.3166666666666
940.672,2120.65
940.843,2046.3166666666666
941.015,1968.3166666666666
941.187,1913.6499999999999
941.359,1954.9833333333333
941.531,1919.6499999999999
941.702,1863.3166666666666
941.874,1901.9833333333333
942.046,1833.3166666666666
942.217,1807.9833333333333
942.389,1747.3166666666666
942.56,1734.3166666666666
942.732,1710.6499999999999
942.904,1729.9833333333333
943.075,1647.9833333333333
943.247,1698.6499999999999
943.418,1650.6499999999999
943.589,1687.6499999999999
943.761,1734.3166666666666
943.932,1667.9833333333333
944.104,1707.6499999999999
944.275,1642.9833333333333
944.446,1622.6499999999999
944.617,1685.3166666666666
944.789,1705.9833333333333
944.96,1584.6499999999999
945.131,1645.6499999999999
945.302,1620.3166666666666
945.473,1583.3166666666666
945.645,1651.3166666666666
945.816,1666.6499999999999
945.987,1695.6499999999999
946.158,1713.6499999999999
946.329,1651.3166666666666
946.5,1698.3166666666666
946.671,1691.6499999999999
946.842,1663.3166666666666
947.013,1633.6499999999999
947.183,1600.3166666666666
947.354,1663.9833333333333
947.525,1562.6499999999999
947.696,1608.9833333333333
947.867,1600.3166666666666
948.037,1572.9833333333333
948.208,1614.3166666666666
948.379,1572.6499999999999
948.55,1596.6499999999999
948.72,1546.3166666666666
948.891,1622.6499999999999
949.061,1529.9833333333333
949.232,1528.3166666666666
949.403,1527.9833333333333
949.573,1554.6499999999999
949.744,1551.9833333333333
949.914,1605.9833333333333
950.085,1541.6499999999999
950.255,1528.9833333333333
950.425,1609.6499999999999
950.596,1567.6499999999999
950.766,1490.3166666666666
950.936,1518.3166666666666
951.107,1624.3166666666666
951.277,1502.6499999999999
951.447,1522.9833333333333
951.617,1575.3166666666666
951.788,1481.3166666666666
951.958,1478.3166666666666
952.128,1521.9833333333333
952.298,1553.3166666666666
952.468,1501.6499999999999
952.638,1506.3166666666666
952.808,1462.9833333333333
952.978,1477.6499999999999
953.148,1491.6499999999999
953.318,1446.3166666666666
953.488,1500.6499999999999
953.658,1488.3166666666666
953.828,1519.9833333333333
953.998,1477.9833333333333
954.167,1484.6499999999999
954.337,1497.6499999999999
954.507,1499.6499999999999
954.677,1506.9833333333333
954.846,1469.6499999999999
955.016,1474.6499999999999
955.186,1484.3166666666666
955.355,1449.9833333333333
955.525,1480.9833333333333
955.695,1470.9833333333333
955.864,1536.3166666666666
956.034,1466.9833333333333
956.203,1438.9833333333333
956.373,1408.6499999999999
956.542,1420.6499999999999
956.711,1416.9833333333333
956.881,1434.3166666666666
957.05,1415.6499999999999
957.22,1434.6499999999999
957.389,1386.3166666666666
957.558,1390.6499999999999
957.727,1446.9833333333333
957.897,1418.6499999999999
958.066,1443.9833333333333
958.235,1413.3166666666666
958.404,1442.6499999999999
958.573,1436.9833333333333
958.743,1405.9833333333333
958.912,1416.9833333333333
959.081,1389.9833333333333
959.25,1443.9833333333333
959.419,1432.9833333333333
959.588,1423.9833333333333
959.757,1390.3166666666666
959.926,1427.6499999999999
960.094,1395.3166666666666
960.263,1408.6499999999999
960.432,1424.3166666666666
960.601,1375.9833333333333
960.77,1399.9833333333333
960.939,1411.9833333333333
961.107,1367.6499999999999
961.276,1406.6499999999999
961.445,1371.9833333333333
961.613,1397.3166666666666
961.782,1355.6499999999999
961.951,1376.6499999999999
962.119,1382.9833333333333
962.288,1415.9833333333333
962.456,1388.9833333333333
962.625,1375.3166666666666
962.793,1391.3166666666666
962.962,1399.6499999999999
963.13,1380.9833333333333
963.298,1394.9833333333333
963.467,1334.6499999999999
963.635,1408.3166666666666
963.803,1419.6499999999999
963.972,1445.9833333333333
964.14,1432.3166666666666
964.308,1389.6499999999999
964.477,1419.6499999999999
964.645,1429.9833333333333
964.813,1439.9833333333333
964.981,1370.3166666666666
965.149,1460.9833333333333
965.317,1384.6499999999999
965.485,1392.6499999999999
965.653,1405.6499999999999
965.821,1401.9833333333333
965.989,1398.6499999999999
966.157,1402.6499999999999
966.325,1336.6499999999999
966.493,1402.9833333333333
966.661,1398.3166666666666
966.829,1372.6499999999999
966.996,1391.9833333333333
967.164,1393.9833333333333
967.332,1420.9833333333333
967.5,1363.6499999999999
967.667,1436.9833333333333
967.835,1352.3166666666666
968.003,1411.6499999999999
968.17,1429.3166666666666
968.338,1411.9833333333333
968.505,1399.9833333333333
968.673,1362.9833333333333
968.841,1456.6499999999999
969.008,1347.6499999999999
969.175,1381.9833333333333
969.343,1350.3166666666666
969.51,1382.3166666666666
969.678,1433.6499999999999
969.845,1397.9833333333333
970.012,1395.6499999999999
970.18,1437.3166666666666
970.347,1405.3166666666666
970.514,1403.6499999999999
970.681,1467.9833333333333
970.849,1389.9833333333333
971.016,1405.3166666666666
971.183,1459.3166666666666
971.35,1426.6499999999999
971.517,1396.9833333333333
971.684,1432.3166666666666
971.851,1407.3166666666666
972.018,1429.9833333333333
972.185,1459.3166666666666
972.352,1425.9833333333333
972.519,1422.3166666666666
972.686,1403.3166666666666
972.853,1470.6499999999999
973.02,1424.6499999999999
973.186,1458.9833333333333
973.353,1392.6499999999999
973.52,1371.3166666666666
973.687,1471.6499999999999
973.853,1435.9833333333333
974.02,1468.3166666666666
974.187,1523.6499999999999
974.353,1431.6499999999999
974.52,1478.3166666666666
974.687,1465.9833333333333
974.853,1450.3166666666666
975.02,1411.6499999999999
975.186,1411.3166666666666
975.353,1377.3166666666666
975.519,1424.9833333333333
975.685,1448.6499999999999
975.852,1363.3166666666666
976.018,1382.3166666666666
976.184,1398.6499999999999
976.351,1418.9833333333333
976.517,1342.9833333333333
976.683,1362.6499999999999
976.849,1409.3166666666666
977.016,1328.3166666666666
977.182,1393.6499999999999
977.348,1333.6499999999999
977.514,1325.6499999999999
977.68,1347.3166666666666
977.846,1314.3166666666666
978.012,1327.3166666666666
978.178,1339.6499999999999
978.344,1401.9833333333333
978.51,1304.3166666666666
978.676,1354.9833333333333
978.842,1336.9833333333333
979.008,1361.3166666666666
979.174,1356.9833333333333
979.34,1380.3166666666666
979.505,1336.3166666666666
979.671,1390.3166666666666
979.837,1381.6499999999999
980.003,1384.6499999999999
980.168,1386.3166666666666
980.334,1421.6499999999999
980.499,1391.3166666666666
980.665,1421.6499999999999
980.831,1386.6499999999999
980.996,1393.9833333333333
981.162,1452.9833333333333
981.327,1432.6499999999999
981.493,1444.3166666666666
981.658,1403.9833333333333
981.823,1434.6499999999999
981.989,1368.6499999999999
982.154,1423.3166666666666
982.319,1377.6499999999999
982.485,1449.9833333333333
982.65,1491.3166666666666
982.815,1419.6499999999999
982.98,1450.9833333333333
983.146,1455.3166666666666
983.311,1426.9833333333333
983.476,1386.9833333333333
983.641,1356.6499999999999
983.806,1490.9833333333333
983.971,1422.9833333333333
984.136,1392.3166666666666
984.301,1424.3166666666666
984.466,1419.9833333333333
984.631,1385.6499999999999
984.796,1418.3166666666666
984.961,1409.6499999999999
985.126,1391.9833333333333
985.291,1417.9833333333333
985.455,1386.9833333333333
985.62,1345.3166666666666
985.785,1418.3166666666666
985.95,1413.9833333333333
986.114,1370.3166666666666
986.279,1389.6499999999999
986.444,1446.9833333333333
986.608,1477.9833333333333
986.773,1461.6499999999999
986.937,1462.9833333333333
987.102,1465.6499999999999
987.266,1463.6499999999999
987.431,1492.9833333333333
987.595,1436.9833333333333
987.76,1492.6499999999999
987.924,1451.6499999999999
988.088,1458.6499999999999
988.253,1465.6499999999999
988.417,1468.3166666666666
988.581,1387.9833333333333
988.746,1428.6499999999999
988.91,1428.6499999999999
989.074,1408.3166666666666
989.238,1366.9833333333333
989.402,1347.3166666666666
989.566,1405.3166666666666
989.731,1429.3166666666666
989.895,1375.6499999999999
990.059,1469.3166666666666
990.223,1456.6499999999999
990.387,1414.9833333333333
990.551,1395.6499999999999
990.714,1422.6499999999999
990.878,1462.9833333333333
991.042,1428.3166666666666
991.206,1432.3166666666666
991.37,1449.3166666666666
991.534,1431.6499999999999
991.697,1421.9833333333333
991.861,1437.9833333333333
992.025,1397.6499999999999
992.188,1462.3166666666666
992.352,1417.9833333333333
992.516,1492.6499999999999
992.679,1399.9833333333333
992.843,1400.6499999999999
993.006,1434.9833333333333
993.17,1385.9833333333333
993.333,1477.3166666666666
993.497,1410.6499999999999
993.66,1444.3166666666666
993.824,1454.3166666666666
993.987,1452.9833333333333
994.15,1485.3166666666666
994.314,1433.6499999999999
994.477,1403.6499999999999
994.64,1406.9833333333333
994.803,1399.9833333333333
994.967,1457.3166666666666
995.13,1430.9833333333333
995.293,1438.6499999999999
995.456,1452.3166666666666
995.619,1410.9833333333333
995.782,1409.9833333333333
995.945,1419.6499999999999
996.108,1455.3166666666666
996.271,1398.6499999999999
996.434,1407.6499999999999
996.597,1426.6499999999999
996.76,1383.6499999999999
996.923,1391.6499999999999
997.086,1391.3166666666666
997.248,1401.9833333333333
997.411,1349.9833333333333
997.574,1421.3166666666666
997.737,1421.9833333333333
997.899,1406.9833333333333
998.062,1409.6499999999999
998.225,1359.9833333333333
998.387,1385.9833333333333
998.55,1387.3166666666666
998.712,1352.9833333333333
998.875,1426.3166666666666
999.037,1413.9833333333333
999.2,1379.6499999999999
999.362,1365.6499999999999
999.525,1410.9833333333333
999.687,1405.3166666666666
999.849,1412.3166666666666
1000.012,1476.9833333333333
1000.174,1412.9833333333333
1000.336,1409.9833333333333
1000.499,1422.9833333333333
1000.661,1423.6499999999999
1000.823,1412.6499999999999
1000.985,1450.6499999999999
1001.147,1502.9833333333333
1001.309,1519.6499999999999
1001.471,1484.6499999999999
1001.633,1562.6499999999999
1001.796,1482.9833333333333
1001.958,1545.9833333333333
1002.119,1574.6499999999999
1002.281,1595.3166666666666
1002.443,1645.3166666666666
1002.605,1765.6499999999999
1002.767,1854.3166666666666
1002.929,1900.9833333333333
1003.091,1990.6499999999999
1003.252,2133.3166666666666
1003.414,2239.65
1003.576,2385.65
1003.738,2513.3166666666666
1003.899,2648.65
1004.061,2811.65
1004.222,2948.9833333333336
1004.384,3148.9833333333336
1004.546,3225.316666666667
1004.707,3212.316666666667
1004.869,3259.9833333333336
1005.03,3278.9833333333336
1005.191,3157.9833333333336
1005.353,2984.9833333333336
1005.514,2856.9833333333336
1005.675,2718.3166666666666
1005.837,2574.65
1005.998,2491.65
1006.159,2457.983333333333
1006.321,2447.983333333333
1006.482,2596.65
1006.643,2698.65
1006.804,2828.65
1006.965,3003.65
1007.126,3011.316666666667
1007.287,3043.65
1007.448,3024.65
1007.609,2876.9833333333336
1007.77,2766.65
1007.931,2749.316666666667
1008.092,2869.316666666667
1008.253,2877.65
1008.414,3053.316666666667
1008.575,3051.316666666667
1008.736,3029.316666666667
1008.896,2981.9833333333336
1009.057,2849.65
1009.218,2851.316666666667
1009.379,2893.316666666667
1009.539,3022.9833333333336
1009.7,3144.65
1009.86,3061.65
1010.021,3107.9833333333336
1010.182,3030.316666666667
1010.342,3013.65
1010.503,3097.316666666667
1010.663,3218.9833333333336
1010.823,3193.9833333333336
1010.984,3189.316666666667
1011.144,3247.9833333333336
1011.305,3251.9833333333336
1011.465,3386.316666666667
1011.625,3461.316666666667
1011.785,3536.65
1011.946,3438.9833333333336
1012.106,3384.316666666667
1012.266,3421.9833333333336
1012.426,3436.316666666667
1012.586,3489.9833333333336
1012.746,3443.65
1012.906,3380.9833333333336
1013.066,3408.316666666667
1013.226,3462.316666666667
1013.386,3461.9833333333336
1013.546,3399.316666666667
1013.706,3383.316666666667
1013.866,3368.9833333333336
1014.026,3431.65
1014.186,3337.65
1014.346,3354.65
1014.505,3546.316666666667
1014.665,3507.316666666667
1014.825,3520.9833333333336
1014.985,3486.65
1015.144,3769.65
1015.304,3964.316666666667
1015.464,3779.65
1015.623,3825.316666666667
1015.783,4260.316666666667
1015.942,4526.983333333334
1016.102,4413.316666666667
1016.261,4357.983333333334
1016.42,4881.650000000001
1016.58,5431.316666666667
1016.739,5314.316666666667
1016.899,4967.983333333334
1017.058,5349.316666666667
1017.217,5839.316666666667
1017.376,5333.983333333334
1017.536,4840.650000000001
1017.695,4957.983333333334
1017.854,5049.983333333334
1018.013,4886.316666666667
1018.172,4585.983333333334
1018.331,4511.316666666667
1018.49,4874.650000000001
1018.649,5165.316666666667
1018.808,5374.983333333334
1018.967,5363.983333333334
1019.126,5379.316666666667
1019.285,5627.650000000001
1019.444,5476.983333333334
1019.603,5203.650000000001
1019.762,4907.316666666667
1019.921,5088.983333333334
1020.079,5481.650000000001
1020.238,5847.316666666667
1020.397,5591.983333333334
1020.555,5193.650000000001
1020.714,5264.650000000001
1020.873,5732.983333333334
1021.031,5844.316666666667
1021.19,5493.650000000001
1021.348,5221.650000000001
1021.507,5807.316666666667
1021.665,6292.316666666667
1021.824,5954.316666666667
1021.982,5490.650000000001
1022.141,5415.650000000001
1022.299,6165.983333333334
1022.457,6688.983333333334
1022.616,6108.983333333334
1022.774,5318.983333333334
1022.932,5561.316666666667
1023.09,6409.316666666667
1023.249,6758.650000000001
1023.407,6038.983333333334
1023.565,5487.650000000001
1023.723,5789.650000000001
1023.881,6641.316666666667
1024.039,6790.316666666667
1024.197,6065.650000000001
1024.355,5617.983333333334
1024.513,5804.316666666667
1024.671,6731.316666666667
1024.829,6893.650000000001
1024.987,6351.983333333334
1025.145,5727.650000000001
1025.302,5934.983333333334
1025.46,6597.650000000001
1025.618,7088.316666666667
1025.776,6636.650000000001
1025.933,5842.650000000001
1026.091,6030.316666666667
1026.249,6561.316666666667
1026.406,7239.316666666667
1026.564,6864.650000000001
1026.721,6325.316666666667
1026.879,6051.316666666667
1027.036,6612.650000000001
1027.194,7095.983333333334
1027.351,7247.983333333334
1027.509,6788.983333333334
1027.666,6168.983333333334
1027.823,6632.983333333334
1027.981,7057.650000000001
1028.138,7407.316666666667
1028.295,7010.650000000001
1028.452,6533.983333333334
1028.609,6471.316666666667
1028.767,6922.316666666667
1028.924,7517.983333333334
1029.081,7366.983333333334
1029.238,7185.316666666667
1029.395,6584.650000000001
1029.552,6768.316666666667
1029.709,7418.983333333334
1029.866,7686.983333333334
1030.023,7399.983333333334
1030.18,6780.983333333334
1030.337,6744.316666666667
1030.494,7207.650000000001
1030.65,7440.316666666667
1030.807,7943.650000000001
1030.964,7211.983333333334
1031.121,7079.983333333334
1031.277,6833.316666666667
1031.434,7302.983333333334
1031.591,7909.983333333334
1031.747,7988.650000000001
1031.904,7682.650000000001
1032.06,7265.650000000001
1032.217,6993.983333333334
1032.373,8114.316666666667
1032.53,8159.983333333334
1032.686,9080.65
1032.843,8942.316666666668
1032.999,8236.983333333334
1033.155,8627.983333333334
1033.312,8530.65
1033.468,10167.983333333334
1033.624,11023.65
1033.78,11328.983333333332
1033.937,11588.65
1034.093,10322.983333333334
1034.249,10804.316666666668
1034.405,10605.316666666668
1034.561,11635.316666666666
1034.717,12504.65
1034.873,12192.65
1035.029,12545.65
1035.185,11526.316666666666
1035.341,10903.316666666668
1035.497,12043.316666666666
1035.653,12356.983333333332
1035.809,13533.316666666666
1035.964,15374.65
1036.12,13912.983333333332
1036.276,14266.316666666666
1036.432,13701.316666666666
1036.587,12598.983333333332
1036.743,13619.983333333332
1036.899,14659.983333333332
1037.054,14879.983333333332
1037.21,16459.316666666666
1037.365,16808.983333333334
1037.521,15293.65
1037.676,15033.65
1037.832,13898.316666666666
1037.987,14405.983333333332
1038.143,14686.65
1038.298,17150.983666666667
1038.453,16681.316666666666
1038.609,18148.650666666665
1038.764,18444.317333333332
1038.919,16815.983666666667
1039.074,16984.317
1039.229,15842.983333333332
1039.385,15598.316666666666
1039.54,16456.316666666666
1039.695,17794.650333333335
1039.85,19132.317333333332
1040.005,20302.317333333332
1040.16,22013.983999999997
1040.315,20679.650666666665
1040.47,19385.317333333332
1040.625,18479.650666666665
1040.78,18404.650666666665
1040.935,18101.317333333332
1041.089,18989.984
1041.244,21805.650666666665
1041.399,22711.983999999997
1041.554,23577.31733333333
1041.708,26395.650666666665
1041.863,26246.31733333333
1042.018,24459.650666666665
1042.172,24106.983999999997
1042.327,23220.983999999997
1042.481,23051.983999999997
1042.636,23800.31733333333
1042.791,23688.650666666665
1042.945,27436.31733333333
1043.099,30764.65133333333
1043.254,29570.984666666667
1043.408,31339.65133333333
1043.563,33940.318
1043.717,32160.984666666667
1043.871,29723.984666666667
1044.025,28812.650666666665
1044.18,28954.650666666665
1044.334,28880.31733333333
1044.488,29879.984666666667
1044.642,30989.318
1044.796,34274.98466666666
1044.95,37708.318
1045.104,40624.98466666666
1045.258,41619.318
1045.412,40771.318
1045.566,40289.651333333335
1045.72,38674.318
1045.874,35876.651333333335
1046.028,34016.98466666666
1046.182,33213.318
1046.336,34011.98466666666
1046.489,35301.318
1046.643,36318.651333333335
1046.797,39935.651333333335
1046.951,41803.318
1047.104,42556.318
1047.258,45271.318
1047.411,47225.98466666666
1047.565,45807.318
1047.719,44397.98466666666
1047.872,42562.318
1048.026,41436.318
1048.179,41413.651333333335
1048.332,40244.651333333335
1048.486,40053.98466666666
1048.639,40851.318
1048.792,39981.98466666666
1048.946,43789.651333333335
1049.099,48595.318
1049.252,48759.651333333335
1049.406,45934.98466666666
1049.559,46877.318
1049.712,54031.651333333335
1049.865,57291.318
1050.018,56050.98466666666
1050.171,49723.318
1050.324,48214.318
1050.477,51332.651333333335
1050.63,55205.318
1050.783,56160.318
1050.936,52025.98466666666
1051.089,48156.318
1051.242,51351.98466666666
1051.394,56409.98466666666
1051.547,58253.318
1051.7,55640.651333333335
1051.853,53311.318
1052.005,55409.318
1052.158,58965.651333333335
1052.311,62321.651333333335
1052.463,61409.98466666666
1052.616,57802.318
1052.768,53506.318
1052.921,51060.318
1053.073,55430.318
1053.226,60507.318
1053.378,64517.651333333335
1053.531,64801.651333333335
1053.683,63990.98466666666
1053.835,59468.318
1053.988,47580.318
