237.496,140.325
237.566,111.82499999999999
237.636,111.825
237.705,124.82499999999999
237.775,101.825
237.845,102.825
237.914,122.325
237.984,131.825
238.054,112.825
238.123,152.325
238.193,131.825
238.263,118.32499999999999
238.332,104.325
238.402,135.325
238.471,103.325
238.541,132.825
238.611,147.825
238.68,173.825
238.75,152.325
238.819,141.325
238.889,128.825
238.958,113.32499999999999
239.028,112.325
239.097,114.325
239.167,89.82499999999999
239.237,114.82499999999999
239.306,171.325
239.376,144.325
239.445,114.82499999999999
239.515,97.325
239.584,137.325
239.654,139.325
239.723,142.325
239.793,129.825
239.862,147.325
239.932,99.825
240.001,138.325
240.07,151.825
240.14,83.825
240.209,111.825
240.279,108.825
240.348,123.825
240.418,171.325
240.487,122.325
240.556,152.325
240.626,141.825
240.695,99.82499999999999
240.765,120.825
240.834,138.325
240.903,126.82499999999999
240.973,99.325
241.042,115.325
241.112,132.325
241.181,154.825
241.25,138.325
241.32,111.825
241.389,79.325
241.458,151.825
241.528,168.825
241.597,122.82499999999999
241.666,96.325
241.736,152.825
241.805,139.325
241.874,101.325
241.943,144.825
242.013,136.825
242.082,129.825
242.151,120.825
242.221,119.825
242.29,108.82499999999999
242.359,130.825
242.428,162.325
242.498,118.825
242.567,136.325
242.636,141.825
242.705,96.825
242.774,126.325
242.844,72.825
242.913,129.825
242.982,123.825
243.051,102.325
243.12,139.825
243.19,133.825
243.259,123.32499999999999
243.328,137.825
243.397,122.325
243.466,158.325
243.535,121.825
243.605,139.825
243.674,130.325
243.743,139.325
243.812,133.325
243.881,126.325
243.95,82.825
244.019,116.325
244.088,117.82499999999999
244.158,94.825
244.227,164.325
244.296,137.325
244.365,119.32499999999999
244.434,113.325
244.503,91.825
244.572,125.825
244.641,127.325
244.71,137.325
244.779,102.325
244.848,115.325
244.917,161.825
244.986,134.325
245.055,100.325
245.124,123.825
245.193,97.325
245.262,112.825
245.331,134.825
245.4,89.325
245.469,117.82499999999999
245.538,90.325
245.607,143.825
245.676,112.325
245.745,99.325
245.814,96.825
245.883,127.82499999999999
245.952,150.325
246.021,106.825
246.09,160.825
246.159,79.325
246.227,103.825
246.296,98.825
246.365,99.325
246.434,97.82499999999999
246.503,121.325
246.572,126.32499999999999
246.641,103.325
246.71,108.325
246.779,88.825
246.847,106.325
246.916,103.325
246.985,138.325
247.054,61.825
247.123,81.825
247.192,99.825
247.26,134.325
247.329,110.32499999999999
247.398,101.825
247.467,122.325
247.536,132.325
247.604,123.32499999999999
247.673,126.32499999999999
247.742,73.325
247.811,154.325
247.879,103.325
247.948,101.325
248.017,95.825
248.086,130.325
248.154,97.825
248.223,96.325
248.292,104.825
248.361,90.325
248.429,90.325
248.498,99.825
248.567,130.825
248.635,103.825
248.704,76.825
248.773,96.825
248.841,94.825
248.91,128.325
248.979,109.325
249.047,101.325
249.116,100.825
249.185,113.325
249.253,144.325
249.322,140.325
249.39,118.325
249.459,149.325
249.528,89.82499999999999
249.596,98.325
249.665,117.82499999999999
249.733,122.825
249.802,104.825
249.871,118.825
249.939,129.325
250.008,91.325
250.076,79.825
250.145,137.825
250.213,88.325
250.282,83.325
250.35,102.325
250.419,82.825
250.487,122.82499999999999
250.556,107.825
250.624,94.825
250.693,97.325
250.761,12.325000000000003
250.83,99.82499999999999
250.898,106.325
250.967,128.325
251.035,74.825
251.104,131.325
251.172,90.825
251.241,113.325
251.309,95.825
251.378,110.325
251.446,117.825
251.514,111.825
251.583,112.325
251.651,134.825
251.72,72.325
251.788,59.825
251.856,104.825
251.925,79.825
251.993,102.82499999999999
252.062,82.825
252.13,107.325
252.198,65.825
252.267,73.825
252.335,121.325
252.403,72.325
252.472,79.325
252.54,94.325
252.608,68.325
252.677,96.825
252.745,87.825
252.813,73.825
252.881,53.82499999999999
252.95,70.825
253.018,98.325
253.086,97.325
253.155,82.325
253.223,41.82499999999999
253.291,68.825
253.359,34.325
253.428,51.825
253.496,74.325
253.564,51.325
253.632,73.825
253.7,101.325
253.769,81.325
253.837,103.325
253.905,68.825
253.973,33.82499999999999
254.041,86.325
254.11,57.325
254.178,68.825
254.246,120.825
254.314,43.825
254.382,53.325
254.45,56.325
254.518,83.825
254.587,67.825
254.655,69.825
254.723,39.82499999999999
254.791,94.825
254.859,69.325
254.927,69.325
254.995,87.825
255.063,52.325
255.131,62.325
255.199,46.325
255.267,61.325
255.336,82.825
255.404,43.825
255.472,90.825
255.54,62.325
255.608,135.825
255.676,92.325
255.744,78.825
255.812,96.825
255.88,85.82499999999999
255.948,61.825
256.016,95.32499999999999
256.084,34.825
256.152,56.825
256.22,51.325
256.288,79.325
256.356,100.825
256.424,77.825
256.491,100.325
256.559,92.325
256.627,94.325
256.695,47.82499999999999
256.763,82.325
256.831,74.825
256.899,71.825
256.967,101.82500000000002
257.035,65.825
257.103,55.325
257.171,93.825
257.238,99.825
257.306,64.325
257.374,84.825
257.442,81.325
257.51,72.825
257.578,127.325
257.646,92.325
257.713,101.325
257.781,75.825
257.849,104.325
257.917,81.825
257.985,124.32500000000002
258.052,123.825
258.12,133.825
258.188,94.825
258.256,147.32500000000002
258.324,112.825
258.391,93.325
258.459,80.825
258.527,123.325
258.595,117.825
258.662,66.325
258.73,115.325
258.798,116.325
258.865,116.325
258.933,122.825
259.001,127.825
259.069,95.825
259.136,172.325
259.204,106.825
259.272,130.825
259.339,139.325
259.407,147.825
259.475,155.825
259.542,97.825
259.61,136.325
259.677,146.825
259.745,137.825
259.813,118.325
259.88,152.825
259.948,144.825
260.016,137.825
260.083,179.825
260.151,130.825
260.218,129.325
260.286,180.825
260.353,169.325
260.421,122.825
260.489,142.825
260.556,184.825
260.624,142.825
260.691,152.325
260.759,148.325
260.826,156.325
260.894,185.325
260.961,164.325
261.029,176.825
261.096,167.825
261.164,180.325
261.231,156.325
261.299,151.325
261.366,176.325
261.434,154.325
261.501,158.825
261.568,202.325
261.636,168.325
261.703,148.825
261.771,166.325
261.838,209.825
261.906,215.825
261.973,226.325
262.04,177.825
262.108,192.325
262.175,227.825
262.243,207.825
262.31,235.825
262.377,182.325
262.445,229.325
262.512,175.825
262.579,158.825
262.647,223.325
262.714,204.825
262.781,264.825
262.849,177.325
262.916,159.325
262.983,189.825
263.051,205.325
263.118,195.325
263.185,236.325
263.252,233.325
263.32,203.825
263.387,218.325
263.454,209.325
263.522,234.325
263.589,231.825
263.656,219.825
263.723,214.325
263.79,243.825
263.858,261.825
263.925,279.825
263.992,227.325
264.059,236.825
264.126,297.325
264.194,267.325
264.261,245.325
264.328,219.325
264.395,269.825
264.462,257.325
264.529,243.325
264.597,227.325
264.664,259.825
264.731,263.325
264.798,262.825
264.865,235.325
264.932,259.325
264.999,255.825
265.066,210.825
265.133,266.825
265.201,291.325
265.268,225.325
265.335,283.325
265.402,293.825
265.469,253.825
265.536,265.325
265.603,255.825
265.67,257.325
265.737,266.825
265.804,251.325
265.871,254.825
265.938,269.325
266.005,263.325
266.072,247.825
266.139,260.825
266.206,313.325
266.273,248.825
266.34,296.825
266.407,303.325
266.474,286.325
266.541,305.825
266.608,303.825
266.675,317.825
266.742,278.825
266.808,266.825
266.875,311.825
266.942,335.825
267.009,285.325
267.076,276.325
267.143,346.825
267.21,287.825
267.277,328.825
267.344,315.825
267.41,291.825
267.477,293.325
267.544,295.325
267.611,271.825
267.678,289.325
267.745,318.325
267.811,293.325
267.878,307.325
267.945,321.825
268.012,328.325
268.079,321.825
268.145,308.825
268.212,339.32499999999993
268.279,347.325
268.346,272.325
268.412,350.325
268.479,307.825
268.546,261.825
268.613,367.32499999999993
268.679,334.825
268.746,328.825
268.813,322.325
268.879,311.325
268.946,324.825
269.013,330.825
269.079,365.32499999999993
269.146,309.325
269.213,316.325
269.28,299.825
269.346,333.325
269.413,300.825
269.479,306.325
269.546,332.825
269.613,282.325
269.679,292.325
269.746,290.825
269.813,334.825
269.879,318.325
269.946,306.825
270.012,311.825
270.079,300.325
270.145,269.325
270.212,356.325
270.279,338.325
270.345,308.825
270.412,302.325
270.478,315.825
270.545,335.325
270.611,322.825
270.678,280.825
270.744,309.825
270.811,297.325
270.877,344.825
270.944,338.825
271.01,261.825
271.077,331.825
271.143,313.325
271.21,319.325
271.276,323.825
271.342,285.325
271.409,317.325
271.475,316.325
271.542,295.325
271.608,269.825
271.675,306.825
271.741,337.325
271.807,297.825
271.874,301.325
271.94,297.825
272.007,254.825
272.073,352.825
272.139,297.325
272.206,339.825
272.272,279.825
272.338,304.325
272.405,298.325
272.471,254.825
272.537,303.325
272.604,233.825
272.67,327.825
272.736,250.325
272.802,303.325
272.869,311.325
272.935,282.825
273.001,295.325
273.068,277.825
273.134,273.825
273.2,343.325
273.266,351.325
273.333,299.825
273.399,329.825
273.465,347.325
273.531,283.825
273.597,340.825
273.664,341.325
273.73,354.325
273.796,326.325
273.862,302.825
273.928,286.325
273.995,288.325
274.061,288.825
274.127,291.325
274.193,308.325
274.259,284.825
274.325,285.825
274.391,334.825
274.457,361.32499999999993
274.524,339.82499999999993
274.59,292.325
274.656,359.325
274.722,317.825
274.788,324.325
274.854,349.82499999999993
274.92,385.32500000000005
274.986,338.325
275.052,305.325
275.118,351.325
275.184,352.82499999999993
275.25,337.825
275.316,391.82499999999993
275.382,333.325
275.448,389.32499999999993
275.514,406.32499999999993
275.58,380.32499999999993
275.646,351.32499999999993
275.712,320.325
275.778,388.82499999999993
275.844,295.825
275.91,353.825
275.976,405.32499999999993
276.042,349.82499999999993
276.108,365.32499999999993
276.174,431.32499999999993
276.24,365.32499999999993
276.306,411.82499999999993
276.372,466.82500000000005
276.437,349.32499999999993
276.503,360.82499999999993
276.569,411.32499999999993
276.635,398.82499999999993
276.701,404.82499999999993
276.767,449.82499999999993
276.833,442.82499999999993
276.899,451.82499999999993
276.964,391.82499999999993
277.03,448.32499999999993
277.096,485.32499999999993
277.162,455.32499999999993
277.228,404.82499999999993
277.293,553.8249999999999
277.359,489.82499999999993
277.425,536.8249999999999
277.491,673.3249999999999
277.557,618.8249999999999
277.622,1093.3249999999998
277.688,932.8249999999999
277.754,1052.8249999999998
277.82,1142.8249999999998
277.885,1245.3249999999998
277.951,1729.3249999999998
278.017,1487.8249999999998
278.083,1168.8249999999998
278.148,1182.3249999999998
278.214,1124.8249999999998
278.28,1150.3249999999998
278.345,1135.3249999999998
278.411,948.3249999999999
278.477,866.8249999999999
278.542,1067.8249999999998
278.608,1001.8249999999999
278.674,1186.8249999999998
278.739,1271.8249999999998
278.805,1541.8249999999998
278.871,1582.3249999999998
278.936,2017.8249999999998
279.002,2726.3250000000003
279.067,3920.8250000000003
279.133,4014.8250000000003
279.199,3195.3250000000003
279.264,3468.8250000000003
279.33,3971.8250000000003
279.395,5363.825000000001
279.461,7705.325000000001
279.527,9021.825
279.592,7858.325000000001
279.658,6156.325000000001
279.723,5646.825000000001
279.789,6722.325000000001
279.854,5244.825000000001
279.92,4354.825
279.985,4078.8250000000003
280.051,3967.8250000000003
280.116,4717.325
280.182,7298.325000000001
280.247,8557.325
280.313,7140.825000000001
280.378,4791.325
280.444,3458.8250000000003
280.509,2650.8250000000003
280.574,2513.325
280.64,1988.3249999999998
280.705,1793.3249999999998
280.771,1715.3249999999998
280.836,1511.8249999999998
280.902,1359.8249999999998
280.967,1266.3249999999998
281.032,1388.8249999999998
281.098,1152.3249999999998
281.163,1130.3249999999998
281.229,1059.3249999999998
281.294,959.8249999999999
281.359,1001.3249999999999
281.425,953.8249999999999
281.49,900.3249999999999
281.555,902.8249999999999
281.621,822.8249999999999
281.686,795.8249999999999
281.751,800.8249999999999
281.816,794.3249999999999
281.882,770.8249999999999
281.947,687.3249999999999
282.012,699.3249999999999
282.078,669.8249999999999
282.143,784.8249999999999
282.208,755.3249999999999
282.273,676.8249999999999
282.339,625.8249999999999
282.404,644.3249999999999
282.469,614.3249999999999
282.534,647.8249999999999
282.6,669.3249999999999
282.665,654.8249999999999
282.73,573.8249999999999
282.795,708.3249999999999
282.86,589.8249999999999
282.926,558.8249999999999
282.991,588.8249999999999
283.056,629.3249999999999
283.121,624.8249999999999
283.186,601.3249999999999
283.251,556.8249999999999
283.316,621.3249999999999
283.382,574.8249999999999
283.447,550.3249999999999
283.512,566.3249999999999
283.577,538.8249999999999
283.642,557.3249999999999
283.707,535.3249999999999
283.772,576.325
283.837,584.3249999999999
283.902,579.8249999999999
283.967,568.3249999999999
284.032,546.3249999999999
284.097,519.8249999999999
284.163,614.3249999999999
284.228,562.3249999999999
284.293,542.3249999999999
284.358,603.3249999999999
284.423,571.8249999999999
284.488,652.8249999999999
284.553,651.3249999999999
284.618,574.8249999999999
284.683,731.8249999999999
284.748,671.8249999999999
284.812,752.8249999999999
284.877,859.8249999999999
284.942,1026.3249999999998
285.007,1333.3249999999998
285.072,1746.3249999999998
285.137,2854.3250000000003
285.202,3895.825
285.267,3466.3250000000003
285.332,2214.825
285.397,1431.3249999999998
285.462,1329.3249999999998
285.527,965.3249999999999
285.591,967.325
285.656,827.3249999999999
285.721,834.8249999999999
285.786,688.3249999999999
285.851,665.8249999999999
285.916,705.8249999999999
285.981,611.3249999999999
286.045,564.3249999999999
286.11,604.3249999999999
286.175,621.8249999999999
286.24,625.3249999999999
286.305,562.3249999999999
286.369,533.8249999999999
286.434,506.82499999999993
286.499,567.8249999999999
286.564,575.3249999999999
286.628,555.8249999999999
286.693,589.3249999999999
286.758,542.8249999999999
286.823,518.8249999999999
286.887,592.3249999999999
286.952,536.8249999999999
287.017,553.3249999999999
287.082,549.3249999999999
287.146,478.82499999999993
287.211,512.3249999999999
287.276,497.82499999999993
287.34,501.32499999999993
287.405,566.3249999999999
287.47,532.8249999999999
287.534,492.82499999999993
287.599,464.82499999999993
287.663,504.32499999999993
287.728,589.3249999999999
287.793,498.32499999999993
287.857,484.82499999999993
287.922,533.8249999999999
287.987,535.8249999999999
288.051,494.32499999999993
288.116,489.82499999999993
288.18,474.82499999999993
288.245,509.32499999999993
288.309,490.32499999999993
288.374,540.3249999999999
288.439,489.82499999999993
288.503,500.32499999999993
288.568,480.32499999999993
288.632,448.32499999999993
288.697,434.82499999999993
288.761,489.82499999999993
288.826,481.32499999999993
288.89,552.3249999999999
288.955,583.8249999999999
289.019,482.82499999999993
289.084,505.82499999999993
289.148,513.8249999999999
289.212,440.82499999999993
289.277,449.82499999999993
289.341,480.82499999999993
289.406,519.8249999999999
289.47,485.82499999999993
289.535,454.32499999999993
289.599,538.3249999999999
289.663,496.32499999999993
289.728,536.8249999999999
289.792,512.8249999999999
289.857,470.82499999999993
289.921,519.3249999999999
289.985,535.3249999999999
290.05,495.82499999999993
290.114,428.82499999999993
290.178,493.82499999999993
290.243,514.3249999999999
290.307,525.8249999999999
290.371,496.32499999999993
290.436,501.82499999999993
290.5,554.8249999999999
290.564,413.32499999999993
290.629,475.32499999999993
290.693,520.3249999999999
290.757,591.3249999999999
290.821,552.3249999999999
290.886,439.32499999999993
290.95,422.82499999999993
291.014,612.8249999999999
291.078,499.82499999999993
291.143,536.8249999999999
291.207,579.8249999999999
291.271,440.82499999999993
291.335,471.82499999999993
291.399,538.8249999999999
291.464,562.3249999999999
291.528,597.8249999999999
291.592,555.8249999999999
291.656,602.8249999999999
291.72,515.3249999999999
291.784,573.8249999999999
291.849,540.8249999999999
291.913,525.3249999999999
291.977,514.3249999999999
292.041,557.8249999999999
292.105,572.8249999999999
292.169,469.32499999999993
292.233,526.3249999999999
292.297,542.3249999999999
292.361,531.825
292.425,539.8249999999999
292.49,635.825
292.554,551.3249999999999
292.618,626.3249999999999
292.682,675.3249999999999
292.746,650.3249999999999
292.81,870.3249999999999
292.874,1105.8249999999998
292.938,1100.3249999999998
293.002,965.3249999999999
293.066,885.8249999999999
293.13,808.8249999999999
293.194,794.3249999999999
293.258,761.3249999999999
293.322,689.3249999999999
293.386,773.8249999999999
293.45,756.3249999999999
293.514,991.8249999999999
293.577,1128.3249999999998
293.641,1572.8249999999998
293.705,1622.8249999999998
293.769,1452.8249999999998
293.833,1236.8249999999998
293.897,1013.8249999999999
293.961,935.8249999999999
294.025,878.8249999999999
294.089,948.8249999999999
294.152,826.3249999999999
294.216,741.3249999999999
294.28,768.8249999999999
294.344,709.3249999999999
294.408,718.3249999999999
294.472,670.3249999999999
294.536,624.8249999999999
294.599,650.3249999999999
294.663,585.8249999999999
294.727,604.8249999999999
294.791,657.8249999999999
294.855,640.3249999999999
294.918,577.8249999999999
294.982,610.8249999999999
295.046,565.8249999999999
295.11,522.3249999999999
295.173,535.8249999999999
295.237,572.3249999999999
295.301,473.32499999999993
295.364,555.3249999999999
295.428,625.3249999999999
295.492,542.3249999999999
295.556,464.82499999999993
295.619,534.8249999999999
295.683,552.3249999999999
295.747,454.32499999999993
295.81,546.3249999999999
295.874,530.8249999999999
295.938,493.82500000000005
296.001,439.32499999999993
296.065,507.82499999999993
296.128,464.32499999999993
296.192,490.82499999999993
296.256,526.8249999999999
296.319,434.32499999999993
296.383,523.3249999999999
296.447,466.82499999999993
296.51,472.82499999999993
296.574,490.32499999999993
296.637,523.8249999999999
296.701,504.32499999999993
296.764,546.8249999999999
296.828,444.32499999999993
296.891,502.32499999999993
296.955,445.82499999999993
297.018,470.82499999999993
297.082,487.32499999999993
297.145,386.82499999999993
297.209,462.82499999999993
297.272,484.82499999999993
297.336,451.82499999999993
297.399,462.32499999999993
297.463,382.32499999999993
297.526,483.82499999999993
297.59,431.82499999999993
297.653,501.32499999999993
297.717,473.32499999999993
297.78,443.82499999999993
297.843,509.32499999999993
297.907,519.8249999999999
297.97,466.32499999999993
298.034,453.32499999999993
298.097,450.82499999999993
298.16,443.82499999999993
298.224,493.82499999999993
298.287,481.32499999999993
298.35,439.32499999999993
298.414,412.82499999999993
298.477,434.32500000000005
298.54,384.32499999999993
298.604,478.32499999999993
298.667,449.82499999999993
298.73,429.32499999999993
298.794,403.82499999999993
298.857,421.82499999999993
298.92,419.32499999999993
298.984,440.82499999999993
299.047,408.32499999999993
299.11,428.82499999999993
299.173,353.32499999999993
299.237,453.32499999999993
299.3,416.82499999999993
299.363,421.82499999999993
299.426,385.32499999999993
299.489,427.32499999999993
299.553,393.82499999999993
299.616,474.82499999999993
299.679,448.82499999999993
299.742,422.82499999999993
299.805,372.32499999999993
299.868,406.32499999999993
299.932,414.32499999999993
299.995,386.82499999999993
300.058,372.82499999999993
300.121,500.32499999999993
300.184,361.82499999999993
300.247,378.32499999999993
300.31,411.32499999999993
300.374,438.32499999999993
300.437,359.82499999999993
300.5,396.82499999999993
300.563,350.82499999999993
300.626,440.32499999999993
300.689,440.32499999999993
300.752,385.82499999999993
300.815,453.32499999999993
300.878,391.82499999999993
300.941,446.32499999999993
301.004,379.82499999999993
301.067,459.82499999999993
301.13,396.32499999999993
301.193,357.82499999999993
301.256,353.82499999999993
301.319,404.82499999999993
301.382,407.82499999999993
301.445,337.82499999999993
301.508,361.32499999999993
301.571,360.32499999999993
301.634,380.82499999999993
301.697,356.32499999999993
301.76,392.82499999999993
301.823,385.82499999999993
301.885,365.82499999999993
301.948,425.82499999999993
302.011,424.82499999999993
302.074,384.82499999999993
302.137,451.32499999999993
302.2,374.32499999999993
302.263,333.825
302.326,349.82499999999993
302.388,367.82499999999993
302.451,381.32499999999993
302.514,373.32499999999993
302.577,408.32499999999993
302.64,390.32499999999993
302.703,397.82499999999993
302.765,369.32499999999993
302.828,405.32499999999993
302.891,402.82499999999993
302.954,490.82499999999993
303.016,423.32499999999993
303.079,418.32499999999993
303.142,429.82499999999993
303.205,346.32499999999993
303.267,414.82499999999993
303.33,425.32499999999993
303.393,371.32499999999993
303.456,392.32499999999993
303.518,344.82499999999993
303.581,341.82499999999993
303.644,336.32499999999993
303.706,364.82499999999993
303.769,386.82499999999993
303.832,385.82499999999993
303.894,404.82499999999993
303.957,423.82499999999993
304.02,402.32499999999993
304.082,416.82499999999993
304.145,326.32499999999993
304.207,410.32499999999993
304.27,416.32499999999993
304.333,372.82499999999993
304.395,349.32499999999993
304.458,403.82499999999993
304.52,372.32499999999993
304.583,394.32499999999993
304.646,413.82499999999993
304.708,378.82499999999993
304.771,410.32499999999993
304.833,407.82499999999993
304.896,393.82499999999993
304.958,410.82499999999993
305.021,405.32499999999993
305.083,451.32499999999993
305.146,465.32499999999993
305.208,402.82499999999993
305.271,385.32499999999993
305.333,497.32499999999993
305.396,373.82499999999993
305.458,426.32499999999993
305.52,391.82499999999993
305.583,419.32499999999993
305.645,449.82499999999993
305.708,368.82499999999993
305.77,364.32499999999993
305.833,440.82499999999993
305.895,409.82499999999993
305.957,424.32499999999993
306.02,373.32499999999993
306.082,345.82499999999993
306.144,395.32499999999993
306.207,401.32499999999993
306.269,338.32499999999993
306.331,438.82499999999993
306.394,395.82499999999993
306.456,393.82499999999993
306.518,389.82499999999993
306.581,358.82499999999993
306.643,377.32499999999993
306.705,341.325
306.768,415.32499999999993
306.83,396.32499999999993
306.892,390.82499999999993
306.954,371.82499999999993
307.017,403.82499999999993
307.079,370.32499999999993
307.141,450.32499999999993
307.203,407.32499999999993
307.266,439.32499999999993
307.328,429.32499999999993
307.39,408.82499999999993
307.452,392.32499999999993
307.514,394.32499999999993
307.577,347.32499999999993
307.639,434.82499999999993
307.701,414.82499999999993
307.763,445.82499999999993
307.825,458.82499999999993
307.887,436.32499999999993
307.949,426.32499999999993
308.012,405.82499999999993
308.074,419.82499999999993
308.136,477.82499999999993
308.198,392.32499999999993
308.26,386.82499999999993
308.322,456.82499999999993
308.384,419.82499999999993
308.446,449.82499999999993
308.508,426.82499999999993
308.57,506.82499999999993
308.632,432.32499999999993
308.694,512.3249999999999
308.756,511.82499999999993
308.818,440.32499999999993
308.88,512.3249999999999
308.942,500.82499999999993
309.004,476.82499999999993
309.066,451.82499999999993
309.128,497.82499999999993
309.19,551.3249999999999
309.252,469.82499999999993
309.314,458.82499999999993
309.376,510.32499999999993
309.438,524.8249999999999
309.5,466.82499999999993
309.562,531.8249999999999
309.624,512.3249999999999
309.686,543.3249999999999
309.747,583.8249999999999
309.809,486.32499999999993
309.871,514.3249999999999
309.933,514.3249999999999
309.995,521.8249999999999
310.057,503.82499999999993
310.119,462.32499999999993
310.18,451.32499999999993
310.242,531.3249999999999
310.304,455.32499999999993
310.366,491.82499999999993
310.428,424.82499999999993
310.489,468.32499999999993
310.551,496.82499999999993
310.613,457.32499999999993
310.675,448.32499999999993
310.737,476.32499999999993
310.798,472.32499999999993
310.86,502.32499999999993
310.922,504.82499999999993
310.983,381.82499999999993
311.045,473.82499999999993
311.107,485.32499999999993
311.169,457.32499999999993
311.23,470.32499999999993
311.292,430.82499999999993
311.354,420.82499999999993
311.415,449.82499999999993
311.477,433.32499999999993
311.539,362.82499999999993
311.6,433.82499999999993
311.662,516.3249999999999
311.724,464.82499999999993
311.785,442.82499999999993
311.847,432.32499999999993
311.908,382.32499999999993
311.97,470.82499999999993
312.032,417.32499999999993
312.093,415.82499999999993
312.155,482.32499999999993
312.216,467.32499999999993
312.278,457.82499999999993
312.339,414.82499999999993
312.401,467.82499999999993
312.462,426.82499999999993
312.524,445.82499999999993
312.585,468.82499999999993
312.647,428.82499999999993
312.708,442.82499999999993
312.77,498.82499999999993
312.831,464.82499999999993
312.893,436.32499999999993
312.954,432.32499999999993
313.016,464.32499999999993
313.077,514.3249999999999
313.139,443.32499999999993
313.2,509.32499999999993
313.261,481.82499999999993
313.323,469.32499999999993
313.384,380.32499999999993
313.446,464.82499999999993
313.507,485.82499999999993
313.568,445.32499999999993
313.63,411.32499999999993
313.691,415.82499999999993
313.752,452.82499999999993
313.814,446.32499999999993
313.875,508.32499999999993
313.936,415.32499999999993
313.998,415.32499999999993
314.059,471.32499999999993
314.12,427.32499999999993
314.182,445.32499999999993
314.243,456.82499999999993
314.304,436.82499999999993
314.365,422.82499999999993
314.427,495.32499999999993
314.488,406.32499999999993
314.549,460.32499999999993
314.61,451.82499999999993
314.672,419.32499999999993
314.733,462.32499999999993
314.794,499.32499999999993
314.855,537.8249999999999
314.917,500.32499999999993
314.978,436.82499999999993
315.039,453.32499999999993
315.1,447.82499999999993
315.161,426.32499999999993
315.222,476.82499999999993
315.283,425.82499999999993
315.345,416.32499999999993
315.406,424.32499999999993
315.467,441.32499999999993
315.528,507.32499999999993
315.589,447.82499999999993
315.65,424.82499999999993
315.711,504.82499999999993
315.772,454.82499999999993
315.833,455.82499999999993
315.894,450.82499999999993
315.955,475.82499999999993
316.016,434.32499999999993
316.078,447.32499999999993
316.139,452.82499999999993
316.2,428.82499999999993
316.261,431.32499999999993
316.322,417.82499999999993
316.383,447.82499999999993
316.444,414.82499999999993
316.504,451.82499999999993
316.565,470.82499999999993
316.626,489.32499999999993
316.687,441.32499999999993
316.748,392.82499999999993
316.809,422.82499999999993
316.87,412.32499999999993
316.931,379.82499999999993
316.992,397.82499999999993
317.053,400.82499999999993
317.114,449.32499999999993
317.175,422.32499999999993
317.235,402.32499999999993
317.296,430.32499999999993
317.357,449.82499999999993
317.418,414.82499999999993
317.479,451.32499999999993
317.54,460.82499999999993
317.601,525.3249999999999
317.661,376.32499999999993
317.722,461.32499999999993
317.783,421.82499999999993
317.844,424.32499999999993
317.904,374.32499999999993
317.965,442.82499999999993
318.026,387.82499999999993
318.087,486.32499999999993
318.148,402.82499999999993
318.208,368.32499999999993
318.269,505.32499999999993
318.33,508.32499999999993
318.39,455.82499999999993
318.451,396.82499999999993
318.512,406.82499999999993
318.572,412.82499999999993
318.633,418.32499999999993
318.694,494.82499999999993
318.754,396.82499999999993
318.815,452.32499999999993
318.876,436.32499999999993
318.936,467.82499999999993
318.997,370.32499999999993
319.058,403.82499999999993
319.118,370.82499999999993
319.179,357.32499999999993
319.239,424.32499999999993
319.3,471.32499999999993
319.361,423.82499999999993
319.421,371.32499999999993
319.482,402.32499999999993
319.542,458.82499999999993
319.603,426.32499999999993
319.663,419.82499999999993
319.724,396.82499999999993
319.784,421.82499999999993
319.845,427.82499999999993
319.905,439.32499999999993
319.966,416.82499999999993
320.026,379.32499999999993
320.087,412.32499999999993
320.147,435.32499999999993
320.208,347.82499999999993
320.268,400.32499999999993
320.329,445.32499999999993
320.389,356.82499999999993
320.449,432.32499999999993
320.51,460.32499999999993
320.57,477.82499999999993
320.631,417.82499999999993
320.691,426.82499999999993
320.751,408.32499999999993
320.812,440.32499999999993
320.872,427.32499999999993
320.932,436.32499999999993
320.993,429.82499999999993
321.053,394.32499999999993
321.113,404.82499999999993
321.174,419.32499999999993
321.234,423.82499999999993
321.294,418.32499999999993
321.355,405.82499999999993
321.415,416.32499999999993
321.475,436.82499999999993
321.535,363.82499999999993
321.596,435.32499999999993
321.656,407.32499999999993
321.716,425.32499999999993
321.776,369.32499999999993
321.837,472.32499999999993
321.897,405.32499999999993
321.957,486.82499999999993
322.017,469.82499999999993
322.077,380.82499999999993
322.138,464.82499999999993
322.198,441.82499999999993
322.258,407.32499999999993
322.318,490.82499999999993
322.378,394.32499999999993
322.438,486.82499999999993
322.499,375.82499999999993
322.559,467.82499999999993
322.619,391.82499999999993
322.679,353.82499999999993
322.739,442.82499999999993
322.799,417.82499999999993
322.859,389.32499999999993
322.919,424.32499999999993
322.979,396.82499999999993
323.039,368.82499999999993
323.099,373.32499999999993
323.159,402.32499999999993
323.219,409.32499999999993
323.279,420.82499999999993
323.339,368.82499999999993
323.399,397.82499999999993
323.459,333.32499999999993
323.519,394.32499999999993
323.579,461.82499999999993
323.639,486.32499999999993
323.699,422.82499999999993
323.759,415.82499999999993
323.819,458.32499999999993
323.879,406.82499999999993
323.939,337.32499999999993
323.999,444.32499999999993
324.059,419.32499999999993
324.119,405.32499999999993
324.178,365.82499999999993
324.238,456.82499999999993
324.298,366.32499999999993
324.358,368.82499999999993
324.418,374.32499999999993
324.478,471.82499999999993
324.538,414.82499999999993
324.597,401.82499999999993
324.657,403.82499999999993
324.717,425.82499999999993
324.777,430.82499999999993
324.837,438.82499999999993
324.896,413.32499999999993
324.956,396.32499999999993
325.016,446.82499999999993
325.076,392.32499999999993
325.135,353.32499999999993
325.195,457.32499999999993
325.255,418.82499999999993
325.315,423.32499999999993
325.374,429.82499999999993
325.434,371.32499999999993
325.494,467.82499999999993
325.553,471.82499999999993
325.613,462.32499999999993
325.673,419.32499999999993
325.732,473.82499999999993
325.792,478.82499999999993
325.852,411.32499999999993
325.911,362.82499999999993
325.971,417.32499999999993
326.031,398.32499999999993
326.09,397.32499999999993
326.15,431.32499999999993
326.209,455.82499999999993
326.269,420.82499999999993
326.328,424.32499999999993
326.388,448.32499999999993
326.448,498.32499999999993
326.507,462.82499999999993
326.567,444.82499999999993
326.626,387.32499999999993
326.686,397.82499999999993
326.745,419.82499999999993
326.805,430.82499999999993
326.864,495.32499999999993
326.924,438.32499999999993
326.983,424.82499999999993
327.043,448.32499999999993
327.102,441.82499999999993
327.161,439.32499999999993
327.221,384.32499999999993
327.28,450.82499999999993
327.34,462.32499999999993
327.399,453.82499999999993
327.459,403.32499999999993
327.518,420.82499999999993
327.577,399.82499999999993
327.637,404.32499999999993
327.696,413.82499999999993
327.755,381.82499999999993
327.815,394.82499999999993
327.874,452.82499999999993
327.933,406.32499999999993
327.993,450.32499999999993
328.052,474.32499999999993
328.111,444.82499999999993
328.171,439.82499999999993
328.23,481.82499999999993
328.289,471.32499999999993
328.349,452.32499999999993
328.408,447.82499999999993
328.467,409.82499999999993
328.526,407.32499999999993
328.586,396.32499999999993
328.645,452.32499999999993
328.704,472.82499999999993
328.763,409.82499999999993
328.822,443.82499999999993
328.882,481.32499999999993
328.941,460.32499999999993
329.0,447.32499999999993
329.059,426.32499999999993
329.118,403.82499999999993
329.177,401.32499999999993
329.237,420.82499999999993
329.296,523.8249999999999
329.355,445.82499999999993
329.414,483.82499999999993
329.473,382.82499999999993
329.532,454.82499999999993
329.591,468.82499999999993
329.65,525.8249999999999
329.709,489.32499999999993
329.768,553.8249999999999
329.827,502.32499999999993
329.886,520.8249999999999
329.945,587.8249999999999
330.004,601.8249999999999
330.063,680.8249999999999
330.122,953.8249999999999
330.181,1198.825
330.24,1227.825
330.299,1114.8249999999998
330.358,818.3249999999999
330.417,681.8249999999999
330.476,537.3249999999999
330.535,456.82499999999993
330.594,537.3249999999999
330.653,466.82499999999993
330.712,467.32499999999993
330.771,429.32499999999993
330.83,438.32499999999993
330.889,478.32499999999993
330.948,467.32499999999993
331.006,380.82499999999993
331.065,417.32499999999993
331.124,516.8249999999999
331.183,388.82499999999993
331.242,430.32499999999993
331.301,438.82499999999993
331.359,493.32499999999993
331.418,455.32499999999993
331.477,439.32499999999993
331.536,425.32499999999993
331.595,362.32499999999993
331.653,414.82499999999993
331.712,399.32499999999993
331.771,430.82499999999993
331.83,354.82499999999993
331.888,363.82499999999993
331.947,384.82499999999993
332.006,317.82499999999993
332.065,387.32499999999993
332.123,433.82499999999993
332.182,444.32499999999993
332.241,389.32499999999993
332.299,399.82499999999993
332.358,396.32499999999993
332.417,383.82499999999993
332.475,405.32499999999993
332.534,398.32499999999993
332.592,391.32499999999993
332.651,426.82499999999993
332.71,440.32499999999993
332.768,473.82499999999993
332.827,419.32499999999993
332.885,360.32499999999993
332.944,399.82499999999993
333.003,417.32499999999993
333.061,417.82499999999993
333.12,421.32499999999993
333.178,481.82499999999993
333.237,355.32499999999993
333.295,430.32499999999993
333.354,440.82499999999993
333.412,444.32499999999993
333.471,389.82499999999993
333.529,439.32499999999993
333.588,446.32499999999993
333.646,499.32499999999993
333.705,425.82499999999993
333.763,433.82499999999993
333.822,447.32499999999993
333.88,431.82499999999993
333.938,490.82499999999993
333.997,425.32499999999993
334.055,381.82499999999993
334.114,481.82499999999993
334.172,351.32499999999993
334.23,485.32499999999993
334.289,439.32499999999993
334.347,398.82499999999993
334.405,433.82499999999993
334.464,406.82499999999993
334.522,419.82499999999993
334.58,388.32499999999993
334.639,401.32499999999993
334.697,388.32499999999993
334.755,380.82499999999993
334.814,385.82499999999993
334.872,437.32499999999993
334.93,419.82499999999993
334.988,376.82499999999993
335.047,343.82499999999993
335.105,457.32499999999993
335.163,439.32499999999993
335.221,400.32499999999993
335.28,385.32499999999993
335.338,419.32499999999993
335.396,393.32499999999993
335.454,401.32499999999993
335.512,395.82499999999993
335.57,425.82499999999993
335.629,405.82499999999993
335.687,405.82499999999993
335.745,440.82499999999993
335.803,446.32499999999993
335.861,460.82499999999993
335.919,429.82499999999993
335.977,416.82499999999993
336.035,425.82499999999993
336.094,392.82499999999993
336.152,398.32499999999993
336.21,432.32499999999993
336.268,417.32499999999993
336.326,480.82499999999993
336.384,356.82499999999993
336.442,414.82499999999993
336.5,392.82499999999993
336.558,451.32499999999993
336.616,441.32499999999993
336.674,370.32499999999993
336.732,361.32499999999993
336.79,409.82499999999993
336.848,478.82499999999993
336.906,417.82499999999993
336.964,465.32499999999993
337.022,397.32499999999993
337.08,476.82499999999993
337.138,426.32499999999993
337.195,415.32499999999993
337.253,449.82499999999993
337.311,452.32499999999993
337.369,385.32499999999993
337.427,412.82499999999993
337.485,366.82499999999993
337.543,423.82499999999993
337.601,418.82499999999993
337.658,379.82499999999993
337.716,359.82499999999993
337.774,386.32499999999993
337.832,417.82499999999993
337.89,418.82499999999993
337.947,418.82499999999993
338.005,441.32499999999993
338.063,377.82499999999993
338.121,432.82499999999993
338.178,383.82499999999993
338.236,403.82499999999993
338.294,403.82499999999993
338.352,384.32499999999993
338.409,392.32499999999993
338.467,431.32499999999993
338.525,445.32499999999993
338.583,445.32499999999993
338.64,375.32499999999993
338.698,435.32499999999993
338.756,419.82499999999993
338.813,410.82499999999993
338.871,426.32499999999993
338.928,415.32499999999993
338.986,331.325
339.044,456.82499999999993
339.101,382.32499999999993
339.159,405.32499999999993
339.216,406.82499999999993
339.274,350.82499999999993
339.332,381.32499999999993
339.389,396.32499999999993
339.447,458.82499999999993
339.504,433.32499999999993
339.562,360.32499999999993
339.619,428.82499999999993
339.677,498.82499999999993
339.734,405.82499999999993
339.792,360.32499999999993
339.849,432.32499999999993
339.907,393.32499999999993
339.964,451.32499999999993
340.022,443.82499999999993
340.079,388.82499999999993
340.137,370.32499999999993
340.194,366.82499999999993
340.252,348.82499999999993
340.309,382.82499999999993
340.366,400.32499999999993
340.424,413.32499999999993
340.481,414.32499999999993
340.538,406.82499999999993
340.596,415.32499999999993
340.653,440.82499999999993
340.711,404.32499999999993
340.768,443.32499999999993
340.825,415.32499999999993
340.883,418.32499999999993
340.94,394.82499999999993
340.997,380.82499999999993
341.054,366.82499999999993
341.112,329.82499999999993
341.169,405.82499999999993
341.226,416.32499999999993
341.284,370.82499999999993
341.341,418.82499999999993
341.398,366.32499999999993
341.455,397.32499999999993
341.512,429.32499999999993
341.57,391.82499999999993
341.627,395.82499999999993
341.684,339.82499999999993
341.741,350.82499999999993
341.798,381.82499999999993
341.856,365.32499999999993
341.913,410.82499999999993
341.97,354.82499999999993
342.027,393.32499999999993
342.084,365.82499999999993
342.141,405.32499999999993
342.198,407.82499999999993
342.255,447.82499999999993
342.313,370.82499999999993
342.37,378.32499999999993
342.427,452.32499999999993
342.484,412.82499999999993
342.541,444.32499999999993
342.598,399.32499999999993
342.655,395.32499999999993
342.712,427.82499999999993
342.769,408.82499999999993
342.826,336.825
342.883,446.82499999999993
342.94,385.82499999999993
342.997,409.32499999999993
343.054,318.325
343.111,366.82499999999993
343.168,468.32499999999993
343.225,345.32499999999993
343.282,429.32499999999993
343.339,346.325
343.395,414.82499999999993
343.452,460.82499999999993
343.509,472.32499999999993
343.566,398.82499999999993
343.623,396.82499999999993
343.68,408.82499999999993
343.737,423.32499999999993
343.794,449.32499999999993
343.85,378.32499999999993
343.907,449.82499999999993
343.964,436.82499999999993
344.021,353.82499999999993
344.078,381.82499999999993
344.134,437.32499999999993
344.191,475.32499999999993
344.248,463.82499999999993
344.305,410.82499999999993
344.361,447.32499999999993
344.418,384.32499999999993
344.475,394.32499999999993
344.532,512.8249999999999
344.588,395.32499999999993
344.645,417.82499999999993
344.702,450.82499999999993
344.758,405.32499999999993
344.815,411.32499999999993
344.872,450.32499999999993
344.928,492.82499999999993
344.985,470.82499999999993
345.042,462.82499999999993
345.098,412.82499999999993
345.155,413.82499999999993
345.212,420.82499999999993
345.268,453.82499999999993
345.325,512.3249999999999
345.381,441.82499999999993
345.438,488.82499999999993
345.495,419.32499999999993
345.551,445.82499999999993
345.608,441.32499999999993
345.664,392.82499999999993
345.721,425.82499999999993
345.777,383.82499999999993
345.834,396.32499999999993
345.89,408.82499999999993
345.947,446.32499999999993
346.003,459.32499999999993
346.06,419.82499999999993
346.116,454.82499999999993
346.173,419.82499999999993
346.229,404.82499999999993
346.285,406.82499999999993
346.342,437.32499999999993
346.398,451.32499999999993
346.455,489.32499999999993
346.511,513.3249999999999
346.567,439.82499999999993
346.624,455.32499999999993
346.68,438.32499999999993
346.737,432.32499999999993
346.793,419.32499999999993
346.849,440.82499999999993
346.906,430.82499999999993
346.962,458.32499999999993
347.018,463.82499999999993
347.074,402.82499999999993
347.131,433.32499999999993
347.187,429.82499999999993
347.243,448.32499999999993
347.3,448.32499999999993
347.356,468.82499999999993
347.412,449.82499999999993
347.468,419.32499999999993
347.524,448.32499999999993
347.581,443.82499999999993
347.637,491.82499999999993
347.693,408.82499999999993
347.749,391.32499999999993
347.805,380.82499999999993
347.862,449.32499999999993
347.918,456.32499999999993
347.974,425.82499999999993
348.03,463.32499999999993
348.086,459.82499999999993
348.142,428.82499999999993
348.198,426.32499999999993
348.254,403.32499999999993
348.311,388.32499999999993
348.367,444.32499999999993
348.423,486.32499999999993
348.479,446.82499999999993
348.535,410.32499999999993
348.591,389.32499999999993
348.647,405.82499999999993
348.703,414.32499999999993
348.759,396.82499999999993
348.815,447.32499999999993
348.871,394.82499999999993
348.927,438.82499999999993
348.983,398.82499999999993
349.039,404.32499999999993
349.095,389.82499999999993
349.151,456.32499999999993
349.207,430.32499999999993
349.263,537.3249999999999
349.319,503.82499999999993
349.374,452.32499999999993
349.43,422.32499999999993
349.486,466.82499999999993
349.542,406.82499999999993
349.598,441.32499999999993
349.654,476.32499999999993
349.71,498.82499999999993
349.766,463.32499999999993
349.821,438.32499999999993
349.877,409.32499999999993
349.933,477.32499999999993
349.989,471.82499999999993
350.045,427.82499999999993
350.1,414.82499999999993
350.156,453.32499999999993
350.212,380.82499999999993
350.268,357.82499999999993
350.323,480.32499999999993
350.379,455.82499999999993
350.435,443.32499999999993
350.491,471.82499999999993
350.546,498.82499999999993
350.602,429.32499999999993
350.658,556.3249999999999
350.713,420.32499999999993
350.769,499.82499999999993
350.825,442.32499999999993
350.88,479.82499999999993
350.936,494.32499999999993
350.992,403.32499999999993
351.047,449.32499999999993
351.103,425.82499999999993
351.158,489.32499999999993
351.214,428.82499999999993
351.27,412.82499999999993
351.325,462.82499999999993
351.381,471.82499999999993
351.436,438.32499999999993
351.492,491.32499999999993
351.547,458.32499999999993
351.603,390.32499999999993
351.658,399.82499999999993
351.714,444.82499999999993
351.769,496.32499999999993
351.825,485.32499999999993
351.88,340.82499999999993
351.936,419.82499999999993
351.991,457.82499999999993
352.047,419.32499999999993
352.102,456.82499999999993
352.158,489.82499999999993
352.213,434.32499999999993
352.268,449.82499999999993
352.324,443.82499999999993
352.379,415.32499999999993
352.434,474.82499999999993
352.49,470.32499999999993
352.545,461.82499999999993
352.601,490.32499999999993
352.656,523.8249999999999
352.711,463.82499999999993
352.767,398.82499999999993
352.822,445.32499999999993
352.877,488.82499999999993
352.932,451.82499999999993
352.988,461.32499999999993
353.043,471.82499999999993
353.098,467.32499999999993
353.153,448.82499999999993
353.209,461.82499999999993
353.264,475.82499999999993
353.319,440.32499999999993
353.374,430.32499999999993
353.43,436.32499999999993
353.485,492.32499999999993
353.54,437.32499999999993
353.595,482.32499999999993
353.65,456.32499999999993
353.705,472.82499999999993
353.761,446.82499999999993
353.816,479.82499999999993
353.871,466.82499999999993
353.926,513.3249999999999
353.981,411.82499999999993
354.036,477.82499999999993
354.091,403.32499999999993
354.146,443.32499999999993
354.201,487.32499999999993
354.256,391.32499999999993
354.311,475.82499999999993
354.367,486.82499999999993
354.422,413.32499999999993
354.477,477.82499999999993
354.532,453.82499999999993
354.587,399.82499999999993
354.642,458.82499999999993
354.697,449.32499999999993
354.751,458.32499999999993
354.806,505.32499999999993
354.861,463.32499999999993
354.916,486.82499999999993
354.971,441.82499999999993
355.026,438.82499999999993
355.081,484.32499999999993
355.136,496.82499999999993
355.191,441.32499999999993
355.246,426.32499999999993
355.301,451.32499999999993
355.355,530.8249999999999
355.41,431.82499999999993
355.465,457.32499999999993
355.52,430.82499999999993
355.575,468.82499999999993
355.63,517.3249999999999
355.684,402.32499999999993
355.739,424.32499999999993
355.794,489.82499999999993
355.849,436.32499999999993
355.904,403.82499999999993
355.958,471.82499999999993
356.013,498.82499999999993
356.068,431.32499999999993
356.123,504.82499999999993
356.177,493.82499999999993
356.232,494.82499999999993
356.287,438.82499999999993
356.341,478.32499999999993
356.396,436.82499999999993
356.451,515.3249999999999
356.505,431.82499999999993
356.56,468.82499999999993
356.615,400.82499999999993
356.669,443.32499999999993
356.724,468.32499999999993
356.778,423.32499999999993
356.833,419.32499999999993
356.888,446.82499999999993
356.942,447.82499999999993
356.997,480.82499999999993
357.051,435.32499999999993
357.106,454.82499999999993
357.16,476.32499999999993
357.215,457.82499999999993
357.269,465.82499999999993
357.324,478.32499999999993
357.378,456.32499999999993
357.433,432.82499999999993
357.487,517.3249999999999
357.542,426.82499999999993
357.596,445.32499999999993
357.651,387.82499999999993
357.705,466.82499999999993
357.76,502.32499999999993
357.814,443.82499999999993
357.868,452.82499999999993
357.923,460.82499999999993
357.977,427.82499999999993
358.032,397.32499999999993
358.086,422.82499999999993
358.14,504.82499999999993
358.195,471.82499999999993
358.249,451.82499999999993
358.303,442.32499999999993
358.358,398.82499999999993
358.412,444.82499999999993
358.466,486.32499999999993
358.521,461.32499999999993
358.575,492.82499999999993
358.629,338.32499999999993
358.683,418.32499999999993
358.738,433.82499999999993
358.792,458.82499999999993
358.846,407.82499999999993
358.9,452.32499999999993
358.954,392.32499999999993
359.009,369.32499999999993
359.063,412.32499999999993
359.117,442.82499999999993
359.171,473.32499999999993
359.225,460.82499999999993
359.28,425.32499999999993
359.334,409.32499999999993
359.388,409.82499999999993
359.442,464.32499999999993
359.496,393.82499999999993
359.55,380.32499999999993
359.604,471.32499999999993
359.658,493.32499999999993
359.712,483.82499999999993
359.766,408.32499999999993
359.82,457.32499999999993
359.875,442.32499999999993
359.929,478.32499999999993
359.983,379.82499999999993
360.037,444.82499999999993
360.091,417.82499999999993
360.145,486.82499999999993
360.199,423.82499999999993
360.253,391.32499999999993
360.306,420.82499999999993
360.36,465.32499999999993
360.414,496.82499999999993
360.468,480.82499999999993
360.522,381.32499999999993
360.576,434.32499999999993
360.63,486.32499999999993
360.684,466.82499999999993
360.738,428.82499999999993
360.792,412.32499999999993
360.846,451.82499999999993
360.899,444.82499999999993
360.953,518.3249999999999
361.007,409.32499999999993
361.061,353.82499999999993
361.115,409.32499999999993
361.168,425.82499999999993
361.222,448.82499999999993
361.276,448.82499999999993
361.33,465.32499999999993
361.384,420.32499999999993
361.437,381.82499999999993
361.491,426.32499999999993
361.545,427.82499999999993
361.599,418.82499999999993
361.652,454.32499999999993
361.706,435.32499999999993
361.76,425.82499999999993
361.813,405.82499999999993
361.867,465.82499999999993
361.921,419.82499999999993
361.974,479.32499999999993
362.028,469.32499999999993
362.082,480.32499999999993
362.135,443.32499999999993
362.189,455.82499999999993
362.242,497.32499999999993
362.296,442.32499999999993
362.35,457.82499999999993
362.403,435.32499999999993
362.457,437.82499999999993
362.51,368.82499999999993
362.564,463.82499999999993
362.617,390.32499999999993
362.671,426.32499999999993
362.724,410.82499999999993
362.778,402.32499999999993
362.831,403.32499999999993
362.885,382.82499999999993
362.938,454.32499999999993
354.545,114.025
354.608,119.525
354.671,134.025
354.734,113.525
354.797,64.025
354.86,118.525
354.923,120.025
354.986,112.525
355.05,168.525
355.113,140.525
355.176,120.525
355.239,143.025
355.302,110.025
355.365,152.025
355.428,151.525
355.491,159.025
355.554,132.025
355.617,153.525
355.68,142.025
355.743,109.025
355.806,123.025
355.869,154.525
355.932,120.025
355.995,119.025
356.058,180.525
356.121,151.025
356.184,185.025
356.247,145.025
356.31,173.025
356.373,163.025
356.436,172.525
356.498,174.025
356.561,152.525
356.624,173.025
356.687,190.025
356.75,142.025
356.813,179.025
356.876,173.525
356.939,178.525
357.001,190.525
357.064,146.525
357.127,193.525
357.19,137.025
357.253,191.025
357.316,205.525
357.378,145.525
357.441,206.525
357.504,212.525
357.567,212.525
357.629,199.025
357.692,228.525
357.755,185.525
357.818,218.025
357.88,191.525
357.943,186.025
358.006,174.025
358.069,159.525
358.131,203.025
358.194,185.525
358.257,199.025
358.319,150.025
358.382,201.025
358.445,225.525
358.507,171.525
358.57,177.025
358.633,166.025
358.695,230.525
358.758,185.025
358.821,208.025
358.883,231.525
358.946,177.525
359.008,154.025
359.071,178.525
359.134,235.525
359.196,188.525
359.259,183.525
359.321,186.025
359.384,264.525
359.446,200.525
359.509,214.525
359.571,186.025
359.634,237.025
359.696,170.525
359.759,263.025
359.821,211.025
359.884,215.025
359.946,220.525
360.009,142.025
360.071,217.525
360.134,193.525
360.196,202.525
360.259,195.525
360.321,239.025
360.384,199.525
360.446,203.525
360.508,190.525
360.571,207.025
360.633,163.525
360.696,186.025
360.758,244.525
360.82,219.525
360.883,195.025
360.945,262.025
361.007,246.025
361.07,198.525
361.132,195.525
361.194,224.525
361.257,250.025
361.319,209.025
361.381,208.525
361.443,214.025
361.506,259.525
361.568,256.025
361.63,168.525
361.693,223.025
361.755,247.525
361.817,214.52499999999998
361.879,201.025
361.941,255.025
362.004,214.525
362.066,228.025
362.128,244.025
362.19,234.525
362.252,223.525
362.315,227.025
362.377,206.025
362.439,221.025
362.501,247.025
362.563,254.025
362.625,206.025
362.688,196.025
362.75,216.525
362.812,277.525
362.874,217.025
362.936,207.025
362.998,227.025
363.06,263.025
363.122,232.025
363.184,284.525
363.246,257.525
363.308,233.025
363.37,258.525
363.432,225.525
363.494,225.525
363.556,222.525
363.618,237.025
363.68,297.525
363.742,266.025
363.804,232.025
363.866,245.525
363.928,257.525
363.99,218.525
364.052,233.52499999999998
364.114,225.025
364.176,204.025
364.238,278.525
364.3,264.025
364.362,239.025
364.424,254.525
364.486,253.52499999999998
364.548,189.025
364.609,261.025
364.671,261.525
364.733,234.525
364.795,238.525
364.857,212.025
364.919,256.525
364.981,218.025
365.042,302.525
365.104,241.025
365.166,243.525
365.228,188.525
365.29,230.025
365.351,279.025
365.413,212.525
365.475,265.025
365.537,215.025
365.598,221.525
365.66,260.525
365.722,253.525
365.784,236.525
365.845,235.025
365.907,243.525
365.969,301.025
366.03,274.525
366.092,223.025
366.154,222.025
366.215,279.025
366.277,278.525
366.339,263.025
366.4,272.025
366.462,240.025
366.524,285.025
366.585,268.525
366.647,285.525
366.708,282.025
366.77,252.52499999999998
366.832,279.525
366.893,274.525
366.955,267.525
367.016,248.025
367.078,290.025
367.139,297.525
367.201,214.025
367.262,250.525
367.324,234.025
367.385,207.025
367.447,265.025
367.508,298.525
367.57,239.02499999999998
367.631,280.025
367.693,274.525
367.754,201.525
367.816,299.025
367.877,305.525
367.939,261.025
368.0,263.025
368.062,278.525
368.123,268.525
368.184,234.525
368.246,260.025
368.307,281.525
368.369,219.025
368.43,224.025
368.491,222.525
368.553,268.525
368.614,245.02499999999998
368.675,293.025
368.737,286.525
368.798,198.025
368.859,247.025
368.921,231.525
368.982,239.525
369.043,216.52499999999998
369.104,306.025
369.166,275.525
369.227,293.525
369.288,288.025
369.349,229.52499999999998
369.411,277.525
369.472,266.025
369.533,233.025
369.594,215.025
369.656,235.525
369.717,287.025
369.778,244.525
369.839,281.525
369.9,251.02499999999998
369.961,228.52499999999998
370.023,263.025
370.084,272.525
370.145,264.525
370.206,233.525
370.267,239.525
370.328,275.025
370.389,279.025
370.451,258.025
370.512,256.525
370.573,247.52499999999998
370.634,289.525
370.695,266.525
370.756,252.52499999999998
370.817,241.525
370.878,303.025
370.939,228.025
371.0,296.025
371.061,270.525
371.122,317.025
371.183,256.525
371.244,296.525
371.305,276.525
371.366,296.025
371.427,300.025
371.488,302.525
371.549,297.025
371.61,301.525
371.671,246.025
371.732,265.025
371.793,275.025
371.853,343.025
371.914,296.025
371.975,332.025
372.036,302.525
372.097,275.525
372.158,280.525
372.219,240.025
372.28,248.02499999999998
372.34,276.025
372.401,299.025
372.462,305.525
372.523,301.025
372.584,278.525
372.645,332.025
372.705,329.025
372.766,276.025
372.827,288.525
372.888,310.525
372.948,284.025
373.009,242.025
373.07,289.525
373.131,271.025
373.191,322.525
373.252,304.525
373.313,334.525
373.373,254.025
373.434,293.025
373.495,264.025
373.555,345.025
373.616,287.025
373.677,232.02499999999998
373.737,298.525
373.798,233.02499999999998
373.859,283.525
373.919,279.025
373.98,281.025
374.041,222.52499999999998
374.101,254.02499999999998
374.162,281.025
374.222,268.025
374.283,227.52499999999998
374.343,295.025
374.404,271.525
374.465,337.525
374.525,341.025
374.586,241.52499999999998
374.646,310.025
374.707,291.025
374.767,268.025
374.828,287.025
374.888,271.525
374.949,259.525
375.009,320.525
375.07,314.025
375.13,292.525
375.19,275.025
375.251,278.025
375.311,279.525
375.372,311.525
375.432,307.525
375.493,341.525
375.553,302.025
375.613,294.025
375.674,313.525
375.734,303.025
375.794,272.525
375.855,266.525
375.915,348.525
375.975,311.025
376.036,286.525
376.096,267.025
376.156,275.525
376.217,322.025
376.277,318.025
376.337,319.025
376.398,299.025
376.458,287.525
376.518,307.025
376.578,308.525
376.639,275.525
376.699,332.025
376.759,339.025
376.819,288.525
376.88,247.02499999999998
376.94,323.025
377.0,274.525
377.06,291.525
377.12,335.025
377.18,299.525
377.241,281.025
377.301,364.025
377.361,296.525
377.421,229.02499999999998
377.481,352.025
377.541,296.025
377.601,354.525
377.661,326.025
377.722,367.525
377.782,292.025
377.842,341.525
377.902,347.025
377.962,348.525
378.022,317.525
378.082,323.025
378.142,357.525
378.202,316.525
378.262,344.525
378.322,312.525
378.382,280.025
378.442,365.525
378.502,351.525
378.562,314.025
378.622,318.525
378.682,323.525
378.742,322.525
378.802,343.525
378.862,336.025
378.921,366.025
378.981,364.525
379.041,361.025
379.101,341.025
379.161,378.025
379.221,362.025
379.281,318.025
379.341,346.525
379.401,324.525
379.46,373.525
379.52,319.525
379.58,357.025
379.64,341.525
379.7,343.025
379.759,397.525
379.819,351.525
379.879,362.525
379.939,433.525
379.999,324.525
380.058,400.025
380.118,323.525
380.178,288.025
380.237,360.025
380.297,353.525
380.357,313.525
380.417,409.525
380.476,404.025
380.536,349.525
380.596,364.525
380.655,393.025
380.715,364.025
380.775,354.025
380.834,353.525
380.894,391.025
380.954,342.525
381.013,359.025
381.073,299.025
381.132,438.525
381.192,361.025
381.252,296.525
381.311,409.525
381.371,376.025
381.43,400.525
381.49,386.025
381.549,323.525
381.609,420.525
381.668,353.025
381.728,435.025
381.787,450.025
381.847,402.525
381.906,407.525
381.966,424.525
382.025,391.025
382.085,453.025
382.144,400.025
382.204,445.525
382.263,444.025
382.323,496.025
382.382,445.525
382.441,472.525
382.501,469.525
382.56,440.025
382.619,525.525
382.679,542.525
382.738,488.525
382.798,598.025
382.857,724.025
382.916,706.525
382.976,749.525
383.035,713.025
383.094,761.025
383.154,899.025
383.213,1085.025
383.272,993.025
383.331,863.025
383.391,653.025
383.45,637.025
383.509,638.025
383.568,698.525
383.628,676.525
383.687,796.525
383.746,988.0250000000001
383.805,1238.025
383.864,1384.025
383.924,1047.525
383.983,777.525
384.042,611.025
384.101,612.025
384.16,589.025
384.219,432.525
384.279,583.025
384.338,490.525
384.397,502.025
384.456,420.025
384.515,480.525
384.574,432.525
384.633,473.525
384.692,443.525
384.751,446.525
384.81,449.525
384.869,430.025
384.929,407.025
384.988,417.025
385.047,405.025
385.106,430.025
385.165,441.025
385.224,424.025
385.283,381.025
385.342,409.525
385.401,400.025
385.459,468.025
385.518,479.025
385.577,446.525
385.636,432.025
385.695,404.025
385.754,438.525
385.813,420.525
385.872,418.025
385.931,384.025
385.99,441.525
386.049,426.525
386.107,412.525
386.166,424.025
386.225,407.025
386.284,426.025
386.343,339.525
386.402,403.525
386.46,439.525
386.519,421.525
386.578,407.525
386.637,438.025
386.696,363.525
386.754,420.525
386.813,396.025
386.872,401.025
386.931,425.525
386.989,427.525
387.048,396.525
387.107,457.025
387.165,448.525
387.224,389.025
387.283,419.525
387.342,420.025
387.4,397.025
387.459,418.025
387.517,401.025
387.576,387.025
387.635,385.025
387.693,382.025
387.752,428.025
387.811,394.525
387.869,388.525
387.928,424.025
387.986,426.525
388.045,401.525
388.103,387.525
388.162,417.025
388.221,379.525
388.279,403.025
388.338,491.025
388.396,389.025
388.455,381.525
388.513,417.025
388.572,348.025
388.63,418.025
388.689,422.525
388.747,471.025
388.806,372.525
388.864,383.525
388.922,384.525
388.981,355.525
389.039,385.525
389.098,427.025
389.156,406.025
389.214,349.525
389.273,410.525
389.331,385.525
389.39,428.025
389.448,440.025
389.506,350.525
389.565,421.025
389.623,363.525
389.681,418.025
389.74,450.025
389.798,384.525
389.856,408.525
389.914,371.025
389.973,379.025
390.031,329.525
390.089,397.025
390.147,357.525
390.206,376.025
390.264,435.525
390.322,390.525
390.38,440.025
390.439,373.025
390.497,392.525
390.555,360.025
390.613,412.025
390.671,380.025
390.729,385.025
390.788,377.525
390.846,369.525
390.904,410.025
390.962,353.025
391.02,384.525
391.078,421.525
391.136,399.025
391.194,427.525
391.253,439.025
391.311,393.525
391.369,413.525
391.427,335.025
391.485,377.025
391.543,371.025
391.601,441.525
391.659,351.525
391.717,441.025
391.775,436.525
391.833,436.525
391.891,420.525
391.949,375.025
392.007,382.525
392.065,409.025
392.123,425.025
392.18,455.525
392.238,406.025
392.296,447.525
392.354,412.025
392.412,362.525
392.47,411.525
392.528,445.025
392.586,449.025
392.644,416.525
392.701,429.525
392.759,441.025
392.817,385.025
392.875,376.025
392.933,417.025
392.991,464.525
393.048,417.525
393.106,405.525
393.164,410.025
393.222,469.025
393.279,412.525
393.337,476.025
393.395,547.525
393.453,509.525
393.51,411.525
393.568,421.025
393.626,347.025
393.684,404.025
393.741,410.525
393.799,390.525
393.857,401.025
393.914,413.525
393.972,449.025
394.03,407.525
394.087,456.025
394.145,456.025
394.202,370.525
394.26,457.025
394.318,415.025
394.375,395.025
394.433,428.025
394.49,384.025
394.548,495.525
394.605,428.525
394.663,431.025
394.72,457.525
394.778,381.025
394.836,469.025
394.893,411.025
394.951,391.025
395.008,463.025
395.065,440.025
395.123,438.525
395.18,387.525
395.238,482.025
395.295,435.025
395.353,399.025
395.41,451.525
395.468,449.525
395.525,446.525
395.582,412.525
395.64,451.025
395.697,421.525
395.754,381.525
395.812,420.025
395.869,404.025
395.927,436.525
395.984,458.525
396.041,393.025
396.098,420.525
396.156,476.025
396.213,455.525
396.27,451.525
396.328,421.525
396.385,410.025
396.442,404.025
396.499,468.525
396.557,410.025
396.614,440.025
396.671,457.025
396.728,543.025
396.785,456.025
396.843,493.525
396.9,555.025
396.957,517.525
397.014,477.525
397.071,527.525
397.128,489.025
397.186,447.525
397.243,500.025
397.3,473.525
397.357,446.525
397.414,432.025
397.471,447.025
397.528,415.525
397.585,481.025
397.642,428.025
397.699,418.025
397.756,449.525
397.814,430.525
397.871,495.525
397.928,523.025
397.985,445.525
398.042,419.525
398.099,447.025
398.156,505.525
398.212,490.025
398.269,484.525
398.326,422.025
398.383,505.025
398.44,420.525
398.497,495.025
398.554,436.025
398.611,465.525
398.668,502.525
398.725,524.025
398.782,435.525
398.839,467.525
398.895,577.525
398.952,466.025
399.009,502.025
399.066,466.025
399.123,428.025
399.18,594.025
399.236,505.525
399.293,450.525
399.35,475.525
399.407,502.525
399.463,494.025
399.52,495.025
399.577,470.025
399.634,557.525
399.69,494.525
399.747,632.525
399.804,504.525
399.861,549.525
399.917,621.025
399.974,559.525
400.031,534.525
400.087,467.525
400.144,501.025
400.201,571.025
400.257,487.025
400.314,505.025
400.37,524.525
400.427,534.525
400.484,489.025
400.54,546.025
400.597,478.025
400.653,523.525
400.71,476.025
400.766,493.025
400.823,455.025
400.879,531.025
400.936,475.025
400.993,473.025
401.049,583.525
401.105,503.525
401.162,546.025
401.218,551.525
401.275,449.525
401.331,438.025
401.388,527.025
401.444,511.025
401.501,524.025
401.557,536.525
401.614,463.025
401.67,553.025
401.726,440.525
401.783,500.025
401.839,436.025
401.895,567.025
401.952,576.525
402.008,504.525
402.064,489.025
402.121,509.525
402.177,493.525
402.233,522.525
402.29,541.025
402.346,540.025
402.402,569.525
402.458,486.525
402.515,530.525
402.571,505.525
402.627,502.025
402.683,454.025
402.74,478.525
402.796,511.025
402.852,486.525
402.908,539.525
402.964,522.525
403.021,421.525
403.077,510.525
403.133,461.025
403.189,538.025
403.245,475.025
403.301,524.525
403.357,507.525
403.414,425.525
403.47,517.025
403.526,482.025
403.582,532.025
403.638,597.525
403.694,484.025
403.75,494.025
403.806,530.525
403.862,513.025
403.918,588.025
403.974,519.525
404.03,561.525
404.086,546.025
404.142,521.525
404.198,485.025
404.254,533.525
404.31,541.525
404.366,541.025
404.422,509.025
404.478,602.025
404.534,557.025
404.59,507.025
404.646,612.025
404.701,517.025
404.757,503.025
404.813,587.025
404.869,546.025
404.925,523.525
404.981,519.525
405.037,523.525
405.092,488.525
405.148,583.525
405.204,573.525
405.26,546.025
405.316,608.525
405.371,564.525
405.427,652.025
405.483,495.025
405.539,526.525
405.594,586.525
405.65,542.025
405.706,576.025
405.761,540.525
405.817,560.525
405.873,649.525
405.928,524.525
405.984,525.525
406.04,513.525
406.095,585.525
406.151,551.025
406.207,463.025
406.262,590.025
406.318,567.525
406.374,570.525
406.429,560.525
406.485,559.025
406.54,553.525
406.596,587.525
406.651,557.525
406.707,591.025
406.763,634.525
406.818,564.025
406.874,517.525
406.929,577.025
406.985,658.525
407.04,580.025
407.095,618.025
407.151,612.525
407.206,593.525
407.262,582.525
407.317,701.525
407.373,641.025
407.428,698.025
407.484,607.025
407.539,622.025
407.594,595.025
407.65,651.025
407.705,710.025
407.76,633.525
407.816,577.525
407.871,579.025
407.926,619.025
407.982,639.525
408.037,624.025
408.092,598.025
408.148,625.025
408.203,580.025
408.258,545.025
408.314,687.525
408.369,554.525
408.424,568.025
408.479,655.025
408.534,601.525
408.59,677.025
408.645,643.025
408.7,590.025
408.755,648.525
408.81,583.525
408.866,543.525
408.921,694.525
408.976,627.025
409.031,660.025
409.086,568.525
409.141,575.025
409.196,598.525
409.252,541.525
409.307,638.525
409.362,629.025
409.417,623.525
409.472,645.525
409.527,602.025
409.582,620.025
409.637,584.525
409.692,652.025
409.747,535.525
409.802,568.525
409.857,580.525
409.912,589.025
409.967,518.025
410.022,596.025
410.077,646.025
410.132,658.525
410.187,586.025
410.242,646.025
410.297,586.525
410.351,526.525
410.406,647.025
410.461,567.525
410.516,542.025
410.571,646.025
410.626,662.525
410.681,509.525
410.736,594.525
410.79,592.025
410.845,589.525
410.9,685.525
410.955,539.025
411.01,608.525
411.064,568.025
411.119,564.025
411.174,577.025
411.229,614.025
411.283,538.525
411.338,629.025
411.393,600.525
411.447,559.525
411.502,604.525
411.557,612.025
411.612,597.525
411.666,565.525
411.721,530.025
411.776,673.525
411.83,677.525
411.885,654.025
411.939,647.025
411.994,593.025
412.049,614.525
412.103,599.525
412.158,584.525
412.212,597.525
412.267,562.025
412.322,608.525
412.376,579.025
412.431,650.525
412.485,623.025
412.54,588.525
412.594,664.025
412.649,601.525
412.703,595.025
412.758,562.025
412.812,564.525
412.866,587.525
412.921,531.525
412.975,616.525
413.03,552.525
413.084,659.525
413.139,580.025
413.193,598.025
413.247,680.025
413.302,576.025
413.356,628.025
413.41,609.525
413.465,681.025
413.519,606.525
413.573,571.025
413.628,604.025
413.682,568.025
413.736,537.025
413.791,558.025
413.845,634.025
413.899,589.025
413.953,546.525
414.008,589.525
414.062,598.025
414.116,660.025
414.17,566.525
414.225,619.525
414.279,644.525
414.333,620.025
414.387,640.025
414.441,546.025
414.496,592.525
414.55,615.525
414.604,598.025
414.658,616.525
414.712,682.025
414.766,593.025
414.82,617.525
414.874,660.025
414.928,545.525
414.982,627.525
415.037,575.525
415.091,646.525
415.145,598.025
415.199,574.025
415.253,603.525
415.307,614.025
415.361,619.525
415.415,587.025
415.469,578.025
415.523,685.025
415.577,597.025
415.631,546.025
415.684,624.025
415.738,576.025
415.792,598.525
415.846,620.525
415.9,644.025
415.954,584.525
416.008,655.525
416.062,598.525
416.116,601.025
416.169,620.525
416.223,584.025
416.277,557.525
416.331,610.025
416.385,652.025
416.439,583.525
416.492,537.525
416.546,571.025
416.6,550.025
416.654,584.525
416.707,520.025
416.761,570.525
416.815,632.525
416.869,664.525
416.922,634.525
416.976,672.025
417.03,519.025
417.083,471.525
417.137,644.525
417.191,541.525
417.244,568.025
417.298,544.025
417.352,581.525
417.405,580.025
417.459,557.025
417.512,581.025
417.566,536.525
417.62,612.525
417.673,656.025
417.727,628.525
417.78,627.025
417.834,669.525
417.887,585.525
417.941,716.025
417.994,558.525
418.048,657.025
418.101,650.525
418.155,656.025
418.208,606.025
418.262,565.525
418.315,599.025
418.369,638.025
418.422,680.025
418.476,595.025
418.529,564.525
418.582,548.525
418.636,609.525
418.689,574.025
418.743,620.025
418.796,570.025
418.849,553.525
418.903,626.525
418.956,686.025
419.009,598.025
419.063,669.525
419.116,607.525
419.169,545.525
419.222,660.025
419.276,579.025
419.329,578.025
419.382,579.525
419.435,661.525
419.489,474.525
419.542,577.525
419.595,593.025
419.648,609.525
419.701,588.025
419.755,576.025
419.808,636.025
419.861,590.025
419.914,626.025
419.967,571.025
420.02,597.025
420.073,563.025
420.127,530.525
420.18,599.025
420.233,547.525
420.286,629.025
420.339,572.025
420.392,494.025
420.445,646.025
420.498,552.025
420.551,547.025
420.604,541.025
420.657,543.025
420.71,594.525
420.763,553.025
420.816,569.525
420.869,588.025
420.922,623.525
420.975,608.025
421.028,567.525
421.081,595.525
421.134,561.525
421.187,561.525
421.239,644.525
421.292,563.025
421.345,545.525
421.398,580.025
421.451,579.025
421.504,614.525
421.557,511.025
421.609,571.525
421.662,574.525
421.715,500.525
421.768,598.525
421.821,601.525
421.873,528.025
421.926,534.525
421.979,602.025
422.032,525.025
422.084,584.025
422.137,595.025
422.19,516.025
422.243,598.525
422.295,573.025
422.348,510.525
422.401,519.525
422.453,616.025
422.506,520.525
422.559,495.025
422.611,550.525
422.664,615.525
422.716,629.525
422.769,628.025
422.822,496.525
422.874,514.025
422.927,547.525
422.979,585.525
423.032,545.025
423.084,534.525
423.137,587.025
423.189,545.525
423.242,508.025
423.294,519.525
423.347,531.525
423.399,501.025
423.452,554.525
423.504,525.025
423.557,445.525
423.609,550.525
423.662,584.525
423.714,502.025
423.766,470.025
423.819,559.525
423.871,536.025
423.923,576.025
423.976,543.525
424.028,593.025
424.081,504.025
424.133,543.525
424.185,511.525
424.238,615.525
424.29,536.025
424.342,536.025
424.394,491.025
424.447,532.025
424.499,556.525
424.551,636.525
424.603,601.525
424.656,510.025
424.708,455.025
424.76,562.525
424.812,507.025
424.864,568.025
424.917,517.025
424.969,557.525
425.021,528.525
425.073,576.525
425.125,496.525
425.177,449.525
425.229,491.525
425.282,506.525
425.334,502.025
425.386,535.025
425.438,502.025
425.49,485.025
425.542,554.025
425.594,488.525
425.646,546.025
425.698,482.025
425.75,517.025
425.802,516.025
425.854,520.025
425.906,517.525
425.958,457.525
426.01,478.525
426.062,502.025
426.114,479.025
426.166,488.025
426.218,461.025
426.27,533.525
426.321,467.525
426.373,491.525
426.425,530.525
426.477,489.025
426.529,463.025
426.581,526.025
426.633,489.525
426.684,450.525
426.736,488.025
426.788,511.525
426.84,585.525
426.892,493.025
426.943,454.525
426.995,493.525
427.047,469.025
427.099,499.025
427.15,515.025
427.202,460.025
427.254,520.025
427.306,453.025
427.357,494.525
427.409,505.025
427.461,449.025
427.512,465.025
427.564,519.525
427.616,470.025
427.667,505.025
427.719,528.025
427.77,474.025
427.822,490.025
427.874,482.525
427.925,466.525
427.977,481.525
428.028,468.525
428.08,539.525
428.131,454.525
428.183,431.525
428.234,505.025
428.286,517.025
428.337,514.525
428.389,524.525
428.44,486.525
428.492,507.025
428.543,524.525
428.595,467.525
428.646,502.025
428.697,467.025
428.749,486.525
428.8,453.525
428.852,454.025
428.903,440.525
428.954,479.525
429.006,434.025
429.057,500.025
429.108,549.025
429.16,464.525
429.211,533.525
429.262,457.525
429.314,549.525
429.365,534.025
429.416,525.025
429.467,511.525
429.519,462.025
429.57,549.025
429.621,414.025
429.672,440.525
429.724,505.525
429.775,496.525
429.826,492.025
429.877,435.525
429.928,494.025
429.98,498.525
430.031,470.525
430.082,478.525
430.133,499.525
430.184,424.025
430.235,482.025
430.286,483.025
430.337,495.025
430.388,466.025
430.439,437.525
430.49,473.025
430.542,492.025
430.593,490.525
430.644,455.525
430.695,488.525
430.746,451.025
430.797,528.025
430.848,417.025
430.898,465.025
430.949,400.025
431.0,472.525
431.051,515.025
431.102,443.025
431.153,485.525
431.204,499.025
431.255,459.525
431.306,493.025
431.357,437.025
431.408,475.025
431.458,463.525
431.509,442.525
431.56,385.025
431.611,482.525
431.662,455.525
431.713,503.525
431.763,461.025
431.814,490.025
431.865,439.025
431.916,456.025
431.966,451.025
432.017,413.525
432.068,489.525
432.118,490.025
432.169,421.525
432.22,472.525
432.271,461.525
432.321,510.525
432.372,468.025
432.423,483.025
432.473,481.525
432.524,438.025
432.574,436.025
432.625,483.025
432.676,458.525
432.726,481.525
432.777,409.525
432.827,521.025
432.878,489.025
432.928,420.025
432.979,475.025
433.029,456.525
433.08,420.525
433.13,457.025
433.181,460.025
433.231,470.525
433.282,448.525
433.332,455.525
433.383,501.025
433.433,431.525
433.484,465.025
433.534,454.025
433.585,473.525
433.635,460.525
433.685,502.525
433.736,435.025
433.786,484.025
433.836,481.025
433.887,451.025
433.937,475.025
433.987,436.025
434.038,424.025
434.088,429.525
434.138,452.025
434.189,435.025
434.239,470.525
434.289,407.025
434.339,446.525
434.389,443.025
434.44,495.025
434.49,470.025
434.54,483.525
434.59,488.025
434.64,468.525
434.691,514.525
434.741,535.025
434.791,455.025
434.841,449.025
434.891,422.025
434.941,494.025
434.991,454.525
435.042,412.525
435.092,469.525
435.142,440.525
435.192,505.025
435.242,477.525
435.292,507.525
435.342,425.525
435.392,481.525
435.442,403.025
435.492,507.025
435.542,433.525
435.592,448.025
435.642,483.025
435.692,428.525
435.742,459.025
435.792,391.525
435.842,397.525
435.891,470.025
435.941,437.025
435.991,392.525
436.041,498.525
436.091,459.025
436.141,447.025
436.191,423.025
436.241,468.525
436.29,450.025
436.34,438.525
436.39,517.525
436.44,381.025
436.49,436.525
436.539,388.025
436.589,431.025
436.639,386.525
436.689,416.525
436.738,431.525
436.788,409.525
436.838,390.525
436.887,399.025
436.937,445.525
436.987,394.525
437.036,443.025
437.086,449.525
437.136,455.025
437.185,392.525
437.235,420.025
437.285,384.025
437.334,410.025
437.384,405.525
437.433,408.025
437.483,441.525
437.532,375.525
437.582,424.525
437.631,474.025
437.681,432.525
437.73,408.525
437.78,387.025
437.829,369.025
437.879,381.525
437.928,378.525
437.978,421.025
438.027,394.525
438.077,408.525
438.126,447.525
438.176,404.525
438.225,390.025
438.274,439.025
438.324,350.025
438.373,443.525
438.422,412.025
438.472,395.025
438.521,400.525
438.57,437.025
438.62,420.525
438.669,404.025
438.718,399.025
438.768,415.525
438.817,366.525
438.866,399.525
438.915,415.025
438.965,463.525
439.014,447.025
439.063,497.525
439.112,415.525
439.162,424.525
439.211,417.025
439.26,394.525
439.309,386.025
439.358,413.025
439.407,376.025
439.456,415.025
439.506,387.525
439.555,384.525
439.604,393.525
439.653,401.525
439.702,379.025
439.751,374.025
439.8,412.525
439.849,427.525
439.898,418.025
439.947,390.025
439.996,396.025
440.045,399.525
440.094,444.025
440.143,391.025
440.192,414.525
440.241,423.025
440.29,409.025
440.339,425.525
440.388,396.025
440.437,402.525
440.486,427.025
440.535,361.525
440.583,358.025
440.632,395.025
440.681,384.025
440.73,452.525
440.779,424.025
440.828,405.025
440.876,365.525
440.925,386.025
440.974,412.525
441.023,408.025
441.072,399.025
441.12,404.025
441.169,482.525
441.218,418.525
441.267,379.525
441.315,421.525
441.364,382.525
441.413,449.525
441.461,419.525
441.51,383.025
441.559,457.025
441.607,455.025
441.656,432.025
441.705,438.525
441.753,445.025
441.802,448.025
441.85,424.525
441.899,438.525
441.948,437.525
441.996,391.525
442.045,407.025
442.093,399.025
442.142,331.525
442.19,400.025
442.239,402.025
442.287,450.025
442.336,449.025
442.384,437.525
442.433,368.525
442.481,438.525
442.529,384.525
442.578,405.025
442.626,430.025
442.675,374.025
442.723,386.525
442.771,453.025
442.82,438.525
442.868,436.525
442.917,422.525
442.965,380.025
443.013,409.025
443.062,379.525
443.11,390.025
443.158,392.025
443.206,428.525
443.255,398.525
443.303,413.525
443.351,357.025
443.399,427.525
443.448,391.025
443.496,325.025
443.544,413.025
443.592,377.525
443.64,410.025
443.689,400.025
443.737,374.025
443.785,390.025
443.833,373.525
443.881,404.025
443.929,400.525
443.977,386.025
444.025,358.025
444.074,447.025
444.122,391.525
444.17,399.525
444.218,400.525
444.266,431.525
444.314,441.025
444.362,401.025
444.41,464.025
444.458,407.525
444.506,414.025
444.554,437.525
444.602,442.025
444.65,450.025
444.698,397.525
444.746,441.525
444.793,449.025
444.841,426.525
444.889,463.025
444.937,382.525
444.985,455.025
445.033,355.025
445.081,393.525
445.129,368.025
445.176,464.025
445.224,378.025
445.272,366.025
445.32,376.525
445.368,427.025
445.415,406.025
445.463,428.025
445.511,483.025
445.559,387.525
445.606,454.025
445.654,438.025
445.702,458.525
445.749,428.525
445.797,419.025
445.845,475.525
445.892,431.525
445.94,382.025
445.988,423.025
446.035,455.025
446.083,437.525
446.13,405.525
446.178,367.525
446.226,428.525
446.273,410.025
446.321,434.525
446.368,448.025
446.416,439.525
446.463,453.525
446.511,396.025
446.558,364.525
446.606,441.025
446.653,470.525
446.701,436.525
446.748,423.525
446.796,409.025
446.843,432.525
446.891,399.525
446.938,479.525
446.985,475.525
447.033,430.025
447.08,442.025
447.128,454.025
447.175,461.025
447.222,408.025
447.27,431.525
447.317,456.025
447.364,409.525
447.411,433.025
447.459,421.025
447.506,433.525
447.553,462.525
447.601,483.525
447.648,473.025
447.695,488.025
447.742,514.525
447.789,536.025
447.837,515.025
447.884,474.525
447.931,552.525
447.978,493.025
448.025,487.525
448.072,457.025
448.12,496.025
448.167,527.025
448.214,550.525
448.261,472.525
448.308,495.025
448.355,476.525
448.402,481.025
448.449,432.025
448.496,498.525
448.543,432.525
448.59,505.025
448.637,474.025
448.684,441.025
448.731,466.025
448.778,463.525
448.825,430.525
448.872,442.525
448.919,428.525
448.966,408.025
449.013,409.525
449.06,391.525
449.107,365.025
449.154,470.525
449.2,485.025
449.247,354.025
449.294,394.025
449.341,368.525
449.388,402.525
449.435,337.025
449.481,361.525
449.528,398.525
449.575,460.025
449.622,393.525
449.668,425.025
449.715,384.025
449.762,386.525
449.809,368.025
449.855,390.025
449.902,413.025
449.949,437.525
449.995,403.025
450.042,413.525
450.089,407.525
450.135,400.525
450.182,345.525
450.229,347.025
450.275,406.525
450.322,409.025
450.368,363.025
450.415,418.025
450.462,388.525
450.508,371.525
450.555,420.525
450.601,396.525
450.648,434.525
450.694,435.025
450.741,411.525
450.787,365.525
450.834,311.525
450.88,332.525
450.927,382.025
450.973,363.025
451.019,363.525
451.066,386.025
451.112,358.525
451.159,432.025
451.205,386.525
451.251,396.025
451.298,408.525
451.344,358.025
451.39,369.525
451.437,385.025
451.483,330.025
451.529,346.025
451.576,376.025
451.622,392.525
451.668,395.525
451.714,387.025
451.761,363.525
451.807,355.525
451.853,356.025
451.899,419.525
451.945,382.025
451.992,408.025
452.038,303.525
452.084,343.525
452.13,369.025
452.176,401.025
452.222,406.025
452.268,364.025
452.315,346.025
452.361,382.025
452.407,396.025
452.453,349.025
452.499,381.525
452.545,378.025
452.591,316.525
452.637,314.025
452.683,269.025
452.729,356.525
452.775,341.525
452.821,362.525
452.867,347.525
452.913,434.525
452.959,422.025
453.005,324.525
453.051,398.525
453.097,440.025
453.142,377.525
453.188,370.025
453.234,368.025
453.28,422.525
453.326,369.525
453.372,425.525
453.418,357.525
453.463,356.525
453.509,362.025
453.555,399.525
453.601,346.025
453.647,350.025
453.692,334.525
453.738,338.525
453.784,375.025
453.829,346.025
453.875,375.525
453.921,395.525
453.967,333.025
454.012,349.525
454.058,376.525
454.104,412.525
454.149,321.525
454.195,355.025
454.24,424.525
454.286,337.525
454.332,375.025
454.377,346.025
454.423,313.525
454.468,327.525
454.514,332.025
454.559,380.525
454.605,371.025
454.65,437.525
454.696,371.525
454.741,346.025
454.787,396.525
454.832,323.025
454.878,375.525
454.923,409.025
454.969,371.525
455.014,392.525
455.06,379.525
455.105,309.025
455.15,354.525
455.196,307.025
455.241,414.525
455.286,332.525
455.332,315.525
455.377,380.025
455.422,360.525
455.468,309.025
455.513,325.525
455.558,323.525
455.604,343.025
455.649,316.025
455.694,307.525
455.739,336.525
455.785,301.525
455.83,346.025
455.875,358.025
455.92,366.025
455.965,326.025
456.01,355.525
456.056,333.025
456.101,350.025
456.146,328.525
456.191,359.025
456.236,405.025
456.281,388.525
456.326,357.025
456.371,414.025
456.416,326.525
456.461,369.025
456.507,340.025
456.552,333.525
456.597,319.525
456.642,368.025
456.687,362.525
456.732,322.025
456.776,383.025
456.821,391.025
456.866,323.025
456.911,323.025
456.956,300.525
457.001,343.025
457.046,407.525
457.091,377.525
457.136,361.525
457.181,334.525
457.225,379.525
457.27,296.525
457.315,416.525
457.36,375.525
457.405,386.525
457.45,360.525
457.494,413.525
457.539,311.525
457.584,347.025
457.629,368.525
457.673,355.525
457.718,354.025
457.763,324.525
457.807,309.025
457.852,358.525
457.897,334.525
457.941,323.025
457.986,335.525
458.031,422.025
458.075,347.525
458.12,325.025
458.165,377.525
458.209,362.525
458.254,327.525
458.298,360.525
458.343,314.525
458.387,340.525
458.432,338.525
458.476,374.525
458.521,361.525
458.565,333.025
458.61,381.525
458.654,364.525
458.699,324.525
458.743,334.525
458.788,447.025
458.832,363.025
458.877,338.525
458.921,402.525
458.965,375.525
459.01,354.025
459.054,375.025
459.099,369.025
459.143,381.025
459.187,357.525
459.231,327.025
459.276,315.525
459.32,348.525
459.364,355.525
459.409,362.525
459.453,360.525
459.497,393.525
459.541,377.025
459.586,347.525
459.63,359.525
459.674,370.025
459.718,315.525
459.762,333.025
459.807,380.025
459.851,376.525
459.895,401.025
459.939,450.025
459.983,393.025
460.027,355.025
460.071,350.025
460.115,403.525
460.159,356.025
460.204,338.525
460.248,388.025
460.292,339.525
460.336,400.025
460.38,377.525
460.424,388.525
460.468,354.525
460.512,389.025
460.556,377.525
460.599,394.525
460.643,374.525
460.687,352.525
460.731,370.025
460.775,352.525
460.819,323.525
460.863,414.525
460.907,397.525
460.951,343.025
460.995,374.525
461.038,382.525
461.082,378.025
461.126,343.525
461.17,324.025
461.214,367.025
461.257,320.025
461.301,342.025
461.345,349.025
461.389,395.525
461.432,387.025
461.476,430.025
461.52,329.525
461.563,394.525
461.607,342.025
461.651,433.525
461.694,391.025
461.738,326.525
461.782,355.525
461.825,354.025
461.869,403.525
461.913,400.025
461.956,392.525
462.0,353.525
462.043,415.525
462.087,407.525
462.13,408.025
462.174,374.525
462.217,401.025
462.261,394.525
462.304,408.525
462.348,412.025
462.391,416.525
462.435,388.525
462.478,354.525
462.522,403.025
462.565,433.525
462.608,404.525
462.652,443.025
462.695,391.025
462.739,442.525
462.782,394.525
462.825,421.525
462.869,393.025
462.912,334.025
462.955,418.525
462.998,409.025
463.042,481.525
463.085,376.025
463.128,395.525
463.172,374.025
453.18,621.05
453.319,717.55
453.458,743.55
453.596,666.55
453.735,669.55
453.873,687.05
454.012,750.55
454.15,696.55
454.289,775.05
454.427,761.05
454.566,742.55
454.704,800.55
454.843,806.05
454.981,727.05
455.12,795.05
455.258,833.55
455.397,792.05
455.535,839.55
455.674,800.55
455.812,830.55
455.951,765.55
456.089,943.05
456.227,823.55
456.366,826.55
456.504,812.05
456.642,841.55
456.781,847.05
456.919,828.55
457.057,953.05
457.196,793.05
457.334,846.05
457.472,964.55
457.61,875.05
457.749,933.55
457.887,901.05
458.025,995.55
458.163,1012.55
458.301,1023.55
458.44,975.05
458.578,1155.55
458.716,1087.05
458.854,1054.55
458.992,1135.05
459.13,997.55
459.269,1116.05
459.407,1181.05
459.545,1107.05
459.683,1130.05
459.821,1104.55
459.959,1198.55
460.097,1179.55
460.235,1098.05
460.373,1118.55
460.511,1150.55
460.649,1178.05
460.787,1113.55
460.925,1274.55
461.063,1175.55
461.201,1130.05
461.339,1251.55
461.477,1262.55
461.615,1143.05
461.753,1248.55
461.891,1289.55
462.029,1261.55
462.166,1256.55
462.304,1253.55
462.442,1316.05
462.58,1208.55
462.718,1288.05
462.856,1231.55
462.993,1157.55
463.131,1147.55
463.269,1211.55
463.407,1174.05
463.545,1217.05
463.682,1240.05
463.82,1260.05
463.958,1334.05
464.095,1430.55
464.233,1446.55
464.371,1333.05
464.509,1440.05
464.646,1447.05
464.784,1424.05
464.921,1399.05
465.059,1320.55
465.197,1334.05
465.334,1241.05
465.472,1250.55
465.609,1334.05
465.747,1314.55
465.885,1324.55
466.022,1348.05
466.16,1358.55
466.297,1389.05
466.435,1283.55
466.572,1346.55
466.71,1263.55
466.847,1316.05
466.985,1341.05
467.122,1352.55
467.26,1309.55
467.397,1281.05
467.534,1283.55
467.672,1308.55
467.809,1271.05
467.947,1437.05
468.084,1344.55
468.221,1350.05
468.359,1260.05
468.496,1251.05
468.633,1230.05
468.771,1402.55
468.908,1280.05
469.045,1314.05
469.183,1305.05
469.32,1228.55
469.457,1294.55
469.594,1227.05
469.732,1325.55
469.869,1350.55
470.006,1335.55
470.143,1327.05
470.28,1472.55
470.417,1428.05
470.555,1328.05
470.692,1271.05
470.829,1336.05
470.966,1337.55
471.103,1331.05
471.24,1237.05
471.377,1219.05
471.514,1310.55
471.651,1376.05
471.789,1275.55
471.926,1365.05
472.063,1250.05
472.2,1250.55
472.337,1272.55
472.474,1257.55
472.611,1230.05
472.748,1249.05
472.884,1214.05
473.021,1255.55
473.158,1218.55
473.295,1327.05
473.432,1461.55
473.569,1235.05
473.706,1255.55
473.843,1266.05
473.98,1284.55
474.117,1336.05
474.253,1285.05
474.39,1174.55
474.527,1226.55
474.664,1297.05
474.801,1318.55
474.937,1450.55
475.074,1372.05
475.211,1287.05
475.348,1268.55
475.484,1332.55
475.621,1352.55
475.758,1299.55
475.894,1287.55
476.031,1321.55
476.168,1239.55
476.304,1293.05
476.441,1379.05
476.578,1282.55
476.714,1435.55
476.851,1274.55
476.987,1374.55
477.124,1334.55
477.261,1259.05
477.397,1293.05
477.534,1335.55
477.67,1248.05
477.807,1338.05
477.943,1482.05
478.08,1265.05
478.216,1473.55
478.353,1250.05
478.489,1372.55
478.626,1401.55
478.762,1416.05
478.898,1456.05
479.035,1406.05
479.171,1278.05
479.308,1391.55
479.444,1441.55
479.58,1318.05
479.717,1359.55
479.853,1482.55
479.989,1424.05
480.126,1491.05
480.262,1491.55
480.398,1502.55
480.535,1463.05
480.671,1383.05
480.807,1431.05
480.943,1399.55
481.08,1413.05
481.216,1409.55
481.352,1408.05
481.488,1348.55
481.624,1496.05
481.76,1436.05
481.897,1385.55
482.033,1458.55
482.169,1422.05
482.305,1326.55
482.441,1504.55
482.577,1380.05
482.713,1401.05
482.849,1379.05
482.985,1378.05
483.121,1380.55
483.258,1376.05
483.394,1562.55
483.53,1440.05
483.665,1498.55
483.801,1432.55
483.937,1452.55
484.073,1304.05
484.209,1427.55
484.345,1411.55
484.481,1536.55
484.617,1425.55
484.753,1480.05
484.889,1485.05
485.025,1430.55
485.161,1530.05
485.296,1385.05
485.432,1494.05
485.568,1326.05
485.704,1480.55
485.84,1459.55
485.975,1516.05
486.111,1394.55
486.247,1497.05
486.383,1439.55
486.518,1448.55
486.654,1497.55
486.79,1479.05
486.926,1534.55
487.061,1521.55
487.197,1420.05
487.333,1371.05
487.468,1447.55
487.604,1435.05
487.74,1420.55
487.875,1529.55
488.011,1448.05
488.146,1522.05
488.282,1442.05
488.417,1446.55
488.553,1392.05
488.688,1369.55
488.824,1441.55
488.96,1524.05
489.095,1526.05
489.23,1401.55
489.366,1477.55
489.501,1541.05
489.637,1499.55
489.772,1483.55
489.908,1607.05
490.043,1500.05
490.178,1451.05
490.314,1515.55
490.449,1384.05
490.585,1567.05
490.72,1435.55
490.855,1511.05
490.991,1559.05
491.126,1599.55
491.261,1655.55
491.396,1629.55
491.532,1596.05
491.667,1631.55
491.802,1583.05
491.937,1618.05
492.073,1563.55
492.208,1615.05
492.343,1499.55
492.478,1565.05
492.613,1605.05
492.749,1527.05
492.884,1528.05
493.019,1529.55
493.154,1492.55
493.289,1581.55
493.424,1668.05
493.559,1524.05
493.694,1603.05
493.829,1633.05
493.964,1530.05
494.099,1455.05
494.234,1617.55
494.369,1628.55
494.504,1544.55
494.639,1460.05
494.774,1596.55
494.909,1588.05
495.044,1668.05
495.179,1536.05
495.314,1555.55
495.449,1583.55
495.584,1562.05
495.719,1591.55
495.854,1657.05
495.988,1655.55
496.123,1660.55
496.258,1605.55
496.393,1611.55
496.528,1724.55
496.663,1641.55
496.797,1671.05
496.932,1848.0500000000002
497.067,1802.05
497.202,1825.55
497.336,1892.5500000000002
497.471,1928.5500000000002
497.606,1923.55
497.74,1964.0500000000002
497.875,2053.55
498.01,2224.05
498.144,2239.55
498.279,2464.55
498.414,2345.55
498.548,2290.05
498.683,2319.05
498.817,2169.55
498.952,2187.55
499.087,2212.05
499.221,2135.55
499.356,2053.05
499.49,2271.05
499.625,2391.05
499.759,2165.55
499.894,2396.55
500.028,2415.55
500.162,2183.55
500.297,2392.55
500.431,2304.55
500.566,2365.05
500.7,2410.55
500.835,2255.05
500.969,2297.55
501.103,2273.55
501.238,2209.05
501.372,2191.55
501.506,1960.55
501.641,2042.5500000000002
501.775,2013.05
501.909,2068.55
502.043,1685.05
502.178,1800.05
502.312,1807.55
502.446,1623.05
502.58,1723.55
502.715,1775.55
502.849,1740.55
502.983,1765.55
503.117,1662.05
503.251,1627.05
503.385,1657.05
503.52,1669.55
503.654,1630.05
503.788,1627.55
503.922,1669.55
504.056,1536.05
504.19,1466.05
504.324,1540.05
504.458,1560.05
504.592,1509.55
504.726,1479.55
504.86,1489.05
504.994,1369.55
505.128,1453.05
505.262,1417.05
505.396,1448.05
505.53,1331.55
505.664,1408.05
505.798,1317.55
505.932,1330.05
506.066,1403.55
506.199,1306.55
506.333,1256.55
506.467,1305.55
506.601,1381.05
506.735,1378.55
506.869,1170.05
507.002,1326.05
507.136,1205.55
507.27,1351.55
507.404,1286.05
507.537,1327.55
507.671,1239.55
507.805,1253.05
507.939,1230.05
508.072,1229.55
508.206,1248.05
508.34,1265.55
508.473,1251.55
508.607,1243.05
508.74,1295.55
508.874,1211.55
509.008,1177.55
509.141,1394.05
509.275,1268.55
509.408,1186.05
509.542,1106.55
509.675,1165.05
509.809,1157.55
509.942,1199.05
510.076,1081.05
510.209,1217.55
510.343,1084.05
510.476,1139.05
510.61,1184.05
510.743,1199.05
510.877,1165.55
511.01,1155.05
511.143,1069.05
511.277,1107.55
511.41,1247.05
511.543,1171.05
511.677,1188.05
511.81,1129.05
511.943,1244.55
512.077,1190.55
512.21,1171.05
512.343,1115.55
512.476,1175.55
512.61,1112.55
512.743,1187.55
512.876,1239.55
513.009,1138.05
513.142,1230.05
513.276,1185.05
513.409,1086.05
513.542,1135.55
513.675,1113.05
513.808,1087.55
513.941,1229.05
514.074,1096.05
514.207,1146.05
514.34,1206.05
514.474,1224.05
514.607,1173.55
514.74,1198.05
514.873,1278.55
515.006,1338.55
515.139,1302.05
515.272,1273.05
515.404,1457.05
515.537,1375.55
515.67,1288.05
515.803,1299.05
515.936,1189.55
516.069,1253.55
516.202,1313.55
516.335,1228.05
516.468,1357.55
516.6,1508.05
516.733,1930.5500000000002
516.866,2015.55
516.999,1639.05
517.132,2103.55
517.264,3127.05
517.397,3222.05
517.53,2247.55
517.663,1820.05
517.795,1626.55
517.928,1486.05
518.061,1612.05
518.193,2069.55
518.326,3801.55
518.459,4376.55
518.591,3177.05
518.724,1952.05
518.857,1625.05
518.989,1575.55
519.122,1471.55
519.254,1455.55
519.387,1206.05
519.519,1339.55
519.652,1290.55
519.784,1265.05
519.917,1209.05
520.049,1164.05
520.182,1283.55
520.314,1123.05
520.447,1231.05
520.579,1211.05
520.712,1109.55
520.844,1172.55
520.976,1104.05
521.109,1119.05
521.241,1064.55
521.373,1047.55
521.506,1052.55
521.638,1022.55
521.77,1082.55
521.903,1086.55
522.035,988.55
522.167,1051.55
522.3,1091.55
522.432,1001.05
522.564,1037.05
522.696,1007.05
522.828,1074.55
522.961,1011.55
523.093,993.55
523.225,974.05
523.357,1031.05
523.489,905.55
523.621,969.55
523.753,1042.55
523.885,949.05
524.018,1116.55
524.15,957.05
524.282,928.55
524.414,1075.55
524.546,934.05
524.678,939.05
524.81,1033.05
524.942,971.05
525.074,967.05
525.206,901.05
525.338,964.55
525.469,886.55
525.601,957.55
525.733,896.55
525.865,976.55
525.997,943.55
526.129,1009.55
526.261,996.55
526.393,960.05
526.524,932.55
526.656,981.55
526.788,882.55
526.92,950.05
527.052,910.55
527.183,837.55
527.315,940.05
527.447,891.05
527.578,917.55
527.71,969.55
527.842,873.05
527.973,936.05
528.105,936.05
528.237,954.55
528.368,915.55
528.5,928.55
528.632,954.05
528.763,906.05
528.895,957.05
529.026,935.05
529.158,912.05
529.289,873.55
529.421,924.05
529.552,962.05
529.684,804.55
529.815,997.55
529.947,922.05
530.078,993.05
530.21,874.05
530.341,954.55
530.472,950.05
530.604,958.55
530.735,972.05
530.867,893.55
530.998,930.55
531.129,966.55
531.26,921.55
531.392,999.55
531.523,952.55
531.654,961.55
531.786,990.55
531.917,1001.05
532.048,886.05
532.179,969.55
532.311,945.05
532.442,918.05
532.573,1012.05
532.704,984.55
532.835,1016.05
532.966,891.55
533.097,959.55
533.229,939.55
533.36,881.05
533.491,954.55
533.622,954.55
533.753,889.55
533.884,926.05
534.015,1010.55
534.146,1003.05
534.277,920.05
534.408,917.05
534.539,1000.05
534.67,953.05
534.801,855.55
534.932,1001.55
535.063,972.05
535.194,914.05
535.324,930.05
535.455,834.55
535.586,928.55
535.717,838.05
535.848,868.55
535.979,994.05
536.109,923.55
536.24,872.55
536.371,921.05
536.502,910.05
536.632,928.55
536.763,918.55
536.894,886.05
537.025,865.55
537.155,860.05
537.286,924.55
537.417,955.05
537.547,893.05
537.678,973.55
537.808,909.55
537.939,871.05
538.07,938.55
538.2,894.55
538.331,937.55
538.461,963.55
538.592,832.05
538.722,910.05
538.853,845.55
538.983,948.55
539.114,895.05
539.244,893.05
539.375,894.55
539.505,908.05
539.636,947.55
539.766,930.05
539.896,890.05
540.027,927.55
540.157,878.55
540.287,873.55
540.418,941.05
540.548,980.05
540.678,897.55
540.809,978.05
540.939,911.05
541.069,978.05
541.2,907.55
541.33,966.05
541.46,898.55
541.59,869.55
541.72,948.05
541.851,952.55
541.981,935.05
542.111,985.55
542.241,940.05
542.371,1003.05
542.501,1069.55
542.631,1029.55
542.761,1118.05
542.891,1035.05
543.021,1015.55
543.151,1002.55
543.281,1040.55
543.411,1001.55
543.542,934.05
543.671,1027.05
543.801,947.05
543.931,938.55
544.061,981.55
544.191,1015.05
544.321,933.55
544.451,973.05
544.581,944.05
544.711,974.05
544.841,1029.55
544.97,1039.55
545.1,984.55
545.23,1122.05
545.36,1067.05
545.49,1017.55
545.619,1025.05
545.749,1019.55
545.879,997.05
546.009,911.55
546.138,970.55
546.268,960.05
546.398,980.55
546.527,949.55
546.657,951.55
546.786,978.55
546.916,1010.55
547.046,980.05
547.175,911.05
547.305,1041.55
547.434,975.05
547.564,1021.55
547.693,967.55
547.823,1004.55
547.953,1056.55
548.082,1023.55
548.211,965.55
548.341,1082.05
548.47,1011.05
548.6,1033.55
548.729,1009.55
548.859,934.55
548.988,955.05
549.117,1021.05
549.247,1024.05
549.376,1020.05
549.505,1005.55
549.635,958.05
549.764,1033.05
549.893,933.55
550.023,969.55
550.152,1052.05
550.281,963.05
550.41,962.55
550.539,1024.05
550.669,1031.55
550.798,1014.05
550.927,1019.05
551.056,1011.05
551.185,997.55
551.314,1058.55
551.443,1030.05
551.573,1056.55
551.702,1053.55
551.831,1074.55
551.96,947.55
552.089,991.55
552.218,1023.05
552.347,1143.55
552.476,1128.05
552.605,1049.05
552.734,1040.05
552.863,1037.55
552.992,1119.05
553.121,1050.55
553.249,1111.05
553.378,1160.05
553.507,1080.55
553.636,1011.55
553.765,1177.05
553.894,1050.55
554.023,1074.55
554.151,1054.55
554.28,999.05
554.409,993.05
554.538,1072.05
554.666,1056.55
554.795,1057.05
554.924,961.05
555.052,1072.55
555.181,1059.05
555.31,1016.55
555.439,1088.05
555.567,1079.55
555.696,1026.55
555.824,1048.05
555.953,1044.55
556.082,982.55
556.21,909.05
556.339,1062.05
556.467,1060.55
556.596,999.05
556.724,968.05
556.853,947.05
556.981,1016.55
557.11,1015.55
557.238,975.55
557.367,1053.55
557.495,987.55
557.623,990.05
557.752,961.05
557.88,1035.05
558.008,1058.05
558.137,976.55
558.265,1112.55
558.393,993.55
558.522,1120.05
558.65,996.05
558.778,1074.05
558.906,1077.05
559.035,1053.05
559.163,1104.55
559.291,1011.05
559.419,1120.05
559.548,1092.05
559.676,1115.55
559.804,1091.55
559.932,1049.55
560.06,1110.55
560.188,1105.05
560.316,1046.05
560.444,1099.55
560.572,1016.55
560.7,1125.55
560.828,1176.05
560.956,1159.55
561.085,1160.55
561.212,1046.55
561.34,1070.55
561.468,1070.55
561.596,1158.55
561.724,1109.05
561.852,1059.05
561.98,1107.55
562.108,1228.05
562.236,1099.05
562.364,1192.55
562.492,1099.55
562.619,1191.55
562.747,1165.55
562.875,1161.05
563.003,1084.55
563.13,1247.55
563.258,1245.05
563.386,1243.55
563.514,1167.55
563.641,1226.55
563.769,1329.05
563.897,1224.05
564.024,1445.55
564.152,1447.05
564.28,1317.05
564.407,1372.05
564.535,1406.55
564.662,1435.55
564.79,1509.05
564.917,1435.05
565.045,1460.05
565.173,1374.05
565.3,1523.55
565.428,1542.55
565.555,1505.05
565.682,1568.55
565.81,1613.05
565.937,1654.05
566.065,1608.05
566.192,1789.0500000000002
566.32,1779.0500000000002
566.447,1947.5500000000002
566.574,1906.5500000000002
566.702,1884.5500000000002
566.829,1945.0500000000002
566.956,1940.0500000000002
567.083,1985.0500000000002
567.211,2009.5500000000002
567.338,2015.5500000000002
567.465,1891.5500000000002
567.593,2113.05
567.72,2022.5500000000002
567.847,1935.5500000000002
567.974,2169.05
568.101,2355.55
568.228,3180.55
568.356,3711.05
568.483,3709.05
568.61,3443.55
568.737,4177.05
568.864,5328.549999999999
568.991,5286.049999999999
569.118,4565.05
569.245,3769.55
569.372,3363.55
569.499,3056.55
569.626,2802.55
569.753,2618.55
569.88,2489.55
570.007,2188.55
570.134,2191.55
570.261,2170.55
570.388,2082.55
570.515,2094.05
570.642,2025.0500000000002
570.768,1908.0500000000002
570.895,1844.0500000000002
571.022,1878.0500000000002
571.149,1824.0500000000002
571.276,1626.55
571.402,1705.05
571.529,1790.0500000000002
571.656,1625.55
571.783,1721.55
571.909,1682.05
572.036,1629.05
572.163,1629.55
572.289,1566.55
572.416,1447.05
572.543,1497.05
572.669,1500.05
572.796,1526.05
572.922,1550.05
573.049,1457.05
573.176,1456.05
573.302,1410.55
573.429,1432.55
573.555,1387.55
573.682,1374.05
573.808,1349.05
573.935,1382.05
574.061,1375.55
574.188,1443.05
574.314,1404.05
574.44,1314.05
574.567,1270.55
574.693,1268.05
574.82,1400.55
574.946,1464.05
575.072,1385.55
575.198,1452.05
575.325,1448.55
575.451,1263.55
575.577,1373.05
575.704,1347.05
575.83,1401.05
575.956,1374.05
576.082,1359.55
576.208,1327.55
576.335,1333.55
576.461,1272.55
576.587,1355.55
576.713,1302.55
576.839,1415.55
576.965,1396.05
577.091,1380.05
577.217,1332.55
577.343,1240.55
577.469,1318.05
577.596,1391.55
577.722,1360.55
577.848,1227.55
577.974,1424.55
578.099,1298.55
578.225,1338.05
578.351,1309.05
578.477,1318.55
578.603,1413.55
578.729,1459.05
578.855,1437.55
578.981,1395.55
579.107,1359.55
579.232,1392.05
579.358,1426.05
579.484,1486.05
579.61,1427.05
579.735,1506.55
579.861,1388.55
579.987,1528.05
580.113,1465.55
580.238,1474.05
580.364,1491.05
580.49,1567.05
580.615,1468.55
580.741,1518.05
580.867,1530.05
580.992,1549.55
581.118,1655.55
581.243,1591.05
581.369,1585.55
581.494,1530.05
581.62,1510.05
581.745,1694.0500000000002
581.871,1708.5500000000002
581.996,1550.55
582.122,1743.5500000000002
582.247,1698.5500000000002
582.373,1733.0500000000002
582.498,1688.5500000000002
582.624,1779.5500000000002
582.749,1835.0500000000002
582.874,1847.0500000000002
583.0,1853.5500000000002
583.125,1911.0500000000002
583.25,1897.5500000000002
583.376,1889.55
583.501,2095.05
583.626,1977.0500000000002
583.751,2036.0500000000002
583.877,2212.55
584.002,2037.0500000000002
584.127,2347.05
584.252,2207.55
584.377,2273.05
584.503,2455.55
584.628,2578.55
584.753,2515.55
584.878,2569.55
585.003,2649.05
585.128,2606.55
585.253,2695.05
585.378,2840.05
585.503,2904.05
585.628,3033.55
585.753,3182.05
585.878,3212.05
586.003,3214.55
586.128,3490.05
586.253,3504.05
586.378,3695.55
586.503,4022.55
586.628,4038.55
586.753,4440.05
586.878,4587.05
587.003,4924.05
587.127,5228.05
587.252,5515.55
587.377,6074.049999999999
587.502,6550.549999999999
587.627,6862.049999999999
587.751,7358.549999999999
587.876,8177.049999999999
588.001,9000.55
588.125,9887.05
588.25,11244.55
588.375,12538.55
588.499,14490.05
588.624,17660.05
588.749,21166.05
588.873,23696.0495
588.998,23172.0495
589.122,25392.0505
589.247,26998.5505
589.372,24726.5495
589.496,24179.5495
589.621,24757.5495
589.745,24641.5495
589.87,22112.05
589.994,18198.55
590.118,15164.05
590.243,13133.55
590.367,11681.55
590.492,10619.55
590.616,9517.55
590.74,8694.55
590.865,7639.549999999999
590.989,7389.549999999999
591.114,6810.049999999999
591.238,6167.049999999999
591.362,5946.549999999999
591.486,5593.55
591.611,5332.05
591.735,5026.05
591.859,4858.05
591.983,4664.55
592.107,4466.55
592.232,4144.55
592.356,4063.05
592.48,3944.05
592.604,3672.55
592.728,3728.05
592.852,3539.55
592.976,3386.55
593.1,3295.05
593.224,3137.55
593.349,3109.05
593.473,2838.05
593.597,3037.05
593.721,2756.05
593.844,2634.55
593.968,2795.55
594.092,2713.05
594.216,2551.55
594.34,2469.05
594.464,2420.55
594.588,2381.55
594.712,2375.55
594.836,2290.55
594.959,2342.55
595.083,2179.55
595.207,2127.55
595.331,2050.05
595.455,2125.05
595.578,2006.5500000000002
595.702,1905.0500000000002
595.826,1911.0500000000002
595.949,2006.0500000000002
596.073,1926.5500000000002
596.197,1753.05
596.32,1827.5500000000002
596.444,1717.0500000000002
596.568,1741.5500000000002
596.691,1739.5500000000002
596.815,1779.0500000000002
596.938,1756.0500000000002
597.062,1830.5500000000002
597.186,1687.5500000000002
597.309,1676.0500000000002
597.433,1560.55
597.556,1592.05
597.68,1601.05
597.803,1545.05
597.926,1520.05
598.05,1470.55
598.173,1533.55
598.297,1496.05
598.42,1417.05
598.543,1414.05
598.667,1384.55
598.79,1460.55
598.913,1464.05
599.037,1391.55
599.16,1480.55
599.283,1465.55
599.406,1408.05
599.53,1398.05
599.653,1378.55
599.776,1248.05
599.899,1376.55
600.022,1328.05
600.145,1444.05
600.269,1239.55
600.392,1279.05
600.515,1294.55
600.638,1196.05
600.761,1347.55
600.884,1169.55
601.007,1270.05
601.13,1250.55
601.253,1187.55
601.376,1213.55
601.499,1230.55
601.622,1196.05
601.745,1191.05
601.868,1246.05
601.991,1121.55
602.113,1175.55
602.236,1205.55
602.359,1179.05
602.482,1198.05
602.605,1089.55
602.728,1167.55
602.85,1076.05
602.973,1123.05
603.096,1051.05
603.219,1180.55
603.341,1150.55
603.464,1110.55
603.587,1031.05
603.709,1112.05
603.832,1176.05
603.955,1067.05
604.077,1081.55
604.2,1145.05
604.323,1151.55
604.445,1076.55
604.568,1114.55
604.69,1019.55
604.813,1080.55
604.935,1139.55
605.058,1082.55
605.18,1106.55
605.303,1062.05
605.425,1104.55
605.547,1056.05
605.67,1040.55
605.792,1003.55
605.915,1015.55
606.037,1001.55
606.159,1046.55
606.282,1053.55
606.404,1043.55
606.526,983.55
606.648,1076.05
606.771,1074.55
606.893,1067.05
607.015,1015.55
607.137,1005.05
607.26,948.55
607.382,995.05
607.504,1049.05
607.626,963.05
607.748,1049.05
607.87,947.05
607.992,1055.55
608.114,963.05
608.237,1022.55
608.359,1036.55
608.481,972.05
608.603,995.55
608.725,877.05
608.847,955.05
608.969,971.05
609.09,1019.05
609.212,973.05
609.334,992.55
609.456,1027.05
609.578,908.55
609.7,958.55
609.822,885.55
609.944,865.55
610.065,907.55
610.187,968.05
610.309,967.55
610.431,934.05
610.552,950.05
610.674,976.55
610.796,940.05
610.918,904.55
611.039,953.05
611.161,1027.05
611.282,897.05
611.404,941.55
611.526,1017.05
611.647,963.55
611.769,874.05
611.89,922.05
612.012,966.55
612.133,932.05
612.255,993.55
612.377,930.05
612.498,1000.55
612.619,943.05
612.741,921.05
612.862,968.55
612.984,836.05
613.105,910.55
613.226,958.05
613.348,864.05
613.469,960.05
613.59,942.55
613.712,845.55
613.833,863.05
613.954,1063.55
614.076,960.55
614.197,906.05
614.318,1016.55
614.439,956.55
614.56,955.05
614.682,843.05
614.803,852.05
614.924,981.55
615.045,950.55
615.166,1001.55
615.287,1056.55
615.408,1597.0500000000002
615.529,1745.0500000000002
615.65,1547.05
615.771,1303.55
615.892,1291.55
616.013,1766.0500000000002
616.134,2414.55
616.255,2189.55
616.376,1708.5500000000002
616.497,1439.05
616.618,1277.05
616.739,1155.05
616.86,1165.05
616.981,1117.05
617.102,1061.05
617.222,1079.05
617.343,989.55
617.464,1034.55
617.585,969.55
617.705,995.55
617.826,973.55
617.947,835.05
618.068,927.55
618.188,843.55
618.309,959.55
618.43,924.55
618.55,887.55
618.671,893.05
618.791,921.05
618.912,853.05
619.033,883.55
619.153,892.55
619.274,836.55
619.394,851.55
619.515,858.05
619.635,892.05
619.756,842.05
619.876,796.05
619.996,854.55
620.117,858.55
620.237,836.55
620.358,856.05
620.478,892.05
620.598,790.55
620.719,822.05
620.839,877.05
620.959,920.55
621.079,855.05
621.2,803.05
621.32,787.55
621.44,825.55
621.56,867.55
621.681,899.55
621.801,813.55
621.921,820.55
622.041,793.05
622.161,803.55
622.281,848.55
622.401,888.55
622.521,780.05
622.641,812.55
622.761,759.55
622.882,794.55
623.002,792.55
623.121,771.55
623.241,814.05
623.361,752.05
623.481,799.05
623.601,781.05
623.721,803.05
623.841,832.05
623.961,788.05
624.081,778.55
624.201,817.55
624.32,805.05
624.44,723.05
624.56,791.05
624.68,795.55
624.799,765.05
624.919,827.05
625.039,812.55
625.159,784.55
625.278,847.05
625.398,758.05
625.518,745.55
625.637,798.05
625.757,778.05
625.876,766.55
625.996,778.55
626.115,794.55
626.235,729.05
626.354,791.05
626.474,745.05
626.594,755.05
626.713,743.55
626.832,779.55
626.952,755.05
627.071,710.55
627.191,754.55
627.31,761.55
627.429,734.05
627.549,680.05
627.668,742.05
627.787,746.55
627.907,762.05
628.026,755.55
628.145,700.05
628.264,659.05
628.384,722.05
628.503,690.05
628.622,686.55
628.741,754.55
628.86,712.55
628.98,721.55
629.099,747.55
629.218,758.05
629.337,758.55
629.456,740.55
629.575,784.05
629.694,700.05
629.813,747.05
629.932,718.55
630.051,706.55
630.17,791.55
630.289,758.55
630.408,738.55
630.527,670.05
630.646,736.55
630.764,763.55
630.883,777.05
631.002,704.55
631.121,696.05
631.24,654.55
631.359,767.55
631.477,755.55
631.596,771.05
631.715,805.05
631.834,699.55
631.952,671.05
632.071,776.05
632.19,674.05
632.308,695.55
632.427,687.55
632.546,758.55
632.664,737.55
632.783,762.55
632.901,735.05
633.02,757.05
633.138,732.55
633.257,733.05
633.375,702.05
633.494,685.05
633.612,704.05
633.731,739.55
633.849,674.55
633.968,640.05
634.086,727.55
634.204,753.55
634.323,768.55
634.441,670.05
634.559,704.05
634.678,705.05
634.796,740.55
634.914,624.55
635.032,704.55
635.151,621.55
635.269,673.05
635.387,726.05
635.505,670.55
635.623,665.55
635.742,715.05
635.86,716.05
635.978,743.05
636.096,747.55
636.214,679.05
636.332,668.55
636.45,677.55
636.568,682.05
636.686,626.05
636.804,642.05
636.922,721.55
637.04,681.55
637.158,651.55
637.276,706.55
637.394,672.55
637.512,680.55
637.629,714.55
637.747,684.05
637.865,620.55
637.983,679.55
638.101,611.05
638.218,595.55
638.336,681.05
638.454,634.55
638.572,782.55
638.689,581.55
638.807,681.05
638.925,631.55
639.042,683.05
639.16,705.05
639.278,630.55
639.395,672.55
639.513,654.55
639.63,651.55
639.748,678.55
639.865,705.05
639.983,658.05
640.1,627.05
640.218,617.05
640.335,625.55
640.453,621.05
640.57,643.05
640.688,625.05
640.805,617.05
640.922,632.55
641.04,653.55
641.157,638.05
641.274,680.55
641.391,588.55
641.509,614.05
641.626,655.55
641.743,732.05
641.86,673.05
641.978,612.55
642.095,561.55
642.212,682.05
642.329,647.05
642.446,645.55
642.563,614.55
642.681,581.55
642.798,588.05
642.915,596.55
643.032,656.05
643.149,636.05
643.266,635.55
643.383,584.05
643.5,625.55
643.617,591.55
643.734,613.05
643.85,685.05
643.967,658.05
644.084,620.05
644.201,652.05
644.318,653.55
644.435,611.05
644.552,610.05
644.668,646.55
644.785,709.05
644.902,744.55
645.019,664.05
645.135,693.55
645.252,611.55
645.369,636.55
645.485,608.05
645.602,714.55
645.719,694.05
645.835,691.05
645.952,638.05
646.068,712.55
646.185,674.05
646.302,661.05
646.418,675.55
646.535,714.55
646.651,671.05
646.768,603.05
646.884,686.55
647.0,659.05
647.117,582.05
647.233,644.05
647.35,646.05
647.466,785.55
647.582,658.55
647.699,683.55
647.815,671.05
647.931,668.55
648.047,675.55
648.164,627.05
648.28,700.55
648.396,649.05
648.512,680.55
648.629,640.55
648.745,647.05
648.861,691.05
648.977,673.05
649.093,640.55
649.209,690.05
649.325,706.55
649.441,685.05
649.557,708.05
649.673,679.05
649.789,709.55
649.905,625.05
650.021,691.55
650.137,717.55
650.253,717.55
650.369,708.55
650.485,660.05
650.601,705.05
650.717,756.05
650.833,722.05
650.948,660.55
651.064,673.55
651.18,772.05
651.296,706.05
651.411,695.55
651.527,699.55
651.643,735.55
651.759,719.05
651.874,687.55
651.99,692.55
652.105,712.05
652.221,701.55
652.337,719.55
652.452,707.05
652.568,780.55
652.683,734.05
652.799,741.55
652.914,707.05
653.03,747.55
653.145,773.55
653.261,672.55
653.376,716.05
653.492,708.55
653.607,725.55
653.722,738.05
653.838,776.55
653.953,740.05
654.068,831.55
654.184,915.55
654.299,863.55
654.414,774.05
654.53,786.05
654.645,837.05
654.76,976.05
654.875,875.05
654.99,987.05
655.106,877.05
655.221,973.55
655.336,1007.55
655.451,1109.55
655.566,1081.55
655.681,1150.05
655.796,1173.55
655.911,1175.55
656.026,1176.05
656.141,1334.05
656.256,1332.05
656.371,1365.05
656.486,1323.55
656.601,1427.55
656.716,1207.05
656.831,1355.55
656.946,1215.55
657.06,1168.55
657.175,1216.55
657.29,1074.05
657.405,1059.05
657.52,984.05
657.634,1009.05
657.749,1002.55
657.864,1018.55
657.979,926.55
658.093,883.05
658.208,923.55
658.323,904.05
658.437,872.05
658.552,838.05
658.666,830.55
658.781,881.55
658.895,811.05
659.01,852.55
659.125,889.55
659.239,858.05
659.353,791.05
659.468,702.05
659.582,839.55
659.697,755.05
659.811,745.55
659.926,768.55
660.04,772.55
660.154,749.05
660.269,864.55
660.383,734.55
660.497,731.55
660.612,762.55
660.726,755.05
660.84,740.55
660.954,719.05
661.068,730.55
661.183,692.55
661.297,673.55
661.411,665.05
661.525,701.05
661.639,641.05
661.753,691.05
661.867,688.55
661.981,663.55
662.095,626.55
662.209,698.05
662.323,671.55
662.437,628.05
662.551,609.55
662.665,632.55
662.779,622.05
662.893,656.05
663.007,644.55
663.121,628.05
663.235,595.55
663.349,603.05
663.462,608.55
663.576,601.55
663.69,623.05
663.804,563.55
663.917,558.55
664.031,648.55
664.145,595.55
664.258,644.05
664.372,552.55
664.486,579.55
664.599,588.55
664.713,575.55
664.827,596.05
664.94,583.55
665.054,570.55
665.167,513.05
665.281,582.05
665.394,577.55
665.508,644.05
665.621,610.05
665.735,553.55
665.848,535.55
665.961,570.55
666.075,561.05
666.188,570.05
666.301,637.05
666.415,578.05
666.528,554.55
666.641,554.05
666.755,556.55
666.868,540.05
666.981,565.05
667.094,504.54999999999995
667.207,587.05
667.321,503.55
667.434,537.05
667.547,576.05
667.66,531.05
667.773,478.55
667.886,528.05
667.999,539.05
668.112,540.05
668.225,542.05
668.338,531.55
668.451,458.55
668.564,505.55
668.677,506.55
668.79,531.55
668.903,525.05
669.016,511.55
669.129,451.05
669.242,473.55
669.354,510.55
669.467,493.04999999999995
669.58,502.05
669.693,549.05
669.806,487.55
669.918,511.55
670.031,509.04999999999995
670.144,462.55
670.256,495.55
670.369,422.04999999999995
670.482,464.04999999999995
670.594,473.55
670.707,484.05
670.82,436.54999999999995
670.932,541.55
671.045,473.55
671.157,492.05
671.27,491.05
671.382,506.55
671.495,524.05
671.607,514.55
671.72,500.55
671.832,494.05
671.944,508.05
672.057,471.55
672.169,503.55
672.281,499.55
672.394,527.55
672.506,522.05
672.618,546.05
672.731,505.05
672.843,435.04999999999995
672.955,488.55
673.067,425.04999999999995
673.18,464.04999999999995
673.292,490.55
673.404,455.05
673.516,494.55
673.628,497.55
673.74,452.55
673.852,441.04999999999995
673.964,496.05
674.076,443.54999999999995
674.188,448.05
674.3,482.05
674.412,477.55
674.524,479.04999999999995
674.636,500.55
674.748,480.54999999999995
674.86,483.05
674.972,542.55
675.084,470.55
675.196,461.55
675.307,463.05
675.419,453.55
675.531,496.05
675.643,461.05
675.755,437.04999999999995
675.866,466.05
675.978,423.54999999999995
676.09,424.04999999999995
676.201,470.54999999999995
676.313,497.55
676.425,497.55
676.536,476.05
676.648,453.04999999999995
676.759,450.04999999999995
676.871,451.04999999999995
676.983,469.05
677.094,422.55
677.206,490.05
677.317,454.04999999999995
677.429,458.05
677.54,470.05
677.651,405.55
677.763,491.55
677.874,473.05
677.986,495.55
678.097,438.05
678.208,443.54999999999995
678.32,500.05
678.431,456.55
678.542,433.05
678.653,412.55
678.765,449.04999999999995
678.876,468.55
678.987,433.55
679.098,412.55
679.209,403.54999999999995
679.32,431.05
679.432,430.05
679.543,410.55
679.654,393.05
679.765,455.05
679.876,396.54999999999995
679.987,446.05
680.098,420.54999999999995
680.209,453.55
680.32,439.05
680.431,401.04999999999995
680.542,421.55
680.653,466.55
680.763,417.55
680.874,398.54999999999995
680.985,382.55
681.096,408.55
681.207,494.55
681.318,489.55
681.428,470.05
681.539,418.55
681.65,440.05
681.76,456.55
681.871,386.55
681.982,444.05
682.093,402.04999999999995
682.203,427.05
682.314,432.05
682.424,427.05
682.535,392.55
682.646,397.04999999999995
682.756,411.04999999999995
682.867,420.54999999999995
682.977,430.05
683.088,389.54999999999995
683.198,401.55
683.308,390.05
683.419,434.05
683.529,460.05
683.64,391.05
683.75,420.05
683.86,419.54999999999995
683.971,419.05
684.081,464.55
684.191,467.55
684.301,435.05
684.412,396.04999999999995
684.522,412.55
684.632,404.54999999999995
684.742,410.04999999999995
684.852,401.04999999999995
684.963,406.54999999999995
685.073,395.05
685.183,404.04999999999995
685.293,426.05
685.403,437.04999999999995
685.513,409.54999999999995
685.623,381.04999999999995
685.733,372.04999999999995
685.843,413.54999999999995
685.953,418.55
686.063,407.04999999999995
686.173,358.04999999999995
686.283,398.54999999999995
686.393,414.04999999999995
686.503,357.54999999999995
686.612,383.04999999999995
686.722,432.04999999999995
686.832,374.54999999999995
686.942,416.05
687.052,448.55
687.161,314.04999999999995
687.271,422.55
687.381,374.04999999999995
687.491,417.05
687.6,401.05
687.71,442.55
687.82,428.04999999999995
687.929,429.55
688.039,437.05
688.148,397.05
688.258,379.05
688.367,387.55
688.477,429.05
688.586,350.54999999999995
688.696,411.05
688.805,393.04999999999995
688.915,348.55
689.024,414.55
689.134,358.04999999999995
689.243,350.05
689.352,431.04999999999995
689.462,368.55
689.571,417.55
689.68,403.55
689.79,388.55
689.899,451.05
690.008,420.54999999999995
690.117,382.55
690.227,385.05
690.336,419.55
690.445,397.55
690.554,389.05
690.663,449.55
690.772,376.55
690.881,388.05
690.99,362.54999999999995
691.099,439.55
691.209,370.04999999999995
691.318,419.05
691.427,434.55
691.536,377.04999999999995
691.644,367.55
691.753,387.55
691.862,426.55
691.971,402.55
692.08,378.55
692.189,422.05
692.298,380.55
692.406,375.04999999999995
692.515,409.05
692.624,378.05
692.733,421.05
692.842,391.04999999999995
692.95,400.05
693.059,402.05
693.168,395.04999999999995
693.276,417.05
693.385,377.04999999999995
693.494,380.04999999999995
693.602,406.05
693.711,398.55
693.819,409.04999999999995
693.928,367.04999999999995
694.036,389.55
694.145,416.05
694.253,401.54999999999995
694.362,424.05
694.47,411.04999999999995
694.579,416.55
694.687,413.04999999999995
694.795,417.55
694.904,413.05
695.012,383.54999999999995
695.12,456.05
695.229,370.04999999999995
695.337,394.05
695.445,411.04999999999995
695.553,410.05
695.662,407.05
695.77,403.04999999999995
695.878,409.04999999999995
695.986,373.04999999999995
696.094,433.55
696.202,441.05
696.31,359.04999999999995
696.419,372.04999999999995
696.527,379.05
696.635,403.55
696.743,398.55
696.851,401.05
696.959,399.04999999999995
697.067,417.05
697.174,360.54999999999995
697.282,420.54999999999995
697.39,359.54999999999995
697.498,437.55
697.606,385.05
697.714,386.54999999999995
697.822,405.04999999999995
697.929,400.05
698.037,367.05
698.145,410.05
698.253,387.04999999999995
698.36,356.04999999999995
698.468,386.55
698.576,346.04999999999995
698.683,362.04999999999995
698.791,314.54999999999995
698.899,390.04999999999995
699.006,420.55
699.114,439.55
699.221,350.04999999999995
699.329,354.54999999999995
699.436,397.54999999999995
699.544,404.54999999999995
699.651,407.55
699.759,390.55
699.866,351.04999999999995
699.974,303.54999999999995
700.081,307.04999999999995
700.188,388.54999999999995
700.296,411.05
700.403,377.54999999999995
700.51,353.04999999999995
700.618,395.04999999999995
700.725,337.04999999999995
700.832,392.55
700.94,397.05
701.047,398.05
701.154,371.04999999999995
701.261,360.04999999999995
701.368,374.54999999999995
701.475,297.04999999999995
701.582,388.04999999999995
701.69,358.04999999999995
701.797,377.04999999999995
701.904,372.54999999999995
702.011,357.05
702.118,401.04999999999995
702.225,353.55
702.332,384.05
702.439,349.54999999999995
702.546,413.55
702.652,359.55
702.759,428.55
702.866,365.55
702.973,444.05
703.08,439.55
703.187,383.55
703.294,356.05
703.4,337.04999999999995
694.693,621.6625
694.893,763.1625
695.093,753.6625
695.293,816.1625
695.492,825.6625
695.692,715.6625
695.891,816.1625
696.091,790.6625
696.291,826.6625
696.49,762.6625
696.69,784.1625
696.889,719.6625
697.089,794.6625
697.288,758.1625
697.488,831.6625
697.687,717.1625
697.887,751.1625
698.086,788.6625
698.286,745.6625
698.485,773.1625
698.684,768.1625
698.884,833.1625
699.083,820.1625
699.282,865.6625
699.482,924.1625
699.681,731.6625
699.88,824.6625
700.08,833.1625
700.279,784.1625
700.478,766.1625
700.677,882.1625
700.877,787.6625
701.076,830.6625
701.275,851.1625
701.474,906.1625
701.673,942.1625
701.872,784.1625
702.071,816.6625
702.271,877.1625
702.47,842.1625
702.669,785.6625
702.868,886.1625
703.067,849.6625
703.266,987.6625
703.465,947.1625
703.664,886.6625
703.863,847.1625
704.062,878.6625
704.26,858.1625
704.459,853.1625
704.658,892.6625
704.857,817.6625
705.056,787.1625
705.255,822.6625
705.454,911.6625
705.652,861.1625
705.851,919.6625
706.05,996.6625
706.249,799.1625
706.447,858.6625
706.646,867.1625
706.845,1004.1625
707.043,951.1625
707.242,847.1625
707.441,904.6625
707.639,870.1625
707.838,821.1625
708.037,873.1625
708.235,948.6625
708.434,845.6625
708.632,855.6625
708.831,902.1625
709.029,816.1625
709.228,938.6625
709.426,908.1625
709.625,849.1625
709.823,873.1625
710.022,868.1625
710.22,904.1625
710.418,938.1625
710.617,882.1625
710.815,921.1625
711.013,994.6625
711.212,923.1625
711.41,957.6625
711.608,868.1625
711.807,999.6625
712.005,877.1625
712.203,906.1625
712.401,901.6625
712.599,904.6625
712.798,978.6625
712.996,880.6625
713.194,1020.6625
713.392,1003.6625
713.59,918.1625
713.788,872.1625
713.986,969.1625
714.184,1012.6625
714.382,976.1625
714.58,915.1625
714.778,961.1625
714.976,828.1625
715.174,955.1625
715.372,1035.6625
715.57,1155.1625
715.768,1198.6625
715.966,1250.6625
716.164,1175.6625
716.362,1220.6625
716.56,1092.1625
716.758,1077.1625
716.955,1067.6625
717.153,1083.6625
717.351,1053.1625
717.549,980.1625
717.746,1045.1625
717.944,1027.6625
718.142,1004.6625
718.34,1017.6625
718.537,1065.6625
718.735,1102.1625
718.933,1050.1625
719.13,1101.6625
719.328,1036.1625
719.525,1062.1625
719.723,1012.6625
719.92,979.1625
720.118,1084.6625
720.316,1020.1625
720.513,1044.6625
720.711,956.1625
720.908,1015.6625
721.105,1011.6625
721.303,999.1625
721.5,986.6625
721.698,986.1625
721.895,1063.6625
722.092,938.6625
722.29,986.6625
722.487,1038.6625
722.684,1166.6625
722.882,1072.1625
723.079,1055.6625
723.276,1024.6625
723.473,1053.1625
723.671,1062.1625
723.868,1030.1625
724.065,1171.1625
724.262,993.1625
724.459,1125.6625
724.656,1015.6625
724.854,1101.6625
725.051,1072.6625
725.248,1002.6625
725.445,986.1625
725.642,1049.1625
725.839,1107.1625
726.036,1022.6625
726.233,1064.6625
726.43,1005.1625
726.627,1137.6625
726.824,1075.1625
727.021,1084.1625
727.218,972.6625
727.414,1208.1625
727.611,1103.1625
727.808,1011.1625
728.005,1137.6625
728.202,1026.6625
728.399,1034.1625
728.595,1005.1625
728.792,979.6625
728.989,1002.6625
729.186,1093.6625
729.382,1100.1625
729.579,1091.1625
729.776,1098.6625
729.972,1091.6625
730.169,1167.6625
730.366,1059.6625
730.562,1111.6625
730.759,1128.1625
730.955,1089.1625
731.152,1091.6625
731.348,1081.1625
731.545,1106.1625
731.741,1101.1625
731.938,1101.1625
732.134,1148.6625
732.331,1134.6625
732.527,1086.6625
732.724,1107.1625
732.92,1121.6625
733.116,1071.1625
733.313,1181.6625
733.509,1159.6625
733.705,986.6625
733.902,1125.6625
734.098,1091.1625
734.294,1050.6625
734.49,1036.6625
734.687,1151.1625
734.883,1037.1625
735.079,1124.6625
735.275,1054.6625
735.471,1024.1625
735.667,1077.1625
735.863,1119.1625
736.06,1139.6625
736.256,1274.1625
736.452,1017.6625
736.648,1168.6625
736.844,1150.6625
737.04,1161.6625
737.236,1215.1625
737.432,1221.6625
737.628,1086.6625
737.824,1204.1625
738.019,1063.6625
738.215,1155.1625
738.411,1126.6625
738.607,1213.1625
738.803,1169.1625
738.999,1192.1625
739.195,1166.6625
739.39,1161.1625
739.586,1113.6625
739.782,1151.1625
739.978,1203.6625
740.173,1270.6625
740.369,1239.6625
740.565,1219.1625
740.76,1279.6625
740.956,1203.1625
741.152,1142.6625
741.347,1225.1625
741.543,1209.6625
741.738,1402.1625
741.934,1359.1625
742.129,1371.1625
742.325,1546.1625
742.52,1740.6625
742.716,1504.6625
742.911,1637.6625
743.107,1592.1625
743.302,1584.6625
743.498,1538.6625
743.693,1504.1625
743.888,1569.6625
744.084,1766.6625
744.279,2309.6625
744.474,2354.1625
744.67,2057.6625
744.865,1736.6625
745.06,1625.1625
745.255,1646.6625
745.451,1743.6625
745.646,1571.6625
745.841,1576.6625
746.036,1581.6625
746.231,1578.1625
746.426,1652.6625
746.622,2140.1625
746.817,2533.6625
747.012,2799.6625
747.207,2693.6625
747.402,2167.6625
747.597,1992.1625
747.792,1955.1625
747.987,1908.1625
748.182,1788.1625
748.377,1858.1625
748.572,1702.6625
748.767,1512.6625
748.961,1561.1625
749.156,1728.1625
749.351,1505.1625
749.546,1582.1625
749.741,1299.1625
749.936,1546.6625
750.13,1486.1625
750.325,1577.1625
750.52,1382.6625
750.715,1622.1625
750.909,1530.6625
751.104,1448.6625
751.299,1448.1625
751.493,1410.6625
751.688,1473.1625
751.882,1347.6625
752.077,1476.6625
752.272,1405.6625
752.466,1406.1625
752.661,1411.1625
752.855,1360.6625
753.05,1367.6625
753.244,1399.1625
753.439,1287.6625
753.633,1380.6625
753.828,1379.1625
754.022,1259.1625
754.216,1246.6625
754.411,1294.1625
754.605,1316.1625
754.799,1259.1625
754.994,1280.1625
755.188,1450.6625
755.382,1338.1625
755.576,1470.1625
755.771,1299.1625
755.965,1344.6625
756.159,1252.6625
756.353,1347.1625
756.547,1273.6625
756.742,1292.6625
756.936,1295.6625
757.13,1225.1625
757.324,1302.6625
757.518,1240.1625
757.712,1320.1625
757.906,1355.1625
758.1,1320.1625
758.294,1395.6625
758.488,1301.1625
758.682,1261.1625
758.876,1307.1625
759.07,1282.6625
759.264,1324.1625
759.458,1297.6625
759.651,1171.1625
759.845,1222.1625
760.039,1368.6625
760.233,1352.6625
760.427,1281.6625
760.62,1264.1625
760.814,1235.1625
761.008,1236.1625
761.202,1299.6625
761.395,1362.6625
761.589,1277.1625
761.783,1301.6625
761.976,1289.1625
762.17,1305.6625
762.363,1334.1625
762.557,1354.6625
762.75,1284.1625
762.944,1297.1625
763.138,1384.6625
763.331,1266.6625
763.524,1373.1625
763.718,1316.6625
763.911,1326.6625
764.105,1330.1625
764.298,1149.1625
764.492,1402.6625
764.685,1360.6625
764.878,1282.6625
765.072,1321.6625
765.265,1277.6625
765.458,1339.6625
765.651,1247.6625
765.845,1223.1625
766.038,1321.1625
766.231,1510.6625
766.424,2761.6625
766.617,3288.6625
766.811,1696.6625
767.004,1296.6625
767.197,1323.1625
767.39,1333.1625
767.583,1297.6625
767.776,1448.1625
767.969,1340.1625
768.162,1310.1625
768.355,1337.1625
768.548,1527.6625
768.741,1478.1625
768.934,1396.6625
769.127,1467.6625
769.32,1396.1625
769.513,1482.1625
769.706,1598.1625
769.898,2678.1625
770.091,2255.6625
770.284,1449.6625
770.477,1462.1625
770.67,1401.6625
770.862,1584.6625
771.055,1360.1625
771.248,1419.1625
771.441,1331.6625
771.633,1474.6625
771.826,1609.1625
772.018,1483.1625
772.211,1549.1625
772.404,1467.6625
772.596,1483.1625
772.789,1585.6625
772.981,1552.1625
773.174,1522.6625
773.366,1628.1625
773.559,1722.1625
773.751,1773.6625
773.944,1666.6625
774.136,1824.1625
774.329,1750.6625
774.521,1706.6625
774.713,1944.1625
774.906,1923.1625
775.098,2085.1625
775.29,2024.1625
775.483,2154.6625
775.675,2388.1625
775.867,2400.6625
776.059,2412.1625
776.251,3090.6625
776.444,3160.6625
776.636,3650.6625
776.828,4422.1625
777.02,6307.6625
777.212,9211.6625
777.404,10810.662
777.596,9913.6625
777.788,7502.1625
777.98,5371.1625
778.172,4518.6625
778.364,3826.1625
778.556,3349.1625
778.748,3298.1625
778.94,2862.1625
779.132,2600.6625
779.324,2449.6625
779.516,2368.1625
779.708,2062.6625
779.9,2251.1625
780.091,1953.6625
780.283,1870.6625
780.475,1869.6625
780.667,1979.1625
780.859,1782.6625
781.05,1657.6625
781.242,1710.1625
781.434,1611.1625
781.625,1705.6625
781.817,1539.1625
782.008,1606.6625
782.2,1493.6625
782.392,1452.1625
782.583,1496.1625
782.775,1496.1625
782.966,1492.6625
783.158,1408.1625
783.349,1491.6625
783.541,1291.6625
783.732,1434.1625
783.924,1414.1625
784.115,1409.6625
784.306,1431.6625
784.498,1601.1625
784.689,1421.6625
784.88,1447.6625
785.072,1433.1625
785.263,1330.1625
785.454,1457.1625
785.645,1457.6625
785.837,1430.1625
786.028,1287.1625
786.219,1355.6625
786.41,1329.1625
786.601,1349.1625
786.792,1381.6625
786.984,1339.6625
787.175,1453.6625
787.366,1356.1625
787.557,1217.6625
787.748,1267.1625
787.939,1318.1625
788.13,1295.6625
788.321,1447.1625
788.512,1389.6625
788.703,1361.1625
788.894,1431.1625
789.084,1363.1625
789.275,1406.1625
789.466,1261.6625
789.657,1344.6625
789.848,1391.6625
790.039,1428.1625
790.229,1314.1625
790.42,1433.1625
790.611,1351.1625
790.801,1394.1625
790.992,1359.1625
791.183,1333.6625
791.373,1300.6625
791.564,1228.6625
791.755,1336.1625
791.945,1482.6625
792.136,1336.1625
792.326,1368.1625
792.517,1324.1625
792.707,1319.6625
792.898,1341.6625
793.088,1414.1625
793.279,1323.6625
793.469,1539.1625
793.66,1387.6625
793.85,1508.6625
794.04,1601.6625
794.231,1685.6625
794.421,1774.6625
794.611,1791.6625
794.802,2207.1625
794.992,2470.1625
795.182,2424.1625
795.372,1989.6625
795.563,2000.6625
795.753,2002.6625
795.943,1803.6625
796.133,1666.1625
796.323,1779.6625
796.513,1546.1625
796.703,1611.6625
796.893,1486.6625
797.083,1453.6625
797.273,1666.1625
797.463,1547.1625
797.653,1487.6625
797.843,1437.6625
798.033,1372.1625
798.223,1323.6625
798.413,1359.1625
798.603,1409.1625
798.793,1275.1625
798.983,1287.6625
799.172,1456.6625
799.362,1189.6625
799.552,1281.6625
799.742,1232.6625
799.932,1302.6625
800.121,1291.1625
800.311,1232.6625
800.501,1151.1625
800.69,1281.6625
800.88,1299.6625
801.07,1237.1625
801.259,1193.6625
801.449,1324.6625
801.638,1352.6625
801.828,1201.1625
802.017,1322.6625
802.207,1321.1625
802.396,1294.1625
802.586,1317.6625
802.775,1155.1625
802.965,1379.6625
803.154,1185.6625
803.343,1232.6625
803.533,1287.6625
803.722,1250.1625
803.911,1229.1625
804.101,1235.1625
804.29,1353.6625
804.479,1182.1625
804.668,1309.6625
804.857,1181.6625
805.047,1222.1625
805.236,1392.1625
805.425,1378.1625
805.614,1260.1625
805.803,1333.6625
805.992,1295.6625
806.181,1309.1625
806.37,1377.6625
806.559,1267.1625
806.748,1267.1625
806.937,1356.1625
807.126,1431.6625
807.315,1360.1625
807.504,1285.6625
807.693,1344.1625
807.882,1365.6625
808.071,1290.6625
808.26,1326.6625
808.448,1403.6625
808.637,1393.1625
808.826,1454.6625
809.015,1436.1625
809.203,1528.1625
809.392,1581.6625
809.581,1445.6625
809.77,1516.1625
809.958,1547.6625
810.147,1347.6625
810.335,1483.1625
810.524,1494.1625
810.713,1577.6625
810.901,1546.1625
811.09,1687.6625
811.278,1571.6625
811.467,1679.1625
811.655,1715.6625
811.844,1623.6625
812.032,1749.6625
812.22,1704.1625
812.409,1782.6625
812.597,1678.1625
812.785,1832.6625
812.974,1713.1625
813.162,1795.6625
813.35,1863.1625
813.539,1891.1625
813.727,1863.6625
813.915,2006.1625
814.103,2027.1625
814.291,2128.1625
814.479,2047.1625
814.668,2041.6625
814.856,2009.1625
815.044,2091.1625
815.232,2181.6625
815.42,2373.1625
815.608,2557.1625
815.796,2510.1625
815.984,2517.1625
816.172,2662.6625
816.36,2912.6625
816.548,2933.1625
816.736,3269.6625
816.924,3561.6625
817.111,3892.6625
817.299,4197.6625
817.487,4661.6625
817.675,5526.1625
817.863,6752.1625
818.05,9981.1625
818.238,19210.162
818.426,29049.662
818.613,21147.162
818.801,14813.662
818.989,13703.162
819.176,14780.162
819.364,23160.162
819.552,34460.162
819.739,27006.162
819.927,18311.662
820.114,14310.162
820.302,11348.6625
820.489,9502.6625
820.677,8458.1625
820.864,7787.1625
821.052,6979.1625
821.239,6511.6625
821.426,6066.1625
821.614,6395.1625
821.801,6411.6625
821.988,5813.6625
822.176,5499.6625
822.363,5312.1625
822.55,5009.6625
822.737,4716.1625
822.924,4166.6625
823.112,4087.6625
823.299,3753.1625
823.486,3563.6625
823.673,3689.1625
823.86,3298.1625
824.047,2983.6625
824.234,3590.1625
824.421,3484.6625
824.608,3198.1625
824.795,2814.1625
824.982,2731.6625
825.169,2603.6625
825.356,2480.6625
825.543,2329.1625
825.73,2388.1625
825.917,2307.1625
826.104,2091.6625
826.29,2263.6625
826.477,2049.6625
826.664,2002.1625
826.851,1871.6625
827.038,1988.6625
827.224,1935.1625
827.411,1887.1625
827.598,1860.1625
827.784,1883.6625
827.971,1755.1625
828.157,1687.1625
828.344,1663.1625
828.531,1643.6625
828.717,1656.6625
828.904,1500.1625
829.09,1495.1625
829.277,1658.6625
829.463,1503.6625
829.65,1464.6625
829.836,1390.6625
830.022,1462.6625
830.209,1514.6625
830.395,1460.6625
830.581,1491.6625
830.768,1295.6625
830.954,1261.1625
831.14,1369.1625
831.327,1323.1625
831.513,1320.6625
831.699,1347.6625
831.885,1211.6625
832.071,1302.1625
832.257,1221.1625
832.444,1279.6625
832.63,1231.6625
832.816,1236.6625
833.002,1115.1625
833.188,1102.6625
833.374,1133.1625
833.56,1150.6625
833.746,1107.6625
833.932,1132.1625
834.118,1095.1625
834.303,1113.1625
834.489,1069.1625
834.675,1103.1625
834.861,1061.1625
835.047,1178.6625
835.233,1032.6625
835.418,1169.6625
835.604,1028.6625
835.79,1066.6625
835.976,975.6625
836.161,1153.6625
836.347,1074.6625
836.533,1046.1625
836.718,1038.6625
836.904,989.6625
837.089,1062.6625
837.275,956.1625
837.46,1000.6625
837.646,1011.6625
837.831,1006.1625
838.017,977.1625
838.202,1027.6625
838.388,1009.6625
838.573,977.1625
838.759,930.1625
838.944,1086.1625
839.129,970.6625
839.315,981.6625
839.5,1004.6625
839.685,1056.1625
839.87,1012.1625
840.056,997.1625
840.241,1015.1625
840.426,936.1625
840.611,993.6625
840.796,958.1625
840.981,1014.1625
841.166,1040.6625
841.352,987.6625
841.537,986.1625
841.722,1073.1625
841.907,1080.1625
842.092,1010.6625
842.277,1088.1625
842.461,1154.6625
842.646,1166.1625
842.831,1043.6625
843.016,1058.6625
843.201,1164.6625
843.386,1145.6625
843.571,1225.6625
843.755,1362.6625
843.94,1443.6625
844.125,1482.6625
844.31,1775.1625
844.494,2326.1625
844.679,3317.6625
844.864,3599.1625
845.048,2622.1625
845.233,2270.1625
845.418,1876.6625
845.602,1726.1625
845.787,1511.6625
845.971,1533.6625
846.156,1401.6625
846.34,1199.1625
846.525,1156.6625
846.709,1088.6625
846.893,1155.6625
847.078,1076.1625
847.262,1050.6625
847.447,1037.1625
847.631,1094.1625
847.815,977.1625
848.0,1008.1625
848.184,1041.1625
848.368,887.6625
848.552,945.6625
848.736,962.1625
848.921,930.1625
849.105,770.1625
849.289,824.6625
849.473,768.6625
849.657,862.1625
849.841,930.6625
850.025,842.1625
850.209,763.6625
850.393,842.6625
850.577,811.1625
850.761,742.1625
850.945,836.6625
851.129,868.6625
851.313,844.1625
851.497,907.6625
851.68,770.1625
851.864,818.6625
852.048,821.1625
852.232,855.1625
852.416,811.6625
852.599,733.6625
852.783,763.1625
852.967,748.6625
853.15,774.6625
853.334,735.6625
853.518,813.6625
853.701,750.1625
853.885,764.1625
854.068,735.6625
854.252,768.6625
854.435,825.1625
854.619,801.1625
854.802,786.6625
854.986,742.1625
855.169,799.6625
855.353,764.1625
855.536,828.1625
855.719,829.6625
855.903,818.6625
856.086,793.6625
856.269,691.1625
856.452,818.1625
856.636,899.6625
856.819,808.1625
857.002,903.1625
857.185,894.1625
857.368,903.6625
857.552,856.1625
857.735,898.6625
857.918,885.6625
858.101,864.1625
858.284,850.6625
858.467,805.1625
858.65,867.6625
858.833,910.1625
859.016,937.1625
859.199,933.6625
859.382,919.6625
859.564,1054.1625
859.747,1051.1625
859.93,963.6625
860.113,922.6625
860.296,1028.6625
860.478,857.6625
860.661,934.1625
860.844,979.1625
861.027,895.1625
861.209,872.6625
861.392,881.6625
861.575,915.1625
861.757,907.6625
861.94,869.1625
862.122,1018.1625
862.305,1024.1625
862.487,979.6625
862.67,931.6625
862.852,1240.6625
863.035,1508.1625
863.217,1537.1625
863.4,1287.6625
863.582,1173.1625
863.764,1075.6625
863.947,1241.1625
864.129,1079.6625
864.311,1052.6625
864.493,1144.1625
864.676,996.6625
864.858,1035.6625
865.04,1019.6625
865.222,1034.6625
865.404,1074.6625
865.587,1040.1625
865.769,1137.1625
865.951,1145.6625
866.133,1031.1625
866.315,1059.6625
866.497,1035.6625
866.679,1086.6625
866.861,1226.6625
867.043,1195.6625
867.225,1249.6625
867.407,1430.1625
867.589,1455.1625
867.77,1739.6625
867.952,2393.6625
868.134,3428.6625
868.316,3631.1625
868.498,3409.1625
868.679,2922.1625
868.861,2404.1625
869.043,1991.6625
869.224,1816.1625
869.406,1461.1625
869.588,1535.6625
869.769,1447.6625
869.951,1292.1625
870.132,1233.1625
870.314,1536.6625
870.495,1516.1625
870.677,1409.6625
870.858,1388.1625
871.04,1425.1625
871.221,1733.1625
871.403,1703.6625
871.584,1426.6625
871.765,1488.1625
871.947,1564.6625
872.128,1427.6625
872.309,1336.6625
872.491,1163.6625
872.672,1011.6625
872.853,1053.1625
873.034,1007.6625
873.215,956.1625
873.396,961.1625
873.578,868.1625
873.759,831.6625
873.94,865.1625
874.121,816.6625
874.302,817.1625
874.483,716.1625
874.664,794.6625
874.845,817.6625
875.026,793.1625
875.207,766.6625
875.388,726.6625
875.568,792.6625
875.749,731.1625
875.93,763.1625
876.111,848.1625
876.292,702.6625
876.472,705.1625
876.653,649.1625
876.834,648.6625
877.015,723.1625
877.195,700.6625
877.376,670.1625
877.556,663.6625
877.737,662.6625
877.918,680.1625
878.098,668.6625
878.279,690.6625
878.459,627.1625
878.64,690.1625
878.82,630.6625
879.0,683.1625
879.181,684.1625
879.361,619.1625
879.542,614.6625
879.722,709.6625
879.902,665.6625
880.083,583.6625
880.263,641.6625
880.443,680.1625
880.623,785.1625
880.803,899.1625
880.984,772.1625
881.164,720.6625
881.344,672.6625
881.524,667.6625
881.704,706.1625
881.884,740.1625
882.064,772.1625
882.244,725.1625
882.424,809.1625
882.604,656.6625
882.784,681.1625
882.964,696.1625
883.144,672.1625
883.324,643.6625
883.504,643.6625
883.683,633.6625
883.863,676.6625
884.043,613.1625
884.223,638.1625
884.402,567.6625
884.582,584.6625
884.762,569.6625
884.941,630.1625
885.121,665.6625
885.301,580.6625
885.48,658.6625
885.66,588.6625
885.839,672.6625
886.019,564.6625
886.198,585.1625
886.378,671.1625
886.557,609.6625
886.737,620.1625
886.916,629.1625
887.095,572.6625
887.275,599.6625
887.454,569.6625
887.633,621.6625
887.813,595.1625
887.992,536.6625
888.171,559.6625
888.35,559.1625
888.53,577.6625
888.709,613.6625
888.888,546.6625
889.067,565.1625
889.246,594.1625
889.425,531.6625
889.604,601.1625
889.783,571.1625
889.962,570.1625
890.141,484.6625
890.32,535.6625
890.499,605.1625
890.678,491.1625
890.857,566.1625
891.036,578.1625
891.214,573.6625
891.393,486.6625
891.572,603.1625
891.751,514.6625
891.93,555.1625
892.108,554.1625
892.287,574.1625
892.466,515.1625
892.644,589.1625
892.823,515.6625
893.001,570.6625
893.18,560.6625
893.359,539.1625
893.537,584.1625
893.716,605.1625
893.894,609.6625
894.073,563.6625
894.251,537.6625
894.429,495.1625
894.608,560.6625
894.786,541.6625
894.964,509.1625
895.143,515.6625
895.321,494.6625
895.499,589.1625
895.677,553.1625
895.856,543.6625
896.034,593.1625
896.212,532.6625
896.39,538.1625
896.568,513.1625
896.746,517.6625
896.924,587.6625
897.102,592.6625
897.28,526.6625
897.458,554.6625
897.636,633.6625
897.814,598.6625
897.992,519.6625
898.17,570.6625
898.348,552.6625
898.526,634.1625
898.704,589.1625
898.882,524.1625
899.059,578.1625
899.237,524.1625
899.415,594.1625
899.593,618.6625
899.77,573.1625
899.948,546.1625
900.125,579.6625
900.303,605.6625
900.481,590.1625
900.658,567.1625
900.836,579.6625
901.013,558.6625
901.191,571.1625
901.368,559.1625
901.546,666.1625
901.723,576.1625
901.901,644.1625
902.078,619.1625
902.255,608.1625
902.433,634.6625
902.61,604.6625
902.787,659.6625
902.964,632.1625
903.142,681.1625
903.319,728.1625
903.496,721.6625
903.673,677.1625
903.85,766.1625
904.027,752.1625
904.204,752.6625
904.381,798.1625
904.558,974.6625
904.735,1114.1625
904.912,971.6625
905.089,1096.1625
905.266,1036.6625
905.443,915.6625
905.62,863.1625
905.797,783.1625
905.974,813.1625
906.151,776.1625
906.327,807.6625
906.504,807.6625
906.681,821.6625
906.858,762.6625
907.034,649.6625
907.211,670.6625
907.388,727.6625
907.564,732.1625
907.741,692.1625
907.917,706.6625
908.094,642.6625
908.271,636.1625
908.447,697.6625
908.623,616.6625
908.8,613.6625
908.976,632.6625
909.153,606.6625
909.329,606.1625
909.505,611.1625
909.682,628.6625
909.858,611.6625
910.034,661.1625
910.211,623.6625
910.387,613.6625
910.563,699.6625
910.739,646.1625
910.915,572.1625
911.091,638.1625
911.268,595.1625
911.444,578.6625
911.62,536.6625
911.796,630.1625
911.972,609.6625
912.148,568.1625
912.324,647.1625
912.5,597.1625
912.676,598.6625
912.851,542.1625
913.027,546.1625
913.203,651.6625
913.379,485.6625
913.555,605.1625
913.73,583.6625
913.906,534.1625
914.082,528.1625
914.258,608.1625
914.433,548.6625
914.609,564.6625
914.784,547.6625
914.96,490.6625
915.136,521.1625
915.311,606.6625
915.487,571.6625
915.662,535.1625
915.838,637.1625
916.013,611.6625
916.189,505.1625
916.364,603.6625
916.539,561.6625
916.715,647.1625
916.89,667.1625
917.065,554.1625
917.24,538.6625
917.416,565.1625
917.591,581.1625
917.766,573.6625
917.941,633.1625
918.116,623.6625
918.292,558.6625
918.467,649.6625
918.642,601.6625
918.817,603.1625
918.992,508.6625
919.167,593.1625
919.342,610.1625
919.517,654.1625
919.692,605.6625
919.867,560.1625
920.041,654.1625
920.216,626.6625
920.391,718.1625
920.566,692.1625
920.741,681.6625
920.915,696.6625
921.09,842.6625
921.265,946.1625
921.439,1321.1625
921.614,1144.1625
921.789,892.1625
921.963,817.6625
922.138,770.1625
922.312,850.6625
922.487,814.1625
922.661,848.6625
922.836,967.1625
923.01,1114.6625
923.185,983.1625
923.359,898.6625
923.534,868.6625
923.708,910.1625
923.882,1018.1625
924.057,936.1625
924.231,914.1625
924.405,748.1625
924.579,810.1625
924.753,750.6625
924.928,710.6625
925.102,819.6625
925.276,713.6625
925.45,753.6625
925.624,818.1625
925.798,768.6625
925.972,828.1625
926.146,865.6625
926.32,995.6625
926.494,1029.6625
926.668,1043.6625
926.842,1060.6625
927.016,993.6625
927.19,1079.6625
927.363,1028.1625
927.537,881.1625
927.711,970.6625
927.885,965.6625
928.058,888.1625
928.232,866.1625
928.406,870.1625
928.579,814.6625
928.753,884.6625
928.927,794.6625
929.1,761.1625
929.274,740.1625
929.447,834.6625
929.621,682.1625
929.794,807.6625
929.968,698.6625
930.141,693.1625
930.315,741.6625
930.488,701.1625
930.661,754.1625
930.835,749.1625
931.008,694.1625
931.181,678.6625
931.354,661.6625
931.528,669.1625
931.701,689.6625
931.874,651.1625
932.047,680.6625
932.22,655.6625
932.393,667.6625
932.566,632.6625
932.739,696.6625
932.912,667.6625
933.085,549.6625
933.258,696.1625
933.431,495.1625
933.604,610.6625
933.777,625.1625
933.95,611.1625
934.123,586.1625
934.296,632.6625
934.468,631.1625
934.641,589.6625
934.814,623.1625
934.987,605.6625
935.159,647.6625
935.332,623.1625
935.505,638.1625
935.677,620.6625
935.85,615.6625
936.022,594.1625
936.195,574.6625
936.367,620.1625
936.54,597.1625
936.712,643.1625
936.885,558.1625
937.057,654.6625
937.229,667.6625
937.402,620.1625
937.574,741.1625
937.746,628.1625
937.919,654.6625
938.091,702.6625
938.263,724.1625
938.435,783.6625
938.608,910.6625
938.78,1009.6625
938.952,1060.1625
939.124,1094.1625
939.296,1206.6625
939.468,1322.1625
939.64,1062.6625
939.812,1068.1625
939.984,918.1625
940.156,841.6625
940.328,845.1625
940.5,742.6625
940.672,750.1625
940.843,783.6625
941.015,789.6625
941.187,704.1625
941.359,728.6625
941.531,757.6625
941.702,665.6625
941.874,642.6625
942.046,650.1625
942.217,683.1625
942.389,706.1625
942.56,681.6625
942.732,705.6625
942.904,557.6625
943.075,621.1625
943.247,528.1625
943.418,569.6625
943.589,591.6625
943.761,574.1625
943.932,633.1625
944.104,563.1625
944.275,646.6625
944.446,622.6625
944.617,582.6625
944.789,537.1625
944.96,532.1625
945.131,564.1625
945.302,557.1625
945.473,527.6625
945.645,513.1625
945.816,611.6625
945.987,564.6625
946.158,606.6625
946.329,601.6625
946.5,528.6625
946.671,555.6625
946.842,550.6625
947.013,562.6625
947.183,546.1625
947.354,530.6625
947.525,464.1625
947.696,580.6625
947.867,555.6625
948.037,525.6625
948.208,583.6625
948.379,588.6625
948.55,517.6625
948.72,555.6625
948.891,561.6625
949.061,518.1625
949.232,520.6625
949.403,511.1625
949.573,503.6625
949.744,475.1625
949.914,522.6625
950.085,495.1625
950.255,623.1625
950.425,497.1625
950.596,541.1625
950.766,571.1625
950.936,453.6625
951.107,509.1625
951.277,502.6625
951.447,508.6625
951.617,492.1625
951.788,503.6625
951.958,507.1625
952.128,481.1625
952.298,523.1625
952.468,521.1625
952.638,457.1625
952.808,468.6625
952.978,505.1625
953.148,508.6625
953.318,454.6625
953.488,521.6625
953.658,503.6625
953.828,437.6625
953.998,524.1625
954.167,529.6625
954.337,516.1625
954.507,430.1625
954.677,482.6625
954.846,468.1625
955.016,474.6625
955.186,469.1625
955.355,485.1625
955.525,507.1625
955.695,463.6625
955.864,505.1625
956.034,483.6625
956.203,454.1625
956.373,390.1625
956.542,514.6625
956.711,452.1625
956.881,447.6625
957.05,392.1625
957.22,394.6625
957.389,449.1625
957.558,451.1625
957.727,482.6625
957.897,446.1625
958.066,440.6625
958.235,474.1625
958.404,492.1625
958.573,432.1625
958.743,436.6625
958.912,451.6625
959.081,473.1625
959.25,421.6625
959.419,476.6625
959.588,404.1625
959.757,412.6625
959.926,474.6625
960.094,413.1625
960.263,443.1625
960.432,496.1625
960.601,371.6625
960.77,420.6625
960.939,415.6625
961.107,438.6625
961.276,497.1625
961.445,457.1625
961.613,465.1625
961.782,507.6625
961.951,393.6625
962.119,420.1625
962.288,462.6625
962.456,407.6625
962.625,500.6625
962.793,467.1625
962.962,441.1625
963.13,437.1625
963.298,469.1625
963.467,441.1625
963.635,473.1625
963.803,425.1625
963.972,421.6625
964.14,448.6625
964.308,385.6625
964.477,471.6625
964.645,459.6625
964.813,447.1625
964.981,449.6625
965.149,401.6625
965.317,437.6625
965.485,482.6625
965.653,401.6625
965.821,457.1625
965.989,427.1625
966.157,443.1625
966.325,445.6625
966.493,470.6625
966.661,468.6625
966.829,449.6625
966.996,442.1625
967.164,470.1625
967.332,518.1625
967.5,464.1625
967.667,446.6625
967.835,486.6625
968.003,464.6625
968.17,494.1625
968.338,418.1625
968.505,440.6625
968.673,504.1625
968.841,435.1625
969.008,496.6625
969.175,445.1625
969.343,453.1625
969.51,481.6625
969.678,465.6625
969.845,447.6625
970.012,425.6625
970.18,453.6625
970.347,406.6625
970.514,445.1625
970.681,461.6625
970.849,436.6625
971.016,396.6625
971.183,458.1625
971.35,454.6625
971.517,457.6625
971.684,416.6625
971.851,446.6625
972.018,377.6625
972.185,390.1625
972.352,446.1625
972.519,427.1625
972.686,411.1625
972.853,479.1625
973.02,454.1625
973.186,456.1625
973.353,378.6625
973.52,415.6625
973.687,415.1625
973.853,423.1625
974.02,467.1625
974.187,463.6625
974.353,451.1625
974.52,477.1625
974.687,374.6625
974.853,416.6625
975.02,455.1625
975.186,402.1625
975.353,401.6625
975.519,452.1625
975.685,368.1625
975.852,440.6625
976.018,466.6625
976.184,476.6625
976.351,395.1625
976.517,469.1625
976.683,469.1625
976.849,483.1625
977.016,419.6625
977.182,465.6625
977.348,421.1625
977.514,412.6625
977.68,422.6625
977.846,419.6625
978.012,430.1625
978.178,398.1625
978.344,408.1625
978.51,470.6625
978.676,386.1625
978.842,425.6625
979.008,430.1625
979.174,415.1625
979.34,406.1625
979.505,374.1625
979.671,496.6625
979.837,422.6625
980.003,406.6625
980.168,427.6625
980.334,435.6625
980.499,438.1625
980.665,436.6625
980.831,440.6625
980.996,434.1625
981.162,470.1625
981.327,413.1625
981.493,442.6625
981.658,388.6625
981.823,451.6625
981.989,424.6625
982.154,440.6625
982.319,442.1625
982.485,372.6625
982.65,431.6625
982.815,397.1625
982.98,452.6625
983.146,352.1625
983.311,492.6625
983.476,369.6625
983.641,381.6625
983.806,347.1625
983.971,407.1625
984.136,451.6625
984.301,381.1625
984.466,446.1625
984.631,386.1625
984.796,389.6625
984.961,411.6625
985.126,422.6625
985.291,431.6625
985.455,400.6625
985.62,397.1625
985.785,385.1625
985.95,444.6625
986.114,449.1625
986.279,468.1625
986.444,421.1625
986.608,380.1625
986.773,435.6625
986.937,448.6625
987.102,484.1625
987.266,425.6625
987.431,451.6625
987.595,374.6625
987.76,408.1625
987.924,378.1625
988.088,405.1625
988.253,424.6625
988.417,456.6625
988.581,404.6625
988.746,403.6625
988.91,387.1625
989.074,496.1625
989.238,428.6625
989.402,413.6625
989.566,467.1625
989.731,492.1625
989.895,435.1625
990.059,439.6625
990.223,435.1625
990.387,414.6625
990.551,417.6625
990.714,456.1625
990.878,466.1625
991.042,418.1625
991.206,437.6625
991.37,467.6625
991.534,397.6625
991.697,446.6625
991.861,488.6625
992.025,384.6625
992.188,396.6625
992.352,454.1625
992.516,366.6625
992.679,409.6625
992.843,429.1625
993.006,433.6625
993.17,405.1625
993.333,440.6625
993.497,474.6625
993.66,449.6625
993.824,403.1625
993.987,459.6625
994.15,417.1625
994.314,433.1625
994.477,432.6625
994.64,428.6625
994.803,424.6625
994.967,429.6625
995.13,412.6625
995.293,405.1625
995.456,386.1625
995.619,421.1625
995.782,441.1625
995.945,403.6625
996.108,383.1625
996.271,451.1625
996.434,381.1625
996.597,429.1625
996.76,452.6625
996.923,419.6625
997.086,432.1625
997.248,434.6625
997.411,352.6625
997.574,402.1625
997.737,407.6625
997.899,418.1625
998.062,479.1625
998.225,368.6625
998.387,421.6625
998.55,444.1625
998.712,425.1625
998.875,403.6625
999.037,438.6625
999.2,459.6625
999.362,452.1625
999.525,382.6625
999.687,416.1625
999.849,414.1625
1000.012,371.6625
1000.174,412.1625
1000.336,433.6625
1000.499,403.6625
1000.661,451.1625
1000.823,409.1625
1000.985,418.1625
1001.147,434.1625
1001.309,420.1625
1001.471,375.6625
1001.633,433.1625
1001.796,470.1625
1001.958,426.6625
1002.119,401.1625
1002.281,454.6625
1002.443,450.1625
1002.605,523.6625
1002.767,481.6625
1002.929,592.6625
1003.091,506.1625
1003.252,548.6625
1003.414,588.1625
1003.576,569.1625
1003.738,658.1625
1003.899,726.6625
1004.061,752.1625
1004.222,871.1625
1004.384,865.6625
1004.546,820.6625
1004.707,777.1625
1004.869,825.1625
1005.03,880.6625
1005.191,881.1625
1005.353,918.1625
1005.514,776.1625
1005.675,822.1625
1005.837,801.6625
1005.998,786.6625
1006.159,719.6625
1006.321,705.1625
1006.482,698.6625
1006.643,769.6625
1006.804,811.1625
1006.965,752.6625
1007.126,685.1625
1007.287,718.6625
1007.448,772.6625
1007.609,771.1625
1007.77,769.1625
1007.931,757.1625
1008.092,844.6625
1008.253,748.1625
1008.414,770.6625
1008.575,805.1625
1008.736,688.1625
1008.896,679.1625
1009.057,775.6625
1009.218,741.1625
1009.379,793.6625
1009.539,835.6625
1009.7,727.6625
1009.86,810.6625
1010.021,778.1625
1010.182,743.1625
1010.342,802.1625
1010.503,824.1625
1010.663,830.6625
1010.823,815.6625
1010.984,876.1625
1011.144,806.1625
1011.305,915.6625
1011.465,931.6625
1011.625,1021.6625
1011.785,899.1625
1011.946,967.6625
1012.106,1054.6625
1012.266,848.1625
1012.426,957.6625
1012.586,883.6625
1012.746,929.1625
1012.906,1046.6625
1013.066,988.1625
1013.226,897.6625
1013.386,983.1625
1013.546,897.6625
1013.706,903.6625
1013.866,840.6625
1014.026,964.1625
1014.186,882.6625
1014.346,975.6625
1014.505,950.1625
1014.665,956.6625
1014.825,922.1625
1014.985,965.6625
1015.144,1053.6625
1015.304,1049.6625
1015.464,1004.1625
1015.623,968.1625
1015.783,1055.1625
1015.942,1038.1625
1016.102,1153.1625
1016.261,1093.1625
1016.42,1169.1625
1016.58,1329.6625
1016.739,1309.6625
1016.899,1293.6625
1017.058,1449.6625
1017.217,1548.1625
1017.376,1451.6625
1017.536,1397.6625
1017.695,1354.1625
1017.854,1328.1625
1018.013,1326.1625
1018.172,1117.1625
1018.331,1271.6625
1018.49,1311.6625
1018.649,1103.1625
1018.808,1281.6625
1018.967,1333.6625
1019.126,1392.6625
1019.285,1412.6625
1019.444,1368.1625
1019.603,1227.1625
1019.762,1312.1625
1019.921,1343.1625
1020.079,1350.6625
1020.238,1392.6625
1020.397,1382.6625
1020.555,1415.1625
1020.714,1393.6625
1020.873,1548.1625
1021.031,1296.1625
1021.19,1438.1625
1021.348,1422.6625
1021.507,1487.6625
1021.665,1385.1625
1021.824,1486.6625
1021.982,1321.6625
1022.141,1380.1625
1022.299,1539.1625
1022.457,1450.1625
1022.616,1315.6625
1022.774,1381.1625
1022.932,1493.6625
1023.09,1410.6625
1023.249,1568.6625
1023.407,1421.1625
1023.565,1454.6625
1023.723,1586.6625
1023.881,1641.6625
1024.039,1586.6625
1024.197,1499.1625
1024.355,1262.6625
1024.513,1433.1625
1024.671,1758.6625
1024.829,1576.6625
1024.987,1463.6625
1025.145,1481.1625
1025.302,1537.1625
1025.46,1641.1625
1025.618,1775.1625
1025.776,1438.6625
1025.933,1447.6625
1026.091,1662.6625
1026.249,1716.1625
1026.406,1703.6625
1026.564,1572.1625
1026.721,1629.6625
1026.879,1540.6625
1027.036,1656.1625
1027.194,1914.1625
1027.351,1582.6625
1027.509,1460.1625
1027.666,1405.6625
1027.823,1653.1625
1027.981,2048.6625
1028.138,1827.6625
1028.295,1723.1625
1028.452,1461.6625
1028.609,1502.6625
1028.767,1786.6625
1028.924,2051.6625
1029.081,1882.1625
1029.238,1644.6625
1029.395,1487.6625
1029.552,1698.6625
1029.709,2051.6625
1029.866,2050.1625
1030.023,1901.6625
1030.18,1634.6625
1030.337,1515.1625
1030.494,1712.1625
1030.65,1909.6625
1030.807,2042.1625
1030.964,1928.1625
1031.121,1839.6625
1031.277,1563.6625
1031.434,1594.6625
1031.591,1867.1625
1031.747,2028.1625
1031.904,2113.1625
1032.06,1866.1625
1032.217,1840.6625
1032.373,1726.1625
1032.53,1806.6625
1032.686,2270.1625
1032.843,2135.1625
1032.999,2016.6625
1033.155,2055.1625
1033.312,1957.6625
1033.468,1989.1625
1033.624,2490.1625
1033.78,2589.1625
1033.937,2790.6625
1034.093,2690.1625
1034.249,2797.1625
1034.405,2544.1625
1034.561,2682.1625
1034.717,2823.6625
1034.873,2810.6625
1035.029,3049.6625
1035.185,2798.6625
1035.341,2629.6625
1035.497,2753.1625
1035.653,2669.6625
1035.809,3119.1625
1035.964,3363.6625
1036.12,3254.6625
1036.276,3259.1625
1036.432,3250.1625
1036.587,2903.1625
1036.743,3205.6625
1036.899,3115.6625
1037.054,3137.1625
1037.21,3526.6625
1037.365,3505.6625
1037.521,3510.1625
1037.676,3478.1625
1037.832,3097.6625
1037.987,3242.1625
1038.143,3130.6625
1038.298,3531.6625
1038.453,3653.6625
1038.609,3906.1625
1038.764,3705.1625
1038.919,3826.6625
1039.074,4034.1625
1039.229,3402.6625
1039.385,3256.6625
1039.54,3616.1625
1039.695,3946.1625
1039.85,4063.6625
1040.005,4089.6625
1040.16,4549.6625
1040.315,4291.6625
1040.47,4198.1625
1040.625,3432.1625
1040.78,3607.1625
1040.935,3899.1625
1041.089,4014.6625
1041.244,4427.1625
1041.399,4408.1625
1041.554,4426.6625
1041.708,4689.1625
1041.863,4658.6625
1042.018,4879.6625
1042.172,5046.6625
1042.327,4265.1625
1042.481,4566.1625
1042.636,4743.6625
1042.791,5152.1625
1042.945,5164.1625
1043.099,5091.6625
1043.254,5031.1625
1043.408,5542.6625
1043.563,5628.6625
1043.717,5373.1625
1043.871,5218.6625
1044.025,5212.6625
1044.18,5021.6625
1044.334,5245.1625
1044.488,5307.6625
1044.642,5790.1625
1044.796,6639.1625
1044.95,6693.1625
1045.104,5896.1625
1045.258,6815.6625
1045.412,6742.1625
1045.566,6134.6625
1045.72,6383.6625
1045.874,5669.6625
1046.028,5852.1625
1046.182,5685.1625
1046.336,6044.1625
1046.489,6371.1625
1046.643,6701.1625
1046.797,6676.6625
1046.951,7442.1625
1047.104,7286.1625
1047.258,7378.1625
1047.411,7306.1625
1047.565,6863.6625
1047.719,6861.6625
1047.872,6609.1625
1048.026,6559.6625
1048.179,6622.1625
1048.332,6211.6625
1048.486,6080.1625
1048.639,7022.6625
1048.792,7665.1625
1048.946,7614.6625
1049.099,8579.1625
1049.252,8076.6625
1049.406,7737.6625
1049.559,8252.6625
1049.712,8527.6625
1049.865,8443.1625
1050.018,8032.1625
1050.171,7508.6625
1050.324,7589.1625
1050.477,7493.1625
1050.63,6882.6625
1050.783,7746.1625
1050.936,8014.6625
1051.089,7599.6625
1051.242,8371.1625
1051.394,8431.1625
1051.547,8295.6625
1051.7,8640.6625
1051.853,8627.6625
1052.005,9534.6625
1052.158,9278.6625
1052.311,10480.662
1052.463,9152.6625
1052.616,8873.6625
1052.768,8872.1625
1052.921,8728.6625
1053.073,9370.1625
1053.226,9132.6625
1053.378,9158.6625
1053.531,9034.1625
1053.683,9224.1625
1053.835,8481.1625
1053.988,6816.1625
